banc_888_id,super_class,cell_class,cell_type,side,nerve,body_part_effector,peripheral_target_type,cell_function,cell_function_detailed,neurotransmitter_predicted,neurotransmitter_score,neurotransmitter_verified,proofread,fafb_match,fafb_cell_type,neuromere
720575941350444592,motor,leg_motor_neuron,trochanter_flexor_MesoALN_posterior_soma,right,right_mesothoracic_leg_nerve,middle_leg,trochanter_flexor_muscle,leg_motor,flex_coxa_trochanter_joint,octopamine,0.5044,,TRUE,,,T2
720575941353301552,motor,leg_motor_neuron,sternal_posterior_rotator_miller_32,right,right_prothoracic_accessory_nerve,front_leg,sternal_posterior_rotator_muscle,leg_motor,move_coxa_posterior,octopamine,0.3155,,TRUE,,,T1
720575941390352388,motor,neck_motor_neuron,DProN9,left,left_dorsal_prothoracic_nerve,neck,neck_muscle,neck_motor,,octopamine,0.2867,glutamate,TRUE,,,T1
720575941391252886,motor,leg_motor_neuron,trochanter_flexor_posterior_soma_ProAN,right,right_prothoracic_accessory_nerve,front_leg,trochanter_flexor_muscle,leg_motor,flex_coxa_trochanter_joint,gaba,0.7825,,TRUE,,,T1
720575941391802372,motor,thoracic_abdominal_segmental_motor_neuron,ENXXX226,right,abdominal_nerve_trunk,thoracic_abdominal,unknown_thoracic_abdominal_segmental,,,octopamine,0.464,,TRUE,,,A4
720575941399300387,motor,abdomen_motor_neuron,EFFabg12,right,abdominal_nerve_trunk,abdomen,,,,gaba,0.5294,,TRUE,,,A6
720575941399414563,motor,leg_motor_neuron,trochanter_flexor_ProAN,right,right_prothoracic_accessory_nerve,front_leg,trochanter_flexor_muscle,leg_motor,flex_coxa_trochanter_joint,gaba,0.4733,,TRUE,,,T1
720575941402088304,motor,leg_motor_neuron,sternal_posterior_rotator,left,left_prothoracic_accessory_nerve,front_leg,sternal_posterior_rotator_muscle,leg_motor,move_coxa_posterior,gaba,0.4927,,TRUE,,,T1
720575941402749552,motor,antenna_motor_neuron,CB0873,left,left_antennal_nerve,"antenna, scape",antenna_muscle,antenna_motor,,octopamine,0.3992,,TRUE,720575940610792290,CB0873,
720575941402863216,motor,proboscis_motor_neuron,MN4a,right,right_maxillary-labial_nerve,proboscis,proboscis_m4a_muscle,proboscis_motor,proboscis_positioning,acetylcholine,0.3806,,TRUE,720575940607193986,MN4a,
720575941403875952,motor,abdomen_motor_neuron,EFFabg08,left,abdominal_nerve_trunk,abdomen,,,,acetylcholine,0.6346,,TRUE,,,A9
720575941404729712,motor,leg_motor_neuron,trochanter_flexor_MesoAN,right,right_mesothoracic_leg_nerve,middle_leg,trochanter_flexor_muscle,leg_motor,flex_coxa_trochanter_joint,acetylcholine,0.585,,TRUE,,,T2
720575941405886511,motor,abdomen_motor_neuron,EFFabg24,right,right_fourth_abdominal_nerve,abdomen,,,,acetylcholine,0.5032,,TRUE,,,A1
720575941406488494,motor,leg_motor_neuron,accessory_tibia_flexor_A,left,left_prothoracic_leg_nerve,front_leg,accessory_tibia_flexor_muscle,leg_motor,flex_femur_tibia_joint,gaba,0.5762,,TRUE,,,T1
720575941407469359,motor,haltere_motor_neuron,MNxm03,right,right_dorsal_metathoracic_nerve,haltere,,haltere_motor,,octopamine,0.4981,,TRUE,,,T2
720575941408338862,motor,leg_motor_neuron,tergotrochanter_extensor,left,left_ventral_prothoracic_nerve,front_leg,tergotrochanter_extensor_muscle,leg_motor,extend_coxa_trochanter_joint,gaba,0.3886,,TRUE,,,T1
720575941408576171,motor,abdomen_motor_neuron,EFFabg25,right,right_fourth_abdominal_nerve,abdomen,,,,gaba,0.6601,,TRUE,,,A2
720575941409035691,motor,leg_motor_neuron,accessory_tibia_flexor_A,left,left_metathoracic_leg_nerve,hind_leg,accessory_tibia_flexor_muscle,leg_motor,flex_femur_tibia_joint,gaba,0.3834,,TRUE,,,T3
720575941409042603,motor,leg_motor_neuron,tarsus_depressor_dipalpha_ventralU,left,left_mesothoracic_leg_nerve,middle_leg,tarsus_depressor_muscle,leg_motor,extend_tibia_tarsus_joint,gaba,0.7074,,TRUE,,,T2
720575941409044907,motor,abdomen_motor_neuron,EFFabg97f,left,abdominal_nerve_trunk,abdomen,,,,,0.0,,TRUE,,,
720575941409048235,motor,abdomen_motor_neuron,EFFabg97f,right,abdominal_nerve_trunk,abdomen,,,,acetylcholine,0.5173,,TRUE,,,A9
720575941409050795,motor,abdomen_motor_neuron,EFFabg19,left,abdominal_nerve_trunk,abdomen,,,,octopamine,0.7335,,TRUE,,,A4
720575941410034859,motor,leg_motor_neuron,accessory_tibia_flexor_A,right,right_metathoracic_leg_nerve,hind_leg,accessory_tibia_flexor_muscle,leg_motor,flex_femur_tibia_joint,acetylcholine,0.4158,,TRUE,,,T3
720575941410682479,motor,proboscis_motor_neuron,MN9,left,left_pharyngeal_nerve_or_accessory_pharyngeal_nerve,proboscis,proboscis_m9_muscle,proboscis_motor,proboscis_positioning,acetylcholine,0.3106,,TRUE,720575940618238523,MN9,
720575941411332719,motor,abdomen_motor_neuron,EFFabg06,right,abdominal_nerve_trunk,abdomen,,,,gaba,0.7455,,TRUE,,,A8
720575941411588719,motor,abdomen_motor_neuron,EFFabg18,left,abdominal_nerve_trunk,abdomen,,,,gaba,0.5322,,TRUE,,,A3
720575941411709073,motor,leg_motor_neuron,trochanter_extensor_LinJ,right,right_prothoracic_leg_nerve,front_leg,trochanter_extensor_muscle,leg_motor,extend_coxa_trochanter_joint,acetylcholine,0.3511,,TRUE,,,
720575941411838612,motor,leg_motor_neuron,long_tendon_muscle_B,left,left_prothoracic_leg_nerve,front_leg,long_tendon_muscle,leg_motor,pull_long_tendon,octopamine,0.3442,,TRUE,,,T1
720575941411866027,motor,abdomen_motor_neuron,EFFabg04,left,abdominal_nerve_trunk,abdomen,,,,gaba,0.4255,,TRUE,,,A9
720575941412001940,motor,pharynx_motor_neuron,MNx03,left,left_pharyngeal_nerve,pharynx,,pharynx_motor,,acetylcholine,0.5379,,TRUE,720575940624554170,MNx03,
720575941412439956,motor,abdomen_motor_neuron,EFFabg24,right,left_fourth_abdominal_nerve,abdomen,,,,glutamate,0.7239,,TRUE,,,A1
720575941414478484,motor,leg_motor_neuron,femur_reductor_dorsomedial_ribbon,left,left_metathoracic_leg_nerve,hind_leg,femur_reductor_muscle,leg_motor,unknown_leg_movement,gaba,0.3597,,TRUE,,,T3
720575941415020572,motor,leg_motor_neuron,long_tendon_muscle_ltm_B,left,left_metathoracic_leg_nerve,hind_leg,long_tendon_muscle,leg_motor,pull_long_tendon,gaba,0.4907,,TRUE,,,T3
720575941415175196,motor,leg_motor_neuron,femur_reductor_tiny,right,right_mesothoracic_leg_nerve,middle_leg,femur_reductor_muscle,leg_motor,unknown_leg_movement,,0.0,,TRUE,,,T2
720575941415606556,motor,abdomen_motor_neuron,EFFabg07,left,abdominal_nerve_trunk,abdomen,,,,acetylcholine,0.3686,,TRUE,,,A5
720575941425056084,motor,leg_motor_neuron,tarsus_depressor_B,right,right_mesothoracic_leg_nerve,middle_leg,tarsus_depressor_muscle,leg_motor,extend_tibia_tarsus_joint,,0.0,,TRUE,,,T2
720575941428327160,motor,leg_motor_neuron,long_tendon_muscle_B,right,right_metathoracic_leg_nerve,hind_leg,long_tendon_muscle,leg_motor,pull_long_tendon,acetylcholine,0.4092,,TRUE,,,T3
720575941428654255,motor,leg_motor_neuron,tergopleural_promotor_pleural_promotor_miller_28_30,right,right_dorsal_prothoracic_nerve,front_leg,tergopleural_promotor_muscle,leg_motor,move_coxa_anterior,gaba,0.4257,,TRUE,,,T1
720575941428762249,motor,neck_motor_neuron,CvN4,right,right_cervical_nerve,neck,ventral_longitudinal_2_muscle,neck_motor,neck_pitch,octopamine,0.4395,,TRUE,720575940631023099,CvN4,
720575941428991224,motor,pharynx_motor_neuron,MNx03,right,right_pharyngeal_nerve,pharynx,,pharynx_motor,,serotonin,0.4532,,TRUE,,MNx03,
720575941430029449,motor,leg_motor_neuron,accessory_tibia_flexor_B,right,right_prothoracic_leg_nerve,front_leg,accessory_tibia_flexor_muscle,leg_motor,flex_femur_tibia_joint,octopamine,0.5359,,TRUE,,,T1
720575941430258647,motor,proboscis_motor_neuron,MN6,left,left_maxillary-labial_nerve,proboscis,proboscis_m6_muscle,proboscis_motor,proboscis_positioning,acetylcholine,0.3433,,TRUE,720575940627410451,MN6,
720575941430401199,motor,pharynx_motor_neuron,MN11V,right,right_pharyngeal_nerve,pharynx,pharynx_m11v_muscle,pharynx_motor,pharyngeal_pumping,acetylcholine,0.6674,,TRUE,720575940635360924,MN11V,
720575941430524686,motor,abdomen_motor_neuron,EFFabg18,right,abdominal_nerve_trunk,abdomen,,,,,0.0,,TRUE,,,A3
720575941431154647,motor,leg_motor_neuron,accessory_tibia_flexor_A,right,right_metathoracic_leg_nerve,hind_leg,accessory_tibia_flexor_muscle,leg_motor,flex_femur_tibia_joint,gaba,0.5175,,TRUE,,,T3
720575941431160824,motor,leg_motor_neuron,tibia_flexor,left,left_metathoracic_leg_nerve,hind_leg,tibia_flexor_muscle,leg_motor,flex_femur_tibia_joint,gaba,0.4112,,TRUE,,,T3
720575941431865592,motor,abdomen_motor_neuron,MNad53,left,abdominal_nerve_trunk,abdomen,,,,gaba,0.4831,,TRUE,,,A7
720575941431976718,motor,leg_motor_neuron,femur_reductor,right,right_metathoracic_leg_nerve,hind_leg,femur_reductor_muscle,leg_motor,unknown_leg_movement,acetylcholine,0.5021,,TRUE,,,T3
720575941432491145,motor,wing_motor_neuron,DLM1-4,left,left_posterior_dorsal_mesothoracic_nerve,wing,dorsal_longitudinal_muscle,wing_power,,gaba,0.383,,TRUE,,,T1
720575941432965902,motor,leg_motor_neuron,tibia_extensor_FETi,right,right_mesothoracic_leg_nerve,middle_leg,tibia_extensor_muscle,leg_motor,extend_femur_tibia_joint,gaba,0.5942,,TRUE,,,T2
720575941433954446,motor,abdomen_motor_neuron,EFFabg13,left,abdominal_nerve_trunk,abdomen,,,,gaba,0.4653,,TRUE,,,A2
720575941434381710,motor,haltere_motor_neuron,hiii2 MN,left,left_first_abdominal_nerve,haltere,hiii2_muscle,haltere_steering,,gaba,0.3709,glutamate,TRUE,,,T3
720575941434753568,motor,leg_motor_neuron,tibia_flexor,right,right_mesothoracic_leg_nerve,middle_leg,tibia_flexor_muscle,leg_motor,flex_femur_tibia_joint,gaba,0.3843,,TRUE,,,T2
720575941435429676,motor,neck_motor_neuron,DProN7,right,right_dorsal_prothoracic_nerve,neck,neck_muscle,neck_motor,,gaba,0.4984,glutamate,TRUE,,,T1
720575941435766060,motor,abdomen_motor_neuron,EFFabg28,right,right_second_abdominal_nerve,abdomen,,,,acetylcholine,0.5606,,TRUE,,,A1
720575941435830546,motor,leg_motor_neuron,long_tendon_muscle_B,left,left_prothoracic_leg_nerve,front_leg,long_tendon_muscle,leg_motor,pull_long_tendon,gaba,0.3682,,TRUE,,,T1
720575941435859232,motor,leg_motor_neuron,tarsus_depressor_B,left,left_metathoracic_leg_nerve,hind_leg,tarsus_depressor_muscle,leg_motor,extend_tibia_tarsus_joint,glutamate,0.9217,,TRUE,,,T3
720575941435950734,motor,abdomen_motor_neuron,EFFabg08,right,abdominal_nerve_trunk,abdomen,,,,acetylcholine,0.5564,,TRUE,,,A9
720575941436428818,motor,salivary_motor_neuron,MN13,right,right_maxillary-labial_nerve,salivary_gland,m13_muscle,salivary_motor,salivation,serotonin,0.301,,TRUE,720575940623137818,MN13,
720575941436891103,motor,leg_motor_neuron,tarsus_levator_D,right,right_mesothoracic_leg_nerve,middle_leg,tarsus_levator_muscle,leg_motor,flex_tibia_tarsus_joint,gaba,0.7552,,TRUE,,,T2
720575941436910303,motor,thoracic_abdominal_segmental_motor_neuron,ENXXX226,left,left_fourth_abdominal_nerve,thoracic_abdominal,unknown_thoracic_abdominal_segmental,,,,0.0,,TRUE,,,A6
720575941436955103,motor,abdomen_motor_neuron,MNad26,right,right_first_abdominal_nerve,abdomen,,,,gaba,0.7251,,TRUE,,,T3
720575941436960735,motor,leg_motor_neuron,accessory_tibia_flexor_B,right,right_mesothoracic_leg_nerve,middle_leg,accessory_tibia_flexor_muscle,leg_motor,flex_femur_tibia_joint,gaba,0.7388,,TRUE,,,T2
720575941437588268,motor,antenna_motor_neuron,CB0723,left,left_antennal_nerve,"antenna, scape",antenna_muscle,antenna_motor,,octopamine,0.4494,,TRUE,720575940639021757,CB0723,
720575941437614933,motor,abdomen_motor_neuron,EFFabg18,left,abdominal_nerve_trunk,abdomen,,,,gaba,0.5088,,TRUE,,,A2
720575941438181205,motor,leg_motor_neuron,sternal_anterior_rotator_ventrolateral_ribbon,right,right_metathoracic_leg_nerve,hind_leg,sternal_anterior_rotator_muscle,leg_motor,move_coxa_anterior,acetylcholine,0.6567,,TRUE,,,T3
720575941438845919,motor,abdomen_motor_neuron,EFFabg28,right,right_second_abdominal_nerve,abdomen,,,,acetylcholine,0.4113,,TRUE,,,A1
720575941438919724,motor,abdomen_motor_neuron,EFFabg31,left,left_second_abdominal_nerve,abdomen,,,,gaba,0.816,,TRUE,,,A1
720575941439667986,motor,leg_motor_neuron,long_tendon_muscle_B_femur,right,right_prothoracic_leg_nerve,front_leg,long_tendon_muscle,leg_motor,pull_long_tendon,gaba,0.4522,,TRUE,,,T1
720575941439741119,motor,neck_motor_neuron,DProN1,right,right_dorsal_prothoracic_nerve,neck,dorsoventral_muscle_linking_cervical_sclerite_and_condyle_1,neck_motor,neck_roll,gaba,0.4961,glutamate,TRUE,,,T1
720575941442381738,motor,leg_motor_neuron,sternotrochanter_extensor_MesoLN_dorsal_3,left,left_mesothoracic_leg_nerve,middle_leg,sternotrochanter_extensor_muscle,leg_motor,extend_coxa_trochanter_joint,gaba,0.3453,,TRUE,,,T3
720575941443907754,motor,leg_motor_neuron,trochanter_extensor_LinJ,left,left_mesothoracic_leg_nerve,middle_leg,trochanter_extensor_muscle,leg_motor,extend_coxa_trochanter_joint,acetylcholine,0.4142,,TRUE,,,T2
720575941445324564,motor,leg_motor_neuron,accessory_trochanter_flexor_MetaLN,right,right_metathoracic_leg_nerve,hind_leg,accessory_trochanter_flexor_muscle,leg_motor,flex_coxa_trochanter_joint,acetylcholine,0.5266,,TRUE,,,T3
720575941447103669,motor,leg_motor_neuron,long_tendon_muscle_B_femur,right,right_metathoracic_leg_nerve,hind_leg,long_tendon_muscle,leg_motor,pull_long_tendon,gaba,0.641,,TRUE,,,T3
720575941447844430,motor,leg_motor_neuron,accessory_tibia_flexor_B,left,left_mesothoracic_leg_nerve,middle_leg,accessory_tibia_flexor_muscle,leg_motor,flex_femur_tibia_joint,gaba,0.6393,,TRUE,,,T2
720575941447846990,motor,leg_motor_neuron,accessory_tibia_flexor_A,right,right_prothoracic_leg_nerve,front_leg,accessory_tibia_flexor_muscle,leg_motor,flex_femur_tibia_joint,gaba,0.5662,,TRUE,,,T1
720575941448798133,motor,leg_motor_neuron,femur_reductor,right,right_prothoracic_leg_nerve,front_leg,femur_reductor_muscle,leg_motor,unknown_leg_movement,gaba,0.4202,,TRUE,,,T1
720575941448945757,motor,neck_motor_neuron,DProN3a,left,left_dorsal_prothoracic_nerve,neck,depressor_muscle,neck_motor,neck_roll,,0.0,,TRUE,,,T1
720575941448982862,motor,antenna_motor_neuron,CB0723,right,right_antennal_nerve,"antenna, scape",antenna_muscle,antenna_motor,,acetylcholine,0.6512,,TRUE,720575940622235930,CB0723,
720575941449780405,motor,proboscis_motor_neuron,MN1,left,left_maxillary-labial_nerve,proboscis,proboscis_m1_muscle,proboscis_motor,proboscis_positioning,gaba,0.5068,,TRUE,720575940615500030,MN1,
720575941450075463,motor,abdomen_motor_neuron,EFFabg34,right,left_second_abdominal_nerve,abdomen,,,,,0.0,,TRUE,,,A1
720575941450546857,motor,leg_motor_neuron,accessory_tibia_flexor_A,left,left_prothoracic_leg_nerve,front_leg,accessory_tibia_flexor_muscle,leg_motor,flex_femur_tibia_joint,gaba,0.4195,,TRUE,,,T1
720575941450561358,motor,leg_motor_neuron,trochanter_flexor_ProAN,right,right_prothoracic_accessory_nerve,front_leg,trochanter_flexor_muscle,leg_motor,flex_coxa_trochanter_joint,gaba,0.4434,,TRUE,,,T1
720575941451737978,motor,leg_motor_neuron,accessory_tibia_flexor_A_out_of_bundle,left,left_metathoracic_leg_nerve,hind_leg,accessory_tibia_flexor_muscle,leg_motor,flex_femur_tibia_joint,gaba,0.3604,,TRUE,,,T3
720575941451840425,motor,leg_motor_neuron,trochanter_flexor_ventrolateral_ribbon,right,right_metathoracic_leg_nerve,hind_leg,trochanter_flexor_muscle,leg_motor,flex_coxa_trochanter_joint,gaba,0.3983,,TRUE,,,T3
720575941452313651,motor,abdomen_motor_neuron,EFFabg12,right,abdominal_nerve_trunk,abdomen,,,,gaba,0.3163,,TRUE,,,A5
720575941452885043,motor,leg_motor_neuron,accessory_tibia_flexor_B,right,right_prothoracic_leg_nerve,front_leg,accessory_tibia_flexor_muscle,leg_motor,flex_femur_tibia_joint,gaba,0.3329,,TRUE,,,T1
720575941453512499,motor,abdomen_motor_neuron,MNad26,left,left_first_abdominal_nerve,abdomen,,,,acetylcholine,0.6443,,TRUE,,,T3
720575941454079539,motor,proboscis_motor_neuron,MN3L,right,right_pharyngeal_nerve_or_accessory_pharyngeal_nerve,proboscis,proboscis_m3l_muscle,proboscis_motor,proboscis_positioning,glutamate,0.3289,,TRUE,720575940645528430,MN3L,
720575941454080237,motor,leg_motor_neuron,long_tendon_muscle_A_dipalpha,right,right_mesothoracic_leg_nerve,middle_leg,long_tendon_muscle,leg_motor,pull_long_tendon,gaba,0.4088,,TRUE,,,T2
720575941454240169,motor,proboscis_motor_neuron,MN4b,right,right_maxillary-labial_nerve,proboscis,proboscis_m4b_muscle,proboscis_motor,proboscis_positioning,acetylcholine,0.2531,,TRUE,720575940629810748,MN4b,
720575941454380013,motor,proboscis_motor_neuron,MN6,right,right_maxillary-labial_nerve,proboscis,proboscis_m6_muscle,proboscis_motor,proboscis_positioning,octopamine,0.304,,TRUE,720575940628826128,MN6,
720575941454495145,motor,leg_motor_neuron,femur_reductor_dorsomedial_ribbon,left,left_metathoracic_leg_nerve,hind_leg,femur_reductor_muscle,leg_motor,unknown_leg_movement,acetylcholine,0.5624,,TRUE,,,T3
720575941454830131,motor,leg_motor_neuron,accessory_tibia_flexor_A,left,left_metathoracic_leg_nerve,hind_leg,accessory_tibia_flexor_muscle,leg_motor,flex_femur_tibia_joint,acetylcholine,0.4461,,TRUE,,,T3
720575941455715053,motor,neck_motor_neuron,VCvN3,right,right_ventral_cervical_nerve,neck,oblique_horizontal_muscle,neck_motor,neck_yaw,glutamate,0.3587,,TRUE,720575940620182181,VCvN3,
720575941455787245,motor,leg_motor_neuron,sternal_anterior_rotator,left,left_ventral_prothoracic_nerve,front_leg,sternal_anterior_rotator_muscle,leg_motor,move_coxa_anterior,gaba,0.3764,,TRUE,,,T1
720575941456201887,motor,wing_motor_neuron,iv1,left,left_anterior_dorsal_mesothoracic_nerve,wing,iv1_muscle,wing_steering,phasic_wing_steering,gaba,0.4812,,TRUE,,,T2
720575941456279021,motor,abdomen_motor_neuron,EFFabg29,right,left_second_abdominal_nerve,abdomen,,,,gaba,0.5827,,TRUE,,,A1
720575941457562694,motor,neck_motor_neuron,CvN3,right,right_cervical_nerve,neck,sclerite_rotator_muscle,neck_motor,neck_roll,gaba,0.3112,,TRUE,720575940628164612,CvN3,
720575941458041247,motor,thoracic_abdominal_segmental_motor_neuron,ENXXX226,right,abdominal_nerve_trunk,thoracic_abdominal,unknown_thoracic_abdominal_segmental,,,gaba,0.7368,,TRUE,,,A6
720575941458961604,motor,wing_motor_neuron,iii3,right,right_mesothoracic_accessory_nerve,wing,iii3_muscle,wing_steering,tonic_wing_steering,gaba,0.519,,TRUE,,,T2
720575941458992031,motor,leg_motor_neuron,trochanter_extensor,left,left_metathoracic_leg_nerve,hind_leg,trochanter_extensor_muscle,leg_motor,extend_coxa_trochanter_joint,gaba,0.6483,,TRUE,,,T3
720575941459347411,motor,wing_motor_neuron,iii4,left,left_mesothoracic_accessory_nerve,wing,iii4_muscle,wing_steering,phasic_wing_steering,gaba,0.4522,,TRUE,,,T2
720575941459422623,motor,leg_motor_neuron,tibia_flexor_Fast,left,left_mesothoracic_leg_nerve,middle_leg,tibia_flexor_muscle,leg_motor,flex_femur_tibia_joint,gaba,0.6344,,TRUE,,,T2
720575941459438224,motor,leg_motor_neuron,accessory_trochanter_flexor,right,right_mesothoracic_leg_nerve,middle_leg,accessory_trochanter_flexor_muscle,leg_motor,flex_coxa_trochanter_joint,glutamate,0.4071,,TRUE,,,T2
720575941459454704,motor,neck_motor_neuron,CvN7,left,left_cervical_nerve,neck,ventral_longitudinal_1_muscle,neck_motor,neck_pitch,acetylcholine,0.2881,,TRUE,720575940623457535,CvN7,
720575941460703245,motor,leg_motor_neuron,femur_reductor,left,left_prothoracic_leg_nerve,front_leg,femur_reductor_muscle,leg_motor,unknown_leg_movement,acetylcholine,0.4275,,TRUE,,,T1
720575941461139981,motor,abdomen_motor_neuron,EFFabg16,left,abdominal_nerve_trunk,abdomen,,,,acetylcholine,0.6946,,TRUE,,,A4
720575941461179859,motor,leg_motor_neuron,sternotrochanter_extensor_ventrolateral_ribbon,left,left_metathoracic_leg_nerve,hind_leg,sternotrochanter_extensor_muscle,leg_motor,extend_coxa_trochanter_joint,gaba,0.5394,,TRUE,,,T3
720575941461333648,motor,leg_motor_neuron,tergotrochanter_extensor,left,left_ventral_prothoracic_nerve,front_leg,tergotrochanter_extensor_muscle,leg_motor,extend_coxa_trochanter_joint,gaba,0.4336,,TRUE,,,T1
720575941461624845,motor,leg_motor_neuron,long_tendon_muscle_ltm_B,left,left_metathoracic_leg_nerve,hind_leg,long_tendon_muscle,leg_motor,pull_long_tendon,gaba,0.5633,,TRUE,,,T3
720575941462096528,motor,leg_motor_neuron,accessory_tibia_flexor_B,left,left_mesothoracic_leg_nerve,middle_leg,accessory_tibia_flexor_muscle,leg_motor,flex_femur_tibia_joint,gaba,0.5606,,TRUE,,,T2
720575941462808077,motor,proboscis_motor_neuron,MN2Db,right,right_maxillary-labial_nerve,proboscis,proboscis_m2db_muscle,proboscis_motor,proboscis_positioning,glutamate,0.5105,,TRUE,720575940617403622,MN2Db,
720575941463144336,motor,wing_motor_neuron,DLM1-4,right,right_posterior_dorsal_mesothoracic_nerve,wing,dorsal_longitudinal_muscle,wing_power,,gaba,0.4751,,TRUE,,,T1
720575941463652877,motor,abdomen_motor_neuron,EFFabg03,left,abdominal_nerve_trunk,abdomen,,,,octopamine,0.3696,,TRUE,,,A9
720575941463793552,motor,leg_motor_neuron,accessory_tibia_flexor_C,right,right_metathoracic_leg_nerve,hind_leg,accessory_tibia_flexor_muscle,leg_motor,flex_femur_tibia_joint,gaba,0.5225,,TRUE,,,T3
720575941463979533,motor,haltere_motor_neuron,hi2 MN,left,left_first_abdominal_nerve,haltere,hi2_muscle,haltere_steering,,gaba,0.47,glutamate,TRUE,,,T3
720575941464194902,motor,leg_motor_neuron,accessory_tibia_flexor_B,left,left_prothoracic_leg_nerve,front_leg,accessory_tibia_flexor_muscle,leg_motor,flex_femur_tibia_joint,gaba,0.601,,TRUE,,,T1
720575941464925462,motor,leg_motor_neuron,long_tendon_muscle_B,left,left_prothoracic_leg_nerve,front_leg,long_tendon_muscle,leg_motor,pull_long_tendon,gaba,0.4864,,TRUE,,,T1
720575941465021206,motor,thoracic_abdominal_segmental_motor_neuron,ENXXX226,right,right_second_abdominal_nerve,thoracic_abdominal,unknown_thoracic_abdominal_segmental,,,gaba,0.5808,,TRUE,,,T3
720575941466399830,motor,abdomen_motor_neuron,EFFabg04,right,abdominal_nerve_trunk,abdomen,,,,acetylcholine,0.4496,,TRUE,,,A9
720575941466521622,motor,abdomen_motor_neuron,EFFabg10,right,abdominal_nerve_trunk,abdomen,,,,acetylcholine,0.3764,,TRUE,,,A5
720575941468288375,motor,wing_motor_neuron,iv3,right,right_anterior_dorsal_mesothoracic_nerve,wing,iv3_muscle,wing_steering,phasic_wing_steering,gaba,0.4447,,TRUE,,,T2
720575941468687581,motor,leg_motor_neuron,tibia_extensor_FETi,left,left_mesothoracic_leg_nerve,middle_leg,tibia_extensor_muscle,leg_motor,extend_femur_tibia_joint,gaba,0.4703,,TRUE,,,T2
720575941468774667,motor,leg_motor_neuron,trochanter_flexor_ventrolateral_ribbon,left,left_metathoracic_leg_nerve,hind_leg,trochanter_flexor_muscle,leg_motor,flex_coxa_trochanter_joint,gaba,0.4293,,TRUE,,,
720575941468776971,motor,abdomen_motor_neuron,EFFabg20,left,abdominal_nerve_trunk,abdomen,,,,gaba,0.4058,,TRUE,,,A8
720575941468897856,motor,wing_motor_neuron,i1,right,right_anterior_dorsal_mesothoracic_nerve,wing,i1_muscle,wing_steering,phasic_wing_steering,gaba,0.4464,,TRUE,,,T2
720575941469045111,motor,leg_motor_neuron,accessory_tibia_flexor_B,right,right_prothoracic_leg_nerve,front_leg,accessory_tibia_flexor_muscle,leg_motor,flex_femur_tibia_joint,,0.0,,TRUE,,,T1
720575941469052535,motor,leg_motor_neuron,femur_reductor,left,left_prothoracic_leg_nerve,front_leg,femur_reductor_muscle,leg_motor,unknown_leg_movement,gaba,0.3291,,TRUE,,,T1
720575941470082423,motor,leg_motor_neuron,sternotrochanter_extensor_MesoLN_dorsal_3,right,right_mesothoracic_leg_nerve,middle_leg,sternotrochanter_extensor_muscle,leg_motor,extend_coxa_trochanter_joint,gaba,0.4223,,TRUE,,,T2
720575941470212471,motor,leg_motor_neuron,tibia_extensor_FETi,right,right_metathoracic_leg_nerve,hind_leg,tibia_extensor_muscle,leg_motor,extend_femur_tibia_joint,gaba,0.446,,TRUE,,,T3
720575941470371851,motor,leg_motor_neuron,femur_reductor,left,left_mesothoracic_leg_nerve,middle_leg,femur_reductor_muscle,leg_motor,unknown_leg_movement,gaba,0.5644,,TRUE,,,T2
720575941470698507,motor,crop_motor_neuron,CEM,left,left_pharyngeal_nerve_or_accessory_pharyngeal_nerve,crop,crop_muscle,crop_motor,crop_entry,,0.0,,TRUE,720575940640681680,CEM,
720575941471300448,motor,leg_motor_neuron,femur_reductor,left,left_mesothoracic_leg_nerve,middle_leg,femur_reductor_muscle,leg_motor,unknown_leg_movement,gaba,0.4417,,TRUE,,,T2
720575941471300960,motor,leg_motor_neuron,trochanter_flexor_MesoLN_ventral_3,left,left_mesothoracic_leg_nerve,middle_leg,trochanter_flexor_muscle,leg_motor,flex_coxa_trochanter_joint,gaba,0.3941,,TRUE,,,T2
720575941471301728,motor,leg_motor_neuron,tergotrochanter_extensor_PDMN,left,left_posterior_dorsal_mesothoracic_nerve,middle_leg,tergotrochanter_extensor_muscle,leg_motor,extend_coxa_trochanter_joint,acetylcholine,0.4678,,TRUE,,,T2
720575941471839296,motor,leg_motor_neuron,tibia_extensor_FETi,left,left_metathoracic_leg_nerve,hind_leg,tibia_extensor_muscle,leg_motor,extend_femur_tibia_joint,gaba,0.3955,,TRUE,,,T3
720575941472369783,motor,pharynx_motor_neuron,MN10,left,left_pharyngeal_nerve,pharynx,pharynx_m10_muscle,pharynx_motor,pharyngeal_pumping,serotonin,0.279,,TRUE,720575940622810153,MN10,
720575941472471099,motor,abdomen_motor_neuron,EFFabg10,right,abdominal_nerve_trunk,abdomen,,,,gaba,0.4829,,TRUE,,,A3
720575941472734048,motor,wing_motor_neuron,DVM1a-c,right,right_anterior_dorsal_mesothoracic_nerve,wing,dorsoventral_muscle,wing_power,,octopamine,0.455,,TRUE,,,T2
720575941474483249,motor,haltere_motor_neuron,hi1 MN,left,left_first_abdominal_nerve,haltere,hi1_muscle,haltere_motor,,acetylcholine,0.5797,,TRUE,,,T3
720575941474499377,motor,leg_motor_neuron,tibia_flexor,right,right_mesothoracic_leg_nerve,middle_leg,tibia_flexor_muscle,leg_motor,flex_femur_tibia_joint,acetylcholine,0.4308,,TRUE,,,T2
720575941474504478,motor,haltere_motor_neuron,hi2 MN,right,right_first_abdominal_nerve,haltere,hi2_muscle,haltere_steering,,gaba,0.4163,glutamate,TRUE,,,T3
720575941474569521,motor,pharynx_motor_neuron,MN12D,left,left_pharyngeal_nerve,pharynx,pharynx_m12d_muscle,pharynx_motor,pharyngeal_pumping,glutamate,0.2777,,TRUE,720575940615197747,MN12D,
720575941474574132,motor,wing_motor_neuron,b3,right,right_anterior_dorsal_mesothoracic_nerve,wing,b3_muscle,wing_steering,tonic_wing_steering,gaba,0.4789,,TRUE,,,T2
720575941474595370,motor,wing_motor_neuron,tpn,left,left_anterior_dorsal_mesothoracic_nerve,wing,tpn_muscle,wing_tension,,gaba,0.4215,,TRUE,,,T2
720575941474769204,motor,leg_motor_neuron,tergotrochanter_extensor_PDMN,left,left_posterior_dorsal_mesothoracic_nerve,middle_leg,tergotrochanter_extensor_muscle,leg_motor,extend_coxa_trochanter_joint,gaba,0.5285,,TRUE,,,T2
720575941475008577,motor,abdomen_motor_neuron,EFFabg17,left,abdominal_nerve_trunk,abdomen,,,,acetylcholine,0.6193,,TRUE,,,A3
720575941475275818,motor,abdomen_motor_neuron,EFFabg28,left,left_second_abdominal_nerve,abdomen,,,,gaba,0.4738,,TRUE,,,A1
720575941475362346,motor,abdomen_motor_neuron,MNabgxxF,right,abdominal_nerve_trunk,abdomen,,,,octopamine,0.4687,,TRUE,,,
720575941475389243,motor,abdomen_motor_neuron,EFFabg17,left,left_fourth_abdominal_nerve,abdomen,,,,acetylcholine,0.7649,,TRUE,,,A2
720575941475745898,motor,wing_motor_neuron,i2,right,right_anterior_dorsal_mesothoracic_nerve,wing,i2_muscle,wing_steering,tonic_wing_steering,gaba,0.4539,,TRUE,,,T2
720575941475791722,motor,leg_motor_neuron,long_tendon_muscle_A,right,right_metathoracic_leg_nerve,hind_leg,long_tendon_muscle,leg_motor,pull_long_tendon,,0.0,,TRUE,,,T3
720575941475795306,motor,abdomen_motor_neuron,EFFabg96f,right,abdominal_nerve_trunk,abdomen,,,,gaba,0.6481,,TRUE,,,
720575941476080948,motor,wing_motor_neuron,tp2,left,left_anterior_dorsal_mesothoracic_nerve,wing,tp2_muscle,wing_tension,,gaba,0.6815,,TRUE,,,T2
720575941476434996,motor,leg_motor_neuron,tergotrochanter_extensor_TT_PDMN,left,left_posterior_dorsal_mesothoracic_nerve,middle_leg,tergotrochanter_extensor_muscle,jump_escape,extend_coxa_trochanter_joint,octopamine,0.366,,TRUE,,,T2
720575941478122659,motor,leg_motor_neuron,tarsus_depressor_B,left,left_mesothoracic_leg_nerve,middle_leg,tarsus_depressor_muscle,leg_motor,extend_tibia_tarsus_joint,,0.0,,TRUE,,,T2
720575941478187841,motor,leg_motor_neuron,tibia_extensor_SETi,right,right_mesothoracic_leg_nerve,middle_leg,tibia_extensor_muscle,leg_motor,extend_femur_tibia_joint,glutamate,0.314,,TRUE,,,T2
720575941478281440,motor,leg_motor_neuron,tergotrochanter_extensor,right,right_ventral_prothoracic_nerve,front_leg,tergotrochanter_extensor_muscle,leg_motor,extend_coxa_trochanter_joint,gaba,0.4746,,TRUE,,,T1
720575941478307380,motor,leg_motor_neuron,femur_reductor,right,right_mesothoracic_leg_nerve,middle_leg,femur_reductor_muscle,leg_motor,unknown_leg_movement,octopamine,0.3885,,TRUE,,,T2
720575941478577231,motor,leg_motor_neuron,tibia_extensor_SETi,left,left_prothoracic_leg_nerve,front_leg,tibia_extensor_muscle,leg_motor,extend_femur_tibia_joint,gaba,0.3387,,TRUE,,,T1
720575941478578511,motor,neck_motor_neuron,DProN6,left,left_dorsal_prothoracic_nerve,neck,neck_muscle,neck_motor,,gaba,0.5125,glutamate,TRUE,,,T1
720575941478705204,motor,abdomen_motor_neuron,MNad40,left,left_second_abdominal_nerve,abdomen,,,,gaba,0.4863,,TRUE,,,A1
720575941478847262,motor,antenna_motor_neuron,CB0810,left,left_antennal_nerve,"antenna, scape",antenna_muscle,antenna_motor,,acetylcholine,0.6744,,TRUE,720575940621351412,CB0810,
720575941479034563,motor,wing_motor_neuron,DLM1-4,right,right_posterior_dorsal_mesothoracic_nerve,wing,dorsal_longitudinal_muscle,wing_power,,gaba,0.444,,TRUE,,,T1
720575941479099969,motor,thoracic_abdominal_segmental_motor_neuron,ENXXX226,right,abdominal_nerve_trunk,thoracic_abdominal,unknown_thoracic_abdominal_segmental,,,gaba,0.5898,,TRUE,,,A2
720575941479258563,motor,abdomen_motor_neuron,EFFabg98f,right,abdominal_nerve_trunk,abdomen,,,,gaba,0.5697,,TRUE,,,
720575941479276227,motor,abdomen_motor_neuron,EFFabg18,left,left_fourth_abdominal_nerve,abdomen,,,,gaba,0.3359,,TRUE,,,A1
720575941479472258,motor,leg_motor_neuron,accessory_tibia_flexor_B,left,left_prothoracic_leg_nerve,front_leg,accessory_tibia_flexor_muscle,leg_motor,flex_femur_tibia_joint,gaba,0.5203,,TRUE,,,T1
720575941479658831,motor,wing_motor_neuron,iv2,right,right_anterior_dorsal_mesothoracic_nerve,wing,iv2_muscle,wing_steering,phasic_wing_steering,gaba,0.4337,,TRUE,,,T2
720575941479728291,motor,leg_motor_neuron,tarsus_depressor_A,left,left_metathoracic_leg_nerve,hind_leg,tarsus_depressor_muscle,leg_motor,extend_tibia_tarsus_joint,gaba,0.6682,,TRUE,,,T3
720575941479987619,motor,leg_motor_neuron,long_tendon_muscle_B_femur,right,right_mesothoracic_leg_nerve,middle_leg,long_tendon_muscle,leg_motor,pull_long_tendon,gaba,0.5438,,TRUE,,,T2
720575941480138976,motor,leg_motor_neuron,sternal_anterior_rotator_MesoLN_ventral_2,right,right_mesothoracic_leg_nerve,middle_leg,sternal_anterior_rotator_muscle,leg_motor,move_coxa_anterior,gaba,0.4062,,TRUE,,,T2
720575941480482755,motor,leg_motor_neuron,tarsus_depressor_B,left,left_metathoracic_leg_nerve,hind_leg,tarsus_depressor_muscle,leg_motor,extend_tibia_tarsus_joint,,0.0,,TRUE,,,T3
720575941480581856,motor,proboscis_motor_neuron,MN5,left,left_pharyngeal_nerve_or_accessory_pharyngeal_nerve,proboscis,proboscis_m5_muscle,proboscis_motor,pharyngeal_pumping,serotonin,0.4159,,TRUE,720575940623390246,MN5,
720575941481071802,motor,leg_motor_neuron,tarsus_levator_D,right,right_mesothoracic_leg_nerve,middle_leg,tarsus_levator_muscle,leg_motor,flex_tibia_tarsus_joint,acetylcholine,0.3217,,TRUE,,,T2
720575941481179066,motor,leg_motor_neuron,tibia_flexor_Fast,left,left_prothoracic_leg_nerve,front_leg,tibia_flexor_muscle,leg_motor,flex_femur_tibia_joint,gaba,0.5519,,TRUE,,,T1
720575941481425026,motor,abdomen_motor_neuron,EFFabg12,right,abdominal_nerve_trunk,abdomen,,,,octopamine,0.3228,,TRUE,,,A4
720575941481583814,motor,leg_motor_neuron,accessory_trochanter_flexor,left,left_mesothoracic_leg_nerve,middle_leg,accessory_trochanter_flexor_muscle,leg_motor,flex_coxa_trochanter_joint,gaba,0.505,,TRUE,,,T2
720575941481621501,motor,leg_motor_neuron,sternal_posterior_rotator_dorsomedial_ribbon,right,right_metathoracic_leg_nerve,hind_leg,sternal_posterior_rotator_muscle,leg_motor,move_coxa_posterior,acetylcholine,0.4824,,TRUE,,,T3
720575941481634383,motor,leg_motor_neuron,sternotrochanter_extensor_ventrolateral_ribbon,left,left_metathoracic_leg_nerve,hind_leg,sternotrochanter_extensor_muscle,leg_motor,extend_coxa_trochanter_joint,acetylcholine,0.4648,,TRUE,,,T3
720575941482859718,motor,leg_motor_neuron,tarsus_depressor_B,left,left_metathoracic_leg_nerve,hind_leg,tarsus_depressor_muscle,leg_motor,extend_tibia_tarsus_joint,,0.0,,TRUE,,,T3
720575941483452346,motor,abdomen_motor_neuron,EFFabg16,right,abdominal_nerve_trunk,abdomen,,,,acetylcholine,0.6074,,TRUE,,,A4
720575941483515389,motor,leg_motor_neuron,trochanter_extensor_LinJ,left,left_prothoracic_leg_nerve,front_leg,trochanter_extensor_muscle,leg_motor,extend_coxa_trochanter_joint,gaba,0.3741,,TRUE,,,T1
720575941483728326,motor,leg_motor_neuron,femur_reductor,left,left_mesothoracic_leg_nerve,middle_leg,femur_reductor_muscle,leg_motor,unknown_leg_movement,gaba,0.4249,,TRUE,,,T2
720575941483752077,motor,leg_motor_neuron,long_tendon_muscle_A,left,left_metathoracic_leg_nerve,hind_leg,long_tendon_muscle,leg_motor,pull_long_tendon,gaba,0.4655,,TRUE,,,
720575941483845954,motor,wing_motor_neuron,iv3,left,left_anterior_dorsal_mesothoracic_nerve,wing,iv3_muscle,wing_steering,phasic_wing_steering,gaba,0.432,,TRUE,,,T2
720575941483849869,motor,haltere_motor_neuron,hi1 MN,right,right_first_abdominal_nerve,haltere,hi1_muscle,haltere_motor,,gaba,0.3959,,TRUE,,,T3
720575941483932045,motor,crop_motor_neuron,CEM,right,right_pharyngeal_nerve_or_accessory_pharyngeal_nerve,crop,crop_muscle,crop_motor,crop_entry,,0.0,,TRUE,720575940628781333,CEM,
720575941484004550,motor,pharynx_motor_neuron,MNx05,right,right_pharyngeal_nerve,pharynx,,pharynx_motor,,serotonin,0.8445,,TRUE,720575940628096586,MNx05,
720575941484865346,motor,leg_motor_neuron,accessory_tibia_flexor_B,left,left_metathoracic_leg_nerve,hind_leg,accessory_tibia_flexor_muscle,leg_motor,flex_femur_tibia_joint,gaba,0.4948,,TRUE,,,T3
720575941484914498,motor,proboscis_motor_neuron,MN2Da,left,left_maxillary-labial_nerve,proboscis,proboscis_m2da_muscle,proboscis_motor,proboscis_positioning,gaba,0.4007,,TRUE,720575940628998659,MN2Da,
720575941485233616,motor,leg_motor_neuron,tarsus_depressor_B,right,right_mesothoracic_leg_nerve,middle_leg,tarsus_depressor_muscle,leg_motor,extend_tibia_tarsus_joint,,0.0,,TRUE,,,T2
720575941485371458,motor,abdomen_motor_neuron,EFFabg19,right,left_fourth_abdominal_nerve,abdomen,,,,gaba,0.4823,,TRUE,,,A1
720575941486064962,motor,leg_motor_neuron,femur_reductor,left,left_prothoracic_leg_nerve,front_leg,femur_reductor_muscle,leg_motor,unknown_leg_movement,acetylcholine,0.3461,,TRUE,,,T1
720575941486464066,motor,haltere_motor_neuron,MNhm03,left,left_first_abdominal_nerve,haltere,haltere_basalare_muscle,haltere_steering,unknown_haltere,glutamate,0.5919,glutamate,TRUE,,,T3
720575941486583046,motor,leg_motor_neuron,long_tendon_muscle_B,right,right_metathoracic_leg_nerve,hind_leg,long_tendon_muscle,leg_motor,pull_long_tendon,acetylcholine,0.5868,,TRUE,,,T3
720575941487139138,motor,wing_motor_neuron,DVM3a-b,right,right_posterior_dorsal_mesothoracic_nerve,wing,dorsoventral_muscle,wing_power,,gaba,0.4523,,TRUE,,,T1
720575941487732432,motor,leg_motor_neuron,accessory_tibia_flexor_B,left,left_metathoracic_leg_nerve,hind_leg,accessory_tibia_flexor_muscle,leg_motor,flex_femur_tibia_joint,gaba,0.5766,,TRUE,,,T3
720575941487752144,motor,leg_motor_neuron,tibia_flexor,left,left_metathoracic_leg_nerve,hind_leg,tibia_flexor_muscle,leg_motor,flex_femur_tibia_joint,gaba,0.4121,,TRUE,,,
720575941487818293,motor,abdomen_motor_neuron,EFFabg30,right,left_second_abdominal_nerve,abdomen,,,,octopamine,0.3861,,TRUE,,,A1
720575941487929909,motor,abdomen_motor_neuron,EFFabg12,right,right_fourth_abdominal_nerve,abdomen,,,,glutamate,0.5147,,TRUE,,,A2
720575941488203209,motor,leg_motor_neuron,long_tendon_muscle_B,right,right_prothoracic_leg_nerve,front_leg,long_tendon_muscle,leg_motor,pull_long_tendon,gaba,0.3494,,TRUE,,,T1
720575941488205769,motor,leg_motor_neuron,tibia_flexor,left,left_prothoracic_leg_nerve,front_leg,tibia_flexor_muscle,leg_motor,flex_femur_tibia_joint,acetylcholine,0.2871,,TRUE,,,T1
720575941488244169,motor,abdomen_motor_neuron,EFFabg21,left,abdominal_nerve_trunk,abdomen,,,,gaba,0.6554,,TRUE,,,A9
720575941488266441,motor,abdomen_motor_neuron,EFFabg13,left,left_fourth_abdominal_nerve,abdomen,,,,gaba,0.6739,,TRUE,,,A2
720575941488287797,motor,leg_motor_neuron,tibia_extensor_FETi,right,right_prothoracic_leg_nerve,front_leg,tibia_extensor_muscle,leg_motor,extend_femur_tibia_joint,gaba,0.549,,TRUE,,,T1
720575941488644300,motor,leg_motor_neuron,sternotrochanter_extensor_dorsomedial_ribbon,right,right_metathoracic_leg_nerve,hind_leg,sternotrochanter_extensor_muscle,leg_motor,extend_coxa_trochanter_joint,acetylcholine,0.5774,,TRUE,,,T3
720575941488656332,motor,abdomen_motor_neuron,EFFabg99f,left,abdominal_nerve_trunk,abdomen,,,,octopamine,0.414,,TRUE,,,
720575941488989129,motor,haltere_motor_neuron,hi1 MN,left,left_first_abdominal_nerve,haltere,hi1_muscle,haltere_steering,,acetylcholine,0.3625,glutamate,TRUE,,,T3
720575941489123047,motor,leg_motor_neuron,long_tendon_muscle_B,left,left_prothoracic_leg_nerve,front_leg,long_tendon_muscle,leg_motor,pull_long_tendon,gaba,0.488,,TRUE,,,T1
720575941489125351,motor,neck_motor_neuron,DProN2,left,left_dorsal_prothoracic_nerve,neck,dorsoventral_muscle_linking_cervical_sclerite_and_condyle_2,neck_motor,neck_roll,gaba,0.435,glutamate,TRUE,,,T1
720575941489144039,motor,abdomen_motor_neuron,EFFabg15,left,abdominal_nerve_trunk,abdomen,,,,octopamine,0.5349,,TRUE,,,A4
720575941489332169,motor,neck_motor_neuron,DProN4,right,right_dorsal_prothoracic_nerve,neck,levator_muscle,neck_motor,neck_roll,gaba,0.3675,glutamate,TRUE,,,T1
720575941489671625,motor,abdomen_motor_neuron,EFFabg19,left,right_fourth_abdominal_nerve,abdomen,,,,octopamine,0.364,,TRUE,,,A1
720575941489673420,motor,wing_motor_neuron,iii1,left,left_mesothoracic_accessory_nerve,wing,iii1_muscle,wing_steering,phasic_wing_steering,gaba,0.5263,,TRUE,,,T2
720575941489684937,motor,leg_motor_neuron,long_tendon_muscle_A,right,right_metathoracic_leg_nerve,hind_leg,long_tendon_muscle,leg_motor,pull_long_tendon,,0.0,,TRUE,,,T3
720575941490091470,motor,abdomen_motor_neuron,EFFabg26,right,right_fourth_abdominal_nerve,abdomen,,,,histamine,0.3109,,TRUE,,,A1
720575941490687689,motor,abdomen_motor_neuron,EFFabg22,left,abdominal_nerve_trunk,abdomen,,,,acetylcholine,0.6034,,TRUE,,,A5
720575941491272393,motor,leg_motor_neuron,trochanter_flexor_ventrolateral_ribbon,left,left_metathoracic_leg_nerve,hind_leg,trochanter_flexor_muscle,leg_motor,flex_coxa_trochanter_joint,gaba,0.413,,TRUE,,,T3
720575941491293415,motor,leg_motor_neuron,sternal_posterior_rotator_MesoLN_dorsal_5,right,right_mesothoracic_leg_nerve,middle_leg,sternal_posterior_rotator_muscle,leg_motor,move_coxa_posterior,gaba,0.3523,,TRUE,,,T2
720575941491494606,motor,leg_motor_neuron,long_tendon_muscle_A_dipalpha,left,left_mesothoracic_leg_nerve,middle_leg,long_tendon_muscle,leg_motor,pull_long_tendon,acetylcholine,0.4599,,TRUE,,,T2
720575941492017790,motor,neck_motor_neuron,"CvN1,CvN2",left,left_cervical_nerve,neck,oblique_horizontal_muscle_or_transverse_horizontal_muscle,neck_motor,neck_yaw,acetylcholine,0.3569,,TRUE,720575940622008560,"CvN1,CvN2",
720575941492158414,motor,pharynx_motor_neuron,MNx05,left,left_pharyngeal_nerve,pharynx,,pharynx_motor,,serotonin,0.4177,,TRUE,720575940622137633,MNx05,
720575941492266110,motor,unknown_motor_neuron,MNxm02,left,left_dorsal_metathoracic_nerve,unknown,,,,glutamate,0.4168,,TRUE,,,T2
720575941492452222,motor,neck_motor_neuron,DProN4,left,left_dorsal_prothoracic_nerve,neck,levator_muscle,neck_motor,neck_roll,acetylcholine,0.4213,glutamate,TRUE,,,T1
720575941492529278,motor,abdomen_motor_neuron,EFFabg33,left,left_second_abdominal_nerve,abdomen,,,,,0.0,,TRUE,,,A1
720575941493231536,motor,leg_motor_neuron,tibia_extensor_SETi,left,left_metathoracic_leg_nerve,hind_leg,tibia_extensor_muscle,leg_motor,extend_femur_tibia_joint,acetylcholine,0.4592,,TRUE,,,T3
720575941493508551,motor,neck_motor_neuron,DProN8,left,left_dorsal_prothoracic_nerve,neck,neck_muscle,neck_motor,,gaba,0.4833,glutamate,TRUE,,,T1
720575941494146176,motor,leg_motor_neuron,accessory_tibia_flexor_B,right,right_prothoracic_leg_nerve,front_leg,accessory_tibia_flexor_muscle,leg_motor,flex_femur_tibia_joint,gaba,0.5063,,TRUE,,,T1
720575941494164864,motor,leg_motor_neuron,pleural_remotor_and_abductor,left,left_prothoracic_accessory_nerve,front_leg,pleural_remotor_and_abductor_muscle,leg_motor,move_coxa_posterior_lateral,acetylcholine,0.3638,,TRUE,,,T1
720575941494208128,motor,proboscis_motor_neuron,MN4a,right,right_maxillary-labial_nerve,proboscis,proboscis_m4a_muscle,proboscis_motor,proboscis_positioning,acetylcholine,0.7983,,TRUE,720575940629561347,MN4a,
720575941494740094,motor,leg_motor_neuron,sternal_anterior_rotator_ventrolateral_ribbon,left,left_metathoracic_leg_nerve,hind_leg,sternal_anterior_rotator_muscle,leg_motor,move_coxa_anterior,acetylcholine,0.3705,,TRUE,,,T3
720575941494963582,motor,leg_motor_neuron,femur_reductor,left,left_mesothoracic_leg_nerve,middle_leg,femur_reductor_muscle,leg_motor,unknown_leg_movement,acetylcholine,0.6004,,TRUE,,,
720575941495589499,motor,abdomen_motor_neuron,EFFabg96f,left,abdominal_nerve_trunk,abdomen,,,,octopamine,0.3458,,TRUE,,,A8
720575941495645819,motor,unknown_thoracic_abdominal_motor_neuron,ENXXX226,left,left_dorsal_metathoracic_nerve,thoracic_abdominal,unknown_thoracic_abdominal_segmental,,,serotonin,0.4229,,TRUE,,,T2
720575941495864905,motor,neck_motor_neuron,CvN7,left,right_cervical_nerve,neck,ventral_longitudinal_1_muscle,neck_motor,neck_pitch,gaba,0.2858,,TRUE,720575940640640061,CvN7,
720575941495969479,motor,abdomen_motor_neuron,EFFabg03,right,abdominal_nerve_trunk,abdomen,,,,octopamine,0.5653,,TRUE,,,A9
720575941496126793,motor,leg_motor_neuron,tarsus_depressor_B,right,right_prothoracic_leg_nerve,front_leg,tarsus_depressor_muscle,leg_motor,extend_tibia_tarsus_joint,gaba,0.5915,,TRUE,,,T1
720575941496149473,motor,leg_motor_neuron,accessory_tibia_flexor_B,right,right_metathoracic_leg_nerve,hind_leg,accessory_tibia_flexor_muscle,leg_motor,flex_femur_tibia_joint,acetylcholine,0.501,,TRUE,,,T3
720575941496173947,motor,leg_motor_neuron,long_tendon_muscle_ltm_B,left,left_metathoracic_leg_nerve,hind_leg,long_tendon_muscle,leg_motor,pull_long_tendon,gaba,0.4272,,TRUE,,,T3
720575941496963657,motor,abdomen_motor_neuron,EFFabg14,left,abdominal_nerve_trunk,abdomen,,,,gaba,0.7926,,TRUE,,,A3
720575941497037218,motor,leg_motor_neuron,accessory_trochanter_flexor,left,left_metathoracic_leg_nerve,hind_leg,accessory_trochanter_flexor_muscle,leg_motor,flex_coxa_trochanter_joint,,0.0,,TRUE,,,T3
720575941497568199,motor,leg_motor_neuron,tibia_flexor,left,left_prothoracic_leg_nerve,front_leg,tibia_flexor_muscle,leg_motor,flex_femur_tibia_joint,gaba,0.5202,,TRUE,,,T1
720575941497863497,motor,leg_motor_neuron,tibia_extensor_SETi,left,left_mesothoracic_leg_nerve,middle_leg,tibia_extensor_muscle,leg_motor,extend_femur_tibia_joint,gaba,0.5715,,TRUE,,,T2
720575941497881417,motor,leg_motor_neuron,tibia_flexor,left,left_mesothoracic_leg_nerve,middle_leg,tibia_flexor_muscle,leg_motor,flex_femur_tibia_joint,acetylcholine,0.5072,,TRUE,,,T2
720575941498727035,motor,hind_leg_motor_neuron,MNhl88,left,left_metathoracic_leg_nerve,haltere,,leg_motor,,gaba,0.4775,,TRUE,,,T3
720575941498748489,motor,leg_motor_neuron,sternal_posterior_rotator_dorsomedial_ribbon,right,right_metathoracic_leg_nerve,hind_leg,sternal_posterior_rotator_muscle,leg_motor,move_coxa_posterior,acetylcholine,0.792,,TRUE,,,T3
720575941498915401,motor,haltere_motor_neuron,MNhm43,left,left_first_abdominal_nerve,haltere,haltere_basalare_muscle,haltere_steering,unknown_haltere,gaba,0.5214,glutamate,TRUE,,,T3
720575941498960546,motor,leg_motor_neuron,tergopleural_promotor_pleural_promotor,left,left_dorsal_prothoracic_nerve,front_leg,tergopleural_promotor_muscle,leg_motor,move_coxa_anterior,acetylcholine,0.4469,,TRUE,,,T1
720575941499505803,motor,abdomen_motor_neuron,EFFabg16,left,abdominal_nerve_trunk,abdomen,,,,gaba,0.4322,,TRUE,,,A4
720575941499558369,motor,wing_motor_neuron,DVM3a-b,right,right_posterior_dorsal_mesothoracic_nerve,wing,dorsoventral_muscle,wing_power,,octopamine,0.3703,,TRUE,,,T1
720575941499865211,motor,leg_motor_neuron,accessory_tibia_flexor_C,left,left_metathoracic_leg_nerve,hind_leg,accessory_tibia_flexor_muscle,leg_motor,flex_femur_tibia_joint,gaba,0.5932,,TRUE,,,T3
720575941499964555,motor,leg_motor_neuron,sternal_adductor_ProAN,right,right_prothoracic_accessory_nerve,front_leg,sternal_adductor_muscle,leg_motor,move_coxa_medial,octopamine,0.5629,,TRUE,,,T1
720575941500579913,motor,leg_motor_neuron,tergotrochanter_extensor_TT,right,right_posterior_dorsal_mesothoracic_nerve,middle_leg,tergotrochanter_extensor_muscle,jump_escape,extend_coxa_trochanter_joint,gaba,0.6617,,TRUE,,,T2
720575941501027819,motor,wing_motor_neuron,PS2,left,left_mesothoracic_accessory_nerve,wing,ps2_muscle,wing_tension,,gaba,0.4953,,TRUE,,,T2
720575941501585899,motor,pharynx_motor_neuron,MN12D,right,right_pharyngeal_nerve,pharynx,pharynx_m12d_muscle,pharynx_motor,pharyngeal_pumping,acetylcholine,0.3972,,TRUE,720575940645527918,MN12D,
720575941501684418,motor,abdomen_motor_neuron,EFFabg26,left,left_fourth_abdominal_nerve,abdomen,,,,gaba,0.5954,,TRUE,,,A1
720575941501694402,motor,abdomen_motor_neuron,EFFabg10,left,abdominal_nerve_trunk,abdomen,,,,acetylcholine,0.505,,TRUE,,,A4
720575941501921419,motor,leg_motor_neuron,tibia_flexor,left,left_mesothoracic_leg_nerve,middle_leg,tibia_flexor_muscle,leg_motor,flex_femur_tibia_joint,gaba,0.4832,,TRUE,,,T2
720575941501926706,motor,leg_motor_neuron,long_tendon_muscle_B,right,right_prothoracic_leg_nerve,front_leg,long_tendon_muscle,leg_motor,pull_long_tendon,gaba,0.3611,,TRUE,,,T1
720575941501929010,motor,leg_motor_neuron,long_tendon_muscle_A,left,left_prothoracic_leg_nerve,front_leg,long_tendon_muscle,leg_motor,pull_long_tendon,gaba,0.7203,,TRUE,,,T1
720575941501934423,motor,leg_motor_neuron,femur_reductor,right,right_metathoracic_leg_nerve,hind_leg,femur_reductor_muscle,leg_motor,unknown_leg_movement,gaba,0.4987,,TRUE,,,
720575941502691819,motor,neck_motor_neuron,DProN1,left,left_dorsal_prothoracic_nerve,neck,dorsoventral_muscle_linking_cervical_sclerite_and_condyle_1,neck_motor,neck_roll,gaba,0.408,glutamate,TRUE,,,T1
720575941502737899,motor,abdomen_motor_neuron,EFFabg14,left,left_fourth_abdominal_nerve,abdomen,,,,,0.0,,TRUE,,,A2
720575941502759767,motor,leg_motor_neuron,femur_reductor_tiny,left,left_metathoracic_leg_nerve,hind_leg,femur_reductor_muscle,leg_motor,unknown_leg_movement,gaba,0.5327,,TRUE,,,T3
720575941502849623,motor,leg_motor_neuron,trochanter_extensor_LinJ,left,left_metathoracic_leg_nerve,hind_leg,trochanter_extensor_muscle,leg_motor,extend_coxa_trochanter_joint,gaba,0.6305,,TRUE,,,T3
720575941503128626,motor,leg_motor_neuron,tarsus_depressor_dipalpha_ventralU,right,right_metathoracic_leg_nerve,hind_leg,tarsus_depressor_muscle,leg_motor,extend_tibia_tarsus_joint,gaba,0.4538,,TRUE,,,T3
720575941503422187,motor,leg_motor_neuron,sternal_adductor_MetaAN,right,right_first_abdominal_nerve,hind_leg,sternal_adductor_muscle,leg_motor,move_coxa_medial,gaba,0.6313,,TRUE,,,T3
720575941503444162,motor,abdomen_motor_neuron,EFFabg97f,right,abdominal_nerve_trunk,abdomen,,,,,0.0,,TRUE,,,
720575941503531058,motor,abdomen_motor_neuron,EFFabg96f,right,abdominal_nerve_trunk,abdomen,,,,acetylcholine,0.7872,,TRUE,,,A8
720575941503713003,motor,pharynx_motor_neuron,MNx01,left,right_pharyngeal_nerve,pharynx,,pharynx_motor,,glutamate,0.5703,,TRUE,720575940631999080,MNx01,
720575941504200613,motor,neck_motor_neuron,DProN5,left,left_dorsal_prothoracic_nerve,neck,adductor_muscle,neck_motor,neck_roll_pitch,gaba,0.3925,glutamate,TRUE,,,T1
720575941504396567,motor,leg_motor_neuron,trochanter_flexor_VProN,right,right_ventral_prothoracic_nerve,front_leg,trochanter_flexor_muscle,leg_motor,flex_coxa_trochanter_joint,gaba,0.4965,,TRUE,,,T1
720575941504654274,motor,pharynx_motor_neuron,MN10,right,right_pharyngeal_nerve,pharynx,pharynx_m10_muscle,pharynx_motor,pharyngeal_pumping,serotonin,0.3955,,TRUE,720575940628743752,MN10,
720575941504763842,motor,abdomen_motor_neuron,EFFabg33,left,left_second_abdominal_nerve,abdomen,,,,acetylcholine,0.4727,,TRUE,,,A1
720575941505101125,motor,abdomen_motor_neuron,EFFabg21,right,abdominal_nerve_trunk,abdomen,,,,acetylcholine,0.4432,,TRUE,,,A4
720575941505102917,motor,abdomen_motor_neuron,EFFabg97f,left,abdominal_nerve_trunk,abdomen,,,,,0.0,,TRUE,,,
720575941505496610,motor,leg_motor_neuron,accessory_tibia_flexor_B,left,left_mesothoracic_leg_nerve,middle_leg,accessory_tibia_flexor_muscle,leg_motor,flex_femur_tibia_joint,gaba,0.6975,,TRUE,,,T2
720575941505568069,motor,leg_motor_neuron,trochanter_flexor_ProAN,right,right_prothoracic_accessory_nerve,front_leg,trochanter_flexor_muscle,leg_motor,flex_coxa_trochanter_joint,acetylcholine,0.4839,,TRUE,,,T1
720575941505580066,motor,leg_motor_neuron,femur_reductor,right,right_mesothoracic_leg_nerve,middle_leg,femur_reductor_muscle,leg_motor,unknown_leg_movement,gaba,0.5135,,TRUE,,,T2
720575941505660801,motor,leg_motor_neuron,long_tendon_muscle_B,left,left_prothoracic_leg_nerve,front_leg,long_tendon_muscle,leg_motor,pull_long_tendon,gaba,0.3746,,TRUE,,,T3
720575941505891422,motor,leg_motor_neuron,accessory_tibia_flexor_A,right,right_mesothoracic_leg_nerve,middle_leg,accessory_tibia_flexor_muscle,leg_motor,flex_femur_tibia_joint,gaba,0.411,,TRUE,,,T2
720575941506034049,motor,leg_motor_neuron,sternotrochanter_extensor_MesoLN_dorsal_3,right,right_mesothoracic_leg_nerve,middle_leg,sternotrochanter_extensor_muscle,leg_motor,extend_coxa_trochanter_joint,acetylcholine,0.59,,TRUE,,,T2
720575941506261538,motor,leg_motor_neuron,tergopleural_promotor_pleural_promotor,left,left_dorsal_prothoracic_nerve,front_leg,tergopleural_promotor_muscle,leg_motor,move_coxa_anterior,gaba,0.5661,,TRUE,,,T1
720575941507031612,motor,leg_motor_neuron,sternotrochanter_extensor,left,left_ventral_prothoracic_nerve,front_leg,sternotrochanter_extensor_muscle,leg_motor,extend_coxa_trochanter_joint,gaba,0.3924,,TRUE,,,T1
720575941507184478,motor,thoracic_abdominal_segmental_motor_neuron,ENXXX226,right,abdominal_nerve_trunk,thoracic_abdominal,unknown_thoracic_abdominal_segmental,,,,0.0,,TRUE,,,A5
720575941507209029,motor,leg_motor_neuron,long_tendon_muscle_B,right,right_metathoracic_leg_nerve,hind_leg,long_tendon_muscle,leg_motor,pull_long_tendon,acetylcholine,0.4087,,TRUE,,,T3
720575941507883649,motor,leg_motor_neuron,femur_reductor_tiny,right,right_mesothoracic_leg_nerve,middle_leg,femur_reductor_muscle,leg_motor,unknown_leg_movement,,0.0,,TRUE,,,T2
720575941507894032,motor,abdomen_motor_neuron,EFFabg28,right,right_second_abdominal_nerve,abdomen,,,,histamine,0.3947,,TRUE,,,A1
720575941507987877,motor,neck_motor_neuron,"CvN1,CvN2",right,right_cervical_nerve,neck,oblique_horizontal_muscle_or_transverse_horizontal_muscle,neck_motor,neck_yaw,acetylcholine,0.3732,,TRUE,720575940631715896,"CvN1,CvN2",
720575941508146978,motor,antenna_motor_neuron,CB0750,right,right_antennal_nerve,"antenna, scape",antenna_muscle,antenna_motor,,acetylcholine,0.6333,,TRUE,720575940637662697,CB0750,
720575941508147234,motor,neck_motor_neuron,"VCvN1,VCvN2",right,right_ventral_cervical_nerve,neck,oblique_horizontal_muscle,neck_motor,neck_yaw,acetylcholine,0.6662,,TRUE,720575940607641010,"VCvN1,VCvN2",
720575941508147746,motor,neck_motor_neuron,CvN5,right,right_cervical_nerve,neck,ventral_longitudinal_1_muscle,neck_motor,neck_pitch,gaba,0.3315,,TRUE,720575940650119289,CvN5,
720575941508205185,motor,leg_motor_neuron,femur_reductor_tiny,left,left_prothoracic_leg_nerve,front_leg,femur_reductor_muscle,leg_motor,unknown_leg_movement,,0.0,,TRUE,,,T1
720575941508227874,motor,abdomen_motor_neuron,EFFabg14,right,abdominal_nerve_trunk,abdomen,,,,gaba,0.4785,,TRUE,,,A4
720575941508440193,motor,leg_motor_neuron,tibia_flexor_Fast,left,left_metathoracic_leg_nerve,hind_leg,tibia_flexor_muscle,leg_motor,flex_femur_tibia_joint,acetylcholine,0.4064,,TRUE,,,T3
720575941508453761,motor,leg_motor_neuron,trochanter_extensor,right,right_prothoracic_leg_nerve,front_leg,trochanter_extensor_muscle,leg_motor,extend_coxa_trochanter_joint,gaba,0.5001,,TRUE,,,
720575941508475717,motor,thoracic_abdominal_segmental_motor_neuron,ENXXX226,right,right_fourth_abdominal_nerve,thoracic_abdominal,unknown_thoracic_abdominal_segmental,,,,0.0,,TRUE,,,A1
720575941509003792,motor,leg_motor_neuron,accessory_trochanter_flexor,left,left_metathoracic_leg_nerve,hind_leg,accessory_trochanter_flexor_muscle,leg_motor,flex_coxa_trochanter_joint,gaba,0.5028,,TRUE,,,T3
720575941511197516,motor,leg_motor_neuron,long_tendon_muscle_B_femur,right,right_prothoracic_leg_nerve,front_leg,long_tendon_muscle,leg_motor,pull_long_tendon,gaba,0.4667,,TRUE,,,T3
720575941511829520,motor,proboscis_motor_neuron,MN2Da,right,right_maxillary-labial_nerve,proboscis,proboscis_m2da_muscle,proboscis_motor,proboscis_positioning,glutamate,0.2944,,TRUE,720575940645697828,MN2Da,
720575941511883985,motor,leg_motor_neuron,trochanter_flexor_posterior_soma,left,left_prothoracic_accessory_nerve,front_leg,trochanter_flexor_muscle,leg_motor,flex_coxa_trochanter_joint,,0.0,,TRUE,,,T1
720575941512880643,motor,neck_motor_neuron,DProN2,right,right_dorsal_prothoracic_nerve,neck,dorsoventral_muscle_linking_cervical_sclerite_and_condyle_2,neck_motor,neck_roll,gaba,0.422,glutamate,TRUE,,,T1
720575941512935779,motor,leg_motor_neuron,long_tendon_muscle_B,left,left_mesothoracic_leg_nerve,middle_leg,long_tendon_muscle,leg_motor,pull_long_tendon,gaba,0.4925,,TRUE,,,T2
720575941513173763,motor,wing_motor_neuron,iv4,right,right_mesothoracic_accessory_nerve,wing,iv4_muscle,wing_steering,tonic_wing_steering,gaba,0.5549,,TRUE,,,T2
720575941513203459,motor,abdomen_motor_neuron,EFFabg19,left,abdominal_nerve_trunk,abdomen,,,,acetylcholine,0.6862,,TRUE,,,A3
720575941513210371,motor,abdomen_motor_neuron,EFFabg11,right,abdominal_nerve_trunk,abdomen,,,,gaba,0.4132,,TRUE,,,A4
720575941513362252,motor,leg_motor_neuron,femur_reductor,right,right_mesothoracic_leg_nerve,middle_leg,femur_reductor_muscle,leg_motor,unknown_leg_movement,octopamine,0.4071,,TRUE,,,T2
720575941513385306,motor,leg_motor_neuron,femur_reductor_tiny,right,right_metathoracic_leg_nerve,hind_leg,femur_reductor_muscle,leg_motor,unknown_leg_movement,gaba,0.5929,,TRUE,,,T3
720575941513444089,motor,proboscis_motor_neuron,MN4a,left,left_maxillary-labial_nerve,proboscis,proboscis_m4a_muscle,proboscis_motor,proboscis_positioning,acetylcholine,0.49,,TRUE,720575940625612474,MN4a,
720575941513459290,motor,abdomen_motor_neuron,EFFabg18,right,right_fourth_abdominal_nerve,abdomen,,,,acetylcholine,0.8074,,TRUE,,,A1
720575941513990988,motor,neck_motor_neuron,CvN5,left,left_cervical_nerve,neck,ventral_longitudinal_1_muscle,neck_motor,neck_pitch,gaba,0.4733,,TRUE,720575940624943084,CvN5,
720575941514162385,motor,abdomen_motor_neuron,EFFabg28,left,left_second_abdominal_nerve,abdomen,,,,gaba,0.7145,,TRUE,,,A1
720575941514963811,motor,neck_motor_neuron,VCvN3,left,left_ventral_cervical_nerve,neck,oblique_horizontal_muscle,neck_motor,neck_yaw,acetylcholine,0.3562,,TRUE,720575940628372613,VCvN3,
720575941515355795,motor,leg_motor_neuron,accessory_tibia_flexor_A_out_of_bundle,left,left_prothoracic_leg_nerve,front_leg,accessory_tibia_flexor_muscle,leg_motor,flex_femur_tibia_joint,gaba,0.3635,,TRUE,,,T1
720575941515898873,motor,leg_motor_neuron,tibia_flexor,left,left_metathoracic_leg_nerve,hind_leg,tibia_flexor_muscle,leg_motor,flex_femur_tibia_joint,gaba,0.5139,,TRUE,,,T3
720575941516697560,motor,abdomen_motor_neuron,EFFabg13,left,left_fourth_abdominal_nerve,abdomen,,,,,0.0,,TRUE,,,A1
720575941516770670,motor,wing_motor_neuron,iii4,right,right_mesothoracic_accessory_nerve,wing,iii4_muscle,wing_steering,phasic_wing_steering,gaba,0.4907,,TRUE,,,T2
720575941516874094,motor,leg_motor_neuron,sternotrochanter_extensor,left,left_ventral_prothoracic_nerve,front_leg,sternotrochanter_extensor_muscle,leg_motor,extend_coxa_trochanter_joint,gaba,0.3552,,TRUE,,,T1
720575941517213177,motor,neck_motor_neuron,CvN11,right,right_cervical_nerve,neck,neck_muscle,neck_motor,,gaba,0.7074,,TRUE,720575940624342569,CvN11,
720575941517350649,motor,abdomen_motor_neuron,EFFabg95f,left,abdominal_nerve_trunk,uterus,,ovulation,,gaba,0.5898,,TRUE,,,A9
720575941517661356,motor,leg_motor_neuron,long_tendon_muscle_B_femur,left,left_mesothoracic_leg_nerve,middle_leg,long_tendon_muscle,leg_motor,pull_long_tendon,gaba,0.5388,,TRUE,,,T2
720575941517726936,motor,leg_motor_neuron,sternal_posterior_rotator_dorsomedial_ribbon,left,left_metathoracic_leg_nerve,hind_leg,sternal_posterior_rotator_muscle,leg_motor,move_coxa_posterior,gaba,0.4234,,TRUE,,,
720575941517889708,motor,leg_motor_neuron,accessory_tibia_flexor_B,right,right_metathoracic_leg_nerve,hind_leg,accessory_tibia_flexor_muscle,leg_motor,flex_femur_tibia_joint,glutamate,0.4407,,TRUE,,,T3
720575941518133464,motor,leg_motor_neuron,sternal_posterior_rotator,left,left_prothoracic_accessory_nerve,front_leg,sternal_posterior_rotator_muscle,leg_motor,move_coxa_posterior,acetylcholine,0.6075,,TRUE,,,T1
720575941518199955,motor,uterus_motor_neuron,CMU,left,abdominal_nerve_trunk,uterus,,ovulation,,acetylcholine,0.3564,,TRUE,,,A9
720575941518204888,motor,leg_motor_neuron,tergopleural_promotor_pleural_promotor_miller_28_30,right,right_dorsal_prothoracic_nerve,front_leg,tergopleural_promotor_muscle,leg_motor,move_coxa_anterior,gaba,0.3923,,TRUE,,,T1
720575941518500019,motor,abdomen_motor_neuron,EFFabg17,right,abdominal_nerve_trunk,abdomen,,,,gaba,0.4522,,TRUE,,,A2
720575941518564531,motor,abdomen_motor_neuron,EFFabg28,right,right_second_abdominal_nerve,abdomen,,,,glutamate,0.6329,,TRUE,,,A1
720575941518851694,motor,leg_motor_neuron,trochanter_flexor_ProAN,left,left_prothoracic_accessory_nerve,front_leg,trochanter_flexor_muscle,leg_motor,flex_coxa_trochanter_joint,gaba,0.4813,,TRUE,,,T1
720575941519179480,motor,leg_motor_neuron,tarsus_levator_D,left,left_metathoracic_leg_nerve,hind_leg,tarsus_levator_muscle,leg_motor,flex_tibia_tarsus_joint,gaba,0.4753,,TRUE,,,T3
720575941519595447,motor,proboscis_motor_neuron,MN3L,right,right_pharyngeal_nerve_or_accessory_pharyngeal_nerve,proboscis,proboscis_m3l_muscle,proboscis_motor,proboscis_positioning,glutamate,0.3097,,TRUE,720575940623993015,MN3L,
720575941519664856,motor,leg_motor_neuron,sternal_anterior_rotator_MesoLN_ventral_2,left,left_mesothoracic_leg_nerve,middle_leg,sternal_anterior_rotator_muscle,leg_motor,move_coxa_anterior,gaba,0.4336,,TRUE,,,T2
720575941519783640,motor,wing_motor_neuron,DLM1-4,left,left_posterior_dorsal_mesothoracic_nerve,wing,dorsal_longitudinal_muscle,wing_power,,gaba,0.4591,,TRUE,,,T1
720575941519971511,motor,leg_motor_neuron,accessory_tibia_flexor_B,right,right_mesothoracic_leg_nerve,middle_leg,accessory_tibia_flexor_muscle,leg_motor,flex_femur_tibia_joint,gaba,0.7465,,TRUE,,,T2
720575941520109934,motor,crop_motor_neuron,CEM,left,left_pharyngeal_nerve_or_accessory_pharyngeal_nerve,crop,crop_muscle,crop_motor,crop_entry,serotonin,0.3934,,TRUE,720575940620008112,CEM,
720575941520237559,motor,thoracic_abdominal_segmental_motor_neuron,ENXXX226,left,left_second_abdominal_nerve,thoracic_abdominal,unknown_thoracic_abdominal_segmental,,,,0.0,,TRUE,,,A4
720575941520388855,motor,abdomen_motor_neuron,EFFabg21,right,abdominal_nerve_trunk,abdomen,,,,gaba,0.4769,,TRUE,,,A9
720575941521190835,motor,leg_motor_neuron,tibia_flexor,left,left_metathoracic_leg_nerve,hind_leg,tibia_flexor_muscle,leg_motor,flex_femur_tibia_joint,acetylcholine,0.6523,,TRUE,,,T3
720575941521196211,motor,wing_motor_neuron,b1,left,left_anterior_dorsal_mesothoracic_nerve,wing,b1_muscle,wing_steering,tonic_wing_steering,gaba,0.4805,,TRUE,,,T2
720575941521271475,motor,leg_motor_neuron,tibia_flexor,right,right_metathoracic_leg_nerve,hind_leg,tibia_flexor_muscle,leg_motor,flex_femur_tibia_joint,acetylcholine,0.3952,,TRUE,,,T3
720575941521612363,motor,abdomen_motor_neuron,EFFabg13,left,abdominal_nerve_trunk,abdomen,,,,,0.0,,TRUE,,,A4
720575941522117707,motor,abdomen_motor_neuron,EFFabg97f,left,abdominal_nerve_trunk,abdomen,,,,octopamine,0.4671,,TRUE,,,
720575941522130763,motor,abdomen_motor_neuron,EFFabg14,left,abdominal_nerve_trunk,abdomen,,,,gaba,0.5914,,TRUE,,,A3
720575941523082487,motor,abdomen_motor_neuron,EFFabg19,right,abdominal_nerve_trunk,abdomen,,,,acetylcholine,0.4772,,TRUE,,,A3
720575941523135223,motor,leg_motor_neuron,accessory_tibia_flexor_A,left,left_mesothoracic_leg_nerve,middle_leg,accessory_tibia_flexor_muscle,leg_motor,flex_femur_tibia_joint,gaba,0.4641,,TRUE,,,T2
720575941523368779,motor,leg_motor_neuron,tergotrochanter_extensor,right,right_ventral_prothoracic_nerve,front_leg,tergotrochanter_extensor_muscle,leg_motor,extend_coxa_trochanter_joint,gaba,0.4638,,TRUE,,,T1
720575941524155467,motor,abdomen_motor_neuron,EFFabg20,right,abdominal_nerve_trunk,abdomen,,,,acetylcholine,0.6872,,TRUE,,,A4
720575941524172875,motor,leg_motor_neuron,accessory_tibia_flexor_B,left,left_metathoracic_leg_nerve,hind_leg,accessory_tibia_flexor_muscle,leg_motor,flex_femur_tibia_joint,gaba,0.6002,,TRUE,,,T3
720575941524365337,motor,leg_motor_neuron,long_tendon_muscle_A,left,left_prothoracic_leg_nerve,front_leg,long_tendon_muscle,leg_motor,pull_long_tendon,gaba,0.7465,,TRUE,,,T1
720575941524746573,motor,leg_motor_neuron,trochanter_flexor_VProN,left,left_ventral_prothoracic_nerve,front_leg,trochanter_flexor_muscle,leg_motor,flex_coxa_trochanter_joint,gaba,0.5002,,TRUE,,,T1
720575941524748877,motor,leg_motor_neuron,long_tendon_muscle_B,left,left_prothoracic_leg_nerve,front_leg,long_tendon_muscle,leg_motor,pull_long_tendon,gaba,0.7782,,TRUE,,,T3
720575941524856164,motor,leg_motor_neuron,femur_reductor,right,right_metathoracic_leg_nerve,hind_leg,femur_reductor_muscle,leg_motor,unknown_leg_movement,acetylcholine,0.4403,,TRUE,,,T3
720575941524966169,motor,leg_motor_neuron,long_tendon_muscle_A,right,right_prothoracic_leg_nerve,front_leg,long_tendon_muscle,leg_motor,pull_long_tendon,acetylcholine,0.4042,,TRUE,,,T1
720575941525304486,motor,abdomen_motor_neuron,EFFabg21,right,abdominal_nerve_trunk,abdomen,,,,gaba,0.6615,,TRUE,,,A5
720575941525308582,motor,leg_motor_neuron,tibia_extensor_SETi,right,right_metathoracic_leg_nerve,hind_leg,tibia_extensor_muscle,leg_motor,extend_femur_tibia_joint,acetylcholine,0.3774,,TRUE,,,T3
720575941525327270,motor,abdomen_motor_neuron,EFFabg10,right,abdominal_nerve_trunk,abdomen,,,,acetylcholine,0.4364,,TRUE,,,A4
720575941525586507,motor,leg_motor_neuron,sternal_posterior_rotator_dorsomedial_ribbon,left,left_metathoracic_leg_nerve,hind_leg,sternal_posterior_rotator_muscle,leg_motor,move_coxa_posterior,acetylcholine,0.5325,,TRUE,,,
720575941525655833,motor,eye_motor_neuron,CB0901,right,right_antennal_nerve,eye,retina_muscle,retina_motor,,octopamine,0.4611,,TRUE,720575940622168052,CB0901,
720575941525682253,motor,neck_motor_neuron,DProN3b,left,left_dorsal_prothoracic_nerve,neck,depressor_muscle,neck_motor,neck_roll,gaba,0.525,,TRUE,,,T1
720575941526075673,motor,neck_motor_neuron,"VCvN1,VCvN2",left,left_ventral_cervical_nerve,neck,oblique_horizontal_muscle,neck_motor,neck_yaw,gaba,0.517,,TRUE,720575940635776760,"VCvN1,VCvN2",
720575941526437988,motor,leg_motor_neuron,accessory_tibia_flexor_A_slow,right,right_prothoracic_leg_nerve,front_leg,accessory_tibia_flexor_muscle,leg_motor,flex_femur_tibia_joint,octopamine,0.4469,,TRUE,,,T1
720575941526615554,motor,leg_motor_neuron,accessory_tibia_flexor_B,left,left_metathoracic_leg_nerve,hind_leg,accessory_tibia_flexor_muscle,leg_motor,flex_femur_tibia_joint,acetylcholine,0.7884,,TRUE,,,T3
720575941526643202,motor,antenna_motor_neuron,CB0886,left,left_antennal_nerve,antenna,antenna_muscle,antenna_motor,,gaba,0.4275,,TRUE,720575940629183643,CB0886,
720575941526853030,motor,neck_motor_neuron,CvNA1,left,right_cervical_nerve,neck,transverse_horizontal_1_muscle,neck_motor,neck_yaw,gaba,0.4868,,TRUE,,,T1
720575941526954424,motor,neck_motor_neuron,CvN10,right,right_cervical_nerve,neck,neck_muscle,neck_motor,,octopamine,0.4586,,TRUE,720575940616570966,CvN10,
720575941526999684,motor,abdomen_motor_neuron,EFFabg13,right,left_fourth_abdominal_nerve,abdomen,,,,,0.0,,TRUE,,,A1
720575941527171000,motor,leg_motor_neuron,accessory_trochanter_flexor,right,right_prothoracic_leg_nerve,front_leg,accessory_trochanter_flexor_muscle,leg_motor,flex_coxa_trochanter_joint,gaba,0.3812,,TRUE,,,T1
720575941527245496,motor,leg_motor_neuron,long_tendon_muscle_B,right,right_mesothoracic_leg_nerve,middle_leg,long_tendon_muscle,leg_motor,pull_long_tendon,gaba,0.4652,,TRUE,,,T2
720575941527458562,motor,leg_motor_neuron,trochanter_flexor_ProAN,left,left_prothoracic_accessory_nerve,front_leg,trochanter_flexor_muscle,leg_motor,flex_coxa_trochanter_joint,gaba,0.501,,TRUE,,,T1
720575941527847608,motor,leg_motor_neuron,sternal_adductor,left,left_prothoracic_leg_nerve,front_leg,sternal_adductor_muscle,leg_motor,move_coxa_medial,octopamine,0.5111,,TRUE,,,T1
720575941527948932,motor,leg_motor_neuron,trochanter_flexor_dorsomedial_ribbon,right,right_metathoracic_leg_nerve,hind_leg,trochanter_flexor_muscle,leg_motor,flex_coxa_trochanter_joint,acetylcholine,0.5242,,TRUE,,,T3
720575941528213158,motor,abdomen_motor_neuron,EFFabg15,right,abdominal_nerve_trunk,abdomen,,,,gaba,0.3953,,TRUE,,,A3
720575941528662438,motor,leg_motor_neuron,accessory_tibia_flexor_B,left,left_metathoracic_leg_nerve,hind_leg,accessory_tibia_flexor_muscle,leg_motor,flex_femur_tibia_joint,acetylcholine,0.8091,,TRUE,,,T3
720575941529911525,motor,abdomen_motor_neuron,EFFabg01,left,abdominal_nerve_trunk,abdomen,,,,octopamine,0.4874,,TRUE,,,A9
720575941530190027,motor,wing_motor_neuron,DVM2a-b,right,right_mesothoracic_accessory_nerve,wing,dorsoventral_muscle,wing_power,,gaba,0.432,,TRUE,,,T2
720575941530206155,motor,leg_motor_neuron,tergotrochanter_extensor_MetaAN,right,right_first_abdominal_nerve,hind_leg,tergotrochanter_extensor_muscle,leg_motor,extend_coxa_trochanter_joint,acetylcholine,0.4775,,TRUE,,,T3
720575941530511747,motor,neck_motor_neuron,DProN5,right,right_dorsal_prothoracic_nerve,neck,adductor_muscle,neck_motor,neck_roll_pitch,octopamine,0.4042,glutamate,TRUE,,,T1
720575941530911619,motor,abdomen_motor_neuron,EFFabg33,right,right_second_abdominal_nerve,abdomen,,,,acetylcholine,0.4072,,TRUE,,,A1
720575941531180261,motor,leg_motor_neuron,sternal_anterior_rotator_miller_31,right,right_ventral_prothoracic_nerve,front_leg,sternal_anterior_rotator_muscle,leg_motor,move_coxa_anterior,gaba,0.4356,,TRUE,,,T1
720575941531195595,motor,leg_motor_neuron,trochanter_flexor_ventrolateral_ribbon,left,left_metathoracic_leg_nerve,hind_leg,trochanter_flexor_muscle,leg_motor,flex_coxa_trochanter_joint,acetylcholine,0.4019,,TRUE,,,T3
720575941531434371,motor,unknown_motor_neuron,MNxm02,right,right_dorsal_metathoracic_nerve,unknown,,,,octopamine,0.3262,,TRUE,,,T2
720575941531470821,motor,leg_motor_neuron,accessory_trochanter_flexor_MetaLN,right,right_metathoracic_leg_nerve,hind_leg,accessory_trochanter_flexor_muscle,leg_motor,flex_coxa_trochanter_joint,gaba,0.3842,,TRUE,,,T3
720575941531504357,motor,leg_motor_neuron,accessory_trochanter_flexor_posterior_soma_ProLN,left,left_prothoracic_leg_nerve,front_leg,accessory_trochanter_flexor_muscle,leg_motor,flex_coxa_trochanter_joint,gaba,0.6363,,TRUE,,,T1
720575941531565285,motor,abdomen_motor_neuron,EFFabg27,right,left_fourth_abdominal_nerve,abdomen,,,,octopamine,0.5275,,TRUE,,,A2
720575941531923147,motor,leg_motor_neuron,sternal_anterior_rotator,left,left_ventral_prothoracic_nerve,front_leg,sternal_anterior_rotator_muscle,leg_motor,move_coxa_anterior,gaba,0.4991,,TRUE,,,T1
720575941532427754,motor,leg_motor_neuron,trochanter_flexor_posterior_soma,left,left_prothoracic_accessory_nerve,front_leg,trochanter_flexor_muscle,leg_motor,flex_coxa_trochanter_joint,gaba,0.4994,,TRUE,,,T1
720575941532464562,motor,leg_motor_neuron,accessory_tibia_flexor_B,right,right_metathoracic_leg_nerve,hind_leg,accessory_tibia_flexor_muscle,leg_motor,flex_femur_tibia_joint,acetylcholine,0.392,,TRUE,,,T3
720575941533190337,motor,wing_motor_neuron,DLM1-4,right,right_posterior_dorsal_mesothoracic_nerve,wing,dorsal_longitudinal_muscle,wing_power,,gaba,0.3832,,TRUE,,,T1
720575941533309194,motor,thoracic_abdominal_segmental_motor_neuron,ENXXX226,left,abdominal_nerve_trunk,thoracic_abdominal,unknown_thoracic_abdominal_segmental,,,,0.0,,TRUE,,,A3
720575941534943937,motor,leg_motor_neuron,trochanter_extensor,right,right_mesothoracic_leg_nerve,middle_leg,trochanter_extensor_muscle,leg_motor,extend_coxa_trochanter_joint,gaba,0.7787,,TRUE,,,T2
720575941534975425,motor,neck_motor_neuron,CvNA1,left,left_cervical_nerve,neck,transverse_horizontal_1_muscle,neck_motor,neck_yaw,gaba,0.6323,,TRUE,,,T1
720575941535119809,motor,haltere_motor_neuron,MNxm03,left,left_dorsal_metathoracic_nerve,haltere,,haltere_motor,,octopamine,0.4022,,TRUE,,,T2
720575941535342563,motor,pharynx_motor_neuron,MNx02,left,left_pharyngeal_nerve,pharynx,,pharynx_motor,,octopamine,0.3095,,TRUE,720575940632281927,MNx02,
720575941535409178,motor,haltere_motor_neuron,MNhm42,left,left_first_abdominal_nerve,haltere,haltere_basalare_muscle,haltere_steering,unknown_haltere,gaba,0.561,glutamate,TRUE,,,T3
720575941535457256,motor,wing_motor_neuron,MNxm01,right,right_posterior_dorsal_mesothoracic_nerve,wing,wing_muscle,unknown_wing_motor,,octopamine,0.4968,,TRUE,,,T1
720575941535835736,motor,thoracic_abdominal_segmental_motor_neuron,ENXXX226,left,abdominal_nerve_trunk,thoracic_abdominal,unknown_thoracic_abdominal_segmental,,,,0.0,,TRUE,,,T3
720575941535897098,motor,leg_motor_neuron,accessory_tibia_flexor_B,right,right_mesothoracic_leg_nerve,middle_leg,accessory_tibia_flexor_muscle,leg_motor,flex_femur_tibia_joint,acetylcholine,0.3715,,TRUE,,,T2
720575941536453106,motor,abdomen_motor_neuron,EFFabg14,left,left_fourth_abdominal_nerve,abdomen,,,,gaba,0.4291,,TRUE,,,A2
720575941536577880,motor,leg_motor_neuron,sternal_posterior_rotator_MesoLN_dorsal_5,right,right_mesothoracic_leg_nerve,middle_leg,sternal_posterior_rotator_muscle,leg_motor,move_coxa_posterior,gaba,0.405,,TRUE,,,T2
720575941536777187,motor,abdomen_motor_neuron,MNad53,right,abdominal_nerve_trunk,abdomen,,,,gaba,0.3322,,TRUE,,,
720575941536822514,motor,proboscis_motor_neuron,MN1,left,left_maxillary-labial_nerve,proboscis,proboscis_m1_muscle,proboscis_motor,proboscis_positioning,gaba,0.4991,,TRUE,720575940616340639,MN1,
720575941536923624,motor,leg_motor_neuron,trochanter_flexor_ProAN,left,left_prothoracic_accessory_nerve,front_leg,trochanter_flexor_muscle,leg_motor,flex_coxa_trochanter_joint,gaba,0.4358,,TRUE,,,T1
720575941536986866,motor,abdomen_motor_neuron,EFFabg13,right,abdominal_nerve_trunk,abdomen,,,,,0.0,,TRUE,,,A3
720575941537008370,motor,leg_motor_neuron,accessory_trochanter_flexor,left,left_mesothoracic_leg_nerve,middle_leg,accessory_trochanter_flexor_muscle,leg_motor,flex_coxa_trochanter_joint,gaba,0.5622,,TRUE,,,T3
720575941537495489,motor,leg_motor_neuron,pleural_remotor_and_abductor_dorsomedial_ribbon,left,left_metathoracic_leg_nerve,hind_leg,pleural_remotor_and_abductor_muscle,leg_motor,move_coxa_posterior_lateral,glutamate,0.7148,,TRUE,,,T3
720575941538082453,motor,leg_motor_neuron,tibia_flexor,right,right_metathoracic_leg_nerve,hind_leg,tibia_flexor_muscle,leg_motor,flex_femur_tibia_joint,gaba,0.4322,,TRUE,,,T3
720575941538128626,motor,leg_motor_neuron,long_tendon_muscle_B,right,right_prothoracic_leg_nerve,front_leg,long_tendon_muscle,leg_motor,pull_long_tendon,octopamine,0.5556,,TRUE,,,T1
720575941538762701,motor,leg_motor_neuron,trochanter_flexor_posterior_soma,left,left_metathoracic_leg_nerve,hind_leg,trochanter_flexor_muscle,leg_motor,flex_coxa_trochanter_joint,gaba,0.4139,,TRUE,,,T3
720575941538992021,motor,leg_motor_neuron,sternal_anterior_rotator_ventrolateral_ribbon,left,left_metathoracic_leg_nerve,hind_leg,sternal_anterior_rotator_muscle,leg_motor,move_coxa_anterior,gaba,0.7302,,TRUE,,,T3
720575941539565916,motor,leg_motor_neuron,tarsus_levator_D,right,right_metathoracic_leg_nerve,hind_leg,tarsus_levator_muscle,leg_motor,extend_tibia_tarsus_joint,,0.0,,TRUE,,,T3
720575941539792220,motor,neck_motor_neuron,CvN6,left,right_cervical_nerve,neck,ventral_longitudinal_1_muscle,neck_motor,neck_pitch,gaba,0.5423,,TRUE,720575940632898105,CvN6,
720575941540889037,motor,abdomen_motor_neuron,EFFabg25,left,left_fourth_abdominal_nerve,abdomen,,,,acetylcholine,0.7731,,TRUE,,,A1
720575941542184477,motor,abdomen_motor_neuron,EFFabg10,right,right_fourth_abdominal_nerve,abdomen,,,,gaba,0.4344,,TRUE,,,A2
720575941542328837,motor,wing_motor_neuron,DVM2a-b,left,left_mesothoracic_accessory_nerve,wing,dorsoventral_muscle,wing_power,,acetylcholine,0.4553,,TRUE,,,T2
720575941542351621,motor,abdomen_motor_neuron,EFFabg18,right,abdominal_nerve_trunk,abdomen,,,,gaba,0.5923,,TRUE,,,A2
720575941542412805,motor,wing_motor_neuron,b3,left,left_anterior_dorsal_mesothoracic_nerve,wing,b3_muscle,wing_steering,tonic_wing_steering,gaba,0.59,,TRUE,,,T2
720575941542417500,motor,leg_motor_neuron,accessory_tibia_flexor_B,left,left_mesothoracic_leg_nerve,middle_leg,accessory_tibia_flexor_muscle,leg_motor,flex_femur_tibia_joint,gaba,0.501,,TRUE,,,T2
720575941542454876,motor,leg_motor_neuron,tibia_flexor,left,left_prothoracic_leg_nerve,front_leg,tibia_flexor_muscle,leg_motor,flex_femur_tibia_joint,gaba,0.4355,,TRUE,,,T1
720575941542738524,motor,leg_motor_neuron,long_tendon_muscle_B,right,right_mesothoracic_leg_nerve,middle_leg,long_tendon_muscle,leg_motor,pull_long_tendon,gaba,0.4953,,TRUE,,,T2
720575941543372649,motor,leg_motor_neuron,trochanter_extensor_MetaLN,right,right_metathoracic_leg_nerve,hind_leg,trochanter_extensor_muscle,leg_motor,extend_coxa_trochanter_joint,gaba,0.3831,,TRUE,,,T1
720575941543617724,motor,unknown_thoracic_abdominal_motor_neuron,ENXXX226,right,right_anterior_dorsal_mesothoracic_nerve,thoracic_abdominal,unknown_thoracic_abdominal_segmental,,,octopamine,0.4467,,TRUE,,,T1
720575941543648105,motor,leg_motor_neuron,accessory_tibia_flexor_B,right,right_mesothoracic_leg_nerve,middle_leg,accessory_tibia_flexor_muscle,leg_motor,flex_femur_tibia_joint,gaba,0.5099,,TRUE,,,T2
720575941544264041,motor,neck_motor_neuron,DProN3b,right,right_dorsal_prothoracic_nerve,neck,depressor_muscle,neck_motor,neck_roll,gaba,0.4282,,TRUE,,,T1
720575941544439325,motor,wing_motor_neuron,PS1,left,left_mesothoracic_accessory_nerve,wing,ps1_muscle,wing_tension,,gaba,0.5609,,TRUE,,,T2
720575941544483252,motor,neck_motor_neuron,"CvN1,CvN2",right,right_cervical_nerve,neck,oblique_horizontal_muscle_or_transverse_horizontal_muscle,neck_motor,neck_yaw,gaba,0.4251,,TRUE,720575940607880578,"CvN1,CvN2",
720575941544904116,motor,abdomen_motor_neuron,EFFabg14,right,right_fourth_abdominal_nerve,abdomen,,,,octopamine,0.3932,,TRUE,,,A1
720575941545479868,motor,leg_motor_neuron,accessory_trochanter_flexor,left,left_prothoracic_leg_nerve,front_leg,accessory_trochanter_flexor_muscle,leg_motor,flex_coxa_trochanter_joint,gaba,0.6359,,TRUE,,,T1
720575941545525128,motor,pharynx_motor_neuron,MNx02,right,right_pharyngeal_nerve,pharynx,,pharynx_motor,,acetylcholine,0.4538,,TRUE,720575940661338497,MNx02,
720575941545764232,motor,proboscis_motor_neuron,MN2V,right,right_maxillary-labial_nerve,proboscis,proboscis_m2v_muscle,proboscis_motor,proboscis_positioning,acetylcholine,0.4958,,TRUE,720575940614734754,MN2V,
720575941546791969,motor,abdomen_motor_neuron,EFFabg21,left,abdominal_nerve_trunk,abdomen,,,,gaba,0.6726,,TRUE,,,A9
720575941546998972,motor,haltere_motor_neuron,hDVM MN,left,left_first_abdominal_nerve,haltere,haltere_dorsoventral_muscle,haltere_power,,gaba,0.7571,glutamate,TRUE,,,T3
720575941547120161,motor,proboscis_motor_neuron,MN8,right,right_maxillary-labial_nerve,proboscis,proboscis_m8_muscle,proboscis_motor,labellar_spreading,glutamate,0.4007,,TRUE,720575940612888178,MN8,
720575941547132040,motor,leg_motor_neuron,long_tendon_muscle_B_tibia,left,left_mesothoracic_leg_nerve,middle_leg,long_tendon_muscle,leg_motor,pull_long_tendon,gaba,0.4078,,TRUE,,,T2
720575941547204488,motor,salivary_motor_neuron,MN13,left,left_maxillary-labial_nerve,salivary_gland,m13_muscle,salivary_motor,salivation,acetylcholine,0.4792,,TRUE,720575940633195148,MN13,
720575941547315060,motor,wing_motor_neuron,i1,left,left_anterior_dorsal_mesothoracic_nerve,wing,i1_muscle,wing_steering,phasic_wing_steering,gaba,0.3891,,TRUE,,,T2
720575941547371325,motor,thoracic_abdominal_segmental_motor_neuron,ENXXX226,left,abdominal_nerve_trunk,thoracic_abdominal,unknown_thoracic_abdominal_segmental,,,glutamate,0.4796,,TRUE,,,A2
720575941547393825,motor,leg_motor_neuron,tibia_flexor,right,right_prothoracic_leg_nerve,front_leg,tibia_flexor_muscle,leg_motor,flex_femur_tibia_joint,acetylcholine,0.3616,,TRUE,,,T1
720575941547394081,motor,wing_motor_neuron,i2,left,left_anterior_dorsal_mesothoracic_nerve,wing,i2_muscle,wing_steering,tonic_wing_steering,gaba,0.5663,,TRUE,,,T2
720575941548493857,motor,neck_motor_neuron,"CvN1,CvN2",left,left_cervical_nerve,neck,oblique_horizontal_muscle_or_transverse_horizontal_muscle,neck_motor,neck_yaw,gaba,0.5873,,TRUE,720575940624679463,"CvN1,CvN2",
720575941548546696,motor,leg_motor_neuron,pleural_remotor_and_abductor,left,left_prothoracic_accessory_nerve,front_leg,pleural_remotor_and_abductor_muscle,leg_motor,move_coxa_posterior_lateral,gaba,0.3925,,TRUE,,,
720575941548856381,motor,abdomen_motor_neuron,EFFabg12,right,left_fourth_abdominal_nerve,abdomen,,,,gaba,0.5118,,TRUE,,,A2
720575941549009663,motor,leg_motor_neuron,sternal_posterior_rotator,left,left_prothoracic_accessory_nerve,front_leg,sternal_posterior_rotator_muscle,leg_motor,move_coxa_posterior,gaba,0.5654,,TRUE,,,T1
720575941549397247,motor,peripheral_intrinsic_neuron,PSI,left,right_posterior_dorsal_mesothoracic_nerve,wing,,,,acetylcholine,0.3012,,TRUE,,,T2
720575941549456673,motor,leg_motor_neuron,long_tendon_muscle_ltm_B,left,left_metathoracic_leg_nerve,hind_leg,long_tendon_muscle,leg_motor,pull_long_tendon,acetylcholine,0.4534,,TRUE,,,T3
720575941549819710,motor,leg_motor_neuron,accessory_tibia_flexor_B,right,right_prothoracic_leg_nerve,front_leg,accessory_tibia_flexor_muscle,leg_motor,flex_femur_tibia_joint,gaba,0.4657,,TRUE,,,T1
720575941549822781,motor,wing_motor_neuron,b1,right,right_anterior_dorsal_mesothoracic_nerve,wing,b1_muscle,wing_steering,tonic_wing_steering,gaba,0.534,,TRUE,,,T2
720575941549899892,motor,leg_motor_neuron,tergotrochanter_extensor_MetaAN,left,left_first_abdominal_nerve,hind_leg,tergotrochanter_extensor_muscle,leg_motor,extend_coxa_trochanter_joint,glutamate,0.3637,,TRUE,,,T3
720575941549915252,motor,leg_motor_neuron,tergotrochanter_extensor,right,right_posterior_dorsal_mesothoracic_nerve,middle_leg,tergotrochanter_extensor_muscle,leg_motor,extend_coxa_trochanter_joint,gaba,0.3836,,TRUE,,,T2
720575941549984289,motor,abdomen_motor_neuron,EFFabg28,left,left_second_abdominal_nerve,abdomen,,,,gaba,0.2948,,TRUE,,,A1
720575941549998369,motor,crop_motor_neuron,CEM,right,right_pharyngeal_nerve_or_accessory_pharyngeal_nerve,crop,crop_muscle,crop_motor,crop_entry,,0.0,,TRUE,720575940621126384,CEM,
720575941551010695,motor,leg_motor_neuron,tibia_flexor,right,right_prothoracic_leg_nerve,front_leg,tibia_flexor_muscle,leg_motor,flex_femur_tibia_joint,gaba,0.4295,,TRUE,,,T1
720575941551356570,motor,leg_motor_neuron,trochanter_flexor_VProN,left,left_ventral_prothoracic_nerve,front_leg,trochanter_flexor_muscle,leg_motor,flex_coxa_trochanter_joint,gaba,0.4439,,TRUE,,,T1
720575941551439643,motor,abdomen_motor_neuron,EFFabg05,right,abdominal_nerve_trunk,abdomen,,,,gaba,0.4805,,TRUE,,,A9
720575941551611015,motor,thoracic_abdominal_segmental_motor_neuron,ENXXX226,left,left_fourth_abdominal_nerve,thoracic_abdominal,unknown_thoracic_abdominal_segmental,,,,0.0,,TRUE,,,A1
720575941551713415,motor,haltere_motor_neuron,MNad29,left,left_first_abdominal_nerve,haltere,,haltere_motor,,acetylcholine,0.5746,,TRUE,,,T3
720575941551967487,motor,abdomen_motor_neuron,EFFabg19,left,abdominal_nerve_trunk,abdomen,,,,serotonin,0.3822,,TRUE,,,A2
720575941552926747,motor,leg_motor_neuron,tarsus_depressor_B,right,right_metathoracic_leg_nerve,hind_leg,tarsus_depressor_muscle,leg_motor,extend_tibia_tarsus_joint,,0.0,,TRUE,,,T3
720575941553011713,motor,haltere_motor_neuron,MNhl59,right,right_metathoracic_leg_nerve,haltere,leg_muscle,haltere_motor,unknown_leg_movement,acetylcholine,0.5736,,TRUE,,,T3
720575941553264211,motor,neck_motor_neuron,CvN3,left,left_cervical_nerve,neck,sclerite_rotator_muscle,neck_motor,neck_roll,acetylcholine,0.6116,,TRUE,720575940641811419,CvN3,
720575941553503460,motor,leg_motor_neuron,pleural_remotor_and_abductor_MesoLN_dorsal_5,left,left_mesothoracic_leg_nerve,middle_leg,pleural_remotor_and_abductor_muscle,leg_motor,move_coxa_posterior_lateral,gaba,0.4708,,TRUE,,,T2
720575941553597502,motor,leg_motor_neuron,femur_reductor_tiny,right,right_ventral_prothoracic_nerve,front_leg,femur_reductor_muscle,leg_motor,unknown_leg_movement,,0.0,,TRUE,,,T1
720575941553640676,motor,abdomen_motor_neuron,EFFabg31,right,right_second_abdominal_nerve,abdomen,,,,dopamine,0.3256,,TRUE,,,A1
720575941553641188,motor,abdomen_motor_neuron,EFFabg28,right,right_second_abdominal_nerve,abdomen,,,,gaba,0.4419,,TRUE,,,A1
720575941553691876,motor,leg_motor_neuron,trochanter_flexor_MesoAN,right,right_mesothoracic_leg_nerve,middle_leg,trochanter_flexor_muscle,leg_motor,flex_coxa_trochanter_joint,gaba,0.6386,,TRUE,,,T2
720575941553702042,motor,proboscis_motor_neuron,MN8,left,left_maxillary-labial_nerve,proboscis,proboscis_m8_muscle,proboscis_motor,labellar_spreading,acetylcholine,0.3832,,TRUE,720575940623352063,MN8,
720575941554483354,motor,leg_motor_neuron,trochanter_flexor_dorsomedial_ribbon,left,left_metathoracic_leg_nerve,hind_leg,trochanter_flexor_muscle,leg_motor,flex_coxa_trochanter_joint,gaba,0.5579,,TRUE,,,
720575941554765722,motor,leg_motor_neuron,trochanter_flexor_MesoAN_posterior_soma,left,left_mesothoracic_leg_nerve,middle_leg,trochanter_flexor_muscle,leg_motor,flex_coxa_trochanter_joint,gaba,0.4816,,TRUE,,,T2
720575941554833572,motor,abdomen_motor_neuron,EFFabg14,right,abdominal_nerve_trunk,abdomen,,,,gaba,0.5239,,TRUE,,,A3
720575941554888612,motor,abdomen_motor_neuron,EFFabg28,right,right_second_abdominal_nerve,abdomen,,,,gaba,0.3997,,TRUE,,,A1
720575941555120612,motor,wing_motor_neuron,PSn_u,right,right_mesothoracic_accessory_nerve,wing,pleurosternal_muscle,wing_tension,,gaba,0.4927,,TRUE,,,T2
720575941555256833,motor,haltere_motor_neuron,hiii2 MN,right,right_first_abdominal_nerve,haltere,hiii2_muscle,haltere_steering,,acetylcholine,0.335,glutamate,TRUE,,,T3
720575941555493156,motor,leg_motor_neuron,accessory_tibia_flexor_B,right,right_mesothoracic_leg_nerve,middle_leg,accessory_tibia_flexor_muscle,leg_motor,flex_femur_tibia_joint,,0.0,,TRUE,,,T2
720575941556144100,motor,leg_motor_neuron,sternal_posterior_rotator_MesoLN_dorsal_5,left,left_mesothoracic_leg_nerve,middle_leg,sternal_posterior_rotator_muscle,leg_motor,move_coxa_posterior,gaba,0.3796,,TRUE,,,T2
720575941556245156,motor,leg_motor_neuron,accessory_tibia_flexor_A,left,left_mesothoracic_leg_nerve,middle_leg,accessory_tibia_flexor_muscle,leg_motor,flex_femur_tibia_joint,gaba,0.5199,,TRUE,,,T2
720575941556297811,motor,leg_motor_neuron,tergopleural_promotor_pleural_promotor_miller_28_30,right,right_dorsal_prothoracic_nerve,front_leg,tergopleural_promotor_muscle,leg_motor,move_coxa_anterior,gaba,0.4875,,TRUE,,,T1
720575941556390116,motor,pharynx_motor_neuron,MNx01,right,right_pharyngeal_nerve,pharynx,,pharynx_motor,,glutamate,0.568,,TRUE,720575940629778554,MNx01,
720575941556850771,motor,leg_motor_neuron,accessory_tibia_flexor_B,right,right_mesothoracic_leg_nerve,middle_leg,accessory_tibia_flexor_muscle,leg_motor,flex_femur_tibia_joint,gaba,0.3366,,TRUE,,,T2
720575941557406756,motor,eye_motor_neuron,CB0804,right,right_antennal_nerve,eye,retina_muscle,retina_motor,,glutamate,0.4418,,TRUE,720575940630139386,CB0804,
720575941557543918,motor,leg_motor_neuron,tibia_flexor,right,right_prothoracic_leg_nerve,front_leg,tibia_flexor_muscle,leg_motor,flex_femur_tibia_joint,gaba,0.5108,,TRUE,,,T1
720575941558268943,motor,proboscis_motor_neuron,MN7,right,right_maxillary-labial_nerve,proboscis,proboscis_m7_muscle,proboscis_motor,labellar_spreading,octopamine,0.3052,,TRUE,720575940628997123,MN7,
720575941558562093,motor,leg_motor_neuron,accessory_tibia_flexor_A,right,right_mesothoracic_leg_nerve,middle_leg,accessory_tibia_flexor_muscle,leg_motor,flex_femur_tibia_joint,acetylcholine,0.7473,,TRUE,,,T2
720575941558861839,motor,leg_motor_neuron,sternal_anterior_rotator_MesoLN_ventral_2,left,left_mesothoracic_leg_nerve,middle_leg,sternal_anterior_rotator_muscle,leg_motor,move_coxa_anterior,acetylcholine,0.3552,,TRUE,,,T2
720575941558882163,motor,abdomen_motor_neuron,EFFabg96f,left,abdominal_nerve_trunk,abdomen,,,,acetylcholine,0.3419,,TRUE,,,A9
720575941558995950,motor,leg_motor_neuron,accessory_tibia_flexor_B,left,left_mesothoracic_leg_nerve,middle_leg,accessory_tibia_flexor_muscle,leg_motor,flex_femur_tibia_joint,gaba,0.5323,,TRUE,,,T2
720575941559281679,motor,leg_motor_neuron,accessory_tibia_flexor_A,right,right_prothoracic_leg_nerve,front_leg,accessory_tibia_flexor_muscle,leg_motor,flex_femur_tibia_joint,gaba,0.494,,TRUE,,,T1
720575941559306355,motor,leg_motor_neuron,trochanter_flexor_posterior_soma,right,right_metathoracic_leg_nerve,hind_leg,trochanter_flexor_muscle,leg_motor,flex_coxa_trochanter_joint,gaba,0.5551,,TRUE,,,T3
720575941559314989,motor,leg_motor_neuron,femur_reductor,right,right_metathoracic_leg_nerve,hind_leg,femur_reductor_muscle,leg_motor,unknown_leg_movement,,0.0,,TRUE,,,T3
720575941559964175,motor,abdomen_motor_neuron,EFFabg25,left,left_fourth_abdominal_nerve,abdomen,,,,gaba,0.9194,,TRUE,,,A2
720575941559978797,motor,leg_motor_neuron,sternal_posterior_rotator_miller_32,right,right_prothoracic_accessory_nerve,front_leg,sternal_posterior_rotator_muscle,leg_motor,move_coxa_posterior,acetylcholine,0.4081,,TRUE,,,T1
720575941560345359,motor,thoracic_abdominal_segmental_motor_neuron,ENXXX226,right,abdominal_nerve_trunk,thoracic_abdominal,unknown_thoracic_abdominal_segmental,,,acetylcholine,0.8971,,TRUE,,,A3
720575941560383347,motor,wing_motor_neuron,DVM1a-c,left,left_anterior_dorsal_mesothoracic_nerve,wing,dorsoventral_muscle,wing_power,,gaba,0.4935,,TRUE,,,T2
720575941560573608,motor,leg_motor_neuron,tarsus_depressor_retro_tarsus_depressor,right,right_prothoracic_leg_nerve,front_leg,tarsus_depressor_muscle,leg_motor,extend_tibia_tarsus_joint,gaba,0.7599,,TRUE,,,T1
720575941561204626,motor,leg_motor_neuron,femur_reductor,left,left_prothoracic_leg_nerve,front_leg,femur_reductor_muscle,leg_motor,unknown_leg_movement,gaba,0.4769,,TRUE,,,T1
720575941561433746,motor,leg_motor_neuron,tarsus_levator_D,right,right_prothoracic_leg_nerve,front_leg,tarsus_levator_muscle,leg_motor,flex_tibia_tarsus_joint,gaba,0.6613,,TRUE,,,T1
720575941561531181,motor,haltere_motor_neuron,hi1 MN,right,right_first_abdominal_nerve,haltere,hi1_muscle,haltere_steering,,gaba,0.4081,glutamate,TRUE,,,T3
720575941561977088,motor,leg_motor_neuron,tarsus_depressor_B,left,left_prothoracic_leg_nerve,front_leg,tarsus_depressor_muscle,leg_motor,extend_tibia_tarsus_joint,octopamine,0.3061,,TRUE,,,T1
720575941562029224,motor,haltere_motor_neuron,MNhl87,right,right_metathoracic_leg_nerve,haltere,,haltere_motor,haltere_power,gaba,0.6385,,TRUE,,,T3
720575941562061568,motor,abdomen_motor_neuron,EFFabg19,right,abdominal_nerve_trunk,abdomen,,,,octopamine,0.4728,,TRUE,,,A4
720575941562065920,motor,leg_motor_neuron,pleural_remotor_and_abductor_dorsomedial_ribbon,right,right_metathoracic_leg_nerve,hind_leg,pleural_remotor_and_abductor_muscle,leg_motor,move_coxa_posterior_lateral,gaba,0.4605,,TRUE,,,T3
720575941562109440,motor,abdomen_motor_neuron,EFFabg12,left,abdominal_nerve_trunk,abdomen,,,,octopamine,0.5423,,TRUE,,,A6
720575941562150568,motor,leg_motor_neuron,sternal_posterior_rotator_dorsomedial_ribbon,right,right_metathoracic_leg_nerve,hind_leg,sternal_posterior_rotator_muscle,leg_motor,move_coxa_posterior,gaba,0.4118,,TRUE,,,T3
720575941562367239,motor,leg_motor_neuron,trochanter_flexor_MesoLN_ventral_3,left,left_mesothoracic_leg_nerve,middle_leg,trochanter_flexor_muscle,leg_motor,flex_coxa_trochanter_joint,gaba,0.5197,,TRUE,,,T2
720575941562430983,motor,haltere_motor_neuron,MNad29,right,right_first_abdominal_nerve,haltere,,haltere_motor,,,0.0,,TRUE,,,T3
720575941562471943,motor,abdomen_motor_neuron,EFFabg32,right,right_second_abdominal_nerve,abdomen,,,,acetylcholine,0.5909,,TRUE,,,A1
720575941562994839,motor,thoracic_abdominal_segmental_motor_neuron,ENXXX226,left,abdominal_nerve_trunk,thoracic_abdominal,unknown_thoracic_abdominal_segmental,,,,0.0,,TRUE,,,A5
720575941563271058,motor,leg_motor_neuron,trochanter_extensor_LinJ,right,right_mesothoracic_leg_nerve,middle_leg,trochanter_extensor_muscle,leg_motor,extend_coxa_trochanter_joint,gaba,0.3907,,TRUE,,,T2
720575941563973174,motor,leg_motor_neuron,femur_reductor_tiny,left,left_prothoracic_leg_nerve,front_leg,femur_reductor_muscle,leg_motor,unknown_leg_movement,,0.0,,TRUE,,,T1
720575941564037430,motor,haltere_motor_neuron,hi2 MN,left,left_third_abdominal_nerve,haltere,hi2_muscle,haltere_steering,,gaba,0.8414,glutamate,TRUE,,,T3
720575941564288263,motor,neck_motor_neuron,"VCvN1,VCvN2",left,left_ventral_cervical_nerve,neck,oblique_horizontal_muscle,neck_motor,neck_yaw,gaba,0.5374,,TRUE,720575940608078347,"VCvN1,VCvN2",
720575941564336128,motor,abdomen_motor_neuron,EFFabg28,right,right_second_abdominal_nerve,abdomen,,,,acetylcholine,0.4007,,TRUE,,,A1
720575941564557463,motor,abdomen_motor_neuron,EFFabg16,right,abdominal_nerve_trunk,abdomen,,,,acetylcholine,0.4028,,TRUE,,,A4
720575941564818688,motor,leg_motor_neuron,accessory_trochanter_flexor,right,right_prothoracic_leg_nerve,front_leg,accessory_trochanter_flexor_muscle,leg_motor,flex_coxa_trochanter_joint,gaba,0.4445,,TRUE,,,T1
720575941564833938,motor,neck_motor_neuron,CvN11,left,left_cervical_nerve,neck,neck_muscle,neck_motor,,glutamate,0.4631,,TRUE,720575940629464582,CvN11,
720575941565105206,motor,wing_motor_neuron,DVM1a-c,left,left_anterior_dorsal_mesothoracic_nerve,wing,dorsoventral_muscle,wing_power,,acetylcholine,0.3647,,TRUE,,,T2
720575941565200438,motor,abdomen_motor_neuron,EFFabg13,right,abdominal_nerve_trunk,abdomen,,,,gaba,0.6026,,TRUE,,,A3
720575941565211239,motor,abdomen_motor_neuron,EFFabg99f,right,abdominal_nerve_trunk,abdomen,,,,,0.0,,TRUE,,,
720575941565285730,motor,neck_motor_neuron,CvN9,right,left_cervical_nerve,neck,neck_muscle,neck_motor,,acetylcholine,0.5554,,TRUE,720575940605287358,CvN9,
720575941565296018,motor,thoracic_abdominal_segmental_motor_neuron,ENXXX226,left,left_anterior_dorsal_mesothoracic_nerve,thoracic_abdominal,unknown_thoracic_abdominal_segmental,,,octopamine,0.4986,,TRUE,,,T1
720575941565315638,motor,leg_motor_neuron,sternal_posterior_rotator_MesoLN_dorsal_5,right,right_mesothoracic_leg_nerve,middle_leg,sternal_posterior_rotator_muscle,leg_motor,move_coxa_posterior,gaba,0.3628,,TRUE,,,T2
720575941565332736,motor,pharynx_motor_neuron,MNx03,right,right_pharyngeal_nerve,pharynx,,pharynx_motor,,,0.0,,TRUE,720575940620553654,MNx03,
720575941565332992,motor,pharynx_motor_neuron,MN11D,right,right_pharyngeal_nerve,pharynx,pharynx_m11d_muscle,pharynx_motor,pharyngeal_pumping,gaba,0.378,,TRUE,720575940630868793,MN11D,
720575941565378919,motor,wing_motor_neuron,iii3,left,left_mesothoracic_accessory_nerve,wing,iii3_muscle,wing_steering,tonic_wing_steering,gaba,0.6235,,TRUE,,,T2
720575941565422999,motor,haltere_motor_neuron,MNhm42,right,right_first_abdominal_nerve,haltere,haltere_basalare_muscle,haltere_steering,unknown_haltere,gaba,0.5093,glutamate,TRUE,,,T3
720575941565553920,motor,leg_motor_neuron,accessory_tibia_flexor_C,right,right_prothoracic_leg_nerve,front_leg,accessory_tibia_flexor_muscle,leg_motor,flex_femur_tibia_joint,acetylcholine,0.4621,,TRUE,,,T1
720575941565555712,motor,abdomen_motor_neuron,EFFabg95f,left,abdominal_nerve_trunk,uterus,,ovulation,,gaba,0.3693,,TRUE,,,A9
720575941566243938,motor,pharynx_motor_neuron,MN11V,left,left_pharyngeal_nerve,pharynx,pharynx_m11v_muscle,pharynx_motor,pharyngeal_pumping,acetylcholine,0.5975,,TRUE,720575940636165624,MN11V,
720575941566847847,motor,wing_motor_neuron,DVM1a-c,left,left_anterior_dorsal_mesothoracic_nerve,wing,dorsoventral_muscle,wing_power,,acetylcholine,0.6391,,TRUE,,,T2
720575941566917370,motor,abdomen_motor_neuron,EFFabg12,left,abdominal_nerve_trunk,abdomen,,,,acetylcholine,0.3969,,TRUE,,,A3
720575941566924135,motor,leg_motor_neuron,femur_reductor_tiny,right,right_prothoracic_leg_nerve,front_leg,femur_reductor_muscle,leg_motor,unknown_leg_movement,,0.0,,TRUE,,,T1
720575941567996775,motor,pharynx_motor_neuron,MNx01,right,right_pharyngeal_nerve,pharynx,,pharynx_motor,,glutamate,0.6257,,TRUE,720575940631999080,MNx01,
720575941568355066,motor,leg_motor_neuron,sternal_anterior_rotator_MesoLN_ventral_1,right,right_mesothoracic_leg_nerve,middle_leg,sternal_anterior_rotator_muscle,leg_motor,move_coxa_anterior,gaba,0.3267,,TRUE,,,T2
720575941568546418,motor,leg_motor_neuron,tergotrochanter_extensor,right,right_ventral_prothoracic_nerve,front_leg,tergotrochanter_extensor_muscle,leg_motor,extend_coxa_trochanter_joint,acetylcholine,0.4218,,TRUE,,,T1
720575941568553330,motor,leg_motor_neuron,sternotrochanter_extensor_MesoLN_dorsal_3,left,left_mesothoracic_leg_nerve,middle_leg,sternotrochanter_extensor_muscle,leg_motor,extend_coxa_trochanter_joint,gaba,0.4237,,TRUE,,,T2
720575941568712050,motor,abdomen_motor_neuron,EFFabg13,left,abdominal_nerve_trunk,abdomen,,,,gaba,1.0,,TRUE,,,A2
720575941568724980,motor,leg_motor_neuron,trochanter_flexor_VProN,left,left_ventral_prothoracic_nerve,front_leg,trochanter_flexor_muscle,leg_motor,flex_coxa_trochanter_joint,acetylcholine,0.5311,,TRUE,,,T1
720575941569529458,motor,wing_motor_neuron,PSn_u,left,left_mesothoracic_accessory_nerve,wing,pleurosternal_muscle,wing_tension,,gaba,0.5104,,TRUE,,,T2
720575941569548402,motor,wing_motor_neuron,tp1,right,right_anterior_dorsal_mesothoracic_nerve,wing,tp1_muscle,wing_tension,,acetylcholine,0.4573,,TRUE,,,T2
720575941569607282,motor,abdomen_motor_neuron,EFFabg01,right,abdominal_nerve_trunk,abdomen,,,,gaba,0.4234,,TRUE,,,A9
720575941569716338,motor,eye_motor_neuron,CB0804,left,left_antennal_nerve,eye,retina_muscle,retina_motor,,,0.0,,TRUE,720575940618519710,CB0804,
720575941569766302,motor,leg_motor_neuron,trochanter_flexor_MesoLN_ventral_5,right,right_mesothoracic_leg_nerve,middle_leg,trochanter_flexor_muscle,leg_motor,flex_coxa_trochanter_joint,gaba,0.4705,,TRUE,,,T2
720575941570833736,motor,leg_motor_neuron,accessory_tibia_flexor_B,left,left_prothoracic_leg_nerve,front_leg,accessory_tibia_flexor_muscle,leg_motor,flex_femur_tibia_joint,gaba,0.4312,,TRUE,,,T1
720575941571652616,motor,leg_motor_neuron,tarsus_depressor_B,right,right_prothoracic_leg_nerve,front_leg,tarsus_depressor_muscle,leg_motor,extend_tibia_tarsus_joint,gaba,0.4305,,TRUE,,,T1
720575941571702536,motor,abdomen_motor_neuron,EFFabg20,right,abdominal_nerve_trunk,abdomen,,,,acetylcholine,0.4431,,TRUE,,,A8
720575941571708424,motor,abdomen_motor_neuron,EFFabg21,left,abdominal_nerve_trunk,abdomen,,,,,0.0,,TRUE,,,A4
720575941572050077,motor,leg_motor_neuron,trochanter_flexor_ventrolateral_ribbon,right,right_metathoracic_leg_nerve,hind_leg,trochanter_flexor_muscle,leg_motor,flex_coxa_trochanter_joint,gaba,0.7064,,TRUE,,,T3
720575941572052381,motor,haltere_motor_neuron,hDVM MN,right,right_first_abdominal_nerve,haltere,haltere_dorsoventral_muscle,haltere_power,,gaba,0.5247,glutamate,TRUE,,,T3
720575941572076445,motor,leg_motor_neuron,accessory_tibia_flexor_B,right,right_metathoracic_leg_nerve,hind_leg,accessory_tibia_flexor_muscle,leg_motor,flex_femur_tibia_joint,,0.0,,TRUE,,,T3
720575941572856059,motor,abdomen_motor_neuron,EFFabg17,right,abdominal_nerve_trunk,abdomen,,,,acetylcholine,0.4301,,TRUE,,,A2
720575941573025096,motor,pharynx_motor_neuron,MN10,right,right_pharyngeal_nerve,pharynx,pharynx_m10_muscle,pharynx_motor,pharyngeal_pumping,acetylcholine,0.4739,,TRUE,720575940620025620,MN10,
720575941573296822,motor,leg_motor_neuron,long_tendon_muscle_B,right,right_metathoracic_leg_nerve,hind_leg,long_tendon_muscle,leg_motor,pull_long_tendon,acetylcholine,0.4287,,TRUE,,,T3
720575941573346120,motor,leg_motor_neuron,tergotrochanter_extensor,right,right_posterior_dorsal_mesothoracic_nerve,middle_leg,tergotrochanter_extensor_muscle,leg_motor,extend_coxa_trochanter_joint,gaba,0.5052,,TRUE,,,T2
720575941573355592,motor,neck_motor_neuron,CvNA2,left,right_cervical_nerve,neck,transverse_horizontal_2_muscle,neck_motor,neck_yaw,gaba,0.455,,TRUE,,,T1
720575941573368719,motor,wing_motor_neuron,DVM2a-b,left,left_mesothoracic_accessory_nerve,wing,dorsoventral_muscle,wing_power,,octopamine,0.4747,,TRUE,,,T2
720575941573488392,motor,uterus_motor_neuron,CMU,right,abdominal_nerve_trunk,uterus,,ovulation,,gaba,0.4016,,TRUE,,,A9
720575941573516296,motor,leg_motor_neuron,accessory_trochanter_flexor_posterior_soma_ProLN,left,left_prothoracic_leg_nerve,front_leg,accessory_trochanter_flexor_muscle,leg_motor,flex_coxa_trochanter_joint,gaba,0.4141,,TRUE,,,T1
720575941573687049,motor,leg_motor_neuron,tibia_flexor,right,right_mesothoracic_leg_nerve,middle_leg,tibia_flexor_muscle,leg_motor,flex_femur_tibia_joint,gaba,0.6044,,TRUE,,,T2
720575941573751305,motor,neck_motor_neuron,CvNA2,right,left_cervical_nerve,neck,transverse_horizontal_2_muscle,neck_motor,neck_yaw,octopamine,0.3668,,TRUE,,,T1
720575941573784990,motor,leg_motor_neuron,sternotrochanter_extensor_dorsomedial_ribbon,right,right_metathoracic_leg_nerve,hind_leg,sternotrochanter_extensor_muscle,leg_motor,extend_coxa_trochanter_joint,acetylcholine,0.444,,TRUE,,,T3
720575941573843464,motor,pharynx_motor_neuron,MN12D,left,left_pharyngeal_nerve,pharynx,pharynx_m12d_muscle,pharynx_motor,pharyngeal_pumping,gaba,0.2206,,TRUE,720575940618539810,MN12D,
720575941573878537,motor,abdomen_motor_neuron,EFFabg19,right,abdominal_nerve_trunk,abdomen,,,,octopamine,0.8246,,TRUE,,,A4
720575941574008502,motor,leg_motor_neuron,sternotrochanter_extensor_MesoLN_dorsal_3,right,right_mesothoracic_leg_nerve,middle_leg,sternotrochanter_extensor_muscle,leg_motor,extend_coxa_trochanter_joint,gaba,0.5038,,TRUE,,,T2
720575941574013085,motor,leg_motor_neuron,trochanter_flexor_posterior_soma_ProAN,right,right_prothoracic_accessory_nerve,front_leg,trochanter_flexor_muscle,leg_motor,flex_coxa_trochanter_joint,gaba,0.463,,TRUE,,,T1
720575941574046056,motor,abdomen_motor_neuron,EFFabg06,left,abdominal_nerve_trunk,abdomen,,,,gaba,0.7444,,TRUE,,,A9
720575941574355016,motor,leg_motor_neuron,sternal_anterior_rotator_ventrolateral_ribbon,right,right_metathoracic_leg_nerve,hind_leg,sternal_anterior_rotator_muscle,leg_motor,move_coxa_anterior,gaba,0.4113,,TRUE,,,T3
720575941574383247,motor,leg_motor_neuron,accessory_tibia_flexor_A,left,left_mesothoracic_leg_nerve,middle_leg,accessory_tibia_flexor_muscle,leg_motor,flex_femur_tibia_joint,gaba,0.5061,,TRUE,,,T2
720575941574538504,motor,neck_motor_neuron,DProN9,right,right_dorsal_prothoracic_nerve,neck,neck_muscle,neck_motor,,gaba,0.3998,glutamate,TRUE,,,T1
720575941574626973,motor,leg_motor_neuron,tibia_flexor,left,left_mesothoracic_leg_nerve,middle_leg,tibia_flexor_muscle,leg_motor,flex_femur_tibia_joint,gaba,0.6707,,TRUE,,,T2
720575941575048040,motor,haltere_motor_neuron,MNhm03,right,right_first_abdominal_nerve,haltere,haltere_basalare_muscle,haltere_steering,unknown_haltere,gaba,0.3896,glutamate,TRUE,,,T3
720575941575596648,motor,abdomen_motor_neuron,EFFabg28,right,right_second_abdominal_nerve,abdomen,,,,gaba,0.3969,,TRUE,,,A1
720575941575975350,motor,neck_motor_neuron,DProN3a,right,right_dorsal_prothoracic_nerve,neck,depressor_muscle,neck_motor,neck_roll,gaba,0.387,,TRUE,,,T1
720575941577004881,motor,leg_motor_neuron,tarsus_levator_D,left,left_mesothoracic_leg_nerve,middle_leg,tarsus_levator_muscle,leg_motor,flex_tibia_tarsus_joint,gaba,0.6852,,TRUE,,,T2
720575941577076918,motor,crop_motor_neuron,CEM,left,left_pharyngeal_nerve_or_accessory_pharyngeal_nerve,crop,crop_muscle,crop_motor,crop_entry,,0.0,,TRUE,720575940625799513,CEM,
720575941577100277,motor,neck_motor_neuron,"VCvN1,VCvN2",right,right_ventral_cervical_nerve,neck,oblique_horizontal_muscle,neck_motor,neck_yaw,gaba,0.5687,,TRUE,720575940624327572,"VCvN1,VCvN2",
720575941577119825,motor,leg_motor_neuron,tergotrochanter_extensor_MetaAN,left,left_first_abdominal_nerve,hind_leg,tergotrochanter_extensor_muscle,leg_motor,extend_coxa_trochanter_joint,gaba,0.5745,,TRUE,,,T3
720575941577595125,motor,abdomen_motor_neuron,EFFabg96f,right,abdominal_nerve_trunk,abdomen,,,,octopamine,0.5327,,TRUE,,,
720575941577663825,motor,neck_motor_neuron,DProN8,right,right_dorsal_prothoracic_nerve,neck,neck_muscle,neck_motor,,octopamine,0.5902,glutamate,TRUE,,,T1
720575941578439513,motor,leg_motor_neuron,trochanter_flexor_ventrolateral_ribbon,right,right_metathoracic_leg_nerve,hind_leg,trochanter_flexor_muscle,leg_motor,flex_coxa_trochanter_joint,gaba,0.4207,,TRUE,,,T3
720575941578679121,motor,leg_motor_neuron,sternotrochanter_extensor_ventrolateral_ribbon,left,left_metathoracic_leg_nerve,hind_leg,sternotrochanter_extensor_muscle,leg_motor,extend_coxa_trochanter_joint,gaba,0.6738,,TRUE,,,T3
720575941579753849,motor,leg_motor_neuron,trochanter_flexor_VProN,right,right_ventral_prothoracic_nerve,front_leg,trochanter_flexor_muscle,leg_motor,flex_coxa_trochanter_joint,gaba,0.361,,TRUE,,,T1
720575941580669817,motor,wing_motor_neuron,iv1,right,right_anterior_dorsal_mesothoracic_nerve,wing,iv1_muscle,wing_steering,phasic_wing_steering,gaba,0.5577,,TRUE,,,T2
720575941580680825,motor,leg_motor_neuron,long_tendon_muscle_B,left,left_mesothoracic_leg_nerve,middle_leg,long_tendon_muscle,leg_motor,pull_long_tendon,gaba,0.6123,,TRUE,,,T2
720575941580731001,motor,leg_motor_neuron,tibia_flexor,right,right_prothoracic_leg_nerve,front_leg,tibia_flexor_muscle,leg_motor,flex_femur_tibia_joint,acetylcholine,0.4625,,TRUE,,,T1
720575941580906485,motor,abdomen_motor_neuron,EFFabg07,right,abdominal_nerve_trunk,abdomen,,,,acetylcholine,0.4169,,TRUE,,,A5
720575941581804383,motor,pharynx_motor_neuron,MN12D,right,right_pharyngeal_nerve,pharynx,pharynx_m12d_muscle,pharynx_motor,pharyngeal_pumping,acetylcholine,0.2832,,TRUE,720575940630233404,MN12D,
720575941582911865,motor,leg_motor_neuron,tergopleural_promotor_pleural_promotor,left,left_dorsal_prothoracic_nerve,front_leg,tergopleural_promotor_muscle,leg_motor,move_coxa_anterior,gaba,0.4911,,TRUE,,,T1
720575941583323358,motor,leg_motor_neuron,accessory_tibia_flexor_C,left,left_prothoracic_leg_nerve,front_leg,accessory_tibia_flexor_muscle,leg_motor,flex_femur_tibia_joint,gaba,0.3352,,TRUE,,,T1
720575941583384671,motor,antenna_motor_neuron,CB0886,right,right_antennal_nerve,antenna,antenna_muscle,antenna_motor,,gaba,0.455,,TRUE,720575940615596850,CB0886,
720575941583644382,motor,wing_motor_neuron,DLM1-4,right,right_posterior_dorsal_mesothoracic_nerve,wing,dorsal_longitudinal_muscle,wing_power,,gaba,0.5618,,TRUE,,,T1
720575941583917958,motor,abdomen_motor_neuron,EFFabg02,left,abdominal_nerve_trunk,abdomen,,,,gaba,0.4991,,TRUE,,,A9
720575941584932486,motor,leg_motor_neuron,accessory_tibia_flexor_A,right,right_metathoracic_leg_nerve,hind_leg,accessory_tibia_flexor_muscle,leg_motor,flex_femur_tibia_joint,gaba,0.4688,,TRUE,,,T3
720575941585484766,motor,leg_motor_neuron,femur_reductor,right,right_mesothoracic_leg_nerve,middle_leg,femur_reductor_muscle,leg_motor,unknown_leg_movement,acetylcholine,0.3703,,TRUE,,,T2
720575941585908446,motor,antenna_motor_neuron,CB0750,left,left_antennal_nerve,"antenna, scape",antenna_muscle,antenna_motor,,acetylcholine,0.5756,,TRUE,720575940623473335,CB0750,
720575941586951390,motor,abdomen_motor_neuron,EFFabg28,left,left_second_abdominal_nerve,abdomen,,,,gaba,0.6295,,TRUE,,,A1
720575941587267895,motor,abdomen_motor_neuron,EFFabg11,left,abdominal_nerve_trunk,abdomen,,,,octopamine,0.6426,,TRUE,,,A4
720575941587334199,motor,leg_motor_neuron,long_tendon_muscle_A_dipalpha,left,left_mesothoracic_leg_nerve,middle_leg,long_tendon_muscle,leg_motor,pull_long_tendon,glutamate,0.6928,,TRUE,,,T2
720575941587428151,motor,leg_motor_neuron,accessory_tibia_flexor_C,right,right_mesothoracic_leg_nerve,middle_leg,accessory_tibia_flexor_muscle,leg_motor,flex_femur_tibia_joint,acetylcholine,0.3641,,TRUE,,,T2
720575941588099140,motor,proboscis_motor_neuron,MN1,right,right_maxillary-labial_nerve,proboscis,proboscis_m1_muscle,proboscis_motor,proboscis_positioning,gaba,0.551,,TRUE,720575940623415849,MN1,
720575941588254206,motor,proboscis_motor_neuron,MN1,right,right_maxillary-labial_nerve,proboscis,proboscis_m1_muscle,proboscis_motor,proboscis_positioning,glutamate,0.2642,,TRUE,720575940629936348,MN1,
720575941588920631,motor,abdomen_motor_neuron,EFFabg14,right,abdominal_nerve_trunk,abdomen,,,,gaba,0.5884,,TRUE,,,A2
720575941589105292,motor,proboscis_motor_neuron,MN7,left,left_maxillary-labial_nerve,proboscis,proboscis_m7_muscle,proboscis_motor,labellar_spreading,acetylcholine,0.2597,,TRUE,720575940633185567,MN7,
720575941589587710,motor,leg_motor_neuron,accessory_tibia_flexor_A,right,right_mesothoracic_leg_nerve,middle_leg,accessory_tibia_flexor_muscle,leg_motor,flex_femur_tibia_joint,acetylcholine,0.4886,,TRUE,,,T2
720575941589657598,motor,leg_motor_neuron,sternal_posterior_rotator_MesoLN_dorsal_5,left,left_mesothoracic_leg_nerve,middle_leg,sternal_posterior_rotator_muscle,leg_motor,move_coxa_posterior,acetylcholine,0.668,,TRUE,,,T2
720575941590014007,motor,leg_motor_neuron,accessory_tibia_flexor_A_out_of_bundle,right,right_prothoracic_leg_nerve,front_leg,accessory_tibia_flexor_muscle,leg_motor,flex_femur_tibia_joint,acetylcholine,0.6142,,TRUE,,,T1
720575941590220684,motor,wing_motor_neuron,DVM3a-b,left,left_posterior_dorsal_mesothoracic_nerve,wing,dorsoventral_muscle,wing_power,,octopamine,0.6055,,TRUE,,,T1
720575941590872171,motor,leg_motor_neuron,accessory_tibia_flexor_A,left,left_prothoracic_leg_nerve,front_leg,accessory_tibia_flexor_muscle,leg_motor,flex_femur_tibia_joint,gaba,0.4589,,TRUE,,,T1
720575941591037547,motor,leg_motor_neuron,long_tendon_muscle_B,right,right_mesothoracic_leg_nerve,middle_leg,long_tendon_muscle,leg_motor,pull_long_tendon,acetylcholine,0.5782,,TRUE,,,T2
720575941591121463,motor,leg_motor_neuron,sternal_posterior_rotator_MesoLN_dorsal_5,right,right_mesothoracic_leg_nerve,middle_leg,sternal_posterior_rotator_muscle,leg_motor,move_coxa_posterior,gaba,0.361,,TRUE,,,T2
720575941591284364,motor,abdomen_motor_neuron,EFFabg94f,left,abdominal_nerve_trunk,abdomen,,,,gaba,0.5887,,TRUE,,,A9
720575941592106859,motor,abdomen_motor_neuron,EFFabg18,right,abdominal_nerve_trunk,abdomen,,,,acetylcholine,0.8612,,TRUE,,,A3
720575941592225831,motor,leg_motor_neuron,tergopleural_promotor_pleural_promotor_miller_28_30,right,right_dorsal_prothoracic_nerve,front_leg,tergopleural_promotor_muscle,leg_motor,move_coxa_anterior,gaba,0.5544,,TRUE,,,T1
720575941592581671,motor,leg_motor_neuron,long_tendon_muscle_A,right,right_prothoracic_leg_nerve,front_leg,long_tendon_muscle,leg_motor,pull_long_tendon,gaba,0.4889,,TRUE,,,T1
720575941593148011,motor,abdomen_motor_neuron,EFFabg05,left,abdominal_nerve_trunk,abdomen,,,,gaba,0.6993,,TRUE,,,A9
720575941593715569,motor,leg_motor_neuron,pleural_remotor_and_abductor_miller_29,right,right_prothoracic_accessory_nerve,front_leg,pleural_remotor_and_abductor_muscle,leg_motor,move_coxa_posterior_lateral,gaba,0.4636,,TRUE,,,
720575941593802373,motor,leg_motor_neuron,tergotrochanter_extensor,right,right_ventral_prothoracic_nerve,front_leg,tergotrochanter_extensor_muscle,leg_motor,extend_coxa_trochanter_joint,gaba,0.4873,,TRUE,,,
720575941593843589,motor,leg_motor_neuron,sternotrochanter_extensor,right,right_ventral_prothoracic_nerve,front_leg,sternotrochanter_extensor_muscle,leg_motor,extend_coxa_trochanter_joint,acetylcholine,0.3432,,TRUE,,,
720575941593984645,motor,abdomen_motor_neuron,EFFabg12,right,abdominal_nerve_trunk,abdomen,,,,gaba,0.4385,,TRUE,,,A4
720575941594091397,motor,leg_motor_neuron,trochanter_flexor_MesoAN,right,right_mesothoracic_leg_nerve,middle_leg,trochanter_flexor_muscle,leg_motor,flex_coxa_trochanter_joint,gaba,0.5414,,TRUE,,,T2
720575941594743921,motor,wing_motor_neuron,MNxm01,left,left_posterior_dorsal_mesothoracic_nerve,wing,wing_muscle,unknown_wing_motor,,acetylcholine,0.7591,,TRUE,,,T1
720575941595151237,motor,leg_motor_neuron,sternotrochanter_extensor_MesoLN_dorsal_3,left,left_mesothoracic_leg_nerve,middle_leg,sternotrochanter_extensor_muscle,leg_motor,extend_coxa_trochanter_joint,gaba,0.4269,,TRUE,,,T2
720575941595182629,motor,abdomen_motor_neuron,EFFabg95f,right,abdominal_nerve_trunk,uterus,,ovulation,,acetylcholine,0.4993,,TRUE,,,A9
720575941595299111,motor,leg_motor_neuron,femur_reductor_dorsomedial_ribbon,left,left_metathoracic_leg_nerve,hind_leg,femur_reductor_muscle,leg_motor,unknown_leg_movement,gaba,0.7537,,TRUE,,,T3
720575941595536005,motor,abdomen_motor_neuron,EFFabg10,left,left_fourth_abdominal_nerve,abdomen,,,,gaba,0.3604,,TRUE,,,A2
720575941595712448,motor,leg_motor_neuron,sternal_posterior_rotator_miller_32,right,right_prothoracic_accessory_nerve,front_leg,sternal_posterior_rotator_muscle,leg_motor,move_coxa_posterior,gaba,0.4393,,TRUE,,,T1
720575941595856540,motor,leg_motor_neuron,accessory_tibia_flexor_B,left,left_prothoracic_leg_nerve,front_leg,accessory_tibia_flexor_muscle,leg_motor,flex_femur_tibia_joint,,0.0,,TRUE,,,T1
720575941596050112,motor,wing_motor_neuron,DLM5,left,right_posterior_dorsal_mesothoracic_nerve,wing,dorsal_longitudinal_muscle,wing_power,,gaba,0.4045,,TRUE,,,T1
720575941596095877,motor,leg_motor_neuron,accessory_tibia_flexor_C,left,left_mesothoracic_leg_nerve,middle_leg,accessory_tibia_flexor_muscle,leg_motor,flex_femur_tibia_joint,gaba,0.6723,,TRUE,,,
720575941596506919,motor,unknown_thoracic_abdominal_motor_neuron,ENXXX226,right,right_dorsal_metathoracic_nerve,thoracic_abdominal,unknown_thoracic_abdominal_segmental,,,octopamine,0.4285,,TRUE,,,T2
720575941597267356,motor,wing_motor_neuron,tpn,right,right_anterior_dorsal_mesothoracic_nerve,wing,tpn_muscle,wing_tension,,acetylcholine,0.5533,,TRUE,,,T2
720575941597457564,motor,neck_motor_neuron,CvN4,left,left_cervical_nerve,neck,ventral_longitudinal_2_muscle,neck_motor,neck_pitch,gaba,0.3579,,TRUE,720575940633710756,CvN4,
720575941597489344,motor,wing_motor_neuron,DVM1a-c,right,right_anterior_dorsal_mesothoracic_nerve,wing,dorsoventral_muscle,wing_power,,acetylcholine,0.3851,,TRUE,,,T2
720575941597995305,motor,abdomen_motor_neuron,EFFabg13,right,right_fourth_abdominal_nerve,abdomen,,,,gaba,0.3349,,TRUE,,,A1
720575941598584768,motor,neck_motor_neuron,CvN9,left,right_cervical_nerve,neck,neck_muscle,neck_motor,,acetylcholine,0.6283,,TRUE,720575940624117528,CvN9,
720575941598642729,motor,abdomen_motor_neuron,EFFabg14,left,abdominal_nerve_trunk,abdomen,,,,octopamine,0.5849,,TRUE,,,A4
720575941599758121,motor,proboscis_motor_neuron,MN7,right,right_maxillary-labial_nerve,proboscis,proboscis_m7_muscle,proboscis_motor,labellar_spreading,acetylcholine,0.36,,TRUE,720575940626094350,MN7,
720575941602293177,motor,leg_motor_neuron,accessory_tibia_flexor_A,right,right_metathoracic_leg_nerve,hind_leg,accessory_tibia_flexor_muscle,leg_motor,flex_femur_tibia_joint,gaba,0.3751,,TRUE,,,T3
720575941602996158,motor,abdomen_motor_neuron,EFFabg10,left,abdominal_nerve_trunk,abdomen,,,,acetylcholine,0.4793,,TRUE,,,A5
720575941603103990,motor,proboscis_motor_neuron,MNx04,right,right_pharyngeal_nerve_or_accessory_pharyngeal_nerve,proboscis,proboscis_muscle,proboscis_motor,,histamine,0.313,,TRUE,720575940624967612,MNx04,
720575941603110134,motor,proboscis_motor_neuron,MN2V,left,left_maxillary-labial_nerve,proboscis,proboscis_m2v_muscle,proboscis_motor,proboscis_positioning,octopamine,0.2689,,TRUE,720575940619682368,MN2V,
720575941603635190,motor,wing_motor_neuron,DVM1a-c,right,right_anterior_dorsal_mesothoracic_nerve,wing,dorsoventral_muscle,wing_power,,gaba,0.5067,,TRUE,,,T2
720575941604209142,motor,proboscis_motor_neuron,MN3M,left,left_pharyngeal_nerve_or_accessory_pharyngeal_nerve,proboscis,proboscis_m3m_muscle,proboscis_motor,proboscis_positioning,acetylcholine,0.8691,,TRUE,720575940610679876,MN3M,
720575941604612086,motor,leg_motor_neuron,trochanter_extensor_LinJ,right,right_metathoracic_leg_nerve,hind_leg,trochanter_extensor_muscle,leg_motor,extend_coxa_trochanter_joint,gaba,0.4528,,TRUE,,,T3
720575941604983742,motor,abdomen_motor_neuron,EFFabg12,left,abdominal_nerve_trunk,abdomen,,,,gaba,0.6549,,TRUE,,,A5
720575941605019582,motor,leg_motor_neuron,tibia_extensor_SETi,right,right_prothoracic_leg_nerve,front_leg,tibia_extensor_muscle,leg_motor,extend_femur_tibia_joint,acetylcholine,0.4583,,TRUE,,,T1
720575941606209726,motor,leg_motor_neuron,trochanter_flexor_dorsomedial_ribbon,right,right_metathoracic_leg_nerve,hind_leg,trochanter_flexor_muscle,leg_motor,flex_coxa_trochanter_joint,gaba,0.349,,TRUE,,,T3
720575941608273226,motor,leg_motor_neuron,femur_reductor,right,right_prothoracic_leg_nerve,front_leg,femur_reductor_muscle,leg_motor,unknown_leg_movement,gaba,0.5038,,TRUE,,,T1
720575941608946921,motor,abdomen_motor_neuron,EFFabg22,right,abdominal_nerve_trunk,abdomen,,,,gaba,0.3328,,TRUE,,,A6
720575941609393766,motor,leg_motor_neuron,long_tendon_muscle_A_dipalpha,right,right_mesothoracic_leg_nerve,middle_leg,long_tendon_muscle,leg_motor,pull_long_tendon,gaba,0.6239,,TRUE,,,T2
720575941609437613,motor,neck_motor_neuron,CvN6,right,left_cervical_nerve,neck,ventral_longitudinal_1_muscle,neck_motor,neck_pitch,gaba,0.3456,,TRUE,720575940634813536,CvN6,
720575941610029642,motor,leg_motor_neuron,accessory_tibia_flexor_B,left,left_prothoracic_leg_nerve,front_leg,accessory_tibia_flexor_muscle,leg_motor,flex_femur_tibia_joint,dopamine,0.3915,,TRUE,,,T1
720575941610064102,motor,leg_motor_neuron,tarsus_depressor_B,right,right_metathoracic_leg_nerve,hind_leg,tarsus_depressor_muscle,leg_motor,extend_tibia_tarsus_joint,acetylcholine,0.459,,TRUE,,,T3
720575941610073958,motor,abdomen_motor_neuron,EFFabg30,right,right_second_abdominal_nerve,abdomen,,,,gaba,0.626,,TRUE,,,A1
720575941610087498,motor,wing_motor_neuron,tp1,left,left_anterior_dorsal_mesothoracic_nerve,wing,tp1_muscle,wing_tension,,gaba,0.4781,,TRUE,,,T2
720575941610358761,motor,leg_motor_neuron,accessory_trochanter_flexor,right,right_mesothoracic_leg_nerve,middle_leg,accessory_trochanter_flexor_muscle,leg_motor,flex_coxa_trochanter_joint,gaba,0.5886,,TRUE,,,T2
720575941610567597,motor,leg_motor_neuron,long_tendon_muscle_ltm_B,left,left_metathoracic_leg_nerve,hind_leg,long_tendon_muscle,leg_motor,pull_long_tendon,gaba,0.4669,,TRUE,,,T3
720575941610608604,motor,leg_motor_neuron,trochanter_flexor_dorsomedial_ribbon,right,right_metathoracic_leg_nerve,hind_leg,trochanter_flexor_muscle,leg_motor,flex_coxa_trochanter_joint,gaba,0.4135,,TRUE,,,T3
720575941610949962,motor,abdomen_motor_neuron,EFFabg95f,right,abdominal_nerve_trunk,uterus,,ovulation,,gaba,0.4335,,TRUE,,,A9
720575941611054154,motor,leg_motor_neuron,accessory_tibia_flexor_A,left,left_mesothoracic_leg_nerve,middle_leg,accessory_tibia_flexor_muscle,leg_motor,flex_femur_tibia_joint,glutamate,0.7685,,TRUE,,,T2
720575941611096028,motor,eye_motor_neuron,CB0901,left,left_antennal_nerve,eye,retina_muscle,retina_motor,,octopamine,0.4178,,TRUE,720575940622361270,CB0901,
720575941611258076,motor,abdomen_motor_neuron,EFFabg12,left,abdominal_nerve_trunk,abdomen,,,,gaba,0.62,,TRUE,,,A6
720575941611319017,motor,leg_motor_neuron,trochanter_flexor_dorsomedial_ribbon,left,left_metathoracic_leg_nerve,hind_leg,trochanter_flexor_muscle,leg_motor,flex_coxa_trochanter_joint,acetylcholine,0.5485,,TRUE,,,
720575941611361811,motor,leg_motor_neuron,tarsus_levator_D,left,left_prothoracic_leg_nerve,front_leg,tarsus_levator_muscle,leg_motor,flex_tibia_tarsus_joint,gaba,0.4994,,TRUE,,,T1
720575941611369705,motor,leg_motor_neuron,accessory_tibia_flexor_A,left,left_mesothoracic_leg_nerve,middle_leg,accessory_tibia_flexor_muscle,leg_motor,flex_femur_tibia_joint,gaba,0.572,,TRUE,,,T2
720575941611652627,motor,leg_motor_neuron,long_tendon_muscle_B_tibia,left,left_mesothoracic_leg_nerve,middle_leg,long_tendon_muscle,leg_motor,pull_long_tendon,gaba,0.5509,,TRUE,,,T2
720575941611707923,motor,leg_motor_neuron,tarsus_depressor_B,left,left_mesothoracic_leg_nerve,middle_leg,tarsus_depressor_muscle,leg_motor,extend_tibia_tarsus_joint,gaba,0.543,,TRUE,,,T2
720575941611750419,motor,leg_motor_neuron,long_tendon_muscle_B,right,right_mesothoracic_leg_nerve,middle_leg,long_tendon_muscle,leg_motor,pull_long_tendon,gaba,0.6034,,TRUE,,,T2
720575941611945389,motor,leg_motor_neuron,sternal_adductor_MetaAN,left,left_first_abdominal_nerve,hind_leg,sternal_adductor_muscle,leg_motor,move_coxa_medial,glutamate,0.3658,,TRUE,,,T3
720575941612158026,motor,leg_motor_neuron,accessory_tibia_flexor_B,left,left_metathoracic_leg_nerve,hind_leg,accessory_tibia_flexor_muscle,leg_motor,flex_femur_tibia_joint,acetylcholine,0.5918,,TRUE,,,T3
720575941612256476,motor,leg_motor_neuron,accessory_tibia_flexor_A,left,left_metathoracic_leg_nerve,hind_leg,accessory_tibia_flexor_muscle,leg_motor,flex_femur_tibia_joint,gaba,0.5539,,TRUE,,,
720575941612364774,motor,crop_motor_neuron,CEM,right,right_pharyngeal_nerve_or_accessory_pharyngeal_nerve,crop,crop_muscle,crop_motor,crop_entry,,0.0,,TRUE,720575940621169690,CEM,
720575941612641433,motor,abdomen_motor_neuron,EFFabg11,right,abdominal_nerve_trunk,abdomen,,,,acetylcholine,0.5053,,TRUE,,,A3
720575941612768665,motor,crop_motor_neuron,CEM,left,left_pharyngeal_nerve_or_accessory_pharyngeal_nerve,crop,crop_muscle,crop_motor,crop_entry,dopamine,0.4661,,TRUE,720575940640681680,CEM,
720575941613374172,motor,leg_motor_neuron,trochanter_flexor_MesoAN,left,left_mesothoracic_leg_nerve,middle_leg,trochanter_flexor_muscle,leg_motor,flex_coxa_trochanter_joint,gaba,0.5752,,TRUE,,,T2
720575941614289683,motor,wing_motor_neuron,DVM3a-b,left,left_posterior_dorsal_mesothoracic_nerve,wing,dorsoventral_muscle,wing_power,,octopamine,0.53,,TRUE,,,T1
720575941618260607,motor,leg_motor_neuron,sternal_posterior_rotator_dorsomedial_ribbon,left,left_metathoracic_leg_nerve,hind_leg,sternal_posterior_rotator_muscle,leg_motor,move_coxa_posterior,gaba,0.424,,TRUE,,,
720575941621725948,motor,leg_motor_neuron,tarsus_depressor_dipalpha_ventralU,left,left_prothoracic_leg_nerve,front_leg,tarsus_depressor_muscle,leg_motor,extend_tibia_tarsus_joint,gaba,0.5706,,TRUE,,,T1
720575941622252796,motor,leg_motor_neuron,tergotrochanter_extensor_MetaAN,left,left_first_abdominal_nerve,hind_leg,tergotrochanter_extensor_muscle,leg_motor,extend_coxa_trochanter_joint,gaba,0.6269,,TRUE,,,T3
720575941623130108,motor,leg_motor_neuron,trochanter_flexor_MesoAN,left,left_mesothoracic_leg_nerve,middle_leg,trochanter_flexor_muscle,leg_motor,flex_coxa_trochanter_joint,gaba,0.4568,,TRUE,,,T2
720575941623147978,motor,leg_motor_neuron,accessory_trochanter_flexor,right,right_prothoracic_leg_nerve,front_leg,accessory_trochanter_flexor_muscle,leg_motor,flex_coxa_trochanter_joint,acetylcholine,0.5105,,TRUE,,,T1
720575941623183612,motor,abdomen_motor_neuron,EFFabg11,left,abdominal_nerve_trunk,abdomen,,,,gaba,0.3629,,TRUE,,,A4
720575941623218172,motor,leg_motor_neuron,tibia_flexor_Fast,right,right_prothoracic_leg_nerve,front_leg,tibia_flexor_muscle,leg_motor,flex_femur_tibia_joint,gaba,0.5071,,TRUE,,,T1
720575941623285450,motor,proboscis_motor_neuron,MN9,right,right_pharyngeal_nerve_or_accessory_pharyngeal_nerve,proboscis,proboscis_m9_muscle,proboscis_motor,proboscis_positioning,acetylcholine,0.4755,,TRUE,720575940660219265,MN9,
720575941623403116,motor,leg_motor_neuron,tarsus_depressor_B,left,left_mesothoracic_leg_nerve,middle_leg,tarsus_depressor_muscle,leg_motor,extend_tibia_tarsus_joint,acetylcholine,0.6988,,TRUE,,,T2
720575941623743434,motor,proboscis_motor_neuron,MNx04,left,left_pharyngeal_nerve_or_accessory_pharyngeal_nerve,proboscis,proboscis_muscle,proboscis_motor,,octopamine,0.6994,,TRUE,720575940613935535,MNx04,
720575941623920586,motor,leg_motor_neuron,sternotrochanter_extensor_dorsomedial_ribbon,right,right_metathoracic_leg_nerve,hind_leg,sternotrochanter_extensor_muscle,leg_motor,extend_coxa_trochanter_joint,acetylcholine,0.415,,TRUE,,,T3
720575941624155644,motor,wing_motor_neuron,b2,left,left_anterior_dorsal_mesothoracic_nerve,wing,b2_muscle,wing_steering,phasic_wing_steering,gaba,0.5874,,TRUE,,,T2
720575941624174844,motor,leg_motor_neuron,tarsus_depressor_dipalpha_ventralU,left,left_metathoracic_leg_nerve,hind_leg,tarsus_depressor_muscle,leg_motor,extend_tibia_tarsus_joint,acetylcholine,0.6893,,TRUE,,,T3
720575941624985226,motor,wing_motor_neuron,DVM2a-b,right,right_mesothoracic_accessory_nerve,wing,dorsoventral_muscle,wing_power,,acetylcholine,0.4326,,TRUE,,,T2
720575941625178506,motor,abdomen_motor_neuron,EFFabg11,right,abdominal_nerve_trunk,abdomen,,,,gaba,0.4103,,TRUE,,,A5
720575941625549211,motor,leg_motor_neuron,accessory_tibia_flexor_A_out_of_bundle,right,right_metathoracic_leg_nerve,hind_leg,accessory_tibia_flexor_muscle,leg_motor,flex_femur_tibia_joint,gaba,0.2618,,TRUE,,,T3
720575941625808330,motor,leg_motor_neuron,sternal_posterior_rotator,left,left_prothoracic_accessory_nerve,front_leg,sternal_posterior_rotator_muscle,leg_motor,move_coxa_posterior,gaba,0.4613,,TRUE,,,T1
720575941626654410,motor,leg_motor_neuron,tarsus_depressor_A,right,right_prothoracic_leg_nerve,front_leg,tarsus_depressor_muscle,leg_motor,extend_tibia_tarsus_joint,gaba,0.529,,TRUE,,,T1
720575941626721900,motor,proboscis_motor_neuron,MN3L,left,left_pharyngeal_nerve_or_accessory_pharyngeal_nerve,proboscis,proboscis_m3l_muscle,proboscis_motor,proboscis_positioning,gaba,0.3092,,TRUE,720575940630580854,MN3L,
720575941627155238,motor,leg_motor_neuron,accessory_tibia_flexor_B,left,left_prothoracic_leg_nerve,front_leg,accessory_tibia_flexor_muscle,leg_motor,flex_femur_tibia_joint,gaba,0.4516,,TRUE,,,T1
720575941627243372,motor,leg_motor_neuron,tarsus_depressor_dipalpha_ventralU,right,right_mesothoracic_leg_nerve,middle_leg,tarsus_depressor_muscle,leg_motor,extend_tibia_tarsus_joint,gaba,0.4469,,TRUE,,,T2
720575941627279515,motor,proboscis_motor_neuron,MN7,left,left_maxillary-labial_nerve,proboscis,proboscis_m7_muscle,proboscis_motor,labellar_spreading,acetylcholine,0.4492,,TRUE,720575940621586854,MN7,
720575941627566474,motor,leg_motor_neuron,tibia_flexor,right,right_metathoracic_leg_nerve,hind_leg,tibia_flexor_muscle,leg_motor,flex_femur_tibia_joint,gaba,0.5581,,TRUE,,,T3
720575941628601126,motor,abdomen_motor_neuron,EFFabg10,left,abdominal_nerve_trunk,abdomen,,,,gaba,0.4376,,TRUE,,,A5
720575941628933433,motor,proboscis_motor_neuron,MN4b,left,left_maxillary-labial_nerve,proboscis,proboscis_m4b_muscle,proboscis_motor,proboscis_positioning,serotonin,0.3994,,TRUE,720575940630865724,MN4b,
720575941629134050,motor,abdomen_motor_neuron,EFFabg21,right,abdominal_nerve_trunk,abdomen,,,,glutamate,0.4895,,TRUE,,,A4
720575941629172716,motor,wing_motor_neuron,iii1,right,right_mesothoracic_accessory_nerve,wing,iii1_muscle,wing_steering,phasic_wing_steering,gaba,0.5681,,TRUE,,,T2
720575941630145989,motor,leg_motor_neuron,accessory_tibia_flexor_B,right,right_metathoracic_leg_nerve,hind_leg,accessory_tibia_flexor_muscle,leg_motor,flex_femur_tibia_joint,gaba,0.4696,,TRUE,,,T3
720575941630940642,motor,wing_motor_neuron,iv4,left,left_mesothoracic_accessory_nerve,wing,iv4_muscle,wing_steering,tonic_wing_steering,gaba,0.6319,,TRUE,,,T2
720575941630970604,motor,leg_motor_neuron,accessory_tibia_flexor_A,right,right_prothoracic_leg_nerve,front_leg,accessory_tibia_flexor_muscle,leg_motor,flex_femur_tibia_joint,gaba,0.5513,,TRUE,,,T1
720575941631437292,motor,leg_motor_neuron,trochanter_flexor_MesoLN_ventral_5,right,right_mesothoracic_leg_nerve,middle_leg,trochanter_flexor_muscle,leg_motor,flex_coxa_trochanter_joint,gaba,0.5121,,TRUE,,,T2
720575941631437548,motor,leg_motor_neuron,long_tendon_muscle_A_dipalpha,left,left_mesothoracic_leg_nerve,middle_leg,long_tendon_muscle,leg_motor,pull_long_tendon,gaba,0.4453,,TRUE,,,T2
720575941631837856,motor,leg_motor_neuron,femur_reductor,right,right_prothoracic_leg_nerve,front_leg,femur_reductor_muscle,leg_motor,unknown_leg_movement,gaba,0.3855,,TRUE,,,T1
720575941631840453,motor,leg_motor_neuron,trochanter_flexor_dorsomedial_ribbon,left,left_metathoracic_leg_nerve,hind_leg,trochanter_flexor_muscle,leg_motor,flex_coxa_trochanter_joint,gaba,0.4018,,TRUE,,,
720575941632094880,motor,leg_motor_neuron,femur_reductor_tiny,left,left_metathoracic_leg_nerve,hind_leg,femur_reductor_muscle,leg_motor,unknown_leg_movement,acetylcholine,0.6559,,TRUE,,,T3
720575941632276384,motor,abdomen_motor_neuron,EFFabg12,right,abdominal_nerve_trunk,abdomen,,,,gaba,0.5036,,TRUE,,,A6
720575941632311739,motor,leg_motor_neuron,accessory_trochanter_flexor,left,left_metathoracic_leg_nerve,hind_leg,accessory_trochanter_flexor_muscle,leg_motor,flex_coxa_trochanter_joint,acetylcholine,0.4533,,TRUE,,,
720575941632580037,motor,abdomen_motor_neuron,EFFabg12,right,abdominal_nerve_trunk,abdomen,,,,octopamine,0.4149,,TRUE,,,A3
720575941633013484,motor,leg_motor_neuron,tibia_flexor_Fast,right,right_metathoracic_leg_nerve,hind_leg,tibia_flexor_muscle,leg_motor,flex_femur_tibia_joint,gaba,0.6631,,TRUE,,,T3
720575941633078944,motor,abdomen_motor_neuron,EFFabg19,left,abdominal_nerve_trunk,abdomen,,,,octopamine,0.5531,,TRUE,,,A4
720575941633243067,motor,leg_motor_neuron,sternal_posterior_rotator_dorsomedial_ribbon,right,right_metathoracic_leg_nerve,hind_leg,sternal_posterior_rotator_muscle,leg_motor,move_coxa_posterior,gaba,0.527,,TRUE,,,T3
720575941633538235,motor,abdomen_motor_neuron,EFFabg20,right,abdominal_nerve_trunk,abdomen,,,,glutamate,0.6268,,TRUE,,,A4
720575941633843141,motor,leg_motor_neuron,tibia_flexor,right,right_metathoracic_leg_nerve,hind_leg,tibia_flexor_muscle,leg_motor,flex_femur_tibia_joint,gaba,0.3935,,TRUE,,,T3
720575941634053829,motor,wing_motor_neuron,PS2,right,right_mesothoracic_accessory_nerve,wing,ps2_muscle,wing_tension,,gaba,0.3988,,TRUE,,,T2
720575941636735861,motor,leg_motor_neuron,sternal_posterior_rotator_miller_32,right,right_prothoracic_accessory_nerve,front_leg,sternal_posterior_rotator_muscle,leg_motor,move_coxa_posterior,gaba,0.3873,,TRUE,,,T1
720575941637140597,motor,leg_motor_neuron,femur_reductor_tiny,left,left_mesothoracic_leg_nerve,middle_leg,femur_reductor_muscle,leg_motor,unknown_leg_movement,,0.0,,TRUE,,,T2
720575941637141109,motor,leg_motor_neuron,femur_reductor_tiny,left,left_mesothoracic_leg_nerve,middle_leg,femur_reductor_muscle,leg_motor,unknown_leg_movement,,0.0,,TRUE,,,T2
720575941638038559,motor,haltere_motor_neuron,MNhl87,right,right_metathoracic_leg_nerve,haltere,,haltere_motor,haltere_power,,0.0,,TRUE,,,T3
720575941638063391,motor,leg_motor_neuron,long_tendon_muscle_B_femur,right,right_mesothoracic_leg_nerve,middle_leg,long_tendon_muscle,leg_motor,pull_long_tendon,gaba,0.473,,TRUE,,,T2
720575941639281525,motor,leg_motor_neuron,tibia_extensor_FETi,left,left_prothoracic_leg_nerve,front_leg,tibia_extensor_muscle,leg_motor,extend_femur_tibia_joint,gaba,0.5463,,TRUE,,,T1
720575941639506207,motor,leg_motor_neuron,tergotrochanter_extensor,left,left_ventral_prothoracic_nerve,front_leg,tergotrochanter_extensor_muscle,leg_motor,extend_coxa_trochanter_joint,gaba,0.4267,,TRUE,,,T1
720575941640465439,motor,wing_motor_neuron,DLM1-4,left,left_posterior_dorsal_mesothoracic_nerve,wing,dorsal_longitudinal_muscle,wing_power,,gaba,0.5664,,TRUE,,,T1
720575941640958053,motor,leg_motor_neuron,long_tendon_muscle_B,right,right_prothoracic_leg_nerve,front_leg,long_tendon_muscle,leg_motor,pull_long_tendon,gaba,0.5751,,TRUE,,,T1
720575941641008741,motor,leg_motor_neuron,tibia_flexor,right,right_mesothoracic_leg_nerve,middle_leg,tibia_flexor_muscle,leg_motor,flex_femur_tibia_joint,gaba,0.3114,,TRUE,,,T2
720575941641621330,motor,leg_motor_neuron,accessory_tibia_flexor_A,right,right_mesothoracic_leg_nerve,middle_leg,accessory_tibia_flexor_muscle,leg_motor,flex_femur_tibia_joint,gaba,0.5557,,TRUE,,,T2
720575941641623327,motor,leg_motor_neuron,accessory_tibia_flexor_A,right,right_mesothoracic_leg_nerve,middle_leg,accessory_tibia_flexor_muscle,leg_motor,flex_femur_tibia_joint,glutamate,0.4346,,TRUE,,,T2
720575941642129528,motor,neck_motor_neuron,CvN10,left,left_cervical_nerve,neck,neck_muscle,neck_motor,,gaba,0.4055,,TRUE,720575940636044143,CvN10,
720575941642303944,motor,leg_motor_neuron,tergotrochanter_extensor,left,left_ventral_prothoracic_nerve,front_leg,tergotrochanter_extensor_muscle,leg_motor,extend_coxa_trochanter_joint,gaba,0.4362,,TRUE,,,T1
720575941642444449,motor,leg_motor_neuron,accessory_tibia_flexor_B,right,right_metathoracic_leg_nerve,hind_leg,accessory_tibia_flexor_muscle,leg_motor,flex_femur_tibia_joint,,0.0,,TRUE,,,T3
720575941642450021,motor,leg_motor_neuron,accessory_trochanter_flexor,right,right_mesothoracic_leg_nerve,middle_leg,accessory_trochanter_flexor_muscle,leg_motor,flex_coxa_trochanter_joint,gaba,0.5513,,TRUE,,,T2
720575941643100754,motor,wing_motor_neuron,PS1,right,right_mesothoracic_accessory_nerve,wing,ps1_muscle,wing_tension,,gaba,0.5046,,TRUE,,,T2
720575941643180901,motor,leg_motor_neuron,accessory_tibia_flexor_A,left,left_prothoracic_leg_nerve,front_leg,accessory_tibia_flexor_muscle,leg_motor,flex_femur_tibia_joint,gaba,0.6484,,TRUE,,,T1
720575941643248328,motor,leg_motor_neuron,accessory_tibia_flexor_A,left,left_metathoracic_leg_nerve,hind_leg,accessory_tibia_flexor_muscle,leg_motor,flex_femur_tibia_joint,gaba,0.3324,,TRUE,,,T3
720575941643797624,motor,peripheral_intrinsic_neuron,PSI,right,left_posterior_dorsal_mesothoracic_nerve,wing,,,,glutamate,0.3862,,TRUE,,,T2
720575941644192200,motor,leg_motor_neuron,trochanter_flexor_MesoAN,left,left_mesothoracic_leg_nerve,middle_leg,trochanter_flexor_muscle,leg_motor,flex_coxa_trochanter_joint,gaba,0.5474,,TRUE,,,T2
720575941644474312,motor,leg_motor_neuron,sternal_adductor_MesoLN_dorsal_5,right,right_mesothoracic_leg_nerve,middle_leg,sternal_adductor_muscle,leg_motor,move_coxa_medial,acetylcholine,0.4197,,TRUE,,,T2
720575941645148616,motor,abdomen_motor_neuron,EFFabg28,left,left_second_abdominal_nerve,abdomen,,,,,0.0,,TRUE,,,A2
720575941645259128,motor,leg_motor_neuron,sternal_posterior_rotator_MesoLN_dorsal_5,left,left_mesothoracic_leg_nerve,middle_leg,sternal_posterior_rotator_muscle,leg_motor,move_coxa_posterior,acetylcholine,0.3815,,TRUE,,,T2
720575941645403000,motor,wing_motor_neuron,DLM1-4,left,left_posterior_dorsal_mesothoracic_nerve,wing,dorsal_longitudinal_muscle,wing_power,,gaba,0.4523,,TRUE,,,T1
720575941649909489,motor,leg_motor_neuron,femur_reductor,right,right_prothoracic_leg_nerve,front_leg,femur_reductor_muscle,leg_motor,unknown_leg_movement,acetylcholine,0.364,,TRUE,,,T1
720575941649945329,motor,leg_motor_neuron,tergotrochanter_extensor_MetaAN,right,right_first_abdominal_nerve,hind_leg,tergotrochanter_extensor_muscle,leg_motor,extend_coxa_trochanter_joint,gaba,0.3996,,TRUE,,,T3
720575941650258709,motor,haltere_motor_neuron,MNhl59,left,left_metathoracic_leg_nerve,haltere,leg_muscle,haltere_motor,unknown_leg_movement,gaba,0.7885,,TRUE,,,T3
720575941650859281,motor,abdomen_motor_neuron,EFFabg05,right,abdominal_nerve_trunk,abdomen,,,,octopamine,0.3963,,TRUE,,,
720575941651528177,motor,leg_motor_neuron,accessory_tibia_flexor_B,right,right_metathoracic_leg_nerve,hind_leg,accessory_tibia_flexor_muscle,leg_motor,flex_femur_tibia_joint,gaba,0.4474,,TRUE,,,T3
720575941652113685,motor,proboscis_motor_neuron,MN3M,right,right_pharyngeal_nerve_or_accessory_pharyngeal_nerve,proboscis,proboscis_m3m_muscle,proboscis_motor,proboscis_positioning,acetylcholine,0.5078,,TRUE,720575940644726432,MN3M,
720575941652694769,motor,pharynx_motor_neuron,MN11D,left,left_pharyngeal_nerve,pharynx,pharynx_m11d_muscle,pharynx_motor,pharyngeal_pumping,acetylcholine,0.7727,,TRUE,720575940618165019,MN11D,
720575941652739796,motor,abdomen_motor_neuron,EFFabg21,left,abdominal_nerve_trunk,abdomen,,,,octopamine,0.5691,,TRUE,,,A4
720575941652910804,motor,abdomen_motor_neuron,EFFabg11,left,abdominal_nerve_trunk,abdomen,,,,octopamine,0.4616,,TRUE,,,A3
720575941653451993,motor,abdomen_motor_neuron,EFFabg32,right,left_second_abdominal_nerve,abdomen,,,,gaba,0.6718,,TRUE,,,A1
720575941653452249,motor,abdomen_motor_neuron,EFFabg29,right,right_second_abdominal_nerve,abdomen,,,,gaba,0.4192,,TRUE,,,A1
720575941654220561,motor,abdomen_motor_neuron,EFFabg96f,left,abdominal_nerve_trunk,abdomen,,,,gaba,0.5173,,TRUE,,,A9
720575941655597785,motor,wing_motor_neuron,b2,right,right_anterior_dorsal_mesothoracic_nerve,wing,b2_muscle,wing_steering,phasic_wing_steering,gaba,0.5136,,TRUE,,,T2
720575941655736344,motor,leg_motor_neuron,long_tendon_muscle_B_femur,right,right_metathoracic_leg_nerve,hind_leg,long_tendon_muscle,leg_motor,pull_long_tendon,gaba,0.4278,,TRUE,,,T3
720575941656201177,motor,proboscis_motor_neuron,MN4a,left,left_maxillary-labial_nerve,proboscis,proboscis_m4a_muscle,proboscis_motor,proboscis_positioning,gaba,0.7338,,TRUE,720575940614386070,MN4a,
720575941656372304,motor,leg_motor_neuron,trochanter_flexor_VProN,right,right_ventral_prothoracic_nerve,front_leg,trochanter_flexor_muscle,leg_motor,flex_coxa_trochanter_joint,gaba,0.5223,,TRUE,,,T1
720575941656564504,motor,abdomen_motor_neuron,EFFabg13,right,abdominal_nerve_trunk,abdomen,,,,acetylcholine,0.663,,TRUE,,,A3
720575941658392344,motor,leg_motor_neuron,tibia_flexor,left,left_mesothoracic_leg_nerve,middle_leg,tibia_flexor_muscle,leg_motor,flex_femur_tibia_joint,gaba,0.5339,,TRUE,,,T2
720575941662402360,motor,proboscis_motor_neuron,MN2Db,left,left_maxillary-labial_nerve,proboscis,proboscis_m2db_muscle,proboscis_motor,proboscis_positioning,acetylcholine,0.4134,,TRUE,720575940618600246,MN2Db,
720575941662638460,motor,abdomen_motor_neuron,EFFabg10,right,left_fourth_abdominal_nerve,abdomen,,,,acetylcholine,0.4406,,TRUE,,,A2
720575941663433340,motor,abdomen_motor_neuron,EFFabg14,right,abdominal_nerve_trunk,abdomen,,,,octopamine,0.3738,,TRUE,,,A4
720575941665281011,motor,leg_motor_neuron,accessory_trochanter_flexor_MetaLN,right,right_metathoracic_leg_nerve,hind_leg,accessory_trochanter_flexor_muscle,leg_motor,flex_coxa_trochanter_joint,,0.0,,TRUE,,,T3
720575941665539827,motor,hind_leg_motor_neuron,MNhl88,left,left_metathoracic_leg_nerve,haltere,,leg_motor,,acetylcholine,0.5492,,TRUE,,,T3
720575941667370739,motor,leg_motor_neuron,tibia_flexor,left,left_prothoracic_leg_nerve,front_leg,tibia_flexor_muscle,leg_motor,flex_femur_tibia_joint,gaba,0.4646,,TRUE,,,T1
720575941667380979,motor,leg_motor_neuron,sternotrochanter_extensor,right,right_ventral_prothoracic_nerve,front_leg,sternotrochanter_extensor_muscle,leg_motor,extend_coxa_trochanter_joint,acetylcholine,0.4473,,TRUE,,,T1
720575941667542515,motor,abdomen_motor_neuron,MNabgxxF,left,abdominal_nerve_trunk,abdomen,,,,gaba,0.5865,,TRUE,,,
720575941668553639,motor,leg_motor_neuron,accessory_trochanter_flexor,left,left_mesothoracic_leg_nerve,middle_leg,accessory_trochanter_flexor_muscle,leg_motor,flex_coxa_trochanter_joint,gaba,0.6333,,TRUE,,,T2
720575941668683687,motor,leg_motor_neuron,tergopleural_promotor_pleural_promotor,left,left_dorsal_prothoracic_nerve,front_leg,tergopleural_promotor_muscle,leg_motor,move_coxa_anterior,gaba,0.6548,,TRUE,,,T1
720575941669019635,motor,wing_motor_neuron,tp2,right,right_anterior_dorsal_mesothoracic_nerve,wing,tp2_muscle,wing_tension,,octopamine,0.547,,TRUE,,,T2
720575941669313447,motor,antenna_motor_neuron,CB0873,right,right_antennal_nerve,"antenna, scape",antenna_muscle,antenna_motor,,octopamine,0.3248,,TRUE,720575940620982966,CB0873,
720575941671982759,motor,antenna_motor_neuron,CB0810,right,right_antennal_nerve,"antenna, scape",antenna_muscle,antenna_motor,,acetylcholine,0.2722,,TRUE,720575940611008718,CB0810,
720575941679001021,motor,leg_motor_neuron,sternal_posterior_rotator_dorsomedial_ribbon,left,left_metathoracic_leg_nerve,hind_leg,sternal_posterior_rotator_muscle,leg_motor,move_coxa_posterior,acetylcholine,0.5209,,TRUE,,,
720575941679645373,motor,abdomen_motor_neuron,EFFabg10,right,abdominal_nerve_trunk,abdomen,,,,octopamine,0.5294,,TRUE,,,A5
720575941680133053,motor,abdomen_motor_neuron,EFFabg09,left,abdominal_nerve_trunk,abdomen,,,,acetylcholine,0.8353,,TRUE,,,
720575941680979133,motor,leg_motor_neuron,long_tendon_muscle_B_femur,left,left_mesothoracic_leg_nerve,middle_leg,long_tendon_muscle,leg_motor,pull_long_tendon,gaba,0.441,,TRUE,,,T2
720575941684824815,motor,leg_motor_neuron,sternal_posterior_rotator_MesoLN_dorsal_5,left,left_mesothoracic_leg_nerve,middle_leg,sternal_posterior_rotator_muscle,leg_motor,move_coxa_posterior,gaba,0.5352,,TRUE,,,T2
720575941685793804,motor,abdomen_motor_neuron,EFFabg13,right,abdominal_nerve_trunk,abdomen,,,,octopamine,0.3949,,TRUE,,,A2
720575941685804044,motor,leg_motor_neuron,tibia_flexor,right,right_mesothoracic_leg_nerve,middle_leg,tibia_flexor_muscle,leg_motor,flex_femur_tibia_joint,gaba,0.571,,TRUE,,,T2
720575941686473228,motor,abdomen_motor_neuron,EFFabg05,right,abdominal_nerve_trunk,abdomen,,,,gaba,0.7421,,TRUE,,,
720575941687084527,motor,proboscis_motor_neuron,MN5,right,right_pharyngeal_nerve_or_accessory_pharyngeal_nerve,proboscis,proboscis_m5_muscle,proboscis_motor,pharyngeal_pumping,,0.0,,TRUE,720575940626939737,MN5,
720575941687102220,motor,abdomen_motor_neuron,EFFabg13,right,abdominal_nerve_trunk,abdomen,,,,gaba,0.6251,,TRUE,,,A3
720575941687545356,motor,abdomen_motor_neuron,EFFabg34,right,right_second_abdominal_nerve,abdomen,,,,acetylcholine,0.5307,,TRUE,,,A1
720575941687653238,motor,leg_motor_neuron,trochanter_extensor,left,left_mesothoracic_leg_nerve,middle_leg,trochanter_extensor_muscle,leg_motor,extend_coxa_trochanter_joint,gaba,0.4393,,TRUE,,,T2
720575941688270744,motor,leg_motor_neuron,tergotrochanter_extensor_MetaAN,right,right_first_abdominal_nerve,hind_leg,tergotrochanter_extensor_muscle,leg_motor,extend_coxa_trochanter_joint,gaba,0.4973,,TRUE,,,T3
720575941688509403,motor,abdomen_motor_neuron,EFFabg28,right,right_second_abdominal_nerve,abdomen,,,,gaba,0.5583,,TRUE,,,A1
720575941689495515,motor,leg_motor_neuron,long_tendon_muscle_ltm_B,left,left_metathoracic_leg_nerve,hind_leg,long_tendon_muscle,leg_motor,pull_long_tendon,gaba,0.4508,,TRUE,,,T3
720575941690760923,motor,abdomen_motor_neuron,EFFabg27,right,right_fourth_abdominal_nerve,abdomen,,,,acetylcholine,0.4149,,TRUE,,,A2
720575941691007896,motor,leg_motor_neuron,pleural_remotor_and_abductor_miller_29,right,right_prothoracic_accessory_nerve,front_leg,pleural_remotor_and_abductor_muscle,leg_motor,move_coxa_posterior_lateral,acetylcholine,0.6495,,TRUE,,,T1
720575941691080155,motor,leg_motor_neuron,trochanter_flexor_MesoLN_ventral_3,left,left_mesothoracic_leg_nerve,middle_leg,trochanter_flexor_muscle,leg_motor,flex_coxa_trochanter_joint,gaba,0.4911,,TRUE,,,T2
720575941692129243,motor,leg_motor_neuron,sternal_anterior_rotator_miller_31,right,right_ventral_prothoracic_nerve,front_leg,sternal_anterior_rotator_muscle,leg_motor,move_coxa_anterior,gaba,0.4246,,TRUE,,,T1
720575941692400603,motor,wing_motor_neuron,DLM5,right,left_posterior_dorsal_mesothoracic_nerve,wing,dorsal_longitudinal_muscle,wing_power,,gaba,0.4269,,TRUE,,,T2
720575941692527579,motor,pharynx_motor_neuron,MNx01,right,right_pharyngeal_nerve,pharynx,,pharynx_motor,,glutamate,0.5099,,TRUE,720575940632304711,MNx01,
720575941720479034,motor,leg_motor_neuron,trochanter_extensor,left,left_prothoracic_leg_nerve,front_leg,trochanter_extensor_muscle,leg_motor,extend_coxa_trochanter_joint,gaba,0.4227,,TRUE,,,
720575941720492346,motor,leg_motor_neuron,tarsus_depressor_B,left,left_prothoracic_leg_nerve,front_leg,tarsus_depressor_muscle,leg_motor,extend_tibia_tarsus_joint,glutamate,0.4605,,TRUE,,,T1
720575941720592698,motor,abdomen_motor_neuron,EFFabg33,right,right_second_abdominal_nerve,abdomen,,,,gaba,0.3082,,TRUE,,,A1
720575941722047290,motor,leg_motor_neuron,tarsus_depressor_dipalpha_ventralU,right,right_prothoracic_leg_nerve,front_leg,tarsus_depressor_muscle,leg_motor,extend_tibia_tarsus_joint,gaba,0.5094,,TRUE,,,T1
720575941730020395,motor,haltere_motor_neuron,MNhm43,right,right_first_abdominal_nerve,haltere,haltere_basalare_muscle,haltere_steering,unknown_haltere,gaba,0.6309,glutamate,TRUE,,,T3
720575941731588395,motor,abdomen_motor_neuron,EFFabg98f,left,abdominal_nerve_trunk,abdomen,,,,octopamine,0.438,,TRUE,,,
720575941731588651,motor,neck_motor_neuron,DProN7,left,left_dorsal_prothoracic_nerve,neck,neck_muscle,neck_motor,,glutamate,0.879,glutamate,TRUE,,,T1
720575941732789547,motor,wing_motor_neuron,iv2,left,left_anterior_dorsal_mesothoracic_nerve,wing,iv2_muscle,wing_steering,phasic_wing_steering,gaba,0.7022,,TRUE,,,T2
720575941733197355,motor,leg_motor_neuron,trochanter_flexor_MesoLN_ventral_5,right,right_mesothoracic_leg_nerve,middle_leg,trochanter_flexor_muscle,leg_motor,flex_coxa_trochanter_joint,gaba,0.2837,,TRUE,,,T2
