id,dn_id,dn_type,dn_side,motor_id,motor_leg,motor_action,hops,node_ids,counts_v2,counts_v3,bottleneck_v2,bottleneck_v3
banc-path-0001,720575941510475536,DNa02,left,720575941519664856,LM,move_coxa_anterior,1,720575941510475536;720575941519664856,81,91,81,91
banc-path-0002,720575941535086424,DNg13,right,720575941506261538,LF,move_coxa_anterior,1,720575941535086424;720575941506261538,55,53,55,53
banc-path-0003,720575941445859754,DNg13,left,720575941556297811,RF,move_coxa_anterior,1,720575941445859754;720575941556297811,51,51,51,51
banc-path-0004,720575941456897005,DNa02,right,720575941568355066,RM,move_coxa_anterior,1,720575941456897005;720575941568355066,48,48,48,48
banc-path-0005,720575941535086424,DNg13,right,720575941498960546,LF,move_coxa_anterior,1,720575941535086424;720575941498960546,40,41,40,41
banc-path-0006,720575941456897005,DNa02,right,720575941574355016,RH,move_coxa_anterior,1,720575941456897005;720575941574355016,37,44,37,44
banc-path-0007,720575941445859754,DNg13,left,720575941592225831,RF,move_coxa_anterior,1,720575941445859754;720575941592225831,36,35,36,35
banc-path-0008,720575941456897005,DNa02,right,720575941531180261,RF,move_coxa_anterior,1,720575941456897005;720575941531180261,36,35,36,35
banc-path-0009,720575941456897005,DNa02,right,720575941692129243,RF,move_coxa_anterior,1,720575941456897005;720575941692129243,35,33,35,33
banc-path-0010,720575941510475536,DNa02,left,720575941538992021,LH,move_coxa_anterior,1,720575941510475536;720575941538992021,29,37,29,37
banc-path-0011,720575941510475536,DNa02,left,720575941561204626,LF,unknown_leg_movement,1,720575941510475536;720575941561204626,23,22,23,22
banc-path-0012,720575941456897005,DNa02,right,720575941480138976,RM,move_coxa_anterior,1,720575941456897005;720575941480138976,21,25,21,25
banc-path-0013,720575941510475536,DNa02,left,720575941558861839,LM,move_coxa_anterior,1,720575941510475536;720575941558861839,20,23,20,23
banc-path-0014,720575941510475536,DNa02,left,720575941494740094,LH,move_coxa_anterior,1,720575941510475536;720575941494740094,19,24,19,24
banc-path-0015,720575941510475536,DNa02,left,720575941556144100,LM,move_coxa_posterior,1,720575941510475536;720575941556144100,19,20,19,20
banc-path-0016,720575941510475536,DNa02,left,720575941611945389,LH,move_coxa_medial,1,720575941510475536;720575941611945389,19,30,19,30
banc-path-0017,720575941510475536,DNa02,left,720575941455787245,LF,move_coxa_anterior,1,720575941510475536;720575941455787245,18,20,18,20
banc-path-0018,720575941456897005,DNa02,right,720575941448798133,RF,unknown_leg_movement,1,720575941456897005;720575941448798133,17,18,17,18
banc-path-0019,720575941510475536,DNa02,left,720575941531923147,LF,move_coxa_anterior,1,720575941510475536;720575941531923147,19,17,19,17
banc-path-0020,720575941456897005,DNa02,right,720575941573687049,RM,flex_femur_tibia_joint,1,720575941456897005;720575941573687049,14,16,14,16
banc-path-0021,720575941456897005,DNa02,right,720575941438181205,RH,move_coxa_anterior,1,720575941456897005;720575941438181205,10,13,10,13
banc-path-0022,720575941456897005,DNa02,right,720575941503422187,RH,move_coxa_medial,1,720575941456897005;720575941503422187,7,11,7,11
banc-path-0023,720575941445859754,DNg13,left,720575941428654255,RF,move_coxa_anterior,1,720575941445859754;720575941428654255,6,6,6,6
banc-path-0024,720575941510475536,DNa02,left,720575941455787245,LF,move_coxa_anterior,2,720575941510475536;720575941537865165;720575941455787245,142;442,152;450,142,152
banc-path-0025,720575941510475536,DNa02,left,720575941531923147,LF,move_coxa_anterior,2,720575941510475536;720575941537865165;720575941531923147,142;360,152;344,142,152
banc-path-0026,720575941456897005,DNa02,right,720575941531180261,RF,move_coxa_anterior,2,720575941456897005;720575941496630400;720575941531180261,125;436,138;431,125,138
banc-path-0027,720575941456897005,DNa02,right,720575941692129243,RF,move_coxa_anterior,2,720575941456897005;720575941496630400;720575941692129243,125;359,138;364,125,138
banc-path-0028,720575941456897005,DNa02,right,720575941480138976,RM,move_coxa_anterior,2,720575941456897005;720575941509326430;720575941480138976,86;444,95;469,86,95
banc-path-0029,720575941456897005,DNa02,right,720575941568355066,RM,move_coxa_anterior,2,720575941456897005;720575941509326430;720575941568355066,86;317,95;329,86,95
banc-path-0030,720575941510475536,DNa02,left,720575941519664856,LM,move_coxa_anterior,2,720575941510475536;720575941504382999;720575941519664856,72;380,90;403,72,90
banc-path-0031,720575941510475536,DNa02,left,720575941558861839,LM,move_coxa_anterior,2,720575941510475536;720575941504382999;720575941558861839,72;488,90;508,72,90
banc-path-0032,720575941510475536,DNa02,left,720575941494740094,LH,move_coxa_anterior,2,720575941510475536;720575941553598180;720575941494740094,65;74,89;84,65,84
banc-path-0033,720575941510475536,DNa02,left,720575941538992021,LH,move_coxa_anterior,2,720575941510475536;720575941553598180;720575941538992021,65;294,89;310,65,89
banc-path-0034,720575941510475536,DNa02,left,720575941611945389,LH,move_coxa_medial,2,720575941510475536;720575941553598180;720575941611945389,65;332,89;348,65,89
banc-path-0035,720575941510475536,DNa02,left,720575941402088304,LF,move_coxa_posterior,2,720575941510475536;720575941541544028;720575941402088304,64;327,68;331,64,68
banc-path-0036,720575941445859754,DNg13,left,720575941353301552,RF,move_coxa_posterior,2,720575941445859754;720575941512779084;720575941353301552,60;136,61;128,60,61
banc-path-0037,720575941445859754,DNg13,left,720575941559978797,RF,move_coxa_posterior,2,720575941445859754;720575941512779084;720575941559978797,60;84,61;80,60,61
banc-path-0038,720575941445859754,DNg13,left,720575941593715569,RF,move_coxa_posterior_lateral,2,720575941445859754;720575941512779084;720575941593715569,60;220,61;200,60,61
banc-path-0039,720575941510475536,DNa02,left,720575941470371851,LM,unknown_leg_movement,2,720575941510475536;720575941594854251;720575941470371851,57;61,57;66,57,57
banc-path-0040,720575941535086424,DNg13,right,720575941402088304,LF,move_coxa_posterior,2,720575941535086424;720575941545080252;720575941402088304,53;144,56;139,53,56
banc-path-0041,720575941535086424,DNg13,right,720575941494164864,LF,move_coxa_posterior_lateral,2,720575941535086424;720575941545080252;720575941494164864,53;248,56;242,53,56
banc-path-0042,720575941535086424,DNg13,right,720575941518133464,LF,move_coxa_posterior,2,720575941535086424;720575941545080252;720575941518133464,53;80,56;80,53,56
banc-path-0043,720575941456897005,DNa02,right,720575941503422187,RH,move_coxa_medial,2,720575941456897005;720575941438399807;720575941503422187,51;288,71;315,51,71
banc-path-0044,720575941456897005,DNa02,right,720575941574355016,RH,move_coxa_anterior,2,720575941456897005;720575941438399807;720575941574355016,51;170,71;194,51,71
banc-path-0045,720575941456897005,DNa02,right,720575941353301552,RF,move_coxa_posterior,2,720575941456897005;720575941496314697;720575941353301552,47;275,52;275,47,52
banc-path-0046,720575941456897005,DNa02,right,720575941478307380,RM,unknown_leg_movement,2,720575941456897005;720575941572062729;720575941478307380,47;48,46;57,47,46
banc-path-0047,720575941445859754,DNg13,left,720575941573687049,RM,flex_femur_tibia_joint,2,720575941445859754;720575941571487134;720575941573687049,46;65,45;70,46,45
banc-path-0048,720575941445859754,DNg13,left,720575941569766302,RM,flex_coxa_trochanter_joint,2,720575941445859754;720575941571487134;720575941569766302,46;44,45;46,44,45
banc-path-0049,720575941445859754,DNg13,left,720575941589587710,RM,flex_femur_tibia_joint,2,720575941445859754;720575941571487134;720575941589587710,46;44,45;49,44,45
banc-path-0050,720575941456897005,DNa02,right,720575941503422187,RH,move_coxa_medial,2,720575941456897005;720575941612816301;720575941503422187,44;55,70;65,44,65
banc-path-0051,720575941535086424,DNg13,right,720575941470371851,LM,unknown_leg_movement,2,720575941535086424;720575941579971417;720575941470371851,39;68,40;69,39,40
banc-path-0052,720575941535086424,DNg13,right,720575941470371851,LM,unknown_leg_movement,2,720575941535086424;720575941649795057;720575941470371851,41;65,39;60,41,39
banc-path-0053,720575941535086424,DNg13,right,720575941471300448,LM,unknown_leg_movement,2,720575941535086424;720575941579971417;720575941471300448,39;93,40;95,39,40
banc-path-0054,720575941535086424,DNg13,right,720575941481634383,LH,extend_coxa_trochanter_joint,2,720575941535086424;720575941508277794;720575941481634383,58;39,68;49,39,49
banc-path-0055,720575941535086424,DNg13,right,720575941431160824,LH,flex_femur_tibia_joint,2,720575941535086424;720575941509926354;720575941431160824,35;44,38;50,35,38
banc-path-0056,720575941535086424,DNg13,right,720575941454830131,LH,flex_femur_tibia_joint,2,720575941535086424;720575941509926354;720575941454830131,35;42,38;45,35,38
banc-path-0057,720575941445859754,DNg13,left,720575941623920586,RH,extend_coxa_trochanter_joint,2,720575941445859754;720575941577494888;720575941623920586,54;26,60;31,26,31
banc-path-0058,720575941510475536,DNa02,left,720575941431976718,RH,unknown_leg_movement,2,720575941510475536;720575941496370814;720575941431976718,24;26,24;31,24,24
banc-path-0059,720575941510475536,DNa02,left,720575941491293415,RM,move_coxa_posterior,2,720575941510475536;720575941496370814;720575941491293415,24;38,24;39,24,24
banc-path-0060,720575941510475536,DNa02,left,720575941498748489,RH,move_coxa_posterior,2,720575941510475536;720575941496370814;720575941498748489,24;35,24;43,24,24
banc-path-0061,720575941510475536,DNa02,left,720575941562150568,RH,move_coxa_posterior,2,720575941510475536;720575941496370814;720575941562150568,24;55,24;66,24,24
banc-path-0062,720575941445859754,DNg13,left,720575941543372649,RH,extend_coxa_trochanter_joint,2,720575941445859754;720575941577494888;720575941543372649,54;24,60;23,24,23
banc-path-0063,720575941510475536,DNa02,left,720575941591121463,RM,move_coxa_posterior,2,720575941510475536;720575941526704484;720575941591121463,25;25,23;25,25,23
banc-path-0064,720575941445859754,DNg13,left,720575941488644300,RH,extend_coxa_trochanter_joint,2,720575941445859754;720575941577494888;720575941488644300,54;20,60;31,20,31
banc-path-0065,720575941535086424,DNg13,right,720575941428654255,RF,move_coxa_anterior,2,720575941535086424;720575941575416975;720575941428654255,16;16,15;16,16,15
banc-path-0066,720575941535086424,DNg13,right,720575941470212471,RH,extend_femur_tibia_joint,2,720575941535086424;720575941575416975;720575941470212471,16;16,15;20,16,15
banc-path-0067,720575941535086424,DNg13,right,720575941478187841,RM,extend_femur_tibia_joint,2,720575941535086424;720575941575416975;720575941478187841,16;20,15;22,16,15
banc-path-0068,720575941535086424,DNg13,right,720575941488287797,RF,extend_femur_tibia_joint,2,720575941535086424;720575941575416975;720575941488287797,16;43,15;42,16,15
banc-path-0069,720575941535086424,DNg13,right,720575941491293415,RM,move_coxa_posterior,2,720575941535086424;720575941575416975;720575941491293415,16;21,15;24,16,15
banc-path-0070,720575941535086424,DNg13,right,720575941498748489,RH,move_coxa_posterior,2,720575941535086424;720575941575416975;720575941498748489,16;16,15;20,16,15
banc-path-0071,720575941535086424,DNg13,right,720575941518204888,RF,move_coxa_anterior,2,720575941535086424;720575941575416975;720575941518204888,16;16,15;16,16,15
banc-path-0072,720575941535086424,DNg13,right,720575941525308582,RH,extend_femur_tibia_joint,2,720575941535086424;720575941575416975;720575941525308582,16;18,15;29,16,15
banc-path-0073,720575941535086424,DNg13,right,720575941565315638,RM,move_coxa_posterior,2,720575941535086424;720575941575416975;720575941565315638,16;18,15;20,16,15
banc-path-0074,720575941445859754,DNg13,left,720575941497881417,LM,flex_femur_tibia_joint,2,720575941445859754;720575941513715665;720575941497881417,15;15,14;17,15,14
banc-path-0075,720575941445859754,DNg13,left,720575941508440193,LH,flex_femur_tibia_joint,2,720575941445859754;720575941513715665;720575941508440193,15;18,14;22,15,14
banc-path-0076,720575941445859754,DNg13,left,720575941658392344,LM,flex_femur_tibia_joint,2,720575941445859754;720575941513715665;720575941658392344,15;18,14;15,15,14
banc-path-0077,720575941456897005,DNa02,right,720575941402088304,LF,move_coxa_posterior,2,720575941456897005;720575941438483730;720575941402088304,14;28,18;30,14,18
banc-path-0078,720575941456897005,DNa02,right,720575941471300448,LM,unknown_leg_movement,2,720575941456897005;720575941438483730;720575941471300448,14;15,18;25,14,18
banc-path-0079,720575941456897005,DNa02,right,720575941517726936,LH,move_coxa_posterior,2,720575941456897005;720575941438483730;720575941517726936,14;19,18;26,14,18
banc-path-0080,720575941456897005,DNa02,right,720575941525586507,LH,move_coxa_posterior,2,720575941456897005;720575941438483730;720575941525586507,14;27,18;50,14,18
banc-path-0081,720575941456897005,DNa02,right,720575941645259128,LM,move_coxa_posterior,2,720575941456897005;720575941438483730;720575941645259128,14;48,18;63,14,18
banc-path-0082,720575941456897005,DNa02,right,720575941684824815,LM,move_coxa_posterior,2,720575941456897005;720575941438483730;720575941684824815,14;47,18;48,14,18
banc-path-0083,720575941445859754,DNg13,left,720575941431160824,LH,flex_femur_tibia_joint,2,720575941445859754;720575941513715665;720575941431160824,15;13,14;13,13,13
banc-path-0084,720575941445859754,DNg13,left,720575941508440193,LH,flex_femur_tibia_joint,2,720575941445859754;720575941630984418;720575941508440193,42;13,48;15,13,15
banc-path-0085,720575941456897005,DNa02,right,720575941548546696,LF,move_coxa_posterior_lateral,2,720575941456897005;720575941438483730;720575941548546696,14;13,18;14,13,14
banc-path-0086,720575941510475536,DNa02,left,720575941559281679,RF,flex_femur_tibia_joint,2,720575941510475536;720575941526704484;720575941559281679,25;13,23;15,13,15
banc-path-0087,720575941510475536,DNa02,left,720575941593715569,RF,move_coxa_posterior_lateral,2,720575941510475536;720575941496370814;720575941593715569,24;12,24;13,12,13
banc-path-0088,720575941510475536,DNa02,left,720575941353301552,RF,move_coxa_posterior,2,720575941510475536;720575941496370814;720575941353301552,24;11,24;11,11,11
banc-path-0089,720575941510475536,DNa02,left,720575941565315638,RM,move_coxa_posterior,2,720575941510475536;720575941496370814;720575941565315638,24;11,24;15,11,15
banc-path-0090,720575941456897005,DNa02,right,720575941414478484,LH,unknown_leg_movement,2,720575941456897005;720575941438483730;720575941414478484,14;9,18;24,9,18
banc-path-0091,720575941445859754,DNg13,left,720575941561204626,LF,unknown_leg_movement,2,720575941445859754;720575941461212883;720575941561204626,17;8,19;10,8,10
banc-path-0092,720575941456897005,DNa02,right,720575941402088304,LF,move_coxa_posterior,2,720575941456897005;720575941655504084;720575941402088304,10;11,8;12,10,8
banc-path-0093,720575941445859754,DNg13,left,720575941443907754,LM,extend_coxa_trochanter_joint,2,720575941445859754;720575941627995705;720575941443907754,7;12,8;21,7,8
banc-path-0094,720575941445859754,DNg13,left,720575941486064962,LF,unknown_leg_movement,2,720575941445859754;720575941461212883;720575941486064962,17;6,19;8,6,8
banc-path-0095,720575941445859754,DNg13,left,720575941494164864,LF,move_coxa_posterior_lateral,2,720575941445859754;720575941516835438;720575941494164864,11;6,12;7,6,7
banc-path-0096,720575941510475536,DNa02,left,720575941455787245,LF,move_coxa_anterior,3,720575941510475536;720575941537865165;720575941548923965;720575941455787245,142;132;176,152;137;181,132,137
banc-path-0097,720575941510475536,DNa02,left,720575941531923147,LF,move_coxa_anterior,3,720575941510475536;720575941537865165;720575941548923965;720575941531923147,142;132;197,152;137;221,132,137
banc-path-0098,720575941456897005,DNa02,right,720575941531180261,RF,move_coxa_anterior,3,720575941456897005;720575941496630400;720575941497654656;720575941531180261,125;139;163,138;158;178,125,138
banc-path-0099,720575941456897005,DNa02,right,720575941692129243,RF,move_coxa_anterior,3,720575941456897005;720575941496630400;720575941497654656;720575941692129243,125;139;169,138;158;186,125,138
banc-path-0100,720575941456897005,DNa02,right,720575941692129243,RF,move_coxa_anterior,3,720575941456897005;720575941496630400;720575941503251595;720575941692129243,125;123;121,138;134;146,121,134
banc-path-0101,720575941510475536,DNa02,left,720575941455787245,LF,move_coxa_anterior,3,720575941510475536;720575941537865165;720575941405868462;720575941455787245,142;127;139,152;121;161,127,121
banc-path-0102,720575941535086424,DNg13,right,720575941461333648,LF,extend_coxa_trochanter_joint,3,720575941535086424;720575941526964249;720575941534733800;720575941461333648,114;202;129,116;217;136,114,116
banc-path-0103,720575941535086424,DNg13,right,720575941498960546,LF,move_coxa_anterior,3,720575941535086424;720575941526964249;720575941571519483;720575941498960546,114;119;163,116;120;170,114,116
banc-path-0104,720575941535086424,DNg13,right,720575941527458562,LF,flex_coxa_trochanter_joint,3,720575941535086424;720575941526964249;720575941571519483;720575941527458562,114;119;176,116;120;189,114,116
banc-path-0105,720575941456897005,DNa02,right,720575941480138976,RM,move_coxa_anterior,3,720575941456897005;720575941509326430;720575941553955134;720575941480138976,86;96;100,95;103;114,86,95
banc-path-0106,720575941456897005,DNa02,right,720575941568355066,RM,move_coxa_anterior,3,720575941456897005;720575941509326430;720575941553955134;720575941568355066,86;96;114,95;103;125,86,95
banc-path-0107,720575941445859754,DNg13,left,720575941478281440,RF,extend_coxa_trochanter_joint,3,720575941445859754;720575941549962868;720575941629416428;720575941478281440,85;146;138,93;169;148,85,93
banc-path-0108,720575941445859754,DNg13,left,720575941523368779,RF,extend_coxa_trochanter_joint,3,720575941445859754;720575941549962868;720575941629416428;720575941523368779,85;146;85,93;169;85,85,85
banc-path-0109,720575941445859754,DNg13,left,720575941547393825,RF,flex_femur_tibia_joint,3,720575941445859754;720575941549962868;720575941629416428;720575941547393825,85;146;148,93;169;149,85,93
banc-path-0110,720575941456897005,DNa02,right,720575941480138976,RM,move_coxa_anterior,3,720575941456897005;720575941509326430;720575941591879934;720575941480138976,86;75;91,95;101;104,75,95
banc-path-0111,720575941510475536,DNa02,left,720575941519664856,LM,move_coxa_anterior,3,720575941510475536;720575941504382999;720575941407794862;720575941519664856,72;77;125,90;88;136,72,88
banc-path-0112,720575941510475536,DNa02,left,720575941519664856,LM,move_coxa_anterior,3,720575941510475536;720575941504382999;720575941585297286;720575941519664856,72;99;141,90;125;155,72,90
banc-path-0113,720575941510475536,DNa02,left,720575941558861839,LM,move_coxa_anterior,3,720575941510475536;720575941504382999;720575941407794862;720575941558861839,72;77;125,90;88;135,72,88
banc-path-0114,720575941445859754,DNg13,left,720575941480138976,RM,move_coxa_anterior,3,720575941445859754;720575941668347123;720575941509326430;720575941480138976,66;69;444,69;73;469,66,69
banc-path-0115,720575941445859754,DNg13,left,720575941568355066,RM,move_coxa_anterior,3,720575941445859754;720575941668347123;720575941509326430;720575941568355066,66;69;317,69;73;329,66,69
banc-path-0116,720575941510475536,DNa02,left,720575941414478484,LH,unknown_leg_movement,3,720575941510475536;720575941553598180;720575941521072311;720575941414478484,65;120;90,89;128;95,65,89
banc-path-0117,720575941510475536,DNa02,left,720575941414478484,LH,unknown_leg_movement,3,720575941510475536;720575941553598180;720575941499686818;720575941414478484,65;95;88,89;109;97,65,89
banc-path-0118,720575941510475536,DNa02,left,720575941414478484,LH,unknown_leg_movement,3,720575941510475536;720575941553598180;720575941567768423;720575941414478484,65;79;184,89;93;186,65,89
banc-path-0119,720575941445859754,DNg13,left,720575941410034859,RH,flex_femur_tibia_joint,3,720575941445859754;720575941579866869;720575941511264466;720575941410034859,63;86;63,66;93;74,63,66
banc-path-0120,720575941445859754,DNg13,left,720575941447103669,RH,pull_long_tendon,3,720575941445859754;720575941579866869;720575941511264466;720575941447103669,63;86;115,66;93;116,63,66
banc-path-0121,720575941445859754,DNg13,left,720575941521271475,RH,flex_femur_tibia_joint,3,720575941445859754;720575941579866869;720575941511264466;720575941521271475,63;86;187,66;93;203,63,66
banc-path-0122,720575941445859754,DNg13,left,720575941478307380,RM,unknown_leg_movement,3,720575941445859754;720575941668347123;720575941504444354;720575941478307380,66;60;105,69;69;136,60,69
banc-path-0123,720575941535086424,DNg13,right,720575941459422623,LM,flex_femur_tibia_joint,3,720575941535086424;720575941508277794;720575941555462995;720575941459422623,58;83;180,68;94;202,58,68
banc-path-0124,720575941535086424,DNg13,right,720575941501921419,LM,flex_femur_tibia_joint,3,720575941535086424;720575941508277794;720575941555462995;720575941501921419,58;83;71,68;94;77,58,68
banc-path-0125,720575941535086424,DNg13,right,720575941574626973,LM,flex_femur_tibia_joint,3,720575941535086424;720575941508277794;720575941555462995;720575941574626973,58;83;67,68;94;71,58,68
banc-path-0126,720575941456897005,DNa02,right,720575941431976718,RH,unknown_leg_movement,3,720575941456897005;720575941438399807;720575941495663488;720575941431976718,51;81;55,71;99;59,51,59
banc-path-0127,720575941456897005,DNa02,right,720575941431976718,RH,unknown_leg_movement,3,720575941456897005;720575941438399807;720575941514557539;720575941431976718,51;82;58,71;95;76,51,71
banc-path-0128,720575941456897005,DNa02,right,720575941481621501,RH,move_coxa_posterior,3,720575941456897005;720575941438399807;720575941514557539;720575941481621501,51;82;53,71;95;59,51,59
banc-path-0129,720575941535086424,DNg13,right,720575941410034859,RH,flex_femur_tibia_joint,3,720575941535086424;720575941644079698;720575941351164464;720575941410034859,49;95;84,55;121;82,49,55
banc-path-0130,720575941535086424,DNg13,right,720575941431160824,LH,flex_femur_tibia_joint,3,720575941535086424;720575941552240007;720575941577221465;720575941431160824,49;92;69,51;104;70,49,51
banc-path-0131,720575941535086424,DNg13,right,720575941447103669,RH,pull_long_tendon,3,720575941535086424;720575941644079698;720575941351164464;720575941447103669,49;95;141,55;121;152,49,55
banc-path-0132,720575941535086424,DNg13,right,720575941451840425,RH,flex_coxa_trochanter_joint,3,720575941535086424;720575941644079698;720575941351164464;720575941451840425,49;95;51,55;121;54,49,54
banc-path-0133,720575941535086424,DNg13,right,720575941454830131,LH,flex_femur_tibia_joint,3,720575941535086424;720575941552240007;720575941577221465;720575941454830131,49;92;151,51;104;156,49,51
banc-path-0134,720575941535086424,DNg13,right,720575941487752144,LH,flex_femur_tibia_joint,3,720575941535086424;720575941552240007;720575941577221465;720575941487752144,49;92;105,51;104;106,49,51
banc-path-0135,720575941510475536,DNa02,left,720575941593715569,RF,move_coxa_posterior_lateral,3,720575941510475536;720575941496676295;720575941595517735;720575941593715569,49;44;54,64;46;63,44,46
banc-path-0136,720575941510475536,DNa02,left,720575941593715569,RF,move_coxa_posterior_lateral,3,720575941510475536;720575941558554916;720575941595517735;720575941593715569,43;47;54,57;54;63,43,54
banc-path-0137,720575941445859754,DNg13,left,720575941415020572,LH,pull_long_tendon,3,720575941445859754;720575941630984418;720575941517910675;720575941415020572,42;65;69,48;82;65,42,48
banc-path-0138,720575941445859754,DNg13,left,720575941431160824,LH,flex_femur_tibia_joint,3,720575941445859754;720575941630984418;720575941517910675;720575941431160824,42;65;87,48;82;96,42,48
banc-path-0139,720575941445859754,DNg13,left,720575941454830131,LH,flex_femur_tibia_joint,3,720575941445859754;720575941630984418;720575941517910675;720575941454830131,42;65;179,48;82;175,42,48
banc-path-0140,720575941535086424,DNg13,right,720575941411709073,RF,extend_coxa_trochanter_joint,3,720575941535086424;720575941433046798;720575941685691375;720575941411709073,47;37;66,46;37;69,37,37
banc-path-0141,720575941535086424,DNg13,right,720575941508453761,RF,extend_coxa_trochanter_joint,3,720575941535086424;720575941433046798;720575941685691375;720575941508453761,47;37;99,46;37;116,37,37
banc-path-0142,720575941535086424,DNg13,right,720575941568546418,RF,extend_coxa_trochanter_joint,3,720575941535086424;720575941433046798;720575941685691375;720575941568546418,47;37;69,46;37;72,37,37
banc-path-0143,720575941510475536,DNa02,left,720575941488287797,RF,extend_femur_tibia_joint,3,720575941510475536;720575941448143541;720575941575416975;720575941488287797,33;47;43,38;41;42,33,38
banc-path-0144,720575941456897005,DNa02,right,720575941458992031,LH,extend_coxa_trochanter_joint,3,720575941456897005;720575941612816301;720575941515624291;720575941458992031,44;31;34,70;38;43,31,38
banc-path-0145,720575941456897005,DNa02,right,720575941517726936,LH,move_coxa_posterior,3,720575941456897005;720575941612816301;720575941515624291;720575941517726936,44;31;90,70;38;105,31,38
banc-path-0146,720575941456897005,DNa02,right,720575941679001021,LH,move_coxa_posterior,3,720575941456897005;720575941612816301;720575941515624291;720575941679001021,44;31;55,70;38;68,31,38
banc-path-0147,720575941456897005,DNa02,right,720575941461333648,LF,extend_coxa_trochanter_joint,3,720575941456897005;720575941477561568;720575941565099623;720575941461333648,33;80;37,30;82;38,33,30
banc-path-0148,720575941456897005,DNa02,right,720575941483515389,LF,extend_coxa_trochanter_joint,3,720575941456897005;720575941477561568;720575941565099623;720575941483515389,33;80;44,30;82;47,33,30
banc-path-0149,720575941456897005,DNa02,right,720575941516874094,LF,extend_coxa_trochanter_joint,3,720575941456897005;720575941477561568;720575941565099623;720575941516874094,33;80;139,30;82;144,33,30
banc-path-0150,720575941510475536,DNa02,left,720575941470082423,RM,extend_coxa_trochanter_joint,3,720575941510475536;720575941448143541;720575941688630390;720575941470082423,33;30;57,38;31;68,30,31
banc-path-0151,720575941510475536,DNa02,left,720575941488644300,RH,extend_coxa_trochanter_joint,3,720575941510475536;720575941448143541;720575941688630390;720575941488644300,33;30;86,38;31;100,30,31
banc-path-0152,720575941510475536,DNa02,left,720575941506034049,RM,extend_coxa_trochanter_joint,3,720575941510475536;720575941448143541;720575941688630390;720575941506034049,33;30;49,38;31;57,30,31
banc-path-0153,720575941510475536,DNa02,left,720575941534943937,RM,extend_coxa_trochanter_joint,3,720575941510475536;720575941448143541;720575941688630390;720575941534943937,33;30;50,38;31;58,30,31
banc-path-0154,720575941510475536,DNa02,left,720575941543372649,RH,extend_coxa_trochanter_joint,3,720575941510475536;720575941448143541;720575941688630390;720575941543372649,33;30;40,38;31;50,30,31
banc-path-0155,720575941510475536,DNa02,left,720575941573784990,RH,extend_coxa_trochanter_joint,3,720575941510475536;720575941448143541;720575941688630390;720575941573784990,33;30;64,38;31;70,30,31
banc-path-0156,720575941456897005,DNa02,right,720575941519664856,LM,move_coxa_anterior,3,720575941456897005;720575941514447097;720575941632059372;720575941519664856,28;36;33,39;42;35,28,35
banc-path-0157,720575941456897005,DNa02,right,720575941645259128,LM,move_coxa_posterior,3,720575941456897005;720575941566543714;720575941438483730;720575941645259128,50;28;48,60;41;63,28,41
banc-path-0158,720575941456897005,DNa02,right,720575941684824815,LM,move_coxa_posterior,3,720575941456897005;720575941566543714;720575941438483730;720575941684824815,50;28;47,60;41;48,28,41
banc-path-0159,720575941445859754,DNg13,left,720575941455787245,LF,move_coxa_anterior,3,720575941445859754;720575941533723162;720575941468215517;720575941455787245,29;53;26,26;53;28,26,26
banc-path-0160,720575941445859754,DNg13,left,720575941455787245,LF,move_coxa_anterior,3,720575941445859754;720575941549962868;720575941468215517;720575941455787245,85;58;26,93;64;28,26,28
banc-path-0161,720575941445859754,DNg13,left,720575941461333648,LF,extend_coxa_trochanter_joint,3,720575941445859754;720575941533723162;720575941468215517;720575941461333648,29;53;26,26;53;31,26,26
banc-path-0162,720575941445859754,DNg13,left,720575941442381738,LM,extend_coxa_trochanter_joint,3,720575941445859754;720575941556381604;720575941415762836;720575941442381738,25;28;30,26;30;42,25,26
banc-path-0163,720575941445859754,DNg13,left,720575941568553330,LM,extend_coxa_trochanter_joint,3,720575941445859754;720575941556381604;720575941415762836;720575941568553330,25;28;63,26;30;66,25,26
banc-path-0164,720575941445859754,DNg13,left,720575941687653238,LM,extend_coxa_trochanter_joint,3,720575941445859754;720575941556381604;720575941415762836;720575941687653238,25;28;34,26;30;44,25,26
banc-path-0165,720575941535086424,DNg13,right,720575941470082423,RM,extend_coxa_trochanter_joint,3,720575941535086424;720575941552240007;720575941703138522;720575941470082423,49;18;19,51;18;19,18,18
banc-path-0166,720575941535086424,DNg13,right,720575941491293415,RM,move_coxa_posterior,3,720575941535086424;720575941552240007;720575941703138522;720575941491293415,49;18;22,51;18;19,18,18
banc-path-0167,720575941535086424,DNg13,right,720575941506034049,RM,extend_coxa_trochanter_joint,3,720575941535086424;720575941552240007;720575941703138522;720575941506034049,49;18;20,51;18;24,18,18
banc-path-0168,720575941536048321,DNge078,right,720575941460703245,LF,unknown_leg_movement,1,720575941536048321;720575941460703245,72,78,72,78
banc-path-0169,720575941574790664,DNge078,left,720575941448798133,RF,unknown_leg_movement,1,720575941574790664;720575941448798133,73,71,73,71
banc-path-0170,720575941459103391,DNg79,left,720575941488287797,RF,extend_femur_tibia_joint,1,720575941459103391;720575941488287797,66,77,66,77
banc-path-0171,720575941500851362,DNg100,right,720575941519664856,LM,move_coxa_anterior,1,720575941500851362;720575941519664856,63,65,63,65
banc-path-0172,720575941500851362,DNg100,right,720575941498960546,LF,move_coxa_anterior,1,720575941500851362;720575941498960546,62,65,62,65
banc-path-0173,720575941502628695,DNp15,right,720575941692129243,RF,move_coxa_anterior,1,720575941502628695;720575941692129243,59,74,59,74
banc-path-0174,720575941594716523,DNb06,left,720575941593843589,RF,extend_coxa_trochanter_joint,1,720575941594716523;720575941593843589,59,64,59,64
banc-path-0175,720575941447863316,DNb05,right,720575941593843589,RF,extend_coxa_trochanter_joint,1,720575941447863316;720575941593843589,58,61,58,61
banc-path-0176,720575941626500746,DNg100,left,720575941593715569,RF,move_coxa_posterior_lateral,1,720575941626500746;720575941593715569,57,58,57,58
banc-path-0177,720575941704434394,DNg62,left,720575941556297811,RF,move_coxa_anterior,1,720575941704434394;720575941556297811,57,62,57,62
banc-path-0178,720575941593683051,DNp10,right,720575941549456673,LH,pull_long_tendon,1,720575941593683051;720575941549456673,55,70,55,70
banc-path-0179,720575941626500746,DNg100,left,720575941428654255,RF,move_coxa_anterior,1,720575941626500746;720575941428654255,55,63,55,63
banc-path-0180,720575941626500746,DNg100,left,720575941630145989,RH,flex_femur_tibia_joint,1,720575941626500746;720575941630145989,55,62,55,62
banc-path-0181,720575941595517735,DNg75,left,720575941593715569,RF,move_coxa_posterior_lateral,1,720575941595517735;720575941593715569,54,63,54,63
banc-path-0182,720575941432123640,DNa01,right,720575941573687049,RM,flex_femur_tibia_joint,1,720575941432123640;720575941573687049,51,55,51,55
banc-path-0183,720575941494960254,DNg79,left,720575941488287797,RF,extend_femur_tibia_joint,1,720575941494960254;720575941488287797,51,50,51,50
banc-path-0184,720575941447863316,DNb05,right,720575941508453761,RF,extend_coxa_trochanter_joint,1,720575941447863316;720575941508453761,49,54,49,54
banc-path-0185,720575941519464046,DNg97,left,720575941623218172,RF,flex_femur_tibia_joint,1,720575941519464046;720575941623218172,49,52,49,52
banc-path-0186,720575941626500746,DNg100,left,720575941556297811,RF,move_coxa_anterior,1,720575941626500746;720575941556297811,49,53,49,53
banc-path-0187,720575941440683743,DNp10,left,720575941447103669,RH,pull_long_tendon,1,720575941440683743;720575941447103669,46,61,46,61
banc-path-0188,720575941535097578,DNge012,right,720575941560573608,RF,extend_tibia_tarsus_joint,1,720575941535097578;720575941560573608,46,50,46,50
banc-path-0189,720575941476852254,DNg62,right,720575941498960546,LF,move_coxa_anterior,1,720575941476852254;720575941498960546,45,47,45,47
banc-path-0190,720575941550687805,DNge050,right,720575941493231536,LH,extend_femur_tibia_joint,1,720575941550687805;720575941493231536,44,50,44,50
banc-path-0191,720575941574790664,DNge078,left,720575941631837856,RF,unknown_leg_movement,1,720575941574790664;720575941631837856,44,45,44,45
banc-path-0192,720575941459103391,DNg79,left,720575941470212471,RH,extend_femur_tibia_joint,1,720575941459103391;720575941470212471,43,53,43,53
banc-path-0193,720575941500851362,DNg100,right,720575941493231536,LH,extend_femur_tibia_joint,1,720575941500851362;720575941493231536,43,48,43,48
banc-path-0194,720575941535097578,DNge012,right,720575941592225831,RF,move_coxa_anterior,1,720575941535097578;720575941592225831,43,44,43,44
banc-path-0195,720575941440683743,DNp10,left,720575941501926706,RF,pull_long_tendon,1,720575941440683743;720575941501926706,42,43,42,43
banc-path-0196,720575941500851362,DNg100,right,720575941582911865,LF,move_coxa_anterior,1,720575941500851362;720575941582911865,42,46,42,46
banc-path-0197,720575941535097578,DNge012,right,720575941556297811,RF,move_coxa_anterior,1,720575941535097578;720575941556297811,42,42,42,42
banc-path-0198,720575941574790664,DNge078,left,720575941561433746,RF,flex_tibia_tarsus_joint,1,720575941574790664;720575941561433746,42,45,42,45
banc-path-0199,720575941439437586,DNb05,left,720575941720479034,LF,extend_coxa_trochanter_joint,1,720575941439437586;720575941720479034,41,44,41,44
banc-path-0200,720575941593683051,DNp10,right,720575941496173947,LH,pull_long_tendon,1,720575941593683051;720575941496173947,41,73,41,73
banc-path-0201,720575941626500746,DNg100,left,720575941478187841,RM,extend_femur_tibia_joint,1,720575941626500746;720575941478187841,40,41,40,41
banc-path-0202,720575941440683743,DNp10,left,720575941496173947,LH,pull_long_tendon,1,720575941440683743;720575941496173947,39,58,39,58
banc-path-0203,720575941572669342,DNb06,right,720575941516874094,LF,extend_coxa_trochanter_joint,1,720575941572669342;720575941516874094,39,40,39,40
banc-path-0204,720575941593683051,DNp10,right,720575941680979133,LM,pull_long_tendon,1,720575941593683051;720575941680979133,39,44,39,44
banc-path-0205,720575941519464046,DNg97,left,720575941547393825,RF,flex_femur_tibia_joint,1,720575941519464046;720575941547393825,38,46,38,46
banc-path-0206,720575941401814307,DNge050,left,720575941631837856,RF,unknown_leg_movement,1,720575941401814307;720575941631837856,37,38,37,38
banc-path-0207,720575941626500746,DNg100,left,720575941585484766,RM,unknown_leg_movement,1,720575941626500746;720575941585484766,37,40,37,40
banc-path-0208,720575941500851362,DNg100,right,720575941494963582,LM,unknown_leg_movement,1,720575941500851362;720575941494963582,36,40,36,40
banc-path-0209,720575941440683743,DNp10,left,720575941542738524,RM,pull_long_tendon,1,720575941440683743;720575941542738524,35,42,35,42
banc-path-0210,720575941500851362,DNg100,right,720575941528662438,LH,flex_femur_tibia_joint,1,720575941500851362;720575941528662438,35,45,35,45
banc-path-0211,720575941440683743,DNp10,left,720575941549456673,LH,pull_long_tendon,1,720575941440683743;720575941549456673,34,42,34,42
banc-path-0212,720575941447863316,DNb05,right,720575941488287797,RF,extend_femur_tibia_joint,1,720575941447863316;720575941488287797,34,38,34,38
banc-path-0213,720575941459103391,DNg79,left,720575941592225831,RF,move_coxa_anterior,1,720575941459103391;720575941592225831,34,34,34,34
banc-path-0214,720575941500851362,DNg100,right,720575941468687581,LM,extend_femur_tibia_joint,1,720575941500851362;720575941468687581,35,34,35,34
banc-path-0215,720575941549273992,DNp47,right,720575941470212471,RH,extend_femur_tibia_joint,1,720575941549273992;720575941470212471,34,37,34,37
banc-path-0216,720575941549273992,DNp47,right,720575941488287797,RF,extend_femur_tibia_joint,1,720575941549273992;720575941488287797,34,36,34,36
banc-path-0217,720575941626500746,DNg100,left,720575941568355066,RM,move_coxa_anterior,1,720575941626500746;720575941568355066,34,39,34,39
banc-path-0218,720575941440683743,DNp10,left,720575941488203209,RF,pull_long_tendon,1,720575941440683743;720575941488203209,34,33,34,33
banc-path-0219,720575941626500746,DNg100,left,720575941524856164,RH,unknown_leg_movement,1,720575941626500746;720575941524856164,33,39,33,39
banc-path-0220,720575941572713886,DNg97,right,720575941481179066,LF,flex_femur_tibia_joint,1,720575941572713886;720575941481179066,32,33,32,33
banc-path-0221,720575941494960254,DNg79,left,720575941592225831,RF,move_coxa_anterior,1,720575941494960254;720575941592225831,31,35,31,35
banc-path-0222,720575941500851362,DNg100,right,720575941494164864,LF,move_coxa_posterior_lateral,1,720575941500851362;720575941494164864,31,32,31,32
banc-path-0223,720575941593683051,DNp10,right,720575941486583046,RH,pull_long_tendon,1,720575941593683051;720575941486583046,31,47,31,47
banc-path-0224,720575941593683051,DNp10,right,720575941542738524,RM,pull_long_tendon,1,720575941593683051;720575941542738524,31,37,31,37
banc-path-0225,720575941500851362,DNg100,right,720575941524172875,LH,flex_femur_tibia_joint,1,720575941500851362;720575941524172875,30,41,30,41
banc-path-0226,720575941536048321,DNge078,right,720575941561204626,LF,unknown_leg_movement,1,720575941536048321;720575941561204626,35,30,35,30
banc-path-0227,720575941593683051,DNp10,right,720575941488287797,RF,extend_femur_tibia_joint,1,720575941593683051;720575941488287797,32,30,32,30
banc-path-0228,720575941440683743,DNp10,left,720575941432965902,RM,extend_femur_tibia_joint,1,720575941440683743;720575941432965902,29,31,29,31
banc-path-0229,720575941593683051,DNp10,right,720575941447103669,RH,pull_long_tendon,1,720575941593683051;720575941447103669,29,40,29,40
banc-path-0230,720575941595517735,DNg75,left,720575941353301552,RF,move_coxa_posterior,1,720575941595517735;720575941353301552,29,33,29,33
banc-path-0231,720575941439437586,DNb05,left,720575941516874094,LF,extend_coxa_trochanter_joint,1,720575941439437586;720575941516874094,28,28,28,28
banc-path-0232,720575941550687805,DNge050,right,720575941460703245,LF,unknown_leg_movement,1,720575941550687805;720575941460703245,30,28,30,28
banc-path-0233,720575941595827158,DNg75,right,720575941548546696,LF,move_coxa_posterior_lateral,1,720575941595827158;720575941548546696,29,28,29,28
banc-path-0234,720575941626500746,DNg100,left,720575941496149473,RH,flex_femur_tibia_joint,1,720575941626500746;720575941496149473,28,37,28,37
banc-path-0235,720575941440683743,DNp10,left,720575941680979133,LM,pull_long_tendon,1,720575941440683743;720575941680979133,27,29,27,29
banc-path-0236,720575941459103391,DNg79,left,720575941556297811,RF,move_coxa_anterior,1,720575941459103391;720575941556297811,27,27,27,27
banc-path-0237,720575941467350237,DNg79,right,720575941498960546,LF,move_coxa_anterior,1,720575941467350237;720575941498960546,27,27,27,27
banc-path-0238,720575941467350237,DNg79,right,720575941506261538,LF,move_coxa_anterior,1,720575941467350237;720575941506261538,27,30,27,30
banc-path-0239,720575941550687805,DNge050,right,720575941414478484,LH,unknown_leg_movement,1,720575941550687805;720575941414478484,27,27,27,27
banc-path-0240,720575941440683743,DNp10,left,720575941486583046,RH,pull_long_tendon,1,720575941440683743;720575941486583046,26,38,26,38
banc-path-0241,720575941459103391,DNg79,left,720575941468687581,LM,extend_femur_tibia_joint,1,720575941459103391;720575941468687581,26,30,26,30
banc-path-0242,720575941432123640,DNa01,right,720575941589587710,RM,flex_femur_tibia_joint,1,720575941432123640;720575941589587710,25,32,25,32
banc-path-0243,720575941572713886,DNg97,right,720575941455787245,LF,move_coxa_anterior,1,720575941572713886;720575941455787245,25,26,25,26
banc-path-0244,720575941586099334,DNge012,right,720575941560573608,RF,extend_tibia_tarsus_joint,1,720575941586099334;720575941560573608,26,25,26,25
banc-path-0245,720575941534222770,DNp15,left,720575941531923147,LF,move_coxa_anterior,1,720575941534222770;720575941531923147,24,26,24,26
banc-path-0246,720575941550687805,DNge050,right,720575941561204626,LF,unknown_leg_movement,1,720575941550687805;720575941561204626,24,25,24,25
banc-path-0247,720575941593683051,DNp10,right,720575941468687581,LM,extend_femur_tibia_joint,1,720575941593683051;720575941468687581,24,32,24,32
banc-path-0248,720575941593683051,DNp10,right,720575941507209029,RH,pull_long_tendon,1,720575941593683051;720575941507209029,24,31,24,31
banc-path-0249,720575941593683051,DNp10,right,720575941547132040,LM,pull_long_tendon,1,720575941593683051;720575941547132040,24,30,24,30
banc-path-0250,720575941401814307,DNge050,left,720575941478187841,RM,extend_femur_tibia_joint,1,720575941401814307;720575941478187841,23,24,23,24
banc-path-0251,720575941480554370,DNg79,right,720575941498960546,LF,move_coxa_anterior,1,720575941480554370;720575941498960546,25,23,25,23
banc-path-0252,720575941593683051,DNp10,right,720575941488203209,RF,pull_long_tendon,1,720575941593683051;720575941488203209,25,23,25,23
banc-path-0253,720575941593683051,DNp10,right,720575941501926706,RF,pull_long_tendon,1,720575941593683051;720575941501926706,23,29,23,29
banc-path-0254,720575941595827158,DNg75,right,720575941611945389,LH,move_coxa_medial,1,720575941595827158;720575941611945389,25,23,25,23
banc-path-0255,720575941401814307,DNge050,left,720575941431976718,RH,unknown_leg_movement,1,720575941401814307;720575941431976718,22,32,22,32
banc-path-0256,720575941432123640,DNa01,right,720575941538082453,RH,flex_femur_tibia_joint,1,720575941432123640;720575941538082453,22,23,22,23
banc-path-0257,720575941440683743,DNp10,left,720575941439667986,RF,pull_long_tendon,1,720575941440683743;720575941439667986,22,24,22,24
banc-path-0258,720575941459103391,DNg79,left,720575941432965902,RM,extend_femur_tibia_joint,1,720575941459103391;720575941432965902,22,25,22,25
banc-path-0259,720575941467350237,DNg79,right,720575941468687581,LM,extend_femur_tibia_joint,1,720575941467350237;720575941468687581,22,26,22,26
banc-path-0260,720575941519464046,DNg97,left,720575941531180261,RF,move_coxa_anterior,1,720575941519464046;720575941531180261,22,23,22,23
banc-path-0261,720575941550687805,DNge050,right,720575941497863497,LM,extend_femur_tibia_joint,1,720575941550687805;720575941497863497,22,25,22,25
banc-path-0262,720575941593683051,DNp10,right,720575941415020572,LH,pull_long_tendon,1,720575941593683051;720575941415020572,22,22,22,22
banc-path-0263,720575941407841071,DNp07,left,720575941561433746,RF,flex_tibia_tarsus_joint,1,720575941407841071;720575941561433746,21,24,21,24
banc-path-0264,720575941480554370,DNg79,right,720575941506261538,LF,move_coxa_anterior,1,720575941480554370;720575941506261538,27,21,27,21
banc-path-0265,720575941494960254,DNg79,left,720575941470212471,RH,extend_femur_tibia_joint,1,720575941494960254;720575941470212471,21,23,21,23
banc-path-0266,720575941401814307,DNge050,left,720575941488287797,RF,extend_femur_tibia_joint,1,720575941401814307;720575941488287797,19,20,19,20
banc-path-0267,720575941440683743,DNp10,left,720575941689495515,LH,pull_long_tendon,1,720575941440683743;720575941689495515,19,26,19,26
banc-path-0268,720575941480554370,DNg79,right,720575941468687581,LM,extend_femur_tibia_joint,1,720575941480554370;720575941468687581,19,20,19,20
banc-path-0269,720575941595827158,DNg75,right,720575941454495145,LH,unknown_leg_movement,1,720575941595827158;720575941454495145,19,20,19,20
banc-path-0270,720575941401814307,DNge050,left,720575941525308582,RH,extend_femur_tibia_joint,1,720575941401814307;720575941525308582,18,35,18,35
banc-path-0271,720575941409519022,DNp02,left,720575941468687581,LM,extend_femur_tibia_joint,1,720575941409519022;720575941468687581,18,26,18,26
banc-path-0272,720575941440683743,DNp10,left,720575941468687581,LM,extend_femur_tibia_joint,1,720575941440683743;720575941468687581,18,23,18,23
banc-path-0273,720575941494960254,DNg79,left,720575941448798133,RF,unknown_leg_movement,1,720575941494960254;720575941448798133,18,19,18,19
banc-path-0274,720575941507073303,DNp02,right,720575941432965902,RM,extend_femur_tibia_joint,1,720575941507073303;720575941432965902,18,22,18,22
banc-path-0275,720575941572713886,DNg97,right,720575941506261538,LF,move_coxa_anterior,1,720575941572713886;720575941506261538,18,18,18,18
banc-path-0276,720575941595827158,DNg75,right,720575941402088304,LF,move_coxa_posterior,1,720575941595827158;720575941402088304,18,20,18,20
banc-path-0277,720575941646451361,DNp47,left,720575941488287797,RF,extend_femur_tibia_joint,1,720575941646451361;720575941488287797,18,19,18,19
banc-path-0278,720575941440683743,DNp10,left,720575941479987619,RM,pull_long_tendon,1,720575941440683743;720575941479987619,17,20,17,20
banc-path-0279,720575941480554370,DNg79,right,720575941488287797,RF,extend_femur_tibia_joint,1,720575941480554370;720575941488287797,17,20,17,20
banc-path-0280,720575941480554370,DNg79,right,720575941639281525,LF,extend_femur_tibia_joint,1,720575941480554370;720575941639281525,17,23,17,23
banc-path-0281,720575941494960254,DNg79,left,720575941639281525,LF,extend_femur_tibia_joint,1,720575941494960254;720575941639281525,17,18,17,18
banc-path-0282,720575941535862506,DNa01,left,720575941497881417,LM,flex_femur_tibia_joint,1,720575941535862506;720575941497881417,17,20,17,20
banc-path-0283,720575941593683051,DNp10,right,720575941639281525,LF,extend_femur_tibia_joint,1,720575941593683051;720575941639281525,17,20,17,20
banc-path-0284,720575941595517735,DNg75,left,720575941636735861,RF,move_coxa_posterior,1,720575941595517735;720575941636735861,17,19,17,19
banc-path-0285,720575941440683743,DNp10,left,720575941547132040,LM,pull_long_tendon,1,720575941440683743;720575941547132040,17,16,17,16
banc-path-0286,720575941494960254,DNg79,left,720575941432965902,RM,extend_femur_tibia_joint,1,720575941494960254;720575941432965902,16,16,16,16
banc-path-0287,720575941535862506,DNa01,left,720575941508440193,LH,flex_femur_tibia_joint,1,720575941535862506;720575941508440193,16,19,16,19
banc-path-0288,720575941550687805,DNge050,right,720575941498960546,LF,move_coxa_anterior,1,720575941550687805;720575941498960546,18,16,18,16
banc-path-0289,720575941551589181,DNp11,left,720575941474499377,RM,flex_femur_tibia_joint,1,720575941551589181;720575941474499377,16,19,16,19
banc-path-0290,720575941401814307,DNge050,left,720575941448798133,RF,unknown_leg_movement,1,720575941401814307;720575941448798133,15,17,15,17
banc-path-0291,720575941402821923,DNp05,left,720575941447103669,RH,pull_long_tendon,1,720575941402821923;720575941447103669,15,18,15,18
banc-path-0292,720575941407841071,DNp07,left,720575941481071802,RM,flex_tibia_tarsus_joint,1,720575941407841071;720575941481071802,15,15,15,15
banc-path-0293,720575941432123640,DNa01,right,720575941641008741,RM,flex_femur_tibia_joint,1,720575941432123640;720575941641008741,20,15,20,15
banc-path-0294,720575941440683743,DNp10,left,720575941507209029,RH,pull_long_tendon,1,720575941440683743;720575941507209029,15,20,15,20
banc-path-0295,720575941494960254,DNg79,left,720575941498960546,LF,move_coxa_anterior,1,720575941494960254;720575941498960546,16,15,16,15
banc-path-0296,720575941545991429,DNp07,right,720575941611361811,LF,flex_tibia_tarsus_joint,1,720575941545991429;720575941611361811,15,16,15,16
banc-path-0297,720575941593683051,DNp10,right,720575941432965902,RM,extend_femur_tibia_joint,1,720575941593683051;720575941432965902,15,19,15,19
banc-path-0298,720575941594716523,DNb06,left,720575941506034049,RM,extend_coxa_trochanter_joint,1,720575941594716523;720575941506034049,15,18,15,18
banc-path-0299,720575941594716523,DNb06,left,720575941667380979,RF,extend_coxa_trochanter_joint,1,720575941594716523;720575941667380979,16,15,16,15
banc-path-0300,720575941595827158,DNg75,right,720575941494963582,LM,unknown_leg_movement,1,720575941595827158;720575941494963582,15,19,15,19
banc-path-0301,720575941402821923,DNp05,left,720575941633013484,RH,flex_femur_tibia_joint,1,720575941402821923;720575941633013484,16,14,16,14
banc-path-0302,720575941459103391,DNg79,left,720575941503422187,RH,move_coxa_medial,1,720575941459103391;720575941503422187,14,17,14,17
banc-path-0303,720575941467350237,DNg79,right,720575941488287797,RF,extend_femur_tibia_joint,1,720575941467350237;720575941488287797,14,14,14,14
banc-path-0304,720575941467350237,DNg79,right,720575941639281525,LF,extend_femur_tibia_joint,1,720575941467350237;720575941639281525,14,15,14,15
banc-path-0305,720575941535862506,DNa01,left,720575941414478484,LH,unknown_leg_movement,1,720575941535862506;720575941414478484,14,17,14,17
banc-path-0306,720575941535862506,DNa01,left,720575941612256476,LH,flex_femur_tibia_joint,1,720575941535862506;720575941612256476,14,14,14,14
banc-path-0307,720575941535862506,DNa01,left,720575941658392344,LM,flex_femur_tibia_joint,1,720575941535862506;720575941658392344,14,16,14,16
banc-path-0308,720575941595517735,DNg75,left,720575941491293415,RM,move_coxa_posterior,1,720575941595517735;720575941491293415,14,14,14,14
banc-path-0309,720575941595827158,DNg75,right,720575941414478484,LH,unknown_leg_movement,1,720575941595827158;720575941414478484,14,16,14,16
banc-path-0310,720575941595827158,DNg75,right,720575941684824815,LM,move_coxa_posterior,1,720575941595827158;720575941684824815,14,15,14,15
banc-path-0311,720575941447863316,DNb05,right,720575941432965902,RM,extend_femur_tibia_joint,1,720575941447863316;720575941432965902,13,15,13,15
banc-path-0312,720575941550687805,DNge050,right,720575941471839296,LH,extend_femur_tibia_joint,1,720575941550687805;720575941471839296,15,13,15,13
banc-path-0313,720575941550687805,DNge050,right,720575941519664856,LM,move_coxa_anterior,1,720575941550687805;720575941519664856,17,13,17,13
banc-path-0314,720575941593683051,DNp10,right,720575941549915252,RM,extend_coxa_trochanter_joint,1,720575941593683051;720575941549915252,13,14,13,14
banc-path-0315,720575941594716523,DNb06,left,720575941508453761,RF,extend_coxa_trochanter_joint,1,720575941594716523;720575941508453761,13,13,13,13
banc-path-0316,720575941447863316,DNb05,right,720575941534943937,RM,extend_coxa_trochanter_joint,1,720575941447863316;720575941534943937,14,12,14,12
banc-path-0317,720575941478215985,DNp11,right,720575941459422623,LM,flex_femur_tibia_joint,1,720575941478215985;720575941459422623,12,17,12,17
banc-path-0318,720575941593683051,DNp10,right,720575941489123047,LF,pull_long_tendon,1,720575941593683051;720575941489123047,12,16,12,16
banc-path-0319,720575941595517735,DNg75,left,720575941524856164,RH,unknown_leg_movement,1,720575941595517735;720575941524856164,12,15,12,15
banc-path-0320,720575941401814307,DNge050,left,720575941524856164,RH,unknown_leg_movement,1,720575941401814307;720575941524856164,11,16,11,16
banc-path-0321,720575941407841071,DNp07,left,720575941587428151,RM,flex_femur_tibia_joint,1,720575941407841071;720575941587428151,11,16,11,16
banc-path-0322,720575941432123640,DNa01,right,720575941447103669,RH,pull_long_tendon,1,720575941432123640;720575941447103669,11,12,11,12
banc-path-0323,720575941439437586,DNb05,left,720575941483515389,LF,extend_coxa_trochanter_joint,1,720575941439437586;720575941483515389,14,11,14,11
banc-path-0324,720575941440683743,DNp10,left,720575941489123047,LF,pull_long_tendon,1,720575941440683743;720575941489123047,11,11,11,11
banc-path-0325,720575941494960254,DNg79,left,720575941506261538,LF,move_coxa_anterior,1,720575941494960254;720575941506261538,11,11,11,11
banc-path-0326,720575941549273992,DNp47,right,720575941556297811,RF,move_coxa_anterior,1,720575941549273992;720575941556297811,11,13,11,13
banc-path-0327,720575941551589181,DNp11,left,720575941536577880,RM,move_coxa_posterior,1,720575941551589181;720575941536577880,11,11,11,11
banc-path-0328,720575941572669342,DNb06,right,720575941507031612,LF,extend_coxa_trochanter_joint,1,720575941572669342;720575941507031612,14,11,14,11
banc-path-0329,720575941594716523,DNb06,left,720575941534943937,RM,extend_coxa_trochanter_joint,1,720575941594716523;720575941534943937,11,12,11,12
banc-path-0330,720575941595517735,DNg75,left,720575941585484766,RM,unknown_leg_movement,1,720575941595517735;720575941585484766,11,12,11,12
banc-path-0331,720575941646451361,DNp47,left,720575941471839296,LH,extend_femur_tibia_joint,1,720575941646451361;720575941471839296,13,11,13,11
banc-path-0332,720575941646451361,DNp47,left,720575941639281525,LF,extend_femur_tibia_joint,1,720575941646451361;720575941639281525,12,11,12,11
banc-path-0333,720575941657879576,DNp06,right,720575941500579913,RM,extend_coxa_trochanter_joint,1,720575941657879576;720575941500579913,11,13,11,13
banc-path-0334,720575941401814307,DNge050,left,720575941585484766,RM,unknown_leg_movement,1,720575941401814307;720575941585484766,10,11,10,11
banc-path-0335,720575941447863316,DNb05,right,720575941470082423,RM,extend_coxa_trochanter_joint,1,720575941447863316;720575941470082423,11,10,11,10
banc-path-0336,720575941507073303,DNp02,right,720575941500579913,RM,extend_coxa_trochanter_joint,1,720575941507073303;720575941500579913,10,12,10,12
banc-path-0337,720575941572669342,DNb06,right,720575941687653238,LM,extend_coxa_trochanter_joint,1,720575941572669342;720575941687653238,10,10,10,10
banc-path-0338,720575941572713886,DNg97,right,720575941501921419,LM,flex_femur_tibia_joint,1,720575941572713886;720575941501921419,10,12,10,12
banc-path-0339,720575941594716523,DNb06,left,720575941519971511,RM,flex_femur_tibia_joint,1,720575941594716523;720575941519971511,10,10,10,10
banc-path-0340,720575941646451361,DNp47,left,720575941506261538,LF,move_coxa_anterior,1,720575941646451361;720575941506261538,12,10,12,10
banc-path-0341,720575941402821923,DNp05,left,720575941474499377,RM,flex_femur_tibia_joint,1,720575941402821923;720575941474499377,9,10,9,10
banc-path-0342,720575941439437586,DNb05,left,720575941468687581,LM,extend_femur_tibia_joint,1,720575941439437586;720575941468687581,9,12,9,12
banc-path-0343,720575941440683743,DNp10,left,720575941524748877,LF,pull_long_tendon,1,720575941440683743;720575941524748877,9,11,9,11
banc-path-0344,720575941440683743,DNp10,left,720575941639281525,LF,extend_femur_tibia_joint,1,720575941440683743;720575941639281525,9,13,9,13
banc-path-0345,720575941502628695,DNp15,right,720575941531470821,RH,flex_coxa_trochanter_joint,1,720575941502628695;720575941531470821,9,13,9,13
banc-path-0346,720575941549273992,DNp47,right,720575941450561358,RF,flex_coxa_trochanter_joint,1,720575941549273992;720575941450561358,9,10,9,10
banc-path-0347,720575941549273992,DNp47,right,720575941468687581,LM,extend_femur_tibia_joint,1,720575941549273992;720575941468687581,9,11,9,11
banc-path-0348,720575941551589181,DNp11,left,720575941491293415,RM,move_coxa_posterior,1,720575941551589181;720575941491293415,12,9,12,9
banc-path-0349,720575941572669342,DNb06,right,720575941483515389,LF,extend_coxa_trochanter_joint,1,720575941572669342;720575941483515389,10,9,10,9
banc-path-0350,720575941595827158,DNg75,right,720575941494164864,LF,move_coxa_posterior_lateral,1,720575941595827158;720575941494164864,9,9,9,9
banc-path-0351,720575941407841071,DNp07,left,720575941565553920,RF,flex_femur_tibia_joint,1,720575941407841071;720575941565553920,8,9,8,9
banc-path-0352,720575941432123640,DNa01,right,720575941627566474,RH,flex_femur_tibia_joint,1,720575941432123640;720575941627566474,8,16,8,16
banc-path-0353,720575941476852254,DNg62,right,720575941506261538,LF,move_coxa_anterior,1,720575941476852254;720575941506261538,8,9,8,9
banc-path-0354,720575941480554370,DNg79,right,720575941556297811,RF,move_coxa_anterior,1,720575941480554370;720575941556297811,8,8,8,8
banc-path-0355,720575941502628695,DNp15,right,720575941499964555,RF,move_coxa_medial,1,720575941502628695;720575941499964555,10,8,10,8
banc-path-0356,720575941528667814,DNp05,right,720575941487752144,LH,flex_femur_tibia_joint,1,720575941528667814;720575941487752144,8,10,8,10
banc-path-0357,720575941528667814,DNp05,right,720575941549456673,LH,pull_long_tendon,1,720575941528667814;720575941549456673,8,9,8,9
banc-path-0358,720575941545991429,DNp07,right,720575941687653238,LM,extend_coxa_trochanter_joint,1,720575941545991429;720575941687653238,8,9,8,9
banc-path-0359,720575941550687805,DNge050,right,720575941494963582,LM,unknown_leg_movement,1,720575941550687805;720575941494963582,8,10,8,10
banc-path-0360,720575941572669342,DNb06,right,720575941589657598,LM,move_coxa_posterior,1,720575941572669342;720575941589657598,8,8,8,8
banc-path-0361,720575941592629132,DNge011,right,720575941556297811,RF,move_coxa_anterior,1,720575941592629132;720575941556297811,8,8,8,8
banc-path-0362,720575941594716523,DNb06,left,720575941573784990,RH,extend_coxa_trochanter_joint,1,720575941594716523;720575941573784990,9,8,9,8
banc-path-0363,720575941600262848,DNge011,left,720575941498960546,LF,move_coxa_anterior,1,720575941600262848;720575941498960546,8,10,8,10
banc-path-0364,720575941401814307,DNge050,left,720575941568355066,RM,move_coxa_anterior,1,720575941401814307;720575941568355066,7,9,7,9
banc-path-0365,720575941409519022,DNp02,left,720575941558861839,LM,move_coxa_anterior,1,720575941409519022;720575941558861839,7,12,7,12
banc-path-0366,720575941432123640,DNa01,right,720575941595712448,RF,move_coxa_posterior,1,720575941432123640;720575941595712448,7,8,7,8
banc-path-0367,720575941467350237,DNg79,right,720575941432965902,RM,extend_femur_tibia_joint,1,720575941467350237;720575941432965902,7,9,7,9
banc-path-0368,720575941478215985,DNp11,right,720575941556144100,LM,move_coxa_posterior,1,720575941478215985;720575941556144100,8,7,8,7
banc-path-0369,720575941478215985,DNp11,right,720575941684824815,LM,move_coxa_posterior,1,720575941478215985;720575941684824815,7,11,7,11
banc-path-0370,720575941528667814,DNp05,right,720575941459422623,LM,flex_femur_tibia_joint,1,720575941528667814;720575941459422623,7,7,7,7
banc-path-0371,720575941549273992,DNp47,right,720575941506261538,LF,move_coxa_anterior,1,720575941549273992;720575941506261538,7,7,7,7
banc-path-0372,720575941572713886,DNg97,right,720575941558861839,LM,move_coxa_anterior,1,720575941572713886;720575941558861839,7,9,7,9
banc-path-0373,720575941592629132,DNge011,right,720575941428654255,RF,move_coxa_anterior,1,720575941592629132;720575941428654255,7,7,7,7
banc-path-0374,720575941593683051,DNp10,right,720575941611361811,LF,flex_tibia_tarsus_joint,1,720575941593683051;720575941611361811,9,7,9,7
banc-path-0375,720575941595517735,DNg75,left,720575941498748489,RH,move_coxa_posterior,1,720575941595517735;720575941498748489,7,10,7,10
banc-path-0376,720575941595827158,DNg75,right,720575941519664856,LM,move_coxa_anterior,1,720575941595827158;720575941519664856,7,7,7,7
banc-path-0377,720575941646451361,DNp47,left,720575941498960546,LF,move_coxa_anterior,1,720575941646451361;720575941498960546,7,11,7,11
banc-path-0378,720575941402821923,DNp05,left,720575941538082453,RH,flex_femur_tibia_joint,1,720575941402821923;720575941538082453,7,6,7,6
banc-path-0379,720575941409519022,DNp02,left,720575941476434996,LM,extend_coxa_trochanter_joint,1,720575941409519022;720575941476434996,6,9,6,9
banc-path-0380,720575941439437586,DNb05,left,720575941687653238,LM,extend_coxa_trochanter_joint,1,720575941439437586;720575941687653238,6,8,6,8
banc-path-0381,720575941467350237,DNg79,right,720575941471839296,LH,extend_femur_tibia_joint,1,720575941467350237;720575941471839296,7,6,7,6
banc-path-0382,720575941476852254,DNg62,right,720575941518851694,LF,flex_coxa_trochanter_joint,1,720575941476852254;720575941518851694,6,6,6,6
banc-path-0383,720575941480554370,DNg79,right,720575941448798133,RF,unknown_leg_movement,1,720575941480554370;720575941448798133,6,9,6,9
banc-path-0384,720575941528667814,DNp05,right,720575941508440193,LH,flex_femur_tibia_joint,1,720575941528667814;720575941508440193,6,6,6,6
banc-path-0385,720575941534222770,DNp15,left,720575941632311739,LH,flex_coxa_trochanter_joint,1,720575941534222770;720575941632311739,6,12,6,12
banc-path-0386,720575941535862506,DNa01,left,720575941645259128,LM,move_coxa_posterior,1,720575941535862506;720575941645259128,7,6,7,6
banc-path-0387,720575941545991429,DNp07,right,720575941498960546,LF,move_coxa_anterior,1,720575941545991429;720575941498960546,6,7,6,7
banc-path-0388,720575941545991429,DNp07,right,720575941596095877,LM,flex_femur_tibia_joint,1,720575941545991429;720575941596095877,6,7,6,7
banc-path-0389,720575941551589181,DNp11,left,720575941488203209,RF,pull_long_tendon,1,720575941551589181;720575941488203209,6,7,6,7
banc-path-0390,720575941572669342,DNb06,right,720575941442381738,LM,extend_coxa_trochanter_joint,1,720575941572669342;720575941442381738,6,9,6,9
banc-path-0391,720575941595517735,DNg75,left,720575941503422187,RH,move_coxa_medial,1,720575941595517735;720575941503422187,6,9,6,9
banc-path-0392,720575941611791590,DNp06,left,720575941476434996,LM,extend_coxa_trochanter_joint,1,720575941611791590;720575941476434996,6,7,6,7
banc-path-0393,720575941646451361,DNp47,left,720575941644192200,LM,flex_coxa_trochanter_joint,1,720575941646451361;720575941644192200,6,7,6,7
banc-path-0394,720575941407841071,DNp07,left,720575941463793552,RH,flex_femur_tibia_joint,1,720575941407841071;720575941463793552,5,7,5,7
banc-path-0395,720575941407841071,DNp07,left,720575941534943937,RM,extend_coxa_trochanter_joint,1,720575941407841071;720575941534943937,5,5,5,5
banc-path-0396,720575941432123640,DNa01,right,720575941559281679,RF,flex_femur_tibia_joint,1,720575941432123640;720575941559281679,5,5,5,5
banc-path-0397,720575941447863316,DNb05,right,720575941470212471,RH,extend_femur_tibia_joint,1,720575941447863316;720575941470212471,5,7,5,7
banc-path-0398,720575941451068597,DNp01,right,720575941500579913,RM,extend_coxa_trochanter_joint,1,720575941451068597;720575941500579913,5,12,5,12
banc-path-0399,720575941480554370,DNg79,right,720575941432965902,RM,extend_femur_tibia_joint,1,720575941480554370;720575941432965902,5,5,5,5
banc-path-0400,720575941480554370,DNg79,right,720575941471839296,LH,extend_femur_tibia_joint,1,720575941480554370;720575941471839296,6,5,6,5
banc-path-0401,720575941494960254,DNg79,left,720575941503422187,RH,move_coxa_medial,1,720575941494960254;720575941503422187,6,5,6,5
banc-path-0402,720575941502628695,DNp15,right,720575941428654255,RF,move_coxa_anterior,1,720575941502628695;720575941428654255,6,5,6,5
banc-path-0403,720575941507073303,DNp02,right,720575941474499377,RM,flex_femur_tibia_joint,1,720575941507073303;720575941474499377,5,6,5,6
banc-path-0404,720575941507073303,DNp02,right,720575941488203209,RF,pull_long_tendon,1,720575941507073303;720575941488203209,5,7,5,7
banc-path-0405,720575941509145950,DNp01,left,720575941476434996,LM,extend_coxa_trochanter_joint,1,720575941509145950;720575941476434996,8,5,8,5
banc-path-0406,720575941519464046,DNg97,left,720575941480138976,RM,move_coxa_anterior,1,720575941519464046;720575941480138976,5,5,5,5
banc-path-0407,720575941519464046,DNg97,left,720575941573687049,RM,flex_femur_tibia_joint,1,720575941519464046;720575941573687049,5,10,5,10
banc-path-0408,720575941545991429,DNp07,right,720575941517726936,LH,move_coxa_posterior,1,720575941545991429;720575941517726936,5,8,5,8
banc-path-0409,720575941545991429,DNp07,right,720575941577004881,LM,flex_tibia_tarsus_joint,1,720575941545991429;720575941577004881,5,7,5,7
banc-path-0410,720575941549273992,DNp47,right,720575941633013484,RH,flex_femur_tibia_joint,1,720575941549273992;720575941633013484,5,5,5,5
banc-path-0411,720575941549273992,DNp47,right,720575941644192200,LM,flex_coxa_trochanter_joint,1,720575941549273992;720575941644192200,5,6,5,6
banc-path-0412,720575941551589181,DNp11,left,720575941531180261,RF,move_coxa_anterior,1,720575941551589181;720575941531180261,6,5,6,5
banc-path-0413,720575941551589181,DNp11,left,720575941551010695,RF,flex_femur_tibia_joint,1,720575941551589181;720575941551010695,5,6,5,6
banc-path-0414,720575941566493282,DNp09,left,720575941589657598,LM,move_coxa_posterior,1,720575941566493282;720575941589657598,5,7,5,7
banc-path-0415,720575941592629132,DNge011,right,720575941592225831,RF,move_coxa_anterior,1,720575941592629132;720575941592225831,5,5,5,5
banc-path-0416,720575941595517735,DNg75,left,720575941591121463,RM,move_coxa_posterior,1,720575941595517735;720575941591121463,5,5,5,5
banc-path-0417,720575941646451361,DNp47,left,720575941487752144,LH,flex_femur_tibia_joint,1,720575941646451361;720575941487752144,5,5,5,5
banc-path-0418,720575941626500746,DNg100,left,720575941542738524,RM,pull_long_tendon,2,720575941626500746;720575941613448668;720575941542738524,141;156,149;157,141,149
banc-path-0419,720575941500851362,DNg100,right,720575941498960546,LF,move_coxa_anterior,2,720575941500851362;720575941571519483;720575941498960546,134;163,128;170,134,128
banc-path-0420,720575941500851362,DNg100,right,720575941527458562,LF,flex_coxa_trochanter_joint,2,720575941500851362;720575941571519483;720575941527458562,134;176,128;189,134,128
banc-path-0421,720575941500851362,DNg100,right,720575941551356570,LF,flex_coxa_trochanter_joint,2,720575941500851362;720575941571519483;720575941551356570,134;133,128;136,133,128
banc-path-0422,720575941626500746,DNg100,left,720575941644474312,RM,move_coxa_medial,2,720575941626500746;720575941613448668;720575941644474312,141;116,149;115,116,115
banc-path-0423,720575941432123640,DNa01,right,720575941505891422,RM,flex_femur_tibia_joint,2,720575941432123640;720575941611153510;720575941505891422,109;131,122;132,109,122
banc-path-0424,720575941432123640,DNa01,right,720575941553691876,RM,flex_coxa_trochanter_joint,2,720575941432123640;720575941611153510;720575941553691876,109;111,122;109,109,109
banc-path-0425,720575941432123640,DNa01,right,720575941573687049,RM,flex_femur_tibia_joint,2,720575941432123640;720575941611153510;720575941573687049,109;236,122;244,109,122
banc-path-0426,720575941500851362,DNg100,right,720575941611652627,LM,pull_long_tendon,2,720575941500851362;720575941450559566;720575941611652627,110;109,122;125,109,122
banc-path-0427,720575941550687805,DNge050,right,720575941611652627,LM,pull_long_tendon,2,720575941550687805;720575941450559566;720575941611652627,128;109,139;125,109,125
banc-path-0428,720575941500851362,DNg100,right,720575941496173947,LH,pull_long_tendon,2,720575941500851362;720575941592869928;720575941496173947,105;120,116;121,105,116
banc-path-0429,720575941401814307,DNge050,left,720575941411709073,RF,extend_coxa_trochanter_joint,2,720575941401814307;720575941623146186;720575941411709073,140;99,156;111,99,111
banc-path-0430,720575941626500746,DNg100,left,720575941411709073,RF,extend_coxa_trochanter_joint,2,720575941626500746;720575941623146186;720575941411709073,141;99,163;111,99,111
banc-path-0431,720575941500851362,DNg100,right,720575941553503460,LM,move_coxa_posterior_lateral,2,720575941500851362;720575941450559566;720575941553503460,110;97,122;111,97,111
banc-path-0432,720575941550687805,DNge050,right,720575941553503460,LM,move_coxa_posterior_lateral,2,720575941550687805;720575941450559566;720575941553503460,128;97,139;111,97,111
banc-path-0433,720575941550687805,DNge050,right,720575941483515389,LF,extend_coxa_trochanter_joint,2,720575941550687805;720575941429526743;720575941483515389,152;103,147;95,103,95
banc-path-0434,720575941626500746,DNg100,left,720575941591037547,RM,pull_long_tendon,2,720575941626500746;720575941613448668;720575941591037547,141;103,149;95,103,95
banc-path-0435,720575941401814307,DNge050,left,720575941488203209,RF,pull_long_tendon,2,720575941401814307;720575941623146186;720575941488203209,140;94,156;97,94,97
banc-path-0436,720575941626500746,DNg100,left,720575941488203209,RF,pull_long_tendon,2,720575941626500746;720575941623146186;720575941488203209,141;94,163;97,94,97
banc-path-0437,720575941600262848,DNge011,left,720575941483515389,LF,extend_coxa_trochanter_joint,2,720575941600262848;720575941429526743;720575941483515389,92;103,94;95,92,94
banc-path-0438,720575941500851362,DNg100,right,720575941451737978,LH,flex_femur_tibia_joint,2,720575941500851362;720575941592869928;720575941451737978,105;93,116;91,93,91
banc-path-0439,720575941572713886,DNg97,right,720575941481179066,LF,flex_femur_tibia_joint,2,720575941572713886;720575941514435793;720575941481179066,90;112,95;116,90,95
banc-path-0440,720575941572713886,DNg97,right,720575941498960546,LF,move_coxa_anterior,2,720575941572713886;720575941571519483;720575941498960546,90;163,96;170,90,96
banc-path-0441,720575941572713886,DNg97,right,720575941524746573,LF,flex_coxa_trochanter_joint,2,720575941572713886;720575941571519483;720575941524746573,90;99,96;106,90,96
banc-path-0442,720575941500851362,DNg100,right,720575941494963582,LM,unknown_leg_movement,2,720575941500851362;720575941612203996;720575941494963582,87;181,95;197,87,95
banc-path-0443,720575941592629132,DNge011,right,720575941448798133,RF,unknown_leg_movement,2,720575941592629132;720575941541480573;720575941448798133,87;127,88;144,87,88
banc-path-0444,720575941592629132,DNge011,right,720575941450561358,RF,flex_coxa_trochanter_joint,2,720575941592629132;720575941541480573;720575941450561358,87;94,88;105,87,88
banc-path-0445,720575941592629132,DNge011,right,720575941488287797,RF,extend_femur_tibia_joint,2,720575941592629132;720575941541480573;720575941488287797,87;139,88;151,87,88
banc-path-0446,720575941572669342,DNb06,right,720575941488644300,RH,extend_coxa_trochanter_joint,2,720575941572669342;720575941688630390;720575941488644300,107;86,111;100,86,100
banc-path-0447,720575941500851362,DNg100,right,720575941461624845,LH,pull_long_tendon,2,720575941500851362;720575941592869928;720575941461624845,105;85,116;90,85,90
banc-path-0448,720575941626500746,DNg100,left,720575941573296822,RH,pull_long_tendon,2,720575941626500746;720575941503464587;720575941573296822,116;85,151;88,85,88
banc-path-0449,720575941595193558,DNp35,right,720575941404729712,RM,flex_coxa_trochanter_joint,2,720575941595193558;720575941646678984;720575941404729712,84;84,85;94,84,85
banc-path-0450,720575941595193558,DNp35,right,720575941488287797,RF,extend_femur_tibia_joint,2,720575941595193558;720575941646678984;720575941488287797,84;85,85;84,84,84
banc-path-0451,720575941519464046,DNg97,left,720575941547393825,RF,flex_femur_tibia_joint,2,720575941519464046;720575941520199340;720575941547393825,82;314,89;315,82,89
banc-path-0452,720575941519464046,DNg97,left,720575941551010695,RF,flex_femur_tibia_joint,2,720575941519464046;720575941520199340;720575941551010695,82;128,89;135,82,89
banc-path-0453,720575941519464046,DNg97,left,720575941559281679,RF,flex_femur_tibia_joint,2,720575941519464046;720575941520199340;720575941559281679,82;156,89;138,82,89
banc-path-0454,720575941560162798,DNp35,left,720575941404729712,RM,flex_coxa_trochanter_joint,2,720575941560162798;720575941646678984;720575941404729712,82;84,86;94,82,86
banc-path-0455,720575941560162798,DNp35,left,720575941488287797,RF,extend_femur_tibia_joint,2,720575941560162798;720575941646678984;720575941488287797,82;85,86;84,82,84
banc-path-0456,720575941626500746,DNg100,left,720575941547393825,RF,flex_femur_tibia_joint,2,720575941626500746;720575941520199340;720575941547393825,82;314,99;315,82,99
banc-path-0457,720575941552142727,DNa03,left,720575941519664856,LM,move_coxa_anterior,2,720575941552142727;720575941510475536;720575941519664856,133;81,149;91,81,91
banc-path-0458,720575941572669342,DNb06,right,720575941623920586,RH,extend_coxa_trochanter_joint,2,720575941572669342;720575941688630390;720575941623920586,107;81,111;104,81,104
banc-path-0459,720575941663497084,DNa11,left,720575941519664856,LM,move_coxa_anterior,2,720575941663497084;720575941510475536;720575941519664856,131;81,138;91,81,91
banc-path-0460,720575941447863316,DNb05,right,720575941480138976,RM,move_coxa_anterior,2,720575941447863316;720575941441906779;720575941480138976,80;93,80;104,80,80
banc-path-0461,720575941550687805,DNge050,right,720575941411838612,LF,pull_long_tendon,2,720575941550687805;720575941429526743;720575941411838612,152;87,147;80,87,80
banc-path-0462,720575941550687805,DNge050,right,720575941547132040,LM,pull_long_tendon,2,720575941550687805;720575941450559566;720575941547132040,128;80,139;88,80,88
banc-path-0463,720575941600262848,DNge011,left,720575941411838612,LF,pull_long_tendon,2,720575941600262848;720575941429526743;720575941411838612,92;87,94;80,87,80
banc-path-0464,720575941401814307,DNge050,left,720575941542738524,RM,pull_long_tendon,2,720575941401814307;720575941613448668;720575941542738524,77;156,86;157,77,86
banc-path-0465,720575941401814307,DNge050,left,720575941591037547,RM,pull_long_tendon,2,720575941401814307;720575941613448668;720575941591037547,77;103,86;95,77,86
banc-path-0466,720575941401814307,DNge050,left,720575941611750419,RM,pull_long_tendon,2,720575941401814307;720575941613448668;720575941611750419,77;78,86;84,77,84
banc-path-0467,720575941504526386,DNg55,right,720575941549456673,LH,pull_long_tendon,2,720575941504526386;720575941563184040;720575941549456673,97;76,86;89,76,86
banc-path-0468,720575941560162798,DNp35,left,720575941568553330,LM,extend_coxa_trochanter_joint,2,720575941560162798;720575941619873407;720575941568553330,92;82,88;76,82,76
banc-path-0469,720575941595193558,DNp35,right,720575941568553330,LM,extend_coxa_trochanter_joint,2,720575941595193558;720575941619873407;720575941568553330,93;82,100;76,82,76
banc-path-0470,720575941549273992,DNp47,right,720575941644192200,LM,flex_coxa_trochanter_joint,2,720575941549273992;720575941688631414;720575941644192200,79;73,86;80,73,80
banc-path-0471,720575941595193558,DNp35,right,720575941543372649,RH,extend_coxa_trochanter_joint,2,720575941595193558;720575941652728049;720575941543372649,73;75,92;82,73,82
banc-path-0472,720575941595193558,DNp35,right,720575941593715569,RF,move_coxa_posterior_lateral,2,720575941595193558;720575941652728049;720575941593715569,73;81,92;96,73,92
banc-path-0473,720575941595193558,DNp35,right,720575941691007896,RF,move_coxa_posterior_lateral,2,720575941595193558;720575941652728049;720575941691007896,73;80,92;76,73,76
banc-path-0474,720575941600262848,DNge011,left,720575941460703245,LF,unknown_leg_movement,2,720575941600262848;720575941646923208;720575941460703245,73;89,79;93,73,79
banc-path-0475,720575941550687805,DNge050,right,720575941518133464,LF,move_coxa_posterior,2,720575941550687805;720575941429526743;720575941518133464,152;72,147;79,72,79
banc-path-0476,720575941560162798,DNp35,left,720575941478281440,RF,extend_coxa_trochanter_joint,2,720575941560162798;720575941646678984;720575941478281440,82;73,86;71,73,71
banc-path-0477,720575941560162798,DNp35,left,720575941644192200,LM,flex_coxa_trochanter_joint,2,720575941560162798;720575941519463278;720575941644192200,96;70,101;71,70,71
banc-path-0478,720575941593683051,DNp10,right,720575941547393825,RF,flex_femur_tibia_joint,2,720575941593683051;720575941540977357;720575941547393825,70;107,76;103,70,76
banc-path-0479,720575941595193558,DNp35,right,720575941644192200,LM,flex_coxa_trochanter_joint,2,720575941595193558;720575941519463278;720575941644192200,98;70,111;71,70,71
banc-path-0480,720575941401814307,DNge050,left,720575941499964555,RF,move_coxa_medial,2,720575941401814307;720575941623146186;720575941499964555,140;68,156;78,68,78
banc-path-0481,720575941432123640,DNa01,right,720575941353301552,RF,move_coxa_posterior,2,720575941432123640;720575941496314697;720575941353301552,72;275,68;275,72,68
banc-path-0482,720575941432123640,DNa01,right,720575941593715569,RF,move_coxa_posterior_lateral,2,720575941432123640;720575941496314697;720575941593715569,72;369,68;375,72,68
banc-path-0483,720575941432123640,DNa01,right,720575941595712448,RF,move_coxa_posterior,2,720575941432123640;720575941496314697;720575941595712448,72;93,68;86,72,68
banc-path-0484,720575941534881368,DNb08,left,720575941498960546,LF,move_coxa_anterior,2,720575941534881368;720575941571519483;720575941498960546,67;163,71;170,67,71
banc-path-0485,720575941534881368,DNb08,left,720575941506261538,LF,move_coxa_anterior,2,720575941534881368;720575941571519483;720575941506261538,67;68,71;67,67,67
banc-path-0486,720575941534881368,DNb08,left,720575941524746573,LF,flex_coxa_trochanter_joint,2,720575941534881368;720575941571519483;720575941524746573,67;99,71;106,67,71
banc-path-0487,720575941626500746,DNg100,left,720575941507209029,RH,pull_long_tendon,2,720575941626500746;720575941503464587;720575941507209029,116;66,151;79,66,79
banc-path-0488,720575941439437586,DNb05,left,720575941481179066,LF,flex_femur_tibia_joint,2,720575941439437586;720575941581673337;720575941481179066,66;83,65;80,66,65
banc-path-0489,720575941439437586,DNb05,left,720575941524746573,LF,flex_coxa_trochanter_joint,2,720575941439437586;720575941581673337;720575941524746573,66;75,65;77,66,65
banc-path-0490,720575941439437586,DNb05,left,720575941527458562,LF,flex_coxa_trochanter_joint,2,720575941439437586;720575941581673337;720575941527458562,66;88,65;86,66,65
banc-path-0491,720575941560162798,DNp35,left,720575941468774667,LH,flex_coxa_trochanter_joint,2,720575941560162798;720575941519463278;720575941468774667,96;65,101;83,65,83
banc-path-0492,720575941560162798,DNp35,left,720575941687653238,LM,extend_coxa_trochanter_joint,2,720575941560162798;720575941619873407;720575941687653238,92;66,88;65,66,65
banc-path-0493,720575941595193558,DNp35,right,720575941468774667,LH,flex_coxa_trochanter_joint,2,720575941595193558;720575941519463278;720575941468774667,98;65,111;83,65,83
banc-path-0494,720575941595193558,DNp35,right,720575941687653238,LM,extend_coxa_trochanter_joint,2,720575941595193558;720575941619873407;720575941687653238,93;66,100;65,66,65
banc-path-0495,720575941409519022,DNp02,left,720575941535897098,RM,flex_femur_tibia_joint,2,720575941409519022;720575941612504297;720575941535897098,80;67,89;64,67,64
banc-path-0496,720575941439563583,DNge053,right,720575941535897098,RM,flex_femur_tibia_joint,2,720575941439563583;720575941612504297;720575941535897098,79;67,89;64,67,64
banc-path-0497,720575941559874831,DNp04,right,720575941535897098,RM,flex_femur_tibia_joint,2,720575941559874831;720575941612504297;720575941535897098,74;67,78;64,67,64
banc-path-0498,720575941572669342,DNb06,right,720575941573784990,RH,extend_coxa_trochanter_joint,2,720575941572669342;720575941688630390;720575941573784990,107;64,111;70,64,70
banc-path-0499,720575941583264121,DNp04,left,720575941535897098,RM,flex_femur_tibia_joint,2,720575941583264121;720575941612504297;720575941535897098,84;67,82;64,67,64
banc-path-0500,720575941594716523,DNb06,left,720575941481634383,LH,extend_coxa_trochanter_joint,2,720575941594716523;720575941415762836;720575941481634383,79;64,90;74,64,74
banc-path-0501,720575941611791590,DNp06,left,720575941535897098,RM,flex_femur_tibia_joint,2,720575941611791590;720575941612504297;720575941535897098,69;67,78;64,67,64
banc-path-0502,720575941535862506,DNa01,left,720575941402088304,LF,move_coxa_posterior,2,720575941535862506;720575941541544028;720575941402088304,63;327,69;331,63,69
banc-path-0503,720575941535862506,DNa01,left,720575941494164864,LF,move_coxa_posterior_lateral,2,720575941535862506;720575941541544028;720575941494164864,63;305,69;305,63,69
banc-path-0504,720575941535862506,DNa01,left,720575941548546696,LF,move_coxa_posterior_lateral,2,720575941535862506;720575941541544028;720575941548546696,63;215,69;230,63,69
banc-path-0505,720575941560162798,DNp35,left,720575941487752144,LH,flex_femur_tibia_joint,2,720575941560162798;720575941619873407;720575941487752144,92;63,88;70,63,70
banc-path-0506,720575941560162798,DNp35,left,720575941494164864,LF,move_coxa_posterior_lateral,2,720575941560162798;720575941492471502;720575941494164864,106;78,116;63,78,63
banc-path-0507,720575941560162798,DNp35,left,720575941543372649,RH,extend_coxa_trochanter_joint,2,720575941560162798;720575941652728049;720575941543372649,63;75,84;82,63,82
banc-path-0508,720575941560162798,DNp35,left,720575941593715569,RF,move_coxa_posterior_lateral,2,720575941560162798;720575941652728049;720575941593715569,63;81,84;96,63,84
banc-path-0509,720575941594716523,DNb06,left,720575941568553330,LM,extend_coxa_trochanter_joint,2,720575941594716523;720575941415762836;720575941568553330,79;63,90;66,63,66
banc-path-0510,720575941595193558,DNp35,right,720575941487752144,LH,flex_femur_tibia_joint,2,720575941595193558;720575941619873407;720575941487752144,93;63,100;70,63,70
banc-path-0511,720575941595193558,DNp35,right,720575941494164864,LF,move_coxa_posterior_lateral,2,720575941595193558;720575941492471502;720575941494164864,129;78,158;63,78,63
banc-path-0512,720575941447863316,DNb05,right,720575941399414563,RF,flex_coxa_trochanter_joint,2,720575941447863316;720575941466736214;720575941399414563,62;219,71;234,62,71
banc-path-0513,720575941447863316,DNb05,right,720575941450561358,RF,flex_coxa_trochanter_joint,2,720575941447863316;720575941466736214;720575941450561358,62;132,71;134,62,71
banc-path-0514,720575941447863316,DNb05,right,720575941504396567,RF,flex_coxa_trochanter_joint,2,720575941447863316;720575941466736214;720575941504396567,62;263,71;268,62,71
banc-path-0515,720575941550687805,DNge050,right,720575941451737978,LH,flex_femur_tibia_joint,2,720575941550687805;720575941592869928;720575941451737978,62;93,68;91,62,68
banc-path-0516,720575941550687805,DNge050,right,720575941461624845,LH,pull_long_tendon,2,720575941550687805;720575941592869928;720575941461624845,62;85,68;90,62,68
banc-path-0517,720575941550687805,DNge050,right,720575941496173947,LH,pull_long_tendon,2,720575941550687805;720575941592869928;720575941496173947,62;120,68;121,62,68
banc-path-0518,720575941439437586,DNb05,left,720575941611945389,LH,move_coxa_medial,2,720575941439437586;720575941476980785;720575941611945389,61;79,63;91,61,63
banc-path-0519,720575941504526386,DNg55,right,720575941402088304,LF,move_coxa_posterior,2,720575941504526386;720575941535975873;720575941402088304,60;208,65;207,60,65
banc-path-0520,720575941504526386,DNg55,right,720575941414478484,LH,unknown_leg_movement,2,720575941504526386;720575941535975873;720575941414478484,60;154,65;163,60,65
banc-path-0521,720575941504526386,DNg55,right,720575941431160824,LH,flex_femur_tibia_joint,2,720575941504526386;720575941535975873;720575941431160824,60;65,65;65,60,65
banc-path-0522,720575941504526386,DNg55,right,720575941455787245,LF,move_coxa_anterior,2,720575941504526386;720575941535975873;720575941455787245,60;98,65;84,60,65
banc-path-0523,720575941504526386,DNg55,right,720575941459422623,LM,flex_femur_tibia_joint,2,720575941504526386;720575941535975873;720575941459422623,60;185,65;183,60,65
banc-path-0524,720575941504526386,DNg55,right,720575941468687581,LM,extend_femur_tibia_joint,2,720575941504526386;720575941535975873;720575941468687581,60;214,65;203,60,65
banc-path-0525,720575941504526386,DNg55,right,720575941471300448,LM,unknown_leg_movement,2,720575941504526386;720575941535975873;720575941471300448,60;101,65;93,60,65
banc-path-0526,720575941504526386,DNg55,right,720575941481179066,LF,flex_femur_tibia_joint,2,720575941504526386;720575941535975873;720575941481179066,60;173,65;135,60,65
banc-path-0527,720575941415598737,DNb08,right,720575941692129243,RF,move_coxa_anterior,2,720575941415598737;720575941470744896;720575941692129243,57;66,58;66,57,58
banc-path-0528,720575941535862506,DNa01,left,720575941468687581,LM,extend_femur_tibia_joint,2,720575941535862506;720575941643200673;720575941468687581,57;637,63;625,57,63
banc-path-0529,720575941535862506,DNa01,left,720575941497863497,LM,extend_femur_tibia_joint,2,720575941535862506;720575941643200673;720575941497863497,57;356,63;359,57,63
banc-path-0530,720575941560162798,DNp35,left,720575941458992031,LH,extend_coxa_trochanter_joint,2,720575941560162798;720575941519463278;720575941458992031,96;57,101;80,57,80
banc-path-0531,720575941560162798,DNp35,left,720575941481179066,LF,flex_femur_tibia_joint,2,720575941560162798;720575941619873407;720575941481179066,92;57,88;59,57,59
banc-path-0532,720575941572669342,DNb06,right,720575941470082423,RM,extend_coxa_trochanter_joint,2,720575941572669342;720575941688630390;720575941470082423,107;57,111;68,57,68
banc-path-0533,720575941574790664,DNge078,left,720575941556297811,RF,move_coxa_anterior,2,720575941574790664;720575941704434394;720575941556297811,68;57,72;62,57,62
banc-path-0534,720575941595193558,DNp35,right,720575941458992031,LH,extend_coxa_trochanter_joint,2,720575941595193558;720575941519463278;720575941458992031,98;57,111;80,57,80
banc-path-0535,720575941595193558,DNp35,right,720575941481179066,LF,flex_femur_tibia_joint,2,720575941595193558;720575941619873407;720575941481179066,93;57,100;59,57,59
banc-path-0536,720575941595517735,DNg75,left,720575941353301552,RF,move_coxa_posterior,2,720575941595517735;720575941512779084;720575941353301552,57;136,61;128,57,61
banc-path-0537,720575941595517735,DNg75,left,720575941559978797,RF,move_coxa_posterior,2,720575941595517735;720575941512779084;720575941559978797,57;84,61;80,57,61
banc-path-0538,720575941595517735,DNg75,left,720575941593715569,RF,move_coxa_posterior_lateral,2,720575941595517735;720575941512779084;720575941593715569,57;220,61;200,57,61
banc-path-0539,720575941549273992,DNp47,right,720575941527458562,LF,flex_coxa_trochanter_joint,2,720575941549273992;720575941688631414;720575941527458562,79;56,86;57,56,57
banc-path-0540,720575941551589181,DNp11,left,720575941404729712,RM,flex_coxa_trochanter_joint,2,720575941551589181;720575941691706264;720575941404729712,56;61,68;65,56,65
banc-path-0541,720575941551589181,DNp11,left,720575941450561358,RF,flex_coxa_trochanter_joint,2,720575941551589181;720575941691706264;720575941450561358,56;57,68;73,56,68
banc-path-0542,720575941551589181,DNp11,left,720575941594091397,RM,flex_coxa_trochanter_joint,2,720575941551589181;720575941691706264;720575941594091397,56;58,68;65,56,65
banc-path-0543,720575941626500746,DNg100,left,720575941486583046,RH,pull_long_tendon,2,720575941626500746;720575941552245822;720575941486583046,61;56,71;66,56,66
banc-path-0544,720575941657879576,DNp06,right,720575941535897098,RM,flex_femur_tibia_joint,2,720575941657879576;720575941612504297;720575941535897098,56;67,59;64,56,59
banc-path-0545,720575941724184890,DNb08,left,720575941498960546,LF,move_coxa_anterior,2,720575941724184890;720575941571519483;720575941498960546,56;163,58;170,56,58
banc-path-0546,720575941724184890,DNb08,left,720575941506261538,LF,move_coxa_anterior,2,720575941724184890;720575941571519483;720575941506261538,56;68,58;67,56,58
banc-path-0547,720575941724184890,DNb08,left,720575941524746573,LF,flex_coxa_trochanter_joint,2,720575941724184890;720575941571519483;720575941524746573,56;99,58;106,56,58
banc-path-0548,720575941407841071,DNp07,left,720575941547393825,RF,flex_femur_tibia_joint,2,720575941407841071;720575941540977357;720575941547393825,55;107,66;103,55,66
banc-path-0549,720575941401814307,DNge050,left,720575941507209029,RH,pull_long_tendon,2,720575941401814307;720575941503464587;720575941507209029,54;66,71;79,54,71
banc-path-0550,720575941401814307,DNge050,left,720575941573296822,RH,pull_long_tendon,2,720575941401814307;720575941503464587;720575941573296822,54;85,71;88,54,71
banc-path-0551,720575941401814307,DNge050,left,720575941625549211,RH,flex_femur_tibia_joint,2,720575941401814307;720575941503464587;720575941625549211,54;55,71;67,54,67
banc-path-0552,720575941439437586,DNb05,left,720575941558861839,LM,move_coxa_anterior,2,720575941439437586;720575941476980785;720575941558861839,61;54,63;74,54,63
banc-path-0553,720575941566493282,DNp09,left,720575941593715569,RF,move_coxa_posterior_lateral,2,720575941566493282;720575941595517735;720575941593715569,64;54,72;63,54,63
banc-path-0554,720575941572713886,DNg97,right,720575941593715569,RF,move_coxa_posterior_lateral,2,720575941572713886;720575941595517735;720575941593715569,70;54,91;63,54,63
banc-path-0555,720575941663497084,DNa11,left,720575941593715569,RF,move_coxa_posterior_lateral,2,720575941663497084;720575941595517735;720575941593715569,94;54,123;63,54,63
banc-path-0556,720575941519464046,DNg97,left,720575941506261538,LF,move_coxa_anterior,2,720575941519464046;720575941535086424;720575941506261538,82;55,89;53,55,53
banc-path-0557,720575941572669342,DNb06,right,720575941402088304,LF,move_coxa_posterior,2,720575941572669342;720575941541544028;720575941402088304,56;327,53;331,56,53
banc-path-0558,720575941572669342,DNb06,right,720575941494164864,LF,move_coxa_posterior_lateral,2,720575941572669342;720575941541544028;720575941494164864,56;305,53;305,56,53
banc-path-0559,720575941572669342,DNb06,right,720575941548546696,LF,move_coxa_posterior_lateral,2,720575941572669342;720575941541544028;720575941548546696,56;215,53;230,56,53
banc-path-0560,720575941586099334,DNge012,right,720575941593843589,RF,extend_coxa_trochanter_joint,2,720575941586099334;720575941510907468;720575941593843589,55;87,53;80,55,53
banc-path-0561,720575941409519022,DNp02,left,720575941404729712,RM,flex_coxa_trochanter_joint,2,720575941409519022;720575941691706264;720575941404729712,52;61,58;65,52,58
banc-path-0562,720575941409519022,DNp02,left,720575941450561358,RF,flex_coxa_trochanter_joint,2,720575941409519022;720575941691706264;720575941450561358,52;57,58;73,52,58
banc-path-0563,720575941409519022,DNp02,left,720575941594091397,RM,flex_coxa_trochanter_joint,2,720575941409519022;720575941691706264;720575941594091397,52;58,58;65,52,58
banc-path-0564,720575941507073303,DNp02,right,720575941535897098,RM,flex_femur_tibia_joint,2,720575941507073303;720575941612504297;720575941535897098,52;67,68;64,52,64
banc-path-0565,720575941549273992,DNp47,right,720575941523368779,RF,extend_coxa_trochanter_joint,2,720575941549273992;720575941393745046;720575941523368779,93;52,103;52,52,52
banc-path-0566,720575941560162798,DNp35,left,720575941498960546,LF,move_coxa_anterior,2,720575941560162798;720575941492471502;720575941498960546,106;55,116;52,55,52
banc-path-0567,720575941595193558,DNp35,right,720575941498960546,LF,move_coxa_anterior,2,720575941595193558;720575941492471502;720575941498960546,129;55,158;52,55,52
banc-path-0568,720575941467350237,DNg79,right,720575941461333648,LF,extend_coxa_trochanter_joint,2,720575941467350237;720575941439191637;720575941461333648,51;116,52;120,51,52
banc-path-0569,720575941467350237,DNg79,right,720575941516874094,LF,extend_coxa_trochanter_joint,2,720575941467350237;720575941439191637;720575941516874094,51;112,52;109,51,52
banc-path-0570,720575941467350237,DNg79,right,720575941720479034,LF,extend_coxa_trochanter_joint,2,720575941467350237;720575941439191637;720575941720479034,51;94,52;92,51,52
banc-path-0571,720575941594716523,DNb06,left,720575941578679121,LH,extend_coxa_trochanter_joint,2,720575941594716523;720575941415762836;720575941578679121,79;51,90;62,51,62
banc-path-0572,720575941572669342,DNb06,right,720575941534943937,RM,extend_coxa_trochanter_joint,2,720575941572669342;720575941688630390;720575941534943937,107;50,111;58,50,58
banc-path-0573,720575941407841071,DNp07,left,720575941547393825,RF,flex_femur_tibia_joint,2,720575941407841071;720575941560610575;720575941547393825,54;49,56;49,49,49
banc-path-0574,720575941440683743,DNp10,left,720575941547393825,RF,flex_femur_tibia_joint,2,720575941440683743;720575941560610575;720575941547393825,58;49,61;49,49,49
banc-path-0575,720575941500851362,DNg100,right,720575941428654255,RF,move_coxa_anterior,2,720575941500851362;720575941626500746;720575941428654255,49;55,57;63,49,57
banc-path-0576,720575941500851362,DNg100,right,720575941556297811,RF,move_coxa_anterior,2,720575941500851362;720575941626500746;720575941556297811,49;49,57;53,49,53
banc-path-0577,720575941500851362,DNg100,right,720575941593715569,RF,move_coxa_posterior_lateral,2,720575941500851362;720575941626500746;720575941593715569,49;57,57;58,49,57
banc-path-0578,720575941500851362,DNg100,right,720575941630145989,RH,flex_femur_tibia_joint,2,720575941500851362;720575941626500746;720575941630145989,49;55,57;62,49,57
banc-path-0579,720575941519464046,DNg97,left,720575941404729712,RM,flex_coxa_trochanter_joint,2,720575941519464046;720575941564525480;720575941404729712,49;103,54;112,49,54
banc-path-0580,720575941519464046,DNg97,left,720575941432965902,RM,extend_femur_tibia_joint,2,720575941519464046;720575941564525480;720575941432965902,49;66,54;66,49,54
banc-path-0581,720575941519464046,DNg97,left,720575941478187841,RM,extend_femur_tibia_joint,2,720575941519464046;720575941564525480;720575941478187841,49;98,54;104,49,54
banc-path-0582,720575941545991429,DNp07,right,720575941547393825,RF,flex_femur_tibia_joint,2,720575941545991429;720575941560610575;720575941547393825,55;49,57;49,49,49
banc-path-0583,720575941549273992,DNp47,right,720575941547393825,RF,flex_femur_tibia_joint,2,720575941549273992;720575941560610575;720575941547393825,51;49,56;49,49,49
banc-path-0584,720575941560162798,DNp35,left,720575941488644300,RH,extend_coxa_trochanter_joint,2,720575941560162798;720575941652728049;720575941488644300,63;49,84;60,49,60
banc-path-0585,720575941572669342,DNb06,right,720575941506034049,RM,extend_coxa_trochanter_joint,2,720575941572669342;720575941688630390;720575941506034049,107;49,111;57,49,57
banc-path-0586,720575941586099334,DNge012,right,720575941508453761,RF,extend_coxa_trochanter_joint,2,720575941586099334;720575941510907468;720575941508453761,55;52,53;49,52,49
banc-path-0587,720575941593683051,DNp10,right,720575941547393825,RF,flex_femur_tibia_joint,2,720575941593683051;720575941560610575;720575941547393825,53;49,58;49,49,49
banc-path-0588,720575941595193558,DNp35,right,720575941488644300,RH,extend_coxa_trochanter_joint,2,720575941595193558;720575941652728049;720575941488644300,73;49,92;60,49,60
banc-path-0589,720575941646451361,DNp47,left,720575941547393825,RF,flex_femur_tibia_joint,2,720575941646451361;720575941560610575;720575941547393825,60;49,53;49,49,49
banc-path-0590,720575941407841071,DNp07,left,720575941432965902,RM,extend_femur_tibia_joint,2,720575941407841071;720575941515936505;720575941432965902,48;94,55;92,48,55
banc-path-0591,720575941407841071,DNp07,left,720575941478187841,RM,extend_femur_tibia_joint,2,720575941407841071;720575941515936505;720575941478187841,48;61,55;72,48,55
banc-path-0592,720575941407841071,DNp07,left,720575941568355066,RM,move_coxa_anterior,2,720575941407841071;720575941515936505;720575941568355066,48;79,55;90,48,55
banc-path-0593,720575941486612034,DNa03,right,720575941568355066,RM,move_coxa_anterior,2,720575941486612034;720575941456897005;720575941568355066,127;48,135;48,48,48
banc-path-0594,720575941526946562,DNa11,right,720575941568355066,RM,move_coxa_anterior,2,720575941526946562;720575941456897005;720575941568355066,143;48,157;48,48,48
banc-path-0595,720575941545991429,DNp07,right,720575941547393825,RF,flex_femur_tibia_joint,2,720575941545991429;720575941540977357;720575941547393825,51;107,48;103,51,48
banc-path-0596,720575941549273992,DNp47,right,720575941536923624,LF,flex_coxa_trochanter_joint,2,720575941549273992;720575941688631414;720575941536923624,79;48,86;55,48,55
banc-path-0597,720575941549273992,DNp47,right,720575941613374172,LM,flex_coxa_trochanter_joint,2,720575941549273992;720575941688631414;720575941613374172,79;48,86;62,48,62
banc-path-0598,720575941646451361,DNp47,left,720575941523368779,RF,extend_coxa_trochanter_joint,2,720575941646451361;720575941393745046;720575941523368779,48;52,62;52,48,52
banc-path-0599,720575941440683743,DNp10,left,720575941547393825,RF,flex_femur_tibia_joint,2,720575941440683743;720575941540977357;720575941547393825,47;107,48;103,47,48
banc-path-0600,720575941535097578,DNge012,right,720575941399414563,RF,flex_coxa_trochanter_joint,2,720575941535097578;720575941541480573;720575941399414563,47;68,52;77,47,52
banc-path-0601,720575941535097578,DNge012,right,720575941448798133,RF,unknown_leg_movement,2,720575941535097578;720575941541480573;720575941448798133,47;127,52;144,47,52
banc-path-0602,720575941535097578,DNge012,right,720575941450561358,RF,flex_coxa_trochanter_joint,2,720575941535097578;720575941541480573;720575941450561358,47;94,52;105,47,52
banc-path-0603,720575941545432425,DNb08,right,720575941404729712,RM,flex_coxa_trochanter_joint,2,720575941545432425;720575941564525480;720575941404729712,48;103,47;112,48,47
banc-path-0604,720575941545432425,DNb08,right,720575941432965902,RM,extend_femur_tibia_joint,2,720575941545432425;720575941564525480;720575941432965902,48;66,47;66,48,47
banc-path-0605,720575941545432425,DNb08,right,720575941478187841,RM,extend_femur_tibia_joint,2,720575941545432425;720575941564525480;720575941478187841,48;98,47;104,48,47
banc-path-0606,720575941572713886,DNg97,right,720575941556297811,RF,move_coxa_anterior,2,720575941572713886;720575941445859754;720575941556297811,47;51,59;51,47,51
banc-path-0607,720575941586099334,DNge012,right,720575941667380979,RF,extend_coxa_trochanter_joint,2,720575941586099334;720575941510907468;720575941667380979,55;52,53;47,52,47
banc-path-0608,720575941594716523,DNb06,left,720575941458992031,LH,extend_coxa_trochanter_joint,2,720575941594716523;720575941415762836;720575941458992031,79;47,90;53,47,53
banc-path-0609,720575941595517735,DNg75,left,720575941519664856,LM,move_coxa_anterior,2,720575941595517735;720575941510475536;720575941519664856,47;81,52;91,47,52
banc-path-0610,720575941646451361,DNp47,left,720575941547393825,RF,flex_femur_tibia_joint,2,720575941646451361;720575941540977357;720575941547393825,50;107,47;103,50,47
banc-path-0611,720575941646451361,DNp47,left,720575941611945389,LH,move_coxa_medial,2,720575941646451361;720575941611824358;720575941611945389,86;47,98;64,47,64
banc-path-0612,720575941480554370,DNg79,right,720575941461333648,LF,extend_coxa_trochanter_joint,2,720575941480554370;720575941439191637;720575941461333648,46;116,46;120,46,46
banc-path-0613,720575941480554370,DNg79,right,720575941516874094,LF,extend_coxa_trochanter_joint,2,720575941480554370;720575941439191637;720575941516874094,46;112,46;109,46,46
banc-path-0614,720575941480554370,DNg79,right,720575941720479034,LF,extend_coxa_trochanter_joint,2,720575941480554370;720575941439191637;720575941720479034,46;94,46;92,46,46
banc-path-0615,720575941507073303,DNp02,right,720575941404729712,RM,flex_coxa_trochanter_joint,2,720575941507073303;720575941691706264;720575941404729712,46;61,51;65,46,51
banc-path-0616,720575941507073303,DNp02,right,720575941450561358,RF,flex_coxa_trochanter_joint,2,720575941507073303;720575941691706264;720575941450561358,46;57,51;73,46,51
banc-path-0617,720575941507073303,DNp02,right,720575941594091397,RM,flex_coxa_trochanter_joint,2,720575941507073303;720575941691706264;720575941594091397,46;58,51;65,46,51
banc-path-0618,720575941549273992,DNp47,right,720575941611945389,LH,move_coxa_medial,2,720575941549273992;720575941611824358;720575941611945389,46;47,52;64,46,52
banc-path-0619,720575941560162798,DNp35,left,720575941623920586,RH,extend_coxa_trochanter_joint,2,720575941560162798;720575941652728049;720575941623920586,63;46,84;58,46,58
banc-path-0620,720575941593683051,DNp10,right,720575941460703245,LF,unknown_leg_movement,2,720575941593683051;720575941414508948;720575941460703245,46;64,54;68,46,54
banc-path-0621,720575941593683051,DNp10,right,720575941468687581,LM,extend_femur_tibia_joint,2,720575941593683051;720575941414508948;720575941468687581,46;78,54;81,46,54
banc-path-0622,720575941593683051,DNp10,right,720575941471839296,LH,extend_femur_tibia_joint,2,720575941593683051;720575941414508948;720575941471839296,46;103,54;122,46,54
banc-path-0623,720575941593683051,DNp10,right,720575941496173947,LH,pull_long_tendon,2,720575941593683051;720575941414508948;720575941496173947,46;53,54;58,46,54
banc-path-0624,720575941593683051,DNp10,right,720575941506261538,LF,move_coxa_anterior,2,720575941593683051;720575941414508948;720575941506261538,46;60,54;68,46,54
banc-path-0625,720575941593683051,DNp10,right,720575941561204626,LF,unknown_leg_movement,2,720575941593683051;720575941414508948;720575941561204626,46;78,54;83,46,54
banc-path-0626,720575941593683051,DNp10,right,720575941611652627,LM,pull_long_tendon,2,720575941593683051;720575941414508948;720575941611652627,46;70,54;77,46,54
banc-path-0627,720575941595193558,DNp35,right,720575941623920586,RH,extend_coxa_trochanter_joint,2,720575941595193558;720575941652728049;720575941623920586,73;46,92;58,46,58
banc-path-0628,720575941595517735,DNg75,left,720575941478307380,RM,unknown_leg_movement,2,720575941595517735;720575941517357914;720575941478307380,46;90,47;98,46,47
banc-path-0629,720575941595517735,DNg75,left,720575941491293415,RM,move_coxa_posterior,2,720575941595517735;720575941517357914;720575941491293415,46;129,47;139,46,47
banc-path-0630,720575941595517735,DNg75,left,720575941505580066,RM,unknown_leg_movement,2,720575941595517735;720575941517357914;720575941505580066,46;63,47;70,46,47
banc-path-0631,720575941657879576,DNp06,right,720575941404729712,RM,flex_coxa_trochanter_joint,2,720575941657879576;720575941691706264;720575941404729712,46;61,50;65,46,50
banc-path-0632,720575941657879576,DNp06,right,720575941450561358,RF,flex_coxa_trochanter_joint,2,720575941657879576;720575941691706264;720575941450561358,46;57,50;73,46,50
banc-path-0633,720575941657879576,DNp06,right,720575941594091397,RM,flex_coxa_trochanter_joint,2,720575941657879576;720575941691706264;720575941594091397,46;58,50;65,46,50
banc-path-0634,720575941491065653,MDN,left,720575941431160824,LH,flex_femur_tibia_joint,2,720575941491065653;720575941669069043;720575941431160824,45;58,51;75,45,51
banc-path-0635,720575941491065653,MDN,left,720575941487752144,LH,flex_femur_tibia_joint,2,720575941491065653;720575941669069043;720575941487752144,45;72,51;80,45,51
banc-path-0636,720575941491065653,MDN,left,720575941508440193,LH,flex_femur_tibia_joint,2,720575941491065653;720575941669069043;720575941508440193,45;80,51;97,45,51
banc-path-0637,720575941535862506,DNa01,left,720575941459422623,LM,flex_femur_tibia_joint,2,720575941535862506;720575941516748179;720575941459422623,45;57,59;70,45,59
banc-path-0638,720575941545432425,DNb08,right,720575941692129243,RF,move_coxa_anterior,2,720575941545432425;720575941470744896;720575941692129243,49;66,45;66,49,45
banc-path-0639,720575941549273992,DNp47,right,720575941547393825,RF,flex_femur_tibia_joint,2,720575941549273992;720575941540977357;720575941547393825,45;107,48;103,45,48
banc-path-0640,720575941560162798,DNp35,left,720575941534943937,RM,extend_coxa_trochanter_joint,2,720575941560162798;720575941646678984;720575941534943937,82;45,86;51,45,51
banc-path-0641,720575941593683051,DNp10,right,720575941547132040,LM,pull_long_tendon,2,720575941593683051;720575941414508948;720575941547132040,46;45,54;53,45,53
banc-path-0642,720575941595193558,DNp35,right,720575941534943937,RM,extend_coxa_trochanter_joint,2,720575941595193558;720575941646678984;720575941534943937,84;45,85;51,45,51
banc-path-0643,720575941595827158,DNg75,right,720575941402088304,LF,move_coxa_posterior,2,720575941595827158;720575941545080252;720575941402088304,45;144,54;139,45,54
banc-path-0644,720575941595827158,DNg75,right,720575941494164864,LF,move_coxa_posterior_lateral,2,720575941595827158;720575941545080252;720575941494164864,45;248,54;242,45,54
banc-path-0645,720575941595827158,DNg75,right,720575941518133464,LF,move_coxa_posterior,2,720575941595827158;720575941545080252;720575941518133464,45;80,54;80,45,54
banc-path-0646,720575941526946562,DNa11,right,720575941493231536,LH,extend_femur_tibia_joint,2,720575941526946562;720575941550687805;720575941493231536,48;44,58;50,44,50
banc-path-0647,720575941560162798,DNp35,left,720575941470082423,RM,extend_coxa_trochanter_joint,2,720575941560162798;720575941646678984;720575941470082423,82;44,86;45,44,45
banc-path-0648,720575941595193558,DNp35,right,720575941470082423,RM,extend_coxa_trochanter_joint,2,720575941595193558;720575941646678984;720575941470082423,84;44,85;45,44,45
banc-path-0649,720575941646451361,DNp47,left,720575941558861839,LM,move_coxa_anterior,2,720575941646451361;720575941476980785;720575941558861839,44;54,49;74,44,49
banc-path-0650,720575941646451361,DNp47,left,720575941611945389,LH,move_coxa_medial,2,720575941646451361;720575941476980785;720575941611945389,44;79,49;91,44,49
banc-path-0651,720575941551589181,DNp11,left,720575941553691876,RM,flex_coxa_trochanter_joint,2,720575941551589181;720575941691706264;720575941553691876,56;43,68;49,43,49
banc-path-0652,720575941724184890,DNb08,left,720575941468687581,LM,extend_femur_tibia_joint,2,720575941724184890;720575941483139514;720575941468687581,44;57,43;79,44,43
banc-path-0653,720575941724184890,DNb08,left,720575941471300960,LM,flex_coxa_trochanter_joint,2,720575941724184890;720575941483139514;720575941471300960,44;47,43;58,44,43
banc-path-0654,720575941724184890,DNb08,left,720575941494963582,LM,unknown_leg_movement,2,720575941724184890;720575941483139514;720575941494963582,44;44,43;55,44,43
banc-path-0655,720575941504526386,DNg55,right,720575941404729712,RM,flex_coxa_trochanter_joint,2,720575941504526386;720575941724607290;720575941404729712,42;159,51;192,42,51
banc-path-0656,720575941504526386,DNg55,right,720575941432965902,RM,extend_femur_tibia_joint,2,720575941504526386;720575941724607290;720575941432965902,42;116,51;118,42,51
banc-path-0657,720575941504526386,DNg55,right,720575941434753568,RM,flex_femur_tibia_joint,2,720575941504526386;720575941724607290;720575941434753568,42;90,51;94,42,51
banc-path-0658,720575941504526386,DNg55,right,720575941450561358,RF,flex_coxa_trochanter_joint,2,720575941504526386;720575941724607290;720575941450561358,42;105,51;99,42,51
banc-path-0659,720575941504526386,DNg55,right,720575941470212471,RH,extend_femur_tibia_joint,2,720575941504526386;720575941724607290;720575941470212471,42;137,51;156,42,51
banc-path-0660,720575941504526386,DNg55,right,720575941478281440,RF,extend_coxa_trochanter_joint,2,720575941504526386;720575941724607290;720575941478281440,42;79,51;75,42,51
banc-path-0661,720575941504526386,DNg55,right,720575941488287797,RF,extend_femur_tibia_joint,2,720575941504526386;720575941724607290;720575941488287797,42;156,51;143,42,51
banc-path-0662,720575941504526386,DNg55,right,720575941488644300,RH,extend_coxa_trochanter_joint,2,720575941504526386;720575941724607290;720575941488644300,42;48,51;66,42,51
banc-path-0663,720575941504526386,DNg55,right,720575941521271475,RH,flex_femur_tibia_joint,2,720575941504526386;720575941724607290;720575941521271475,42;82,51;109,42,51
banc-path-0664,720575941583264121,DNp04,left,720575941458992031,LH,extend_coxa_trochanter_joint,2,720575941583264121;720575941519463278;720575941458992031,42;57,51;80,42,51
banc-path-0665,720575941583264121,DNp04,left,720575941468774667,LH,flex_coxa_trochanter_joint,2,720575941583264121;720575941519463278;720575941468774667,42;65,51;83,42,51
banc-path-0666,720575941583264121,DNp04,left,720575941471839296,LH,extend_femur_tibia_joint,2,720575941583264121;720575941519463278;720575941471839296,42;48,51;50,42,50
banc-path-0667,720575941583264121,DNp04,left,720575941562367239,LM,flex_coxa_trochanter_joint,2,720575941583264121;720575941519463278;720575941562367239,42;60,51;64,42,51
banc-path-0668,720575941583264121,DNp04,left,720575941568553330,LM,extend_coxa_trochanter_joint,2,720575941583264121;720575941519463278;720575941568553330,42;43,51;42,42,42
banc-path-0669,720575941583264121,DNp04,left,720575941644192200,LM,flex_coxa_trochanter_joint,2,720575941583264121;720575941519463278;720575941644192200,42;70,51;71,42,51
banc-path-0670,720575941593683051,DNp10,right,720575941491272393,LH,flex_coxa_trochanter_joint,2,720575941593683051;720575941414508948;720575941491272393,46;42,54;49,42,49
banc-path-0671,720575941595827158,DNg75,right,720575941488287797,RF,extend_femur_tibia_joint,2,720575941595827158;720575941575416975;720575941488287797,48;43,49;42,43,42
banc-path-0672,720575941447863316,DNb05,right,720575941503422187,RH,move_coxa_medial,2,720575941447863316;720575941441906779;720575941503422187,80;41,80;53,41,53
banc-path-0673,720575941447863316,DNb05,right,720575941558861839,LM,move_coxa_anterior,2,720575941447863316;720575941441906779;720575941558861839,80;41,80;46,41,46
banc-path-0674,720575941491012809,MDN,left,720575941431160824,LH,flex_femur_tibia_joint,2,720575941491012809;720575941669069043;720575941431160824,41;58,52;75,41,52
banc-path-0675,720575941491012809,MDN,left,720575941487752144,LH,flex_femur_tibia_joint,2,720575941491012809;720575941669069043;720575941487752144,41;72,52;80,41,52
banc-path-0676,720575941491012809,MDN,left,720575941508440193,LH,flex_femur_tibia_joint,2,720575941491012809;720575941669069043;720575941508440193,41;80,52;97,41,52
banc-path-0677,720575941559874831,DNp04,right,720575941458992031,LH,extend_coxa_trochanter_joint,2,720575941559874831;720575941519463278;720575941458992031,41;57,52;80,41,52
banc-path-0678,720575941559874831,DNp04,right,720575941468774667,LH,flex_coxa_trochanter_joint,2,720575941559874831;720575941519463278;720575941468774667,41;65,52;83,41,52
banc-path-0679,720575941559874831,DNp04,right,720575941471839296,LH,extend_femur_tibia_joint,2,720575941559874831;720575941519463278;720575941471839296,41;48,52;50,41,50
banc-path-0680,720575941559874831,DNp04,right,720575941562367239,LM,flex_coxa_trochanter_joint,2,720575941559874831;720575941519463278;720575941562367239,41;60,52;64,41,52
banc-path-0681,720575941559874831,DNp04,right,720575941568553330,LM,extend_coxa_trochanter_joint,2,720575941559874831;720575941519463278;720575941568553330,41;43,52;42,41,42
banc-path-0682,720575941559874831,DNp04,right,720575941644192200,LM,flex_coxa_trochanter_joint,2,720575941559874831;720575941519463278;720575941644192200,41;70,52;71,41,52
banc-path-0683,720575941566493282,DNp09,left,720575941404729712,RM,flex_coxa_trochanter_joint,2,720575941566493282;720575941646678984;720575941404729712,41;84,43;94,41,43
banc-path-0684,720575941566493282,DNp09,left,720575941470082423,RM,extend_coxa_trochanter_joint,2,720575941566493282;720575941646678984;720575941470082423,41;44,43;45,41,43
banc-path-0685,720575941566493282,DNp09,left,720575941474499377,RM,flex_femur_tibia_joint,2,720575941566493282;720575941646678984;720575941474499377,41;47,43;41,41,41
banc-path-0686,720575941566493282,DNp09,left,720575941478281440,RF,extend_coxa_trochanter_joint,2,720575941566493282;720575941646678984;720575941478281440,41;73,43;71,41,43
banc-path-0687,720575941566493282,DNp09,left,720575941488287797,RF,extend_femur_tibia_joint,2,720575941566493282;720575941646678984;720575941488287797,41;85,43;84,41,43
banc-path-0688,720575941440683743,DNp10,left,720575941460703245,LF,unknown_leg_movement,2,720575941440683743;720575941414508948;720575941460703245,40;64,47;68,40,47
banc-path-0689,720575941440683743,DNp10,left,720575941468687581,LM,extend_femur_tibia_joint,2,720575941440683743;720575941414508948;720575941468687581,40;78,47;81,40,47
banc-path-0690,720575941440683743,DNp10,left,720575941471300448,LM,unknown_leg_movement,2,720575941440683743;720575941414508948;720575941471300448,40;43,47;49,40,47
banc-path-0691,720575941440683743,DNp10,left,720575941471839296,LH,extend_femur_tibia_joint,2,720575941440683743;720575941414508948;720575941471839296,40;103,47;122,40,47
banc-path-0692,720575941440683743,DNp10,left,720575941491272393,LH,flex_coxa_trochanter_joint,2,720575941440683743;720575941414508948;720575941491272393,40;42,47;49,40,47
banc-path-0693,720575941440683743,DNp10,left,720575941496173947,LH,pull_long_tendon,2,720575941440683743;720575941414508948;720575941496173947,40;53,47;58,40,47
banc-path-0694,720575941440683743,DNp10,left,720575941497863497,LM,extend_femur_tibia_joint,2,720575941440683743;720575941414508948;720575941497863497,40;44,47;50,40,47
banc-path-0695,720575941440683743,DNp10,left,720575941498960546,LF,move_coxa_anterior,2,720575941440683743;720575941414508948;720575941498960546,40;44,47;47,40,47
banc-path-0696,720575941440683743,DNp10,left,720575941506261538,LF,move_coxa_anterior,2,720575941440683743;720575941414508948;720575941506261538,40;60,47;68,40,47
banc-path-0697,720575941500851362,DNg100,right,720575941478187841,RM,extend_femur_tibia_joint,2,720575941500851362;720575941626500746;720575941478187841,49;40,57;41,40,41
banc-path-0698,720575941519464046,DNg97,left,720575941498960546,LF,move_coxa_anterior,2,720575941519464046;720575941535086424;720575941498960546,82;40,89;41,40,41
banc-path-0699,720575941535862506,DNa01,left,720575941415020572,LH,pull_long_tendon,2,720575941535862506;720575941517910675;720575941415020572,40;69,51;65,40,51
banc-path-0700,720575941535862506,DNa01,left,720575941431160824,LH,flex_femur_tibia_joint,2,720575941535862506;720575941517910675;720575941431160824,40;87,51;96,40,51
banc-path-0701,720575941535862506,DNa01,left,720575941454830131,LH,flex_femur_tibia_joint,2,720575941535862506;720575941517910675;720575941454830131,40;179,51;175,40,51
banc-path-0702,720575941559874831,DNp04,right,720575941498960546,LF,move_coxa_anterior,2,720575941559874831;720575941519463278;720575941498960546,41;49,52;40,41,40
banc-path-0703,720575941566493282,DNp09,left,720575941623920586,RH,extend_coxa_trochanter_joint,2,720575941566493282;720575941646678984;720575941623920586,41;40,43;56,40,43
banc-path-0704,720575941583264121,DNp04,left,720575941498960546,LF,move_coxa_anterior,2,720575941583264121;720575941519463278;720575941498960546,42;49,51;40,42,40
banc-path-0705,720575941592629132,DNge011,right,720575941455787245,LF,move_coxa_anterior,2,720575941592629132;720575941627463306;720575941455787245,40;44,43;42,40,42
banc-path-0706,720575941592629132,DNge011,right,720575941561204626,LF,unknown_leg_movement,2,720575941592629132;720575941627463306;720575941561204626,40;68,43;68,40,43
banc-path-0707,720575941611791590,DNp06,left,720575941404729712,RM,flex_coxa_trochanter_joint,2,720575941611791590;720575941691706264;720575941404729712,40;61,44;65,40,44
banc-path-0708,720575941611791590,DNp06,left,720575941450561358,RF,flex_coxa_trochanter_joint,2,720575941611791590;720575941691706264;720575941450561358,40;57,44;73,40,44
banc-path-0709,720575941611791590,DNp06,left,720575941553691876,RM,flex_coxa_trochanter_joint,2,720575941611791590;720575941691706264;720575941553691876,40;43,44;49,40,44
banc-path-0710,720575941626500746,DNg100,left,720575941493231536,LH,extend_femur_tibia_joint,2,720575941626500746;720575941500851362;720575941493231536,40;43,70;48,40,48
banc-path-0711,720575941626500746,DNg100,left,720575941498960546,LF,move_coxa_anterior,2,720575941626500746;720575941500851362;720575941498960546,40;62,70;65,40,65
banc-path-0712,720575941626500746,DNg100,left,720575941519664856,LM,move_coxa_anterior,2,720575941626500746;720575941500851362;720575941519664856,40;63,70;65,40,65
banc-path-0713,720575941626500746,DNg100,left,720575941582911865,LF,move_coxa_anterior,2,720575941626500746;720575941500851362;720575941582911865,40;42,70;46,40,46
banc-path-0714,720575941407841071,DNp07,left,720575941470212471,RH,extend_femur_tibia_joint,2,720575941407841071;720575941515936505;720575941470212471,48;39,55;61,39,55
banc-path-0715,720575941409519022,DNp02,left,720575941578439513,RH,flex_coxa_trochanter_joint,2,720575941409519022;720575941691706264;720575941578439513,52;39,58;49,39,49
banc-path-0716,720575941507073303,DNp02,right,720575941578439513,RH,flex_coxa_trochanter_joint,2,720575941507073303;720575941691706264;720575941578439513,46;39,51;49,39,49
banc-path-0717,720575941549273992,DNp47,right,720575941480138976,RM,move_coxa_anterior,2,720575941549273992;720575941441906779;720575941480138976,39;93,43;104,39,43
banc-path-0718,720575941549273992,DNp47,right,720575941503422187,RH,move_coxa_medial,2,720575941549273992;720575941441906779;720575941503422187,39;41,43;53,39,43
banc-path-0719,720575941549273992,DNp47,right,720575941558861839,LM,move_coxa_anterior,2,720575941549273992;720575941441906779;720575941558861839,39;41,43;46,39,43
banc-path-0720,720575941551589181,DNp11,left,720575941578439513,RH,flex_coxa_trochanter_joint,2,720575941551589181;720575941691706264;720575941578439513,56;39,68;49,39,49
banc-path-0721,720575941611791590,DNp06,left,720575941578439513,RH,flex_coxa_trochanter_joint,2,720575941611791590;720575941691706264;720575941578439513,40;39,44;49,39,44
banc-path-0722,720575941657879576,DNp06,right,720575941578439513,RH,flex_coxa_trochanter_joint,2,720575941657879576;720575941691706264;720575941578439513,46;39,50;49,39,49
banc-path-0723,720575941402821923,DNp05,left,720575941458992031,LH,extend_coxa_trochanter_joint,2,720575941402821923;720575941519463278;720575941458992031,38;57,42;80,38,42
banc-path-0724,720575941402821923,DNp05,left,720575941468774667,LH,flex_coxa_trochanter_joint,2,720575941402821923;720575941519463278;720575941468774667,38;65,42;83,38,42
banc-path-0725,720575941402821923,DNp05,left,720575941471839296,LH,extend_femur_tibia_joint,2,720575941402821923;720575941519463278;720575941471839296,38;48,42;50,38,42
banc-path-0726,720575941402821923,DNp05,left,720575941498960546,LF,move_coxa_anterior,2,720575941402821923;720575941519463278;720575941498960546,38;49,42;40,38,40
banc-path-0727,720575941402821923,DNp05,left,720575941562367239,LM,flex_coxa_trochanter_joint,2,720575941402821923;720575941519463278;720575941562367239,38;60,42;64,38,42
banc-path-0728,720575941402821923,DNp05,left,720575941568553330,LM,extend_coxa_trochanter_joint,2,720575941402821923;720575941519463278;720575941568553330,38;43,42;42,38,42
banc-path-0729,720575941402821923,DNp05,left,720575941613374172,LM,flex_coxa_trochanter_joint,2,720575941402821923;720575941519463278;720575941613374172,38;44,42;38,38,38
banc-path-0730,720575941409519022,DNp02,left,720575941656372304,RF,flex_coxa_trochanter_joint,2,720575941409519022;720575941691706264;720575941656372304,52;38,58;45,38,45
banc-path-0731,720575941459103391,DNg79,left,720575941478281440,RF,extend_coxa_trochanter_joint,2,720575941459103391;720575941410062703;720575941478281440,38;41,42;55,38,42
banc-path-0732,720575941459103391,DNg79,left,720575941508453761,RF,extend_coxa_trochanter_joint,2,720575941459103391;720575941410062703;720575941508453761,38;104,42;119,38,42
banc-path-0733,720575941459103391,DNg79,left,720575941568546418,RF,extend_coxa_trochanter_joint,2,720575941459103391;720575941410062703;720575941568546418,38;112,42;134,38,42
banc-path-0734,720575941507073303,DNp02,right,720575941656372304,RF,flex_coxa_trochanter_joint,2,720575941507073303;720575941691706264;720575941656372304,46;38,51;45,38,45
banc-path-0735,720575941551589181,DNp11,left,720575941656372304,RF,flex_coxa_trochanter_joint,2,720575941551589181;720575941691706264;720575941656372304,56;38,68;45,38,45
banc-path-0736,720575941611791590,DNp06,left,720575941656372304,RF,flex_coxa_trochanter_joint,2,720575941611791590;720575941691706264;720575941656372304,40;38,44;45,38,44
banc-path-0737,720575941657879576,DNp06,right,720575941656372304,RF,flex_coxa_trochanter_joint,2,720575941657879576;720575941691706264;720575941656372304,46;38,50;45,38,45
banc-path-0738,720575941394119830,DNp42,right,720575941491272393,LH,flex_coxa_trochanter_joint,2,720575941394119830;720575941551947263;720575941491272393,46;37,48;40,37,40
banc-path-0739,720575941402821923,DNp05,left,720575941720479034,LF,extend_coxa_trochanter_joint,2,720575941402821923;720575941519463278;720575941720479034,38;41,42;37,38,37
banc-path-0740,720575941409519022,DNp02,left,720575941458992031,LH,extend_coxa_trochanter_joint,2,720575941409519022;720575941519463278;720575941458992031,38;57,37;80,38,37
banc-path-0741,720575941409519022,DNp02,left,720575941462096528,LM,flex_femur_tibia_joint,2,720575941409519022;720575941508609665;720575941462096528,61;37,65;47,37,47
banc-path-0742,720575941409519022,DNp02,left,720575941468774667,LH,flex_coxa_trochanter_joint,2,720575941409519022;720575941519463278;720575941468774667,38;65,37;83,38,37
banc-path-0743,720575941409519022,DNp02,left,720575941471839296,LH,extend_femur_tibia_joint,2,720575941409519022;720575941519463278;720575941471839296,38;48,37;50,38,37
banc-path-0744,720575941409519022,DNp02,left,720575941498960546,LF,move_coxa_anterior,2,720575941409519022;720575941519463278;720575941498960546,38;49,37;40,38,37
banc-path-0745,720575941409519022,DNp02,left,720575941562367239,LM,flex_coxa_trochanter_joint,2,720575941409519022;720575941519463278;720575941562367239,38;60,37;64,38,37
banc-path-0746,720575941409519022,DNp02,left,720575941568553330,LM,extend_coxa_trochanter_joint,2,720575941409519022;720575941519463278;720575941568553330,38;43,37;42,38,37
banc-path-0747,720575941409519022,DNp02,left,720575941720479034,LF,extend_coxa_trochanter_joint,2,720575941409519022;720575941519463278;720575941720479034,38;41,37;37,38,37
banc-path-0748,720575941439563583,DNge053,right,720575941462096528,LM,flex_femur_tibia_joint,2,720575941439563583;720575941508609665;720575941462096528,38;37,48;47,37,47
banc-path-0749,720575941440683743,DNp10,left,720575941685804044,RM,flex_femur_tibia_joint,2,720575941440683743;720575941612672870;720575941685804044,43;37,51;56,37,51
banc-path-0750,720575941447863316,DNb05,right,720575941491272393,LH,flex_coxa_trochanter_joint,2,720575941447863316;720575941551947263;720575941491272393,55;37,65;40,37,40
banc-path-0751,720575941478215985,DNp11,right,720575941404729712,RM,flex_coxa_trochanter_joint,2,720575941478215985;720575941691706264;720575941404729712,37;61,46;65,37,46
banc-path-0752,720575941478215985,DNp11,right,720575941450561358,RF,flex_coxa_trochanter_joint,2,720575941478215985;720575941691706264;720575941450561358,37;57,46;73,37,46
banc-path-0753,720575941478215985,DNp11,right,720575941553691876,RM,flex_coxa_trochanter_joint,2,720575941478215985;720575941691706264;720575941553691876,37;43,46;49,37,46
banc-path-0754,720575941478215985,DNp11,right,720575941578439513,RH,flex_coxa_trochanter_joint,2,720575941478215985;720575941691706264;720575941578439513,37;39,46;49,37,46
banc-path-0755,720575941478215985,DNp11,right,720575941594091397,RM,flex_coxa_trochanter_joint,2,720575941478215985;720575941691706264;720575941594091397,37;58,46;65,37,46
banc-path-0756,720575941478215985,DNp11,right,720575941656372304,RF,flex_coxa_trochanter_joint,2,720575941478215985;720575941691706264;720575941656372304,37;38,46;45,37,45
banc-path-0757,720575941486612034,DNa03,right,720575941574355016,RH,move_coxa_anterior,2,720575941486612034;720575941456897005;720575941574355016,127;37,135;44,37,44
banc-path-0758,720575941500851362,DNg100,right,720575941585484766,RM,unknown_leg_movement,2,720575941500851362;720575941626500746;720575941585484766,49;37,57;40,37,40
banc-path-0759,720575941507073303,DNp02,right,720575941462096528,LM,flex_femur_tibia_joint,2,720575941507073303;720575941508609665;720575941462096528,73;37,91;47,37,47
banc-path-0760,720575941507073303,DNp02,right,720575941491272393,LH,flex_coxa_trochanter_joint,2,720575941507073303;720575941551947263;720575941491272393,96;37,103;40,37,40
banc-path-0761,720575941526946562,DNa11,right,720575941574355016,RH,move_coxa_anterior,2,720575941526946562;720575941456897005;720575941574355016,143;37,157;44,37,44
banc-path-0762,720575941545991429,DNp07,right,720575941685804044,RM,flex_femur_tibia_joint,2,720575941545991429;720575941612672870;720575941685804044,38;37,41;56,37,41
banc-path-0763,720575941549273992,DNp47,right,720575941685804044,RM,flex_femur_tibia_joint,2,720575941549273992;720575941612672870;720575941685804044,41;37,46;56,37,46
banc-path-0764,720575941554952858,DNge053,left,720575941462096528,LM,flex_femur_tibia_joint,2,720575941554952858;720575941508609665;720575941462096528,72;37,82;47,37,47
banc-path-0765,720575941559874831,DNp04,right,720575941720479034,LF,extend_coxa_trochanter_joint,2,720575941559874831;720575941519463278;720575941720479034,41;41,52;37,41,37
banc-path-0766,720575941583264121,DNp04,left,720575941720479034,LF,extend_coxa_trochanter_joint,2,720575941583264121;720575941519463278;720575941720479034,42;41,51;37,41,37
banc-path-0767,720575941595517735,DNg75,left,720575941645259128,LM,move_coxa_posterior,2,720575941595517735;720575941632049132;720575941645259128,37;38,39;40,37,39
banc-path-0768,720575941611791590,DNp06,left,720575941462096528,LM,flex_femur_tibia_joint,2,720575941611791590;720575941508609665;720575941462096528,57;37,72;47,37,47
banc-path-0769,720575941646451361,DNp47,left,720575941685804044,RM,flex_femur_tibia_joint,2,720575941646451361;720575941612672870;720575941685804044,65;37,73;56,37,56
banc-path-0770,720575941657879576,DNp06,right,720575941462096528,LM,flex_femur_tibia_joint,2,720575941657879576;720575941508609665;720575941462096528,75;37,67;47,37,47
banc-path-0771,720575941663497084,DNa11,left,720575941631837856,RF,unknown_leg_movement,2,720575941663497084;720575941401814307;720575941631837856,37;37,49;38,37,38
banc-path-0772,720575941402821923,DNp05,left,720575941527458562,LF,flex_coxa_trochanter_joint,2,720575941402821923;720575941519463278;720575941527458562,38;36,42;36,36,36
banc-path-0773,720575941409519022,DNp02,left,720575941527458562,LF,flex_coxa_trochanter_joint,2,720575941409519022;720575941519463278;720575941527458562,38;36,37;36,36,36
banc-path-0774,720575941439437586,DNb05,left,720575941480138976,RM,move_coxa_anterior,2,720575941439437586;720575941476980785;720575941480138976,61;36,63;39,36,39
banc-path-0775,720575941439437586,DNb05,left,720575941593843589,RF,extend_coxa_trochanter_joint,2,720575941439437586;720575941645269704;720575941593843589,38;38,45;36,38,36
banc-path-0776,720575941447863316,DNb05,right,720575941470082423,RM,extend_coxa_trochanter_joint,2,720575941447863316;720575941517377273;720575941470082423,36;114,36;140,36,36
banc-path-0777,720575941447863316,DNb05,right,720575941478187841,RM,extend_femur_tibia_joint,2,720575941447863316;720575941517377273;720575941478187841,36;40,36;51,36,36
banc-path-0778,720575941476852254,DNg62,right,720575941483515389,LF,extend_coxa_trochanter_joint,2,720575941476852254;720575941525827684;720575941483515389,36;134,40;140,36,40
banc-path-0779,720575941476852254,DNg62,right,720575941489123047,LF,pull_long_tendon,2,720575941476852254;720575941525827684;720575941489123047,36;42,40;43,36,40
banc-path-0780,720575941476852254,DNg62,right,720575941516874094,LF,extend_coxa_trochanter_joint,2,720575941476852254;720575941525827684;720575941516874094,36;68,40;65,36,40
banc-path-0781,720575941478215985,DNp11,right,720575941611319017,LH,flex_coxa_trochanter_joint,2,720575941478215985;720575941626272650;720575941611319017,56;36,64;50,36,50
banc-path-0782,720575941478215985,DNp11,right,720575941613374172,LM,flex_coxa_trochanter_joint,2,720575941478215985;720575941626272650;720575941613374172,56;36,64;42,36,42
banc-path-0783,720575941494960254,DNg79,left,720575941461333648,LF,extend_coxa_trochanter_joint,2,720575941494960254;720575941439191637;720575941461333648,36;116,39;120,36,39
banc-path-0784,720575941494960254,DNg79,left,720575941516874094,LF,extend_coxa_trochanter_joint,2,720575941494960254;720575941439191637;720575941516874094,36;112,39;109,36,39
banc-path-0785,720575941494960254,DNg79,left,720575941720479034,LF,extend_coxa_trochanter_joint,2,720575941494960254;720575941439191637;720575941720479034,36;94,39;92,36,39
banc-path-0786,720575941507073303,DNp02,right,720575941611319017,LH,flex_coxa_trochanter_joint,2,720575941507073303;720575941626272650;720575941611319017,47;36,57;50,36,50
banc-path-0787,720575941507073303,DNp02,right,720575941613374172,LM,flex_coxa_trochanter_joint,2,720575941507073303;720575941626272650;720575941613374172,47;36,57;42,36,42
banc-path-0788,720575941526946562,DNa11,right,720575941631837856,RF,unknown_leg_movement,2,720575941526946562;720575941401814307;720575941631837856,36;37,41;38,36,38
banc-path-0789,720575941549273992,DNp47,right,720575941642303944,LF,extend_coxa_trochanter_joint,2,720575941549273992;720575941611824358;720575941642303944,46;36,52;38,36,38
banc-path-0790,720575941551589181,DNp11,left,720575941547393825,RF,flex_femur_tibia_joint,2,720575941551589181;720575941519464046;720575941547393825,36;38,36;46,36,36
banc-path-0791,720575941551589181,DNp11,left,720575941611319017,LH,flex_coxa_trochanter_joint,2,720575941551589181;720575941626272650;720575941611319017,49;36,52;50,36,50
banc-path-0792,720575941551589181,DNp11,left,720575941613374172,LM,flex_coxa_trochanter_joint,2,720575941551589181;720575941626272650;720575941613374172,49;36,52;42,36,42
banc-path-0793,720575941559874831,DNp04,right,720575941527458562,LF,flex_coxa_trochanter_joint,2,720575941559874831;720575941519463278;720575941527458562,41;36,52;36,36,36
banc-path-0794,720575941583264121,DNp04,left,720575941527458562,LF,flex_coxa_trochanter_joint,2,720575941583264121;720575941519463278;720575941527458562,42;36,51;36,36,36
banc-path-0795,720575941595827158,DNg75,right,720575941568355066,RM,move_coxa_anterior,2,720575941595827158;720575941456897005;720575941568355066,37;48,36;48,37,36
banc-path-0796,720575941595827158,DNg75,right,720575941574355016,RH,move_coxa_anterior,2,720575941595827158;720575941456897005;720575941574355016,37;37,36;44,37,36
banc-path-0797,720575941611791590,DNp06,left,720575941611319017,LH,flex_coxa_trochanter_joint,2,720575941611791590;720575941626272650;720575941611319017,43;36,47;50,36,47
banc-path-0798,720575941611791590,DNp06,left,720575941613374172,LM,flex_coxa_trochanter_joint,2,720575941611791590;720575941626272650;720575941613374172,43;36,47;42,36,42
banc-path-0799,720575941626500746,DNg100,left,720575941494963582,LM,unknown_leg_movement,2,720575941626500746;720575941500851362;720575941494963582,40;36,70;40,36,40
banc-path-0800,720575941646451361,DNp47,left,720575941404729712,RM,flex_coxa_trochanter_joint,2,720575941646451361;720575941691005080;720575941404729712,36;42,50;45,36,45
banc-path-0801,720575941646451361,DNp47,left,720575941480138976,RM,move_coxa_anterior,2,720575941646451361;720575941476980785;720575941480138976,44;36,49;39,36,39
banc-path-0802,720575941646451361,DNp47,left,720575941642303944,LF,extend_coxa_trochanter_joint,2,720575941646451361;720575941611824358;720575941642303944,86;36,98;38,36,38
banc-path-0803,720575941657879576,DNp06,right,720575941611319017,LH,flex_coxa_trochanter_joint,2,720575941657879576;720575941626272650;720575941611319017,40;36,42;50,36,42
banc-path-0804,720575941657879576,DNp06,right,720575941613374172,LM,flex_coxa_trochanter_joint,2,720575941657879576;720575941626272650;720575941613374172,40;36,42;42,36,42
banc-path-0805,720575941409519022,DNp02,left,720575941623218172,RF,flex_femur_tibia_joint,2,720575941409519022;720575941691706264;720575941623218172,52;35,58;41,35,41
banc-path-0806,720575941439437586,DNb05,left,720575941470082423,RM,extend_coxa_trochanter_joint,2,720575941439437586;720575941688630390;720575941470082423,35;57,41;68,35,41
banc-path-0807,720575941439437586,DNb05,left,720575941488644300,RH,extend_coxa_trochanter_joint,2,720575941439437586;720575941688630390;720575941488644300,35;86,41;100,35,41
banc-path-0808,720575941439437586,DNb05,left,720575941506034049,RM,extend_coxa_trochanter_joint,2,720575941439437586;720575941688630390;720575941506034049,35;49,41;57,35,41
banc-path-0809,720575941439437586,DNb05,left,720575941543372649,RH,extend_coxa_trochanter_joint,2,720575941439437586;720575941688630390;720575941543372649,35;40,41;50,35,41
banc-path-0810,720575941439437586,DNb05,left,720575941573784990,RH,extend_coxa_trochanter_joint,2,720575941439437586;720575941688630390;720575941573784990,35;64,41;70,35,41
banc-path-0811,720575941447863316,DNb05,right,720575941491272393,LH,flex_coxa_trochanter_joint,2,720575941447863316;720575941564423680;720575941491272393,35;45,42;55,35,42
banc-path-0812,720575941478215985,DNp11,right,720575941481179066,LF,flex_femur_tibia_joint,2,720575941478215985;720575941626272650;720575941481179066,56;35,64;38,35,38
banc-path-0813,720575941478215985,DNp11,right,720575941623218172,RF,flex_femur_tibia_joint,2,720575941478215985;720575941691706264;720575941623218172,37;35,46;41,35,41
banc-path-0814,720575941486612034,DNa03,right,720575941531180261,RF,move_coxa_anterior,2,720575941486612034;720575941456897005;720575941531180261,127;36,135;35,36,35
banc-path-0815,720575941507073303,DNp02,right,720575941481179066,LF,flex_femur_tibia_joint,2,720575941507073303;720575941626272650;720575941481179066,47;35,57;38,35,38
banc-path-0816,720575941507073303,DNp02,right,720575941623218172,RF,flex_femur_tibia_joint,2,720575941507073303;720575941691706264;720575941623218172,46;35,51;41,35,41
banc-path-0817,720575941526946562,DNa11,right,720575941531180261,RF,move_coxa_anterior,2,720575941526946562;720575941456897005;720575941531180261,143;36,157;35,36,35
banc-path-0818,720575941545991429,DNp07,right,720575941460703245,LF,unknown_leg_movement,2,720575941545991429;720575941414508948;720575941460703245,35;64,38;68,35,38
banc-path-0819,720575941545991429,DNp07,right,720575941468687581,LM,extend_femur_tibia_joint,2,720575941545991429;720575941414508948;720575941468687581,35;78,38;81,35,38
banc-path-0820,720575941545991429,DNp07,right,720575941471300448,LM,unknown_leg_movement,2,720575941545991429;720575941414508948;720575941471300448,35;43,38;49,35,38
banc-path-0821,720575941545991429,DNp07,right,720575941471839296,LH,extend_femur_tibia_joint,2,720575941545991429;720575941414508948;720575941471839296,35;103,38;122,35,38
banc-path-0822,720575941545991429,DNp07,right,720575941491272393,LH,flex_coxa_trochanter_joint,2,720575941545991429;720575941414508948;720575941491272393,35;42,38;49,35,38
banc-path-0823,720575941545991429,DNp07,right,720575941496173947,LH,pull_long_tendon,2,720575941545991429;720575941414508948;720575941496173947,35;53,38;58,35,38
banc-path-0824,720575941545991429,DNp07,right,720575941497863497,LM,extend_femur_tibia_joint,2,720575941545991429;720575941414508948;720575941497863497,35;44,38;50,35,38
banc-path-0825,720575941545991429,DNp07,right,720575941498960546,LF,move_coxa_anterior,2,720575941545991429;720575941414508948;720575941498960546,35;44,38;47,35,38
banc-path-0826,720575941545991429,DNp07,right,720575941506261538,LF,move_coxa_anterior,2,720575941545991429;720575941414508948;720575941506261538,35;60,38;68,35,38
banc-path-0827,720575941549273992,DNp47,right,720575941471839296,LH,extend_femur_tibia_joint,2,720575941549273992;720575941414508948;720575941471839296,35;103,37;122,35,37
banc-path-0828,720575941549273992,DNp47,right,720575941491272393,LH,flex_coxa_trochanter_joint,2,720575941549273992;720575941414508948;720575941491272393,35;42,37;49,35,37
banc-path-0829,720575941551589181,DNp11,left,720575941481179066,LF,flex_femur_tibia_joint,2,720575941551589181;720575941626272650;720575941481179066,49;35,52;38,35,38
banc-path-0830,720575941572713886,DNg97,right,720575941592225831,RF,move_coxa_anterior,2,720575941572713886;720575941445859754;720575941592225831,47;36,59;35,36,35
banc-path-0831,720575941594716523,DNb06,left,720575941353301552,RF,move_coxa_posterior,2,720575941594716523;720575941496314697;720575941353301552,35;275,41;275,35,41
banc-path-0832,720575941594716523,DNb06,left,720575941559978797,RF,move_coxa_posterior,2,720575941594716523;720575941496314697;720575941559978797,35;38,41;36,35,36
banc-path-0833,720575941594716523,DNb06,left,720575941593715569,RF,move_coxa_posterior_lateral,2,720575941594716523;720575941496314697;720575941593715569,35;369,41;375,35,41
banc-path-0834,720575941595827158,DNg75,right,720575941531180261,RF,move_coxa_anterior,2,720575941595827158;720575941456897005;720575941531180261,37;36,36;35,36,35
banc-path-0835,720575941611791590,DNp06,left,720575941481179066,LF,flex_femur_tibia_joint,2,720575941611791590;720575941626272650;720575941481179066,43;35,47;38,35,38
banc-path-0836,720575941611791590,DNp06,left,720575941623218172,RF,flex_femur_tibia_joint,2,720575941611791590;720575941691706264;720575941623218172,40;35,44;41,35,41
banc-path-0837,720575941626500746,DNg100,left,720575941528662438,LH,flex_femur_tibia_joint,2,720575941626500746;720575941500851362;720575941528662438,40;35,70;45,35,45
banc-path-0838,720575941657879576,DNp06,right,720575941478281440,RF,extend_coxa_trochanter_joint,2,720575941657879576;720575941646678984;720575941478281440,35;73,39;71,35,39
banc-path-0839,720575941657879576,DNp06,right,720575941481179066,LF,flex_femur_tibia_joint,2,720575941657879576;720575941626272650;720575941481179066,40;35,42;38,35,38
banc-path-0840,720575941657879576,DNp06,right,720575941623920586,RH,extend_coxa_trochanter_joint,2,720575941657879576;720575941646678984;720575941623920586,35;40,39;56,35,39
banc-path-0841,720575941439437586,DNb05,left,720575941488287797,RF,extend_femur_tibia_joint,2,720575941439437586;720575941575416975;720575941488287797,34;43,37;42,34,37
banc-path-0842,720575941478215985,DNp11,right,720575941568724980,LF,flex_coxa_trochanter_joint,2,720575941478215985;720575941626272650;720575941568724980,56;34,64;38,34,38
banc-path-0843,720575941499708745,MDN,right,720575941519664856,LM,move_coxa_anterior,2,720575941499708745;720575941528320952;720575941519664856,40;36,47;34,36,34
banc-path-0844,720575941500851362,DNg100,right,720575941568355066,RM,move_coxa_anterior,2,720575941500851362;720575941626500746;720575941568355066,49;34,57;39,34,39
banc-path-0845,720575941507073303,DNp02,right,720575941568724980,LF,flex_coxa_trochanter_joint,2,720575941507073303;720575941626272650;720575941568724980,47;34,57;38,34,38
banc-path-0846,720575941551589181,DNp11,left,720575941462096528,LM,flex_femur_tibia_joint,2,720575941551589181;720575941508609665;720575941462096528,34;37,43;47,34,43
banc-path-0847,720575941551589181,DNp11,left,720575941568724980,LF,flex_coxa_trochanter_joint,2,720575941551589181;720575941626272650;720575941568724980,49;34,52;38,34,38
banc-path-0848,720575941594716523,DNb06,left,720575941687653238,LM,extend_coxa_trochanter_joint,2,720575941594716523;720575941415762836;720575941687653238,79;34,90;44,34,44
banc-path-0849,720575941595517735,DNg75,left,720575941519664856,LM,move_coxa_anterior,2,720575941595517735;720575941528320952;720575941519664856,52;36,78;34,36,34
banc-path-0850,720575941611791590,DNp06,left,720575941568724980,LF,flex_coxa_trochanter_joint,2,720575941611791590;720575941626272650;720575941568724980,43;34,47;38,34,38
banc-path-0851,720575941626500746,DNg100,left,720575941468687581,LM,extend_femur_tibia_joint,2,720575941626500746;720575941500851362;720575941468687581,40;35,70;34,35,34
banc-path-0852,720575941626500746,DNg100,left,720575941494164864,LF,move_coxa_posterior_lateral,2,720575941626500746;720575941441888719;720575941494164864,71;37,79;34,37,34
banc-path-0853,720575941657879576,DNp06,right,720575941568724980,LF,flex_coxa_trochanter_joint,2,720575941657879576;720575941626272650;720575941568724980,40;34,42;38,34,38
banc-path-0854,720575941663497084,DNa11,left,720575941493231536,LH,extend_femur_tibia_joint,2,720575941663497084;720575941550687805;720575941493231536,34;44,37;50,34,37
banc-path-0855,720575941394119830,DNp42,right,720575941508440193,LH,flex_femur_tibia_joint,2,720575941394119830;720575941471130231;720575941508440193,33;39,37;42,33,37
banc-path-0856,720575941407841071,DNp07,left,720575941542454876,LF,flex_femur_tibia_joint,2,720575941407841071;720575941560610575;720575941542454876,54;35,56;33,35,33
banc-path-0857,720575941415598737,DNb08,right,720575941542454876,LF,flex_femur_tibia_joint,2,720575941415598737;720575941551991295;720575941542454876,36;33,38;35,33,35
banc-path-0858,720575941447863316,DNb05,right,720575941458992031,LH,extend_coxa_trochanter_joint,2,720575941447863316;720575941415762836;720575941458992031,33;47,36;53,33,36
banc-path-0859,720575941447863316,DNb05,right,720575941542454876,LF,flex_femur_tibia_joint,2,720575941447863316;720575941560610575;720575941542454876,37;35,52;33,35,33
banc-path-0860,720575941447863316,DNb05,right,720575941568553330,LM,extend_coxa_trochanter_joint,2,720575941447863316;720575941415762836;720575941568553330,33;63,36;66,33,36
banc-path-0861,720575941447863316,DNb05,right,720575941687653238,LM,extend_coxa_trochanter_joint,2,720575941447863316;720575941415762836;720575941687653238,33;34,36;44,33,36
banc-path-0862,720575941455714541,DNb02,right,720575941519664856,LM,move_coxa_anterior,2,720575941455714541;720575941632059372;720575941519664856,66;33,74;35,33,35
banc-path-0863,720575941459103391,DNg79,left,720575941556144100,LM,move_coxa_posterior,2,720575941459103391;720575941486872272;720575941556144100,38;36,33;39,36,33
banc-path-0864,720575941478215985,DNp11,right,720575941644192200,LM,flex_coxa_trochanter_joint,2,720575941478215985;720575941626272650;720575941644192200,56;33,64;44,33,44
banc-path-0865,720575941486612034,DNa03,right,720575941692129243,RF,move_coxa_anterior,2,720575941486612034;720575941456897005;720575941692129243,127;35,135;33,35,33
banc-path-0866,720575941500851362,DNg100,right,720575941524856164,RH,unknown_leg_movement,2,720575941500851362;720575941626500746;720575941524856164,49;33,57;39,33,39
banc-path-0867,720575941504703938,DNb02,left,720575941692129243,RF,move_coxa_anterior,2,720575941504703938;720575941502628695;720575941692129243,33;59,37;74,33,37
banc-path-0868,720575941507073303,DNp02,right,720575941644192200,LM,flex_coxa_trochanter_joint,2,720575941507073303;720575941626272650;720575941644192200,47;33,57;44,33,44
banc-path-0869,720575941519464046,DNg97,left,720575941542454876,LF,flex_femur_tibia_joint,2,720575941519464046;720575941551991295;720575941542454876,75;33,85;35,33,35
banc-path-0870,720575941526946562,DNa11,right,720575941692129243,RF,move_coxa_anterior,2,720575941526946562;720575941456897005;720575941692129243,143;35,157;33,35,33
banc-path-0871,720575941528667814,DNp05,right,720575941458992031,LH,extend_coxa_trochanter_joint,2,720575941528667814;720575941519463278;720575941458992031,37;57,33;80,37,33
banc-path-0872,720575941528667814,DNp05,right,720575941461179859,LH,extend_coxa_trochanter_joint,2,720575941528667814;720575941519463278;720575941461179859,37;33,33;39,33,33
banc-path-0873,720575941528667814,DNp05,right,720575941461333648,LF,extend_coxa_trochanter_joint,2,720575941528667814;720575941519463278;720575941461333648,37;41,33;34,37,33
banc-path-0874,720575941528667814,DNp05,right,720575941468774667,LH,flex_coxa_trochanter_joint,2,720575941528667814;720575941519463278;720575941468774667,37;65,33;83,37,33
banc-path-0875,720575941528667814,DNp05,right,720575941498960546,LF,move_coxa_anterior,2,720575941528667814;720575941519463278;720575941498960546,37;49,33;40,37,33
banc-path-0876,720575941528667814,DNp05,right,720575941527458562,LF,flex_coxa_trochanter_joint,2,720575941528667814;720575941519463278;720575941527458562,37;36,33;36,36,33
banc-path-0877,720575941528667814,DNp05,right,720575941562367239,LM,flex_coxa_trochanter_joint,2,720575941528667814;720575941519463278;720575941562367239,37;60,33;64,37,33
banc-path-0878,720575941528667814,DNp05,right,720575941568553330,LM,extend_coxa_trochanter_joint,2,720575941528667814;720575941519463278;720575941568553330,37;43,33;42,37,33
banc-path-0879,720575941528667814,DNp05,right,720575941595151237,LM,extend_coxa_trochanter_joint,2,720575941528667814;720575941519463278;720575941595151237,37;36,33;39,36,33
banc-path-0880,720575941535097578,DNge012,right,720575941455787245,LF,move_coxa_anterior,2,720575941535097578;720575941541431644;720575941455787245,49;33,53;33,33,33
banc-path-0881,720575941536301288,DNb02,right,720575941519664856,LM,move_coxa_anterior,2,720575941536301288;720575941632059372;720575941519664856,35;33,40;35,33,35
banc-path-0882,720575941551589181,DNp11,left,720575941458992031,LH,extend_coxa_trochanter_joint,2,720575941551589181;720575941519463278;720575941458992031,33;57,50;80,33,50
banc-path-0883,720575941551589181,DNp11,left,720575941461179859,LH,extend_coxa_trochanter_joint,2,720575941551589181;720575941519463278;720575941461179859,33;33,50;39,33,39
banc-path-0884,720575941551589181,DNp11,left,720575941461333648,LF,extend_coxa_trochanter_joint,2,720575941551589181;720575941519463278;720575941461333648,33;41,50;34,33,34
banc-path-0885,720575941551589181,DNp11,left,720575941562367239,LM,flex_coxa_trochanter_joint,2,720575941551589181;720575941519463278;720575941562367239,33;60,50;64,33,50
banc-path-0886,720575941572713886,DNg97,right,720575941627566474,RH,flex_femur_tibia_joint,2,720575941572713886;720575941438841435;720575941627566474,33;43,33;48,33,33
banc-path-0887,720575941586099334,DNge012,right,720575941455787245,LF,move_coxa_anterior,2,720575941586099334;720575941541431644;720575941455787245,36;33,36;33,33,33
banc-path-0888,720575941592629132,DNge011,right,720575941460703245,LF,unknown_leg_movement,2,720575941592629132;720575941627463306;720575941460703245,40;36,43;33,36,33
banc-path-0889,720575941593683051,DNp10,right,720575941685804044,RM,flex_femur_tibia_joint,2,720575941593683051;720575941612672870;720575941685804044,33;37,44;56,33,44
banc-path-0890,720575941595827158,DNg75,right,720575941692129243,RF,move_coxa_anterior,2,720575941595827158;720575941456897005;720575941692129243,37;35,36;33,35,33
banc-path-0891,720575941611791590,DNp06,left,720575941644192200,LM,flex_coxa_trochanter_joint,2,720575941611791590;720575941626272650;720575941644192200,43;33,47;44,33,44
banc-path-0892,720575941646451361,DNp47,left,720575941542454876,LF,flex_femur_tibia_joint,2,720575941646451361;720575941560610575;720575941542454876,60;35,53;33,35,33
banc-path-0893,720575941657879576,DNp06,right,720575941644192200,LM,flex_coxa_trochanter_joint,2,720575941657879576;720575941626272650;720575941644192200,40;33,42;44,33,42
banc-path-0894,720575941704434394,DNg62,left,720575941478281440,RF,extend_coxa_trochanter_joint,2,720575941704434394;720575941629416428;720575941478281440,36;138,33;148,36,33
banc-path-0895,720575941704434394,DNg62,left,720575941523368779,RF,extend_coxa_trochanter_joint,2,720575941704434394;720575941629416428;720575941523368779,36;85,33;85,36,33
banc-path-0896,720575941704434394,DNg62,left,720575941531180261,RF,move_coxa_anterior,2,720575941704434394;720575941629416428;720575941531180261,36;46,33;48,36,33
banc-path-0897,720575941394119830,DNp42,right,720575941478281440,RF,extend_coxa_trochanter_joint,2,720575941394119830;720575941570781000;720575941478281440,57;32,62;32,32,32
banc-path-0898,720575941394119830,DNp42,right,720575941508440193,LH,flex_femur_tibia_joint,2,720575941394119830;720575941551947263;720575941508440193,46;32,48;34,32,34
banc-path-0899,720575941401814307,DNge050,left,720575941487752144,LH,flex_femur_tibia_joint,2,720575941401814307;720575941611970477;720575941487752144,58;32,65;34,32,34
banc-path-0900,720575941415598737,DNb08,right,720575941404729712,RM,flex_coxa_trochanter_joint,2,720575941415598737;720575941564525480;720575941404729712,32;103,38;112,32,38
banc-path-0901,720575941415598737,DNb08,right,720575941432965902,RM,extend_femur_tibia_joint,2,720575941415598737;720575941564525480;720575941432965902,32;66,38;66,32,38
banc-path-0902,720575941415598737,DNb08,right,720575941478187841,RM,extend_femur_tibia_joint,2,720575941415598737;720575941564525480;720575941478187841,32;98,38;104,32,38
banc-path-0903,720575941415598737,DNb08,right,720575941531180261,RF,move_coxa_anterior,2,720575941415598737;720575941470744896;720575941531180261,57;32,58;33,32,33
banc-path-0904,720575941447863316,DNb05,right,720575941516874094,LF,extend_coxa_trochanter_joint,2,720575941447863316;720575941470734912;720575941516874094,35;32,36;35,32,35
banc-path-0905,720575941478215985,DNp11,right,720575941468774667,LH,flex_coxa_trochanter_joint,2,720575941478215985;720575941626272650;720575941468774667,56;32,64;45,32,45
banc-path-0906,720575941486612034,DNa03,right,720575941573687049,RM,flex_femur_tibia_joint,2,720575941486612034;720575941553670791;720575941573687049,118;32,129;33,32,33
banc-path-0907,720575941491012809,MDN,left,720575941504396567,RF,flex_coxa_trochanter_joint,2,720575941491012809;720575941524912461;720575941504396567,33;32,32;40,32,32
banc-path-0908,720575941491012809,MDN,left,720575941559281679,RF,flex_femur_tibia_joint,2,720575941491012809;720575941524912461;720575941559281679,33;40,32;39,33,32
banc-path-0909,720575941507073303,DNp02,right,720575941468774667,LH,flex_coxa_trochanter_joint,2,720575941507073303;720575941626272650;720575941468774667,47;32,57;45,32,45
banc-path-0910,720575941545432425,DNb08,right,720575941531180261,RF,move_coxa_anterior,2,720575941545432425;720575941470744896;720575941531180261,49;32,45;33,32,33
banc-path-0911,720575941552142727,DNa03,left,720575941519664856,LM,move_coxa_anterior,2,720575941552142727;720575941528320952;720575941519664856,32;36,38;34,32,34
banc-path-0912,720575941572713886,DNg97,right,720575941468687581,LM,extend_femur_tibia_joint,2,720575941572713886;720575941483139514;720575941468687581,32;57,35;79,32,35
banc-path-0913,720575941572713886,DNg97,right,720575941471300960,LM,flex_coxa_trochanter_joint,2,720575941572713886;720575941483139514;720575941471300960,32;47,35;58,32,35
banc-path-0914,720575941572713886,DNg97,right,720575941494963582,LM,unknown_leg_movement,2,720575941572713886;720575941483139514;720575941494963582,32;44,35;55,32,35
banc-path-0915,720575941611791590,DNp06,left,720575941468774667,LH,flex_coxa_trochanter_joint,2,720575941611791590;720575941626272650;720575941468774667,43;32,47;45,32,45
banc-path-0916,720575941657879576,DNp06,right,720575941468774667,LH,flex_coxa_trochanter_joint,2,720575941657879576;720575941626272650;720575941468774667,40;32,42;45,32,42
banc-path-0917,720575941409519022,DNp02,left,720575941610608604,RH,flex_coxa_trochanter_joint,2,720575941409519022;720575941691706264;720575941610608604,52;31,58;41,31,41
banc-path-0918,720575941415598737,DNb08,right,720575941636735861,RF,move_coxa_posterior,2,720575941415598737;720575941470744896;720575941636735861,57;31,58;34,31,34
banc-path-0919,720575941478215985,DNp11,right,720575941610608604,RH,flex_coxa_trochanter_joint,2,720575941478215985;720575941691706264;720575941610608604,37;31,46;41,31,41
banc-path-0920,720575941480554370,DNg79,right,720575941547393825,RF,flex_femur_tibia_joint,2,720575941480554370;720575941540977357;720575941547393825,31;107,32;103,31,32
banc-path-0921,720575941500851362,DNg100,right,720575941578439513,RH,flex_coxa_trochanter_joint,2,720575941500851362;720575941691005080;720575941578439513,32;31,33;39,31,33
banc-path-0922,720575941507073303,DNp02,right,720575941402088304,LF,move_coxa_posterior,2,720575941507073303;720575941519463278;720575941402088304,31;41,43;32,31,32
banc-path-0923,720575941507073303,DNp02,right,720575941610608604,RH,flex_coxa_trochanter_joint,2,720575941507073303;720575941691706264;720575941610608604,46;31,51;41,31,41
banc-path-0924,720575941536353880,DNp42,left,720575941479987619,RM,pull_long_tendon,2,720575941536353880;720575941543607740;720575941479987619,31;33,32;32,31,32
banc-path-0925,720575941545432425,DNb08,right,720575941542454876,LF,flex_femur_tibia_joint,2,720575941545432425;720575941551991295;720575941542454876,31;33,39;35,31,35
banc-path-0926,720575941545432425,DNb08,right,720575941636735861,RF,move_coxa_posterior,2,720575941545432425;720575941470744896;720575941636735861,49;31,45;34,31,34
banc-path-0927,720575941549273992,DNp47,right,720575941480138976,RM,move_coxa_anterior,2,720575941549273992;720575941476980785;720575941480138976,31;36,33;39,31,33
banc-path-0928,720575941551589181,DNp11,left,720575941610608604,RH,flex_coxa_trochanter_joint,2,720575941551589181;720575941691706264;720575941610608604,56;31,68;41,31,41
banc-path-0929,720575941554952858,DNge053,left,720575941535897098,RM,flex_femur_tibia_joint,2,720575941554952858;720575941612504297;720575941535897098,31;67,40;64,31,40
banc-path-0930,720575941595517735,DNg75,left,720575941525586507,LH,move_coxa_posterior,2,720575941595517735;720575941632049132;720575941525586507,37;31,39;37,31,37
banc-path-0931,720575941595827158,DNg75,right,720575941470371851,LM,unknown_leg_movement,2,720575941595827158;720575941649795057;720575941470371851,31;65,32;60,31,32
banc-path-0932,720575941595827158,DNg75,right,720575941471300448,LM,unknown_leg_movement,2,720575941595827158;720575941649795057;720575941471300448,31;89,32;95,31,32
banc-path-0933,720575941595827158,DNg75,right,720575941494963582,LM,unknown_leg_movement,2,720575941595827158;720575941649795057;720575941494963582,31;131,32;139,31,32
banc-path-0934,720575941595827158,DNg75,right,720575941611319017,LH,flex_coxa_trochanter_joint,2,720575941595827158;720575941568841204;720575941611319017,41;31,47;36,31,36
banc-path-0935,720575941611791590,DNp06,left,720575941610608604,RH,flex_coxa_trochanter_joint,2,720575941611791590;720575941691706264;720575941610608604,40;31,44;41,31,41
banc-path-0936,720575941611791590,DNp06,left,720575941623920586,RH,extend_coxa_trochanter_joint,2,720575941611791590;720575941646678984;720575941623920586,32;40,31;56,32,31
banc-path-0937,720575941646451361,DNp47,left,720575941578439513,RH,flex_coxa_trochanter_joint,2,720575941646451361;720575941691005080;720575941578439513,36;31,50;39,31,39
banc-path-0938,720575941657879576,DNp06,right,720575941610608604,RH,flex_coxa_trochanter_joint,2,720575941657879576;720575941691706264;720575941610608604,46;31,50;41,31,41
banc-path-0939,720575941409519022,DNp02,left,720575941451840425,RH,flex_coxa_trochanter_joint,2,720575941409519022;720575941462656979;720575941451840425,82;30,93;30,30,30
banc-path-0940,720575941478215985,DNp11,right,720575941402088304,LF,move_coxa_posterior,2,720575941478215985;720575941519463278;720575941402088304,30;41,46;32,30,32
banc-path-0941,720575941478215985,DNp11,right,720575941414478484,LH,unknown_leg_movement,2,720575941478215985;720575941619873407;720575941414478484,30;52,30;51,30,30
banc-path-0942,720575941478215985,DNp11,right,720575941459422623,LM,flex_femur_tibia_joint,2,720575941478215985;720575941619873407;720575941459422623,30;47,30;45,30,30
banc-path-0943,720575941494960254,DNg79,left,720575941468687581,LM,extend_femur_tibia_joint,2,720575941494960254;720575941414508948;720575941468687581,30;78,30;81,30,30
banc-path-0944,720575941494960254,DNg79,left,720575941471300448,LM,unknown_leg_movement,2,720575941494960254;720575941414508948;720575941471300448,30;43,30;49,30,30
banc-path-0945,720575941494960254,DNg79,left,720575941471839296,LH,extend_femur_tibia_joint,2,720575941494960254;720575941414508948;720575941471839296,30;103,30;122,30,30
banc-path-0946,720575941494960254,DNg79,left,720575941491272393,LH,flex_coxa_trochanter_joint,2,720575941494960254;720575941414508948;720575941491272393,30;42,30;49,30,30
banc-path-0947,720575941494960254,DNg79,left,720575941496173947,LH,pull_long_tendon,2,720575941494960254;720575941414508948;720575941496173947,30;53,30;58,30,30
banc-path-0948,720575941494960254,DNg79,left,720575941497863497,LM,extend_femur_tibia_joint,2,720575941494960254;720575941414508948;720575941497863497,30;44,30;50,30,30
banc-path-0949,720575941528667814,DNp05,right,720575941451840425,RH,flex_coxa_trochanter_joint,2,720575941528667814;720575941462656979;720575941451840425,46;30,44;30,30,30
banc-path-0950,720575941536353880,DNp42,left,720575941451840425,RH,flex_coxa_trochanter_joint,2,720575941536353880;720575941462656979;720575941451840425,34;30,41;30,30,30
banc-path-0951,720575941536353880,DNp42,left,720575941611945389,LH,move_coxa_medial,2,720575941536353880;720575941614323865;720575941611945389,30;38,32;37,30,32
banc-path-0952,720575941572713886,DNg97,right,720575941573687049,RM,flex_femur_tibia_joint,2,720575941572713886;720575941438841435;720575941573687049,33;30,33;33,30,33
banc-path-0953,720575941593683051,DNp10,right,720575941448798133,RF,unknown_leg_movement,2,720575941593683051;720575941469724125;720575941448798133,30;63,41;76,30,41
banc-path-0954,720575941593683051,DNp10,right,720575941470212471,RH,extend_femur_tibia_joint,2,720575941593683051;720575941469724125;720575941470212471,30;37,41;49,30,41
banc-path-0955,720575941593683051,DNp10,right,720575941478187841,RM,extend_femur_tibia_joint,2,720575941593683051;720575941469724125;720575941478187841,30;31,41;36,30,36
banc-path-0956,720575941593683051,DNp10,right,720575941486583046,RH,pull_long_tendon,2,720575941593683051;720575941469724125;720575941486583046,30;37,41;45,30,41
banc-path-0957,720575941593683051,DNp10,right,720575941507209029,RH,pull_long_tendon,2,720575941593683051;720575941469724125;720575941507209029,30;36,41;40,30,40
banc-path-0958,720575941593683051,DNp10,right,720575941542738524,RM,pull_long_tendon,2,720575941593683051;720575941469724125;720575941542738524,30;60,41;70,30,41
banc-path-0959,720575941594716523,DNb06,left,720575941442381738,LM,extend_coxa_trochanter_joint,2,720575941594716523;720575941415762836;720575941442381738,79;30,90;42,30,42
banc-path-0960,720575941614906387,MDN,right,720575941508440193,LH,flex_femur_tibia_joint,2,720575941614906387;720575941471130231;720575941508440193,31;39,30;42,31,30
banc-path-0961,720575941626500746,DNg100,left,720575941524172875,LH,flex_femur_tibia_joint,2,720575941626500746;720575941500851362;720575941524172875,40;30,70;41,30,41
banc-path-0962,720575941657879576,DNp06,right,720575941402088304,LF,move_coxa_posterior,2,720575941657879576;720575941519463278;720575941402088304,30;41,48;32,30,32
banc-path-0963,720575941657879576,DNp06,right,720575941431160824,LH,flex_femur_tibia_joint,2,720575941657879576;720575941519463278;720575941431160824,30;31,48;31,30,31
banc-path-0964,720575941415598737,DNb08,right,720575941612256476,LH,flex_femur_tibia_joint,2,720575941415598737;720575941470533131;720575941612256476,49;29,50;31,29,31
banc-path-0965,720575941440683743,DNp10,left,720575941641008741,RM,flex_femur_tibia_joint,2,720575941440683743;720575941612672870;720575941641008741,43;29,51;31,29,31
banc-path-0966,720575941519464046,DNg97,left,720575941468687581,LM,extend_femur_tibia_joint,2,720575941519464046;720575941500851362;720575941468687581,29;35,36;34,29,34
banc-path-0967,720575941519464046,DNg97,left,720575941493231536,LH,extend_femur_tibia_joint,2,720575941519464046;720575941500851362;720575941493231536,29;43,36;48,29,36
banc-path-0968,720575941519464046,DNg97,left,720575941494963582,LM,unknown_leg_movement,2,720575941519464046;720575941500851362;720575941494963582,29;36,36;40,29,36
banc-path-0969,720575941519464046,DNg97,left,720575941519664856,LM,move_coxa_anterior,2,720575941519464046;720575941500851362;720575941519664856,29;63,36;65,29,36
banc-path-0970,720575941519464046,DNg97,left,720575941524172875,LH,flex_femur_tibia_joint,2,720575941519464046;720575941500851362;720575941524172875,29;30,36;41,29,36
banc-path-0971,720575941519464046,DNg97,left,720575941526615554,LH,flex_femur_tibia_joint,2,720575941519464046;720575941500851362;720575941526615554,29;30,36;35,29,35
banc-path-0972,720575941534881368,DNb08,left,720575941613374172,LM,flex_coxa_trochanter_joint,2,720575941534881368;720575941555469139;720575941613374172,29;38,29;38,29,29
banc-path-0973,720575941545991429,DNp07,right,720575941432965902,RM,extend_femur_tibia_joint,2,720575941545991429;720575941515936505;720575941432965902,30;94,29;92,30,29
banc-path-0974,720575941545991429,DNp07,right,720575941470212471,RH,extend_femur_tibia_joint,2,720575941545991429;720575941515936505;720575941470212471,30;39,29;61,30,29
banc-path-0975,720575941545991429,DNp07,right,720575941478187841,RM,extend_femur_tibia_joint,2,720575941545991429;720575941515936505;720575941478187841,30;61,29;72,30,29
banc-path-0976,720575941552142727,DNa03,left,720575941538992021,LH,move_coxa_anterior,2,720575941552142727;720575941510475536;720575941538992021,133;29,149;37,29,37
banc-path-0977,720575941595517735,DNg75,left,720575941538992021,LH,move_coxa_anterior,2,720575941595517735;720575941510475536;720575941538992021,47;29,52;37,29,37
banc-path-0978,720575941600262848,DNge011,left,720575941504396567,RF,flex_coxa_trochanter_joint,2,720575941600262848;720575941646923208;720575941504396567,73;29,79;31,29,31
banc-path-0979,720575941600262848,DNge011,left,720575941579753849,RF,flex_coxa_trochanter_joint,2,720575941600262848;720575941646923208;720575941579753849,73;33,79;29,33,29
banc-path-0980,720575941663497084,DNa11,left,720575941353301552,RF,move_coxa_posterior,2,720575941663497084;720575941595517735;720575941353301552,94;29,123;33,29,33
banc-path-0981,720575941663497084,DNa11,left,720575941538992021,LH,move_coxa_anterior,2,720575941663497084;720575941510475536;720575941538992021,131;29,138;37,29,37
banc-path-0982,720575941704434394,DNg62,left,720575941573687049,RM,flex_femur_tibia_joint,2,720575941704434394;720575941461251027;720575941573687049,48;29,53;35,29,35
banc-path-0983,720575941407841071,DNp07,left,720575941580731001,RF,flex_femur_tibia_joint,2,720575941407841071;720575941540977357;720575941580731001,55;29,66;28,29,28
banc-path-0984,720575941415598737,DNb08,right,720575941519664856,LM,move_coxa_anterior,2,720575941415598737;720575941470533131;720575941519664856,49;28,50;29,28,29
banc-path-0985,720575941432123640,DNa01,right,720575941410034859,RH,flex_femur_tibia_joint,2,720575941432123640;720575941351164464;720575941410034859,28;84,39;82,28,39
banc-path-0986,720575941432123640,DNa01,right,720575941447103669,RH,pull_long_tendon,2,720575941432123640;720575941351164464;720575941447103669,28;141,39;152,28,39
banc-path-0987,720575941432123640,DNa01,right,720575941451840425,RH,flex_coxa_trochanter_joint,2,720575941432123640;720575941351164464;720575941451840425,28;51,39;54,28,39
banc-path-0988,720575941433155799,DNp09,right,720575941402088304,LF,move_coxa_posterior,2,720575941433155799;720575941619873407;720575941402088304,28;43,32;41,28,32
banc-path-0989,720575941433155799,DNp09,right,720575941414478484,LH,unknown_leg_movement,2,720575941433155799;720575941619873407;720575941414478484,28;52,32;51,28,32
banc-path-0990,720575941433155799,DNp09,right,720575941455787245,LF,move_coxa_anterior,2,720575941433155799;720575941619873407;720575941455787245,28;53,32;46,28,32
banc-path-0991,720575941433155799,DNp09,right,720575941459422623,LM,flex_femur_tibia_joint,2,720575941433155799;720575941619873407;720575941459422623,28;47,32;45,28,32
banc-path-0992,720575941433155799,DNp09,right,720575941461179859,LH,extend_coxa_trochanter_joint,2,720575941433155799;720575941619873407;720575941461179859,28;56,32;62,28,32
banc-path-0993,720575941433155799,DNp09,right,720575941468687581,LM,extend_femur_tibia_joint,2,720575941433155799;720575941619873407;720575941468687581,28;48,32;48,28,32
banc-path-0994,720575941433155799,DNp09,right,720575941468774667,LH,flex_coxa_trochanter_joint,2,720575941433155799;720575941619873407;720575941468774667,28;32,32;39,28,32
banc-path-0995,720575941433155799,DNp09,right,720575941471300448,LM,unknown_leg_movement,2,720575941433155799;720575941619873407;720575941471300448,28;35,32;36,28,32
banc-path-0996,720575941433155799,DNp09,right,720575941481179066,LF,flex_femur_tibia_joint,2,720575941433155799;720575941619873407;720575941481179066,28;57,32;59,28,32
banc-path-0997,720575941440683743,DNp10,left,720575941580731001,RF,flex_femur_tibia_joint,2,720575941440683743;720575941540977357;720575941580731001,47;29,48;28,29,28
banc-path-0998,720575941447863316,DNb05,right,720575941461333648,LF,extend_coxa_trochanter_joint,2,720575941447863316;720575941565099623;720575941461333648,28;37,33;38,28,33
banc-path-0999,720575941447973140,DNb02,left,720575941548546696,LF,move_coxa_posterior_lateral,2,720575941447973140;720575941595827158;720575941548546696,38;29,47;28,29,28
banc-path-1000,720575941480554370,DNg79,right,720575941580731001,RF,flex_femur_tibia_joint,2,720575941480554370;720575941540977357;720575941580731001,31;29,32;28,29,28
banc-path-1001,720575941491065653,MDN,left,720575941431976718,RH,unknown_leg_movement,2,720575941491065653;720575941586409540;720575941431976718,28;84,32;95,28,32
banc-path-1002,720575941491065653,MDN,left,720575941481621501,RH,move_coxa_posterior,2,720575941491065653;720575941586409540;720575941481621501,28;44,32;63,28,32
banc-path-1003,720575941491065653,MDN,left,720575941498748489,RH,move_coxa_posterior,2,720575941491065653;720575941586409540;720575941498748489,28;126,32;150,28,32
banc-path-1004,720575941504703938,DNb02,left,720575941548546696,LF,move_coxa_posterior_lateral,2,720575941504703938;720575941595827158;720575941548546696,34;29,41;28,29,28
banc-path-1005,720575941519464046,DNg97,left,720575941496149473,RH,flex_femur_tibia_joint,2,720575941519464046;720575941626500746;720575941496149473,28;28,43;37,28,37
banc-path-1006,720575941519464046,DNg97,left,720575941524856164,RH,unknown_leg_movement,2,720575941519464046;720575941626500746;720575941524856164,28;33,43;39,28,39
banc-path-1007,720575941519464046,DNg97,left,720575941630145989,RH,flex_femur_tibia_joint,2,720575941519464046;720575941626500746;720575941630145989,28;55,43;62,28,43
banc-path-1008,720575941526946562,DNa11,right,720575941460703245,LF,unknown_leg_movement,2,720575941526946562;720575941550687805;720575941460703245,48;30,58;28,30,28
banc-path-1009,720575941526946562,DNa11,right,720575941548546696,LF,move_coxa_posterior_lateral,2,720575941526946562;720575941595827158;720575941548546696,107;29,128;28,29,28
banc-path-1010,720575941545991429,DNp07,right,720575941580731001,RF,flex_femur_tibia_joint,2,720575941545991429;720575941540977357;720575941580731001,51;29,48;28,29,28
banc-path-1011,720575941572669342,DNb06,right,720575941593843589,RF,extend_coxa_trochanter_joint,2,720575941572669342;720575941645269704;720575941593843589,31;38,28;36,31,28
banc-path-1012,720575941595827158,DNg75,right,720575941468774667,LH,flex_coxa_trochanter_joint,2,720575941595827158;720575941568841204;720575941468774667,41;28,47;33,28,33
banc-path-1013,720575941600262848,DNge011,left,720575941656372304,RF,flex_coxa_trochanter_joint,2,720575941600262848;720575941646923208;720575941656372304,73;31,79;28,31,28
banc-path-1014,720575941611791590,DNp06,left,720575941402088304,LF,move_coxa_posterior,2,720575941611791590;720575941519463278;720575941402088304,28;41,38;32,28,32
banc-path-1015,720575941611791590,DNp06,left,720575941431160824,LH,flex_femur_tibia_joint,2,720575941611791590;720575941519463278;720575941431160824,28;31,38;31,28,31
banc-path-1016,720575941614906387,MDN,right,720575941519664856,LM,move_coxa_anterior,2,720575941614906387;720575941528320952;720575941519664856,28;36,29;34,28,29
banc-path-1017,720575941614906387,MDN,right,720575941549456673,LH,pull_long_tendon,2,720575941614906387;720575941471130231;720575941549456673,31;28,30;34,28,30
banc-path-1018,720575941646451361,DNp47,left,720575941470212471,RH,extend_femur_tibia_joint,2,720575941646451361;720575941459103391;720575941470212471,28;43,38;53,28,38
banc-path-1019,720575941663497084,DNa11,left,720575941460703245,LF,unknown_leg_movement,2,720575941663497084;720575941550687805;720575941460703245,34;30,37;28,30,28
banc-path-1020,720575941394119830,DNp42,right,720575941402088304,LF,move_coxa_posterior,2,720575941394119830;720575941535975873;720575941402088304,27;208,37;207,27,37
banc-path-1021,720575941394119830,DNp42,right,720575941408338862,LF,extend_coxa_trochanter_joint,2,720575941394119830;720575941535975873;720575941408338862,27;48,37;46,27,37
banc-path-1022,720575941394119830,DNp42,right,720575941455787245,LF,move_coxa_anterior,2,720575941394119830;720575941535975873;720575941455787245,27;98,37;84,27,37
banc-path-1023,720575941394119830,DNp42,right,720575941459422623,LM,flex_femur_tibia_joint,2,720575941394119830;720575941535975873;720575941459422623,27;185,37;183,27,37
banc-path-1024,720575941394119830,DNp42,right,720575941462096528,LM,flex_femur_tibia_joint,2,720575941394119830;720575941535975873;720575941462096528,27;56,37;47,27,37
banc-path-1025,720575941394119830,DNp42,right,720575941468687581,LM,extend_femur_tibia_joint,2,720575941394119830;720575941535975873;720575941468687581,27;214,37;203,27,37
banc-path-1026,720575941407841071,DNp07,left,720575941488644300,RH,extend_coxa_trochanter_joint,2,720575941407841071;720575941515936505;720575941488644300,48;27,55;36,27,36
banc-path-1027,720575941439437586,DNb05,left,720575941531180261,RF,move_coxa_anterior,2,720575941439437586;720575941476980785;720575941531180261,61;27,63;37,27,37
banc-path-1028,720575941467350237,DNg79,right,720575941468687581,LM,extend_femur_tibia_joint,2,720575941467350237;720575941414508948;720575941468687581,27;78,28;81,27,28
banc-path-1029,720575941467350237,DNg79,right,720575941471300448,LM,unknown_leg_movement,2,720575941467350237;720575941414508948;720575941471300448,27;43,28;49,27,28
banc-path-1030,720575941467350237,DNg79,right,720575941471839296,LH,extend_femur_tibia_joint,2,720575941467350237;720575941414508948;720575941471839296,27;103,28;122,27,28
banc-path-1031,720575941467350237,DNg79,right,720575941488287797,RF,extend_femur_tibia_joint,2,720575941467350237;720575941414508948;720575941488287797,27;27,28;28,27,28
banc-path-1032,720575941467350237,DNg79,right,720575941491272393,LH,flex_coxa_trochanter_joint,2,720575941467350237;720575941414508948;720575941491272393,27;42,28;49,27,28
banc-path-1033,720575941467350237,DNg79,right,720575941496173947,LH,pull_long_tendon,2,720575941467350237;720575941414508948;720575941496173947,27;53,28;58,27,28
banc-path-1034,720575941467350237,DNg79,right,720575941497863497,LM,extend_femur_tibia_joint,2,720575941467350237;720575941414508948;720575941497863497,27;44,28;50,27,28
banc-path-1035,720575941491012809,MDN,left,720575941569766302,RM,flex_coxa_trochanter_joint,2,720575941491012809;720575941429988088;720575941569766302,27;31,33;33,27,33
banc-path-1036,720575941491012809,MDN,left,720575941573687049,RM,flex_femur_tibia_joint,2,720575941491012809;720575941429988088;720575941573687049,27;77,33;75,27,33
banc-path-1037,720575941491012809,MDN,left,720575941733197355,RM,flex_coxa_trochanter_joint,2,720575941491012809;720575941429988088;720575941733197355,27;34,33;42,27,33
banc-path-1038,720575941494960254,DNg79,left,720575941488287797,RF,extend_femur_tibia_joint,2,720575941494960254;720575941414508948;720575941488287797,30;27,30;28,27,28
banc-path-1039,720575941526946562,DNa11,right,720575941414478484,LH,unknown_leg_movement,2,720575941526946562;720575941550687805;720575941414478484,48;27,58;27,27,27
banc-path-1040,720575941536048321,DNge078,right,720575941498960546,LF,move_coxa_anterior,2,720575941536048321;720575941476852254;720575941498960546,27;45,38;47,27,38
banc-path-1041,720575941545991429,DNp07,right,720575941488644300,RH,extend_coxa_trochanter_joint,2,720575941545991429;720575941515936505;720575941488644300,30;27,29;36,27,29
banc-path-1042,720575941566493282,DNp09,left,720575941431976718,RH,unknown_leg_movement,2,720575941566493282;720575941646678984;720575941431976718,41;27,43;33,27,33
banc-path-1043,720575941572669342,DNb06,right,720575941415020572,LH,pull_long_tendon,2,720575941572669342;720575941643468645;720575941415020572,77;27,80;33,27,33
banc-path-1044,720575941595517735,DNg75,left,720575941493231536,LH,extend_femur_tibia_joint,2,720575941595517735;720575941632049132;720575941493231536,37;27,39;36,27,36
banc-path-1045,720575941646451361,DNp47,left,720575941474769204,LM,extend_coxa_trochanter_joint,2,720575941646451361;720575941393745046;720575941474769204,48;27,62;34,27,34
banc-path-1046,720575941663497084,DNa11,left,720575941414478484,LH,unknown_leg_movement,2,720575941663497084;720575941550687805;720575941414478484,34;27,37;27,27,27
banc-path-1047,720575941407841071,DNp07,left,720575941470212471,RH,extend_femur_tibia_joint,2,720575941407841071;720575941469724125;720575941470212471,26;37,27;49,26,27
banc-path-1048,720575941433155799,DNp09,right,720575941547393825,RF,flex_femur_tibia_joint,2,720575941433155799;720575941519464046;720575941547393825,26;38,30;46,26,30
banc-path-1049,720575941433155799,DNp09,right,720575941623218172,RF,flex_femur_tibia_joint,2,720575941433155799;720575941519464046;720575941623218172,26;49,30;52,26,30
banc-path-1050,720575941439437586,DNb05,left,720575941415020572,LH,pull_long_tendon,2,720575941439437586;720575941643468645;720575941415020572,26;27,28;33,26,28
banc-path-1051,720575941439437586,DNb05,left,720575941442381738,LM,extend_coxa_trochanter_joint,2,720575941439437586;720575941572737679;720575941442381738,26;65,27;79,26,27
banc-path-1052,720575941439437586,DNb05,left,720575941443907754,LM,extend_coxa_trochanter_joint,2,720575941439437586;720575941572737679;720575941443907754,26;60,27;69,26,27
banc-path-1053,720575941439563583,DNge053,right,720575941556850771,RM,flex_femur_tibia_joint,2,720575941439563583;720575941612504297;720575941556850771,79;26,89;27,26,27
banc-path-1054,720575941491012809,MDN,left,720575941564818688,RF,flex_coxa_trochanter_joint,2,720575941491012809;720575941524912461;720575941564818688,33;26,32;26,26,26
banc-path-1055,720575941494960254,DNg79,left,720575941411709073,RF,extend_coxa_trochanter_joint,2,720575941494960254;720575941510907468;720575941411709073,26;33,32;31,26,31
banc-path-1056,720575941494960254,DNg79,left,720575941478281440,RF,extend_coxa_trochanter_joint,2,720575941494960254;720575941410062703;720575941478281440,26;41,26;55,26,26
banc-path-1057,720575941499708745,MDN,right,720575941508440193,LH,flex_femur_tibia_joint,2,720575941499708745;720575941471130231;720575941508440193,26;39,34;42,26,34
banc-path-1058,720575941499708745,MDN,right,720575941549456673,LH,pull_long_tendon,2,720575941499708745;720575941471130231;720575941549456673,26;28,34;34,26,34
banc-path-1059,720575941535862506,DNa01,left,720575941478187841,RM,extend_femur_tibia_joint,2,720575941535862506;720575941461816787;720575941478187841,26;51,30;47,26,30
banc-path-1060,720575941536353880,DNp42,left,720575941536577880,RM,move_coxa_posterior,2,720575941536353880;720575941543607740;720575941536577880,31;26,32;27,26,27
banc-path-1061,720575941549273992,DNp47,right,720575941578439513,RH,flex_coxa_trochanter_joint,2,720575941549273992;720575941691005080;720575941578439513,26;31,27;39,26,27
banc-path-1062,720575941554952858,DNge053,left,720575941556850771,RM,flex_femur_tibia_joint,2,720575941554952858;720575941612504297;720575941556850771,31;26,40;27,26,27
banc-path-1063,720575941559874831,DNp04,right,720575941556850771,RM,flex_femur_tibia_joint,2,720575941559874831;720575941612504297;720575941556850771,74;26,78;27,26,27
banc-path-1064,720575941566493282,DNp09,left,720575941470212471,RH,extend_femur_tibia_joint,2,720575941566493282;720575941646678984;720575941470212471,41;26,43;37,26,37
banc-path-1065,720575941583264121,DNp04,left,720575941556850771,RM,flex_femur_tibia_joint,2,720575941583264121;720575941612504297;720575941556850771,84;26,82;27,26,27
banc-path-1066,720575941646451361,DNp47,left,720575941468687581,LM,extend_femur_tibia_joint,2,720575941646451361;720575941459103391;720575941468687581,28;26,38;30,26,30
banc-path-1067,720575941394119830,DNp42,right,720575941478187841,RM,extend_femur_tibia_joint,2,720575941394119830;720575941471130231;720575941478187841,33;25,37;32,25,32
banc-path-1068,720575941439563583,DNge053,right,720575941480138976,RM,move_coxa_anterior,2,720575941439563583;720575941612504297;720575941480138976,79;25,89;26,25,26
banc-path-1069,720575941499708745,MDN,right,720575941478187841,RM,extend_femur_tibia_joint,2,720575941499708745;720575941471130231;720575941478187841,26;25,34;32,25,32
banc-path-1070,720575941535862506,DNa01,left,720575941591121463,RM,move_coxa_posterior,2,720575941535862506;720575941526704484;720575941591121463,109;25,102;25,25,25
banc-path-1071,720575941536353880,DNp42,left,720575941503422187,RH,move_coxa_medial,2,720575941536353880;720575941547179956;720575941503422187,25;33,26;31,25,26
banc-path-1072,720575941536353880,DNp42,left,720575941573687049,RM,flex_femur_tibia_joint,2,720575941536353880;720575941543607740;720575941573687049,31;25,32;31,25,31
banc-path-1073,720575941552142727,DNa03,left,720575941353301552,RF,move_coxa_posterior,2,720575941552142727;720575941595517735;720575941353301552,25;29,27;33,25,27
banc-path-1074,720575941552142727,DNa03,left,720575941593715569,RF,move_coxa_posterior_lateral,2,720575941552142727;720575941595517735;720575941593715569,25;54,27;63,25,27
banc-path-1075,720575941554952858,DNge053,left,720575941480138976,RM,move_coxa_anterior,2,720575941554952858;720575941612504297;720575941480138976,31;25,40;26,25,26
banc-path-1076,720575941559874831,DNp04,right,720575941480138976,RM,move_coxa_anterior,2,720575941559874831;720575941612504297;720575941480138976,74;25,78;26,25,26
banc-path-1077,720575941583264121,DNp04,left,720575941480138976,RM,move_coxa_anterior,2,720575941583264121;720575941612504297;720575941480138976,84;25,82;26,25,26
banc-path-1078,720575941595517735,DNg75,left,720575941527948932,RH,flex_coxa_trochanter_joint,2,720575941595517735;720575941519259352;720575941527948932,34;25,36;34,25,34
banc-path-1079,720575941595827158,DNg75,right,720575941562150568,RH,move_coxa_posterior,2,720575941595827158;720575941575416975;720575941562150568,48;25,49;29,25,29
banc-path-1080,720575941614906387,MDN,right,720575941478187841,RM,extend_femur_tibia_joint,2,720575941614906387;720575941471130231;720575941478187841,31;25,30;32,25,30
banc-path-1081,720575941704434394,DNg62,left,720575941414478484,LH,unknown_leg_movement,2,720575941704434394;720575941550687805;720575941414478484,25;27,30;27,25,27
banc-path-1082,720575941704434394,DNg62,left,720575941460703245,LF,unknown_leg_movement,2,720575941704434394;720575941550687805;720575941460703245,25;30,30;28,25,28
banc-path-1083,720575941704434394,DNg62,left,720575941493231536,LH,extend_femur_tibia_joint,2,720575941704434394;720575941550687805;720575941493231536,25;44,30;50,25,30
banc-path-1084,720575941407841071,DNp07,left,720575941460703245,LF,unknown_leg_movement,2,720575941407841071;720575941414508948;720575941460703245,24;64,29;68,24,29
banc-path-1085,720575941407841071,DNp07,left,720575941468687581,LM,extend_femur_tibia_joint,2,720575941407841071;720575941414508948;720575941468687581,24;78,29;81,24,29
banc-path-1086,720575941407841071,DNp07,left,720575941471300448,LM,unknown_leg_movement,2,720575941407841071;720575941414508948;720575941471300448,24;43,29;49,24,29
banc-path-1087,720575941407841071,DNp07,left,720575941471839296,LH,extend_femur_tibia_joint,2,720575941407841071;720575941414508948;720575941471839296,24;103,29;122,24,29
banc-path-1088,720575941407841071,DNp07,left,720575941491272393,LH,flex_coxa_trochanter_joint,2,720575941407841071;720575941414508948;720575941491272393,24;42,29;49,24,29
banc-path-1089,720575941407841071,DNp07,left,720575941496173947,LH,pull_long_tendon,2,720575941407841071;720575941414508948;720575941496173947,24;53,29;58,24,29
banc-path-1090,720575941407841071,DNp07,left,720575941497863497,LM,extend_femur_tibia_joint,2,720575941407841071;720575941414508948;720575941497863497,24;44,29;50,24,29
banc-path-1091,720575941407841071,DNp07,left,720575941498960546,LF,move_coxa_anterior,2,720575941407841071;720575941414508948;720575941498960546,24;44,29;47,24,29
banc-path-1092,720575941415598737,DNb08,right,720575941589657598,LM,move_coxa_posterior,2,720575941415598737;720575941551991295;720575941589657598,36;24,38;24,24,24
banc-path-1093,720575941433155799,DNp09,right,720575941404729712,RM,flex_coxa_trochanter_joint,2,720575941433155799;720575941646678984;720575941404729712,24;84,27;94,24,27
banc-path-1094,720575941433155799,DNp09,right,720575941431976718,RH,unknown_leg_movement,2,720575941433155799;720575941646678984;720575941431976718,24;27,27;33,24,27
banc-path-1095,720575941433155799,DNp09,right,720575941432965902,RM,extend_femur_tibia_joint,2,720575941433155799;720575941646678984;720575941432965902,24;28,27;29,24,27
banc-path-1096,720575941433155799,DNp09,right,720575941450561358,RF,flex_coxa_trochanter_joint,2,720575941433155799;720575941646678984;720575941450561358,24;30,27;27,24,27
banc-path-1097,720575941433155799,DNp09,right,720575941470082423,RM,extend_coxa_trochanter_joint,2,720575941433155799;720575941646678984;720575941470082423,24;44,27;45,24,27
banc-path-1098,720575941433155799,DNp09,right,720575941470212471,RH,extend_femur_tibia_joint,2,720575941433155799;720575941646678984;720575941470212471,24;26,27;37,24,27
banc-path-1099,720575941433155799,DNp09,right,720575941578439513,RH,flex_coxa_trochanter_joint,2,720575941433155799;720575941646678984;720575941578439513,24;26,27;43,24,27
banc-path-1100,720575941439437586,DNb05,left,720575941491272393,LH,flex_coxa_trochanter_joint,2,720575941439437586;720575941643468645;720575941491272393,26;24,28;28,24,28
banc-path-1101,720575941439563583,DNge053,right,720575941505496610,LM,flex_femur_tibia_joint,2,720575941439563583;720575941508609665;720575941505496610,38;24,48;30,24,30
banc-path-1102,720575941440683743,DNp10,left,720575941451840425,RH,flex_coxa_trochanter_joint,2,720575941440683743;720575941469724125;720575941451840425,24;25,31;38,24,31
banc-path-1103,720575941440683743,DNp10,left,720575941470212471,RH,extend_femur_tibia_joint,2,720575941440683743;720575941469724125;720575941470212471,24;37,31;49,24,31
banc-path-1104,720575941440683743,DNp10,left,720575941478187841,RM,extend_femur_tibia_joint,2,720575941440683743;720575941469724125;720575941478187841,24;31,31;36,24,31
banc-path-1105,720575941440683743,DNp10,left,720575941486583046,RH,pull_long_tendon,2,720575941440683743;720575941469724125;720575941486583046,24;37,31;45,24,31
banc-path-1106,720575941447973140,DNb02,left,720575941692129243,RF,move_coxa_anterior,2,720575941447973140;720575941502628695;720575941692129243,24;59,27;74,24,27
banc-path-1107,720575941455714541,DNb02,right,720575941531923147,LF,move_coxa_anterior,2,720575941455714541;720575941534222770;720575941531923147,29;24,33;26,24,26
banc-path-1108,720575941478215985,DNp11,right,720575941431976718,RH,unknown_leg_movement,2,720575941478215985;720575941646678984;720575941431976718,24;27,26;33,24,26
banc-path-1109,720575941480554370,DNg79,right,720575941557543918,RF,flex_femur_tibia_joint,2,720575941480554370;720575941540977357;720575941557543918,31;24,32;27,24,27
banc-path-1110,720575941499708745,MDN,right,720575941521190835,LH,flex_femur_tibia_joint,2,720575941499708745;720575941471130231;720575941521190835,26;24,34;25,24,25
banc-path-1111,720575941526946562,DNa11,right,720575941561204626,LF,unknown_leg_movement,2,720575941526946562;720575941550687805;720575941561204626,48;24,58;25,24,25
banc-path-1112,720575941534222770,DNp15,left,720575941593715569,RF,move_coxa_posterior_lateral,2,720575941534222770;720575941623446154;720575941593715569,57;24,55;34,24,34
banc-path-1113,720575941534881368,DNb08,left,720575941589657598,LM,move_coxa_posterior,2,720575941534881368;720575941551991295;720575941589657598,33;24,36;24,24,24
banc-path-1114,720575941536301288,DNb02,right,720575941531923147,LF,move_coxa_anterior,2,720575941536301288;720575941534222770;720575941531923147,56;24,54;26,24,26
banc-path-1115,720575941545432425,DNb08,right,720575941589657598,LM,move_coxa_posterior,2,720575941545432425;720575941551991295;720575941589657598,31;24,39;24,24,24
banc-path-1116,720575941554952858,DNge053,left,720575941505496610,LM,flex_femur_tibia_joint,2,720575941554952858;720575941508609665;720575941505496610,72;24,82;30,24,30
banc-path-1117,720575941566493282,DNp09,left,720575941402088304,LF,move_coxa_posterior,2,720575941566493282;720575941619873407;720575941402088304,24;43,27;41,24,27
banc-path-1118,720575941566493282,DNp09,left,720575941414478484,LH,unknown_leg_movement,2,720575941566493282;720575941619873407;720575941414478484,24;52,27;51,24,27
banc-path-1119,720575941566493282,DNp09,left,720575941455787245,LF,move_coxa_anterior,2,720575941566493282;720575941619873407;720575941455787245,24;53,27;46,24,27
banc-path-1120,720575941566493282,DNp09,left,720575941459422623,LM,flex_femur_tibia_joint,2,720575941566493282;720575941619873407;720575941459422623,24;47,27;45,24,27
banc-path-1121,720575941566493282,DNp09,left,720575941461179859,LH,extend_coxa_trochanter_joint,2,720575941566493282;720575941619873407;720575941461179859,24;56,27;62,24,27
banc-path-1122,720575941566493282,DNp09,left,720575941468687581,LM,extend_femur_tibia_joint,2,720575941566493282;720575941619873407;720575941468687581,24;48,27;48,24,27
banc-path-1123,720575941566493282,DNp09,left,720575941468774667,LH,flex_coxa_trochanter_joint,2,720575941566493282;720575941619873407;720575941468774667,24;32,27;39,24,27
banc-path-1124,720575941566493282,DNp09,left,720575941471300448,LM,unknown_leg_movement,2,720575941566493282;720575941619873407;720575941471300448,24;35,27;36,24,27
banc-path-1125,720575941566493282,DNp09,left,720575941481179066,LF,flex_femur_tibia_joint,2,720575941566493282;720575941619873407;720575941481179066,24;57,27;59,24,27
banc-path-1126,720575941572669342,DNb06,right,720575941491272393,LH,flex_coxa_trochanter_joint,2,720575941572669342;720575941643468645;720575941491272393,77;24,80;28,24,28
banc-path-1127,720575941572669342,DNb06,right,720575941593715569,RF,move_coxa_posterior_lateral,2,720575941572669342;720575941623446154;720575941593715569,38;24,33;34,24,33
banc-path-1128,720575941574790664,DNge078,left,720575941448798133,RF,unknown_leg_movement,2,720575941574790664;720575941570309790;720575941448798133,24;38,26;42,24,26
banc-path-1129,720575941574790664,DNge078,left,720575941592225831,RF,move_coxa_anterior,2,720575941574790664;720575941570309790;720575941592225831,24;28,26;24,24,24
banc-path-1130,720575941595827158,DNg75,right,720575941494740094,LH,move_coxa_anterior,2,720575941595827158;720575941660353592;720575941494740094,27;24,28;26,24,26
banc-path-1131,720575941614906387,MDN,right,720575941521190835,LH,flex_femur_tibia_joint,2,720575941614906387;720575941471130231;720575941521190835,31;24,30;25,24,25
banc-path-1132,720575941646451361,DNp47,left,720575941503422187,RH,move_coxa_medial,2,720575941646451361;720575941441906779;720575941503422187,25;41,24;53,25,24
banc-path-1133,720575941663497084,DNa11,left,720575941561204626,LF,unknown_leg_movement,2,720575941663497084;720575941550687805;720575941561204626,34;24,37;25,24,25
banc-path-1134,720575941704434394,DNg62,left,720575941561204626,LF,unknown_leg_movement,2,720575941704434394;720575941550687805;720575941561204626,25;24,30;25,24,25
banc-path-1135,720575941415598737,DNb08,right,720575941454830131,LH,flex_femur_tibia_joint,2,720575941415598737;720575941470533131;720575941454830131,49;23,50;28,23,28
banc-path-1136,720575941415598737,DNb08,right,720575941508440193,LH,flex_femur_tibia_joint,2,720575941415598737;720575941470533131;720575941508440193,49;23,50;29,23,29
banc-path-1137,720575941432123640,DNa01,right,720575941687653238,LM,extend_coxa_trochanter_joint,2,720575941432123640;720575941627995705;720575941687653238,23;25,23;27,23,23
banc-path-1138,720575941447973140,DNb02,left,720575941611945389,LH,move_coxa_medial,2,720575941447973140;720575941595827158;720575941611945389,38;25,47;23,25,23
banc-path-1139,720575941447973140,DNb02,left,720575941692129243,RF,move_coxa_anterior,2,720575941447973140;720575941526955266;720575941692129243,51;24,59;23,24,23
banc-path-1140,720575941480554370,DNg79,right,720575941432965902,RM,extend_femur_tibia_joint,2,720575941480554370;720575941515936505;720575941432965902,23;94,32;92,23,32
banc-path-1141,720575941480554370,DNg79,right,720575941470212471,RH,extend_femur_tibia_joint,2,720575941480554370;720575941515936505;720575941470212471,23;39,32;61,23,32
banc-path-1142,720575941480554370,DNg79,right,720575941478187841,RM,extend_femur_tibia_joint,2,720575941480554370;720575941515936505;720575941478187841,23;61,32;72,23,32
banc-path-1143,720575941480554370,DNg79,right,720575941480138976,RM,move_coxa_anterior,2,720575941480554370;720575941515936505;720575941480138976,23;40,32;41,23,32
banc-path-1144,720575941480554370,DNg79,right,720575941488644300,RH,extend_coxa_trochanter_joint,2,720575941480554370;720575941515936505;720575941488644300,23;27,32;36,23,32
banc-path-1145,720575941491065653,MDN,left,720575941692129243,RF,move_coxa_anterior,2,720575941491065653;720575941480974048;720575941692129243,34;23,37;23,23,23
banc-path-1146,720575941499708745,MDN,right,720575941481179066,LF,flex_femur_tibia_joint,2,720575941499708745;720575941438455340;720575941481179066,27;24,23;24,24,23
banc-path-1147,720575941499708745,MDN,right,720575941524746573,LF,flex_coxa_trochanter_joint,2,720575941499708745;720575941438455340;720575941524746573,27;24,23;23,24,23
banc-path-1148,720575941499708745,MDN,right,720575941551356570,LF,flex_coxa_trochanter_joint,2,720575941499708745;720575941438455340;720575941551356570,27;48,23;45,27,23
banc-path-1149,720575941504703938,DNb02,left,720575941611945389,LH,move_coxa_medial,2,720575941504703938;720575941595827158;720575941611945389,34;25,41;23,25,23
banc-path-1150,720575941504703938,DNb02,left,720575941692129243,RF,move_coxa_anterior,2,720575941504703938;720575941526955266;720575941692129243,50;24,62;23,24,23
banc-path-1151,720575941526946562,DNa11,right,720575941478187841,RM,extend_femur_tibia_joint,2,720575941526946562;720575941401814307;720575941478187841,36;23,41;24,23,24
banc-path-1152,720575941526946562,DNa11,right,720575941611945389,LH,move_coxa_medial,2,720575941526946562;720575941595827158;720575941611945389,107;25,128;23,25,23
banc-path-1153,720575941528667814,DNp05,right,720575941447103669,RH,pull_long_tendon,2,720575941528667814;720575941462656979;720575941447103669,46;23,44;26,23,26
banc-path-1154,720575941534222770,DNp15,left,720575941402088304,LF,move_coxa_posterior,2,720575941534222770;720575941541544028;720575941402088304,24;327,23;331,24,23
banc-path-1155,720575941534222770,DNp15,left,720575941494164864,LF,move_coxa_posterior_lateral,2,720575941534222770;720575941541544028;720575941494164864,24;305,23;305,24,23
banc-path-1156,720575941534222770,DNp15,left,720575941518133464,LF,move_coxa_posterior,2,720575941534222770;720575941541544028;720575941518133464,24;33,23;36,24,23
banc-path-1157,720575941535862506,DNa01,left,720575941535897098,RM,flex_femur_tibia_joint,2,720575941535862506;720575941461816787;720575941535897098,26;24,30;23,24,23
banc-path-1158,720575941536048321,DNge078,right,720575941498960546,LF,move_coxa_anterior,2,720575941536048321;720575941472158506;720575941498960546,23;24,24;31,23,24
banc-path-1159,720575941536048321,DNge078,right,720575941561204626,LF,unknown_leg_movement,2,720575941536048321;720575941472158506;720575941561204626,23;24,24;24,23,24
banc-path-1160,720575941536353880,DNp42,left,720575941447103669,RH,pull_long_tendon,2,720575941536353880;720575941462656979;720575941447103669,34;23,41;26,23,26
banc-path-1161,720575941536353880,DNp42,left,720575941612158026,LH,flex_femur_tibia_joint,2,720575941536353880;720575941614323865;720575941612158026,30;23,32;23,23,23
banc-path-1162,720575941572713886,DNg97,right,720575941410034859,RH,flex_femur_tibia_joint,2,720575941572713886;720575941438841435;720575941410034859,33;23,33;26,23,26
banc-path-1163,720575941572713886,DNg97,right,720575941432965902,RM,extend_femur_tibia_joint,2,720575941572713886;720575941626500746;720575941432965902,23;27,25;27,23,25
banc-path-1164,720575941572713886,DNg97,right,720575941436960735,RM,flex_femur_tibia_joint,2,720575941572713886;720575941626500746;720575941436960735,23;27,25;31,23,25
banc-path-1165,720575941572713886,DNg97,right,720575941470212471,RH,extend_femur_tibia_joint,2,720575941572713886;720575941626500746;720575941470212471,23;27,25;33,23,25
banc-path-1166,720575941595517735,DNg75,left,720575941521271475,RH,flex_femur_tibia_joint,2,720575941595517735;720575941633363692;720575941521271475,35;23,34;25,23,25
banc-path-1167,720575941595517735,DNg75,left,720575941538082453,RH,flex_femur_tibia_joint,2,720575941595517735;720575941633363692;720575941538082453,35;23,34;25,23,25
banc-path-1168,720575941614906387,MDN,right,720575941481179066,LF,flex_femur_tibia_joint,2,720575941614906387;720575941438455340;720575941481179066,23;24,23;24,23,23
banc-path-1169,720575941614906387,MDN,right,720575941524746573,LF,flex_coxa_trochanter_joint,2,720575941614906387;720575941438455340;720575941524746573,23;24,23;23,23,23
banc-path-1170,720575941614906387,MDN,right,720575941551356570,LF,flex_coxa_trochanter_joint,2,720575941614906387;720575941438455340;720575941551356570,23;48,23;45,23,23
banc-path-1171,720575941663497084,DNa11,left,720575941478187841,RM,extend_femur_tibia_joint,2,720575941663497084;720575941401814307;720575941478187841,37;23,49;24,23,24
banc-path-1172,720575941394119830,DNp42,right,720575941587428151,RM,flex_femur_tibia_joint,2,720575941394119830;720575941477577025;720575941587428151,22;35,24;37,22,24
banc-path-1173,720575941402821923,DNp05,left,720575941500579913,RM,extend_coxa_trochanter_joint,2,720575941402821923;720575941514930778;720575941500579913,22;68,22;78,22,22
banc-path-1174,720575941415598737,DNb08,right,720575941684824815,LM,move_coxa_posterior,2,720575941415598737;720575941551991295;720575941684824815,36;22,38;24,22,24
banc-path-1175,720575941432123640,DNa01,right,720575941516874094,LF,extend_coxa_trochanter_joint,2,720575941432123640;720575941616501205;720575941516874094,22;59,24;62,22,24
banc-path-1176,720575941432123640,DNa01,right,720575941517726936,LH,move_coxa_posterior,2,720575941432123640;720575941616501205;720575941517726936,22;32,24;41,22,24
banc-path-1177,720575941432123640,DNa01,right,720575941525586507,LH,move_coxa_posterior,2,720575941432123640;720575941616501205;720575941525586507,22;32,24;49,22,24
banc-path-1178,720575941432123640,DNa01,right,720575941687653238,LM,extend_coxa_trochanter_joint,2,720575941432123640;720575941616501205;720575941687653238,22;28,24;27,22,24
banc-path-1179,720575941455714541,DNb02,right,720575941531923147,LF,move_coxa_anterior,2,720575941455714541;720575941632059372;720575941531923147,66;22,74;22,22,22
banc-path-1180,720575941526946562,DNa11,right,720575941431976718,RH,unknown_leg_movement,2,720575941526946562;720575941401814307;720575941431976718,36;22,41;32,22,32
banc-path-1181,720575941526946562,DNa11,right,720575941497863497,LM,extend_femur_tibia_joint,2,720575941526946562;720575941550687805;720575941497863497,48;22,58;25,22,25
banc-path-1182,720575941534881368,DNb08,left,720575941468687581,LM,extend_femur_tibia_joint,2,720575941534881368;720575941504327447;720575941468687581,22;38,22;43,22,22
banc-path-1183,720575941536301288,DNb02,right,720575941531923147,LF,move_coxa_anterior,2,720575941536301288;720575941632059372;720575941531923147,35;22,40;22,22,22
banc-path-1184,720575941545432425,DNb08,right,720575941684824815,LM,move_coxa_posterior,2,720575941545432425;720575941551991295;720575941684824815,31;22,39;24,22,24
banc-path-1185,720575941552142727,DNa03,left,720575941561204626,LF,unknown_leg_movement,2,720575941552142727;720575941510475536;720575941561204626,133;23,149;22,23,22
banc-path-1186,720575941572669342,DNb06,right,720575941470371851,LM,unknown_leg_movement,2,720575941572669342;720575941594854251;720575941470371851,22;61,26;66,22,26
banc-path-1187,720575941572669342,DNb06,right,720575941471300448,LM,unknown_leg_movement,2,720575941572669342;720575941594854251;720575941471300448,22;65,26;75,22,26
banc-path-1188,720575941572669342,DNb06,right,720575941494963582,LM,unknown_leg_movement,2,720575941572669342;720575941594854251;720575941494963582,22;121,26;133,22,26
banc-path-1189,720575941572669342,DNb06,right,720575941593715569,RF,move_coxa_posterior_lateral,2,720575941572669342;720575941645269704;720575941593715569,31;22,28;25,22,25
banc-path-1190,720575941572713886,DNg97,right,720575941454495145,LH,unknown_leg_movement,2,720575941572713886;720575941500851362;720575941454495145,22;23,29;24,22,24
banc-path-1191,720575941572713886,DNg97,right,720575941481634383,LH,extend_coxa_trochanter_joint,2,720575941572713886;720575941500851362;720575941481634383,22;28,29;30,22,29
banc-path-1192,720575941572713886,DNg97,right,720575941487732432,LH,flex_femur_tibia_joint,2,720575941572713886;720575941500851362;720575941487732432,22;28,29;31,22,29
banc-path-1193,720575941594716523,DNb06,left,720575941480138976,RM,move_coxa_anterior,2,720575941594716523;720575941441906779;720575941480138976,22;93,23;104,22,23
banc-path-1194,720575941594716523,DNb06,left,720575941503422187,RH,move_coxa_medial,2,720575941594716523;720575941441906779;720575941503422187,22;41,23;53,22,23
banc-path-1195,720575941595517735,DNg75,left,720575941561204626,LF,unknown_leg_movement,2,720575941595517735;720575941510475536;720575941561204626,47;23,52;22,23,22
banc-path-1196,720575941646451361,DNp47,left,720575941460703245,LF,unknown_leg_movement,2,720575941646451361;720575941414508948;720575941460703245,22;64,25;68,22,25
banc-path-1197,720575941646451361,DNp47,left,720575941468774667,LH,flex_coxa_trochanter_joint,2,720575941646451361;720575941414508948;720575941468774667,22;23,25;29,22,25
banc-path-1198,720575941663497084,DNa11,left,720575941431976718,RH,unknown_leg_movement,2,720575941663497084;720575941401814307;720575941431976718,37;22,49;32,22,32
banc-path-1199,720575941663497084,DNa11,left,720575941497863497,LM,extend_femur_tibia_joint,2,720575941663497084;720575941550687805;720575941497863497,34;22,37;25,22,25
banc-path-1200,720575941663497084,DNa11,left,720575941561204626,LF,unknown_leg_movement,2,720575941663497084;720575941510475536;720575941561204626,131;23,138;22,23,22
banc-path-1201,720575941704434394,DNg62,left,720575941497863497,LM,extend_femur_tibia_joint,2,720575941704434394;720575941550687805;720575941497863497,25;22,30;25,22,25
banc-path-1202,720575941415598737,DNb08,right,720575941494164864,LF,move_coxa_posterior_lateral,2,720575941415598737;720575941551991295;720575941494164864,36;21,38;21,21,21
banc-path-1203,720575941415598737,DNb08,right,720575941531923147,LF,move_coxa_anterior,2,720575941415598737;720575941470533131;720575941531923147,49;21,50;21,21,21
banc-path-1204,720575941439563583,DNge053,right,720575941558861839,LM,move_coxa_anterior,2,720575941439563583;720575941508609665;720575941558861839,38;21,48;24,21,24
banc-path-1205,720575941459103391,DNg79,left,720575941549009663,LF,move_coxa_posterior,2,720575941459103391;720575941486872272;720575941549009663,38;21,33;23,21,23
banc-path-1206,720575941486612034,DNa03,right,720575941480138976,RM,move_coxa_anterior,2,720575941486612034;720575941456897005;720575941480138976,127;21,135;25,21,25
banc-path-1207,720575941491012809,MDN,left,720575941572050077,RH,flex_coxa_trochanter_joint,2,720575941491012809;720575941480974048;720575941572050077,36;23,34;21,23,21
banc-path-1208,720575941491065653,MDN,left,720575941504396567,RF,flex_coxa_trochanter_joint,2,720575941491065653;720575941524912461;720575941504396567,22;32,21;40,22,21
banc-path-1209,720575941491065653,MDN,left,720575941551010695,RF,flex_femur_tibia_joint,2,720575941491065653;720575941524912461;720575941551010695,22;24,21;21,22,21
banc-path-1210,720575941499708745,MDN,right,720575941411709073,RF,extend_coxa_trochanter_joint,2,720575941499708745;720575941643053394;720575941411709073,21;24,21;31,21,21
banc-path-1211,720575941499708745,MDN,right,720575941428654255,RF,move_coxa_anterior,2,720575941499708745;720575941643053394;720575941428654255,21;55,21;70,21,21
banc-path-1212,720575941499708745,MDN,right,720575941508453761,RF,extend_coxa_trochanter_joint,2,720575941499708745;720575941643053394;720575941508453761,21;54,21;59,21,21
banc-path-1213,720575941502628695,DNp15,right,720575941573784990,RH,extend_coxa_trochanter_joint,2,720575941502628695;720575941609001034;720575941573784990,21;33,29;33,21,29
banc-path-1214,720575941526946562,DNa11,right,720575941480138976,RM,move_coxa_anterior,2,720575941526946562;720575941456897005;720575941480138976,143;21,157;25,21,25
banc-path-1215,720575941536353880,DNp42,left,720575941443907754,LM,extend_coxa_trochanter_joint,2,720575941536353880;720575941578497369;720575941443907754,21;27,22;27,21,22
banc-path-1216,720575941536353880,DNp42,left,720575941458992031,LH,extend_coxa_trochanter_joint,2,720575941536353880;720575941578497369;720575941458992031,21;21,22;23,21,22
banc-path-1217,720575941536353880,DNp42,left,720575941468687581,LM,extend_femur_tibia_joint,2,720575941536353880;720575941578497369;720575941468687581,21;26,22;28,21,22
banc-path-1218,720575941536353880,DNp42,left,720575941483515389,LF,extend_coxa_trochanter_joint,2,720575941536353880;720575941578497369;720575941483515389,21;30,22;32,21,22
banc-path-1219,720575941536353880,DNp42,left,720575941506261538,LF,move_coxa_anterior,2,720575941536353880;720575941578497369;720575941506261538,21;30,22;32,21,22
banc-path-1220,720575941536353880,DNp42,left,720575941516874094,LF,extend_coxa_trochanter_joint,2,720575941536353880;720575941578497369;720575941516874094,21;31,22;37,21,22
banc-path-1221,720575941536353880,DNp42,left,720575941519664856,LM,move_coxa_anterior,2,720575941536353880;720575941578497369;720575941519664856,21;61,22;66,21,22
banc-path-1222,720575941545432425,DNb08,right,720575941414478484,LH,unknown_leg_movement,2,720575941545432425;720575941550687805;720575941414478484,21;27,24;27,21,24
banc-path-1223,720575941545432425,DNb08,right,720575941460703245,LF,unknown_leg_movement,2,720575941545432425;720575941550687805;720575941460703245,21;30,24;28,21,24
banc-path-1224,720575941545432425,DNb08,right,720575941493231536,LH,extend_femur_tibia_joint,2,720575941545432425;720575941550687805;720575941493231536,21;44,24;50,21,24
banc-path-1225,720575941545432425,DNb08,right,720575941494164864,LF,move_coxa_posterior_lateral,2,720575941545432425;720575941551991295;720575941494164864,31;21,39;21,21,21
banc-path-1226,720575941545432425,DNb08,right,720575941497863497,LM,extend_femur_tibia_joint,2,720575941545432425;720575941550687805;720575941497863497,21;22,24;25,21,24
banc-path-1227,720575941554952858,DNge053,left,720575941558861839,LM,move_coxa_anterior,2,720575941554952858;720575941508609665;720575941558861839,72;21,82;24,21,24
banc-path-1228,720575941595827158,DNg75,right,720575941480138976,RM,move_coxa_anterior,2,720575941595827158;720575941456897005;720575941480138976,37;21,36;25,21,25
banc-path-1229,720575941595827158,DNg75,right,720575941491293415,RM,move_coxa_posterior,2,720575941595827158;720575941575416975;720575941491293415,48;21,49;24,21,24
banc-path-1230,720575941595827158,DNg75,right,720575941572050077,RH,flex_coxa_trochanter_joint,2,720575941595827158;720575941480974048;720575941572050077,49;23,56;21,23,21
banc-path-1231,720575941614906387,MDN,right,720575941410034859,RH,flex_femur_tibia_joint,2,720575941614906387;720575941669107187;720575941410034859,21;26,24;37,21,24
banc-path-1232,720575941614906387,MDN,right,720575941447103669,RH,pull_long_tendon,2,720575941614906387;720575941669107187;720575941447103669,21;21,24;30,21,24
banc-path-1233,720575941614906387,MDN,right,720575941521271475,RH,flex_femur_tibia_joint,2,720575941614906387;720575941669107187;720575941521271475,21;57,24;70,21,24
banc-path-1234,720575941663497084,DNa11,left,720575941519664856,LM,move_coxa_anterior,2,720575941663497084;720575941528320952;720575941519664856,21;36,26;34,21,26
banc-path-1235,720575941394119830,DNp42,right,720575941447103669,RH,pull_long_tendon,2,720575941394119830;720575941551947263;720575941447103669,46;20,48;31,20,31
banc-path-1236,720575941394119830,DNp42,right,720575941470082423,RM,extend_coxa_trochanter_joint,2,720575941394119830;720575941703161306;720575941470082423,20;29,21;32,20,21
banc-path-1237,720575941394119830,DNp42,right,720575941488287797,RF,extend_femur_tibia_joint,2,720575941394119830;720575941703161306;720575941488287797,20;23,21;24,20,21
banc-path-1238,720575941394119830,DNp42,right,720575941488644300,RH,extend_coxa_trochanter_joint,2,720575941394119830;720575941703161306;720575941488644300,20;24,21;40,20,21
banc-path-1239,720575941394119830,DNp42,right,720575941508453761,RF,extend_coxa_trochanter_joint,2,720575941394119830;720575941703161306;720575941508453761,20;37,21;37,20,21
banc-path-1240,720575941394119830,DNp42,right,720575941543372649,RH,extend_coxa_trochanter_joint,2,720575941394119830;720575941703161306;720575941543372649,20;30,21;35,20,21
banc-path-1241,720575941402821923,DNp05,left,720575941447103669,RH,pull_long_tendon,2,720575941402821923;720575941551947263;720575941447103669,43;20,44;31,20,31
banc-path-1242,720575941447863316,DNb05,right,720575941447103669,RH,pull_long_tendon,2,720575941447863316;720575941551947263;720575941447103669,55;20,65;31,20,31
banc-path-1243,720575941476852254,DNg62,right,720575941504396567,RF,flex_coxa_trochanter_joint,2,720575941476852254;720575941646923208;720575941504396567,20;29,23;31,20,23
banc-path-1244,720575941476852254,DNg62,right,720575941579753849,RF,flex_coxa_trochanter_joint,2,720575941476852254;720575941646923208;720575941579753849,20;33,23;29,20,23
banc-path-1245,720575941476852254,DNg62,right,720575941656372304,RF,flex_coxa_trochanter_joint,2,720575941476852254;720575941646923208;720575941656372304,20;31,23;28,20,23
banc-path-1246,720575941486612034,DNa03,right,720575941447103669,RH,pull_long_tendon,2,720575941486612034;720575941450506830;720575941447103669,21;27,20;46,21,20
banc-path-1247,720575941486612034,DNa03,right,720575941451840425,RH,flex_coxa_trochanter_joint,2,720575941486612034;720575941450506830;720575941451840425,21;25,20;35,21,20
banc-path-1248,720575941491065653,MDN,left,720575941479987619,RM,pull_long_tendon,2,720575941491065653;720575941543607740;720575941479987619,20;33,24;32,20,24
banc-path-1249,720575941491065653,MDN,left,720575941505891422,RM,flex_femur_tibia_joint,2,720575941491065653;720575941429988088;720575941505891422,20;21,23;28,20,23
banc-path-1250,720575941491065653,MDN,left,720575941516874094,LF,extend_coxa_trochanter_joint,2,720575941491065653;720575941543607740;720575941516874094,20;23,24;20,20,20
banc-path-1251,720575941491065653,MDN,left,720575941536577880,RM,move_coxa_posterior,2,720575941491065653;720575941543607740;720575941536577880,20;26,24;27,20,24
banc-path-1252,720575941507073303,DNp02,right,720575941447103669,RH,pull_long_tendon,2,720575941507073303;720575941551947263;720575941447103669,96;20,103;31,20,31
banc-path-1253,720575941526946562,DNa11,right,720575941572050077,RH,flex_coxa_trochanter_joint,2,720575941526946562;720575941480974048;720575941572050077,20;23,26;21,20,21
banc-path-1254,720575941534881368,DNb08,left,720575941431976718,RH,unknown_leg_movement,2,720575941534881368;720575941401814307;720575941431976718,20;22,21;32,20,21
banc-path-1255,720575941534881368,DNb08,left,720575941478187841,RM,extend_femur_tibia_joint,2,720575941534881368;720575941401814307;720575941478187841,20;23,21;24,20,21
banc-path-1256,720575941534881368,DNb08,left,720575941631837856,RF,unknown_leg_movement,2,720575941534881368;720575941401814307;720575941631837856,20;37,21;38,20,21
banc-path-1257,720575941535097578,DNge012,right,720575941460703245,LF,unknown_leg_movement,2,720575941535097578;720575941541431644;720575941460703245,49;20,53;24,20,24
banc-path-1258,720575941536048321,DNge078,right,720575941556297811,RF,move_coxa_anterior,2,720575941536048321;720575941539325333;720575941556297811,21;20,27;21,20,21
banc-path-1259,720575941536048321,DNge078,right,720575941631837856,RF,unknown_leg_movement,2,720575941536048321;720575941539325333;720575941631837856,21;20,27;20,20,20
banc-path-1260,720575941549273992,DNp47,right,720575941451840425,RH,flex_coxa_trochanter_joint,2,720575941549273992;720575941627125817;720575941451840425,20;172,23;187,20,23
banc-path-1261,720575941550687805,DNge050,right,720575941436960735,RM,flex_femur_tibia_joint,2,720575941550687805;720575941408493103;720575941436960735,20;51,21;54,20,21
banc-path-1262,720575941550687805,DNge050,right,720575941478187841,RM,extend_femur_tibia_joint,2,720575941550687805;720575941408493103;720575941478187841,20;80,21;84,20,21
banc-path-1263,720575941550687805,DNge050,right,720575941519971511,RM,flex_femur_tibia_joint,2,720575941550687805;720575941408493103;720575941519971511,20;56,21;52,20,21
banc-path-1264,720575941551589181,DNp11,left,720575941431976718,RH,unknown_leg_movement,2,720575941551589181;720575941646678984;720575941431976718,20;27,25;33,20,25
banc-path-1265,720575941552142727,DNa03,left,720575941558861839,LM,move_coxa_anterior,2,720575941552142727;720575941510475536;720575941558861839,133;20,149;23,20,23
banc-path-1266,720575941586099334,DNge012,right,720575941460703245,LF,unknown_leg_movement,2,720575941586099334;720575941541431644;720575941460703245,36;20,36;24,20,24
banc-path-1267,720575941614906387,MDN,right,720575941411709073,RF,extend_coxa_trochanter_joint,2,720575941614906387;720575941643053394;720575941411709073,21;24,20;31,21,20
banc-path-1268,720575941614906387,MDN,right,720575941428654255,RF,move_coxa_anterior,2,720575941614906387;720575941643053394;720575941428654255,21;55,20;70,21,20
banc-path-1269,720575941614906387,MDN,right,720575941508453761,RF,extend_coxa_trochanter_joint,2,720575941614906387;720575941643053394;720575941508453761,21;54,20;59,21,20
banc-path-1270,720575941432123640,DNa01,right,720575941443907754,LM,extend_coxa_trochanter_joint,2,720575941432123640;720575941526834598;720575941443907754,19;26,27;32,19,27
banc-path-1271,720575941432123640,DNa01,right,720575941679001021,LH,move_coxa_posterior,2,720575941432123640;720575941616501205;720575941679001021,22;19,24;28,19,24
banc-path-1272,720575941447973140,DNb02,left,720575941454495145,LH,unknown_leg_movement,2,720575941447973140;720575941595827158;720575941454495145,38;19,47;20,19,20
banc-path-1273,720575941459103391,DNg79,left,720575941468687581,LM,extend_femur_tibia_joint,2,720575941459103391;720575941512896099;720575941468687581,19;21,20;24,19,20
banc-path-1274,720575941459103391,DNg79,left,720575941497568199,LF,flex_femur_tibia_joint,2,720575941459103391;720575941560610575;720575941497568199,24;20,19;19,20,19
banc-path-1275,720575941459103391,DNg79,left,720575941497863497,LM,extend_femur_tibia_joint,2,720575941459103391;720575941512896099;720575941497863497,19;25,20;27,19,20
banc-path-1276,720575941459103391,DNg79,left,720575941536577880,RM,move_coxa_posterior,2,720575941459103391;720575941438438930;720575941536577880,25;34,19;38,25,19
banc-path-1277,720575941459103391,DNg79,left,720575941542454876,LF,flex_femur_tibia_joint,2,720575941459103391;720575941560610575;720575941542454876,24;35,19;33,24,19
banc-path-1278,720575941467350237,DNg79,right,720575941593715569,RF,move_coxa_posterior_lateral,2,720575941467350237;720575941414508948;720575941593715569,27;19,28;21,19,21
banc-path-1279,720575941480554370,DNg79,right,720575941415020572,LH,pull_long_tendon,2,720575941480554370;720575941414508948;720575941415020572,19;19,21;21,19,21
banc-path-1280,720575941480554370,DNg79,right,720575941468687581,LM,extend_femur_tibia_joint,2,720575941480554370;720575941414508948;720575941468687581,19;78,21;81,19,21
banc-path-1281,720575941480554370,DNg79,right,720575941468774667,LH,flex_coxa_trochanter_joint,2,720575941480554370;720575941414508948;720575941468774667,19;23,21;29,19,21
banc-path-1282,720575941480554370,DNg79,right,720575941471300448,LM,unknown_leg_movement,2,720575941480554370;720575941414508948;720575941471300448,19;43,21;49,19,21
banc-path-1283,720575941480554370,DNg79,right,720575941471839296,LH,extend_femur_tibia_joint,2,720575941480554370;720575941414508948;720575941471839296,19;103,21;122,19,21
banc-path-1284,720575941480554370,DNg79,right,720575941497863497,LM,extend_femur_tibia_joint,2,720575941480554370;720575941414508948;720575941497863497,19;44,21;50,19,21
banc-path-1285,720575941491012809,MDN,left,720575941521271475,RH,flex_femur_tibia_joint,2,720575941491012809;720575941480974048;720575941521271475,36;19,34;21,19,21
banc-path-1286,720575941502628695,DNp15,right,720575941488644300,RH,extend_coxa_trochanter_joint,2,720575941502628695;720575941534136298;720575941488644300,19;35,21;42,19,21
banc-path-1287,720575941502628695,DNp15,right,720575941525308582,RH,extend_femur_tibia_joint,2,720575941502628695;720575941534136298;720575941525308582,19;19,21;26,19,21
banc-path-1288,720575941504703938,DNb02,left,720575941454495145,LH,unknown_leg_movement,2,720575941504703938;720575941595827158;720575941454495145,34;19,41;20,19,20
banc-path-1289,720575941528667814,DNp05,right,720575941627566474,RH,flex_femur_tibia_joint,2,720575941528667814;720575941462656979;720575941627566474,46;19,44;21,19,21
banc-path-1290,720575941534881368,DNb08,left,720575941488287797,RF,extend_femur_tibia_joint,2,720575941534881368;720575941401814307;720575941488287797,20;19,21;20,19,20
banc-path-1291,720575941535097578,DNge012,right,720575941524746573,LF,flex_coxa_trochanter_joint,2,720575941535097578;720575941541480573;720575941524746573,47;19,52;23,19,23
banc-path-1292,720575941536301288,DNb02,right,720575941353301552,RF,move_coxa_posterior,2,720575941536301288;720575941595517735;720575941353301552,19;29,25;33,19,25
banc-path-1293,720575941536301288,DNb02,right,720575941593715569,RF,move_coxa_posterior_lateral,2,720575941536301288;720575941595517735;720575941593715569,19;54,25;63,19,25
banc-path-1294,720575941545432425,DNb08,right,720575941454830131,LH,flex_femur_tibia_joint,2,720575941545432425;720575941470533131;720575941454830131,19;23,21;28,19,21
banc-path-1295,720575941550687805,DNge050,right,720575941633013484,RH,flex_femur_tibia_joint,2,720575941550687805;720575941639358837;720575941633013484,96;19,100;27,19,27
banc-path-1296,720575941552142727,DNa03,left,720575941494740094,LH,move_coxa_anterior,2,720575941552142727;720575941510475536;720575941494740094,133;19,149;24,19,24
banc-path-1297,720575941552142727,DNa03,left,720575941611945389,LH,move_coxa_medial,2,720575941552142727;720575941510475536;720575941611945389,133;19,149;30,19,30
banc-path-1298,720575941586099334,DNge012,right,720575941524746573,LF,flex_coxa_trochanter_joint,2,720575941586099334;720575941541480573;720575941524746573,20;19,23;23,19,23
banc-path-1299,720575941594716523,DNb06,left,720575941404729712,RM,flex_coxa_trochanter_joint,2,720575941594716523;720575941518867566;720575941404729712,19;198,21;201,19,21
banc-path-1300,720575941594716523,DNb06,left,720575941455787245,LF,move_coxa_anterior,2,720575941594716523;720575941441906779;720575941455787245,22;19,23;24,19,23
banc-path-1301,720575941594716523,DNb06,left,720575941459438224,RM,flex_coxa_trochanter_joint,2,720575941594716523;720575941518867566;720575941459438224,19;65,21;68,19,21
banc-path-1302,720575941402821923,DNp05,left,720575941434753568,RM,flex_femur_tibia_joint,2,720575941402821923;720575941472349536;720575941434753568,18;48,23;53,18,23
banc-path-1303,720575941402821923,DNp05,left,720575941474499377,RM,flex_femur_tibia_joint,2,720575941402821923;720575941472349536;720575941474499377,18;71,23;73,18,23
banc-path-1304,720575941439563583,DNge053,right,720575941528662438,LH,flex_femur_tibia_joint,2,720575941439563583;720575941593522283;720575941528662438,42;18,55;18,18,18
banc-path-1305,720575941447863316,DNb05,right,720575941470212471,RH,extend_femur_tibia_joint,2,720575941447863316;720575941515936505;720575941470212471,18;39,21;61,18,21
banc-path-1306,720575941447973140,DNb02,left,720575941402088304,LF,move_coxa_posterior,2,720575941447973140;720575941595827158;720575941402088304,38;18,47;20,18,20
banc-path-1307,720575941455714541,DNb02,right,720575941402088304,LF,move_coxa_posterior,2,720575941455714541;720575941448143541;720575941402088304,25;18,27;18,18,18
banc-path-1308,720575941459103391,DNg79,left,720575941415020572,LH,pull_long_tendon,2,720575941459103391;720575941414508948;720575941415020572,18;19,19;21,18,19
banc-path-1309,720575941459103391,DNg79,left,720575941468774667,LH,flex_coxa_trochanter_joint,2,720575941459103391;720575941414508948;720575941468774667,18;23,19;29,18,19
banc-path-1310,720575941459103391,DNg79,left,720575941471839296,LH,extend_femur_tibia_joint,2,720575941459103391;720575941414508948;720575941471839296,18;103,19;122,18,19
banc-path-1311,720575941467350237,DNg79,right,720575941536577880,RM,move_coxa_posterior,2,720575941467350237;720575941438438930;720575941536577880,18;34,21;38,18,21
banc-path-1312,720575941480554370,DNg79,right,720575941574355016,RH,move_coxa_anterior,2,720575941480554370;720575941515936505;720575941574355016,23;18,32;20,18,20
banc-path-1313,720575941486612034,DNa03,right,720575941595712448,RF,move_coxa_posterior,2,720575941486612034;720575941578803025;720575941595712448,112;18,112;19,18,19
banc-path-1314,720575941499708745,MDN,right,720575941470082423,RM,extend_coxa_trochanter_joint,2,720575941499708745;720575941471130231;720575941470082423,26;18,34;21,18,21
banc-path-1315,720575941499708745,MDN,right,720575941517661356,LM,pull_long_tendon,2,720575941499708745;720575941471130231;720575941517661356,26;18,34;20,18,20
banc-path-1316,720575941499708745,MDN,right,720575941556144100,LM,move_coxa_posterior,2,720575941499708745;720575941471130231;720575941556144100,26;18,34;22,18,22
banc-path-1317,720575941504703938,DNb02,left,720575941402088304,LF,move_coxa_posterior,2,720575941504703938;720575941595827158;720575941402088304,34;18,41;20,18,20
banc-path-1318,720575941534881368,DNb08,left,720575941525308582,RH,extend_femur_tibia_joint,2,720575941534881368;720575941401814307;720575941525308582,20;18,21;35,18,21
banc-path-1319,720575941534881368,DNb08,left,720575941595712448,RF,move_coxa_posterior,2,720575941534881368;720575941542421340;720575941595712448,36;20,36;18,20,18
banc-path-1320,720575941535862506,DNa01,left,720575941593843589,RF,extend_coxa_trochanter_joint,2,720575941535862506;720575941639868277;720575941593843589,18;36,18;32,18,18
banc-path-1321,720575941545991429,DNp07,right,720575941574355016,RH,move_coxa_anterior,2,720575941545991429;720575941515936505;720575941574355016,30;18,29;20,18,20
banc-path-1322,720575941552142727,DNa03,left,720575941455787245,LF,move_coxa_anterior,2,720575941552142727;720575941510475536;720575941455787245,133;18,149;20,18,20
banc-path-1323,720575941554952858,DNge053,left,720575941528662438,LH,flex_femur_tibia_joint,2,720575941554952858;720575941593522283;720575941528662438,39;18,44;18,18,18
banc-path-1324,720575941574790664,DNge078,left,720575941455787245,LF,move_coxa_anterior,2,720575941574790664;720575941644727713;720575941455787245,18;217,18;216,18,18
banc-path-1325,720575941574790664,DNge078,left,720575941498960546,LF,move_coxa_anterior,2,720575941574790664;720575941644727713;720575941498960546,18;102,18;103,18,18
banc-path-1326,720575941574790664,DNge078,left,720575941506261538,LF,move_coxa_anterior,2,720575941574790664;720575941644727713;720575941506261538,18;82,18;87,18,18
banc-path-1327,720575941595517735,DNg75,left,720575941455787245,LF,move_coxa_anterior,2,720575941595517735;720575941510475536;720575941455787245,47;18,52;20,18,20
banc-path-1328,720575941595517735,DNg75,left,720575941668683687,LF,move_coxa_anterior,2,720575941595517735;720575941632049132;720575941668683687,37;18,39;20,18,20
banc-path-1329,720575941614906387,MDN,right,720575941470082423,RM,extend_coxa_trochanter_joint,2,720575941614906387;720575941471130231;720575941470082423,31;18,30;21,18,21
banc-path-1330,720575941614906387,MDN,right,720575941517661356,LM,pull_long_tendon,2,720575941614906387;720575941471130231;720575941517661356,31;18,30;20,18,20
banc-path-1331,720575941614906387,MDN,right,720575941556144100,LM,move_coxa_posterior,2,720575941614906387;720575941471130231;720575941556144100,31;18,30;22,18,22
banc-path-1332,720575941663497084,DNa11,left,720575941525308582,RH,extend_femur_tibia_joint,2,720575941663497084;720575941401814307;720575941525308582,37;18,49;35,18,35
banc-path-1333,720575941724184890,DNb08,left,720575941595712448,RF,move_coxa_posterior,2,720575941724184890;720575941542421340;720575941595712448,34;20,34;18,20,18
banc-path-1334,720575941439563583,DNge053,right,720575941521190835,LH,flex_femur_tibia_joint,2,720575941439563583;720575941508609665;720575941521190835,38;17,48;18,17,18
banc-path-1335,720575941439563583,DNge053,right,720575941623218172,RF,flex_femur_tibia_joint,2,720575941439563583;720575941612504297;720575941623218172,79;17,89;18,17,18
banc-path-1336,720575941447973140,DNb02,left,720575941568355066,RM,move_coxa_anterior,2,720575941447973140;720575941526955266;720575941568355066,51;17,59;20,17,20
banc-path-1337,720575941459103391,DNg79,left,720575941432965902,RM,extend_femur_tibia_joint,2,720575941459103391;720575941515936505;720575941432965902,17;94,21;92,17,21
banc-path-1338,720575941459103391,DNg79,left,720575941470212471,RH,extend_femur_tibia_joint,2,720575941459103391;720575941515936505;720575941470212471,17;39,21;61,17,21
banc-path-1339,720575941459103391,DNg79,left,720575941478187841,RM,extend_femur_tibia_joint,2,720575941459103391;720575941515936505;720575941478187841,17;61,21;72,17,21
banc-path-1340,720575941459103391,DNg79,left,720575941488644300,RH,extend_coxa_trochanter_joint,2,720575941459103391;720575941515936505;720575941488644300,17;27,21;36,17,21
banc-path-1341,720575941459103391,DNg79,left,720575941574355016,RH,move_coxa_anterior,2,720575941459103391;720575941515936505;720575941574355016,17;18,21;20,17,20
banc-path-1342,720575941467350237,DNg79,right,720575941478281440,RF,extend_coxa_trochanter_joint,2,720575941467350237;720575941410062703;720575941478281440,17;41,20;55,17,20
banc-path-1343,720575941494960254,DNg79,left,720575941432965902,RM,extend_femur_tibia_joint,2,720575941494960254;720575941469724125;720575941432965902,17;26,19;23,17,19
banc-path-1344,720575941494960254,DNg79,left,720575941451840425,RH,flex_coxa_trochanter_joint,2,720575941494960254;720575941469724125;720575941451840425,17;25,19;38,17,19
banc-path-1345,720575941494960254,DNg79,left,720575941470212471,RH,extend_femur_tibia_joint,2,720575941494960254;720575941469724125;720575941470212471,17;37,19;49,17,19
banc-path-1346,720575941494960254,DNg79,left,720575941478187841,RM,extend_femur_tibia_joint,2,720575941494960254;720575941469724125;720575941478187841,17;31,19;36,17,19
banc-path-1347,720575941494960254,DNg79,left,720575941486583046,RH,pull_long_tendon,2,720575941494960254;720575941469724125;720575941486583046,17;37,19;45,17,19
banc-path-1348,720575941494960254,DNg79,left,720575941505580066,RM,unknown_leg_movement,2,720575941494960254;720575941469724125;720575941505580066,17;27,19;27,17,19
banc-path-1349,720575941504703938,DNb02,left,720575941568355066,RM,move_coxa_anterior,2,720575941504703938;720575941526955266;720575941568355066,50;17,62;20,17,20
banc-path-1350,720575941520203436,DNp17,left,720575941502849623,LH,extend_coxa_trochanter_joint,2,720575941520203436;720575941611652371;720575941502849623,19;24,17;23,19,17
banc-path-1351,720575941536048321,DNge078,right,720575941428654255,RF,move_coxa_anterior,2,720575941536048321;720575941445141012;720575941428654255,18;24,17;29,18,17
banc-path-1352,720575941536301288,DNb02,right,720575941636735861,RF,move_coxa_posterior,2,720575941536301288;720575941595517735;720575941636735861,19;17,25;19,17,19
banc-path-1353,720575941550687805,DNge050,right,720575941353301552,RF,move_coxa_posterior,2,720575941550687805;720575941558334244;720575941353301552,17;20,18;23,17,18
banc-path-1354,720575941550687805,DNge050,right,720575941559978797,RF,move_coxa_posterior,2,720575941550687805;720575941558334244;720575941559978797,17;19,18;20,17,18
banc-path-1355,720575941550687805,DNge050,right,720575941593715569,RF,move_coxa_posterior_lateral,2,720575941550687805;720575941558334244;720575941593715569,17;127,18;129,17,18
banc-path-1356,720575941552142727,DNa03,left,720575941531923147,LF,move_coxa_anterior,2,720575941552142727;720575941510475536;720575941531923147,133;19,149;17,19,17
banc-path-1357,720575941552142727,DNa03,left,720575941636735861,RF,move_coxa_posterior,2,720575941552142727;720575941595517735;720575941636735861,25;17,27;19,17,19
banc-path-1358,720575941554952858,DNge053,left,720575941521190835,LH,flex_femur_tibia_joint,2,720575941554952858;720575941508609665;720575941521190835,72;17,82;18,17,18
banc-path-1359,720575941554952858,DNge053,left,720575941623218172,RF,flex_femur_tibia_joint,2,720575941554952858;720575941612504297;720575941623218172,31;17,40;18,17,18
banc-path-1360,720575941559874831,DNp04,right,720575941399414563,RF,flex_coxa_trochanter_joint,2,720575941559874831;720575941667123121;720575941399414563,18;17,17;22,17,17
banc-path-1361,720575941559874831,DNp04,right,720575941623218172,RF,flex_femur_tibia_joint,2,720575941559874831;720575941612504297;720575941623218172,74;17,78;18,17,18
banc-path-1362,720575941583264121,DNp04,left,720575941353301552,RF,move_coxa_posterior,2,720575941583264121;720575941646678984;720575941353301552,22;28,17;22,22,17
banc-path-1363,720575941583264121,DNp04,left,720575941399414563,RF,flex_coxa_trochanter_joint,2,720575941583264121;720575941646678984;720575941399414563,22;21,17;21,21,17
banc-path-1364,720575941583264121,DNp04,left,720575941431976718,RH,unknown_leg_movement,2,720575941583264121;720575941646678984;720575941431976718,22;27,17;33,22,17
banc-path-1365,720575941583264121,DNp04,left,720575941448798133,RF,unknown_leg_movement,2,720575941583264121;720575941646678984;720575941448798133,22;20,17;20,20,17
banc-path-1366,720575941583264121,DNp04,left,720575941470212471,RH,extend_femur_tibia_joint,2,720575941583264121;720575941646678984;720575941470212471,22;26,17;37,22,17
banc-path-1367,720575941583264121,DNp04,left,720575941525308582,RH,extend_femur_tibia_joint,2,720575941583264121;720575941646678984;720575941525308582,22;19,17;27,19,17
banc-path-1368,720575941724184890,DNb08,left,720575941511197516,RF,pull_long_tendon,2,720575941724184890;720575941626175643;720575941511197516,23;17,30;19,17,19
banc-path-1369,720575941724184890,DNb08,left,720575941564818688,RF,flex_coxa_trochanter_joint,2,720575941724184890;720575941626175643;720575941564818688,23;17,30;20,17,20
banc-path-1370,720575941432123640,DNa01,right,720575941720479034,LF,extend_coxa_trochanter_joint,2,720575941432123640;720575941616501205;720575941720479034,22;21,24;16,21,16
banc-path-1371,720575941439563583,DNge053,right,720575941408338862,LF,extend_coxa_trochanter_joint,2,720575941439563583;720575941439191637;720575941408338862,16;36,18;35,16,18
banc-path-1372,720575941439563583,DNge053,right,720575941461333648,LF,extend_coxa_trochanter_joint,2,720575941439563583;720575941439191637;720575941461333648,16;116,18;120,16,18
banc-path-1373,720575941439563583,DNge053,right,720575941516874094,LF,extend_coxa_trochanter_joint,2,720575941439563583;720575941439191637;720575941516874094,16;112,18;109,16,18
banc-path-1374,720575941455714541,DNb02,right,720575941353301552,RF,move_coxa_posterior,2,720575941455714541;720575941595517735;720575941353301552,16;29,18;33,16,18
banc-path-1375,720575941455714541,DNb02,right,720575941593715569,RF,move_coxa_posterior_lateral,2,720575941455714541;720575941595517735;720575941593715569,16;54,18;63,16,18
banc-path-1376,720575941455714541,DNb02,right,720575941636735861,RF,move_coxa_posterior,2,720575941455714541;720575941595517735;720575941636735861,16;17,18;19,16,18
banc-path-1377,720575941486612034,DNa03,right,720575941402088304,LF,move_coxa_posterior,2,720575941486612034;720575941595827158;720575941402088304,16;18,24;20,16,20
banc-path-1378,720575941486612034,DNa03,right,720575941454495145,LH,unknown_leg_movement,2,720575941486612034;720575941595827158;720575941454495145,16;19,24;20,16,20
banc-path-1379,720575941486612034,DNa03,right,720575941548546696,LF,move_coxa_posterior_lateral,2,720575941486612034;720575941595827158;720575941548546696,16;29,24;28,16,24
banc-path-1380,720575941486612034,DNa03,right,720575941611945389,LH,move_coxa_medial,2,720575941486612034;720575941595827158;720575941611945389,16;25,24;23,16,23
banc-path-1381,720575941491012809,MDN,left,720575941451840425,RH,flex_coxa_trochanter_joint,2,720575941491012809;720575941480974048;720575941451840425,36;16,34;20,16,20
banc-path-1382,720575941526946562,DNa11,right,720575941497881417,LM,flex_femur_tibia_joint,2,720575941526946562;720575941655506644;720575941497881417,19;16,18;21,16,18
banc-path-1383,720575941534881368,DNb08,left,720575941505891422,RM,flex_femur_tibia_joint,2,720575941534881368;720575941626175643;720575941505891422,20;17,21;16,17,16
banc-path-1384,720575941535862506,DNa01,left,720575941411709073,RF,extend_coxa_trochanter_joint,2,720575941535862506;720575941472141610;720575941411709073,16;29,16;28,16,16
banc-path-1385,720575941535862506,DNa01,left,720575941508453761,RF,extend_coxa_trochanter_joint,2,720575941535862506;720575941472141610;720575941508453761,16;44,16;47,16,16
banc-path-1386,720575941535862506,DNa01,left,720575941538082453,RH,flex_femur_tibia_joint,2,720575941535862506;720575941483091139;720575941538082453,115;16,139;19,16,19
banc-path-1387,720575941550687805,DNge050,right,720575941470212471,RH,extend_femur_tibia_joint,2,720575941550687805;720575941575416975;720575941470212471,16;16,17;20,16,17
banc-path-1388,720575941550687805,DNge050,right,720575941498748489,RH,move_coxa_posterior,2,720575941550687805;720575941575416975;720575941498748489,16;16,17;20,16,17
banc-path-1389,720575941572669342,DNb06,right,720575941549456673,LH,pull_long_tendon,2,720575941572669342;720575941643468645;720575941549456673,77;16,80;19,16,19
banc-path-1390,720575941594716523,DNb06,left,720575941506261538,LF,move_coxa_anterior,2,720575941594716523;720575941441906779;720575941506261538,22;16,23;20,16,20
banc-path-1391,720575941704434394,DNg62,left,720575941498960546,LF,move_coxa_anterior,2,720575941704434394;720575941550687805;720575941498960546,25;18,30;16,18,16
banc-path-1392,720575941724184890,DNb08,left,720575941505891422,RM,flex_femur_tibia_joint,2,720575941724184890;720575941626175643;720575941505891422,23;17,30;16,17,16
banc-path-1393,720575941401814307,DNge050,left,720575941468774667,LH,flex_coxa_trochanter_joint,2,720575941401814307;720575941611970477;720575941468774667,58;15,65;18,15,18
banc-path-1394,720575941439563583,DNge053,right,720575941528662438,LH,flex_femur_tibia_joint,2,720575941439563583;720575941508609665;720575941528662438,38;15,48;23,15,23
banc-path-1395,720575941447973140,DNb02,left,720575941494963582,LM,unknown_leg_movement,2,720575941447973140;720575941595827158;720575941494963582,38;15,47;19,15,19
banc-path-1396,720575941467350237,DNg79,right,720575941432965902,RM,extend_femur_tibia_joint,2,720575941467350237;720575941469724125;720575941432965902,15;26,17;23,15,17
banc-path-1397,720575941467350237,DNg79,right,720575941451840425,RH,flex_coxa_trochanter_joint,2,720575941467350237;720575941469724125;720575941451840425,15;25,17;38,15,17
banc-path-1398,720575941467350237,DNg79,right,720575941470212471,RH,extend_femur_tibia_joint,2,720575941467350237;720575941469724125;720575941470212471,15;37,17;49,15,17
banc-path-1399,720575941467350237,DNg79,right,720575941478187841,RM,extend_femur_tibia_joint,2,720575941467350237;720575941469724125;720575941478187841,15;31,17;36,15,17
banc-path-1400,720575941467350237,DNg79,right,720575941486583046,RH,pull_long_tendon,2,720575941467350237;720575941469724125;720575941486583046,15;37,17;45,15,17
banc-path-1401,720575941486612034,DNa03,right,720575941494963582,LM,unknown_leg_movement,2,720575941486612034;720575941595827158;720575941494963582,16;15,24;19,15,19
banc-path-1402,720575941499708745,MDN,right,720575941410034859,RH,flex_femur_tibia_joint,2,720575941499708745;720575941669107187;720575941410034859,15;26,26;37,15,26
banc-path-1403,720575941499708745,MDN,right,720575941447103669,RH,pull_long_tendon,2,720575941499708745;720575941669107187;720575941447103669,15;21,26;30,15,26
banc-path-1404,720575941499708745,MDN,right,720575941521271475,RH,flex_femur_tibia_joint,2,720575941499708745;720575941669107187;720575941521271475,15;57,26;70,15,26
banc-path-1405,720575941502628695,DNp15,right,720575941353301552,RF,move_coxa_posterior,2,720575941502628695;720575941496314697;720575941353301552,15;275,15;275,15,15
banc-path-1406,720575941502628695,DNp15,right,720575941559978797,RF,move_coxa_posterior,2,720575941502628695;720575941496314697;720575941559978797,15;38,15;36,15,15
banc-path-1407,720575941502628695,DNp15,right,720575941593715569,RF,move_coxa_posterior_lateral,2,720575941502628695;720575941496314697;720575941593715569,15;369,15;375,15,15
banc-path-1408,720575941504703938,DNb02,left,720575941494963582,LM,unknown_leg_movement,2,720575941504703938;720575941595827158;720575941494963582,34;15,41;19,15,19
banc-path-1409,720575941526946562,DNa11,right,720575941494963582,LM,unknown_leg_movement,2,720575941526946562;720575941595827158;720575941494963582,107;15,128;19,15,19
banc-path-1410,720575941534881368,DNb08,left,720575941491293415,RM,move_coxa_posterior,2,720575941534881368;720575941626175643;720575941491293415,20;15,21;15,15,15
banc-path-1411,720575941536353880,DNp42,left,720575941353301552,RF,move_coxa_posterior,2,720575941536353880;720575941480799395;720575941353301552,15;125,25;130,15,25
banc-path-1412,720575941536353880,DNp42,left,720575941399414563,RF,flex_coxa_trochanter_joint,2,720575941536353880;720575941480799395;720575941399414563,15;62,25;57,15,25
banc-path-1413,720575941536353880,DNp42,left,720575941448798133,RF,unknown_leg_movement,2,720575941536353880;720575941480799395;720575941448798133,15;41,25;42,15,25
banc-path-1414,720575941554952858,DNge053,left,720575941528662438,LH,flex_femur_tibia_joint,2,720575941554952858;720575941508609665;720575941528662438,72;15,82;23,15,23
banc-path-1415,720575941559874831,DNp04,right,720575941447103669,RH,pull_long_tendon,2,720575941559874831;720575941514638179;720575941447103669,15;16,15;17,15,15
banc-path-1416,720575941559874831,DNp04,right,720575941505568069,RF,flex_coxa_trochanter_joint,2,720575941559874831;720575941667123121;720575941505568069,18;15,17;19,15,17
banc-path-1417,720575941559874831,DNp04,right,720575941525308582,RH,extend_femur_tibia_joint,2,720575941559874831;720575941514638179;720575941525308582,15;15,15;16,15,15
banc-path-1418,720575941586099334,DNge012,right,720575941431160824,LH,flex_femur_tibia_joint,2,720575941586099334;720575941521274551;720575941431160824,15;25,19;31,15,19
banc-path-1419,720575941586099334,DNge012,right,720575941454830131,LH,flex_femur_tibia_joint,2,720575941586099334;720575941521274551;720575941454830131,15;26,19;35,15,19
banc-path-1420,720575941586099334,DNge012,right,720575941487752144,LH,flex_femur_tibia_joint,2,720575941586099334;720575941521274551;720575941487752144,15;33,19;45,15,19
banc-path-1421,720575941586099334,DNge012,right,720575941497881417,LM,flex_femur_tibia_joint,2,720575941586099334;720575941521274551;720575941497881417,15;16,19;16,15,16
banc-path-1422,720575941586099334,DNge012,right,720575941519664856,LM,move_coxa_anterior,2,720575941586099334;720575941521274551;720575941519664856,15;27,19;29,15,19
banc-path-1423,720575941594716523,DNb06,left,720575941461333648,LF,extend_coxa_trochanter_joint,2,720575941594716523;720575941565099623;720575941461333648,15;37,20;38,15,20
banc-path-1424,720575941724184890,DNb08,left,720575941431976718,RH,unknown_leg_movement,2,720575941724184890;720575941401814307;720575941431976718,15;22,17;32,15,17
banc-path-1425,720575941724184890,DNb08,left,720575941478187841,RM,extend_femur_tibia_joint,2,720575941724184890;720575941401814307;720575941478187841,15;23,17;24,15,17
banc-path-1426,720575941724184890,DNb08,left,720575941491293415,RM,move_coxa_posterior,2,720575941724184890;720575941626175643;720575941491293415,23;15,30;15,15,15
banc-path-1427,720575941724184890,DNb08,left,720575941525308582,RH,extend_femur_tibia_joint,2,720575941724184890;720575941401814307;720575941525308582,15;18,17;35,15,17
banc-path-1428,720575941401814307,DNge050,left,720575941471839296,LH,extend_femur_tibia_joint,2,720575941401814307;720575941535190499;720575941471839296,14;19,19;22,14,19
banc-path-1429,720575941401814307,DNge050,left,720575941645259128,LM,move_coxa_posterior,2,720575941401814307;720575941611970477;720575941645259128,58;14,65;16,14,16
banc-path-1430,720575941402821923,DNp05,left,720575941538082453,RH,flex_femur_tibia_joint,2,720575941402821923;720575941551947263;720575941538082453,43;14,44;19,14,19
banc-path-1431,720575941415598737,DNb08,right,720575941503422187,RH,move_coxa_medial,2,720575941415598737;720575941595441285;720575941503422187,14;18,18;21,14,18
banc-path-1432,720575941439563583,DNge053,right,720575941547393825,RF,flex_femur_tibia_joint,2,720575941439563583;720575941612504297;720575941547393825,79;14,89;15,14,15
banc-path-1433,720575941439563583,DNge053,right,720575941630145989,RH,flex_femur_tibia_joint,2,720575941439563583;720575941612504297;720575941630145989,79;14,89;17,14,17
banc-path-1434,720575941447973140,DNb02,left,720575941414478484,LH,unknown_leg_movement,2,720575941447973140;720575941595827158;720575941414478484,38;14,47;16,14,16
banc-path-1435,720575941447973140,DNb02,left,720575941684824815,LM,move_coxa_posterior,2,720575941447973140;720575941595827158;720575941684824815,38;14,47;15,14,15
banc-path-1436,720575941455714541,DNb02,right,720575941491293415,RM,move_coxa_posterior,2,720575941455714541;720575941595517735;720575941491293415,16;14,18;14,14,14
banc-path-1437,720575941486612034,DNa03,right,720575941414478484,LH,unknown_leg_movement,2,720575941486612034;720575941595827158;720575941414478484,16;14,24;16,14,16
banc-path-1438,720575941486612034,DNa03,right,720575941684824815,LM,move_coxa_posterior,2,720575941486612034;720575941595827158;720575941684824815,16;14,24;15,14,15
banc-path-1439,720575941502628695,DNp15,right,720575941534943937,RM,extend_coxa_trochanter_joint,2,720575941502628695;720575941609001034;720575941534943937,21;14,29;16,14,16
banc-path-1440,720575941502628695,DNp15,right,720575941679001021,LH,move_coxa_posterior,2,720575941502628695;720575941564573287;720575941679001021,48;14,54;14,14,14
banc-path-1441,720575941504703938,DNb02,left,720575941414478484,LH,unknown_leg_movement,2,720575941504703938;720575941595827158;720575941414478484,34;14,41;16,14,16
banc-path-1442,720575941504703938,DNb02,left,720575941684824815,LM,move_coxa_posterior,2,720575941504703938;720575941595827158;720575941684824815,34;14,41;15,14,15
banc-path-1443,720575941534222770,DNp15,left,720575941633243067,RH,move_coxa_posterior,2,720575941534222770;720575941519278040;720575941633243067,16;14,21;21,14,21
banc-path-1444,720575941534881368,DNb08,left,720575941410034859,RH,flex_femur_tibia_joint,2,720575941534881368;720575941438841435;720575941410034859,14;23,17;26,14,17
banc-path-1445,720575941534881368,DNb08,left,720575941538992021,LH,move_coxa_anterior,2,720575941534881368;720575941526681933;720575941538992021,14;18,15;25,14,15
banc-path-1446,720575941534881368,DNb08,left,720575941611945389,LH,move_coxa_medial,2,720575941534881368;720575941526681933;720575941611945389,14;18,15;22,14,15
banc-path-1447,720575941536301288,DNb02,right,720575941491293415,RM,move_coxa_posterior,2,720575941536301288;720575941595517735;720575941491293415,19;14,25;14,14,14
banc-path-1448,720575941552142727,DNa03,left,720575941491293415,RM,move_coxa_posterior,2,720575941552142727;720575941595517735;720575941491293415,25;14,27;14,14,14
banc-path-1449,720575941554952858,DNge053,left,720575941547393825,RF,flex_femur_tibia_joint,2,720575941554952858;720575941612504297;720575941547393825,31;14,40;15,14,15
banc-path-1450,720575941554952858,DNge053,left,720575941630145989,RH,flex_femur_tibia_joint,2,720575941554952858;720575941612504297;720575941630145989,31;14,40;17,14,17
banc-path-1451,720575941559874831,DNp04,right,720575941630145989,RH,flex_femur_tibia_joint,2,720575941559874831;720575941612504297;720575941630145989,74;14,78;17,14,17
banc-path-1452,720575941663497084,DNa11,left,720575941491293415,RM,move_coxa_posterior,2,720575941663497084;720575941595517735;720575941491293415,94;14,123;14,14,14
banc-path-1453,720575941724184890,DNb08,left,720575941538992021,LH,move_coxa_anterior,2,720575941724184890;720575941526681933;720575941538992021,14;18,14;25,14,14
banc-path-1454,720575941724184890,DNb08,left,720575941611945389,LH,move_coxa_medial,2,720575941724184890;720575941526681933;720575941611945389,14;18,14;22,14,14
banc-path-1455,720575941401814307,DNge050,left,720575941402088304,LF,move_coxa_posterior,2,720575941401814307;720575941441888719;720575941402088304,13;23,14;25,13,14
banc-path-1456,720575941401814307,DNge050,left,720575941494164864,LF,move_coxa_posterior_lateral,2,720575941401814307;720575941441888719;720575941494164864,13;37,14;34,13,14
banc-path-1457,720575941401814307,DNge050,left,720575941497568199,LF,flex_femur_tibia_joint,2,720575941401814307;720575941441888719;720575941497568199,13;21,14;24,13,14
banc-path-1458,720575941402821923,DNp05,left,720575941451840425,RH,flex_coxa_trochanter_joint,2,720575941402821923;720575941551947263;720575941451840425,43;13,44;24,13,24
banc-path-1459,720575941402821923,DNp05,left,720575941504396567,RF,flex_coxa_trochanter_joint,2,720575941402821923;720575941524912461;720575941504396567,13;32,16;40,13,16
banc-path-1460,720575941402821923,DNp05,left,720575941511197516,RF,pull_long_tendon,2,720575941402821923;720575941524912461;720575941511197516,13;16,16;19,13,16
banc-path-1461,720575941402821923,DNp05,left,720575941547393825,RF,flex_femur_tibia_joint,2,720575941402821923;720575941524912461;720575941547393825,13;15,16;16,13,16
banc-path-1462,720575941415598737,DNb08,right,720575941538082453,RH,flex_femur_tibia_joint,2,720575941415598737;720575941586471646;720575941538082453,14;17,13;23,14,13
banc-path-1463,720575941415598737,DNb08,right,720575941574355016,RH,move_coxa_anterior,2,720575941415598737;720575941586471646;720575941574355016,14;41,13;54,14,13
banc-path-1464,720575941432123640,DNa01,right,720575941402088304,LF,move_coxa_posterior,2,720575941432123640;720575941436657038;720575941402088304,13;36,20;40,13,20
banc-path-1465,720575941491012809,MDN,left,720575941516874094,LF,extend_coxa_trochanter_joint,2,720575941491012809;720575941543607740;720575941516874094,16;23,13;20,16,13
banc-path-1466,720575941535862506,DNa01,left,720575941627566474,RH,flex_femur_tibia_joint,2,720575941535862506;720575941483091139;720575941627566474,115;13,139;25,13,25
banc-path-1467,720575941545432425,DNb08,right,720575941538082453,RH,flex_femur_tibia_joint,2,720575941545432425;720575941586471646;720575941538082453,13;17,13;23,13,13
banc-path-1468,720575941545432425,DNb08,right,720575941574355016,RH,move_coxa_anterior,2,720575941545432425;720575941586471646;720575941574355016,13;41,13;54,13,13
banc-path-1469,720575941545432425,DNb08,right,720575941627566474,RH,flex_femur_tibia_joint,2,720575941545432425;720575941586471646;720575941627566474,13;13,13;16,13,13
banc-path-1470,720575941586099334,DNge012,right,720575941447103669,RH,pull_long_tendon,2,720575941586099334;720575941551947263;720575941447103669,13;20,13;31,13,13
banc-path-1471,720575941586099334,DNge012,right,720575941451840425,RH,flex_coxa_trochanter_joint,2,720575941586099334;720575941551947263;720575941451840425,13;13,13;24,13,13
banc-path-1472,720575941586099334,DNge012,right,720575941538082453,RH,flex_femur_tibia_joint,2,720575941586099334;720575941551947263;720575941538082453,13;14,13;19,13,13
banc-path-1473,720575941586099334,DNge012,right,720575941558861839,LM,move_coxa_anterior,2,720575941586099334;720575941551947263;720575941558861839,13;16,13;19,13,13
banc-path-1474,720575941594716523,DNb06,left,720575941488644300,RH,extend_coxa_trochanter_joint,2,720575941594716523;720575941534136298;720575941488644300,13;35,19;42,13,19
banc-path-1475,720575941594716523,DNb06,left,720575941525308582,RH,extend_femur_tibia_joint,2,720575941594716523;720575941534136298;720575941525308582,13;19,19;26,13,19
banc-path-1476,720575941704434394,DNg62,left,720575941471839296,LH,extend_femur_tibia_joint,2,720575941704434394;720575941550687805;720575941471839296,25;15,30;13,15,13
banc-path-1477,720575941704434394,DNg62,left,720575941519664856,LM,move_coxa_anterior,2,720575941704434394;720575941550687805;720575941519664856,25;17,30;13,17,13
banc-path-1478,720575941724184890,DNb08,left,720575941623920586,RH,extend_coxa_trochanter_joint,2,720575941724184890;720575941576547176;720575941623920586,25;13,24;14,13,14
banc-path-1479,720575941401814307,DNge050,left,720575941494963582,LM,unknown_leg_movement,2,720575941401814307;720575941595827158;720575941494963582,12;15,15;19,12,15
banc-path-1480,720575941401814307,DNge050,left,720575941684824815,LM,move_coxa_posterior,2,720575941401814307;720575941595827158;720575941684824815,12;14,15;15,12,15
banc-path-1481,720575941439563583,DNge053,right,720575941478281440,RF,extend_coxa_trochanter_joint,2,720575941439563583;720575941612504297;720575941478281440,79;14,89;12,14,12
banc-path-1482,720575941447973140,DNb02,left,720575941562150568,RH,move_coxa_posterior,2,720575941447973140;720575941731613483;720575941562150568,15;12,15;17,12,15
banc-path-1483,720575941455714541,DNb02,right,720575941524856164,RH,unknown_leg_movement,2,720575941455714541;720575941595517735;720575941524856164,16;12,18;15,12,15
banc-path-1484,720575941491012809,MDN,left,720575941517661356,LM,pull_long_tendon,2,720575941491012809;720575941471130231;720575941517661356,12;18,12;20,12,12
banc-path-1485,720575941491012809,MDN,left,720575941556144100,LM,move_coxa_posterior,2,720575941491012809;720575941471130231;720575941556144100,12;18,12;22,12,12
banc-path-1486,720575941491012809,MDN,left,720575941568553330,LM,extend_coxa_trochanter_joint,2,720575941491012809;720575941543607740;720575941568553330,16;12,13;17,12,13
banc-path-1487,720575941491065653,MDN,left,720575941568553330,LM,extend_coxa_trochanter_joint,2,720575941491065653;720575941543607740;720575941568553330,20;12,24;17,12,17
banc-path-1488,720575941499708745,MDN,right,720575941534943937,RM,extend_coxa_trochanter_joint,2,720575941499708745;720575941471130231;720575941534943937,26;13,34;12,13,12
banc-path-1489,720575941502628695,DNp15,right,720575941568355066,RM,move_coxa_anterior,2,720575941502628695;720575941526955266;720575941568355066,12;17,21;20,12,20
banc-path-1490,720575941502628695,DNp15,right,720575941595299111,LH,unknown_leg_movement,2,720575941502628695;720575941564573287;720575941595299111,48;12,54;12,12,12
banc-path-1491,720575941520203436,DNp17,left,720575941526615554,LH,flex_femur_tibia_joint,2,720575941520203436;720575941611652371;720575941526615554,19;13,17;12,13,12
banc-path-1492,720575941534222770,DNp15,left,720575941593715569,RF,move_coxa_posterior_lateral,2,720575941534222770;720575941520337655;720575941593715569,49;12,54;13,12,13
banc-path-1493,720575941534881368,DNb08,left,720575941612256476,LH,flex_femur_tibia_joint,2,720575941534881368;720575941526681933;720575941612256476,14;12,15;12,12,12
banc-path-1494,720575941536048321,DNge078,right,720575941404729712,RM,flex_coxa_trochanter_joint,2,720575941536048321;720575941639358837;720575941404729712,12;16,13;19,12,13
banc-path-1495,720575941536048321,DNge078,right,720575941474499377,RM,flex_femur_tibia_joint,2,720575941536048321;720575941639358837;720575941474499377,12;13,13;14,12,13
banc-path-1496,720575941536048321,DNge078,right,720575941578439513,RH,flex_coxa_trochanter_joint,2,720575941536048321;720575941639358837;720575941578439513,12;15,13;22,12,13
banc-path-1497,720575941536048321,DNge078,right,720575941594091397,RM,flex_coxa_trochanter_joint,2,720575941536048321;720575941639358837;720575941594091397,12;16,13;19,12,13
banc-path-1498,720575941536048321,DNge078,right,720575941633013484,RH,flex_femur_tibia_joint,2,720575941536048321;720575941639358837;720575941633013484,12;19,13;27,12,13
banc-path-1499,720575941536301288,DNb02,right,720575941524856164,RH,unknown_leg_movement,2,720575941536301288;720575941595517735;720575941524856164,19;12,25;15,12,15
banc-path-1500,720575941552142727,DNa03,left,720575941524856164,RH,unknown_leg_movement,2,720575941552142727;720575941595517735;720575941524856164,25;12,27;15,12,15
banc-path-1501,720575941554952858,DNge053,left,720575941478281440,RF,extend_coxa_trochanter_joint,2,720575941554952858;720575941612504297;720575941478281440,31;14,40;12,14,12
banc-path-1502,720575941554952858,DNge053,left,720575941481179066,LF,flex_femur_tibia_joint,2,720575941554952858;720575941508609665;720575941481179066,72;12,82;15,12,15
banc-path-1503,720575941614906387,MDN,right,720575941534943937,RM,extend_coxa_trochanter_joint,2,720575941614906387;720575941471130231;720575941534943937,31;13,30;12,13,12
banc-path-1504,720575941663497084,DNa11,left,720575941524856164,RH,unknown_leg_movement,2,720575941663497084;720575941595517735;720575941524856164,94;12,123;15,12,15
banc-path-1505,720575941704434394,DNg62,left,720575941558861839,LM,move_coxa_anterior,2,720575941704434394;720575941515944803;720575941558861839,12;12,13;14,12,13
banc-path-1506,720575941724184890,DNb08,left,720575941612256476,LH,flex_femur_tibia_joint,2,720575941724184890;720575941526681933;720575941612256476,14;12,14;12,12,12
banc-path-1507,720575941404981360,DNp17,left,720575941502849623,LH,extend_coxa_trochanter_joint,2,720575941404981360;720575941611652371;720575941502849623,11;24,13;23,11,13
banc-path-1508,720575941404981360,DNp17,left,720575941526615554,LH,flex_femur_tibia_joint,2,720575941404981360;720575941611652371;720575941526615554,11;13,13;12,11,12
banc-path-1509,720575941439563583,DNge053,right,720575941521271475,RH,flex_femur_tibia_joint,2,720575941439563583;720575941612504297;720575941521271475,79;11,89;13,11,13
banc-path-1510,720575941439563583,DNge053,right,720575941623920586,RH,extend_coxa_trochanter_joint,2,720575941439563583;720575941612504297;720575941623920586,79;11,89;12,11,12
banc-path-1511,720575941455714541,DNb02,right,720575941585484766,RM,unknown_leg_movement,2,720575941455714541;720575941595517735;720575941585484766,16;11,18;12,11,12
banc-path-1512,720575941491065653,MDN,left,720575941464194902,LF,flex_femur_tibia_joint,2,720575941491065653;720575941526752356;720575941464194902,12;13,11;16,12,11
banc-path-1513,720575941491065653,MDN,left,720575941479472258,LF,flex_femur_tibia_joint,2,720575941491065653;720575941526752356;720575941479472258,12;11,11;11,11,11
banc-path-1514,720575941491065653,MDN,left,720575941497881417,LM,flex_femur_tibia_joint,2,720575941491065653;720575941655506644;720575941497881417,11;16,12;21,11,12
banc-path-1515,720575941491065653,MDN,left,720575941687653238,LM,extend_coxa_trochanter_joint,2,720575941491065653;720575941543607740;720575941687653238,20;12,24;11,12,11
banc-path-1516,720575941502628695,DNp15,right,720575941517726936,LH,move_coxa_posterior,2,720575941502628695;720575941564573287;720575941517726936,48;11,54;12,11,12
banc-path-1517,720575941534222770,DNp15,left,720575941501934423,RH,unknown_leg_movement,2,720575941534222770;720575941519278040;720575941501934423,16;12,21;11,12,11
banc-path-1518,720575941534222770,DNp15,left,720575941519664856,LM,move_coxa_anterior,2,720575941534222770;720575941632059372;720575941519664856,11;33,15;35,11,15
banc-path-1519,720575941534222770,DNp15,left,720575941547132040,LM,pull_long_tendon,2,720575941534222770;720575941496146657;720575941547132040,15;12,15;11,12,11
banc-path-1520,720575941534222770,DNp15,left,720575941691007896,RF,move_coxa_posterior_lateral,2,720575941534222770;720575941623446154;720575941691007896,57;11,55;15,11,15
banc-path-1521,720575941535862506,DNa01,left,720575941410034859,RH,flex_femur_tibia_joint,2,720575941535862506;720575941438841435;720575941410034859,11;23,14;26,11,14
banc-path-1522,720575941536301288,DNb02,right,720575941585484766,RM,unknown_leg_movement,2,720575941536301288;720575941595517735;720575941585484766,19;11,25;12,11,12
banc-path-1523,720575941552142727,DNa03,left,720575941585484766,RM,unknown_leg_movement,2,720575941552142727;720575941595517735;720575941585484766,25;11,27;12,11,12
banc-path-1524,720575941554952858,DNge053,left,720575941521271475,RH,flex_femur_tibia_joint,2,720575941554952858;720575941612504297;720575941521271475,31;11,40;13,11,13
banc-path-1525,720575941554952858,DNge053,left,720575941623920586,RH,extend_coxa_trochanter_joint,2,720575941554952858;720575941612504297;720575941623920586,31;11,40;12,11,12
banc-path-1526,720575941563334912,DNp17,right,720575941651528177,RH,flex_femur_tibia_joint,2,720575941563334912;720575941535073770;720575941651528177,11;11,11;14,11,11
banc-path-1527,720575941630081574,DNp17,left,720575941502849623,LH,extend_coxa_trochanter_joint,2,720575941630081574;720575941611652371;720575941502849623,11;24,15;23,11,15
banc-path-1528,720575941630081574,DNp17,left,720575941526615554,LH,flex_femur_tibia_joint,2,720575941630081574;720575941611652371;720575941526615554,11;13,15;12,11,12
banc-path-1529,720575941663497084,DNa11,left,720575941585484766,RM,unknown_leg_movement,2,720575941663497084;720575941595517735;720575941585484766,94;11,123;12,11,12
banc-path-1530,720575941476852254,DNg62,right,720575941668553639,LM,flex_coxa_trochanter_joint,2,720575941476852254;720575941524211275;720575941668553639,10;11,10;11,10,10
banc-path-1531,720575941491012809,MDN,left,720575941483515389,LF,extend_coxa_trochanter_joint,2,720575941491012809;720575941552629822;720575941483515389,10;31,13;34,10,13
banc-path-1532,720575941491012809,MDN,left,720575941494164864,LF,move_coxa_posterior_lateral,2,720575941491012809;720575941552629822;720575941494164864,10;25,13;29,10,13
banc-path-1533,720575941509145950,DNp01,left,720575941474499377,RM,flex_femur_tibia_joint,2,720575941509145950;720575941642542241;720575941474499377,10;11,14;15,10,14
banc-path-1534,720575941509145950,DNp01,left,720575941535897098,RM,flex_femur_tibia_joint,2,720575941509145950;720575941642542241;720575941535897098,10;14,14;21,10,14
banc-path-1535,720575941509145950,DNp01,left,720575941573346120,RM,extend_coxa_trochanter_joint,2,720575941509145950;720575941642542241;720575941573346120,10;14,14;16,10,14
banc-path-1536,720575941535097578,DNge012,right,720575941569766302,RM,flex_coxa_trochanter_joint,2,720575941535097578;720575941511911696;720575941569766302,11;13,10;16,11,10
banc-path-1537,720575941535097578,DNge012,right,720575941733197355,RM,flex_coxa_trochanter_joint,2,720575941535097578;720575941511911696;720575941733197355,11;15,10;12,11,10
banc-path-1538,720575941554952858,DNge053,left,720575941455787245,LF,move_coxa_anterior,2,720575941554952858;720575941508609665;720575941455787245,72;10,82;12,10,12
banc-path-1539,720575941563334912,DNp17,right,720575941483515389,LF,extend_coxa_trochanter_joint,2,720575941563334912;720575941519514478;720575941483515389,10;11,16;11,10,11
banc-path-1540,720575941563334912,DNp17,right,720575941516874094,LF,extend_coxa_trochanter_joint,2,720575941563334912;720575941519514478;720575941516874094,10;10,16;12,10,12
banc-path-1541,720575941592629132,DNge011,right,720575941414478484,LH,unknown_leg_movement,2,720575941592629132;720575941550687805;720575941414478484,11;27,10;27,11,10
banc-path-1542,720575941592629132,DNge011,right,720575941471839296,LH,extend_femur_tibia_joint,2,720575941592629132;720575941550687805;720575941471839296,11;15,10;13,11,10
banc-path-1543,720575941592629132,DNge011,right,720575941493231536,LH,extend_femur_tibia_joint,2,720575941592629132;720575941550687805;720575941493231536,11;44,10;50,11,10
banc-path-1544,720575941592629132,DNge011,right,720575941497863497,LM,extend_femur_tibia_joint,2,720575941592629132;720575941550687805;720575941497863497,11;22,10;25,11,10
banc-path-1545,720575941592629132,DNge011,right,720575941519664856,LM,move_coxa_anterior,2,720575941592629132;720575941550687805;720575941519664856,11;17,10;13,11,10
banc-path-1546,720575941616284629,DNp17,right,720575941483515389,LF,extend_coxa_trochanter_joint,2,720575941616284629;720575941519514478;720575941483515389,10;11,14;11,10,11
banc-path-1547,720575941616284629,DNp17,right,720575941516874094,LF,extend_coxa_trochanter_joint,2,720575941616284629;720575941519514478;720575941516874094,10;10,14;12,10,12
banc-path-1548,720575941404981360,DNp17,left,720575941494740094,LH,move_coxa_anterior,2,720575941404981360;720575941611652371;720575941494740094,11;9,13;9,9,9
banc-path-1549,720575941438773548,DNae003,left,720575941578679121,LH,extend_coxa_trochanter_joint,2,720575941438773548;720575941579868917;720575941578679121,9;9,13;9,9,9
banc-path-1550,720575941447973140,DNb02,left,720575941494164864,LF,move_coxa_posterior_lateral,2,720575941447973140;720575941595827158;720575941494164864,38;9,47;9,9,9
banc-path-1551,720575941447973140,DNb02,left,720575941531470821,RH,flex_coxa_trochanter_joint,2,720575941447973140;720575941502628695;720575941531470821,24;9,27;13,9,13
banc-path-1552,720575941447973140,DNb02,left,720575941584932486,RH,flex_femur_tibia_joint,2,720575941447973140;720575941526955266;720575941584932486,51;9,59;9,9,9
banc-path-1553,720575941451068597,DNp01,right,720575941531180261,RF,move_coxa_anterior,2,720575941451068597;720575941495634816;720575941531180261,9;14,9;15,9,9
banc-path-1554,720575941451068597,DNp01,right,720575941547393825,RF,flex_femur_tibia_joint,2,720575941451068597;720575941495634816;720575941547393825,9;18,9;23,9,9
banc-path-1555,720575941451068597,DNp01,right,720575941580731001,RF,flex_femur_tibia_joint,2,720575941451068597;720575941495634816;720575941580731001,9;11,9;16,9,9
banc-path-1556,720575941455714541,DNb02,right,720575941578679121,LH,extend_coxa_trochanter_joint,2,720575941455714541;720575941579868917;720575941578679121,29;9,30;9,9,9
banc-path-1557,720575941476852254,DNg62,right,720575941537008370,LM,flex_coxa_trochanter_joint,2,720575941476852254;720575941524211275;720575941537008370,10;9,10;11,9,10
banc-path-1558,720575941476852254,DNg62,right,720575941554765722,LM,flex_coxa_trochanter_joint,2,720575941476852254;720575941524211275;720575941554765722,10;9,10;9,9,9
banc-path-1559,720575941486587714,DNp17,left,720575941506034049,RM,extend_coxa_trochanter_joint,2,720575941486587714;720575941594716523;720575941506034049,9;15,11;18,9,11
banc-path-1560,720575941486587714,DNp17,left,720575941508453761,RF,extend_coxa_trochanter_joint,2,720575941486587714;720575941594716523;720575941508453761,9;13,11;13,9,11
banc-path-1561,720575941486587714,DNp17,left,720575941519971511,RM,flex_femur_tibia_joint,2,720575941486587714;720575941594716523;720575941519971511,9;10,11;10,9,10
banc-path-1562,720575941486587714,DNp17,left,720575941534943937,RM,extend_coxa_trochanter_joint,2,720575941486587714;720575941594716523;720575941534943937,9;11,11;12,9,11
banc-path-1563,720575941486587714,DNp17,left,720575941578679121,LH,extend_coxa_trochanter_joint,2,720575941486587714;720575941579868917;720575941578679121,21;9,23;9,9,9
banc-path-1564,720575941486587714,DNp17,left,720575941593843589,RF,extend_coxa_trochanter_joint,2,720575941486587714;720575941594716523;720575941593843589,9;59,11;64,9,11
banc-path-1565,720575941486587714,DNp17,left,720575941667380979,RF,extend_coxa_trochanter_joint,2,720575941486587714;720575941594716523;720575941667380979,9;16,11;15,9,11
banc-path-1566,720575941486612034,DNa03,right,720575941494164864,LF,move_coxa_posterior_lateral,2,720575941486612034;720575941595827158;720575941494164864,16;9,24;9,9,9
banc-path-1567,720575941504703938,DNb02,left,720575941494164864,LF,move_coxa_posterior_lateral,2,720575941504703938;720575941595827158;720575941494164864,34;9,41;9,9,9
banc-path-1568,720575941504703938,DNb02,left,720575941531470821,RH,flex_coxa_trochanter_joint,2,720575941504703938;720575941502628695;720575941531470821,33;9,37;13,9,13
banc-path-1569,720575941504703938,DNb02,left,720575941584932486,RH,flex_femur_tibia_joint,2,720575941504703938;720575941526955266;720575941584932486,50;9,62;9,9,9
banc-path-1570,720575941509145950,DNp01,left,720575941415020572,LH,pull_long_tendon,2,720575941509145950;720575941497009058;720575941415020572,9;20,10;28,9,10
banc-path-1571,720575941509145950,DNp01,left,720575941439667986,RF,pull_long_tendon,2,720575941509145950;720575941497009058;720575941439667986,9;13,10;14,9,10
banc-path-1572,720575941509145950,DNp01,left,720575941447103669,RH,pull_long_tendon,2,720575941509145950;720575941497009058;720575941447103669,9;18,10;18,9,10
banc-path-1573,720575941509145950,DNp01,left,720575941486583046,RH,pull_long_tendon,2,720575941509145950;720575941497009058;720575941486583046,9;14,10;23,9,10
banc-path-1574,720575941509145950,DNp01,left,720575941487752144,LH,flex_femur_tibia_joint,2,720575941509145950;720575941449449294;720575941487752144,9;11,10;16,9,10
banc-path-1575,720575941509145950,DNp01,left,720575941488203209,RF,pull_long_tendon,2,720575941509145950;720575941497009058;720575941488203209,9;20,10;19,9,10
banc-path-1576,720575941509145950,DNp01,left,720575941496173947,LH,pull_long_tendon,2,720575941509145950;720575941497009058;720575941496173947,9;9,10;10,9,10
banc-path-1577,720575941509145950,DNp01,left,720575941501926706,RF,pull_long_tendon,2,720575941509145950;720575941497009058;720575941501926706,9;12,10;13,9,10
banc-path-1578,720575941509145950,DNp01,left,720575941507209029,RH,pull_long_tendon,2,720575941509145950;720575941497009058;720575941507209029,9;9,10;11,9,10
banc-path-1579,720575941509145950,DNp01,left,720575941517661356,LM,pull_long_tendon,2,720575941509145950;720575941497009058;720575941517661356,9;31,10;28,9,10
banc-path-1580,720575941509145950,DNp01,left,720575941680979133,LM,pull_long_tendon,2,720575941509145950;720575941497009058;720575941680979133,9;11,10;10,9,10
banc-path-1581,720575941520203436,DNp17,left,720575941494740094,LH,move_coxa_anterior,2,720575941520203436;720575941611652371;720575941494740094,19;9,17;9,9,9
banc-path-1582,720575941528667814,DNp05,right,720575941573687049,RM,flex_femur_tibia_joint,2,720575941528667814;720575941462656979;720575941573687049,46;9,44;11,9,11
banc-path-1583,720575941528667814,DNp05,right,720575941573687049,RM,flex_femur_tibia_joint,2,720575941528667814;720575941551947263;720575941573687049,9;9,9;10,9,9
banc-path-1584,720575941534222770,DNp15,left,720575941578679121,LH,extend_coxa_trochanter_joint,2,720575941534222770;720575941579868917;720575941578679121,49;9,57;9,9,9
banc-path-1585,720575941534222770,DNp15,left,720575941591121463,RM,move_coxa_posterior,2,720575941534222770;720575941519278040;720575941591121463,16;9,21;12,9,12
banc-path-1586,720575941536048321,DNge078,right,720575941612158026,LH,flex_femur_tibia_joint,2,720575941536048321;720575941535970241;720575941612158026,12;9,11;14,9,11
banc-path-1587,720575941536048321,DNge078,right,720575941633843141,RH,flex_femur_tibia_joint,2,720575941536048321;720575941639358837;720575941633843141,12;9,13;11,9,11
banc-path-1588,720575941536301288,DNb02,right,720575941578679121,LH,extend_coxa_trochanter_joint,2,720575941536301288;720575941579868917;720575941578679121,14;9,17;9,9,9
banc-path-1589,720575941586099334,DNge012,right,720575941573687049,RM,flex_femur_tibia_joint,2,720575941586099334;720575941551947263;720575941573687049,13;9,13;10,9,10
banc-path-1590,720575941598693824,DNp17,left,720575941578679121,LH,extend_coxa_trochanter_joint,2,720575941598693824;720575941579868917;720575941578679121,17;9,20;9,9,9
banc-path-1591,720575941600262848,DNge011,left,720575941537008370,LM,flex_coxa_trochanter_joint,2,720575941600262848;720575941524211275;720575941537008370,9;9,12;11,9,11
banc-path-1592,720575941600262848,DNge011,left,720575941554765722,LM,flex_coxa_trochanter_joint,2,720575941600262848;720575941524211275;720575941554765722,9;9,12;9,9,9
banc-path-1593,720575941600262848,DNge011,left,720575941668553639,LM,flex_coxa_trochanter_joint,2,720575941600262848;720575941524211275;720575941668553639,9;11,12;11,9,11
banc-path-1594,720575941630081574,DNp17,left,720575941494740094,LH,move_coxa_anterior,2,720575941630081574;720575941611652371;720575941494740094,11;9,15;9,9,9
banc-path-1595,720575941630081574,DNp17,left,720575941593843589,RF,extend_coxa_trochanter_joint,2,720575941630081574;720575941554220571;720575941593843589,18;9,21;10,9,10
banc-path-1596,720575941704434394,DNg62,left,720575941569766302,RM,flex_coxa_trochanter_joint,2,720575941704434394;720575941511911696;720575941569766302,9;13,10;16,9,10
banc-path-1597,720575941704434394,DNg62,left,720575941685804044,RM,flex_femur_tibia_joint,2,720575941704434394;720575941461251027;720575941685804044,48;9,53;11,9,11
banc-path-1598,720575941404981360,DNp17,left,720575941593843589,RF,extend_coxa_trochanter_joint,2,720575941404981360;720575941554220571;720575941593843589,8;9,10;10,8,10
banc-path-1599,720575941447973140,DNb02,left,720575941499964555,RF,move_coxa_medial,2,720575941447973140;720575941502628695;720575941499964555,24;10,27;8,10,8
banc-path-1600,720575941447973140,DNb02,left,720575941591121463,RM,move_coxa_posterior,2,720575941447973140;720575941731613483;720575941591121463,15;8,15;9,8,9
banc-path-1601,720575941451068597,DNp01,right,720575941535897098,RM,flex_femur_tibia_joint,2,720575941451068597;720575941517770412;720575941535897098,8;12,20;12,8,12
banc-path-1602,720575941455714541,DNb02,right,720575941494740094,LH,move_coxa_anterior,2,720575941455714541;720575941632059372;720575941494740094,66;8,74;9,8,9
banc-path-1603,720575941455714541,DNb02,right,720575941573784990,RH,extend_coxa_trochanter_joint,2,720575941455714541;720575941581506143;720575941573784990,13;8,13;10,8,10
banc-path-1604,720575941486587714,DNp17,left,720575941573784990,RH,extend_coxa_trochanter_joint,2,720575941486587714;720575941594716523;720575941573784990,9;9,11;8,9,8
banc-path-1605,720575941502628695,DNp15,right,720575941402088304,LF,move_coxa_posterior,2,720575941502628695;720575941608250954;720575941402088304,21;8,23;9,8,9
banc-path-1606,720575941502628695,DNp15,right,720575941494164864,LF,move_coxa_posterior_lateral,2,720575941502628695;720575941608250954;720575941494164864,21;8,23;9,8,9
banc-path-1607,720575941504703938,DNb02,left,720575941499964555,RF,move_coxa_medial,2,720575941504703938;720575941502628695;720575941499964555,33;10,37;8,10,8
banc-path-1608,720575941504703938,DNb02,left,720575941503422187,RH,move_coxa_medial,2,720575941504703938;720575941609001034;720575941503422187,8;8,8;8,8,8
banc-path-1609,720575941504703938,DNb02,left,720575941534943937,RM,extend_coxa_trochanter_joint,2,720575941504703938;720575941609001034;720575941534943937,8;14,8;16,8,8
banc-path-1610,720575941504703938,DNb02,left,720575941591121463,RM,move_coxa_posterior,2,720575941504703938;720575941731613483;720575941591121463,8;8,8;9,8,8
banc-path-1611,720575941520203436,DNp17,left,720575941593843589,RF,extend_coxa_trochanter_joint,2,720575941520203436;720575941554220571;720575941593843589,9;9,8;10,9,8
banc-path-1612,720575941528667814,DNp05,right,720575941556297811,RF,move_coxa_anterior,2,720575941528667814;720575941723167546;720575941556297811,10;12,8;8,10,8
banc-path-1613,720575941528667814,DNp05,right,720575941592225831,RF,move_coxa_anterior,2,720575941528667814;720575941723167546;720575941592225831,10;8,8;9,8,8
banc-path-1614,720575941534222770,DNp15,left,720575941494740094,LH,move_coxa_anterior,2,720575941534222770;720575941632059372;720575941494740094,11;8,15;9,8,9
banc-path-1615,720575941535097578,DNge012,right,720575941459438224,RM,flex_coxa_trochanter_joint,2,720575941535097578;720575941511911696;720575941459438224,11;9,10;8,9,8
banc-path-1616,720575941535097578,DNge012,right,720575941537008370,LM,flex_coxa_trochanter_joint,2,720575941535097578;720575941524211275;720575941537008370,8;9,10;11,8,10
banc-path-1617,720575941535097578,DNge012,right,720575941554765722,LM,flex_coxa_trochanter_joint,2,720575941535097578;720575941524211275;720575941554765722,8;9,10;9,8,9
banc-path-1618,720575941535097578,DNge012,right,720575941668553639,LM,flex_coxa_trochanter_joint,2,720575941535097578;720575941524211275;720575941668553639,8;11,10;11,8,10
banc-path-1619,720575941536301288,DNb02,right,720575941494740094,LH,move_coxa_anterior,2,720575941536301288;720575941632059372;720575941494740094,35;8,40;9,8,9
banc-path-1620,720575941536301288,DNb02,right,720575941501934423,RH,unknown_leg_movement,2,720575941536301288;720575941519278040;720575941501934423,8;12,9;11,8,9
banc-path-1621,720575941536301288,DNb02,right,720575941573784990,RH,extend_coxa_trochanter_joint,2,720575941536301288;720575941581506143;720575941573784990,11;8,13;10,8,10
banc-path-1622,720575941536301288,DNb02,right,720575941591121463,RM,move_coxa_posterior,2,720575941536301288;720575941519278040;720575941591121463,8;9,9;12,8,9
banc-path-1623,720575941552142727,DNa03,left,720575941431976718,RH,unknown_leg_movement,2,720575941552142727;720575941496370814;720575941431976718,9;26,8;31,9,8
banc-path-1624,720575941552142727,DNa03,left,720575941491293415,RM,move_coxa_posterior,2,720575941552142727;720575941496370814;720575941491293415,9;38,8;39,9,8
banc-path-1625,720575941552142727,DNa03,left,720575941498748489,RH,move_coxa_posterior,2,720575941552142727;720575941496370814;720575941498748489,9;35,8;43,9,8
banc-path-1626,720575941563334912,DNp17,right,720575941573784990,RH,extend_coxa_trochanter_joint,2,720575941563334912;720575941535073770;720575941573784990,11;10,11;8,10,8
banc-path-1627,720575941592629132,DNge011,right,720575941494963582,LM,unknown_leg_movement,2,720575941592629132;720575941550687805;720575941494963582,11;8,10;10,8,10
banc-path-1628,720575941598693824,DNp17,left,720575941593843589,RF,extend_coxa_trochanter_joint,2,720575941598693824;720575941554220571;720575941593843589,8;9,10;10,8,10
banc-path-1629,720575941616284629,DNp17,right,720575941573784990,RH,extend_coxa_trochanter_joint,2,720575941616284629;720575941523957506;720575941573784990,10;8,12;8,8,8
banc-path-1630,720575941447973140,DNb02,left,720575941519664856,LM,move_coxa_anterior,2,720575941447973140;720575941595827158;720575941519664856,38;7,47;7,7,7
banc-path-1631,720575941451068597,DNp01,right,720575941402088304,LF,move_coxa_posterior,2,720575941451068597;720575941508609665;720575941402088304,7;7,11;10,7,10
banc-path-1632,720575941451068597,DNp01,right,720575941455787245,LF,move_coxa_anterior,2,720575941451068597;720575941508609665;720575941455787245,7;10,11;12,7,11
banc-path-1633,720575941451068597,DNp01,right,720575941459422623,LM,flex_femur_tibia_joint,2,720575941451068597;720575941478215985;720575941459422623,7;12,9;17,7,9
banc-path-1634,720575941451068597,DNp01,right,720575941459422623,LM,flex_femur_tibia_joint,2,720575941451068597;720575941508609665;720575941459422623,7;17,11;23,7,11
banc-path-1635,720575941451068597,DNp01,right,720575941461179859,LH,extend_coxa_trochanter_joint,2,720575941451068597;720575941508609665;720575941461179859,7;8,11;12,7,11
banc-path-1636,720575941451068597,DNp01,right,720575941462096528,LM,flex_femur_tibia_joint,2,720575941451068597;720575941508609665;720575941462096528,7;37,11;47,7,11
banc-path-1637,720575941451068597,DNp01,right,720575941471839296,LH,extend_femur_tibia_joint,2,720575941451068597;720575941508609665;720575941471839296,7;7,11;9,7,9
banc-path-1638,720575941451068597,DNp01,right,720575941479728291,LH,extend_tibia_tarsus_joint,2,720575941451068597;720575941508609665;720575941479728291,7;7,11;7,7,7
banc-path-1639,720575941451068597,DNp01,right,720575941481179066,LF,flex_femur_tibia_joint,2,720575941451068597;720575941508609665;720575941481179066,7;12,11;15,7,11
banc-path-1640,720575941451068597,DNp01,right,720575941578439513,RH,flex_coxa_trochanter_joint,2,720575941451068597;720575941602261182;720575941578439513,7;8,9;9,7,9
banc-path-1641,720575941451068597,DNp01,right,720575941633013484,RH,flex_femur_tibia_joint,2,720575941451068597;720575941602261182;720575941633013484,7;7,9;10,7,9
banc-path-1642,720575941455714541,DNb02,right,720575941498748489,RH,move_coxa_posterior,2,720575941455714541;720575941595517735;720575941498748489,16;7,18;10,7,10
banc-path-1643,720575941476852254,DNg62,right,720575941431976718,RH,unknown_leg_movement,2,720575941476852254;720575941401814307;720575941431976718,7;22,8;32,7,8
banc-path-1644,720575941476852254,DNg62,right,720575941470212471,RH,extend_femur_tibia_joint,2,720575941476852254;720575941401814307;720575941470212471,7;9,8;8,7,8
banc-path-1645,720575941476852254,DNg62,right,720575941478187841,RM,extend_femur_tibia_joint,2,720575941476852254;720575941401814307;720575941478187841,7;23,8;24,7,8
banc-path-1646,720575941476852254,DNg62,right,720575941524856164,RH,unknown_leg_movement,2,720575941476852254;720575941401814307;720575941524856164,7;11,8;16,7,8
banc-path-1647,720575941476852254,DNg62,right,720575941568355066,RM,move_coxa_anterior,2,720575941476852254;720575941401814307;720575941568355066,7;7,8;9,7,8
banc-path-1648,720575941476852254,DNg62,right,720575941585484766,RM,unknown_leg_movement,2,720575941476852254;720575941401814307;720575941585484766,7;10,8;11,7,8
banc-path-1649,720575941486612034,DNa03,right,720575941519664856,LM,move_coxa_anterior,2,720575941486612034;720575941595827158;720575941519664856,16;7,24;7,7,7
banc-path-1650,720575941489377737,DNp17,right,720575941442381738,LM,extend_coxa_trochanter_joint,2,720575941489377737;720575941458838000;720575941442381738,8;14,7;16,8,7
banc-path-1651,720575941489377737,DNp17,right,720575941458992031,LH,extend_coxa_trochanter_joint,2,720575941489377737;720575941458838000;720575941458992031,8;33,7;37,8,7
banc-path-1652,720575941489377737,DNp17,right,720575941461179859,LH,extend_coxa_trochanter_joint,2,720575941489377737;720575941458838000;720575941461179859,8;23,7;29,8,7
banc-path-1653,720575941489377737,DNp17,right,720575941481634383,LH,extend_coxa_trochanter_joint,2,720575941489377737;720575941458838000;720575941481634383,8;39,7;45,8,7
banc-path-1654,720575941489377737,DNp17,right,720575941519664856,LM,move_coxa_anterior,2,720575941489377737;720575941458838000;720575941519664856,8;14,7;25,8,7
banc-path-1655,720575941489377737,DNp17,right,720575941568553330,LM,extend_coxa_trochanter_joint,2,720575941489377737;720575941458838000;720575941568553330,8;13,7;12,8,7
banc-path-1656,720575941489377737,DNp17,right,720575941573784990,RH,extend_coxa_trochanter_joint,2,720575941489377737;720575941535073770;720575941573784990,7;10,7;8,7,7
banc-path-1657,720575941489377737,DNp17,right,720575941651528177,RH,flex_femur_tibia_joint,2,720575941489377737;720575941535073770;720575941651528177,7;11,7;14,7,7
banc-path-1658,720575941502628695,DNp15,right,720575941589657598,LM,move_coxa_posterior,2,720575941502628695;720575941564573287;720575941589657598,48;7,54;8,7,8
banc-path-1659,720575941502628695,DNp15,right,720575941591121463,RM,move_coxa_posterior,2,720575941502628695;720575941731613483;720575941591121463,7;8,10;9,7,9
banc-path-1660,720575941504703938,DNb02,left,720575941519664856,LM,move_coxa_anterior,2,720575941504703938;720575941595827158;720575941519664856,34;7,41;7,7,7
banc-path-1661,720575941509145950,DNp01,left,720575941468687581,LM,extend_femur_tibia_joint,2,720575941509145950;720575941590734443;720575941468687581,11;7,12;8,7,8
banc-path-1662,720575941534222770,DNp15,left,720575941498748489,RH,move_coxa_posterior,2,720575941534222770;720575941519278040;720575941498748489,16;7,21;11,7,11
banc-path-1663,720575941536048321,DNge078,right,720575941519179480,LH,flex_tibia_tarsus_joint,2,720575941536048321;720575941535970241;720575941519179480,12;8,11;7,8,7
banc-path-1664,720575941536301288,DNb02,right,720575941668683687,LF,move_coxa_anterior,2,720575941536301288;720575941632059372;720575941668683687,35;8,40;7,8,7
banc-path-1665,720575941554952858,DNge053,left,720575941402088304,LF,move_coxa_posterior,2,720575941554952858;720575941508609665;720575941402088304,72;7,82;10,7,10
banc-path-1666,720575941563334912,DNp17,right,720575941442381738,LM,extend_coxa_trochanter_joint,2,720575941563334912;720575941458838000;720575941442381738,7;14,7;16,7,7
banc-path-1667,720575941563334912,DNp17,right,720575941458992031,LH,extend_coxa_trochanter_joint,2,720575941563334912;720575941458838000;720575941458992031,7;33,7;37,7,7
banc-path-1668,720575941563334912,DNp17,right,720575941461179859,LH,extend_coxa_trochanter_joint,2,720575941563334912;720575941458838000;720575941461179859,7;23,7;29,7,7
banc-path-1669,720575941563334912,DNp17,right,720575941481634383,LH,extend_coxa_trochanter_joint,2,720575941563334912;720575941458838000;720575941481634383,7;39,7;45,7,7
banc-path-1670,720575941563334912,DNp17,right,720575941519664856,LM,move_coxa_anterior,2,720575941563334912;720575941458838000;720575941519664856,7;14,7;25,7,7
banc-path-1671,720575941563334912,DNp17,right,720575941568553330,LM,extend_coxa_trochanter_joint,2,720575941563334912;720575941458838000;720575941568553330,7;13,7;12,7,7
banc-path-1672,720575941592629132,DNge011,right,720575941434753568,RM,flex_femur_tibia_joint,2,720575941592629132;720575941461251027;720575941434753568,7;8,8;8,7,8
banc-path-1673,720575941592629132,DNge011,right,720575941459438224,RM,flex_coxa_trochanter_joint,2,720575941592629132;720575941511911696;720575941459438224,7;9,9;8,7,8
banc-path-1674,720575941592629132,DNge011,right,720575941481071802,RM,flex_tibia_tarsus_joint,2,720575941592629132;720575941511911696;720575941481071802,7;10,9;8,7,8
banc-path-1675,720575941704434394,DNg62,left,720575941410034859,RH,flex_femur_tibia_joint,2,720575941704434394;720575941480974048;720575941410034859,7;9,9;12,7,9
banc-path-1676,720575941704434394,DNg62,left,720575941451840425,RH,flex_coxa_trochanter_joint,2,720575941704434394;720575941480974048;720575941451840425,7;16,9;20,7,9
banc-path-1677,720575941704434394,DNg62,left,720575941521271475,RH,flex_femur_tibia_joint,2,720575941704434394;720575941480974048;720575941521271475,7;19,9;21,7,9
banc-path-1678,720575941404981360,DNp17,left,720575941411709073,RF,extend_coxa_trochanter_joint,2,720575941404981360;720575941554220571;720575941411709073,8;6,10;6,6,6
banc-path-1679,720575941438773548,DNae003,left,720575941455787245,LF,move_coxa_anterior,2,720575941438773548;720575941511407057;720575941455787245,8;41,6;44,8,6
banc-path-1680,720575941438773548,DNae003,left,720575941458992031,LH,extend_coxa_trochanter_joint,2,720575941438773548;720575941579868917;720575941458992031,9;6,13;7,6,7
banc-path-1681,720575941438773548,DNae003,left,720575941498960546,LF,move_coxa_anterior,2,720575941438773548;720575941511407057;720575941498960546,8;15,6;16,8,6
banc-path-1682,720575941438773548,DNae003,left,720575941506261538,LF,move_coxa_anterior,2,720575941438773548;720575941511407057;720575941506261538,8;19,6;18,8,6
banc-path-1683,720575941451068597,DNp01,right,720575941447103669,RH,pull_long_tendon,2,720575941451068597;720575941599433664;720575941447103669,6;23,7;29,6,7
banc-path-1684,720575941451068597,DNp01,right,720575941479987619,RM,pull_long_tendon,2,720575941451068597;720575941599433664;720575941479987619,6;16,7;15,6,7
banc-path-1685,720575941451068597,DNp01,right,720575941500579913,RM,extend_coxa_trochanter_joint,2,720575941451068597;720575941517770412;720575941500579913,8;7,20;6,7,6
banc-path-1686,720575941455714541,DNb02,right,720575941458992031,LH,extend_coxa_trochanter_joint,2,720575941455714541;720575941579868917;720575941458992031,29;6,30;7,6,7
banc-path-1687,720575941486587714,DNp17,left,720575941458992031,LH,extend_coxa_trochanter_joint,2,720575941486587714;720575941579868917;720575941458992031,21;6,23;7,6,7
banc-path-1688,720575941489377737,DNp17,right,720575941488644300,RH,extend_coxa_trochanter_joint,2,720575941489377737;720575941535073770;720575941488644300,7;6,7;7,6,7
banc-path-1689,720575941491055820,DNp17,left,720575941411709073,RF,extend_coxa_trochanter_joint,2,720575941491055820;720575941554220571;720575941411709073,6;6,10;6,6,6
banc-path-1690,720575941491055820,DNp17,left,720575941593843589,RF,extend_coxa_trochanter_joint,2,720575941491055820;720575941554220571;720575941593843589,6;9,10;10,6,10
banc-path-1691,720575941502628695,DNp15,right,720575941494164864,LF,move_coxa_posterior_lateral,2,720575941502628695;720575941564573287;720575941494164864,48;6,54;6,6,6
banc-path-1692,720575941502628695,DNp15,right,720575941684824815,LM,move_coxa_posterior,2,720575941502628695;720575941564573287;720575941684824815,48;6,54;8,6,8
banc-path-1693,720575941509145950,DNp01,left,720575941481179066,LF,flex_femur_tibia_joint,2,720575941509145950;720575941564627766;720575941481179066,6;9,10;10,6,10
banc-path-1694,720575941509145950,DNp01,left,720575941481179066,LF,flex_femur_tibia_joint,2,720575941509145950;720575941689777627;720575941481179066,9;9,6;9,9,6
banc-path-1695,720575941509145950,DNp01,left,720575941506261538,LF,move_coxa_anterior,2,720575941509145950;720575941689777627;720575941506261538,9;6,6;7,6,6
banc-path-1696,720575941520203436,DNp17,left,720575941411709073,RF,extend_coxa_trochanter_joint,2,720575941520203436;720575941554220571;720575941411709073,9;6,8;6,6,6
banc-path-1697,720575941528667814,DNp05,right,720575941474499377,RM,flex_femur_tibia_joint,2,720575941528667814;720575941462656979;720575941474499377,46;6,44;6,6,6
banc-path-1698,720575941528667814,DNp05,right,720575941531180261,RF,move_coxa_anterior,2,720575941528667814;720575941480759971;720575941531180261,6;6,6;6,6,6
banc-path-1699,720575941534222770,DNp15,left,720575941414478484,LH,unknown_leg_movement,2,720575941534222770;720575941502698475;720575941414478484,6;9,10;12,6,10
banc-path-1700,720575941534222770,DNp15,left,720575941470082423,RM,extend_coxa_trochanter_joint,2,720575941534222770;720575941516704761;720575941470082423,6;13,7;15,6,7
banc-path-1701,720575941534222770,DNp15,left,720575941478187841,RM,extend_femur_tibia_joint,2,720575941534222770;720575941516704761;720575941478187841,6;6,7;6,6,6
banc-path-1702,720575941536301288,DNb02,right,720575941458992031,LH,extend_coxa_trochanter_joint,2,720575941536301288;720575941579868917;720575941458992031,14;6,17;7,6,7
banc-path-1703,720575941563334912,DNp17,right,720575941488644300,RH,extend_coxa_trochanter_joint,2,720575941563334912;720575941535073770;720575941488644300,11;6,11;7,6,7
banc-path-1704,720575941574467997,DNp17,right,720575941483515389,LF,extend_coxa_trochanter_joint,2,720575941574467997;720575941519514478;720575941483515389,6;11,8;11,6,8
banc-path-1705,720575941574467997,DNp17,right,720575941516874094,LF,extend_coxa_trochanter_joint,2,720575941574467997;720575941519514478;720575941516874094,6;10,8;12,6,8
banc-path-1706,720575941592629132,DNge011,right,720575941410034859,RH,flex_femur_tibia_joint,2,720575941592629132;720575941480974048;720575941410034859,6;9,6;12,6,6
banc-path-1707,720575941592629132,DNge011,right,720575941451840425,RH,flex_coxa_trochanter_joint,2,720575941592629132;720575941480974048;720575941451840425,6;16,6;20,6,6
banc-path-1708,720575941592629132,DNge011,right,720575941521271475,RH,flex_femur_tibia_joint,2,720575941592629132;720575941480974048;720575941521271475,6;19,6;21,6,6
banc-path-1709,720575941598693824,DNp17,left,720575941411709073,RF,extend_coxa_trochanter_joint,2,720575941598693824;720575941554220571;720575941411709073,8;6,10;6,6,6
banc-path-1710,720575941598693824,DNp17,left,720575941458992031,LH,extend_coxa_trochanter_joint,2,720575941598693824;720575941579868917;720575941458992031,17;6,20;7,6,7
banc-path-1711,720575941616284629,DNp17,right,720575941442381738,LM,extend_coxa_trochanter_joint,2,720575941616284629;720575941458838000;720575941442381738,6;14,6;16,6,6
banc-path-1712,720575941616284629,DNp17,right,720575941458992031,LH,extend_coxa_trochanter_joint,2,720575941616284629;720575941458838000;720575941458992031,6;33,6;37,6,6
banc-path-1713,720575941616284629,DNp17,right,720575941461179859,LH,extend_coxa_trochanter_joint,2,720575941616284629;720575941458838000;720575941461179859,6;23,6;29,6,6
banc-path-1714,720575941616284629,DNp17,right,720575941481634383,LH,extend_coxa_trochanter_joint,2,720575941616284629;720575941458838000;720575941481634383,6;39,6;45,6,6
banc-path-1715,720575941616284629,DNp17,right,720575941488644300,RH,extend_coxa_trochanter_joint,2,720575941616284629;720575941535073770;720575941488644300,6;6,6;7,6,6
banc-path-1716,720575941616284629,DNp17,right,720575941519664856,LM,move_coxa_anterior,2,720575941616284629;720575941458838000;720575941519664856,6;14,6;25,6,6
banc-path-1717,720575941616284629,DNp17,right,720575941558995950,LM,flex_femur_tibia_joint,2,720575941616284629;720575941458838000;720575941558995950,6;6,6;6,6,6
banc-path-1718,720575941616284629,DNp17,right,720575941573784990,RH,extend_coxa_trochanter_joint,2,720575941616284629;720575941535073770;720575941573784990,6;10,6;8,6,6
banc-path-1719,720575941630081574,DNp17,left,720575941411709073,RF,extend_coxa_trochanter_joint,2,720575941630081574;720575941554220571;720575941411709073,18;6,21;6,6,6
banc-path-1720,720575941455714541,DNb02,right,720575941491293415,RM,move_coxa_posterior,2,720575941455714541;720575941519278040;720575941491293415,5;6,8;7,5,7
banc-path-1721,720575941455714541,DNb02,right,720575941568553330,LM,extend_coxa_trochanter_joint,2,720575941455714541;720575941448143541;720575941568553330,25;6,27;5,6,5
banc-path-1722,720575941491055820,DNp17,left,720575941480482755,LH,extend_tibia_tarsus_joint,2,720575941491055820;720575941611652371;720575941480482755,5;6,8;6,5,6
banc-path-1723,720575941491055820,DNp17,left,720575941481634383,LH,extend_coxa_trochanter_joint,2,720575941491055820;720575941611652371;720575941481634383,5;8,8;7,5,7
banc-path-1724,720575941491055820,DNp17,left,720575941481634383,LH,extend_coxa_trochanter_joint,2,720575941491055820;720575941632025580;720575941481634383,5;7,7;9,5,7
banc-path-1725,720575941520203436,DNp17,left,720575941470082423,RM,extend_coxa_trochanter_joint,2,720575941520203436;720575941612606953;720575941470082423,7;15,5;19,7,5
banc-path-1726,720575941520203436,DNp17,left,720575941488644300,RH,extend_coxa_trochanter_joint,2,720575941520203436;720575941612606953;720575941488644300,7;38,5;49,7,5
banc-path-1727,720575941520203436,DNp17,left,720575941496149473,RH,flex_femur_tibia_joint,2,720575941520203436;720575941612606953;720575941496149473,7;5,5;7,5,5
banc-path-1728,720575941520203436,DNp17,left,720575941503422187,RH,move_coxa_medial,2,720575941520203436;720575941612606953;720575941503422187,7;5,5;5,5,5
banc-path-1729,720575941520203436,DNp17,left,720575941506034049,RM,extend_coxa_trochanter_joint,2,720575941520203436;720575941612606953;720575941506034049,7;9,5;12,7,5
banc-path-1730,720575941520203436,DNp17,left,720575941519971511,RM,flex_femur_tibia_joint,2,720575941520203436;720575941612606953;720575941519971511,7;5,5;7,5,5
banc-path-1731,720575941534222770,DNp15,left,720575941568553330,LM,extend_coxa_trochanter_joint,2,720575941534222770;720575941448143541;720575941568553330,6;6,6;5,6,5
banc-path-1732,720575941536301288,DNb02,right,720575941568553330,LM,extend_coxa_trochanter_joint,2,720575941536301288;720575941448143541;720575941568553330,6;6,5;5,6,5
banc-path-1733,720575941574790664,DNge078,left,720575941431160824,LH,flex_femur_tibia_joint,2,720575941574790664;720575941611970477;720575941431160824,6;5,5;6,5,5
banc-path-1734,720575941574790664,DNge078,left,720575941459422623,LM,flex_femur_tibia_joint,2,720575941574790664;720575941611970477;720575941459422623,6;11,5;13,6,5
banc-path-1735,720575941574790664,DNge078,left,720575941468687581,LM,extend_femur_tibia_joint,2,720575941574790664;720575941611970477;720575941468687581,6;10,5;10,6,5
banc-path-1736,720575941574790664,DNge078,left,720575941468774667,LH,flex_coxa_trochanter_joint,2,720575941574790664;720575941611970477;720575941468774667,6;15,5;18,6,5
banc-path-1737,720575941574790664,DNge078,left,720575941471300960,LM,flex_coxa_trochanter_joint,2,720575941574790664;720575941611970477;720575941471300960,6;8,5;9,6,5
banc-path-1738,720575941574790664,DNge078,left,720575941487752144,LH,flex_femur_tibia_joint,2,720575941574790664;720575941611970477;720575941487752144,6;32,5;34,6,5
banc-path-1739,720575941586099334,DNge012,right,720575941733197355,RM,flex_coxa_trochanter_joint,2,720575941586099334;720575941551947263;720575941733197355,13;5,13;6,5,6
