root_id,claim_id,source_side,original_side,source_id,status
720575940644438551,stuerner_dn:2,L,right,stuerner_dn,side_convention_or_identity_requires_review
720575940627787609,stuerner_dn:3,R,left,stuerner_dn,side_convention_or_identity_requires_review
720575940604737708,stuerner_dn:4,L,right,stuerner_dn,side_convention_or_identity_requires_review
720575940629327659,stuerner_dn:5,R,left,stuerner_dn,side_convention_or_identity_requires_review
720575940630085583,stuerner_dn:6,L,right,stuerner_dn,side_convention_or_identity_requires_review
720575940620918789,stuerner_dn:7,R,left,stuerner_dn,side_convention_or_identity_requires_review
720575940627432680,stuerner_dn:8,L,right,stuerner_dn,side_convention_or_identity_requires_review
720575940628577897,stuerner_dn:9,R,left,stuerner_dn,side_convention_or_identity_requires_review
720575940623062515,stuerner_dn:10,L,right,stuerner_dn,side_convention_or_identity_requires_review
720575940620534768,stuerner_dn:11,R,left,stuerner_dn,side_convention_or_identity_requires_review
720575940640325429,stuerner_dn:12,L,right,stuerner_dn,side_convention_or_identity_requires_review
720575940624986919,stuerner_dn:13,R,left,stuerner_dn,side_convention_or_identity_requires_review
720575940633727339,stuerner_dn:14,L,right,stuerner_dn,side_convention_or_identity_requires_review
720575940637101413,stuerner_dn:15,R,left,stuerner_dn,side_convention_or_identity_requires_review
720575940625090314,stuerner_dn:16,L,right,stuerner_dn,side_convention_or_identity_requires_review
720575940631498563,stuerner_dn:17,R,left,stuerner_dn,side_convention_or_identity_requires_review
720575940620711334,stuerner_dn:18,L,right,stuerner_dn,side_convention_or_identity_requires_review
720575940634140883,stuerner_dn:19,R,left,stuerner_dn,side_convention_or_identity_requires_review
720575940627946261,stuerner_dn:20,L,right,stuerner_dn,side_convention_or_identity_requires_review
720575940623468691,stuerner_dn:21,R,left,stuerner_dn,side_convention_or_identity_requires_review
720575940623019544,stuerner_dn:22,L,right,stuerner_dn,side_convention_or_identity_requires_review
720575940611735514,stuerner_dn:23,R,left,stuerner_dn,side_convention_or_identity_requires_review
720575940631520312,stuerner_dn:24,L,right,stuerner_dn,side_convention_or_identity_requires_review
720575940629490476,stuerner_dn:25,R,left,stuerner_dn,side_convention_or_identity_requires_review
720575940625502666,stuerner_dn:26,L,right,stuerner_dn,side_convention_or_identity_requires_review
720575940637607646,stuerner_dn:27,L,right,stuerner_dn,side_convention_or_identity_requires_review
720575940616286175,stuerner_dn:28,R,left,stuerner_dn,side_convention_or_identity_requires_review
720575940613408552,stuerner_dn:29,R,left,stuerner_dn,side_convention_or_identity_requires_review
720575940637608560,stuerner_dn:30,L,right,stuerner_dn,side_convention_or_identity_requires_review
720575940620823828,stuerner_dn:31,R,left,stuerner_dn,side_convention_or_identity_requires_review
720575940609488942,stuerner_dn:32,L,right,stuerner_dn,side_convention_or_identity_requires_review
720575940631759663,stuerner_dn:33,R,left,stuerner_dn,side_convention_or_identity_requires_review
720575940621519130,stuerner_dn:34,L,right,stuerner_dn,side_convention_or_identity_requires_review
720575940632962786,stuerner_dn:35,R,left,stuerner_dn,side_convention_or_identity_requires_review
720575940626328707,stuerner_dn:36,L,right,stuerner_dn,side_convention_or_identity_requires_review
720575940618167579,stuerner_dn:37,R,left,stuerner_dn,side_convention_or_identity_requires_review
720575940620380449,stuerner_dn:38,L,right,stuerner_dn,side_convention_or_identity_requires_review
720575940627139530,stuerner_dn:39,R,left,stuerner_dn,side_convention_or_identity_requires_review
720575940622204186,stuerner_dn:40,L,right,stuerner_dn,side_convention_or_identity_requires_review
720575940634253281,stuerner_dn:41,R,left,stuerner_dn,side_convention_or_identity_requires_review
720575940641276917,stuerner_dn:42,L,right,stuerner_dn,side_convention_or_identity_requires_review
720575940603591014,stuerner_dn:43,R,left,stuerner_dn,side_convention_or_identity_requires_review
720575940614403178,stuerner_dn:44,L,right,stuerner_dn,side_convention_or_identity_requires_review
720575940609097429,stuerner_dn:45,R,left,stuerner_dn,side_convention_or_identity_requires_review
720575940625573322,stuerner_dn:46,L,right,stuerner_dn,side_convention_or_identity_requires_review
720575940614348438,stuerner_dn:47,R,left,stuerner_dn,side_convention_or_identity_requires_review
720575940615043222,stuerner_dn:48,L,right,stuerner_dn,side_convention_or_identity_requires_review
720575940630607738,stuerner_dn:49,R,left,stuerner_dn,side_convention_or_identity_requires_review
720575940624874983,stuerner_dn:50,L,right,stuerner_dn,side_convention_or_identity_requires_review
720575940625094325,stuerner_dn:51,R,left,stuerner_dn,side_convention_or_identity_requires_review
720575940636454136,stuerner_dn:52,L,right,stuerner_dn,side_convention_or_identity_requires_review
720575940620322497,stuerner_dn:53,R,left,stuerner_dn,side_convention_or_identity_requires_review
720575940630868281,stuerner_dn:54,L,right,stuerner_dn,side_convention_or_identity_requires_review
720575940651341558,stuerner_dn:55,R,left,stuerner_dn,side_convention_or_identity_requires_review
720575940630758418,stuerner_dn:56,L,right,stuerner_dn,side_convention_or_identity_requires_review
720575940625878160,stuerner_dn:57,R,left,stuerner_dn,side_convention_or_identity_requires_review
720575940646753412,stuerner_dn:58,L,right,stuerner_dn,side_convention_or_identity_requires_review
720575940622540899,stuerner_dn:59,L,right,stuerner_dn,side_convention_or_identity_requires_review
720575940618156829,stuerner_dn:60,R,left,stuerner_dn,side_convention_or_identity_requires_review
720575940616936226,stuerner_dn:61,R,left,stuerner_dn,side_convention_or_identity_requires_review
720575940611016910,stuerner_dn:62,L,right,stuerner_dn,side_convention_or_identity_requires_review
720575940627997050,stuerner_dn:63,L,right,stuerner_dn,side_convention_or_identity_requires_review
720575940620776880,stuerner_dn:64,R,left,stuerner_dn,side_convention_or_identity_requires_review
720575940634163682,stuerner_dn:65,R,left,stuerner_dn,side_convention_or_identity_requires_review
720575940621226484,stuerner_dn:66,L,right,stuerner_dn,side_convention_or_identity_requires_review
720575940613717138,stuerner_dn:67,L,right,stuerner_dn,side_convention_or_identity_requires_review
720575940619582168,stuerner_dn:68,R,left,stuerner_dn,side_convention_or_identity_requires_review
720575940629461442,stuerner_dn:69,L,right,stuerner_dn,side_convention_or_identity_requires_review
720575940628352850,stuerner_dn:70,R,left,stuerner_dn,side_convention_or_identity_requires_review
720575940629041879,stuerner_dn:71,L,right,stuerner_dn,side_convention_or_identity_requires_review
720575940637308605,stuerner_dn:72,R,left,stuerner_dn,side_convention_or_identity_requires_review
720575940623938823,stuerner_dn:73,L,right,stuerner_dn,side_convention_or_identity_requires_review
720575940613088426,stuerner_dn:74,R,left,stuerner_dn,side_convention_or_identity_requires_review
720575940634459290,stuerner_dn:75,L,right,stuerner_dn,side_convention_or_identity_requires_review
720575940621068464,stuerner_dn:76,L,right,stuerner_dn,side_convention_or_identity_requires_review
720575940630334658,stuerner_dn:77,R,left,stuerner_dn,side_convention_or_identity_requires_review
720575940642549467,stuerner_dn:78,R,left,stuerner_dn,side_convention_or_identity_requires_review
720575940648636292,stuerner_dn:79,L,right,stuerner_dn,side_convention_or_identity_requires_review
720575940616826380,stuerner_dn:80,R,left,stuerner_dn,side_convention_or_identity_requires_review
720575940632539788,stuerner_dn:81,L,right,stuerner_dn,side_convention_or_identity_requires_review
720575940632868051,stuerner_dn:82,R,left,stuerner_dn,side_convention_or_identity_requires_review
720575940622321110,stuerner_dn:83,L,right,stuerner_dn,side_convention_or_identity_requires_review
720575940619116061,stuerner_dn:84,L,right,stuerner_dn,side_convention_or_identity_requires_review
720575940621119061,stuerner_dn:85,R,left,stuerner_dn,side_convention_or_identity_requires_review
720575940653614838,stuerner_dn:86,R,left,stuerner_dn,side_convention_or_identity_requires_review
720575940628627867,stuerner_dn:87,L,right,stuerner_dn,side_convention_or_identity_requires_review
720575940617917396,stuerner_dn:88,R,left,stuerner_dn,side_convention_or_identity_requires_review
720575940653310198,stuerner_dn:89,L,right,stuerner_dn,side_convention_or_identity_requires_review
720575940627731599,stuerner_dn:90,R,left,stuerner_dn,side_convention_or_identity_requires_review
720575940625558730,stuerner_dn:91,L,right,stuerner_dn,side_convention_or_identity_requires_review
720575940613358450,stuerner_dn:92,R,left,stuerner_dn,side_convention_or_identity_requires_review
720575940608402524,stuerner_dn:93,L,right,stuerner_dn,side_convention_or_identity_requires_review
720575940624982823,stuerner_dn:94,R,left,stuerner_dn,side_convention_or_identity_requires_review
720575940629502251,stuerner_dn:95,L,right,stuerner_dn,side_convention_or_identity_requires_review
720575940644494752,stuerner_dn:96,R,left,stuerner_dn,side_convention_or_identity_requires_review
720575940615607207,stuerner_dn:97,L,right,stuerner_dn,side_convention_or_identity_requires_review
720575940632991815,stuerner_dn:98,R,left,stuerner_dn,side_convention_or_identity_requires_review
720575940625733351,stuerner_dn:99,L,right,stuerner_dn,side_convention_or_identity_requires_review
720575940618203707,stuerner_dn:100,R,left,stuerner_dn,side_convention_or_identity_requires_review
720575940627771279,stuerner_dn:101,L,right,stuerner_dn,side_convention_or_identity_requires_review
720575940621388453,stuerner_dn:102,R,left,stuerner_dn,side_convention_or_identity_requires_review
720575940614660263,stuerner_dn:103,L,right,stuerner_dn,side_convention_or_identity_requires_review
720575940627482114,stuerner_dn:104,R,left,stuerner_dn,side_convention_or_identity_requires_review
720575940619945931,stuerner_dn:105,L,right,stuerner_dn,side_convention_or_identity_requires_review
720575940629412170,stuerner_dn:106,R,left,stuerner_dn,side_convention_or_identity_requires_review
720575940629736720,stuerner_dn:107,L,right,stuerner_dn,side_convention_or_identity_requires_review
720575940631333195,stuerner_dn:108,R,left,stuerner_dn,side_convention_or_identity_requires_review
720575940620749807,stuerner_dn:109,L,right,stuerner_dn,side_convention_or_identity_requires_review
720575940645537902,stuerner_dn:110,R,left,stuerner_dn,side_convention_or_identity_requires_review
720575940639170723,stuerner_dn:111,L,right,stuerner_dn,side_convention_or_identity_requires_review
720575940629812346,stuerner_dn:112,R,left,stuerner_dn,side_convention_or_identity_requires_review
720575940625718053,stuerner_dn:113,L,right,stuerner_dn,side_convention_or_identity_requires_review
720575940623110123,stuerner_dn:114,R,left,stuerner_dn,side_convention_or_identity_requires_review
720575940629064186,stuerner_dn:115,L,right,stuerner_dn,side_convention_or_identity_requires_review
720575940621392086,stuerner_dn:116,R,left,stuerner_dn,side_convention_or_identity_requires_review
720575940623385894,stuerner_dn:117,L,right,stuerner_dn,side_convention_or_identity_requires_review
720575940627368723,stuerner_dn:118,R,left,stuerner_dn,side_convention_or_identity_requires_review
720575940625006776,stuerner_dn:119,L,right,stuerner_dn,side_convention_or_identity_requires_review
720575940613307033,stuerner_dn:120,R,left,stuerner_dn,side_convention_or_identity_requires_review
720575940624459907,stuerner_dn:121,L,right,stuerner_dn,side_convention_or_identity_requires_review
720575940623068841,stuerner_dn:122,R,left,stuerner_dn,side_convention_or_identity_requires_review
720575940624229925,stuerner_dn:123,L,right,stuerner_dn,side_convention_or_identity_requires_review
720575940612804862,stuerner_dn:124,L,right,stuerner_dn,side_convention_or_identity_requires_review
720575940621909739,stuerner_dn:125,L,right,stuerner_dn,side_convention_or_identity_requires_review
720575940622925972,stuerner_dn:126,L,right,stuerner_dn,side_convention_or_identity_requires_review
720575940608838958,stuerner_dn:127,R,left,stuerner_dn,side_convention_or_identity_requires_review
720575940637660733,stuerner_dn:128,R,left,stuerner_dn,side_convention_or_identity_requires_review
720575940618182480,stuerner_dn:129,R,left,stuerner_dn,side_convention_or_identity_requires_review
720575940634864026,stuerner_dn:130,R,left,stuerner_dn,side_convention_or_identity_requires_review
720575940612804606,stuerner_dn:131,L,right,stuerner_dn,side_convention_or_identity_requires_review
720575940610863310,stuerner_dn:132,L,right,stuerner_dn,side_convention_or_identity_requires_review
720575940632573887,stuerner_dn:133,L,right,stuerner_dn,side_convention_or_identity_requires_review
720575940639201443,stuerner_dn:134,R,left,stuerner_dn,side_convention_or_identity_requires_review
720575940612014131,stuerner_dn:135,R,left,stuerner_dn,side_convention_or_identity_requires_review
720575940630289804,stuerner_dn:136,R,left,stuerner_dn,side_convention_or_identity_requires_review
720575940627414887,stuerner_dn:137,L,right,stuerner_dn,side_convention_or_identity_requires_review
720575940647964281,stuerner_dn:138,L,right,stuerner_dn,side_convention_or_identity_requires_review
720575940617498507,stuerner_dn:139,L,right,stuerner_dn,side_convention_or_identity_requires_review
720575940626904219,stuerner_dn:140,R,left,stuerner_dn,side_convention_or_identity_requires_review
720575940613793170,stuerner_dn:141,R,left,stuerner_dn,side_convention_or_identity_requires_review
720575940613668620,stuerner_dn:142,R,left,stuerner_dn,side_convention_or_identity_requires_review
720575940622681864,stuerner_dn:143,R,left,stuerner_dn,side_convention_or_identity_requires_review
720575940625144061,stuerner_dn:144,L,right,stuerner_dn,side_convention_or_identity_requires_review
720575940622042603,stuerner_dn:145,R,left,stuerner_dn,side_convention_or_identity_requires_review
720575940630492714,stuerner_dn:146,L,right,stuerner_dn,side_convention_or_identity_requires_review
720575940641305229,stuerner_dn:147,R,left,stuerner_dn,side_convention_or_identity_requires_review
720575940625482954,stuerner_dn:148,L,right,stuerner_dn,side_convention_or_identity_requires_review
720575940628942586,stuerner_dn:149,R,left,stuerner_dn,side_convention_or_identity_requires_review
720575940622910188,stuerner_dn:150,L,right,stuerner_dn,side_convention_or_identity_requires_review
720575940626278129,stuerner_dn:151,R,left,stuerner_dn,side_convention_or_identity_requires_review
720575940617922439,stuerner_dn:152,L,right,stuerner_dn,side_convention_or_identity_requires_review
720575940627850622,stuerner_dn:153,R,left,stuerner_dn,side_convention_or_identity_requires_review
720575940615679282,stuerner_dn:154,L,right,stuerner_dn,side_convention_or_identity_requires_review
720575940626377349,stuerner_dn:155,R,left,stuerner_dn,side_convention_or_identity_requires_review
720575940625963432,stuerner_dn:156,L,right,stuerner_dn,side_convention_or_identity_requires_review
720575940615899622,stuerner_dn:157,L,right,stuerner_dn,side_convention_or_identity_requires_review
720575940642027464,stuerner_dn:158,L,right,stuerner_dn,side_convention_or_identity_requires_review
720575940623222712,stuerner_dn:159,L,right,stuerner_dn,side_convention_or_identity_requires_review
720575940613998860,stuerner_dn:160,L,right,stuerner_dn,side_convention_or_identity_requires_review
720575940653053601,stuerner_dn:161,R,left,stuerner_dn,side_convention_or_identity_requires_review
720575940620328828,stuerner_dn:162,R,left,stuerner_dn,side_convention_or_identity_requires_review
720575940628800207,stuerner_dn:163,R,left,stuerner_dn,side_convention_or_identity_requires_review
720575940636254810,stuerner_dn:164,R,left,stuerner_dn,side_convention_or_identity_requires_review
720575940632409130,stuerner_dn:165,R,left,stuerner_dn,side_convention_or_identity_requires_review
720575940621325034,stuerner_dn:166,L,right,stuerner_dn,side_convention_or_identity_requires_review
720575940624968013,stuerner_dn:167,L,right,stuerner_dn,side_convention_or_identity_requires_review
720575940624082931,stuerner_dn:168,R,left,stuerner_dn,side_convention_or_identity_requires_review
720575940643817888,stuerner_dn:169,R,left,stuerner_dn,side_convention_or_identity_requires_review
720575940627731176,stuerner_dn:170,L,right,stuerner_dn,side_convention_or_identity_requires_review
720575940609589443,stuerner_dn:171,R,left,stuerner_dn,side_convention_or_identity_requires_review
720575940625550398,stuerner_dn:172,L,right,stuerner_dn,side_convention_or_identity_requires_review
720575940627003179,stuerner_dn:173,L,right,stuerner_dn,side_convention_or_identity_requires_review
720575940612922851,stuerner_dn:174,L,right,stuerner_dn,side_convention_or_identity_requires_review
720575940619074836,stuerner_dn:175,R,left,stuerner_dn,side_convention_or_identity_requires_review
720575940620404182,stuerner_dn:176,R,left,stuerner_dn,side_convention_or_identity_requires_review
720575940622347784,stuerner_dn:177,R,left,stuerner_dn,side_convention_or_identity_requires_review
720575940618876830,stuerner_dn:178,L,right,stuerner_dn,side_convention_or_identity_requires_review
720575940618698411,stuerner_dn:179,L,right,stuerner_dn,side_convention_or_identity_requires_review
720575940637424547,stuerner_dn:180,L,right,stuerner_dn,side_convention_or_identity_requires_review
720575940639353552,stuerner_dn:181,L,right,stuerner_dn,side_convention_or_identity_requires_review
720575940615957663,stuerner_dn:182,L,right,stuerner_dn,side_convention_or_identity_requires_review
720575940633041503,stuerner_dn:183,L,right,stuerner_dn,side_convention_or_identity_requires_review
720575940618440943,stuerner_dn:184,R,left,stuerner_dn,side_convention_or_identity_requires_review
720575940612698287,stuerner_dn:185,R,left,stuerner_dn,side_convention_or_identity_requires_review
720575940619928346,stuerner_dn:186,R,left,stuerner_dn,side_convention_or_identity_requires_review
720575940633543531,stuerner_dn:187,R,left,stuerner_dn,side_convention_or_identity_requires_review
720575940614840715,stuerner_dn:188,R,left,stuerner_dn,side_convention_or_identity_requires_review
720575940625426469,stuerner_dn:189,L,right,stuerner_dn,side_convention_or_identity_requires_review
720575940612288947,stuerner_dn:190,L,right,stuerner_dn,side_convention_or_identity_requires_review
720575940644801060,stuerner_dn:191,L,right,stuerner_dn,side_convention_or_identity_requires_review
720575940647478148,stuerner_dn:192,L,right,stuerner_dn,side_convention_or_identity_requires_review
720575940626027752,stuerner_dn:193,L,right,stuerner_dn,side_convention_or_identity_requires_review
720575940621339713,stuerner_dn:194,L,right,stuerner_dn,side_convention_or_identity_requires_review
720575940639539840,stuerner_dn:195,L,right,stuerner_dn,side_convention_or_identity_requires_review
720575940614181585,stuerner_dn:196,L,right,stuerner_dn,side_convention_or_identity_requires_review
720575940612429714,stuerner_dn:197,R,left,stuerner_dn,side_convention_or_identity_requires_review
720575940626729295,stuerner_dn:198,R,left,stuerner_dn,side_convention_or_identity_requires_review
720575940629956695,stuerner_dn:199,R,left,stuerner_dn,side_convention_or_identity_requires_review
720575940628252751,stuerner_dn:200,R,left,stuerner_dn,side_convention_or_identity_requires_review
720575940626745987,stuerner_dn:201,R,left,stuerner_dn,side_convention_or_identity_requires_review
720575940611308181,stuerner_dn:202,R,left,stuerner_dn,side_convention_or_identity_requires_review
720575940621572890,stuerner_dn:203,R,left,stuerner_dn,side_convention_or_identity_requires_review
720575940615453182,stuerner_dn:204,R,left,stuerner_dn,side_convention_or_identity_requires_review
720575940621471157,stuerner_dn:205,L,right,stuerner_dn,side_convention_or_identity_requires_review
720575940635564896,stuerner_dn:206,L,right,stuerner_dn,side_convention_or_identity_requires_review
720575940624748419,stuerner_dn:207,L,right,stuerner_dn,side_convention_or_identity_requires_review
720575940630682618,stuerner_dn:208,L,right,stuerner_dn,side_convention_or_identity_requires_review
720575940616688286,stuerner_dn:209,L,right,stuerner_dn,side_convention_or_identity_requires_review
720575940625376062,stuerner_dn:210,L,right,stuerner_dn,side_convention_or_identity_requires_review
720575940624131913,stuerner_dn:211,L,right,stuerner_dn,side_convention_or_identity_requires_review
720575940622760269,stuerner_dn:212,L,right,stuerner_dn,side_convention_or_identity_requires_review
720575940621274845,stuerner_dn:213,L,right,stuerner_dn,side_convention_or_identity_requires_review
720575940640194493,stuerner_dn:214,L,right,stuerner_dn,side_convention_or_identity_requires_review
720575940632339425,stuerner_dn:215,L,right,stuerner_dn,side_convention_or_identity_requires_review
720575940636761926,stuerner_dn:216,R,left,stuerner_dn,side_convention_or_identity_requires_review
720575940623033532,stuerner_dn:217,R,left,stuerner_dn,side_convention_or_identity_requires_review
720575940616401467,stuerner_dn:218,R,left,stuerner_dn,side_convention_or_identity_requires_review
720575940608076739,stuerner_dn:219,R,left,stuerner_dn,side_convention_or_identity_requires_review
720575940626732776,stuerner_dn:220,R,left,stuerner_dn,side_convention_or_identity_requires_review
720575940618051801,stuerner_dn:221,R,left,stuerner_dn,side_convention_or_identity_requires_review
720575940637667443,stuerner_dn:222,R,left,stuerner_dn,side_convention_or_identity_requires_review
720575940618818395,stuerner_dn:223,R,left,stuerner_dn,side_convention_or_identity_requires_review
720575940631593753,stuerner_dn:224,R,left,stuerner_dn,side_convention_or_identity_requires_review
720575940631973207,stuerner_dn:225,R,left,stuerner_dn,side_convention_or_identity_requires_review
720575940632458514,stuerner_dn:226,R,left,stuerner_dn,side_convention_or_identity_requires_review
720575940629472298,stuerner_dn:227,L,right,stuerner_dn,side_convention_or_identity_requires_review
720575940629742718,stuerner_dn:228,L,right,stuerner_dn,side_convention_or_identity_requires_review
720575940626877639,stuerner_dn:229,L,right,stuerner_dn,side_convention_or_identity_requires_review
720575940631829059,stuerner_dn:230,L,right,stuerner_dn,side_convention_or_identity_requires_review
720575940621586473,stuerner_dn:231,R,left,stuerner_dn,side_convention_or_identity_requires_review
720575940627799802,stuerner_dn:232,R,left,stuerner_dn,side_convention_or_identity_requires_review
720575940634207087,stuerner_dn:233,R,left,stuerner_dn,side_convention_or_identity_requires_review
720575940630297292,stuerner_dn:234,R,left,stuerner_dn,side_convention_or_identity_requires_review
720575940627303699,stuerner_dn:235,L,right,stuerner_dn,side_convention_or_identity_requires_review
720575940620595883,stuerner_dn:236,L,right,stuerner_dn,side_convention_or_identity_requires_review
720575940612805118,stuerner_dn:237,L,right,stuerner_dn,side_convention_or_identity_requires_review
720575940619944513,stuerner_dn:238,L,right,stuerner_dn,side_convention_or_identity_requires_review
720575940631855663,stuerner_dn:239,L,right,stuerner_dn,side_convention_or_identity_requires_review
720575940616935838,stuerner_dn:240,L,right,stuerner_dn,side_convention_or_identity_requires_review
720575940620564673,stuerner_dn:241,L,right,stuerner_dn,side_convention_or_identity_requires_review
720575940624234242,stuerner_dn:242,R,left,stuerner_dn,side_convention_or_identity_requires_review
720575940629369642,stuerner_dn:243,R,left,stuerner_dn,side_convention_or_identity_requires_review
720575940660224385,stuerner_dn:244,R,left,stuerner_dn,side_convention_or_identity_requires_review
720575940626639259,stuerner_dn:245,R,left,stuerner_dn,side_convention_or_identity_requires_review
720575940617689816,stuerner_dn:246,R,left,stuerner_dn,side_convention_or_identity_requires_review
720575940647228468,stuerner_dn:247,L,right,stuerner_dn,side_convention_or_identity_requires_review
720575940640978048,stuerner_dn:248,R,left,stuerner_dn,side_convention_or_identity_requires_review
720575940614089726,stuerner_dn:249,L,right,stuerner_dn,side_convention_or_identity_requires_review
720575940621246068,stuerner_dn:250,R,left,stuerner_dn,side_convention_or_identity_requires_review
720575940621626394,stuerner_dn:251,L,right,stuerner_dn,side_convention_or_identity_requires_review
720575940630480348,stuerner_dn:252,L,right,stuerner_dn,side_convention_or_identity_requires_review
720575940640316238,stuerner_dn:253,R,left,stuerner_dn,side_convention_or_identity_requires_review
720575940624877360,stuerner_dn:254,R,left,stuerner_dn,side_convention_or_identity_requires_review
720575940606866377,stuerner_dn:255,L,right,stuerner_dn,side_convention_or_identity_requires_review
720575940635179871,stuerner_dn:256,R,left,stuerner_dn,side_convention_or_identity_requires_review
720575940623503318,stuerner_dn:257,L,right,stuerner_dn,side_convention_or_identity_requires_review
720575940631282194,stuerner_dn:258,R,left,stuerner_dn,side_convention_or_identity_requires_review
720575940647029044,stuerner_dn:259,L,right,stuerner_dn,side_convention_or_identity_requires_review
720575940624897516,stuerner_dn:260,R,left,stuerner_dn,side_convention_or_identity_requires_review
720575940622878719,stuerner_dn:261,L,right,stuerner_dn,side_convention_or_identity_requires_review
720575940631889965,stuerner_dn:262,L,right,stuerner_dn,side_convention_or_identity_requires_review
720575940626799920,stuerner_dn:263,L,right,stuerner_dn,side_convention_or_identity_requires_review
720575940626936324,stuerner_dn:264,L,right,stuerner_dn,side_convention_or_identity_requires_review
720575940615898730,stuerner_dn:265,L,right,stuerner_dn,side_convention_or_identity_requires_review
720575940628467830,stuerner_dn:266,L,right,stuerner_dn,side_convention_or_identity_requires_review
720575940629438508,stuerner_dn:267,L,right,stuerner_dn,side_convention_or_identity_requires_review
720575940625937340,stuerner_dn:268,L,right,stuerner_dn,side_convention_or_identity_requires_review
720575940660269185,stuerner_dn:269,R,left,stuerner_dn,side_convention_or_identity_requires_review
720575940617035153,stuerner_dn:270,R,left,stuerner_dn,side_convention_or_identity_requires_review
720575940630059087,stuerner_dn:271,R,left,stuerner_dn,side_convention_or_identity_requires_review
720575940620929483,stuerner_dn:272,R,left,stuerner_dn,side_convention_or_identity_requires_review
720575940639705077,stuerner_dn:273,R,left,stuerner_dn,side_convention_or_identity_requires_review
720575940613816062,stuerner_dn:274,R,left,stuerner_dn,side_convention_or_identity_requires_review
720575940633781217,stuerner_dn:275,L,right,stuerner_dn,side_convention_or_identity_requires_review
720575940629486075,stuerner_dn:276,R,left,stuerner_dn,side_convention_or_identity_requires_review
720575940632043576,stuerner_dn:277,L,right,stuerner_dn,side_convention_or_identity_requires_review
720575940627015196,stuerner_dn:278,R,left,stuerner_dn,side_convention_or_identity_requires_review
720575940631545960,stuerner_dn:279,L,right,stuerner_dn,side_convention_or_identity_requires_review
720575940625863728,stuerner_dn:280,R,left,stuerner_dn,side_convention_or_identity_requires_review
720575940621817326,stuerner_dn:281,L,right,stuerner_dn,side_convention_or_identity_requires_review
720575940644740256,stuerner_dn:282,L,right,stuerner_dn,side_convention_or_identity_requires_review
720575940631090402,stuerner_dn:283,L,right,stuerner_dn,side_convention_or_identity_requires_review
720575940609366648,stuerner_dn:284,R,left,stuerner_dn,side_convention_or_identity_requires_review
720575940618827910,stuerner_dn:285,R,left,stuerner_dn,side_convention_or_identity_requires_review
720575940625573653,stuerner_dn:286,R,left,stuerner_dn,side_convention_or_identity_requires_review
720575940656144289,stuerner_dn:287,L,right,stuerner_dn,side_convention_or_identity_requires_review
720575940635222640,stuerner_dn:288,L,right,stuerner_dn,side_convention_or_identity_requires_review
720575940623491987,stuerner_dn:289,L,right,stuerner_dn,side_convention_or_identity_requires_review
720575940626088835,stuerner_dn:290,R,left,stuerner_dn,side_convention_or_identity_requires_review
720575940610348458,stuerner_dn:291,R,left,stuerner_dn,side_convention_or_identity_requires_review
720575940627021349,stuerner_dn:292,R,left,stuerner_dn,side_convention_or_identity_requires_review
720575940611981029,stuerner_dn:293,L,right,stuerner_dn,side_convention_or_identity_requires_review
720575940631705130,stuerner_dn:294,R,left,stuerner_dn,side_convention_or_identity_requires_review
720575940619751872,stuerner_dn:295,L,right,stuerner_dn,side_convention_or_identity_requires_review
720575940611939290,stuerner_dn:296,L,right,stuerner_dn,side_convention_or_identity_requires_review
720575940631987364,stuerner_dn:297,L,right,stuerner_dn,side_convention_or_identity_requires_review
720575940615958203,stuerner_dn:298,L,right,stuerner_dn,side_convention_or_identity_requires_review
720575940617074393,stuerner_dn:299,R,left,stuerner_dn,side_convention_or_identity_requires_review
720575940642926702,stuerner_dn:300,R,left,stuerner_dn,side_convention_or_identity_requires_review
720575940624394498,stuerner_dn:301,R,left,stuerner_dn,side_convention_or_identity_requires_review
720575940625872688,stuerner_dn:302,R,left,stuerner_dn,side_convention_or_identity_requires_review
720575940625253649,stuerner_dn:303,L,right,stuerner_dn,side_convention_or_identity_requires_review
720575940631518582,stuerner_dn:304,L,right,stuerner_dn,side_convention_or_identity_requires_review
720575940638810677,stuerner_dn:305,L,right,stuerner_dn,side_convention_or_identity_requires_review
720575940631108559,stuerner_dn:306,L,right,stuerner_dn,side_convention_or_identity_requires_review
720575940626834698,stuerner_dn:307,L,right,stuerner_dn,side_convention_or_identity_requires_review
720575940620149836,stuerner_dn:308,L,right,stuerner_dn,side_convention_or_identity_requires_review
720575940621640885,stuerner_dn:309,L,right,stuerner_dn,side_convention_or_identity_requires_review
720575940628241628,stuerner_dn:310,L,right,stuerner_dn,side_convention_or_identity_requires_review
720575940617390641,stuerner_dn:311,L,right,stuerner_dn,side_convention_or_identity_requires_review
720575940615623051,stuerner_dn:312,R,left,stuerner_dn,side_convention_or_identity_requires_review
720575940632698541,stuerner_dn:313,R,left,stuerner_dn,side_convention_or_identity_requires_review
720575940619524852,stuerner_dn:314,R,left,stuerner_dn,side_convention_or_identity_requires_review
720575940618762605,stuerner_dn:315,R,left,stuerner_dn,side_convention_or_identity_requires_review
720575940618147520,stuerner_dn:316,R,left,stuerner_dn,side_convention_or_identity_requires_review
720575940617993607,stuerner_dn:317,R,left,stuerner_dn,side_convention_or_identity_requires_review
720575940611700520,stuerner_dn:318,R,left,stuerner_dn,side_convention_or_identity_requires_review
720575940625422609,stuerner_dn:319,R,left,stuerner_dn,side_convention_or_identity_requires_review
720575940608960722,stuerner_dn:320,R,left,stuerner_dn,side_convention_or_identity_requires_review
720575940617554577,stuerner_dn:321,L,right,stuerner_dn,side_convention_or_identity_requires_review
720575940645032580,stuerner_dn:322,L,right,stuerner_dn,side_convention_or_identity_requires_review
720575940627417619,stuerner_dn:323,L,right,stuerner_dn,side_convention_or_identity_requires_review
720575940612019825,stuerner_dn:324,R,left,stuerner_dn,side_convention_or_identity_requires_review
720575940622797244,stuerner_dn:325,R,left,stuerner_dn,side_convention_or_identity_requires_review
720575940635175263,stuerner_dn:326,R,left,stuerner_dn,side_convention_or_identity_requires_review
720575940626399588,stuerner_dn:327,L,right,stuerner_dn,side_convention_or_identity_requires_review
720575940637501784,stuerner_dn:328,R,left,stuerner_dn,side_convention_or_identity_requires_review
720575940614588778,stuerner_dn:329,L,right,stuerner_dn,side_convention_or_identity_requires_review
720575940626527055,stuerner_dn:330,L,right,stuerner_dn,side_convention_or_identity_requires_review
720575940641781133,stuerner_dn:331,L,right,stuerner_dn,side_convention_or_identity_requires_review
720575940605282406,stuerner_dn:332,L,right,stuerner_dn,side_convention_or_identity_requires_review
720575940627500279,stuerner_dn:333,R,left,stuerner_dn,side_convention_or_identity_requires_review
720575940621767306,stuerner_dn:334,R,left,stuerner_dn,side_convention_or_identity_requires_review
720575940627814522,stuerner_dn:335,R,left,stuerner_dn,side_convention_or_identity_requires_review
720575940612427670,stuerner_dn:336,R,left,stuerner_dn,side_convention_or_identity_requires_review
720575940606112940,stuerner_dn:337,L,right,stuerner_dn,side_convention_or_identity_requires_review
720575940616471052,stuerner_dn:338,R,left,stuerner_dn,side_convention_or_identity_requires_review
720575940609260494,stuerner_dn:339,L,right,stuerner_dn,side_convention_or_identity_requires_review
720575940624280066,stuerner_dn:340,R,left,stuerner_dn,side_convention_or_identity_requires_review
720575940625870640,stuerner_dn:341,L,right,stuerner_dn,side_convention_or_identity_requires_review
720575940627825923,stuerner_dn:342,R,left,stuerner_dn,side_convention_or_identity_requires_review
720575940641480949,stuerner_dn:343,L,right,stuerner_dn,side_convention_or_identity_requires_review
720575940645047831,stuerner_dn:344,R,left,stuerner_dn,side_convention_or_identity_requires_review
720575940614384757,stuerner_dn:345,L,right,stuerner_dn,side_convention_or_identity_requires_review
720575940613535554,stuerner_dn:346,R,left,stuerner_dn,side_convention_or_identity_requires_review
720575940659703937,stuerner_dn:347,L,right,stuerner_dn,side_convention_or_identity_requires_review
720575940621021278,stuerner_dn:348,R,left,stuerner_dn,side_convention_or_identity_requires_review
720575940609844117,stuerner_dn:349,L,right,stuerner_dn,side_convention_or_identity_requires_review
720575940631498925,stuerner_dn:350,L,right,stuerner_dn,side_convention_or_identity_requires_review
720575940634599615,stuerner_dn:351,L,right,stuerner_dn,side_convention_or_identity_requires_review
720575940630712493,stuerner_dn:352,R,left,stuerner_dn,side_convention_or_identity_requires_review
720575940622352764,stuerner_dn:353,R,left,stuerner_dn,side_convention_or_identity_requires_review
720575940620632369,stuerner_dn:354,R,left,stuerner_dn,side_convention_or_identity_requires_review
720575940643837988,stuerner_dn:355,L,right,stuerner_dn,side_convention_or_identity_requires_review
720575940625353736,stuerner_dn:356,R,left,stuerner_dn,side_convention_or_identity_requires_review
720575940633771745,stuerner_dn:357,L,right,stuerner_dn,side_convention_or_identity_requires_review
720575940637648485,stuerner_dn:358,R,left,stuerner_dn,side_convention_or_identity_requires_review
720575940612376805,stuerner_dn:359,L,right,stuerner_dn,side_convention_or_identity_requires_review
720575940634229871,stuerner_dn:360,R,left,stuerner_dn,side_convention_or_identity_requires_review
720575940621566844,stuerner_dn:361,R,left,stuerner_dn,side_convention_or_identity_requires_review
720575940628030440,stuerner_dn:362,L,right,stuerner_dn,side_convention_or_identity_requires_review
720575940615505406,stuerner_dn:363,L,right,stuerner_dn,side_convention_or_identity_requires_review
720575940630054735,stuerner_dn:364,R,left,stuerner_dn,side_convention_or_identity_requires_review
720575940639118926,stuerner_dn:365,L,right,stuerner_dn,side_convention_or_identity_requires_review
720575940624750480,stuerner_dn:366,R,left,stuerner_dn,side_convention_or_identity_requires_review
720575940644666660,stuerner_dn:371,L,right,stuerner_dn,side_convention_or_identity_requires_review
720575940619757366,stuerner_dn:372,R,left,stuerner_dn,side_convention_or_identity_requires_review
720575940630980559,stuerner_dn:373,L,right,stuerner_dn,side_convention_or_identity_requires_review
720575940610173048,stuerner_dn:374,L,right,stuerner_dn,side_convention_or_identity_requires_review
720575940621667693,stuerner_dn:375,R,left,stuerner_dn,side_convention_or_identity_requires_review
720575940630665210,stuerner_dn:376,R,left,stuerner_dn,side_convention_or_identity_requires_review
720575940607761244,stuerner_dn:377,L,right,stuerner_dn,side_convention_or_identity_requires_review
720575940622579967,stuerner_dn:378,R,left,stuerner_dn,side_convention_or_identity_requires_review
720575940623446860,stuerner_dn:379,L,right,stuerner_dn,side_convention_or_identity_requires_review
720575940631270162,stuerner_dn:380,R,left,stuerner_dn,side_convention_or_identity_requires_review
720575940660229505,stuerner_dn:381,L,right,stuerner_dn,side_convention_or_identity_requires_review
720575940632722771,stuerner_dn:382,R,left,stuerner_dn,side_convention_or_identity_requires_review
720575940609948514,stuerner_dn:383,L,right,stuerner_dn,side_convention_or_identity_requires_review
720575940642545883,stuerner_dn:384,R,left,stuerner_dn,side_convention_or_identity_requires_review
720575940630244060,stuerner_dn:385,L,right,stuerner_dn,side_convention_or_identity_requires_review
720575940618666142,stuerner_dn:386,R,left,stuerner_dn,side_convention_or_identity_requires_review
720575940644751652,stuerner_dn:387,L,right,stuerner_dn,side_convention_or_identity_requires_review
720575940620543025,stuerner_dn:388,R,left,stuerner_dn,side_convention_or_identity_requires_review
720575940629805950,stuerner_dn:389,L,right,stuerner_dn,side_convention_or_identity_requires_review
720575940618574749,stuerner_dn:390,R,left,stuerner_dn,side_convention_or_identity_requires_review
720575940622929193,stuerner_dn:391,L,right,stuerner_dn,side_convention_or_identity_requires_review
720575940639159029,stuerner_dn:392,R,left,stuerner_dn,side_convention_or_identity_requires_review
720575940626663994,stuerner_dn:393,R,left,stuerner_dn,side_convention_or_identity_requires_review
720575940617296699,stuerner_dn:394,L,right,stuerner_dn,side_convention_or_identity_requires_review
720575940621304004,stuerner_dn:395,L,right,stuerner_dn,side_convention_or_identity_requires_review
720575940614478658,stuerner_dn:396,R,left,stuerner_dn,side_convention_or_identity_requires_review
720575940621700789,stuerner_dn:397,R,left,stuerner_dn,side_convention_or_identity_requires_review
720575940625396252,stuerner_dn:398,R,left,stuerner_dn,side_convention_or_identity_requires_review
720575940624333802,stuerner_dn:399,L,right,stuerner_dn,side_convention_or_identity_requires_review
720575940623128269,stuerner_dn:400,R,left,stuerner_dn,side_convention_or_identity_requires_review
720575940608735241,stuerner_dn:401,L,right,stuerner_dn,side_convention_or_identity_requires_review
720575940613929391,stuerner_dn:402,R,left,stuerner_dn,side_convention_or_identity_requires_review
720575940634915691,stuerner_dn:403,L,right,stuerner_dn,side_convention_or_identity_requires_review
720575940616376287,stuerner_dn:404,R,left,stuerner_dn,side_convention_or_identity_requires_review
720575940622996579,stuerner_dn:405,L,right,stuerner_dn,side_convention_or_identity_requires_review
720575940626901136,stuerner_dn:406,R,left,stuerner_dn,side_convention_or_identity_requires_review
720575940622037926,stuerner_dn:407,L,right,stuerner_dn,side_convention_or_identity_requires_review
720575940636329579,stuerner_dn:408,R,left,stuerner_dn,side_convention_or_identity_requires_review
720575940621336852,stuerner_dn:409,L,right,stuerner_dn,side_convention_or_identity_requires_review
720575940624448956,stuerner_dn:410,R,left,stuerner_dn,side_convention_or_identity_requires_review
720575940614187006,stuerner_dn:411,L,right,stuerner_dn,side_convention_or_identity_requires_review
720575940611772083,stuerner_dn:412,R,left,stuerner_dn,side_convention_or_identity_requires_review
720575940628844712,stuerner_dn:413,L,right,stuerner_dn,side_convention_or_identity_requires_review
720575940614186449,stuerner_dn:414,R,left,stuerner_dn,side_convention_or_identity_requires_review
720575940622486644,stuerner_dn:415,L,right,stuerner_dn,side_convention_or_identity_requires_review
720575940627732423,stuerner_dn:416,R,left,stuerner_dn,side_convention_or_identity_requires_review
720575940615108714,stuerner_dn:417,L,right,stuerner_dn,side_convention_or_identity_requires_review
720575940638664355,stuerner_dn:418,R,left,stuerner_dn,side_convention_or_identity_requires_review
720575940631629160,stuerner_dn:419,L,right,stuerner_dn,side_convention_or_identity_requires_review
720575940627812168,stuerner_dn:420,R,left,stuerner_dn,side_convention_or_identity_requires_review
720575940628225167,stuerner_dn:421,L,right,stuerner_dn,side_convention_or_identity_requires_review
720575940633228172,stuerner_dn:422,R,left,stuerner_dn,side_convention_or_identity_requires_review
720575940631299855,stuerner_dn:423,L,right,stuerner_dn,side_convention_or_identity_requires_review
720575940632307025,stuerner_dn:424,R,left,stuerner_dn,side_convention_or_identity_requires_review
720575940620760692,stuerner_dn:425,L,right,stuerner_dn,side_convention_or_identity_requires_review
720575940619744496,stuerner_dn:426,R,left,stuerner_dn,side_convention_or_identity_requires_review
720575940635587064,stuerner_dn:427,L,right,stuerner_dn,side_convention_or_identity_requires_review
720575940617663093,stuerner_dn:428,L,right,stuerner_dn,side_convention_or_identity_requires_review
720575940639159797,stuerner_dn:429,R,left,stuerner_dn,side_convention_or_identity_requires_review
720575940629521655,stuerner_dn:430,R,left,stuerner_dn,side_convention_or_identity_requires_review
720575940630808591,stuerner_dn:431,L,right,stuerner_dn,side_convention_or_identity_requires_review
720575940628881576,stuerner_dn:432,L,right,stuerner_dn,side_convention_or_identity_requires_review
720575940641832333,stuerner_dn:433,R,left,stuerner_dn,side_convention_or_identity_requires_review
720575940624967463,stuerner_dn:434,R,left,stuerner_dn,side_convention_or_identity_requires_review
720575940620470976,stuerner_dn:435,L,right,stuerner_dn,side_convention_or_identity_requires_review
720575940633995181,stuerner_dn:436,R,left,stuerner_dn,side_convention_or_identity_requires_review
720575940648188548,stuerner_dn:437,L,right,stuerner_dn,side_convention_or_identity_requires_review
720575940618514043,stuerner_dn:438,R,left,stuerner_dn,side_convention_or_identity_requires_review
720575940649809273,stuerner_dn:440,L,right,stuerner_dn,side_convention_or_identity_requires_review
720575940604783136,stuerner_dn:441,R,left,stuerner_dn,side_convention_or_identity_requires_review
720575940632634532,stuerner_dn:442,L,right,stuerner_dn,side_convention_or_identity_requires_review
720575940634617952,stuerner_dn:443,R,left,stuerner_dn,side_convention_or_identity_requires_review
720575940615030568,stuerner_dn:444,L,right,stuerner_dn,side_convention_or_identity_requires_review
720575940611225237,stuerner_dn:445,R,left,stuerner_dn,side_convention_or_identity_requires_review
720575940620169607,stuerner_dn:446,L,right,stuerner_dn,side_convention_or_identity_requires_review
720575940622067165,stuerner_dn:447,R,left,stuerner_dn,side_convention_or_identity_requires_review
720575940635166571,stuerner_dn:448,L,right,stuerner_dn,side_convention_or_identity_requires_review
720575940631168057,stuerner_dn:449,R,left,stuerner_dn,side_convention_or_identity_requires_review
720575940617031385,stuerner_dn:450,L,right,stuerner_dn,side_convention_or_identity_requires_review
720575940647560500,stuerner_dn:451,R,left,stuerner_dn,side_convention_or_identity_requires_review
720575940616185531,stuerner_dn:452,L,right,stuerner_dn,side_convention_or_identity_requires_review
720575940624319124,stuerner_dn:453,R,left,stuerner_dn,side_convention_or_identity_requires_review
720575940604470956,stuerner_dn:454,L,right,stuerner_dn,side_convention_or_identity_requires_review
720575940612692889,stuerner_dn:455,R,left,stuerner_dn,side_convention_or_identity_requires_review
720575940621947653,stuerner_dn:456,L,right,stuerner_dn,side_convention_or_identity_requires_review
720575940632632607,stuerner_dn:457,R,left,stuerner_dn,side_convention_or_identity_requires_review
720575940611756723,stuerner_dn:458,L,right,stuerner_dn,side_convention_or_identity_requires_review
720575940628659305,stuerner_dn:459,R,left,stuerner_dn,side_convention_or_identity_requires_review
720575940632877869,stuerner_dn:461,L,right,stuerner_dn,side_convention_or_identity_requires_review
720575940612648106,stuerner_dn:462,R,left,stuerner_dn,side_convention_or_identity_requires_review
720575940630808827,stuerner_dn:463,L,right,stuerner_dn,side_convention_or_identity_requires_review
720575940629543409,stuerner_dn:464,R,left,stuerner_dn,side_convention_or_identity_requires_review
720575940634903915,stuerner_dn:465,L,right,stuerner_dn,side_convention_or_identity_requires_review
720575940628387663,stuerner_dn:466,R,left,stuerner_dn,side_convention_or_identity_requires_review
720575940632524559,stuerner_dn:467,L,right,stuerner_dn,side_convention_or_identity_requires_review
720575940632407826,stuerner_dn:468,R,left,stuerner_dn,side_convention_or_identity_requires_review
720575940622160560,stuerner_dn:469,L,right,stuerner_dn,side_convention_or_identity_requires_review
720575940626524702,stuerner_dn:470,R,left,stuerner_dn,side_convention_or_identity_requires_review
720575940626179614,stuerner_dn:471,L,right,stuerner_dn,side_convention_or_identity_requires_review
720575940636029807,stuerner_dn:472,L,right,stuerner_dn,side_convention_or_identity_requires_review
720575940627366675,stuerner_dn:473,R,left,stuerner_dn,side_convention_or_identity_requires_review
720575940615323298,stuerner_dn:474,R,left,stuerner_dn,side_convention_or_identity_requires_review
720575940641833869,stuerner_dn:475,L,right,stuerner_dn,side_convention_or_identity_requires_review
720575940623426854,stuerner_dn:476,R,left,stuerner_dn,side_convention_or_identity_requires_review
720575940622500172,stuerner_dn:477,L,right,stuerner_dn,side_convention_or_identity_requires_review
720575940633529548,stuerner_dn:478,R,left,stuerner_dn,side_convention_or_identity_requires_review
720575940627087646,stuerner_dn:479,L,right,stuerner_dn,side_convention_or_identity_requires_review
720575940636656632,stuerner_dn:480,R,left,stuerner_dn,side_convention_or_identity_requires_review
720575940612603289,stuerner_dn:481,L,right,stuerner_dn,side_convention_or_identity_requires_review
720575940614730914,stuerner_dn:482,R,left,stuerner_dn,side_convention_or_identity_requires_review
720575940620622708,stuerner_dn:483,L,right,stuerner_dn,side_convention_or_identity_requires_review
720575940605950496,stuerner_dn:484,R,left,stuerner_dn,side_convention_or_identity_requires_review
720575940625815562,stuerner_dn:485,R,left,stuerner_dn,side_convention_or_identity_requires_review
720575940631643532,stuerner_dn:486,L,right,stuerner_dn,side_convention_or_identity_requires_review
720575940606342089,stuerner_dn:487,L,right,stuerner_dn,side_convention_or_identity_requires_review
720575940611956197,stuerner_dn:488,R,left,stuerner_dn,side_convention_or_identity_requires_review
720575940627538434,stuerner_dn:489,L,right,stuerner_dn,side_convention_or_identity_requires_review
720575940611735002,stuerner_dn:490,L,right,stuerner_dn,side_convention_or_identity_requires_review
720575940622537653,stuerner_dn:491,R,left,stuerner_dn,side_convention_or_identity_requires_review
720575940627210568,stuerner_dn:492,R,left,stuerner_dn,side_convention_or_identity_requires_review
720575940631110095,stuerner_dn:493,L,right,stuerner_dn,side_convention_or_identity_requires_review
720575940630697078,stuerner_dn:494,R,left,stuerner_dn,side_convention_or_identity_requires_review
720575940629012227,stuerner_dn:495,L,right,stuerner_dn,side_convention_or_identity_requires_review
720575940645556334,stuerner_dn:496,R,left,stuerner_dn,side_convention_or_identity_requires_review
720575940628582607,stuerner_dn:497,L,right,stuerner_dn,side_convention_or_identity_requires_review
720575940638623165,stuerner_dn:498,R,left,stuerner_dn,side_convention_or_identity_requires_review
720575940627691458,stuerner_dn:499,L,right,stuerner_dn,side_convention_or_identity_requires_review
720575940614843275,stuerner_dn:500,R,left,stuerner_dn,side_convention_or_identity_requires_review
720575940615378399,stuerner_dn:501,L,right,stuerner_dn,side_convention_or_identity_requires_review
720575940626816062,stuerner_dn:502,R,left,stuerner_dn,side_convention_or_identity_requires_review
720575940639152361,stuerner_dn:503,L,right,stuerner_dn,side_convention_or_identity_requires_review
720575940644473760,stuerner_dn:504,R,left,stuerner_dn,side_convention_or_identity_requires_review
720575940626295396,stuerner_dn:505,L,right,stuerner_dn,side_convention_or_identity_requires_review
720575940621628582,stuerner_dn:506,R,left,stuerner_dn,side_convention_or_identity_requires_review
720575940631549202,stuerner_dn:507,L,right,stuerner_dn,side_convention_or_identity_requires_review
720575940617290043,stuerner_dn:508,R,left,stuerner_dn,side_convention_or_identity_requires_review
720575940627828552,stuerner_dn:509,L,right,stuerner_dn,side_convention_or_identity_requires_review
720575940628125715,stuerner_dn:510,R,left,stuerner_dn,side_convention_or_identity_requires_review
720575940623355114,stuerner_dn:511,L,right,stuerner_dn,side_convention_or_identity_requires_review
720575940621065301,stuerner_dn:512,R,left,stuerner_dn,side_convention_or_identity_requires_review
720575940618658974,stuerner_dn:513,L,right,stuerner_dn,side_convention_or_identity_requires_review
720575940638109668,stuerner_dn:514,R,left,stuerner_dn,side_convention_or_identity_requires_review
720575940605513649,stuerner_dn:515,L,right,stuerner_dn,side_convention_or_identity_requires_review
720575940610231509,stuerner_dn:516,R,left,stuerner_dn,side_convention_or_identity_requires_review
720575940622594186,stuerner_dn:517,L,right,stuerner_dn,side_convention_or_identity_requires_review
720575940635701655,stuerner_dn:518,R,left,stuerner_dn,side_convention_or_identity_requires_review
720575940628397138,stuerner_dn:519,L,right,stuerner_dn,side_convention_or_identity_requires_review
720575940625314058,stuerner_dn:520,L,right,stuerner_dn,side_convention_or_identity_requires_review
720575940611462885,stuerner_dn:521,R,left,stuerner_dn,side_convention_or_identity_requires_review
720575940625345584,stuerner_dn:522,R,left,stuerner_dn,side_convention_or_identity_requires_review
720575940637678653,stuerner_dn:523,L,right,stuerner_dn,side_convention_or_identity_requires_review
720575940638159472,stuerner_dn:524,L,right,stuerner_dn,side_convention_or_identity_requires_review
720575940642198747,stuerner_dn:525,R,left,stuerner_dn,side_convention_or_identity_requires_review
720575940626187014,stuerner_dn:526,R,left,stuerner_dn,side_convention_or_identity_requires_review
720575940613019541,stuerner_dn:527,L,right,stuerner_dn,side_convention_or_identity_requires_review
720575940626085562,stuerner_dn:528,R,left,stuerner_dn,side_convention_or_identity_requires_review
720575940626888250,stuerner_dn:529,L,right,stuerner_dn,side_convention_or_identity_requires_review
720575940623626986,stuerner_dn:530,R,left,stuerner_dn,side_convention_or_identity_requires_review
720575940625887207,stuerner_dn:531,L,right,stuerner_dn,side_convention_or_identity_requires_review
720575940645534516,stuerner_dn:532,R,left,stuerner_dn,side_convention_or_identity_requires_review
720575940615715003,stuerner_dn:533,L,right,stuerner_dn,side_convention_or_identity_requires_review
720575940612036837,stuerner_dn:534,R,left,stuerner_dn,side_convention_or_identity_requires_review
720575940620300308,stuerner_dn:535,L,right,stuerner_dn,side_convention_or_identity_requires_review
720575940626730883,stuerner_dn:536,R,left,stuerner_dn,side_convention_or_identity_requires_review
720575940623338281,stuerner_dn:537,L,right,stuerner_dn,side_convention_or_identity_requires_review
720575940630810486,stuerner_dn:538,R,left,stuerner_dn,side_convention_or_identity_requires_review
720575940619332944,stuerner_dn:539,L,right,stuerner_dn,side_convention_or_identity_requires_review
720575940620621190,stuerner_dn:540,R,left,stuerner_dn,side_convention_or_identity_requires_review
720575940622632084,stuerner_dn:541,L,right,stuerner_dn,side_convention_or_identity_requires_review
720575940637530084,stuerner_dn:542,L,right,stuerner_dn,side_convention_or_identity_requires_review
720575940617568697,stuerner_dn:543,R,left,stuerner_dn,side_convention_or_identity_requires_review
720575940620135645,stuerner_dn:544,R,left,stuerner_dn,side_convention_or_identity_requires_review
720575940628345610,stuerner_dn:545,L,right,stuerner_dn,side_convention_or_identity_requires_review
720575940611531986,stuerner_dn:546,R,left,stuerner_dn,side_convention_or_identity_requires_review
720575940622195625,stuerner_dn:547,L,right,stuerner_dn,side_convention_or_identity_requires_review
720575940623164685,stuerner_dn:548,R,left,stuerner_dn,side_convention_or_identity_requires_review
720575940623637226,stuerner_dn:549,L,right,stuerner_dn,side_convention_or_identity_requires_review
720575940614352278,stuerner_dn:550,R,left,stuerner_dn,side_convention_or_identity_requires_review
720575940659356545,stuerner_dn:551,L,right,stuerner_dn,side_convention_or_identity_requires_review
720575940650282742,stuerner_dn:552,R,left,stuerner_dn,side_convention_or_identity_requires_review
720575940633178508,stuerner_dn:553,L,right,stuerner_dn,side_convention_or_identity_requires_review
720575940646764579,stuerner_dn:554,R,left,stuerner_dn,side_convention_or_identity_requires_review
720575940639425112,stuerner_dn:555,L,right,stuerner_dn,side_convention_or_identity_requires_review
720575940626993694,stuerner_dn:556,R,left,stuerner_dn,side_convention_or_identity_requires_review
720575940623431571,stuerner_dn:557,L,right,stuerner_dn,side_convention_or_identity_requires_review
720575940621923837,stuerner_dn:558,R,left,stuerner_dn,side_convention_or_identity_requires_review
720575940620017261,stuerner_dn:559,L,right,stuerner_dn,side_convention_or_identity_requires_review
720575940616353675,stuerner_dn:560,R,left,stuerner_dn,side_convention_or_identity_requires_review
720575940632161311,stuerner_dn:561,L,right,stuerner_dn,side_convention_or_identity_requires_review
720575940629833020,stuerner_dn:562,R,left,stuerner_dn,side_convention_or_identity_requires_review
720575940610872014,stuerner_dn:563,L,right,stuerner_dn,side_convention_or_identity_requires_review
720575940625306603,stuerner_dn:564,R,left,stuerner_dn,side_convention_or_identity_requires_review
720575940631632012,stuerner_dn:565,L,right,stuerner_dn,side_convention_or_identity_requires_review
720575940625890888,stuerner_dn:566,R,left,stuerner_dn,side_convention_or_identity_requires_review
720575940645834275,stuerner_dn:567,L,right,stuerner_dn,side_convention_or_identity_requires_review
720575940627001637,stuerner_dn:568,R,left,stuerner_dn,side_convention_or_identity_requires_review
720575940628993871,stuerner_dn:569,L,right,stuerner_dn,side_convention_or_identity_requires_review
720575940640156301,stuerner_dn:570,R,left,stuerner_dn,side_convention_or_identity_requires_review
720575940616076917,stuerner_dn:571,L,right,stuerner_dn,side_convention_or_identity_requires_review
720575940633201400,stuerner_dn:572,L,right,stuerner_dn,side_convention_or_identity_requires_review
720575940616374667,stuerner_dn:573,L,right,stuerner_dn,side_convention_or_identity_requires_review
720575940605656521,stuerner_dn:574,R,left,stuerner_dn,side_convention_or_identity_requires_review
720575940632041247,stuerner_dn:575,R,left,stuerner_dn,side_convention_or_identity_requires_review
720575940626229337,stuerner_dn:576,R,left,stuerner_dn,side_convention_or_identity_requires_review
720575940632037224,stuerner_dn:577,L,right,stuerner_dn,side_convention_or_identity_requires_review
720575940607178709,stuerner_dn:578,R,left,stuerner_dn,side_convention_or_identity_requires_review
720575940612586151,stuerner_dn:579,L,right,stuerner_dn,side_convention_or_identity_requires_review
720575940626919579,stuerner_dn:580,R,left,stuerner_dn,side_convention_or_identity_requires_review
720575940631283267,stuerner_dn:581,L,right,stuerner_dn,side_convention_or_identity_requires_review
720575940625641402,stuerner_dn:582,R,left,stuerner_dn,side_convention_or_identity_requires_review
720575940622386824,stuerner_dn:583,L,right,stuerner_dn,side_convention_or_identity_requires_review
720575940624106388,stuerner_dn:584,L,right,stuerner_dn,side_convention_or_identity_requires_review
720575940622351996,stuerner_dn:585,L,right,stuerner_dn,side_convention_or_identity_requires_review
720575940631695841,stuerner_dn:586,L,right,stuerner_dn,side_convention_or_identity_requires_review
720575940614129617,stuerner_dn:587,L,right,stuerner_dn,side_convention_or_identity_requires_review
720575940604930481,stuerner_dn:588,R,left,stuerner_dn,side_convention_or_identity_requires_review
720575940630221563,stuerner_dn:589,R,left,stuerner_dn,side_convention_or_identity_requires_review
720575940619133878,stuerner_dn:590,R,left,stuerner_dn,side_convention_or_identity_requires_review
720575940632620991,stuerner_dn:591,R,left,stuerner_dn,side_convention_or_identity_requires_review
720575940626849546,stuerner_dn:592,R,left,stuerner_dn,side_convention_or_identity_requires_review
720575940632302151,stuerner_dn:593,R,left,stuerner_dn,side_convention_or_identity_requires_review
720575940634198926,stuerner_dn:594,R,left,stuerner_dn,side_convention_or_identity_requires_review
720575940627595772,stuerner_dn:595,L,right,stuerner_dn,side_convention_or_identity_requires_review
720575940625642302,stuerner_dn:596,L,right,stuerner_dn,side_convention_or_identity_requires_review
720575940618393478,stuerner_dn:597,L,right,stuerner_dn,side_convention_or_identity_requires_review
720575940604727264,stuerner_dn:598,L,right,stuerner_dn,side_convention_or_identity_requires_review
720575940612427414,stuerner_dn:599,R,left,stuerner_dn,side_convention_or_identity_requires_review
720575940632355885,stuerner_dn:600,R,left,stuerner_dn,side_convention_or_identity_requires_review
720575940618947956,stuerner_dn:601,R,left,stuerner_dn,side_convention_or_identity_requires_review
720575940622332403,stuerner_dn:602,R,left,stuerner_dn,side_convention_or_identity_requires_review
720575940614642838,stuerner_dn:603,L,right,stuerner_dn,side_convention_or_identity_requires_review
720575940628378440,stuerner_dn:604,R,left,stuerner_dn,side_convention_or_identity_requires_review
720575940639634304,stuerner_dn:605,L,right,stuerner_dn,side_convention_or_identity_requires_review
720575940615666655,stuerner_dn:606,R,left,stuerner_dn,side_convention_or_identity_requires_review
720575940633218444,stuerner_dn:607,L,right,stuerner_dn,side_convention_or_identity_requires_review
720575940644542880,stuerner_dn:608,R,left,stuerner_dn,side_convention_or_identity_requires_review
720575940645032068,stuerner_dn:609,L,right,stuerner_dn,side_convention_or_identity_requires_review
720575940622478349,stuerner_dn:610,L,right,stuerner_dn,side_convention_or_identity_requires_review
720575940611807795,stuerner_dn:611,L,right,stuerner_dn,side_convention_or_identity_requires_review
720575940621181066,stuerner_dn:612,R,left,stuerner_dn,side_convention_or_identity_requires_review
720575940628445169,stuerner_dn:613,R,left,stuerner_dn,side_convention_or_identity_requires_review
720575940631035603,stuerner_dn:614,R,left,stuerner_dn,side_convention_or_identity_requires_review
720575940632303441,stuerner_dn:615,L,right,stuerner_dn,side_convention_or_identity_requires_review
720575940618519454,stuerner_dn:616,R,left,stuerner_dn,side_convention_or_identity_requires_review
720575940638989894,stuerner_dn:617,L,right,stuerner_dn,side_convention_or_identity_requires_review
720575940628441862,stuerner_dn:618,R,left,stuerner_dn,side_convention_or_identity_requires_review
720575940617432065,stuerner_dn:619,L,right,stuerner_dn,side_convention_or_identity_requires_review
720575940621319156,stuerner_dn:620,R,left,stuerner_dn,side_convention_or_identity_requires_review
720575940614165201,stuerner_dn:621,L,right,stuerner_dn,side_convention_or_identity_requires_review
720575940644659236,stuerner_dn:622,R,left,stuerner_dn,side_convention_or_identity_requires_review
720575940619077755,stuerner_dn:623,L,right,stuerner_dn,side_convention_or_identity_requires_review
720575940614235323,stuerner_dn:624,R,left,stuerner_dn,side_convention_or_identity_requires_review
720575940611654570,stuerner_dn:625,L,right,stuerner_dn,side_convention_or_identity_requires_review
720575940639088216,stuerner_dn:626,R,left,stuerner_dn,side_convention_or_identity_requires_review
720575940644653348,stuerner_dn:627,L,right,stuerner_dn,side_convention_or_identity_requires_review
720575940640589171,stuerner_dn:628,R,left,stuerner_dn,side_convention_or_identity_requires_review
720575940631508598,stuerner_dn:629,L,right,stuerner_dn,side_convention_or_identity_requires_review
720575940618663838,stuerner_dn:630,R,left,stuerner_dn,side_convention_or_identity_requires_review
720575940606222014,stuerner_dn:631,L,right,stuerner_dn,side_convention_or_identity_requires_review
720575940624816115,stuerner_dn:632,R,left,stuerner_dn,side_convention_or_identity_requires_review
720575940627419676,stuerner_dn:633,L,right,stuerner_dn,side_convention_or_identity_requires_review
720575940612206810,stuerner_dn:634,R,left,stuerner_dn,side_convention_or_identity_requires_review
720575940639726141,stuerner_dn:635,L,right,stuerner_dn,side_convention_or_identity_requires_review
720575940620298772,stuerner_dn:636,R,left,stuerner_dn,side_convention_or_identity_requires_review
720575940627107721,stuerner_dn:637,L,right,stuerner_dn,side_convention_or_identity_requires_review
720575940632486969,stuerner_dn:638,R,left,stuerner_dn,side_convention_or_identity_requires_review
720575940627826760,stuerner_dn:639,L,right,stuerner_dn,side_convention_or_identity_requires_review
720575940608188427,stuerner_dn:640,R,left,stuerner_dn,side_convention_or_identity_requires_review
720575940637603038,stuerner_dn:641,L,right,stuerner_dn,side_convention_or_identity_requires_review
720575940621313414,stuerner_dn:642,R,left,stuerner_dn,side_convention_or_identity_requires_review
720575940621530117,stuerner_dn:643,L,right,stuerner_dn,side_convention_or_identity_requires_review
720575940616400470,stuerner_dn:644,R,left,stuerner_dn,side_convention_or_identity_requires_review
720575940606607234,stuerner_dn:645,L,right,stuerner_dn,side_convention_or_identity_requires_review
720575940645352814,stuerner_dn:646,R,left,stuerner_dn,side_convention_or_identity_requires_review
720575940629240263,stuerner_dn:647,L,right,stuerner_dn,side_convention_or_identity_requires_review
720575940622633716,stuerner_dn:648,R,left,stuerner_dn,side_convention_or_identity_requires_review
720575940613347299,stuerner_dn:649,L,right,stuerner_dn,side_convention_or_identity_requires_review
720575940631959097,stuerner_dn:650,R,left,stuerner_dn,side_convention_or_identity_requires_review
720575940634428058,stuerner_dn:651,L,right,stuerner_dn,side_convention_or_identity_requires_review
720575940622147873,stuerner_dn:652,R,left,stuerner_dn,side_convention_or_identity_requires_review
720575940617792069,stuerner_dn:653,L,right,stuerner_dn,side_convention_or_identity_requires_review
720575940623137212,stuerner_dn:654,R,left,stuerner_dn,side_convention_or_identity_requires_review
720575940634825879,stuerner_dn:655,L,right,stuerner_dn,side_convention_or_identity_requires_review
720575940612366322,stuerner_dn:656,R,left,stuerner_dn,side_convention_or_identity_requires_review
720575940622027222,stuerner_dn:657,L,right,stuerner_dn,side_convention_or_identity_requires_review
720575940620714150,stuerner_dn:658,L,right,stuerner_dn,side_convention_or_identity_requires_review
720575940644758308,stuerner_dn:659,R,left,stuerner_dn,side_convention_or_identity_requires_review
720575940630291767,stuerner_dn:660,R,left,stuerner_dn,side_convention_or_identity_requires_review
720575940622565590,stuerner_dn:661,L,right,stuerner_dn,side_convention_or_identity_requires_review
720575940614342038,stuerner_dn:662,R,left,stuerner_dn,side_convention_or_identity_requires_review
720575940609376707,stuerner_dn:663,L,right,stuerner_dn,side_convention_or_identity_requires_review
720575940617399257,stuerner_dn:664,R,left,stuerner_dn,side_convention_or_identity_requires_review
720575940620082512,stuerner_dn:665,L,right,stuerner_dn,side_convention_or_identity_requires_review
720575940628360723,stuerner_dn:666,R,left,stuerner_dn,side_convention_or_identity_requires_review
720575940647586948,stuerner_dn:667,L,right,stuerner_dn,side_convention_or_identity_requires_review
720575940611813842,stuerner_dn:668,R,left,stuerner_dn,side_convention_or_identity_requires_review
720575940649829241,stuerner_dn:669,L,right,stuerner_dn,side_convention_or_identity_requires_review
720575940610677828,stuerner_dn:670,R,left,stuerner_dn,side_convention_or_identity_requires_review
720575940620859630,stuerner_dn:671,L,right,stuerner_dn,side_convention_or_identity_requires_review
720575940637659749,stuerner_dn:672,R,left,stuerner_dn,side_convention_or_identity_requires_review
720575940630135084,stuerner_dn:673,L,right,stuerner_dn,side_convention_or_identity_requires_review
720575940638204132,stuerner_dn:674,R,left,stuerner_dn,side_convention_or_identity_requires_review
720575940622161366,stuerner_dn:675,L,right,stuerner_dn,side_convention_or_identity_requires_review
720575940620541099,stuerner_dn:676,R,left,stuerner_dn,side_convention_or_identity_requires_review
720575940624986300,stuerner_dn:677,L,right,stuerner_dn,side_convention_or_identity_requires_review
720575940623918121,stuerner_dn:678,R,left,stuerner_dn,side_convention_or_identity_requires_review
720575940632960813,stuerner_dn:679,L,right,stuerner_dn,side_convention_or_identity_requires_review
720575940626672058,stuerner_dn:680,R,left,stuerner_dn,side_convention_or_identity_requires_review
720575940648180868,stuerner_dn:681,L,right,stuerner_dn,side_convention_or_identity_requires_review
720575940627403578,stuerner_dn:682,R,left,stuerner_dn,side_convention_or_identity_requires_review
720575940613589167,stuerner_dn:683,L,right,stuerner_dn,side_convention_or_identity_requires_review
720575940606633248,stuerner_dn:684,R,left,stuerner_dn,side_convention_or_identity_requires_review
720575940619877396,stuerner_dn:685,L,right,stuerner_dn,side_convention_or_identity_requires_review
720575940615671106,stuerner_dn:686,R,left,stuerner_dn,side_convention_or_identity_requires_review
720575940618291520,stuerner_dn:687,L,right,stuerner_dn,side_convention_or_identity_requires_review
720575940630695798,stuerner_dn:688,R,left,stuerner_dn,side_convention_or_identity_requires_review
720575940618863553,stuerner_dn:689,L,right,stuerner_dn,side_convention_or_identity_requires_review
720575940621082111,stuerner_dn:690,R,left,stuerner_dn,side_convention_or_identity_requires_review
720575940618548244,stuerner_dn:691,L,right,stuerner_dn,side_convention_or_identity_requires_review
720575940621294218,stuerner_dn:692,R,left,stuerner_dn,side_convention_or_identity_requires_review
720575940615023535,stuerner_dn:693,L,right,stuerner_dn,side_convention_or_identity_requires_review
720575940627099338,stuerner_dn:694,R,left,stuerner_dn,side_convention_or_identity_requires_review
720575940617950877,stuerner_dn:695,L,right,stuerner_dn,side_convention_or_identity_requires_review
720575940616597334,stuerner_dn:696,R,left,stuerner_dn,side_convention_or_identity_requires_review
720575940626319235,stuerner_dn:697,L,right,stuerner_dn,side_convention_or_identity_requires_review
720575940636333710,stuerner_dn:698,R,left,stuerner_dn,side_convention_or_identity_requires_review
720575940627167516,stuerner_dn:699,L,right,stuerner_dn,side_convention_or_identity_requires_review
720575940633293025,stuerner_dn:700,R,left,stuerner_dn,side_convention_or_identity_requires_review
720575940627827697,stuerner_dn:701,L,right,stuerner_dn,side_convention_or_identity_requires_review
720575940622537477,stuerner_dn:702,R,left,stuerner_dn,side_convention_or_identity_requires_review
720575940615578043,stuerner_dn:703,L,right,stuerner_dn,side_convention_or_identity_requires_review
720575940611881139,stuerner_dn:704,R,left,stuerner_dn,side_convention_or_identity_requires_review
720575940627234069,stuerner_dn:705,L,right,stuerner_dn,side_convention_or_identity_requires_review
720575940618405686,stuerner_dn:706,R,left,stuerner_dn,side_convention_or_identity_requires_review
720575940651932150,stuerner_dn:707,L,right,stuerner_dn,side_convention_or_identity_requires_review
720575940647755641,stuerner_dn:708,R,left,stuerner_dn,side_convention_or_identity_requires_review
720575940636098367,stuerner_dn:709,L,right,stuerner_dn,side_convention_or_identity_requires_review
720575940628745209,stuerner_dn:710,L,right,stuerner_dn,side_convention_or_identity_requires_review
720575940609733582,stuerner_dn:711,L,right,stuerner_dn,side_convention_or_identity_requires_review
720575940612335539,stuerner_dn:712,L,right,stuerner_dn,side_convention_or_identity_requires_review
720575940614959675,stuerner_dn:713,L,right,stuerner_dn,side_convention_or_identity_requires_review
720575940611765201,stuerner_dn:714,L,right,stuerner_dn,side_convention_or_identity_requires_review
720575940630569413,stuerner_dn:715,L,right,stuerner_dn,side_convention_or_identity_requires_review
720575940634525303,stuerner_dn:716,R,left,stuerner_dn,side_convention_or_identity_requires_review
720575940631651810,stuerner_dn:717,R,left,stuerner_dn,side_convention_or_identity_requires_review
720575940621534273,stuerner_dn:718,R,left,stuerner_dn,side_convention_or_identity_requires_review
720575940625596647,stuerner_dn:719,R,left,stuerner_dn,side_convention_or_identity_requires_review
720575940640422016,stuerner_dn:720,R,left,stuerner_dn,side_convention_or_identity_requires_review
720575940620815896,stuerner_dn:721,R,left,stuerner_dn,side_convention_or_identity_requires_review
720575940619431765,stuerner_dn:722,R,left,stuerner_dn,side_convention_or_identity_requires_review
720575940610309034,stuerner_dn:723,R,left,stuerner_dn,side_convention_or_identity_requires_review
720575940613814971,stuerner_dn:724,R,left,stuerner_dn,side_convention_or_identity_requires_review
720575940638175558,stuerner_dn:725,L,right,stuerner_dn,side_convention_or_identity_requires_review
720575940624530407,stuerner_dn:726,R,left,stuerner_dn,side_convention_or_identity_requires_review
720575940629304702,stuerner_dn:727,L,right,stuerner_dn,side_convention_or_identity_requires_review
720575940634560922,stuerner_dn:728,R,left,stuerner_dn,side_convention_or_identity_requires_review
720575940617035449,stuerner_dn:729,L,right,stuerner_dn,side_convention_or_identity_requires_review
720575940612429743,stuerner_dn:730,R,left,stuerner_dn,side_convention_or_identity_requires_review
720575940628436282,stuerner_dn:731,L,right,stuerner_dn,side_convention_or_identity_requires_review
720575940624015287,stuerner_dn:732,R,left,stuerner_dn,side_convention_or_identity_requires_review
720575940634862943,stuerner_dn:733,L,right,stuerner_dn,side_convention_or_identity_requires_review
720575940628971779,stuerner_dn:734,R,left,stuerner_dn,side_convention_or_identity_requires_review
720575940628869648,stuerner_dn:735,L,right,stuerner_dn,side_convention_or_identity_requires_review
720575940614014895,stuerner_dn:736,R,left,stuerner_dn,side_convention_or_identity_requires_review
720575940629806974,stuerner_dn:738,L,right,stuerner_dn,side_convention_or_identity_requires_review
720575940632296519,stuerner_dn:739,L,right,stuerner_dn,side_convention_or_identity_requires_review
720575940629477675,stuerner_dn:740,R,left,stuerner_dn,side_convention_or_identity_requires_review
720575940609407939,stuerner_dn:741,L,right,stuerner_dn,side_convention_or_identity_requires_review
720575940627847752,stuerner_dn:742,R,left,stuerner_dn,side_convention_or_identity_requires_review
720575940618594117,stuerner_dn:743,L,right,stuerner_dn,side_convention_or_identity_requires_review
720575940613686954,stuerner_dn:744,R,left,stuerner_dn,side_convention_or_identity_requires_review
720575940628669545,stuerner_dn:745,L,right,stuerner_dn,side_convention_or_identity_requires_review
720575940626092302,stuerner_dn:746,R,left,stuerner_dn,side_convention_or_identity_requires_review
720575940619038366,stuerner_dn:747,L,right,stuerner_dn,side_convention_or_identity_requires_review
720575940625182341,stuerner_dn:748,R,left,stuerner_dn,side_convention_or_identity_requires_review
720575940638088511,stuerner_dn:749,L,right,stuerner_dn,side_convention_or_identity_requires_review
720575940624651189,stuerner_dn:750,R,left,stuerner_dn,side_convention_or_identity_requires_review
720575940628487153,stuerner_dn:751,L,right,stuerner_dn,side_convention_or_identity_requires_review
720575940625343761,stuerner_dn:752,L,right,stuerner_dn,side_convention_or_identity_requires_review
720575940610440402,stuerner_dn:753,L,right,stuerner_dn,side_convention_or_identity_requires_review
720575940623968612,stuerner_dn:754,L,right,stuerner_dn,side_convention_or_identity_requires_review
720575940616548416,stuerner_dn:755,L,right,stuerner_dn,side_convention_or_identity_requires_review
720575940622806247,stuerner_dn:756,L,right,stuerner_dn,side_convention_or_identity_requires_review
720575940615385798,stuerner_dn:757,R,left,stuerner_dn,side_convention_or_identity_requires_review
720575940616786433,stuerner_dn:758,R,left,stuerner_dn,side_convention_or_identity_requires_review
720575940639802685,stuerner_dn:759,R,left,stuerner_dn,side_convention_or_identity_requires_review
720575940622786317,stuerner_dn:760,R,left,stuerner_dn,side_convention_or_identity_requires_review
720575940619905916,stuerner_dn:761,R,left,stuerner_dn,side_convention_or_identity_requires_review
720575940617249254,stuerner_dn:762,L,right,stuerner_dn,side_convention_or_identity_requires_review
720575940646443316,stuerner_dn:763,R,left,stuerner_dn,side_convention_or_identity_requires_review
720575940624154604,stuerner_dn:764,L,right,stuerner_dn,side_convention_or_identity_requires_review
720575940626068569,stuerner_dn:765,L,right,stuerner_dn,side_convention_or_identity_requires_review
720575940630382075,stuerner_dn:766,R,left,stuerner_dn,side_convention_or_identity_requires_review
720575940605450342,stuerner_dn:767,R,left,stuerner_dn,side_convention_or_identity_requires_review
720575940612629210,stuerner_dn:768,L,right,stuerner_dn,side_convention_or_identity_requires_review
720575940620231590,stuerner_dn:769,R,left,stuerner_dn,side_convention_or_identity_requires_review
720575940606784265,stuerner_dn:770,L,right,stuerner_dn,side_convention_or_identity_requires_review
720575940610935410,stuerner_dn:771,L,right,stuerner_dn,side_convention_or_identity_requires_review
720575940626580794,stuerner_dn:772,L,right,stuerner_dn,side_convention_or_identity_requires_review
720575940620915224,stuerner_dn:773,L,right,stuerner_dn,side_convention_or_identity_requires_review
720575940627307625,stuerner_dn:774,R,left,stuerner_dn,side_convention_or_identity_requires_review
720575940626748702,stuerner_dn:775,R,left,stuerner_dn,side_convention_or_identity_requires_review
720575940626238716,stuerner_dn:776,R,left,stuerner_dn,side_convention_or_identity_requires_review
720575940610341582,stuerner_dn:777,R,left,stuerner_dn,side_convention_or_identity_requires_review
720575940615424966,stuerner_dn:778,L,right,stuerner_dn,side_convention_or_identity_requires_review
720575940614682274,stuerner_dn:779,L,right,stuerner_dn,side_convention_or_identity_requires_review
720575940625047815,stuerner_dn:780,R,left,stuerner_dn,side_convention_or_identity_requires_review
720575940637896893,stuerner_dn:781,R,left,stuerner_dn,side_convention_or_identity_requires_review
720575940620110215,stuerner_dn:782,L,right,stuerner_dn,side_convention_or_identity_requires_review
720575940621071495,stuerner_dn:783,L,right,stuerner_dn,side_convention_or_identity_requires_review
720575940615659521,stuerner_dn:784,L,right,stuerner_dn,side_convention_or_identity_requires_review
720575940638094911,stuerner_dn:785,L,right,stuerner_dn,side_convention_or_identity_requires_review
720575940629965708,stuerner_dn:786,L,right,stuerner_dn,side_convention_or_identity_requires_review
720575940630990533,stuerner_dn:787,L,right,stuerner_dn,side_convention_or_identity_requires_review
720575940615495867,stuerner_dn:788,L,right,stuerner_dn,side_convention_or_identity_requires_review
720575940617295321,stuerner_dn:789,L,right,stuerner_dn,side_convention_or_identity_requires_review
720575940649992569,stuerner_dn:790,L,right,stuerner_dn,side_convention_or_identity_requires_review
720575940617477022,stuerner_dn:791,R,left,stuerner_dn,side_convention_or_identity_requires_review
720575940629725545,stuerner_dn:792,R,left,stuerner_dn,side_convention_or_identity_requires_review
720575940611610670,stuerner_dn:793,R,left,stuerner_dn,side_convention_or_identity_requires_review
720575940625187940,stuerner_dn:794,R,left,stuerner_dn,side_convention_or_identity_requires_review
720575940636606554,stuerner_dn:795,R,left,stuerner_dn,side_convention_or_identity_requires_review
720575940611087786,stuerner_dn:796,R,left,stuerner_dn,side_convention_or_identity_requires_review
720575940625065653,stuerner_dn:797,R,left,stuerner_dn,side_convention_or_identity_requires_review
720575940622123400,stuerner_dn:798,R,left,stuerner_dn,side_convention_or_identity_requires_review
720575940619910080,stuerner_dn:799,L,right,stuerner_dn,side_convention_or_identity_requires_review
720575940636186463,stuerner_dn:800,L,right,stuerner_dn,side_convention_or_identity_requires_review
720575940614046395,stuerner_dn:801,R,left,stuerner_dn,side_convention_or_identity_requires_review
720575940634526560,stuerner_dn:802,R,left,stuerner_dn,side_convention_or_identity_requires_review
720575940623543117,stuerner_dn:803,L,right,stuerner_dn,side_convention_or_identity_requires_review
720575940619676598,stuerner_dn:804,L,right,stuerner_dn,side_convention_or_identity_requires_review
720575940621071017,stuerner_dn:805,R,left,stuerner_dn,side_convention_or_identity_requires_review
720575940624374334,stuerner_dn:806,R,left,stuerner_dn,side_convention_or_identity_requires_review
720575940623899082,stuerner_dn:807,L,right,stuerner_dn,side_convention_or_identity_requires_review
720575940621002480,stuerner_dn:808,L,right,stuerner_dn,side_convention_or_identity_requires_review
720575940623193293,stuerner_dn:809,L,right,stuerner_dn,side_convention_or_identity_requires_review
720575940632934751,stuerner_dn:810,L,right,stuerner_dn,side_convention_or_identity_requires_review
720575940624882151,stuerner_dn:811,L,right,stuerner_dn,side_convention_or_identity_requires_review
720575940623498876,stuerner_dn:812,L,right,stuerner_dn,side_convention_or_identity_requires_review
720575940630829563,stuerner_dn:813,L,right,stuerner_dn,side_convention_or_identity_requires_review
720575940615364564,stuerner_dn:814,R,left,stuerner_dn,side_convention_or_identity_requires_review
720575940640630589,stuerner_dn:815,R,left,stuerner_dn,side_convention_or_identity_requires_review
720575940620804566,stuerner_dn:816,R,left,stuerner_dn,side_convention_or_identity_requires_review
720575940606856405,stuerner_dn:817,R,left,stuerner_dn,side_convention_or_identity_requires_review
720575940612373423,stuerner_dn:818,R,left,stuerner_dn,side_convention_or_identity_requires_review
720575940604729312,stuerner_dn:819,R,left,stuerner_dn,side_convention_or_identity_requires_review
720575940621783628,stuerner_dn:820,R,left,stuerner_dn,side_convention_or_identity_requires_review
720575940630505334,stuerner_dn:821,L,right,stuerner_dn,side_convention_or_identity_requires_review
720575940618870113,stuerner_dn:822,R,left,stuerner_dn,side_convention_or_identity_requires_review
720575940632412333,stuerner_dn:823,L,right,stuerner_dn,side_convention_or_identity_requires_review
720575940654094241,stuerner_dn:824,R,left,stuerner_dn,side_convention_or_identity_requires_review
720575940617990228,stuerner_dn:825,L,right,stuerner_dn,side_convention_or_identity_requires_review
720575940613590579,stuerner_dn:826,R,left,stuerner_dn,side_convention_or_identity_requires_review
720575940617373268,stuerner_dn:827,L,right,stuerner_dn,side_convention_or_identity_requires_review
720575940620473547,stuerner_dn:828,R,left,stuerner_dn,side_convention_or_identity_requires_review
720575940628883535,stuerner_dn:829,L,right,stuerner_dn,side_convention_or_identity_requires_review
720575940631091407,stuerner_dn:830,R,left,stuerner_dn,side_convention_or_identity_requires_review
720575940619530187,stuerner_dn:831,L,right,stuerner_dn,side_convention_or_identity_requires_review
720575940629792060,stuerner_dn:832,R,left,stuerner_dn,side_convention_or_identity_requires_review
720575940639553920,stuerner_dn:833,L,right,stuerner_dn,side_convention_or_identity_requires_review
720575940607451081,stuerner_dn:834,R,left,stuerner_dn,side_convention_or_identity_requires_review
720575940611474925,stuerner_dn:835,L,right,stuerner_dn,side_convention_or_identity_requires_review
720575940616498742,stuerner_dn:836,L,right,stuerner_dn,side_convention_or_identity_requires_review
720575940623706405,stuerner_dn:837,R,left,stuerner_dn,side_convention_or_identity_requires_review
720575940614075363,stuerner_dn:838,L,right,stuerner_dn,side_convention_or_identity_requires_review
720575940630803727,stuerner_dn:839,R,left,stuerner_dn,side_convention_or_identity_requires_review
720575940640723315,stuerner_dn:840,L,right,stuerner_dn,side_convention_or_identity_requires_review
720575940623037720,stuerner_dn:841,R,left,stuerner_dn,side_convention_or_identity_requires_review
720575940623781611,stuerner_dn:842,L,right,stuerner_dn,side_convention_or_identity_requires_review
720575940637612974,stuerner_dn:843,R,left,stuerner_dn,side_convention_or_identity_requires_review
720575940631662648,stuerner_dn:844,L,right,stuerner_dn,side_convention_or_identity_requires_review
720575940624484796,stuerner_dn:845,R,left,stuerner_dn,side_convention_or_identity_requires_review
720575940613917359,stuerner_dn:846,L,right,stuerner_dn,side_convention_or_identity_requires_review
720575940626982181,stuerner_dn:847,R,left,stuerner_dn,side_convention_or_identity_requires_review
720575940630290536,stuerner_dn:848,L,right,stuerner_dn,side_convention_or_identity_requires_review
720575940622944196,stuerner_dn:849,R,left,stuerner_dn,side_convention_or_identity_requires_review
720575940632788025,stuerner_dn:850,R,left,stuerner_dn,side_convention_or_identity_requires_review
720575940621121159,stuerner_dn:851,L,right,stuerner_dn,side_convention_or_identity_requires_review
720575940626296339,stuerner_dn:852,R,left,stuerner_dn,side_convention_or_identity_requires_review
720575940634583694,stuerner_dn:853,L,right,stuerner_dn,side_convention_or_identity_requires_review
720575940623934096,stuerner_dn:854,R,left,stuerner_dn,side_convention_or_identity_requires_review
720575940631061900,stuerner_dn:855,L,right,stuerner_dn,side_convention_or_identity_requires_review
720575940636104767,stuerner_dn:856,L,right,stuerner_dn,side_convention_or_identity_requires_review
720575940632626402,stuerner_dn:857,R,left,stuerner_dn,side_convention_or_identity_requires_review
720575940611976618,stuerner_dn:858,R,left,stuerner_dn,side_convention_or_identity_requires_review
720575940611498419,stuerner_dn:859,R,left,stuerner_dn,side_convention_or_identity_requires_review
720575940638084149,stuerner_dn:860,L,right,stuerner_dn,side_convention_or_identity_requires_review
720575940606702601,stuerner_dn:861,R,left,stuerner_dn,side_convention_or_identity_requires_review
720575940629139968,stuerner_dn:862,L,right,stuerner_dn,side_convention_or_identity_requires_review
720575940618427156,stuerner_dn:863,L,right,stuerner_dn,side_convention_or_identity_requires_review
720575940627722234,stuerner_dn:864,R,left,stuerner_dn,side_convention_or_identity_requires_review
720575940610091955,stuerner_dn:865,R,left,stuerner_dn,side_convention_or_identity_requires_review
720575940632574946,stuerner_dn:866,R,left,stuerner_dn,side_convention_or_identity_requires_review
720575940619372726,stuerner_dn:867,L,right,stuerner_dn,side_convention_or_identity_requires_review
720575940630033913,stuerner_dn:868,L,right,stuerner_dn,side_convention_or_identity_requires_review
720575940641793440,stuerner_dn:869,L,right,stuerner_dn,side_convention_or_identity_requires_review
720575940630333911,stuerner_dn:870,L,right,stuerner_dn,side_convention_or_identity_requires_review
720575940612028017,stuerner_dn:871,R,left,stuerner_dn,side_convention_or_identity_requires_review
720575940639479168,stuerner_dn:872,R,left,stuerner_dn,side_convention_or_identity_requires_review
720575940621599604,stuerner_dn:873,L,right,stuerner_dn,side_convention_or_identity_requires_review
720575940611552370,stuerner_dn:874,L,right,stuerner_dn,side_convention_or_identity_requires_review
720575940628825348,stuerner_dn:875,L,right,stuerner_dn,side_convention_or_identity_requires_review
720575940618086535,stuerner_dn:876,L,right,stuerner_dn,side_convention_or_identity_requires_review
720575940619590360,stuerner_dn:877,R,left,stuerner_dn,side_convention_or_identity_requires_review
720575940631627551,stuerner_dn:878,R,left,stuerner_dn,side_convention_or_identity_requires_review
720575940642369736,stuerner_dn:879,R,left,stuerner_dn,side_convention_or_identity_requires_review
720575940614562207,stuerner_dn:880,R,left,stuerner_dn,side_convention_or_identity_requires_review
720575940634279543,stuerner_dn:881,L,right,stuerner_dn,side_convention_or_identity_requires_review
720575940602534112,stuerner_dn:882,L,right,stuerner_dn,side_convention_or_identity_requires_review
720575940631051065,stuerner_dn:883,R,left,stuerner_dn,side_convention_or_identity_requires_review
720575940640140733,stuerner_dn:884,R,left,stuerner_dn,side_convention_or_identity_requires_review
720575940623776235,stuerner_dn:885,L,right,stuerner_dn,side_convention_or_identity_requires_review
720575940603786686,stuerner_dn:886,R,left,stuerner_dn,side_convention_or_identity_requires_review
720575940614107554,stuerner_dn:887,L,right,stuerner_dn,side_convention_or_identity_requires_review
720575940623537485,stuerner_dn:888,R,left,stuerner_dn,side_convention_or_identity_requires_review
720575940619191966,stuerner_dn:889,L,right,stuerner_dn,side_convention_or_identity_requires_review
720575940610605614,stuerner_dn:890,R,left,stuerner_dn,side_convention_or_identity_requires_review
720575940631543414,stuerner_dn:891,L,right,stuerner_dn,side_convention_or_identity_requires_review
720575940621801456,stuerner_dn:892,R,left,stuerner_dn,side_convention_or_identity_requires_review
720575940635212139,stuerner_dn:893,L,right,stuerner_dn,side_convention_or_identity_requires_review
720575940637870510,stuerner_dn:894,R,left,stuerner_dn,side_convention_or_identity_requires_review
720575940631342073,stuerner_dn:895,L,right,stuerner_dn,side_convention_or_identity_requires_review
720575940647031860,stuerner_dn:896,R,left,stuerner_dn,side_convention_or_identity_requires_review
720575940614909506,stuerner_dn:897,L,right,stuerner_dn,side_convention_or_identity_requires_review
720575940620297819,stuerner_dn:898,R,left,stuerner_dn,side_convention_or_identity_requires_review
720575940626889491,stuerner_dn:899,L,right,stuerner_dn,side_convention_or_identity_requires_review
720575940624537284,stuerner_dn:900,R,left,stuerner_dn,side_convention_or_identity_requires_review
720575940605658033,stuerner_dn:901,L,right,stuerner_dn,side_convention_or_identity_requires_review
720575940642449909,stuerner_dn:902,R,left,stuerner_dn,side_convention_or_identity_requires_review
720575940631721287,stuerner_dn:903,L,right,stuerner_dn,side_convention_or_identity_requires_review
720575940626189657,stuerner_dn:904,R,left,stuerner_dn,side_convention_or_identity_requires_review
720575940640486488,stuerner_dn:905,L,right,stuerner_dn,side_convention_or_identity_requires_review
720575940621399174,stuerner_dn:906,R,left,stuerner_dn,side_convention_or_identity_requires_review
720575940652104694,stuerner_dn:907,L,right,stuerner_dn,side_convention_or_identity_requires_review
720575940619024542,stuerner_dn:908,R,left,stuerner_dn,side_convention_or_identity_requires_review
720575940628264585,stuerner_dn:909,L,right,stuerner_dn,side_convention_or_identity_requires_review
720575940613339875,stuerner_dn:910,R,left,stuerner_dn,side_convention_or_identity_requires_review
720575940632043320,stuerner_dn:911,L,right,stuerner_dn,side_convention_or_identity_requires_review
720575940627490459,stuerner_dn:912,R,left,stuerner_dn,side_convention_or_identity_requires_review
720575940621107847,stuerner_dn:913,L,right,stuerner_dn,side_convention_or_identity_requires_review
720575940617918021,stuerner_dn:914,R,left,stuerner_dn,side_convention_or_identity_requires_review
720575940613838289,stuerner_dn:915,L,right,stuerner_dn,side_convention_or_identity_requires_review
720575940631982952,stuerner_dn:916,R,left,stuerner_dn,side_convention_or_identity_requires_review
720575940608716809,stuerner_dn:917,L,right,stuerner_dn,side_convention_or_identity_requires_review
720575940644467360,stuerner_dn:918,R,left,stuerner_dn,side_convention_or_identity_requires_review
720575940631124076,stuerner_dn:919,L,right,stuerner_dn,side_convention_or_identity_requires_review
720575940631469452,stuerner_dn:920,R,left,stuerner_dn,side_convention_or_identity_requires_review
720575940622263066,stuerner_dn:921,L,right,stuerner_dn,side_convention_or_identity_requires_review
720575940635355804,stuerner_dn:922,R,left,stuerner_dn,side_convention_or_identity_requires_review
720575940606425033,stuerner_dn:923,L,right,stuerner_dn,side_convention_or_identity_requires_review
720575940610604078,stuerner_dn:924,L,right,stuerner_dn,side_convention_or_identity_requires_review
720575940605714878,stuerner_dn:925,R,left,stuerner_dn,side_convention_or_identity_requires_review
720575940633996883,stuerner_dn:926,R,left,stuerner_dn,side_convention_or_identity_requires_review
720575940628659049,stuerner_dn:927,L,right,stuerner_dn,side_convention_or_identity_requires_review
720575940622933765,stuerner_dn:928,R,left,stuerner_dn,side_convention_or_identity_requires_review
720575940617296029,stuerner_dn:931,L,right,stuerner_dn,side_convention_or_identity_requires_review
720575940630403031,stuerner_dn:932,R,left,stuerner_dn,side_convention_or_identity_requires_review
720575940614736034,stuerner_dn:933,L,right,stuerner_dn,side_convention_or_identity_requires_review
720575940614759149,stuerner_dn:934,R,left,stuerner_dn,side_convention_or_identity_requires_review
720575940627044885,stuerner_dn:935,L,right,stuerner_dn,side_convention_or_identity_requires_review
720575940639314229,stuerner_dn:936,R,left,stuerner_dn,side_convention_or_identity_requires_review
720575940607170178,stuerner_dn:937,L,right,stuerner_dn,side_convention_or_identity_requires_review
720575940627629598,stuerner_dn:938,R,left,stuerner_dn,side_convention_or_identity_requires_review
720575940634782359,stuerner_dn:939,L,right,stuerner_dn,side_convention_or_identity_requires_review
720575940660220289,stuerner_dn:940,R,left,stuerner_dn,side_convention_or_identity_requires_review
720575940626268761,stuerner_dn:941,L,right,stuerner_dn,side_convention_or_identity_requires_review
720575940629774274,stuerner_dn:942,R,left,stuerner_dn,side_convention_or_identity_requires_review
720575940622728728,stuerner_dn:943,L,right,stuerner_dn,side_convention_or_identity_requires_review
720575940638019184,stuerner_dn:944,L,right,stuerner_dn,side_convention_or_identity_requires_review
720575940636898270,stuerner_dn:945,R,left,stuerner_dn,side_convention_or_identity_requires_review
720575940612058543,stuerner_dn:946,R,left,stuerner_dn,side_convention_or_identity_requires_review
720575940623132621,stuerner_dn:947,L,right,stuerner_dn,side_convention_or_identity_requires_review
720575940630839371,stuerner_dn:948,R,left,stuerner_dn,side_convention_or_identity_requires_review
720575940632178892,stuerner_dn:949,L,right,stuerner_dn,side_convention_or_identity_requires_review
720575940609417995,stuerner_dn:950,R,left,stuerner_dn,side_convention_or_identity_requires_review
720575940627845704,stuerner_dn:951,L,right,stuerner_dn,side_convention_or_identity_requires_review
720575940622248453,stuerner_dn:952,R,left,stuerner_dn,side_convention_or_identity_requires_review
720575940619434587,stuerner_dn:957,L,right,stuerner_dn,side_convention_or_identity_requires_review
720575940606753884,stuerner_dn:958,L,right,stuerner_dn,side_convention_or_identity_requires_review
720575940622805700,stuerner_dn:959,L,right,stuerner_dn,side_convention_or_identity_requires_review
720575940636671886,stuerner_dn:960,R,left,stuerner_dn,side_convention_or_identity_requires_review
720575940630119532,stuerner_dn:961,L,right,stuerner_dn,side_convention_or_identity_requires_review
720575940624991495,stuerner_dn:962,R,left,stuerner_dn,side_convention_or_identity_requires_review
720575940626557442,stuerner_dn:963,L,right,stuerner_dn,side_convention_or_identity_requires_review
720575940610001220,stuerner_dn:964,R,left,stuerner_dn,side_convention_or_identity_requires_review
720575940627285267,stuerner_dn:965,L,right,stuerner_dn,side_convention_or_identity_requires_review
720575940645045527,stuerner_dn:966,R,left,stuerner_dn,side_convention_or_identity_requires_review
720575940637966424,stuerner_dn:967,L,right,stuerner_dn,side_convention_or_identity_requires_review
720575940614572906,stuerner_dn:968,R,left,stuerner_dn,side_convention_or_identity_requires_review
720575940632499757,stuerner_dn:969,L,right,stuerner_dn,side_convention_or_identity_requires_review
720575940622838154,stuerner_dn:970,R,left,stuerner_dn,side_convention_or_identity_requires_review
720575940620468718,stuerner_dn:971,L,right,stuerner_dn,side_convention_or_identity_requires_review
720575940619654053,stuerner_dn:972,R,left,stuerner_dn,side_convention_or_identity_requires_review
720575940628884496,stuerner_dn:973,L,right,stuerner_dn,side_convention_or_identity_requires_review
720575940627645514,stuerner_dn:974,R,left,stuerner_dn,side_convention_or_identity_requires_review
720575940629757036,stuerner_dn:975,L,right,stuerner_dn,side_convention_or_identity_requires_review
720575940604954289,stuerner_dn:976,R,left,stuerner_dn,side_convention_or_identity_requires_review
720575940626009852,stuerner_dn:977,L,right,stuerner_dn,side_convention_or_identity_requires_review
720575940612203482,stuerner_dn:978,R,left,stuerner_dn,side_convention_or_identity_requires_review
720575940611644529,stuerner_dn:979,L,right,stuerner_dn,side_convention_or_identity_requires_review
720575940622673860,stuerner_dn:980,R,left,stuerner_dn,side_convention_or_identity_requires_review
720575940622550089,stuerner_dn:981,L,right,stuerner_dn,side_convention_or_identity_requires_review
720575940617034565,stuerner_dn:982,R,left,stuerner_dn,side_convention_or_identity_requires_review
720575940633170643,stuerner_dn:983,L,right,stuerner_dn,side_convention_or_identity_requires_review
720575940628498161,stuerner_dn:984,R,left,stuerner_dn,side_convention_or_identity_requires_review
720575940627652358,stuerner_dn:985,L,right,stuerner_dn,side_convention_or_identity_requires_review
720575940635872101,stuerner_dn:986,R,left,stuerner_dn,side_convention_or_identity_requires_review
720575940619678366,stuerner_dn:987,L,right,stuerner_dn,side_convention_or_identity_requires_review
720575940620153765,stuerner_dn:988,R,left,stuerner_dn,side_convention_or_identity_requires_review
720575940625420986,stuerner_dn:989,L,right,stuerner_dn,side_convention_or_identity_requires_review
720575940631483695,stuerner_dn:990,R,left,stuerner_dn,side_convention_or_identity_requires_review
720575940610199781,stuerner_dn:991,L,right,stuerner_dn,side_convention_or_identity_requires_review
720575940638637501,stuerner_dn:992,R,left,stuerner_dn,side_convention_or_identity_requires_review
720575940610505006,stuerner_dn:993,L,right,stuerner_dn,side_convention_or_identity_requires_review
720575940623781127,stuerner_dn:994,R,left,stuerner_dn,side_convention_or_identity_requires_review
720575940623122125,stuerner_dn:995,L,right,stuerner_dn,side_convention_or_identity_requires_review
720575940614137907,stuerner_dn:996,R,left,stuerner_dn,side_convention_or_identity_requires_review
720575940629777018,stuerner_dn:997,L,right,stuerner_dn,side_convention_or_identity_requires_review
720575940620054694,stuerner_dn:998,R,left,stuerner_dn,side_convention_or_identity_requires_review
720575940629421159,stuerner_dn:999,L,right,stuerner_dn,side_convention_or_identity_requires_review
720575940621804159,stuerner_dn:1000,R,left,stuerner_dn,side_convention_or_identity_requires_review
720575940625295339,stuerner_dn:1001,L,right,stuerner_dn,side_convention_or_identity_requires_review
720575940619486891,stuerner_dn:1002,R,left,stuerner_dn,side_convention_or_identity_requires_review
720575940620354836,stuerner_dn:1003,L,right,stuerner_dn,side_convention_or_identity_requires_review
720575940640747352,stuerner_dn:1004,R,left,stuerner_dn,side_convention_or_identity_requires_review
720575940623431351,stuerner_dn:1005,L,right,stuerner_dn,side_convention_or_identity_requires_review
720575940616293855,stuerner_dn:1006,R,left,stuerner_dn,side_convention_or_identity_requires_review
720575940613748689,stuerner_dn:1007,L,right,stuerner_dn,side_convention_or_identity_requires_review
720575940605041330,stuerner_dn:1008,L,right,stuerner_dn,side_convention_or_identity_requires_review
720575940615219417,stuerner_dn:1009,R,left,stuerner_dn,side_convention_or_identity_requires_review
720575940618382529,stuerner_dn:1010,R,left,stuerner_dn,side_convention_or_identity_requires_review
720575940610010521,stuerner_dn:1011,L,right,stuerner_dn,side_convention_or_identity_requires_review
720575940628895787,stuerner_dn:1012,L,right,stuerner_dn,side_convention_or_identity_requires_review
720575940617696728,stuerner_dn:1013,L,right,stuerner_dn,side_convention_or_identity_requires_review
720575940633853559,stuerner_dn:1014,L,right,stuerner_dn,side_convention_or_identity_requires_review
720575940623992300,stuerner_dn:1015,L,right,stuerner_dn,side_convention_or_identity_requires_review
720575940625744784,stuerner_dn:1016,L,right,stuerner_dn,side_convention_or_identity_requires_review
720575940630071583,stuerner_dn:1017,R,left,stuerner_dn,side_convention_or_identity_requires_review
720575940623203004,stuerner_dn:1018,R,left,stuerner_dn,side_convention_or_identity_requires_review
720575940607037635,stuerner_dn:1019,R,left,stuerner_dn,side_convention_or_identity_requires_review
720575940630671734,stuerner_dn:1020,R,left,stuerner_dn,side_convention_or_identity_requires_review
720575940617802187,stuerner_dn:1021,R,left,stuerner_dn,side_convention_or_identity_requires_review
720575940628398202,stuerner_dn:1022,R,left,stuerner_dn,side_convention_or_identity_requires_review
720575940627949589,stuerner_dn:1023,L,right,stuerner_dn,side_convention_or_identity_requires_review
720575940618440000,stuerner_dn:1024,R,left,stuerner_dn,side_convention_or_identity_requires_review
720575940643487342,stuerner_dn:1025,L,right,stuerner_dn,side_convention_or_identity_requires_review
720575940616647483,stuerner_dn:1026,R,left,stuerner_dn,side_convention_or_identity_requires_review
720575940644166048,stuerner_dn:1027,L,right,stuerner_dn,side_convention_or_identity_requires_review
720575940629390123,stuerner_dn:1028,R,left,stuerner_dn,side_convention_or_identity_requires_review
720575940631225996,stuerner_dn:1029,L,right,stuerner_dn,side_convention_or_identity_requires_review
720575940615043368,stuerner_dn:1030,R,left,stuerner_dn,side_convention_or_identity_requires_review
720575940639428174,stuerner_dn:1031,L,right,stuerner_dn,side_convention_or_identity_requires_review
720575940610472146,stuerner_dn:1032,R,left,stuerner_dn,side_convention_or_identity_requires_review
720575940645176264,stuerner_dn:1033,L,right,stuerner_dn,side_convention_or_identity_requires_review
720575940623786376,stuerner_dn:1034,R,left,stuerner_dn,side_convention_or_identity_requires_review
720575940611782874,stuerner_dn:1035,L,right,stuerner_dn,side_convention_or_identity_requires_review
720575940629509948,stuerner_dn:1036,R,left,stuerner_dn,side_convention_or_identity_requires_review
720575940627732361,stuerner_dn:1037,L,right,stuerner_dn,side_convention_or_identity_requires_review
720575940619432261,stuerner_dn:1038,R,left,stuerner_dn,side_convention_or_identity_requires_review
720575940629413962,stuerner_dn:1039,L,right,stuerner_dn,side_convention_or_identity_requires_review
720575940628731140,stuerner_dn:1040,R,left,stuerner_dn,side_convention_or_identity_requires_review
720575940640142141,stuerner_dn:1041,L,right,stuerner_dn,side_convention_or_identity_requires_review
720575940621561697,stuerner_dn:1042,R,left,stuerner_dn,side_convention_or_identity_requires_review
720575940635549620,stuerner_dn:1043,L,right,stuerner_dn,side_convention_or_identity_requires_review
720575940622675421,stuerner_dn:1044,R,left,stuerner_dn,side_convention_or_identity_requires_review
720575940633228103,stuerner_dn:1045,L,right,stuerner_dn,side_convention_or_identity_requires_review
720575940620156283,stuerner_dn:1046,R,left,stuerner_dn,side_convention_or_identity_requires_review
720575940628132745,stuerner_dn:1047,L,right,stuerner_dn,side_convention_or_identity_requires_review
720575940632189900,stuerner_dn:1048,R,left,stuerner_dn,side_convention_or_identity_requires_review
720575940630610042,stuerner_dn:1049,L,right,stuerner_dn,side_convention_or_identity_requires_review
720575940650929273,stuerner_dn:1050,R,left,stuerner_dn,side_convention_or_identity_requires_review
720575940633165452,stuerner_dn:1051,L,right,stuerner_dn,side_convention_or_identity_requires_review
720575940604103084,stuerner_dn:1052,R,left,stuerner_dn,side_convention_or_identity_requires_review
720575940632903737,stuerner_dn:1053,L,right,stuerner_dn,side_convention_or_identity_requires_review
720575940642894628,stuerner_dn:1054,R,left,stuerner_dn,side_convention_or_identity_requires_review
720575940623276168,stuerner_dn:1055,L,right,stuerner_dn,side_convention_or_identity_requires_review
720575940628437291,stuerner_dn:1056,R,left,stuerner_dn,side_convention_or_identity_requires_review
720575940630992813,stuerner_dn:1057,L,right,stuerner_dn,side_convention_or_identity_requires_review
720575940624407944,stuerner_dn:1058,R,left,stuerner_dn,side_convention_or_identity_requires_review
720575940613170498,stuerner_dn:1059,L,right,stuerner_dn,side_convention_or_identity_requires_review
720575940627496829,stuerner_dn:1060,R,left,stuerner_dn,side_convention_or_identity_requires_review
720575940630236988,stuerner_dn:1061,L,right,stuerner_dn,side_convention_or_identity_requires_review
720575940632422219,stuerner_dn:1062,R,left,stuerner_dn,side_convention_or_identity_requires_review
720575940612557994,stuerner_dn:1063,L,right,stuerner_dn,side_convention_or_identity_requires_review
720575940617750070,stuerner_dn:1064,R,left,stuerner_dn,side_convention_or_identity_requires_review
720575940619152856,stuerner_dn:1065,L,right,stuerner_dn,side_convention_or_identity_requires_review
720575940623467527,stuerner_dn:1066,R,left,stuerner_dn,side_convention_or_identity_requires_review
720575940633953434,stuerner_dn:1067,L,right,stuerner_dn,side_convention_or_identity_requires_review
720575940632836675,stuerner_dn:1068,L,right,stuerner_dn,side_convention_or_identity_requires_review
720575940636933722,stuerner_dn:1069,R,left,stuerner_dn,side_convention_or_identity_requires_review
720575940627166851,stuerner_dn:1070,R,left,stuerner_dn,side_convention_or_identity_requires_review
720575940641148149,stuerner_dn:1071,L,right,stuerner_dn,side_convention_or_identity_requires_review
720575940618594022,stuerner_dn:1072,R,left,stuerner_dn,side_convention_or_identity_requires_review
720575940641278965,stuerner_dn:1073,L,right,stuerner_dn,side_convention_or_identity_requires_review
720575940631122191,stuerner_dn:1074,R,left,stuerner_dn,side_convention_or_identity_requires_review
720575940605725873,stuerner_dn:1075,L,right,stuerner_dn,side_convention_or_identity_requires_review
720575940627582724,stuerner_dn:1076,R,left,stuerner_dn,side_convention_or_identity_requires_review
720575940617280657,stuerner_dn:1077,L,right,stuerner_dn,side_convention_or_identity_requires_review
720575940624426680,stuerner_dn:1078,R,left,stuerner_dn,side_convention_or_identity_requires_review
720575940623582867,stuerner_dn:1079,L,right,stuerner_dn,side_convention_or_identity_requires_review
720575940620369517,stuerner_dn:1080,R,left,stuerner_dn,side_convention_or_identity_requires_review
720575940620038779,stuerner_dn:1081,L,right,stuerner_dn,side_convention_or_identity_requires_review
720575940615251251,stuerner_dn:1082,R,left,stuerner_dn,side_convention_or_identity_requires_review
720575940621031006,stuerner_dn:1083,L,right,stuerner_dn,side_convention_or_identity_requires_review
720575940613403890,stuerner_dn:1084,R,left,stuerner_dn,side_convention_or_identity_requires_review
720575940625747812,stuerner_dn:1085,L,right,stuerner_dn,side_convention_or_identity_requires_review
720575940625539984,stuerner_dn:1086,R,left,stuerner_dn,side_convention_or_identity_requires_review
720575940640331472,stuerner_dn:1087,L,right,stuerner_dn,side_convention_or_identity_requires_review
720575940610236514,stuerner_dn:1088,L,right,stuerner_dn,side_convention_or_identity_requires_review
720575940631082808,stuerner_dn:1089,R,left,stuerner_dn,side_convention_or_identity_requires_review
720575940616026939,stuerner_dn:1090,R,left,stuerner_dn,side_convention_or_identity_requires_review
720575940636651376,stuerner_dn:1091,L,right,stuerner_dn,side_convention_or_identity_requires_review
720575940612682467,stuerner_dn:1092,R,left,stuerner_dn,side_convention_or_identity_requires_review
720575940625513360,stuerner_dn:1093,L,right,stuerner_dn,side_convention_or_identity_requires_review
720575940616886301,stuerner_dn:1094,R,left,stuerner_dn,side_convention_or_identity_requires_review
720575940624861072,stuerner_dn:1095,L,right,stuerner_dn,side_convention_or_identity_requires_review
720575940627055303,stuerner_dn:1096,R,left,stuerner_dn,side_convention_or_identity_requires_review
720575940618398533,stuerner_dn:1097,L,right,stuerner_dn,side_convention_or_identity_requires_review
720575940630346860,stuerner_dn:1098,R,left,stuerner_dn,side_convention_or_identity_requires_review
720575940617245652,stuerner_dn:1099,L,right,stuerner_dn,side_convention_or_identity_requires_review
720575940643347616,stuerner_dn:1100,R,left,stuerner_dn,side_convention_or_identity_requires_review
720575940637126007,stuerner_dn:1101,L,right,stuerner_dn,side_convention_or_identity_requires_review
720575940629312300,stuerner_dn:1102,R,left,stuerner_dn,side_convention_or_identity_requires_review
720575940629170250,stuerner_dn:1103,L,right,stuerner_dn,side_convention_or_identity_requires_review
720575940646814340,stuerner_dn:1104,R,left,stuerner_dn,side_convention_or_identity_requires_review
720575940618936710,stuerner_dn:1105,L,right,stuerner_dn,side_convention_or_identity_requires_review
720575940631309866,stuerner_dn:1106,R,left,stuerner_dn,side_convention_or_identity_requires_review
720575940614581410,stuerner_dn:1107,L,right,stuerner_dn,side_convention_or_identity_requires_review
720575940645258606,stuerner_dn:1108,R,left,stuerner_dn,side_convention_or_identity_requires_review
720575940626859283,stuerner_dn:1109,L,right,stuerner_dn,side_convention_or_identity_requires_review
720575940615692690,stuerner_dn:1110,R,left,stuerner_dn,side_convention_or_identity_requires_review
720575940617904208,stuerner_dn:1111,L,right,stuerner_dn,side_convention_or_identity_requires_review
720575940635640312,stuerner_dn:1112,R,left,stuerner_dn,side_convention_or_identity_requires_review
720575940625345511,stuerner_dn:1113,L,right,stuerner_dn,side_convention_or_identity_requires_review
720575940636610671,stuerner_dn:1114,R,left,stuerner_dn,side_convention_or_identity_requires_review
720575940629846722,stuerner_dn:1115,L,right,stuerner_dn,side_convention_or_identity_requires_review
720575940639789475,stuerner_dn:1116,R,left,stuerner_dn,side_convention_or_identity_requires_review
720575940620878785,stuerner_dn:1117,L,right,stuerner_dn,side_convention_or_identity_requires_review
720575940623925173,stuerner_dn:1118,R,left,stuerner_dn,side_convention_or_identity_requires_review
720575940628858640,stuerner_dn:1119,L,right,stuerner_dn,side_convention_or_identity_requires_review
720575940626562833,stuerner_dn:1120,R,left,stuerner_dn,side_convention_or_identity_requires_review
720575940630221509,stuerner_dn:1121,L,right,stuerner_dn,side_convention_or_identity_requires_review
720575940620582260,stuerner_dn:1122,R,left,stuerner_dn,side_convention_or_identity_requires_review
720575940617952034,stuerner_dn:1123,L,right,stuerner_dn,side_convention_or_identity_requires_review
720575940615378700,stuerner_dn:1124,R,left,stuerner_dn,side_convention_or_identity_requires_review
720575940617809181,stuerner_dn:1125,L,right,stuerner_dn,side_convention_or_identity_requires_review
720575940641173632,stuerner_dn:1126,R,left,stuerner_dn,side_convention_or_identity_requires_review
720575940618314897,stuerner_dn:1127,L,right,stuerner_dn,side_convention_or_identity_requires_review
720575940624349993,stuerner_dn:1128,R,left,stuerner_dn,side_convention_or_identity_requires_review
720575940633095137,stuerner_dn:1129,L,right,stuerner_dn,side_convention_or_identity_requires_review
720575940625673196,stuerner_dn:1130,R,left,stuerner_dn,side_convention_or_identity_requires_review
720575940641237632,stuerner_dn:1131,L,right,stuerner_dn,side_convention_or_identity_requires_review
720575940629586417,stuerner_dn:1132,L,right,stuerner_dn,side_convention_or_identity_requires_review
720575940655587489,stuerner_dn:1133,R,left,stuerner_dn,side_convention_or_identity_requires_review
720575940620561840,stuerner_dn:1134,L,right,stuerner_dn,side_convention_or_identity_requires_review
720575940630106309,stuerner_dn:1135,R,left,stuerner_dn,side_convention_or_identity_requires_review
720575940620642940,stuerner_dn:1136,L,right,stuerner_dn,side_convention_or_identity_requires_review
720575940629428215,stuerner_dn:1137,R,left,stuerner_dn,side_convention_or_identity_requires_review
720575940644022551,stuerner_dn:1138,L,right,stuerner_dn,side_convention_or_identity_requires_review
720575940633488153,stuerner_dn:1139,L,right,stuerner_dn,side_convention_or_identity_requires_review
720575940612311987,stuerner_dn:1140,R,left,stuerner_dn,side_convention_or_identity_requires_review
720575940616649845,stuerner_dn:1141,R,left,stuerner_dn,side_convention_or_identity_requires_review
720575940605009097,stuerner_dn:1142,L,right,stuerner_dn,side_convention_or_identity_requires_review
720575940635464343,stuerner_dn:1143,R,left,stuerner_dn,side_convention_or_identity_requires_review
720575940613915823,stuerner_dn:1144,L,right,stuerner_dn,side_convention_or_identity_requires_review
720575940613636325,stuerner_dn:1145,R,left,stuerner_dn,side_convention_or_identity_requires_review
720575940638013274,stuerner_dn:1146,L,right,stuerner_dn,side_convention_or_identity_requires_review
720575940630425083,stuerner_dn:1147,R,left,stuerner_dn,side_convention_or_identity_requires_review
720575940624404872,stuerner_dn:1148,L,right,stuerner_dn,side_convention_or_identity_requires_review
720575940635210859,stuerner_dn:1149,R,left,stuerner_dn,side_convention_or_identity_requires_review
720575940621270410,stuerner_dn:1150,L,right,stuerner_dn,side_convention_or_identity_requires_review
720575940618706603,stuerner_dn:1151,L,right,stuerner_dn,side_convention_or_identity_requires_review
720575940613200706,stuerner_dn:1152,L,right,stuerner_dn,side_convention_or_identity_requires_review
720575940609316050,stuerner_dn:1153,L,right,stuerner_dn,side_convention_or_identity_requires_review
720575940632989291,stuerner_dn:1154,L,right,stuerner_dn,side_convention_or_identity_requires_review
720575940613731270,stuerner_dn:1155,L,right,stuerner_dn,side_convention_or_identity_requires_review
720575940625467280,stuerner_dn:1156,L,right,stuerner_dn,side_convention_or_identity_requires_review
720575940626165489,stuerner_dn:1157,L,right,stuerner_dn,side_convention_or_identity_requires_review
720575940611102437,stuerner_dn:1158,L,right,stuerner_dn,side_convention_or_identity_requires_review
720575940627560236,stuerner_dn:1159,R,left,stuerner_dn,side_convention_or_identity_requires_review
720575940619790975,stuerner_dn:1160,R,left,stuerner_dn,side_convention_or_identity_requires_review
720575940619341744,stuerner_dn:1161,R,left,stuerner_dn,side_convention_or_identity_requires_review
720575940624655285,stuerner_dn:1162,R,left,stuerner_dn,side_convention_or_identity_requires_review
720575940617802699,stuerner_dn:1163,R,left,stuerner_dn,side_convention_or_identity_requires_review
720575940611886289,stuerner_dn:1164,R,left,stuerner_dn,side_convention_or_identity_requires_review
720575940625890812,stuerner_dn:1165,R,left,stuerner_dn,side_convention_or_identity_requires_review
720575940622917351,stuerner_dn:1166,R,left,stuerner_dn,side_convention_or_identity_requires_review
720575940602864300,stuerner_dn:1167,R,left,stuerner_dn,side_convention_or_identity_requires_review
720575940613632153,stuerner_dn:1168,L,right,stuerner_dn,side_convention_or_identity_requires_review
720575940614587990,stuerner_dn:1169,L,right,stuerner_dn,side_convention_or_identity_requires_review
720575940623052728,stuerner_dn:1170,L,right,stuerner_dn,side_convention_or_identity_requires_review
720575940604284128,stuerner_dn:1171,L,right,stuerner_dn,side_convention_or_identity_requires_review
720575940619315888,stuerner_dn:1172,R,left,stuerner_dn,side_convention_or_identity_requires_review
720575940631720417,stuerner_dn:1173,R,left,stuerner_dn,side_convention_or_identity_requires_review
720575940619090541,stuerner_dn:1174,R,left,stuerner_dn,side_convention_or_identity_requires_review
720575940618870881,stuerner_dn:1175,R,left,stuerner_dn,side_convention_or_identity_requires_review
720575940617030585,stuerner_dn:1176,L,right,stuerner_dn,side_convention_or_identity_requires_review
720575940639919824,stuerner_dn:1177,R,left,stuerner_dn,side_convention_or_identity_requires_review
720575940627542316,stuerner_dn:1178,L,right,stuerner_dn,side_convention_or_identity_requires_review
720575940630078031,stuerner_dn:1179,L,right,stuerner_dn,side_convention_or_identity_requires_review
720575940622437671,stuerner_dn:1180,L,right,stuerner_dn,side_convention_or_identity_requires_review
720575940607854793,stuerner_dn:1181,R,left,stuerner_dn,side_convention_or_identity_requires_review
720575940608332674,stuerner_dn:1182,R,left,stuerner_dn,side_convention_or_identity_requires_review
720575940619089005,stuerner_dn:1183,R,left,stuerner_dn,side_convention_or_identity_requires_review
720575940615502604,stuerner_dn:1184,R,left,stuerner_dn,side_convention_or_identity_requires_review
720575940639789731,stuerner_dn:1185,L,right,stuerner_dn,side_convention_or_identity_requires_review
720575940623528842,stuerner_dn:1186,L,right,stuerner_dn,side_convention_or_identity_requires_review
720575940629686339,stuerner_dn:1187,L,right,stuerner_dn,side_convention_or_identity_requires_review
720575940635405719,stuerner_dn:1188,L,right,stuerner_dn,side_convention_or_identity_requires_review
720575940629782072,stuerner_dn:1189,R,left,stuerner_dn,side_convention_or_identity_requires_review
720575940622836970,stuerner_dn:1190,R,left,stuerner_dn,side_convention_or_identity_requires_review
720575940607971337,stuerner_dn:1191,R,left,stuerner_dn,side_convention_or_identity_requires_review
720575940615058216,stuerner_dn:1192,R,left,stuerner_dn,side_convention_or_identity_requires_review
720575940636879534,stuerner_dn:1193,L,right,stuerner_dn,side_convention_or_identity_requires_review
720575940636479863,stuerner_dn:1194,R,left,stuerner_dn,side_convention_or_identity_requires_review
720575940619548799,stuerner_dn:1195,L,right,stuerner_dn,side_convention_or_identity_requires_review
720575940628796780,stuerner_dn:1196,L,right,stuerner_dn,side_convention_or_identity_requires_review
720575940623153788,stuerner_dn:1197,R,left,stuerner_dn,side_convention_or_identity_requires_review
720575940627924227,stuerner_dn:1198,R,left,stuerner_dn,side_convention_or_identity_requires_review
720575940614147701,stuerner_dn:1199,L,right,stuerner_dn,side_convention_or_identity_requires_review
720575940618402694,stuerner_dn:1200,L,right,stuerner_dn,side_convention_or_identity_requires_review
720575940619024816,stuerner_dn:1201,L,right,stuerner_dn,side_convention_or_identity_requires_review
720575940640128720,stuerner_dn:1202,L,right,stuerner_dn,side_convention_or_identity_requires_review
720575940621304723,stuerner_dn:1203,L,right,stuerner_dn,side_convention_or_identity_requires_review
720575940618550699,stuerner_dn:1204,R,left,stuerner_dn,side_convention_or_identity_requires_review
720575940622505511,stuerner_dn:1205,R,left,stuerner_dn,side_convention_or_identity_requires_review
720575940615794077,stuerner_dn:1206,R,left,stuerner_dn,side_convention_or_identity_requires_review
720575940615630237,stuerner_dn:1207,R,left,stuerner_dn,side_convention_or_identity_requires_review
720575940603489824,stuerner_dn:1208,R,left,stuerner_dn,side_convention_or_identity_requires_review
720575940614236200,stuerner_dn:1209,L,right,stuerner_dn,side_convention_or_identity_requires_review
720575940623556755,stuerner_dn:1210,R,left,stuerner_dn,side_convention_or_identity_requires_review
720575940631925156,stuerner_dn:1211,L,right,stuerner_dn,side_convention_or_identity_requires_review
720575940629866283,stuerner_dn:1212,R,left,stuerner_dn,side_convention_or_identity_requires_review
720575940608877266,stuerner_dn:1213,L,right,stuerner_dn,side_convention_or_identity_requires_review
720575940606756309,stuerner_dn:1214,R,left,stuerner_dn,side_convention_or_identity_requires_review
720575940636592302,stuerner_dn:1215,L,right,stuerner_dn,side_convention_or_identity_requires_review
720575940627620593,stuerner_dn:1216,R,left,stuerner_dn,side_convention_or_identity_requires_review
720575940623125628,stuerner_dn:1217,L,right,stuerner_dn,side_convention_or_identity_requires_review
720575940629155227,stuerner_dn:1219,L,right,stuerner_dn,side_convention_or_identity_requires_review
720575940606179686,stuerner_dn:1220,R,left,stuerner_dn,side_convention_or_identity_requires_review
720575940632900665,stuerner_dn:1221,L,right,stuerner_dn,side_convention_or_identity_requires_review
720575940615798470,stuerner_dn:1222,R,left,stuerner_dn,side_convention_or_identity_requires_review
720575940633011256,stuerner_dn:1223,L,right,stuerner_dn,side_convention_or_identity_requires_review
720575940616604817,stuerner_dn:1224,R,left,stuerner_dn,side_convention_or_identity_requires_review
720575940621157645,stuerner_dn:1225,L,right,stuerner_dn,side_convention_or_identity_requires_review
720575940617140597,stuerner_dn:1226,R,left,stuerner_dn,side_convention_or_identity_requires_review
720575940621401222,stuerner_dn:1227,L,right,stuerner_dn,side_convention_or_identity_requires_review
720575940611622826,stuerner_dn:1228,R,left,stuerner_dn,side_convention_or_identity_requires_review
720575940616274619,stuerner_dn:1229,L,right,stuerner_dn,side_convention_or_identity_requires_review
720575940625184782,stuerner_dn:1230,R,left,stuerner_dn,side_convention_or_identity_requires_review
720575940624121161,stuerner_dn:1231,L,right,stuerner_dn,side_convention_or_identity_requires_review
720575940608145026,stuerner_dn:1232,R,left,stuerner_dn,side_convention_or_identity_requires_review
720575940644279319,stuerner_dn:1233,L,right,stuerner_dn,side_convention_or_identity_requires_review
720575940611237594,stuerner_dn:1234,R,left,stuerner_dn,side_convention_or_identity_requires_review
720575940631609391,stuerner_dn:1235,L,right,stuerner_dn,side_convention_or_identity_requires_review
720575940630428324,stuerner_dn:1236,R,left,stuerner_dn,side_convention_or_identity_requires_review
720575940626518858,stuerner_dn:1237,L,right,stuerner_dn,side_convention_or_identity_requires_review
720575940617873201,stuerner_dn:1238,R,left,stuerner_dn,side_convention_or_identity_requires_review
720575940605162924,stuerner_dn:1239,L,right,stuerner_dn,side_convention_or_identity_requires_review
720575940630689644,stuerner_dn:1240,R,left,stuerner_dn,side_convention_or_identity_requires_review
720575940621554112,stuerner_dn:1241,L,right,stuerner_dn,side_convention_or_identity_requires_review
720575940622843530,stuerner_dn:1242,L,right,stuerner_dn,side_convention_or_identity_requires_review
720575940627750216,stuerner_dn:1243,R,left,stuerner_dn,side_convention_or_identity_requires_review
720575940634750871,stuerner_dn:1244,R,left,stuerner_dn,side_convention_or_identity_requires_review
720575940645693476,stuerner_dn:1245,L,right,stuerner_dn,side_convention_or_identity_requires_review
720575940617552569,stuerner_dn:1246,R,left,stuerner_dn,side_convention_or_identity_requires_review
720575940623014695,stuerner_dn:1247,L,right,stuerner_dn,side_convention_or_identity_requires_review
720575940619451989,stuerner_dn:1248,R,left,stuerner_dn,side_convention_or_identity_requires_review
720575940610715346,stuerner_dn:1249,L,right,stuerner_dn,side_convention_or_identity_requires_review
720575940608409355,stuerner_dn:1250,R,left,stuerner_dn,side_convention_or_identity_requires_review
720575940648654468,stuerner_dn:1251,L,right,stuerner_dn,side_convention_or_identity_requires_review
720575940647471395,stuerner_dn:1252,R,left,stuerner_dn,side_convention_or_identity_requires_review
720575940635552948,stuerner_dn:1253,L,right,stuerner_dn,side_convention_or_identity_requires_review
720575940623274966,stuerner_dn:1254,R,left,stuerner_dn,side_convention_or_identity_requires_review
720575940626806046,stuerner_dn:1255,L,right,stuerner_dn,side_convention_or_identity_requires_review
720575940607378633,stuerner_dn:1256,R,left,stuerner_dn,side_convention_or_identity_requires_review
720575940605702944,stuerner_dn:1257,L,right,stuerner_dn,side_convention_or_identity_requires_review
720575940624801771,stuerner_dn:1258,R,left,stuerner_dn,side_convention_or_identity_requires_review
720575940606704562,stuerner_dn:1259,L,right,stuerner_dn,side_convention_or_identity_requires_review
720575940620757748,stuerner_dn:1260,R,left,stuerner_dn,side_convention_or_identity_requires_review
720575940619038493,stuerner_dn:1261,L,right,stuerner_dn,side_convention_or_identity_requires_review
720575940615092019,stuerner_dn:1262,R,left,stuerner_dn,side_convention_or_identity_requires_review
720575940637618142,stuerner_dn:1263,L,right,stuerner_dn,side_convention_or_identity_requires_review
720575940623142426,stuerner_dn:1264,R,left,stuerner_dn,side_convention_or_identity_requires_review
720575940612488341,stuerner_dn:1265,L,right,stuerner_dn,side_convention_or_identity_requires_review
720575940637341668,stuerner_dn:1266,R,left,stuerner_dn,side_convention_or_identity_requires_review
720575940617448331,stuerner_dn:1267,L,right,stuerner_dn,side_convention_or_identity_requires_review
720575940646160948,stuerner_dn:1268,R,left,stuerner_dn,side_convention_or_identity_requires_review
720575940628885160,stuerner_dn:1269,L,right,stuerner_dn,side_convention_or_identity_requires_review
720575940615292895,stuerner_dn:1270,R,left,stuerner_dn,side_convention_or_identity_requires_review
720575940631499832,stuerner_dn:1271,L,right,stuerner_dn,side_convention_or_identity_requires_review
720575940624977847,stuerner_dn:1272,R,left,stuerner_dn,side_convention_or_identity_requires_review
720575940635210603,stuerner_dn:1273,L,right,stuerner_dn,side_convention_or_identity_requires_review
720575940635838143,stuerner_dn:1274,R,left,stuerner_dn,side_convention_or_identity_requires_review
720575940639242303,stuerner_dn:1275,L,right,stuerner_dn,side_convention_or_identity_requires_review
720575940624402173,stuerner_dn:1276,R,left,stuerner_dn,side_convention_or_identity_requires_review
720575940632379071,stuerner_dn:1277,L,right,stuerner_dn,side_convention_or_identity_requires_review
720575940621629578,stuerner_dn:1278,L,right,stuerner_dn,side_convention_or_identity_requires_review
720575940627241321,stuerner_dn:1279,L,right,stuerner_dn,side_convention_or_identity_requires_review
720575940633213132,stuerner_dn:1280,L,right,stuerner_dn,side_convention_or_identity_requires_review
720575940603580960,stuerner_dn:1281,R,left,stuerner_dn,side_convention_or_identity_requires_review
720575940642411917,stuerner_dn:1282,R,left,stuerner_dn,side_convention_or_identity_requires_review
720575940626665489,stuerner_dn:1283,R,left,stuerner_dn,side_convention_or_identity_requires_review
720575940640306061,stuerner_dn:1284,R,left,stuerner_dn,side_convention_or_identity_requires_review
720575940613558509,stuerner_dn:1285,L,right,stuerner_dn,side_convention_or_identity_requires_review
720575940603874784,stuerner_dn:1286,R,left,stuerner_dn,side_convention_or_identity_requires_review
720575940632472850,stuerner_dn:1287,L,right,stuerner_dn,side_convention_or_identity_requires_review
720575940634458719,stuerner_dn:1288,R,left,stuerner_dn,side_convention_or_identity_requires_review
720575940625101360,stuerner_dn:1289,L,right,stuerner_dn,side_convention_or_identity_requires_review
720575940635254117,stuerner_dn:1290,R,left,stuerner_dn,side_convention_or_identity_requires_review
720575940632644639,stuerner_dn:1291,L,right,stuerner_dn,side_convention_or_identity_requires_review
720575940638836285,stuerner_dn:1292,L,right,stuerner_dn,side_convention_or_identity_requires_review
720575940633816986,stuerner_dn:1293,R,left,stuerner_dn,side_convention_or_identity_requires_review
720575940625653029,stuerner_dn:1294,R,left,stuerner_dn,side_convention_or_identity_requires_review
720575940619864596,stuerner_dn:1296,L,right,stuerner_dn,side_convention_or_identity_requires_review
720575940604241510,stuerner_dn:1297,R,left,stuerner_dn,side_convention_or_identity_requires_review
720575940624305812,stuerner_dn:1298,L,right,stuerner_dn,side_convention_or_identity_requires_review
720575940613684370,stuerner_dn:1299,R,left,stuerner_dn,side_convention_or_identity_requires_review
720575940629172218,stuerner_dn:1300,L,right,stuerner_dn,side_convention_or_identity_requires_review
720575940618497616,stuerner_dn:1301,R,left,stuerner_dn,side_convention_or_identity_requires_review
720575940642312136,stuerner_dn:1302,L,right,stuerner_dn,side_convention_or_identity_requires_review
720575940627921182,stuerner_dn:1303,R,left,stuerner_dn,side_convention_or_identity_requires_review
720575940603980256,stuerner_dn:1304,L,right,stuerner_dn,side_convention_or_identity_requires_review
720575940641518733,stuerner_dn:1305,R,left,stuerner_dn,side_convention_or_identity_requires_review
720575940646173748,stuerner_dn:1306,L,right,stuerner_dn,side_convention_or_identity_requires_review
720575940621257340,stuerner_dn:1307,R,left,stuerner_dn,side_convention_or_identity_requires_review
720575940632512156,stuerner_dn:1308,L,right,stuerner_dn,side_convention_or_identity_requires_review
720575940620625880,stuerner_dn:1309,R,left,stuerner_dn,side_convention_or_identity_requires_review
720575940621196037,stuerner_dn:1310,L,right,stuerner_dn,side_convention_or_identity_requires_review
720575940622040419,stuerner_dn:1311,R,left,stuerner_dn,side_convention_or_identity_requires_review
720575940609719250,stuerner_dn:1312,L,right,stuerner_dn,side_convention_or_identity_requires_review
720575940632646114,stuerner_dn:1313,R,left,stuerner_dn,side_convention_or_identity_requires_review
720575940614185366,stuerner_dn:1314,L,right,stuerner_dn,side_convention_or_identity_requires_review
720575940615559892,stuerner_dn:1315,R,left,stuerner_dn,side_convention_or_identity_requires_review
720575940614363619,stuerner_dn:1316,L,right,stuerner_dn,side_convention_or_identity_requires_review
720575940607632579,stuerner_dn:1317,R,left,stuerner_dn,side_convention_or_identity_requires_review
720575940629561400,stuerner_an_sa:120,L,right,stuerner_an_sa,side_convention_or_identity_requires_review
720575940612608790,stuerner_an_sa:137,L,right,stuerner_an_sa,side_convention_or_identity_requires_review
720575940626035556,stuerner_an_sa:400,R,left,stuerner_an_sa,side_convention_or_identity_requires_review
720575940604912770,stuerner_an_sa:949,L,right,stuerner_an_sa,side_convention_or_identity_requires_review
720575940633292769,stuerner_an_sa:1106,L,right,stuerner_an_sa,side_convention_or_identity_requires_review
720575940622803494,stuerner_an_sa:1158,L,right,stuerner_an_sa,side_convention_or_identity_requires_review
720575940626890027,stuerner_an_sa:1548,L,right,stuerner_an_sa,side_convention_or_identity_requires_review
720575940628876741,stuerner_an_sa:1549,L,right,stuerner_an_sa,side_convention_or_identity_requires_review
720575940621762567,stuerner_an_sa:1641,L,right,stuerner_an_sa,side_convention_or_identity_requires_review
720575940622951757,stuerner_an_sa:1659,L,right,stuerner_an_sa,side_convention_or_identity_requires_review
720575940604621257,stuerner_an_sa:1664,L,right,stuerner_an_sa,side_convention_or_identity_requires_review
720575940638128198,stuerner_an_sa:1822,L,right,stuerner_an_sa,side_convention_or_identity_requires_review
720575940637562469,stuerner_an_sa:2282,L,right,stuerner_an_sa,side_convention_or_identity_requires_review
720575940626163697,stuerner_an_sa:2285,R,left,stuerner_an_sa,side_convention_or_identity_requires_review
720575940619668741,stuerner_an_sa:2321,L,right,stuerner_an_sa,side_convention_or_identity_requires_review
720575940612312499,stuerner_an_sa:2324,L,right,stuerner_an_sa,side_convention_or_identity_requires_review
720575940604737708,steering_experiment_2024:DNa02_L,L,right,steering_experiment_2024,side_convention_or_identity_requires_review
720575940629327659,steering_experiment_2024:DNa02_R,R,left,steering_experiment_2024,side_convention_or_identity_requires_review
720575940606112940,steering_experiment_2024:DNg13_L,L,right,steering_experiment_2024,side_convention_or_identity_requires_review
720575940616471052,steering_experiment_2024:DNg13_R,R,left,steering_experiment_2024,side_convention_or_identity_requires_review
720575940626163697,tastekin_2026:GRNs!652,R,left,tastekin_2026,side_convention_or_identity_requires_review
720575940637562469,tastekin_2026:GRNs!667,L,right,tastekin_2026,side_convention_or_identity_requires_review
720575940629806974,shiu_2024:Supplemental Table 7A Grooming !254,left,right,shiu_2024,side_convention_or_identity_requires_review
720575940616185531,shiu_2024:Supplemental Table 7A Grooming !255,left,right,shiu_2024,side_convention_or_identity_requires_review
