index,root_id,cell_type,side,module,conservative_motor,active_post_transient,max_rate,mean_rate,amplitude,original_rhythmicity_score,original_autocorrelation_frequency_hz,condition
8,720575941353301552,sternal_posterior_rotator_miller_32,right,coxa stance,True,False,0.0,0.0,0.0,0.0,0.0,zero
31,720575941391252886,trochanter_flexor_posterior_soma_ProAN,right,femur/tr flex,True,False,0.0,0.0,0.0,0.0,0.0,zero
58,720575941399414563,trochanter_flexor_ProAN,right,femur/tr flex,True,False,0.0,0.0,0.0,0.0,0.0,zero
82,720575941402088304,sternal_posterior_rotator,left,coxa stance,True,False,0.0,0.0,0.0,0.0,0.0,zero
108,720575941406488494,accessory_tibia_flexor_A,left,tibia flex,True,False,0.0,0.0,0.0,0.0,0.0,zero
118,720575941408338862,tergotrochanter_extensor,left,femur/tr extend,True,False,0.0,0.0,0.0,0.0,0.0,zero
156,720575941411709073,trochanter_extensor_LinJ,right,femur/tr extend,True,False,0.0,0.0,0.0,0.0,0.0,zero
163,720575941411838612,long_tendon_muscle_B,left,substrate grip,True,False,0.0,0.0,0.0,0.0,0.0,zero
245,720575941428654255,tergopleural_promotor_pleural_promotor_miller_28_30,right,coxa swing,True,False,0.0,0.0,0.0,0.0,0.0,zero
265,720575941430029449,accessory_tibia_flexor_B,right,tibia flex,True,False,0.0,0.0,0.0,0.0,0.0,zero
370,720575941434874912,,left,tarsus control,False,False,0.0,0.0,0.0,0.0,0.0,zero
380,720575941435830546,long_tendon_muscle_B,left,substrate grip,True,False,0.0,0.0,0.0,0.0,0.0,zero
488,720575941439622111,,right,tarsus control,False,False,0.0,0.0,0.0,0.0,0.0,zero
490,720575941439667986,long_tendon_muscle_B_femur,right,substrate grip,True,False,0.0,0.0,0.0,0.0,0.0,zero
512,720575941440649307,,left,tarsus control,False,False,0.0,0.0,0.0,0.0,0.0,zero
594,720575941447846990,accessory_tibia_flexor_A,right,tibia flex,True,False,0.0,0.0,0.0,0.0,0.0,zero
615,720575941448680285,,,tarsus control,False,False,0.0,0.0,0.0,0.0,0.0,zero
616,720575941448798133,femur_reductor,right,femur reductor,True,False,0.0,0.0,0.0,0.0,0.0,zero
641,720575941450546857,accessory_tibia_flexor_A,left,tibia flex,True,False,0.0,0.0,0.0,0.0,0.0,zero
644,720575941450561358,trochanter_flexor_ProAN,right,femur/tr flex,True,False,0.0,0.0,0.0,0.0,0.0,zero
680,720575941452885043,accessory_tibia_flexor_B,right,tibia flex,True,False,0.0,0.0,0.0,0.0,0.0,zero
722,720575941455787245,sternal_anterior_rotator,left,coxa swing,True,False,0.0,0.0,0.0,0.0,0.0,zero
797,720575941460703245,femur_reductor,left,femur reductor,True,False,0.0,0.0,0.0,0.0,0.0,zero
813,720575941461333648,tergotrochanter_extensor,left,femur/tr extend,True,False,0.0,0.0,0.0,0.0,0.0,zero
838,720575941463544077,,,tarsus control,False,False,0.0,0.0,0.0,0.0,0.0,zero
847,720575941464194902,accessory_tibia_flexor_B,left,tibia flex,True,False,0.0,0.0,0.0,0.0,0.0,zero
858,720575941464925462,long_tendon_muscle_B,left,substrate grip,True,False,0.0,0.0,0.0,0.0,0.0,zero
912,720575941469045111,accessory_tibia_flexor_B,right,tibia flex,True,False,0.0,0.0,0.0,0.0,0.0,zero
913,720575941469052535,femur_reductor,left,femur reductor,True,False,0.0,0.0,0.0,0.0,0.0,zero
1086,720575941477010737,,right,tarsus control,False,False,0.0,0.0,0.0,0.0,0.0,zero
1108,720575941477522794,,right,tarsus control,False,False,0.0,0.0,0.0,0.0,0.0,zero
1129,720575941478281440,tergotrochanter_extensor,right,femur/tr extend,True,False,0.0,0.0,0.0,0.0,0.0,zero
1144,720575941478577231,tibia_extensor_SETi,left,tibia extend,True,False,0.0,0.0,0.0,0.0,0.0,zero
1163,720575941479472258,accessory_tibia_flexor_B,left,tibia flex,True,False,0.0,0.0,0.0,0.0,0.0,zero
1221,720575941481179066,tibia_flexor_Fast,left,tibia flex,True,False,0.0,0.0,0.0,0.0,0.0,zero
1239,720575941482407677,,right,tarsus control,False,False,0.0,0.0,0.0,0.0,0.0,zero
1255,720575941483515389,trochanter_extensor_LinJ,left,femur/tr extend,True,False,0.0,0.0,0.0,0.0,0.0,zero
1297,720575941485464130,,right,tarsus control,False,False,0.0,0.0,0.0,0.0,0.0,zero
1299,720575941486064962,femur_reductor,left,femur reductor,True,False,0.0,0.0,0.0,0.0,0.0,zero
1336,720575941488203209,long_tendon_muscle_B,right,substrate grip,True,False,0.0,0.0,0.0,0.0,0.0,zero
1338,720575941488205769,tibia_flexor,left,tibia flex,True,False,0.0,0.0,0.0,0.0,0.0,zero
1339,720575941488287797,tibia_extensor_FETi,right,tibia extend,True,False,0.0,0.0,0.0,0.0,0.0,zero
1358,720575941489123047,long_tendon_muscle_B,left,substrate grip,True,False,0.0,0.0,0.0,0.0,0.0,zero
1472,720575941494146176,accessory_tibia_flexor_B,right,tibia flex,True,False,0.0,0.0,0.0,0.0,0.0,zero
1478,720575941494164864,pleural_remotor_and_abductor,left,coxa stance,True,False,0.0,0.0,0.0,0.0,0.0,zero
1575,720575941498960546,tergopleural_promotor_pleural_promotor,left,coxa swing,True,False,0.0,0.0,0.0,0.0,0.0,zero
1595,720575941499964555,sternal_adductor_ProAN,right,coxa swing,True,False,0.0,0.0,0.0,0.0,0.0,zero
1628,720575941501926706,long_tendon_muscle_B,right,substrate grip,True,False,0.0,0.0,0.0,0.0,0.0,zero
1629,720575941501929010,long_tendon_muscle_A,left,substrate grip,True,False,0.0,0.0,0.0,0.0,0.0,zero
1693,720575941504354754,,right,tarsus control,False,False,0.0,0.0,0.0,0.0,0.0,zero
1696,720575941504396567,trochanter_flexor_VProN,right,femur/tr flex,True,False,0.0,0.0,0.0,0.0,0.0,zero
1726,720575941505204293,,left,tarsus control,False,False,0.0,0.0,0.0,0.0,0.0,zero
1735,720575941505568069,trochanter_flexor_ProAN,right,femur/tr flex,True,False,0.0,0.0,0.0,0.0,0.0,zero
1736,720575941505660801,long_tendon_muscle_B,left,substrate grip,True,False,0.0,0.0,0.0,0.0,0.0,zero
1738,720575941505687234,,right,tarsus control,False,False,0.0,0.0,0.0,0.0,0.0,zero
1761,720575941506261538,tergopleural_promotor_pleural_promotor,left,coxa swing,True,False,0.0,0.0,0.0,0.0,0.0,zero
1776,720575941507031612,sternotrochanter_extensor,left,femur/tr extend,True,False,0.0,0.0,0.0,0.0,0.0,zero
1821,720575941508205185,femur_reductor_tiny,left,femur reductor,True,False,0.0,0.0,0.0,0.0,0.0,zero
1835,720575941508453761,trochanter_extensor,right,femur/tr extend,True,False,0.0,0.0,0.0,0.0,0.0,zero
1866,720575941511197516,long_tendon_muscle_B_femur,right,substrate grip,True,False,0.0,0.0,0.0,0.0,0.0,zero
1876,720575941511883985,trochanter_flexor_posterior_soma,left,femur/tr flex,True,False,0.0,0.0,0.0,0.0,0.0,zero
1973,720575941515355795,accessory_tibia_flexor_A_out_of_bundle,left,tibia flex,True,False,0.0,0.0,0.0,0.0,0.0,zero
2029,720575941516874094,sternotrochanter_extensor,left,femur/tr extend,True,False,0.0,0.0,0.0,0.0,0.0,zero
2037,720575941517351161,,left,tarsus control,False,False,0.0,0.0,0.0,0.0,0.0,zero
2048,720575941518133464,sternal_posterior_rotator,left,coxa stance,True,False,0.0,0.0,0.0,0.0,0.0,zero
2049,720575941518204888,tergopleural_promotor_pleural_promotor_miller_28_30,right,coxa swing,True,False,0.0,0.0,0.0,0.0,0.0,zero
2054,720575941518405998,,left,tarsus control,False,False,0.0,0.0,0.0,0.0,0.0,zero
2055,720575941518431927,,right,tarsus control,False,False,0.0,0.0,0.0,0.0,0.0,zero
2071,720575941518851694,trochanter_flexor_ProAN,left,femur/tr flex,True,False,0.0,0.0,0.0,0.0,0.0,zero
2147,720575941522782967,,right,tarsus control,False,False,0.0,0.0,0.0,0.0,0.0,zero
2158,720575941523368779,tergotrochanter_extensor,right,femur/tr extend,True,False,0.0,0.0,0.0,0.0,0.0,zero
2184,720575941524365337,long_tendon_muscle_A,left,substrate grip,True,False,0.0,0.0,0.0,0.0,0.0,zero
2193,720575941524746573,trochanter_flexor_VProN,left,femur/tr flex,True,False,0.0,0.0,0.0,0.0,0.0,zero
2194,720575941524748877,long_tendon_muscle_B,left,substrate grip,True,False,0.0,0.0,0.0,0.0,0.0,zero
2197,720575941524966169,long_tendon_muscle_A,right,substrate grip,True,False,0.0,0.0,0.0,0.0,0.0,zero
2231,720575941526437988,accessory_tibia_flexor_A_slow,right,tibia flex,True,False,0.0,0.0,0.0,0.0,0.0,zero
2268,720575941527171000,accessory_trochanter_flexor,right,femur/tr flex,True,False,0.0,0.0,0.0,0.0,0.0,zero
2272,720575941527210680,,right,tarsus control,False,False,0.0,0.0,0.0,0.0,0.0,zero
2277,720575941527458562,trochanter_flexor_ProAN,left,femur/tr flex,True,False,0.0,0.0,0.0,0.0,0.0,zero
2282,720575941527847608,sternal_adductor,left,coxa swing,True,False,0.0,0.0,0.0,0.0,0.0,zero
2338,720575941531180261,sternal_anterior_rotator_miller_31,right,coxa swing,True,False,0.0,0.0,0.0,0.0,0.0,zero
2351,720575941531504357,accessory_trochanter_flexor_posterior_soma_ProLN,left,femur/tr flex,True,False,0.0,0.0,0.0,0.0,0.0,zero
2357,720575941531923147,sternal_anterior_rotator,left,coxa swing,True,False,0.0,0.0,0.0,0.0,0.0,zero
2367,720575941532418904,,right,tarsus control,False,False,0.0,0.0,0.0,0.0,0.0,zero
2368,720575941532427754,trochanter_flexor_posterior_soma,left,femur/tr flex,True,False,0.0,0.0,0.0,0.0,0.0,zero
2435,720575941534383235,,left,tarsus control,False,False,0.0,0.0,0.0,0.0,0.0,zero
2523,720575941536923624,trochanter_flexor_ProAN,left,femur/tr flex,True,False,0.0,0.0,0.0,0.0,0.0,zero
2563,720575941538128626,long_tendon_muscle_B,right,substrate grip,True,False,0.0,0.0,0.0,0.0,0.0,zero
2595,720575941539539325,,right,tarsus control,False,False,0.0,0.0,0.0,0.0,0.0,zero
2652,720575941542454876,tibia_flexor,left,tibia flex,True,False,0.0,0.0,0.0,0.0,0.0,zero
2726,720575941545479868,accessory_trochanter_flexor,left,femur/tr flex,True,False,0.0,0.0,0.0,0.0,0.0,zero
2767,720575941547393825,tibia_flexor,right,tibia flex,True,False,0.0,0.0,0.0,0.0,0.0,zero
2793,720575941548546696,pleural_remotor_and_abductor,left,coxa stance,True,False,0.0,0.0,0.0,0.0,0.0,zero
2804,720575941549009663,sternal_posterior_rotator,left,coxa stance,True,False,0.0,0.0,0.0,0.0,0.0,zero
2827,720575941549819710,accessory_tibia_flexor_B,right,tibia flex,True,False,0.0,0.0,0.0,0.0,0.0,zero
2861,720575941551010695,tibia_flexor,right,tibia flex,True,False,0.0,0.0,0.0,0.0,0.0,zero
2867,720575941551356570,trochanter_flexor_VProN,left,femur/tr flex,True,False,0.0,0.0,0.0,0.0,0.0,zero
2927,720575941553597502,femur_reductor_tiny,right,femur reductor,True,False,0.0,0.0,0.0,0.0,0.0,zero
2986,720575941556297811,tergopleural_promotor_pleural_promotor_miller_28_30,right,coxa swing,True,False,0.0,0.0,0.0,0.0,0.0,zero
3024,720575941557543918,tibia_flexor,right,tibia flex,True,False,0.0,0.0,0.0,0.0,0.0,zero
3067,720575941559281679,accessory_tibia_flexor_A,right,tibia flex,True,False,0.0,0.0,0.0,0.0,0.0,zero
3082,720575941559978797,sternal_posterior_rotator_miller_32,right,coxa stance,True,False,0.0,0.0,0.0,0.0,0.0,zero
3113,720575941561204626,femur_reductor,left,femur reductor,True,False,0.0,0.0,0.0,0.0,0.0,zero
3181,720575941563237778,,right,tarsus control,False,False,0.0,0.0,0.0,0.0,0.0,zero
3201,720575941563973174,femur_reductor_tiny,left,femur reductor,True,False,0.0,0.0,0.0,0.0,0.0,zero
3227,720575941564818688,accessory_trochanter_flexor,right,femur/tr flex,True,False,0.0,0.0,0.0,0.0,0.0,zero
3256,720575941565553920,accessory_tibia_flexor_C,right,tibia flex,True,False,0.0,0.0,0.0,0.0,0.0,zero
3290,720575941566924135,femur_reductor_tiny,right,femur reductor,True,False,0.0,0.0,0.0,0.0,0.0,zero
3309,720575941568546418,tergotrochanter_extensor,right,femur/tr extend,True,False,0.0,0.0,0.0,0.0,0.0,zero
3310,720575941568724980,trochanter_flexor_VProN,left,femur/tr flex,True,False,0.0,0.0,0.0,0.0,0.0,zero
3353,720575941570833736,accessory_tibia_flexor_B,left,tibia flex,True,False,0.0,0.0,0.0,0.0,0.0,zero
3437,720575941573516296,accessory_trochanter_flexor_posterior_soma_ProLN,left,femur/tr flex,True,False,0.0,0.0,0.0,0.0,0.0,zero
3452,720575941574013085,trochanter_flexor_posterior_soma_ProAN,right,femur/tr flex,True,False,0.0,0.0,0.0,0.0,0.0,zero
3587,720575941579753849,trochanter_flexor_VProN,right,femur/tr flex,True,False,0.0,0.0,0.0,0.0,0.0,zero
3608,720575941580731001,tibia_flexor,right,tibia flex,True,False,0.0,0.0,0.0,0.0,0.0,zero
3627,720575941582911865,tergopleural_promotor_pleural_promotor,left,coxa swing,True,False,0.0,0.0,0.0,0.0,0.0,zero
3633,720575941583323358,accessory_tibia_flexor_C,left,tibia flex,True,False,0.0,0.0,0.0,0.0,0.0,zero
3735,720575941590014007,accessory_tibia_flexor_A_out_of_bundle,right,tibia flex,True,False,0.0,0.0,0.0,0.0,0.0,zero
3748,720575941590872171,accessory_tibia_flexor_A,left,tibia flex,True,False,0.0,0.0,0.0,0.0,0.0,zero
3765,720575941591831180,,,tarsus control,False,False,0.0,0.0,0.0,0.0,0.0,zero
3771,720575941592225831,tergopleural_promotor_pleural_promotor_miller_28_30,right,coxa swing,True,False,0.0,0.0,0.0,0.0,0.0,zero
3781,720575941592581671,long_tendon_muscle_A,right,substrate grip,True,False,0.0,0.0,0.0,0.0,0.0,zero
3805,720575941593715569,pleural_remotor_and_abductor_miller_29,right,coxa stance,True,False,0.0,0.0,0.0,0.0,0.0,zero
3808,720575941593802373,tergotrochanter_extensor,right,femur/tr extend,True,False,0.0,0.0,0.0,0.0,0.0,zero
3809,720575941593843589,sternotrochanter_extensor,right,femur/tr extend,True,False,0.0,0.0,0.0,0.0,0.0,zero
3861,720575941595712448,sternal_posterior_rotator_miller_32,right,coxa stance,True,False,0.0,0.0,0.0,0.0,0.0,zero
3866,720575941595856540,accessory_tibia_flexor_B,left,tibia flex,True,False,0.0,0.0,0.0,0.0,0.0,zero
3945,720575941603190006,,left,tarsus control,False,False,0.0,0.0,0.0,0.0,0.0,zero
3974,720575941605019582,tibia_extensor_SETi,right,tibia extend,True,False,0.0,0.0,0.0,0.0,0.0,zero
3983,720575941606629485,,left,tarsus control,False,False,0.0,0.0,0.0,0.0,0.0,zero
3988,720575941607605101,,right,tarsus control,False,False,0.0,0.0,0.0,0.0,0.0,zero
3994,720575941608273226,femur_reductor,right,femur reductor,True,False,0.0,0.0,0.0,0.0,0.0,zero
4022,720575941610029642,accessory_tibia_flexor_B,left,tibia flex,True,False,0.0,0.0,0.0,0.0,0.0,zero
4207,720575941623147978,accessory_trochanter_flexor,right,femur/tr flex,True,False,0.0,0.0,0.0,0.0,0.0,zero
4210,720575941623218172,tibia_flexor_Fast,right,tibia flex,True,False,0.0,0.0,0.0,0.0,0.0,zero
4262,720575941625808330,sternal_posterior_rotator,right,coxa stance,True,False,0.0,0.0,0.0,0.0,0.0,zero
4301,720575941627155238,accessory_tibia_flexor_B,left,tibia flex,True,False,0.0,0.0,0.0,0.0,0.0,zero
4355,720575941630873531,,right,tarsus control,False,False,0.0,0.0,0.0,0.0,0.0,zero
4357,720575941630970604,accessory_tibia_flexor_A,right,tibia flex,True,False,0.0,0.0,0.0,0.0,0.0,zero
4373,720575941631837856,femur_reductor,right,femur reductor,True,False,0.0,0.0,0.0,0.0,0.0,zero
4419,720575941636735861,sternal_posterior_rotator_miller_32,right,coxa stance,True,False,0.0,0.0,0.0,0.0,0.0,zero
4431,720575941639281525,tibia_extensor_FETi,left,tibia extend,True,False,0.0,0.0,0.0,0.0,0.0,zero
4435,720575941639506207,tergotrochanter_extensor,left,femur/tr extend,True,False,0.0,0.0,0.0,0.0,0.0,zero
4446,720575941640958053,long_tendon_muscle_B,right,substrate grip,True,False,0.0,0.0,0.0,0.0,0.0,zero
4459,720575941642303944,tergotrochanter_extensor,left,femur/tr extend,True,False,0.0,0.0,0.0,0.0,0.0,zero
4485,720575941643180901,accessory_tibia_flexor_A,left,tibia flex,True,False,0.0,0.0,0.0,0.0,0.0,zero
4544,720575941649909489,femur_reductor,right,femur reductor,True,False,0.0,0.0,0.0,0.0,0.0,zero
4555,720575941651501585,tibia_flexor,left,tibia flex,True,False,0.0,0.0,0.0,0.0,0.0,zero
4639,720575941656372304,trochanter_flexor_VProN,right,femur/tr flex,True,False,0.0,0.0,0.0,0.0,0.0,zero
4729,720575941667370739,tibia_flexor,left,tibia flex,True,False,0.0,0.0,0.0,0.0,0.0,zero
4730,720575941667380979,sternotrochanter_extensor,right,femur/tr extend,True,False,0.0,0.0,0.0,0.0,0.0,zero
4745,720575941668683687,tergopleural_promotor_pleural_promotor,left,coxa swing,True,False,0.0,0.0,0.0,0.0,0.0,zero
4846,720575941689154828,,left,tarsus control,False,False,0.0,0.0,0.0,0.0,0.0,zero
4880,720575941691007896,pleural_remotor_and_abductor_miller_29,right,coxa stance,True,False,0.0,0.0,0.0,0.0,0.0,zero
4895,720575941692129243,sternal_anterior_rotator_miller_31,right,coxa swing,True,False,0.0,0.0,0.0,0.0,0.0,zero
4926,720575941720479034,trochanter_extensor,left,femur/tr extend,True,False,0.0,0.0,0.0,0.0,0.0,zero
8,720575941353301552,sternal_posterior_rotator_miller_32,right,coxa stance,True,False,0.0,0.0,0.0,0.0,0.0,dng100
31,720575941391252886,trochanter_flexor_posterior_soma_ProAN,right,femur/tr flex,True,False,0.0,0.0,0.0,0.0,0.0,dng100
58,720575941399414563,trochanter_flexor_ProAN,right,femur/tr flex,True,False,0.0,0.0,0.0,0.0,0.0,dng100
82,720575941402088304,sternal_posterior_rotator,left,coxa stance,True,False,0.0,0.0,0.0,0.0,0.0,dng100
108,720575941406488494,accessory_tibia_flexor_A,left,tibia flex,True,False,0.0,0.0,0.0,0.0,0.0,dng100
118,720575941408338862,tergotrochanter_extensor,left,femur/tr extend,True,False,0.0,0.0,0.0,0.0,0.0,dng100
156,720575941411709073,trochanter_extensor_LinJ,right,femur/tr extend,True,False,0.0,0.0,0.0,0.0,0.0,dng100
163,720575941411838612,long_tendon_muscle_B,left,substrate grip,True,False,0.0,0.0,0.0,0.0,0.0,dng100
245,720575941428654255,tergopleural_promotor_pleural_promotor_miller_28_30,right,coxa swing,True,False,0.0,0.0,0.0,0.0,0.0,dng100
265,720575941430029449,accessory_tibia_flexor_B,right,tibia flex,True,False,0.0,0.0,0.0,0.0,0.0,dng100
370,720575941434874912,,left,tarsus control,False,False,0.0,0.0,0.0,0.0,0.0,dng100
380,720575941435830546,long_tendon_muscle_B,left,substrate grip,True,False,0.0,0.0,0.0,0.0,0.0,dng100
488,720575941439622111,,right,tarsus control,False,False,0.0,0.0,0.0,0.0,0.0,dng100
490,720575941439667986,long_tendon_muscle_B_femur,right,substrate grip,True,False,0.0,0.0,0.0,0.0,0.0,dng100
512,720575941440649307,,left,tarsus control,False,False,0.0,0.0,0.0,0.0,0.0,dng100
594,720575941447846990,accessory_tibia_flexor_A,right,tibia flex,True,False,0.0,0.0,0.0,0.0,0.0,dng100
615,720575941448680285,,,tarsus control,False,False,0.0,0.0,0.0,0.0,0.0,dng100
616,720575941448798133,femur_reductor,right,femur reductor,True,False,0.0,0.0,0.0,0.0,0.0,dng100
641,720575941450546857,accessory_tibia_flexor_A,left,tibia flex,True,False,0.0,0.0,0.0,0.0,0.0,dng100
644,720575941450561358,trochanter_flexor_ProAN,right,femur/tr flex,True,False,0.0,0.0,0.0,0.0,0.0,dng100
680,720575941452885043,accessory_tibia_flexor_B,right,tibia flex,True,False,0.0,0.0,0.0,0.0,0.0,dng100
722,720575941455787245,sternal_anterior_rotator,left,coxa swing,True,False,0.0,0.0,0.0,0.0,0.0,dng100
797,720575941460703245,femur_reductor,left,femur reductor,True,False,0.0,0.0,0.0,0.0,0.0,dng100
813,720575941461333648,tergotrochanter_extensor,left,femur/tr extend,True,False,0.0,0.0,0.0,0.0,0.0,dng100
838,720575941463544077,,,tarsus control,False,False,0.0,0.0,0.0,0.0,0.0,dng100
847,720575941464194902,accessory_tibia_flexor_B,left,tibia flex,True,False,0.0,0.0,0.0,0.0,0.0,dng100
858,720575941464925462,long_tendon_muscle_B,left,substrate grip,True,False,0.0,0.0,0.0,0.0,0.0,dng100
912,720575941469045111,accessory_tibia_flexor_B,right,tibia flex,True,False,0.0,0.0,0.0,0.0,0.0,dng100
913,720575941469052535,femur_reductor,left,femur reductor,True,False,0.0,0.0,0.0,0.0,0.0,dng100
1086,720575941477010737,,right,tarsus control,False,False,0.0,0.0,0.0,0.0,0.0,dng100
1108,720575941477522794,,right,tarsus control,False,False,0.0,0.0,0.0,0.0,0.0,dng100
1129,720575941478281440,tergotrochanter_extensor,right,femur/tr extend,True,False,0.0,0.0,0.0,0.0,0.0,dng100
1144,720575941478577231,tibia_extensor_SETi,left,tibia extend,True,False,0.0,0.0,0.0,0.0,0.0,dng100
1163,720575941479472258,accessory_tibia_flexor_B,left,tibia flex,True,False,0.0,0.0,0.0,0.0,0.0,dng100
1221,720575941481179066,tibia_flexor_Fast,left,tibia flex,True,False,0.0,0.0,0.0,0.0,0.0,dng100
1239,720575941482407677,,right,tarsus control,False,False,0.0,0.0,0.0,0.0,0.0,dng100
1255,720575941483515389,trochanter_extensor_LinJ,left,femur/tr extend,True,False,0.0,0.0,0.0,0.0,0.0,dng100
1297,720575941485464130,,right,tarsus control,False,False,0.0,0.0,0.0,0.0,0.0,dng100
1299,720575941486064962,femur_reductor,left,femur reductor,True,False,0.0,0.0,0.0,0.0,0.0,dng100
1336,720575941488203209,long_tendon_muscle_B,right,substrate grip,True,False,0.0,0.0,0.0,0.0,0.0,dng100
1338,720575941488205769,tibia_flexor,left,tibia flex,True,False,0.0,0.0,0.0,0.0,0.0,dng100
1339,720575941488287797,tibia_extensor_FETi,right,tibia extend,True,False,0.0,0.0,0.0,0.0,0.0,dng100
1358,720575941489123047,long_tendon_muscle_B,left,substrate grip,True,False,0.0,0.0,0.0,0.0,0.0,dng100
1472,720575941494146176,accessory_tibia_flexor_B,right,tibia flex,True,False,0.0,0.0,0.0,0.0,0.0,dng100
1478,720575941494164864,pleural_remotor_and_abductor,left,coxa stance,True,False,0.0,0.0,0.0,0.0,0.0,dng100
1575,720575941498960546,tergopleural_promotor_pleural_promotor,left,coxa swing,True,True,5.09379080182709,3.3826956517904136,3.324028372087253,0.9996150135993958,15.15151560306549,dng100
1595,720575941499964555,sternal_adductor_ProAN,right,coxa swing,True,False,0.0,0.0,0.0,0.0,0.0,dng100
1628,720575941501926706,long_tendon_muscle_B,right,substrate grip,True,False,0.0,0.0,0.0,0.0,0.0,dng100
1629,720575941501929010,long_tendon_muscle_A,left,substrate grip,True,False,0.0,0.0,0.0,0.0,0.0,dng100
1693,720575941504354754,,right,tarsus control,False,False,0.0,0.0,0.0,0.0,0.0,dng100
1696,720575941504396567,trochanter_flexor_VProN,right,femur/tr flex,True,False,0.0,0.0,0.0,0.0,0.0,dng100
1726,720575941505204293,,left,tarsus control,False,False,0.0,0.0,0.0,0.0,0.0,dng100
1735,720575941505568069,trochanter_flexor_ProAN,right,femur/tr flex,True,False,0.0,0.0,0.0,0.0,0.0,dng100
1736,720575941505660801,long_tendon_muscle_B,left,substrate grip,True,False,0.0,0.0,0.0,0.0,0.0,dng100
1738,720575941505687234,,right,tarsus control,False,False,0.0,0.0,0.0,0.0,0.0,dng100
1761,720575941506261538,tergopleural_promotor_pleural_promotor,left,coxa swing,True,True,0.7662547598073639,0.33335490003800705,0.6987605685116156,0.9995269775390625,15.15151560306549,dng100
1776,720575941507031612,sternotrochanter_extensor,left,femur/tr extend,True,False,0.0,0.0,0.0,0.0,0.0,dng100
1821,720575941508205185,femur_reductor_tiny,left,femur reductor,True,False,0.0,0.0,0.0,0.0,0.0,dng100
1835,720575941508453761,trochanter_extensor,right,femur/tr extend,True,False,0.0,0.0,0.0,0.0,0.0,dng100
1866,720575941511197516,long_tendon_muscle_B_femur,right,substrate grip,True,False,0.0,0.0,0.0,0.0,0.0,dng100
1876,720575941511883985,trochanter_flexor_posterior_soma,left,femur/tr flex,True,False,0.0,0.0,0.0,0.0,0.0,dng100
1973,720575941515355795,accessory_tibia_flexor_A_out_of_bundle,left,tibia flex,True,False,0.0,0.0,0.0,0.0,0.0,dng100
2029,720575941516874094,sternotrochanter_extensor,left,femur/tr extend,True,False,0.0,0.0,0.0,0.0,0.0,dng100
2037,720575941517351161,,left,tarsus control,False,False,0.0,0.0,0.0,0.0,0.0,dng100
2048,720575941518133464,sternal_posterior_rotator,left,coxa stance,True,False,0.0,0.0,0.0,0.0,0.0,dng100
2049,720575941518204888,tergopleural_promotor_pleural_promotor_miller_28_30,right,coxa swing,True,False,0.0,0.0,0.0,0.0,0.0,dng100
2054,720575941518405998,,left,tarsus control,False,False,0.0,0.0,0.0,0.0,0.0,dng100
2055,720575941518431927,,right,tarsus control,False,False,0.0,0.0,0.0,0.0,0.0,dng100
2071,720575941518851694,trochanter_flexor_ProAN,left,femur/tr flex,True,False,0.0,0.0,0.0,0.0,0.0,dng100
2147,720575941522782967,,right,tarsus control,False,False,0.0,0.0,0.0,0.0,0.0,dng100
2158,720575941523368779,tergotrochanter_extensor,right,femur/tr extend,True,False,0.0,0.0,0.0,0.0,0.0,dng100
2184,720575941524365337,long_tendon_muscle_A,left,substrate grip,True,False,0.0,0.0,0.0,0.0,0.0,dng100
2193,720575941524746573,trochanter_flexor_VProN,left,femur/tr flex,True,False,0.0,0.0,0.0,0.0,0.0,dng100
2194,720575941524748877,long_tendon_muscle_B,left,substrate grip,True,False,0.0,0.0,0.0,0.0,0.0,dng100
2197,720575941524966169,long_tendon_muscle_A,right,substrate grip,True,False,0.0,0.0,0.0,0.0,0.0,dng100
2231,720575941526437988,accessory_tibia_flexor_A_slow,right,tibia flex,True,False,0.0,0.0,0.0,0.0,0.0,dng100
2268,720575941527171000,accessory_trochanter_flexor,right,femur/tr flex,True,False,0.0,0.0,0.0,0.0,0.0,dng100
2272,720575941527210680,,right,tarsus control,False,False,0.0,0.0,0.0,0.0,0.0,dng100
2277,720575941527458562,trochanter_flexor_ProAN,left,femur/tr flex,True,False,0.0,0.0,0.0,0.0,0.0,dng100
2282,720575941527847608,sternal_adductor,left,coxa swing,True,False,0.0,0.0,0.0,0.0,0.0,dng100
2338,720575941531180261,sternal_anterior_rotator_miller_31,right,coxa swing,True,False,0.0,0.0,0.0,0.0,0.0,dng100
2351,720575941531504357,accessory_trochanter_flexor_posterior_soma_ProLN,left,femur/tr flex,True,False,0.0,0.0,0.0,0.0,0.0,dng100
2357,720575941531923147,sternal_anterior_rotator,left,coxa swing,True,False,0.0,0.0,0.0,0.0,0.0,dng100
2367,720575941532418904,,right,tarsus control,False,False,0.0,0.0,0.0,0.0,0.0,dng100
2368,720575941532427754,trochanter_flexor_posterior_soma,left,femur/tr flex,True,False,0.0,0.0,0.0,0.0,0.0,dng100
2435,720575941534383235,,left,tarsus control,False,False,0.0,0.0,0.0,0.0,0.0,dng100
2523,720575941536923624,trochanter_flexor_ProAN,left,femur/tr flex,True,False,9.736350270016284e-05,1.2491042969146344e-06,9.736350270016284e-05,0.0,0.0,dng100
2563,720575941538128626,long_tendon_muscle_B,right,substrate grip,True,False,0.0,0.0,0.0,0.0,0.0,dng100
2595,720575941539539325,,right,tarsus control,False,False,0.0,0.0,0.0,0.0,0.0,dng100
2652,720575941542454876,tibia_flexor,left,tibia flex,True,False,0.0,0.0,0.0,0.0,0.0,dng100
2726,720575941545479868,accessory_trochanter_flexor,left,femur/tr flex,True,False,0.0,0.0,0.0,0.0,0.0,dng100
2767,720575941547393825,tibia_flexor,right,tibia flex,True,True,0.08828267854179099,0.0324614960255705,0.08353210838320102,0.9996219873428345,15.15151560306549,dng100
2793,720575941548546696,pleural_remotor_and_abductor,left,coxa stance,True,False,7.279904948059369e-06,7.742162251157446e-08,7.279904948059369e-06,0.0,0.0,dng100
2804,720575941549009663,sternal_posterior_rotator,left,coxa stance,True,False,0.0,0.0,0.0,0.0,0.0,dng100
2827,720575941549819710,accessory_tibia_flexor_B,right,tibia flex,True,False,0.0,0.0,0.0,0.0,0.0,dng100
2861,720575941551010695,tibia_flexor,right,tibia flex,True,False,0.0,0.0,0.0,0.0,0.0,dng100
2867,720575941551356570,trochanter_flexor_VProN,left,femur/tr flex,True,False,0.0,0.0,0.0,0.0,0.0,dng100
2927,720575941553597502,femur_reductor_tiny,right,femur reductor,True,False,0.0,0.0,0.0,0.0,0.0,dng100
2986,720575941556297811,tergopleural_promotor_pleural_promotor_miller_28_30,right,coxa swing,True,False,0.0,0.0,0.0,0.0,0.0,dng100
3024,720575941557543918,tibia_flexor,right,tibia flex,True,False,0.0,0.0,0.0,0.0,0.0,dng100
3067,720575941559281679,accessory_tibia_flexor_A,right,tibia flex,True,True,0.5937275413866925,0.29869857126662225,0.5187192648189511,0.9996770024299622,15.15151560306549,dng100
3082,720575941559978797,sternal_posterior_rotator_miller_32,right,coxa stance,True,False,0.0,0.0,0.0,0.0,0.0,dng100
3113,720575941561204626,femur_reductor,left,femur reductor,True,False,0.0,0.0,0.0,0.0,0.0,dng100
3181,720575941563237778,,right,tarsus control,False,False,0.0,0.0,0.0,0.0,0.0,dng100
3201,720575941563973174,femur_reductor_tiny,left,femur reductor,True,False,0.0,0.0,0.0,0.0,0.0,dng100
3227,720575941564818688,accessory_trochanter_flexor,right,femur/tr flex,True,False,0.0,0.0,0.0,0.0,0.0,dng100
3256,720575941565553920,accessory_tibia_flexor_C,right,tibia flex,True,False,0.0,0.0,0.0,0.0,0.0,dng100
3290,720575941566924135,femur_reductor_tiny,right,femur reductor,True,False,0.0,0.0,0.0,0.0,0.0,dng100
3309,720575941568546418,tergotrochanter_extensor,right,femur/tr extend,True,False,0.0,0.0,0.0,0.0,0.0,dng100
3310,720575941568724980,trochanter_flexor_VProN,left,femur/tr flex,True,False,0.0,0.0,0.0,0.0,0.0,dng100
3353,720575941570833736,accessory_tibia_flexor_B,left,tibia flex,True,False,0.0,0.0,0.0,0.0,0.0,dng100
3437,720575941573516296,accessory_trochanter_flexor_posterior_soma_ProLN,left,femur/tr flex,True,False,0.0,0.0,0.0,0.0,0.0,dng100
3452,720575941574013085,trochanter_flexor_posterior_soma_ProAN,right,femur/tr flex,True,False,0.0,0.0,0.0,0.0,0.0,dng100
3587,720575941579753849,trochanter_flexor_VProN,right,femur/tr flex,True,False,0.0,0.0,0.0,0.0,0.0,dng100
3608,720575941580731001,tibia_flexor,right,tibia flex,True,False,0.0,0.0,0.0,0.0,0.0,dng100
3627,720575941582911865,tergopleural_promotor_pleural_promotor,left,coxa swing,True,False,0.0,0.0,0.0,0.0,0.0,dng100
3633,720575941583323358,accessory_tibia_flexor_C,left,tibia flex,True,False,0.0,0.0,0.0,0.0,0.0,dng100
3735,720575941590014007,accessory_tibia_flexor_A_out_of_bundle,right,tibia flex,True,True,0.5649301744224431,0.2903558105368054,0.48333279960139114,0.9995650053024292,15.15151560306549,dng100
3748,720575941590872171,accessory_tibia_flexor_A,left,tibia flex,True,False,0.0,0.0,0.0,0.0,0.0,dng100
3765,720575941591831180,,,tarsus control,False,False,0.0,0.0,0.0,0.0,0.0,dng100
3771,720575941592225831,tergopleural_promotor_pleural_promotor_miller_28_30,right,coxa swing,True,False,0.0,0.0,0.0,0.0,0.0,dng100
3781,720575941592581671,long_tendon_muscle_A,right,substrate grip,True,False,0.0,0.0,0.0,0.0,0.0,dng100
3805,720575941593715569,pleural_remotor_and_abductor_miller_29,right,coxa stance,True,True,2.6501537056294726,2.4587269914158347,0.4004984699178382,0.9996830224990845,15.15151560306549,dng100
3808,720575941593802373,tergotrochanter_extensor,right,femur/tr extend,True,False,0.0,0.0,0.0,0.0,0.0,dng100
3809,720575941593843589,sternotrochanter_extensor,right,femur/tr extend,True,False,0.0,0.0,0.0,0.0,0.0,dng100
3861,720575941595712448,sternal_posterior_rotator_miller_32,right,coxa stance,True,False,0.0,0.0,0.0,0.0,0.0,dng100
3866,720575941595856540,accessory_tibia_flexor_B,left,tibia flex,True,False,0.0,0.0,0.0,0.0,0.0,dng100
3945,720575941603190006,,left,tarsus control,False,False,0.0,0.0,0.0,0.0,0.0,dng100
3974,720575941605019582,tibia_extensor_SETi,right,tibia extend,True,False,0.0,0.0,0.0,0.0,0.0,dng100
3983,720575941606629485,,left,tarsus control,False,False,0.0,0.0,0.0,0.0,0.0,dng100
3988,720575941607605101,,right,tarsus control,False,False,0.0,0.0,0.0,0.0,0.0,dng100
3994,720575941608273226,femur_reductor,right,femur reductor,True,False,0.0,0.0,0.0,0.0,0.0,dng100
4022,720575941610029642,accessory_tibia_flexor_B,left,tibia flex,True,False,0.0,0.0,0.0,0.0,0.0,dng100
4207,720575941623147978,accessory_trochanter_flexor,right,femur/tr flex,True,False,0.0,0.0,0.0,0.0,0.0,dng100
4210,720575941623218172,tibia_flexor_Fast,right,tibia flex,True,False,0.0,0.0,0.0,0.0,0.0,dng100
4262,720575941625808330,sternal_posterior_rotator,right,coxa stance,True,False,0.0,0.0,0.0,0.0,0.0,dng100
4301,720575941627155238,accessory_tibia_flexor_B,left,tibia flex,True,False,0.0,0.0,0.0,0.0,0.0,dng100
4355,720575941630873531,,right,tarsus control,False,False,0.0,0.0,0.0,0.0,0.0,dng100
4357,720575941630970604,accessory_tibia_flexor_A,right,tibia flex,True,False,0.0,0.0,0.0,0.0,0.0,dng100
4373,720575941631837856,femur_reductor,right,femur reductor,True,False,0.0,0.0,0.0,0.0,0.0,dng100
4419,720575941636735861,sternal_posterior_rotator_miller_32,right,coxa stance,True,False,0.0,0.0,0.0,0.0,0.0,dng100
4431,720575941639281525,tibia_extensor_FETi,left,tibia extend,True,False,0.0,0.0,0.0,0.0,0.0,dng100
4435,720575941639506207,tergotrochanter_extensor,left,femur/tr extend,True,False,0.0,0.0,0.0,0.0,0.0,dng100
4446,720575941640958053,long_tendon_muscle_B,right,substrate grip,True,False,0.0,0.0,0.0,0.0,0.0,dng100
4459,720575941642303944,tergotrochanter_extensor,left,femur/tr extend,True,False,0.0,0.0,0.0,0.0,0.0,dng100
4485,720575941643180901,accessory_tibia_flexor_A,left,tibia flex,True,False,0.0,0.0,0.0,0.0,0.0,dng100
4544,720575941649909489,femur_reductor,right,femur reductor,True,False,0.0,0.0,0.0,0.0,0.0,dng100
4555,720575941651501585,tibia_flexor,left,tibia flex,True,False,0.0,0.0,0.0,0.0,0.0,dng100
4639,720575941656372304,trochanter_flexor_VProN,right,femur/tr flex,True,False,0.0,0.0,0.0,0.0,0.0,dng100
4729,720575941667370739,tibia_flexor,left,tibia flex,True,False,0.0,0.0,0.0,0.0,0.0,dng100
4730,720575941667380979,sternotrochanter_extensor,right,femur/tr extend,True,False,0.0,0.0,0.0,0.0,0.0,dng100
4745,720575941668683687,tergopleural_promotor_pleural_promotor,left,coxa swing,True,False,0.0,0.0,0.0,0.0,0.0,dng100
4846,720575941689154828,,left,tarsus control,False,False,0.0,0.0,0.0,0.0,0.0,dng100
4880,720575941691007896,pleural_remotor_and_abductor_miller_29,right,coxa stance,True,False,0.0,0.0,0.0,0.0,0.0,dng100
4895,720575941692129243,sternal_anterior_rotator_miller_31,right,coxa swing,True,False,0.0,0.0,0.0,0.0,0.0,dng100
4926,720575941720479034,trochanter_extensor,left,femur/tr extend,True,False,0.0,0.0,0.0,0.0,0.0,dng100
8,720575941353301552,sternal_posterior_rotator_miller_32,right,coxa stance,True,False,0.0,0.0,0.0,0.0,0.0,e1_removed
31,720575941391252886,trochanter_flexor_posterior_soma_ProAN,right,femur/tr flex,True,False,0.0,0.0,0.0,0.0,0.0,e1_removed
58,720575941399414563,trochanter_flexor_ProAN,right,femur/tr flex,True,False,0.0,0.0,0.0,0.0,0.0,e1_removed
82,720575941402088304,sternal_posterior_rotator,left,coxa stance,True,False,0.0,0.0,0.0,0.0,0.0,e1_removed
108,720575941406488494,accessory_tibia_flexor_A,left,tibia flex,True,False,0.0,0.0,0.0,0.0,0.0,e1_removed
118,720575941408338862,tergotrochanter_extensor,left,femur/tr extend,True,False,0.0,0.0,0.0,0.0,0.0,e1_removed
156,720575941411709073,trochanter_extensor_LinJ,right,femur/tr extend,True,False,0.0,0.0,0.0,0.0,0.0,e1_removed
163,720575941411838612,long_tendon_muscle_B,left,substrate grip,True,False,0.0,0.0,0.0,0.0,0.0,e1_removed
245,720575941428654255,tergopleural_promotor_pleural_promotor_miller_28_30,right,coxa swing,True,False,0.0,0.0,0.0,0.0,0.0,e1_removed
265,720575941430029449,accessory_tibia_flexor_B,right,tibia flex,True,False,0.0,0.0,0.0,0.0,0.0,e1_removed
370,720575941434874912,,left,tarsus control,False,False,0.0,0.0,0.0,0.0,0.0,e1_removed
380,720575941435830546,long_tendon_muscle_B,left,substrate grip,True,False,0.0,0.0,0.0,0.0,0.0,e1_removed
488,720575941439622111,,right,tarsus control,False,False,0.0,0.0,0.0,0.0,0.0,e1_removed
490,720575941439667986,long_tendon_muscle_B_femur,right,substrate grip,True,False,0.0,0.0,0.0,0.0,0.0,e1_removed
512,720575941440649307,,left,tarsus control,False,False,0.0,0.0,0.0,0.0,0.0,e1_removed
594,720575941447846990,accessory_tibia_flexor_A,right,tibia flex,True,False,0.0,0.0,0.0,0.0,0.0,e1_removed
615,720575941448680285,,,tarsus control,False,False,0.0,0.0,0.0,0.0,0.0,e1_removed
616,720575941448798133,femur_reductor,right,femur reductor,True,False,0.0,0.0,0.0,0.0,0.0,e1_removed
641,720575941450546857,accessory_tibia_flexor_A,left,tibia flex,True,False,0.0,0.0,0.0,0.0,0.0,e1_removed
644,720575941450561358,trochanter_flexor_ProAN,right,femur/tr flex,True,False,0.0,0.0,0.0,0.0,0.0,e1_removed
680,720575941452885043,accessory_tibia_flexor_B,right,tibia flex,True,False,0.0,0.0,0.0,0.0,0.0,e1_removed
722,720575941455787245,sternal_anterior_rotator,left,coxa swing,True,False,0.0,0.0,0.0,0.0,0.0,e1_removed
797,720575941460703245,femur_reductor,left,femur reductor,True,False,0.0,0.0,0.0,0.0,0.0,e1_removed
813,720575941461333648,tergotrochanter_extensor,left,femur/tr extend,True,False,0.0,0.0,0.0,0.0,0.0,e1_removed
838,720575941463544077,,,tarsus control,False,False,0.0,0.0,0.0,0.0,0.0,e1_removed
847,720575941464194902,accessory_tibia_flexor_B,left,tibia flex,True,False,0.0,0.0,0.0,0.0,0.0,e1_removed
858,720575941464925462,long_tendon_muscle_B,left,substrate grip,True,False,0.0,0.0,0.0,0.0,0.0,e1_removed
912,720575941469045111,accessory_tibia_flexor_B,right,tibia flex,True,False,0.0,0.0,0.0,0.0,0.0,e1_removed
913,720575941469052535,femur_reductor,left,femur reductor,True,False,0.0,0.0,0.0,0.0,0.0,e1_removed
1086,720575941477010737,,right,tarsus control,False,False,0.0,0.0,0.0,0.0,0.0,e1_removed
1108,720575941477522794,,right,tarsus control,False,False,0.0,0.0,0.0,0.0,0.0,e1_removed
1129,720575941478281440,tergotrochanter_extensor,right,femur/tr extend,True,False,0.0,0.0,0.0,0.0,0.0,e1_removed
1144,720575941478577231,tibia_extensor_SETi,left,tibia extend,True,False,0.0,0.0,0.0,0.0,0.0,e1_removed
1163,720575941479472258,accessory_tibia_flexor_B,left,tibia flex,True,False,0.0,0.0,0.0,0.0,0.0,e1_removed
1221,720575941481179066,tibia_flexor_Fast,left,tibia flex,True,False,0.0,0.0,0.0,0.0,0.0,e1_removed
1239,720575941482407677,,right,tarsus control,False,False,0.0,0.0,0.0,0.0,0.0,e1_removed
1255,720575941483515389,trochanter_extensor_LinJ,left,femur/tr extend,True,False,0.0,0.0,0.0,0.0,0.0,e1_removed
1297,720575941485464130,,right,tarsus control,False,False,0.0,0.0,0.0,0.0,0.0,e1_removed
1299,720575941486064962,femur_reductor,left,femur reductor,True,False,0.0,0.0,0.0,0.0,0.0,e1_removed
1336,720575941488203209,long_tendon_muscle_B,right,substrate grip,True,False,0.0,0.0,0.0,0.0,0.0,e1_removed
1338,720575941488205769,tibia_flexor,left,tibia flex,True,False,0.0,0.0,0.0,0.0,0.0,e1_removed
1339,720575941488287797,tibia_extensor_FETi,right,tibia extend,True,False,0.0,0.0,0.0,0.0,0.0,e1_removed
1358,720575941489123047,long_tendon_muscle_B,left,substrate grip,True,False,0.0,0.0,0.0,0.0,0.0,e1_removed
1472,720575941494146176,accessory_tibia_flexor_B,right,tibia flex,True,False,0.0,0.0,0.0,0.0,0.0,e1_removed
1478,720575941494164864,pleural_remotor_and_abductor,left,coxa stance,True,False,0.0,0.0,0.0,0.0,0.0,e1_removed
1575,720575941498960546,tergopleural_promotor_pleural_promotor,left,coxa swing,True,True,2.746580832805869,2.7464082992226526,0.011940178804259904,0.0,0.0,e1_removed
1595,720575941499964555,sternal_adductor_ProAN,right,coxa swing,True,False,0.0,0.0,0.0,0.0,0.0,e1_removed
1628,720575941501926706,long_tendon_muscle_B,right,substrate grip,True,False,0.0,0.0,0.0,0.0,0.0,e1_removed
1629,720575941501929010,long_tendon_muscle_A,left,substrate grip,True,False,0.0,0.0,0.0,0.0,0.0,e1_removed
1693,720575941504354754,,right,tarsus control,False,False,0.0,0.0,0.0,0.0,0.0,e1_removed
1696,720575941504396567,trochanter_flexor_VProN,right,femur/tr flex,True,False,0.0,0.0,0.0,0.0,0.0,e1_removed
1726,720575941505204293,,left,tarsus control,False,False,0.0,0.0,0.0,0.0,0.0,e1_removed
1735,720575941505568069,trochanter_flexor_ProAN,right,femur/tr flex,True,False,0.0,0.0,0.0,0.0,0.0,e1_removed
1736,720575941505660801,long_tendon_muscle_B,left,substrate grip,True,False,0.0,0.0,0.0,0.0,0.0,e1_removed
1738,720575941505687234,,right,tarsus control,False,False,0.0,0.0,0.0,0.0,0.0,e1_removed
1761,720575941506261538,tergopleural_promotor_pleural_promotor,left,coxa swing,True,False,0.0,0.0,0.0,0.0,0.0,e1_removed
1776,720575941507031612,sternotrochanter_extensor,left,femur/tr extend,True,False,0.0,0.0,0.0,0.0,0.0,e1_removed
1821,720575941508205185,femur_reductor_tiny,left,femur reductor,True,False,0.0,0.0,0.0,0.0,0.0,e1_removed
1835,720575941508453761,trochanter_extensor,right,femur/tr extend,True,False,0.0,0.0,0.0,0.0,0.0,e1_removed
1866,720575941511197516,long_tendon_muscle_B_femur,right,substrate grip,True,False,0.0,0.0,0.0,0.0,0.0,e1_removed
1876,720575941511883985,trochanter_flexor_posterior_soma,left,femur/tr flex,True,False,0.0,0.0,0.0,0.0,0.0,e1_removed
1973,720575941515355795,accessory_tibia_flexor_A_out_of_bundle,left,tibia flex,True,False,0.0,0.0,0.0,0.0,0.0,e1_removed
2029,720575941516874094,sternotrochanter_extensor,left,femur/tr extend,True,False,0.0,0.0,0.0,0.0,0.0,e1_removed
2037,720575941517351161,,left,tarsus control,False,False,0.0,0.0,0.0,0.0,0.0,e1_removed
2048,720575941518133464,sternal_posterior_rotator,left,coxa stance,True,False,0.0,0.0,0.0,0.0,0.0,e1_removed
2049,720575941518204888,tergopleural_promotor_pleural_promotor_miller_28_30,right,coxa swing,True,False,0.0,0.0,0.0,0.0,0.0,e1_removed
2054,720575941518405998,,left,tarsus control,False,False,0.0,0.0,0.0,0.0,0.0,e1_removed
2055,720575941518431927,,right,tarsus control,False,False,0.0,0.0,0.0,0.0,0.0,e1_removed
2071,720575941518851694,trochanter_flexor_ProAN,left,femur/tr flex,True,False,0.0,0.0,0.0,0.0,0.0,e1_removed
2147,720575941522782967,,right,tarsus control,False,False,0.0,0.0,0.0,0.0,0.0,e1_removed
2158,720575941523368779,tergotrochanter_extensor,right,femur/tr extend,True,False,0.0,0.0,0.0,0.0,0.0,e1_removed
2184,720575941524365337,long_tendon_muscle_A,left,substrate grip,True,False,0.0,0.0,0.0,0.0,0.0,e1_removed
2193,720575941524746573,trochanter_flexor_VProN,left,femur/tr flex,True,False,0.0,0.0,0.0,0.0,0.0,e1_removed
2194,720575941524748877,long_tendon_muscle_B,left,substrate grip,True,False,0.0,0.0,0.0,0.0,0.0,e1_removed
2197,720575941524966169,long_tendon_muscle_A,right,substrate grip,True,False,0.0,0.0,0.0,0.0,0.0,e1_removed
2231,720575941526437988,accessory_tibia_flexor_A_slow,right,tibia flex,True,False,0.0,0.0,0.0,0.0,0.0,e1_removed
2268,720575941527171000,accessory_trochanter_flexor,right,femur/tr flex,True,False,0.0,0.0,0.0,0.0,0.0,e1_removed
2272,720575941527210680,,right,tarsus control,False,False,0.0,0.0,0.0,0.0,0.0,e1_removed
2277,720575941527458562,trochanter_flexor_ProAN,left,femur/tr flex,True,False,0.0,0.0,0.0,0.0,0.0,e1_removed
2282,720575941527847608,sternal_adductor,left,coxa swing,True,False,0.0,0.0,0.0,0.0,0.0,e1_removed
2338,720575941531180261,sternal_anterior_rotator_miller_31,right,coxa swing,True,False,0.0,0.0,0.0,0.0,0.0,e1_removed
2351,720575941531504357,accessory_trochanter_flexor_posterior_soma_ProLN,left,femur/tr flex,True,False,0.0,0.0,0.0,0.0,0.0,e1_removed
2357,720575941531923147,sternal_anterior_rotator,left,coxa swing,True,False,0.0,0.0,0.0,0.0,0.0,e1_removed
2367,720575941532418904,,right,tarsus control,False,False,0.0,0.0,0.0,0.0,0.0,e1_removed
2368,720575941532427754,trochanter_flexor_posterior_soma,left,femur/tr flex,True,False,0.0,0.0,0.0,0.0,0.0,e1_removed
2435,720575941534383235,,left,tarsus control,False,False,0.0,0.0,0.0,0.0,0.0,e1_removed
2523,720575941536923624,trochanter_flexor_ProAN,left,femur/tr flex,True,False,0.0,0.0,0.0,0.0,0.0,e1_removed
2563,720575941538128626,long_tendon_muscle_B,right,substrate grip,True,False,0.0,0.0,0.0,0.0,0.0,e1_removed
2595,720575941539539325,,right,tarsus control,False,False,0.0,0.0,0.0,0.0,0.0,e1_removed
2652,720575941542454876,tibia_flexor,left,tibia flex,True,False,0.0,0.0,0.0,0.0,0.0,e1_removed
2726,720575941545479868,accessory_trochanter_flexor,left,femur/tr flex,True,False,0.0,0.0,0.0,0.0,0.0,e1_removed
2767,720575941547393825,tibia_flexor,right,tibia flex,True,False,0.0,0.0,0.0,0.0,0.0,e1_removed
2793,720575941548546696,pleural_remotor_and_abductor,left,coxa stance,True,True,0.18233984086615446,0.17292285397162965,0.01630998237107739,0.0,0.0,e1_removed
2804,720575941549009663,sternal_posterior_rotator,left,coxa stance,True,False,0.0,0.0,0.0,0.0,0.0,e1_removed
2827,720575941549819710,accessory_tibia_flexor_B,right,tibia flex,True,False,0.0,0.0,0.0,0.0,0.0,e1_removed
2861,720575941551010695,tibia_flexor,right,tibia flex,True,False,0.0,0.0,0.0,0.0,0.0,e1_removed
2867,720575941551356570,trochanter_flexor_VProN,left,femur/tr flex,True,False,0.0,0.0,0.0,0.0,0.0,e1_removed
2927,720575941553597502,femur_reductor_tiny,right,femur reductor,True,False,0.0,0.0,0.0,0.0,0.0,e1_removed
2986,720575941556297811,tergopleural_promotor_pleural_promotor_miller_28_30,right,coxa swing,True,False,0.0,0.0,0.0,0.0,0.0,e1_removed
3024,720575941557543918,tibia_flexor,right,tibia flex,True,False,0.0,0.0,0.0,0.0,0.0,e1_removed
3067,720575941559281679,accessory_tibia_flexor_A,right,tibia flex,True,False,0.0,0.0,0.0,0.0,0.0,e1_removed
3082,720575941559978797,sternal_posterior_rotator_miller_32,right,coxa stance,True,False,0.0,0.0,0.0,0.0,0.0,e1_removed
3113,720575941561204626,femur_reductor,left,femur reductor,True,False,0.0,0.0,0.0,0.0,0.0,e1_removed
3181,720575941563237778,,right,tarsus control,False,False,0.0,0.0,0.0,0.0,0.0,e1_removed
3201,720575941563973174,femur_reductor_tiny,left,femur reductor,True,False,0.0,0.0,0.0,0.0,0.0,e1_removed
3227,720575941564818688,accessory_trochanter_flexor,right,femur/tr flex,True,False,0.0,0.0,0.0,0.0,0.0,e1_removed
3256,720575941565553920,accessory_tibia_flexor_C,right,tibia flex,True,False,0.0,0.0,0.0,0.0,0.0,e1_removed
3290,720575941566924135,femur_reductor_tiny,right,femur reductor,True,False,0.0,0.0,0.0,0.0,0.0,e1_removed
3309,720575941568546418,tergotrochanter_extensor,right,femur/tr extend,True,False,0.0,0.0,0.0,0.0,0.0,e1_removed
3310,720575941568724980,trochanter_flexor_VProN,left,femur/tr flex,True,False,0.0,0.0,0.0,0.0,0.0,e1_removed
3353,720575941570833736,accessory_tibia_flexor_B,left,tibia flex,True,False,0.0,0.0,0.0,0.0,0.0,e1_removed
3437,720575941573516296,accessory_trochanter_flexor_posterior_soma_ProLN,left,femur/tr flex,True,False,0.0,0.0,0.0,0.0,0.0,e1_removed
3452,720575941574013085,trochanter_flexor_posterior_soma_ProAN,right,femur/tr flex,True,False,0.0,0.0,0.0,0.0,0.0,e1_removed
3587,720575941579753849,trochanter_flexor_VProN,right,femur/tr flex,True,False,0.0,0.0,0.0,0.0,0.0,e1_removed
3608,720575941580731001,tibia_flexor,right,tibia flex,True,False,0.0,0.0,0.0,0.0,0.0,e1_removed
3627,720575941582911865,tergopleural_promotor_pleural_promotor,left,coxa swing,True,False,0.0,0.0,0.0,0.0,0.0,e1_removed
3633,720575941583323358,accessory_tibia_flexor_C,left,tibia flex,True,False,0.0,0.0,0.0,0.0,0.0,e1_removed
3735,720575941590014007,accessory_tibia_flexor_A_out_of_bundle,right,tibia flex,True,False,0.0,0.0,0.0,0.0,0.0,e1_removed
3748,720575941590872171,accessory_tibia_flexor_A,left,tibia flex,True,False,0.0,0.0,0.0,0.0,0.0,e1_removed
3765,720575941591831180,,,tarsus control,False,False,0.0,0.0,0.0,0.0,0.0,e1_removed
3771,720575941592225831,tergopleural_promotor_pleural_promotor_miller_28_30,right,coxa swing,True,False,0.0,0.0,0.0,0.0,0.0,e1_removed
3781,720575941592581671,long_tendon_muscle_A,right,substrate grip,True,False,0.0,0.0,0.0,0.0,0.0,e1_removed
3805,720575941593715569,pleural_remotor_and_abductor_miller_29,right,coxa stance,True,True,1.6545759682987276,1.6541483118665887,0.0008481266014979116,0.0,0.0,e1_removed
3808,720575941593802373,tergotrochanter_extensor,right,femur/tr extend,True,False,0.0,0.0,0.0,0.0,0.0,e1_removed
3809,720575941593843589,sternotrochanter_extensor,right,femur/tr extend,True,False,0.0,0.0,0.0,0.0,0.0,e1_removed
3861,720575941595712448,sternal_posterior_rotator_miller_32,right,coxa stance,True,False,0.0,0.0,0.0,0.0,0.0,e1_removed
3866,720575941595856540,accessory_tibia_flexor_B,left,tibia flex,True,False,0.0,0.0,0.0,0.0,0.0,e1_removed
3945,720575941603190006,,left,tarsus control,False,False,0.0,0.0,0.0,0.0,0.0,e1_removed
3974,720575941605019582,tibia_extensor_SETi,right,tibia extend,True,False,0.0,0.0,0.0,0.0,0.0,e1_removed
3983,720575941606629485,,left,tarsus control,False,False,0.0,0.0,0.0,0.0,0.0,e1_removed
3988,720575941607605101,,right,tarsus control,False,False,0.0,0.0,0.0,0.0,0.0,e1_removed
3994,720575941608273226,femur_reductor,right,femur reductor,True,False,0.0,0.0,0.0,0.0,0.0,e1_removed
4022,720575941610029642,accessory_tibia_flexor_B,left,tibia flex,True,False,0.0,0.0,0.0,0.0,0.0,e1_removed
4207,720575941623147978,accessory_trochanter_flexor,right,femur/tr flex,True,False,0.0,0.0,0.0,0.0,0.0,e1_removed
4210,720575941623218172,tibia_flexor_Fast,right,tibia flex,True,False,0.0,0.0,0.0,0.0,0.0,e1_removed
4262,720575941625808330,sternal_posterior_rotator,right,coxa stance,True,False,0.0,0.0,0.0,0.0,0.0,e1_removed
4301,720575941627155238,accessory_tibia_flexor_B,left,tibia flex,True,False,0.0,0.0,0.0,0.0,0.0,e1_removed
4355,720575941630873531,,right,tarsus control,False,False,0.0,0.0,0.0,0.0,0.0,e1_removed
4357,720575941630970604,accessory_tibia_flexor_A,right,tibia flex,True,False,0.0,0.0,0.0,0.0,0.0,e1_removed
4373,720575941631837856,femur_reductor,right,femur reductor,True,False,0.0,0.0,0.0,0.0,0.0,e1_removed
4419,720575941636735861,sternal_posterior_rotator_miller_32,right,coxa stance,True,False,0.0,0.0,0.0,0.0,0.0,e1_removed
4431,720575941639281525,tibia_extensor_FETi,left,tibia extend,True,False,0.0,0.0,0.0,0.0,0.0,e1_removed
4435,720575941639506207,tergotrochanter_extensor,left,femur/tr extend,True,False,0.0,0.0,0.0,0.0,0.0,e1_removed
4446,720575941640958053,long_tendon_muscle_B,right,substrate grip,True,False,0.0,0.0,0.0,0.0,0.0,e1_removed
4459,720575941642303944,tergotrochanter_extensor,left,femur/tr extend,True,False,0.0,0.0,0.0,0.0,0.0,e1_removed
4485,720575941643180901,accessory_tibia_flexor_A,left,tibia flex,True,False,0.0,0.0,0.0,0.0,0.0,e1_removed
4544,720575941649909489,femur_reductor,right,femur reductor,True,False,0.0,0.0,0.0,0.0,0.0,e1_removed
4555,720575941651501585,tibia_flexor,left,tibia flex,True,False,0.0,0.0,0.0,0.0,0.0,e1_removed
4639,720575941656372304,trochanter_flexor_VProN,right,femur/tr flex,True,False,0.0,0.0,0.0,0.0,0.0,e1_removed
4729,720575941667370739,tibia_flexor,left,tibia flex,True,False,0.0,0.0,0.0,0.0,0.0,e1_removed
4730,720575941667380979,sternotrochanter_extensor,right,femur/tr extend,True,False,0.0,0.0,0.0,0.0,0.0,e1_removed
4745,720575941668683687,tergopleural_promotor_pleural_promotor,left,coxa swing,True,False,0.0,0.0,0.0,0.0,0.0,e1_removed
4846,720575941689154828,,left,tarsus control,False,False,0.0,0.0,0.0,0.0,0.0,e1_removed
4880,720575941691007896,pleural_remotor_and_abductor_miller_29,right,coxa stance,True,False,0.0,0.0,0.0,0.0,0.0,e1_removed
4895,720575941692129243,sternal_anterior_rotator_miller_31,right,coxa swing,True,False,0.0,0.0,0.0,0.0,0.0,e1_removed
4926,720575941720479034,trochanter_extensor,left,femur/tr extend,True,False,0.0,0.0,0.0,0.0,0.0,e1_removed
8,720575941353301552,sternal_posterior_rotator_miller_32,right,coxa stance,True,False,0.0,0.0,0.0,0.0,0.0,e2_removed
31,720575941391252886,trochanter_flexor_posterior_soma_ProAN,right,femur/tr flex,True,False,0.0,0.0,0.0,0.0,0.0,e2_removed
58,720575941399414563,trochanter_flexor_ProAN,right,femur/tr flex,True,False,0.0,0.0,0.0,0.0,0.0,e2_removed
82,720575941402088304,sternal_posterior_rotator,left,coxa stance,True,False,0.0,0.0,0.0,0.0,0.0,e2_removed
108,720575941406488494,accessory_tibia_flexor_A,left,tibia flex,True,False,0.0,0.0,0.0,0.0,0.0,e2_removed
118,720575941408338862,tergotrochanter_extensor,left,femur/tr extend,True,False,0.0,0.0,0.0,0.0,0.0,e2_removed
156,720575941411709073,trochanter_extensor_LinJ,right,femur/tr extend,True,False,0.0,0.0,0.0,0.0,0.0,e2_removed
163,720575941411838612,long_tendon_muscle_B,left,substrate grip,True,False,0.0,0.0,0.0,0.0,0.0,e2_removed
245,720575941428654255,tergopleural_promotor_pleural_promotor_miller_28_30,right,coxa swing,True,False,0.0,0.0,0.0,0.0,0.0,e2_removed
265,720575941430029449,accessory_tibia_flexor_B,right,tibia flex,True,False,0.0,0.0,0.0,0.0,0.0,e2_removed
370,720575941434874912,,left,tarsus control,False,False,0.0,0.0,0.0,0.0,0.0,e2_removed
380,720575941435830546,long_tendon_muscle_B,left,substrate grip,True,False,0.0,0.0,0.0,0.0,0.0,e2_removed
488,720575941439622111,,right,tarsus control,False,False,0.0,0.0,0.0,0.0,0.0,e2_removed
490,720575941439667986,long_tendon_muscle_B_femur,right,substrate grip,True,False,0.0,0.0,0.0,0.0,0.0,e2_removed
512,720575941440649307,,left,tarsus control,False,False,0.0,0.0,0.0,0.0,0.0,e2_removed
594,720575941447846990,accessory_tibia_flexor_A,right,tibia flex,True,False,0.0,0.0,0.0,0.0,0.0,e2_removed
615,720575941448680285,,,tarsus control,False,False,0.0,0.0,0.0,0.0,0.0,e2_removed
616,720575941448798133,femur_reductor,right,femur reductor,True,False,0.0,0.0,0.0,0.0,0.0,e2_removed
641,720575941450546857,accessory_tibia_flexor_A,left,tibia flex,True,False,0.0,0.0,0.0,0.0,0.0,e2_removed
644,720575941450561358,trochanter_flexor_ProAN,right,femur/tr flex,True,False,0.0,0.0,0.0,0.0,0.0,e2_removed
680,720575941452885043,accessory_tibia_flexor_B,right,tibia flex,True,False,0.0,0.0,0.0,0.0,0.0,e2_removed
722,720575941455787245,sternal_anterior_rotator,left,coxa swing,True,False,0.0,0.0,0.0,0.0,0.0,e2_removed
797,720575941460703245,femur_reductor,left,femur reductor,True,False,0.0,0.0,0.0,0.0,0.0,e2_removed
813,720575941461333648,tergotrochanter_extensor,left,femur/tr extend,True,False,0.0,0.0,0.0,0.0,0.0,e2_removed
838,720575941463544077,,,tarsus control,False,False,0.0,0.0,0.0,0.0,0.0,e2_removed
847,720575941464194902,accessory_tibia_flexor_B,left,tibia flex,True,False,0.0,0.0,0.0,0.0,0.0,e2_removed
858,720575941464925462,long_tendon_muscle_B,left,substrate grip,True,False,0.0,0.0,0.0,0.0,0.0,e2_removed
912,720575941469045111,accessory_tibia_flexor_B,right,tibia flex,True,False,0.0,0.0,0.0,0.0,0.0,e2_removed
913,720575941469052535,femur_reductor,left,femur reductor,True,False,0.0,0.0,0.0,0.0,0.0,e2_removed
1086,720575941477010737,,right,tarsus control,False,False,0.0,0.0,0.0,0.0,0.0,e2_removed
1108,720575941477522794,,right,tarsus control,False,False,0.0,0.0,0.0,0.0,0.0,e2_removed
1129,720575941478281440,tergotrochanter_extensor,right,femur/tr extend,True,True,2.484374190869118,1.552171262657473,1.0311689322349755,0.0,0.0,e2_removed
1144,720575941478577231,tibia_extensor_SETi,left,tibia extend,True,False,0.0,0.0,0.0,0.0,0.0,e2_removed
1163,720575941479472258,accessory_tibia_flexor_B,left,tibia flex,True,False,0.0,0.0,0.0,0.0,0.0,e2_removed
1221,720575941481179066,tibia_flexor_Fast,left,tibia flex,True,False,0.0,0.0,0.0,0.0,0.0,e2_removed
1239,720575941482407677,,right,tarsus control,False,False,0.0,0.0,0.0,0.0,0.0,e2_removed
1255,720575941483515389,trochanter_extensor_LinJ,left,femur/tr extend,True,False,0.0,0.0,0.0,0.0,0.0,e2_removed
1297,720575941485464130,,right,tarsus control,False,False,0.0,0.0,0.0,0.0,0.0,e2_removed
1299,720575941486064962,femur_reductor,left,femur reductor,True,False,0.0,0.0,0.0,0.0,0.0,e2_removed
1336,720575941488203209,long_tendon_muscle_B,right,substrate grip,True,False,0.0,0.0,0.0,0.0,0.0,e2_removed
1338,720575941488205769,tibia_flexor,left,tibia flex,True,False,0.0,0.0,0.0,0.0,0.0,e2_removed
1339,720575941488287797,tibia_extensor_FETi,right,tibia extend,True,False,0.0,0.0,0.0,0.0,0.0,e2_removed
1358,720575941489123047,long_tendon_muscle_B,left,substrate grip,True,False,0.0,0.0,0.0,0.0,0.0,e2_removed
1472,720575941494146176,accessory_tibia_flexor_B,right,tibia flex,True,False,0.0,0.0,0.0,0.0,0.0,e2_removed
1478,720575941494164864,pleural_remotor_and_abductor,left,coxa stance,True,False,0.0,0.0,0.0,0.0,0.0,e2_removed
1575,720575941498960546,tergopleural_promotor_pleural_promotor,left,coxa swing,True,True,5.5174885545663415,5.443536909045728,0.12152735848609009,0.0,0.0,e2_removed
1595,720575941499964555,sternal_adductor_ProAN,right,coxa swing,True,False,0.0,0.0,0.0,0.0,0.0,e2_removed
1628,720575941501926706,long_tendon_muscle_B,right,substrate grip,True,False,0.0,0.0,0.0,0.0,0.0,e2_removed
1629,720575941501929010,long_tendon_muscle_A,left,substrate grip,True,False,0.0,0.0,0.0,0.0,0.0,e2_removed
1693,720575941504354754,,right,tarsus control,False,False,0.0,0.0,0.0,0.0,0.0,e2_removed
1696,720575941504396567,trochanter_flexor_VProN,right,femur/tr flex,True,False,0.0,0.0,0.0,0.0,0.0,e2_removed
1726,720575941505204293,,left,tarsus control,False,False,0.0,0.0,0.0,0.0,0.0,e2_removed
1735,720575941505568069,trochanter_flexor_ProAN,right,femur/tr flex,True,False,0.0,0.0,0.0,0.0,0.0,e2_removed
1736,720575941505660801,long_tendon_muscle_B,left,substrate grip,True,False,0.0,0.0,0.0,0.0,0.0,e2_removed
1738,720575941505687234,,right,tarsus control,False,False,0.0,0.0,0.0,0.0,0.0,e2_removed
1761,720575941506261538,tergopleural_promotor_pleural_promotor,left,coxa swing,True,False,0.0,0.0,0.0,0.0,0.0,e2_removed
1776,720575941507031612,sternotrochanter_extensor,left,femur/tr extend,True,False,0.0,0.0,0.0,0.0,0.0,e2_removed
1821,720575941508205185,femur_reductor_tiny,left,femur reductor,True,False,0.0,0.0,0.0,0.0,0.0,e2_removed
1835,720575941508453761,trochanter_extensor,right,femur/tr extend,True,False,0.0,0.0,0.0,0.0,0.0,e2_removed
1866,720575941511197516,long_tendon_muscle_B_femur,right,substrate grip,True,False,0.0,0.0,0.0,0.0,0.0,e2_removed
1876,720575941511883985,trochanter_flexor_posterior_soma,left,femur/tr flex,True,False,0.0,0.0,0.0,0.0,0.0,e2_removed
1973,720575941515355795,accessory_tibia_flexor_A_out_of_bundle,left,tibia flex,True,False,0.0,0.0,0.0,0.0,0.0,e2_removed
2029,720575941516874094,sternotrochanter_extensor,left,femur/tr extend,True,False,0.0,0.0,0.0,0.0,0.0,e2_removed
2037,720575941517351161,,left,tarsus control,False,False,0.0,0.0,0.0,0.0,0.0,e2_removed
2048,720575941518133464,sternal_posterior_rotator,left,coxa stance,True,False,0.0,0.0,0.0,0.0,0.0,e2_removed
2049,720575941518204888,tergopleural_promotor_pleural_promotor_miller_28_30,right,coxa swing,True,False,0.0,0.0,0.0,0.0,0.0,e2_removed
2054,720575941518405998,,left,tarsus control,False,False,0.0,0.0,0.0,0.0,0.0,e2_removed
2055,720575941518431927,,right,tarsus control,False,False,0.0,0.0,0.0,0.0,0.0,e2_removed
2071,720575941518851694,trochanter_flexor_ProAN,left,femur/tr flex,True,False,0.0,0.0,0.0,0.0,0.0,e2_removed
2147,720575941522782967,,right,tarsus control,False,False,0.0,0.0,0.0,0.0,0.0,e2_removed
2158,720575941523368779,tergotrochanter_extensor,right,femur/tr extend,True,True,1.3116809143593762,0.10054682912510476,1.3116809143593762,0.0,0.0,e2_removed
2184,720575941524365337,long_tendon_muscle_A,left,substrate grip,True,False,0.0,0.0,0.0,0.0,0.0,e2_removed
2193,720575941524746573,trochanter_flexor_VProN,left,femur/tr flex,True,False,0.0,0.0,0.0,0.0,0.0,e2_removed
2194,720575941524748877,long_tendon_muscle_B,left,substrate grip,True,False,0.0,0.0,0.0,0.0,0.0,e2_removed
2197,720575941524966169,long_tendon_muscle_A,right,substrate grip,True,False,0.0,0.0,0.0,0.0,0.0,e2_removed
2231,720575941526437988,accessory_tibia_flexor_A_slow,right,tibia flex,True,False,0.0,0.0,0.0,0.0,0.0,e2_removed
2268,720575941527171000,accessory_trochanter_flexor,right,femur/tr flex,True,False,0.0,0.0,0.0,0.0,0.0,e2_removed
2272,720575941527210680,,right,tarsus control,False,False,0.0,0.0,0.0,0.0,0.0,e2_removed
2277,720575941527458562,trochanter_flexor_ProAN,left,femur/tr flex,True,False,0.0,0.0,0.0,0.0,0.0,e2_removed
2282,720575941527847608,sternal_adductor,left,coxa swing,True,False,0.0,0.0,0.0,0.0,0.0,e2_removed
2338,720575941531180261,sternal_anterior_rotator_miller_31,right,coxa swing,True,False,0.0,0.0,0.0,0.0,0.0,e2_removed
2351,720575941531504357,accessory_trochanter_flexor_posterior_soma_ProLN,left,femur/tr flex,True,False,0.0,0.0,0.0,0.0,0.0,e2_removed
2357,720575941531923147,sternal_anterior_rotator,left,coxa swing,True,False,0.0,0.0,0.0,0.0,0.0,e2_removed
2367,720575941532418904,,right,tarsus control,False,False,0.0,0.0,0.0,0.0,0.0,e2_removed
2368,720575941532427754,trochanter_flexor_posterior_soma,left,femur/tr flex,True,False,0.0,0.0,0.0,0.0,0.0,e2_removed
2435,720575941534383235,,left,tarsus control,False,False,0.0,0.0,0.0,0.0,0.0,e2_removed
2523,720575941536923624,trochanter_flexor_ProAN,left,femur/tr flex,True,True,4.835981900273006,4.578777232174533,3.300121602899132,0.0,0.0,e2_removed
2563,720575941538128626,long_tendon_muscle_B,right,substrate grip,True,False,0.0,0.0,0.0,0.0,0.0,e2_removed
2595,720575941539539325,,right,tarsus control,False,False,0.0,0.0,0.0,0.0,0.0,e2_removed
2652,720575941542454876,tibia_flexor,left,tibia flex,True,False,0.0,0.0,0.0,0.0,0.0,e2_removed
2726,720575941545479868,accessory_trochanter_flexor,left,femur/tr flex,True,False,0.0,0.0,0.0,0.0,0.0,e2_removed
2767,720575941547393825,tibia_flexor,right,tibia flex,True,True,1.3594858389645625,0.7936721337151035,0.6222784177644367,0.0,0.0,e2_removed
2793,720575941548546696,pleural_remotor_and_abductor,left,coxa stance,True,False,1.8065005002064895e-05,1.921246965732998e-07,1.8065005002064895e-05,0.0,0.0,e2_removed
2804,720575941549009663,sternal_posterior_rotator,left,coxa stance,True,False,0.0,0.0,0.0,0.0,0.0,e2_removed
2827,720575941549819710,accessory_tibia_flexor_B,right,tibia flex,True,False,0.0,0.0,0.0,0.0,0.0,e2_removed
2861,720575941551010695,tibia_flexor,right,tibia flex,True,False,0.0,0.0,0.0,0.0,0.0,e2_removed
2867,720575941551356570,trochanter_flexor_VProN,left,femur/tr flex,True,False,0.0,0.0,0.0,0.0,0.0,e2_removed
2927,720575941553597502,femur_reductor_tiny,right,femur reductor,True,False,0.0,0.0,0.0,0.0,0.0,e2_removed
2986,720575941556297811,tergopleural_promotor_pleural_promotor_miller_28_30,right,coxa swing,True,False,0.0,0.0,0.0,0.0,0.0,e2_removed
3024,720575941557543918,tibia_flexor,right,tibia flex,True,False,0.0,0.0,0.0,0.0,0.0,e2_removed
3067,720575941559281679,accessory_tibia_flexor_A,right,tibia flex,True,True,1.7115050039558346,1.293529910709759,0.45991636592373353,0.0,0.0,e2_removed
3082,720575941559978797,sternal_posterior_rotator_miller_32,right,coxa stance,True,False,0.0,0.0,0.0,0.0,0.0,e2_removed
3113,720575941561204626,femur_reductor,left,femur reductor,True,False,0.0,0.0,0.0,0.0,0.0,e2_removed
3181,720575941563237778,,right,tarsus control,False,False,0.0,0.0,0.0,0.0,0.0,e2_removed
3201,720575941563973174,femur_reductor_tiny,left,femur reductor,True,False,0.0,0.0,0.0,0.0,0.0,e2_removed
3227,720575941564818688,accessory_trochanter_flexor,right,femur/tr flex,True,False,0.0,0.0,0.0,0.0,0.0,e2_removed
3256,720575941565553920,accessory_tibia_flexor_C,right,tibia flex,True,False,0.0,0.0,0.0,0.0,0.0,e2_removed
3290,720575941566924135,femur_reductor_tiny,right,femur reductor,True,False,0.0,0.0,0.0,0.0,0.0,e2_removed
3309,720575941568546418,tergotrochanter_extensor,right,femur/tr extend,True,True,2.3578752324985803,1.3764487895352324,1.0997750330670144,0.0,0.0,e2_removed
3310,720575941568724980,trochanter_flexor_VProN,left,femur/tr flex,True,False,0.0,0.0,0.0,0.0,0.0,e2_removed
3353,720575941570833736,accessory_tibia_flexor_B,left,tibia flex,True,False,0.0,0.0,0.0,0.0,0.0,e2_removed
3437,720575941573516296,accessory_trochanter_flexor_posterior_soma_ProLN,left,femur/tr flex,True,False,0.0,0.0,0.0,0.0,0.0,e2_removed
3452,720575941574013085,trochanter_flexor_posterior_soma_ProAN,right,femur/tr flex,True,False,0.0,0.0,0.0,0.0,0.0,e2_removed
3587,720575941579753849,trochanter_flexor_VProN,right,femur/tr flex,True,False,0.0,0.0,0.0,0.0,0.0,e2_removed
3608,720575941580731001,tibia_flexor,right,tibia flex,True,False,0.0,0.0,0.0,0.0,0.0,e2_removed
3627,720575941582911865,tergopleural_promotor_pleural_promotor,left,coxa swing,True,False,0.0,0.0,0.0,0.0,0.0,e2_removed
3633,720575941583323358,accessory_tibia_flexor_C,left,tibia flex,True,False,0.0,0.0,0.0,0.0,0.0,e2_removed
3735,720575941590014007,accessory_tibia_flexor_A_out_of_bundle,right,tibia flex,True,True,0.8505094208502575,0.6180393235904905,0.2564896118543779,0.0,0.0,e2_removed
3748,720575941590872171,accessory_tibia_flexor_A,left,tibia flex,True,False,0.0,0.0,0.0,0.0,0.0,e2_removed
3765,720575941591831180,,,tarsus control,False,False,0.0,0.0,0.0,0.0,0.0,e2_removed
3771,720575941592225831,tergopleural_promotor_pleural_promotor_miller_28_30,right,coxa swing,True,False,0.0,0.0,0.0,0.0,0.0,e2_removed
3781,720575941592581671,long_tendon_muscle_A,right,substrate grip,True,False,0.0,0.0,0.0,0.0,0.0,e2_removed
3805,720575941593715569,pleural_remotor_and_abductor_miller_29,right,coxa stance,True,True,3.5650203195561008,3.258137488481503,0.3357874682512314,0.0,0.0,e2_removed
3808,720575941593802373,tergotrochanter_extensor,right,femur/tr extend,True,True,3.343802221718502,1.8525503214344399,1.6445368967437033,0.0,0.0,e2_removed
3809,720575941593843589,sternotrochanter_extensor,right,femur/tr extend,True,True,1.3681197369106983,1.0266231383758104,0.42973995944187926,0.0,0.0,e2_removed
3861,720575941595712448,sternal_posterior_rotator_miller_32,right,coxa stance,True,False,0.0,0.0,0.0,0.0,0.0,e2_removed
3866,720575941595856540,accessory_tibia_flexor_B,left,tibia flex,True,False,0.0,0.0,0.0,0.0,0.0,e2_removed
3945,720575941603190006,,left,tarsus control,False,False,0.0,0.0,0.0,0.0,0.0,e2_removed
3974,720575941605019582,tibia_extensor_SETi,right,tibia extend,True,False,0.0,0.0,0.0,0.0,0.0,e2_removed
3983,720575941606629485,,left,tarsus control,False,False,0.0,0.0,0.0,0.0,0.0,e2_removed
3988,720575941607605101,,right,tarsus control,False,False,0.0,0.0,0.0,0.0,0.0,e2_removed
3994,720575941608273226,femur_reductor,right,femur reductor,True,False,0.0,0.0,0.0,0.0,0.0,e2_removed
4022,720575941610029642,accessory_tibia_flexor_B,left,tibia flex,True,False,0.0,0.0,0.0,0.0,0.0,e2_removed
4207,720575941623147978,accessory_trochanter_flexor,right,femur/tr flex,True,False,0.0,0.0,0.0,0.0,0.0,e2_removed
4210,720575941623218172,tibia_flexor_Fast,right,tibia flex,True,False,0.0,0.0,0.0,0.0,0.0,e2_removed
4262,720575941625808330,sternal_posterior_rotator,right,coxa stance,True,False,0.0,0.0,0.0,0.0,0.0,e2_removed
4301,720575941627155238,accessory_tibia_flexor_B,left,tibia flex,True,False,0.0,0.0,0.0,0.0,0.0,e2_removed
4355,720575941630873531,,right,tarsus control,False,False,0.0,0.0,0.0,0.0,0.0,e2_removed
4357,720575941630970604,accessory_tibia_flexor_A,right,tibia flex,True,False,0.0,0.0,0.0,0.0,0.0,e2_removed
4373,720575941631837856,femur_reductor,right,femur reductor,True,False,0.0,0.0,0.0,0.0,0.0,e2_removed
4419,720575941636735861,sternal_posterior_rotator_miller_32,right,coxa stance,True,False,0.0,0.0,0.0,0.0,0.0,e2_removed
4431,720575941639281525,tibia_extensor_FETi,left,tibia extend,True,False,0.0,0.0,0.0,0.0,0.0,e2_removed
4435,720575941639506207,tergotrochanter_extensor,left,femur/tr extend,True,False,0.0,0.0,0.0,0.0,0.0,e2_removed
4446,720575941640958053,long_tendon_muscle_B,right,substrate grip,True,False,0.0,0.0,0.0,0.0,0.0,e2_removed
4459,720575941642303944,tergotrochanter_extensor,left,femur/tr extend,True,False,0.0,0.0,0.0,0.0,0.0,e2_removed
4485,720575941643180901,accessory_tibia_flexor_A,left,tibia flex,True,False,0.0,0.0,0.0,0.0,0.0,e2_removed
4544,720575941649909489,femur_reductor,right,femur reductor,True,False,0.0,0.0,0.0,0.0,0.0,e2_removed
4555,720575941651501585,tibia_flexor,left,tibia flex,True,False,0.0,0.0,0.0,0.0,0.0,e2_removed
4639,720575941656372304,trochanter_flexor_VProN,right,femur/tr flex,True,False,0.0,0.0,0.0,0.0,0.0,e2_removed
4729,720575941667370739,tibia_flexor,left,tibia flex,True,False,0.0,0.0,0.0,0.0,0.0,e2_removed
4730,720575941667380979,sternotrochanter_extensor,right,femur/tr extend,True,False,0.0,0.0,0.0,0.0,0.0,e2_removed
4745,720575941668683687,tergopleural_promotor_pleural_promotor,left,coxa swing,True,False,0.0,0.0,0.0,0.0,0.0,e2_removed
4846,720575941689154828,,left,tarsus control,False,False,0.0,0.0,0.0,0.0,0.0,e2_removed
4880,720575941691007896,pleural_remotor_and_abductor_miller_29,right,coxa stance,True,True,0.3184480886958404,0.07031440493311775,0.2717109210606864,0.0,0.0,e2_removed
4895,720575941692129243,sternal_anterior_rotator_miller_31,right,coxa swing,True,False,0.0,0.0,0.0,0.0,0.0,e2_removed
4926,720575941720479034,trochanter_extensor,left,femur/tr extend,True,False,0.0,0.0,0.0,0.0,0.0,e2_removed
8,720575941353301552,sternal_posterior_rotator_miller_32,right,coxa stance,True,False,0.0,0.0,0.0,0.0,0.0,i2_removed
31,720575941391252886,trochanter_flexor_posterior_soma_ProAN,right,femur/tr flex,True,False,0.0,0.0,0.0,0.0,0.0,i2_removed
58,720575941399414563,trochanter_flexor_ProAN,right,femur/tr flex,True,False,0.0,0.0,0.0,0.0,0.0,i2_removed
82,720575941402088304,sternal_posterior_rotator,left,coxa stance,True,False,0.0,0.0,0.0,0.0,0.0,i2_removed
108,720575941406488494,accessory_tibia_flexor_A,left,tibia flex,True,False,0.0,0.0,0.0,0.0,0.0,i2_removed
118,720575941408338862,tergotrochanter_extensor,left,femur/tr extend,True,False,0.0,0.0,0.0,0.0,0.0,i2_removed
156,720575941411709073,trochanter_extensor_LinJ,right,femur/tr extend,True,False,0.0,0.0,0.0,0.0,0.0,i2_removed
163,720575941411838612,long_tendon_muscle_B,left,substrate grip,True,False,0.0,0.0,0.0,0.0,0.0,i2_removed
245,720575941428654255,tergopleural_promotor_pleural_promotor_miller_28_30,right,coxa swing,True,False,0.0,0.0,0.0,0.0,0.0,i2_removed
265,720575941430029449,accessory_tibia_flexor_B,right,tibia flex,True,False,0.0,0.0,0.0,0.0,0.0,i2_removed
370,720575941434874912,,left,tarsus control,False,False,0.0,0.0,0.0,0.0,0.0,i2_removed
380,720575941435830546,long_tendon_muscle_B,left,substrate grip,True,False,0.0,0.0,0.0,0.0,0.0,i2_removed
488,720575941439622111,,right,tarsus control,False,False,0.0,0.0,0.0,0.0,0.0,i2_removed
490,720575941439667986,long_tendon_muscle_B_femur,right,substrate grip,True,False,0.0,0.0,0.0,0.0,0.0,i2_removed
512,720575941440649307,,left,tarsus control,False,False,0.0,0.0,0.0,0.0,0.0,i2_removed
594,720575941447846990,accessory_tibia_flexor_A,right,tibia flex,True,False,0.0,0.0,0.0,0.0,0.0,i2_removed
615,720575941448680285,,,tarsus control,False,False,0.0,0.0,0.0,0.0,0.0,i2_removed
616,720575941448798133,femur_reductor,right,femur reductor,True,False,0.0,0.0,0.0,0.0,0.0,i2_removed
641,720575941450546857,accessory_tibia_flexor_A,left,tibia flex,True,False,0.0,0.0,0.0,0.0,0.0,i2_removed
644,720575941450561358,trochanter_flexor_ProAN,right,femur/tr flex,True,False,0.0,0.0,0.0,0.0,0.0,i2_removed
680,720575941452885043,accessory_tibia_flexor_B,right,tibia flex,True,False,0.0,0.0,0.0,0.0,0.0,i2_removed
722,720575941455787245,sternal_anterior_rotator,left,coxa swing,True,False,0.0,0.0,0.0,0.0,0.0,i2_removed
797,720575941460703245,femur_reductor,left,femur reductor,True,False,0.0,0.0,0.0,0.0,0.0,i2_removed
813,720575941461333648,tergotrochanter_extensor,left,femur/tr extend,True,False,0.0,0.0,0.0,0.0,0.0,i2_removed
838,720575941463544077,,,tarsus control,False,False,0.0,0.0,0.0,0.0,0.0,i2_removed
847,720575941464194902,accessory_tibia_flexor_B,left,tibia flex,True,False,0.0,0.0,0.0,0.0,0.0,i2_removed
858,720575941464925462,long_tendon_muscle_B,left,substrate grip,True,False,0.0,0.0,0.0,0.0,0.0,i2_removed
912,720575941469045111,accessory_tibia_flexor_B,right,tibia flex,True,False,0.0,0.0,0.0,0.0,0.0,i2_removed
913,720575941469052535,femur_reductor,left,femur reductor,True,False,0.0,0.0,0.0,0.0,0.0,i2_removed
1086,720575941477010737,,right,tarsus control,False,False,0.0,0.0,0.0,0.0,0.0,i2_removed
1108,720575941477522794,,right,tarsus control,False,False,0.0,0.0,0.0,0.0,0.0,i2_removed
1129,720575941478281440,tergotrochanter_extensor,right,femur/tr extend,True,False,0.0,0.0,0.0,0.0,0.0,i2_removed
1144,720575941478577231,tibia_extensor_SETi,left,tibia extend,True,False,0.0,0.0,0.0,0.0,0.0,i2_removed
1163,720575941479472258,accessory_tibia_flexor_B,left,tibia flex,True,False,0.0,0.0,0.0,0.0,0.0,i2_removed
1221,720575941481179066,tibia_flexor_Fast,left,tibia flex,True,False,0.0,0.0,0.0,0.0,0.0,i2_removed
1239,720575941482407677,,right,tarsus control,False,False,0.0,0.0,0.0,0.0,0.0,i2_removed
1255,720575941483515389,trochanter_extensor_LinJ,left,femur/tr extend,True,False,0.0,0.0,0.0,0.0,0.0,i2_removed
1297,720575941485464130,,right,tarsus control,False,False,0.0,0.0,0.0,0.0,0.0,i2_removed
1299,720575941486064962,femur_reductor,left,femur reductor,True,False,0.0,0.0,0.0,0.0,0.0,i2_removed
1336,720575941488203209,long_tendon_muscle_B,right,substrate grip,True,False,0.0,0.0,0.0,0.0,0.0,i2_removed
1338,720575941488205769,tibia_flexor,left,tibia flex,True,False,0.0,0.0,0.0,0.0,0.0,i2_removed
1339,720575941488287797,tibia_extensor_FETi,right,tibia extend,True,False,0.0,0.0,0.0,0.0,0.0,i2_removed
1358,720575941489123047,long_tendon_muscle_B,left,substrate grip,True,False,0.0,0.0,0.0,0.0,0.0,i2_removed
1472,720575941494146176,accessory_tibia_flexor_B,right,tibia flex,True,False,0.0,0.0,0.0,0.0,0.0,i2_removed
1478,720575941494164864,pleural_remotor_and_abductor,left,coxa stance,True,False,0.0,0.0,0.0,0.0,0.0,i2_removed
1575,720575941498960546,tergopleural_promotor_pleural_promotor,left,coxa swing,True,True,20.621663926917755,16.899112715053295,7.245686514298717,0.9994040131568909,13.333333656191826,i2_removed
1595,720575941499964555,sternal_adductor_ProAN,right,coxa swing,True,False,0.0,0.0,0.0,0.0,0.0,i2_removed
1628,720575941501926706,long_tendon_muscle_B,right,substrate grip,True,False,0.0,0.0,0.0,0.0,0.0,i2_removed
1629,720575941501929010,long_tendon_muscle_A,left,substrate grip,True,False,0.0,0.0,0.0,0.0,0.0,i2_removed
1693,720575941504354754,,right,tarsus control,False,False,0.0,0.0,0.0,0.0,0.0,i2_removed
1696,720575941504396567,trochanter_flexor_VProN,right,femur/tr flex,True,False,0.0,0.0,0.0,0.0,0.0,i2_removed
1726,720575941505204293,,left,tarsus control,False,False,0.0,0.0,0.0,0.0,0.0,i2_removed
1735,720575941505568069,trochanter_flexor_ProAN,right,femur/tr flex,True,False,0.0,0.0,0.0,0.0,0.0,i2_removed
1736,720575941505660801,long_tendon_muscle_B,left,substrate grip,True,False,0.0,0.0,0.0,0.0,0.0,i2_removed
1738,720575941505687234,,right,tarsus control,False,False,0.0,0.0,0.0,0.0,0.0,i2_removed
1761,720575941506261538,tergopleural_promotor_pleural_promotor,left,coxa swing,True,True,6.007771380582273,3.3639372005355015,4.9034971047273395,0.9994570016860962,13.333333656191826,i2_removed
1776,720575941507031612,sternotrochanter_extensor,left,femur/tr extend,True,False,0.0,0.0,0.0,0.0,0.0,i2_removed
1821,720575941508205185,femur_reductor_tiny,left,femur reductor,True,False,0.0,0.0,0.0,0.0,0.0,i2_removed
1835,720575941508453761,trochanter_extensor,right,femur/tr extend,True,False,0.0,0.0,0.0,0.0,0.0,i2_removed
1866,720575941511197516,long_tendon_muscle_B_femur,right,substrate grip,True,False,0.0,0.0,0.0,0.0,0.0,i2_removed
1876,720575941511883985,trochanter_flexor_posterior_soma,left,femur/tr flex,True,False,0.0,0.0,0.0,0.0,0.0,i2_removed
1973,720575941515355795,accessory_tibia_flexor_A_out_of_bundle,left,tibia flex,True,False,0.0,0.0,0.0,0.0,0.0,i2_removed
2029,720575941516874094,sternotrochanter_extensor,left,femur/tr extend,True,False,0.0,0.0,0.0,0.0,0.0,i2_removed
2037,720575941517351161,,left,tarsus control,False,False,0.0,0.0,0.0,0.0,0.0,i2_removed
2048,720575941518133464,sternal_posterior_rotator,left,coxa stance,True,False,0.0,0.0,0.0,0.0,0.0,i2_removed
2049,720575941518204888,tergopleural_promotor_pleural_promotor_miller_28_30,right,coxa swing,True,False,0.0,0.0,0.0,0.0,0.0,i2_removed
2054,720575941518405998,,left,tarsus control,False,False,0.0,0.0,0.0,0.0,0.0,i2_removed
2055,720575941518431927,,right,tarsus control,False,False,0.0,0.0,0.0,0.0,0.0,i2_removed
2071,720575941518851694,trochanter_flexor_ProAN,left,femur/tr flex,True,False,0.0,0.0,0.0,0.0,0.0,i2_removed
2147,720575941522782967,,right,tarsus control,False,False,0.0,0.0,0.0,0.0,0.0,i2_removed
2158,720575941523368779,tergotrochanter_extensor,right,femur/tr extend,True,False,0.0,0.0,0.0,0.0,0.0,i2_removed
2184,720575941524365337,long_tendon_muscle_A,left,substrate grip,True,False,0.0,0.0,0.0,0.0,0.0,i2_removed
2193,720575941524746573,trochanter_flexor_VProN,left,femur/tr flex,True,False,0.0,0.0,0.0,0.0,0.0,i2_removed
2194,720575941524748877,long_tendon_muscle_B,left,substrate grip,True,False,0.0,0.0,0.0,0.0,0.0,i2_removed
2197,720575941524966169,long_tendon_muscle_A,right,substrate grip,True,False,0.0,0.0,0.0,0.0,0.0,i2_removed
2231,720575941526437988,accessory_tibia_flexor_A_slow,right,tibia flex,True,False,0.0,0.0,0.0,0.0,0.0,i2_removed
2268,720575941527171000,accessory_trochanter_flexor,right,femur/tr flex,True,False,0.0,0.0,0.0,0.0,0.0,i2_removed
2272,720575941527210680,,right,tarsus control,False,False,0.0,0.0,0.0,0.0,0.0,i2_removed
2277,720575941527458562,trochanter_flexor_ProAN,left,femur/tr flex,True,True,32.549526503479456,19.062916797629505,25.77866450573755,0.9993910193443298,13.333333656191826,i2_removed
2282,720575941527847608,sternal_adductor,left,coxa swing,True,False,0.0,0.0,0.0,0.0,0.0,i2_removed
2338,720575941531180261,sternal_anterior_rotator_miller_31,right,coxa swing,True,False,0.0,0.0,0.0,0.0,0.0,i2_removed
2351,720575941531504357,accessory_trochanter_flexor_posterior_soma_ProLN,left,femur/tr flex,True,False,0.0,0.0,0.0,0.0,0.0,i2_removed
2357,720575941531923147,sternal_anterior_rotator,left,coxa swing,True,False,0.0,0.0,0.0,0.0,0.0,i2_removed
2367,720575941532418904,,right,tarsus control,False,False,0.0,0.0,0.0,0.0,0.0,i2_removed
2368,720575941532427754,trochanter_flexor_posterior_soma,left,femur/tr flex,True,False,0.0,0.0,0.0,0.0,0.0,i2_removed
2435,720575941534383235,,left,tarsus control,False,False,0.0,0.0,0.0,0.0,0.0,i2_removed
2523,720575941536923624,trochanter_flexor_ProAN,left,femur/tr flex,True,True,46.14979162850608,34.109448398382234,23.741334911252014,0.999351978302002,13.333333656191826,i2_removed
2563,720575941538128626,long_tendon_muscle_B,right,substrate grip,True,False,0.0,0.0,0.0,0.0,0.0,i2_removed
2595,720575941539539325,,right,tarsus control,False,False,0.0,0.0,0.0,0.0,0.0,i2_removed
2652,720575941542454876,tibia_flexor,left,tibia flex,True,False,0.0,0.0,0.0,0.0,0.0,i2_removed
2726,720575941545479868,accessory_trochanter_flexor,left,femur/tr flex,True,False,0.0,0.0,0.0,0.0,0.0,i2_removed
2767,720575941547393825,tibia_flexor,right,tibia flex,True,True,0.45859332125178237,0.1776222610991522,0.4350923989411641,0.9997140169143677,13.333333656191826,i2_removed
2793,720575941548546696,pleural_remotor_and_abductor,left,coxa stance,True,False,8.132095667262945e-06,8.648465514958333e-08,8.132095667262945e-06,0.0,0.0,i2_removed
2804,720575941549009663,sternal_posterior_rotator,left,coxa stance,True,False,0.0,0.0,0.0,0.0,0.0,i2_removed
2827,720575941549819710,accessory_tibia_flexor_B,right,tibia flex,True,False,0.0,0.0,0.0,0.0,0.0,i2_removed
2861,720575941551010695,tibia_flexor,right,tibia flex,True,False,0.0,0.0,0.0,0.0,0.0,i2_removed
2867,720575941551356570,trochanter_flexor_VProN,left,femur/tr flex,True,False,0.0,0.0,0.0,0.0,0.0,i2_removed
2927,720575941553597502,femur_reductor_tiny,right,femur reductor,True,False,0.0,0.0,0.0,0.0,0.0,i2_removed
2986,720575941556297811,tergopleural_promotor_pleural_promotor_miller_28_30,right,coxa swing,True,False,0.0,0.0,0.0,0.0,0.0,i2_removed
3024,720575941557543918,tibia_flexor,right,tibia flex,True,False,0.0,0.0,0.0,0.0,0.0,i2_removed
3067,720575941559281679,accessory_tibia_flexor_A,right,tibia flex,True,True,1.0467271474094693,0.48622361665207686,0.9477292297506315,0.999646008014679,13.333333656191826,i2_removed
3082,720575941559978797,sternal_posterior_rotator_miller_32,right,coxa stance,True,False,0.0,0.0,0.0,0.0,0.0,i2_removed
3113,720575941561204626,femur_reductor,left,femur reductor,True,True,10.386380614968635,6.849116614690534,6.932443683447157,0.9993559718132019,13.333333656191826,i2_removed
3181,720575941563237778,,right,tarsus control,False,False,0.0,0.0,0.0,0.0,0.0,i2_removed
3201,720575941563973174,femur_reductor_tiny,left,femur reductor,True,False,0.0,0.0,0.0,0.0,0.0,i2_removed
3227,720575941564818688,accessory_trochanter_flexor,right,femur/tr flex,True,False,0.0,0.0,0.0,0.0,0.0,i2_removed
3256,720575941565553920,accessory_tibia_flexor_C,right,tibia flex,True,False,0.0,0.0,0.0,0.0,0.0,i2_removed
3290,720575941566924135,femur_reductor_tiny,right,femur reductor,True,False,0.0,0.0,0.0,0.0,0.0,i2_removed
3309,720575941568546418,tergotrochanter_extensor,right,femur/tr extend,True,False,0.0,0.0,0.0,0.0,0.0,i2_removed
3310,720575941568724980,trochanter_flexor_VProN,left,femur/tr flex,True,True,15.115728343649193,7.899458418810547,13.096855990030441,0.9993759989738464,13.333333656191826,i2_removed
3353,720575941570833736,accessory_tibia_flexor_B,left,tibia flex,True,False,0.0,0.0,0.0,0.0,0.0,i2_removed
3437,720575941573516296,accessory_trochanter_flexor_posterior_soma_ProLN,left,femur/tr flex,True,False,0.0,0.0,0.0,0.0,0.0,i2_removed
3452,720575941574013085,trochanter_flexor_posterior_soma_ProAN,right,femur/tr flex,True,False,0.0,0.0,0.0,0.0,0.0,i2_removed
3587,720575941579753849,trochanter_flexor_VProN,right,femur/tr flex,True,False,0.0,0.0,0.0,0.0,0.0,i2_removed
3608,720575941580731001,tibia_flexor,right,tibia flex,True,False,0.0,0.0,0.0,0.0,0.0,i2_removed
3627,720575941582911865,tergopleural_promotor_pleural_promotor,left,coxa swing,True,False,0.0,0.0,0.0,0.0,0.0,i2_removed
3633,720575941583323358,accessory_tibia_flexor_C,left,tibia flex,True,False,0.0,0.0,0.0,0.0,0.0,i2_removed
3735,720575941590014007,accessory_tibia_flexor_A_out_of_bundle,right,tibia flex,True,True,0.9085357466738788,0.4282479005049447,0.8105989342448804,0.999701976776123,13.333333656191826,i2_removed
3748,720575941590872171,accessory_tibia_flexor_A,left,tibia flex,True,False,0.0,0.0,0.0,0.0,0.0,i2_removed
3765,720575941591831180,,,tarsus control,False,False,0.0,0.0,0.0,0.0,0.0,i2_removed
3771,720575941592225831,tergopleural_promotor_pleural_promotor_miller_28_30,right,coxa swing,True,False,0.0,0.0,0.0,0.0,0.0,i2_removed
3781,720575941592581671,long_tendon_muscle_A,right,substrate grip,True,False,0.0,0.0,0.0,0.0,0.0,i2_removed
3805,720575941593715569,pleural_remotor_and_abductor_miller_29,right,coxa stance,True,True,2.2933513264280068,1.960715937761001,0.6568687131324955,0.9995980262756348,13.333333656191826,i2_removed
3808,720575941593802373,tergotrochanter_extensor,right,femur/tr extend,True,False,0.0,0.0,0.0,0.0,0.0,i2_removed
3809,720575941593843589,sternotrochanter_extensor,right,femur/tr extend,True,False,0.0,0.0,0.0,0.0,0.0,i2_removed
3861,720575941595712448,sternal_posterior_rotator_miller_32,right,coxa stance,True,False,0.0,0.0,0.0,0.0,0.0,i2_removed
3866,720575941595856540,accessory_tibia_flexor_B,left,tibia flex,True,False,0.0,0.0,0.0,0.0,0.0,i2_removed
3945,720575941603190006,,left,tarsus control,False,False,0.0,0.0,0.0,0.0,0.0,i2_removed
3974,720575941605019582,tibia_extensor_SETi,right,tibia extend,True,False,0.0,0.0,0.0,0.0,0.0,i2_removed
3983,720575941606629485,,left,tarsus control,False,False,0.0,0.0,0.0,0.0,0.0,i2_removed
3988,720575941607605101,,right,tarsus control,False,False,0.0,0.0,0.0,0.0,0.0,i2_removed
3994,720575941608273226,femur_reductor,right,femur reductor,True,False,0.0,0.0,0.0,0.0,0.0,i2_removed
4022,720575941610029642,accessory_tibia_flexor_B,left,tibia flex,True,False,0.0,0.0,0.0,0.0,0.0,i2_removed
4207,720575941623147978,accessory_trochanter_flexor,right,femur/tr flex,True,False,0.0,0.0,0.0,0.0,0.0,i2_removed
4210,720575941623218172,tibia_flexor_Fast,right,tibia flex,True,False,0.0,0.0,0.0,0.0,0.0,i2_removed
4262,720575941625808330,sternal_posterior_rotator,right,coxa stance,True,False,0.0,0.0,0.0,0.0,0.0,i2_removed
4301,720575941627155238,accessory_tibia_flexor_B,left,tibia flex,True,False,0.0,0.0,0.0,0.0,0.0,i2_removed
4355,720575941630873531,,right,tarsus control,False,False,0.0,0.0,0.0,0.0,0.0,i2_removed
4357,720575941630970604,accessory_tibia_flexor_A,right,tibia flex,True,False,0.0,0.0,0.0,0.0,0.0,i2_removed
4373,720575941631837856,femur_reductor,right,femur reductor,True,False,0.0,0.0,0.0,0.0,0.0,i2_removed
4419,720575941636735861,sternal_posterior_rotator_miller_32,right,coxa stance,True,False,0.0,0.0,0.0,0.0,0.0,i2_removed
4431,720575941639281525,tibia_extensor_FETi,left,tibia extend,True,False,0.0,0.0,0.0,0.0,0.0,i2_removed
4435,720575941639506207,tergotrochanter_extensor,left,femur/tr extend,True,False,0.0,0.0,0.0,0.0,0.0,i2_removed
4446,720575941640958053,long_tendon_muscle_B,right,substrate grip,True,False,0.0,0.0,0.0,0.0,0.0,i2_removed
4459,720575941642303944,tergotrochanter_extensor,left,femur/tr extend,True,False,0.0,0.0,0.0,0.0,0.0,i2_removed
4485,720575941643180901,accessory_tibia_flexor_A,left,tibia flex,True,False,0.0,0.0,0.0,0.0,0.0,i2_removed
4544,720575941649909489,femur_reductor,right,femur reductor,True,False,0.0,0.0,0.0,0.0,0.0,i2_removed
4555,720575941651501585,tibia_flexor,left,tibia flex,True,False,0.0,0.0,0.0,0.0,0.0,i2_removed
4639,720575941656372304,trochanter_flexor_VProN,right,femur/tr flex,True,False,0.0,0.0,0.0,0.0,0.0,i2_removed
4729,720575941667370739,tibia_flexor,left,tibia flex,True,False,0.0,0.0,0.0,0.0,0.0,i2_removed
4730,720575941667380979,sternotrochanter_extensor,right,femur/tr extend,True,False,0.0,0.0,0.0,0.0,0.0,i2_removed
4745,720575941668683687,tergopleural_promotor_pleural_promotor,left,coxa swing,True,False,0.0,0.0,0.0,0.0,0.0,i2_removed
4846,720575941689154828,,left,tarsus control,False,False,0.0,0.0,0.0,0.0,0.0,i2_removed
4880,720575941691007896,pleural_remotor_and_abductor_miller_29,right,coxa stance,True,False,0.0,0.0,0.0,0.0,0.0,i2_removed
4895,720575941692129243,sternal_anterior_rotator_miller_31,right,coxa swing,True,False,0.0,0.0,0.0,0.0,0.0,i2_removed
4926,720575941720479034,trochanter_extensor,left,femur/tr extend,True,False,0.0,0.0,0.0,0.0,0.0,i2_removed
8,720575941353301552,sternal_posterior_rotator_miller_32,right,coxa stance,True,False,0.0,0.0,0.0,0.0,0.0,dnb08_pair
31,720575941391252886,trochanter_flexor_posterior_soma_ProAN,right,femur/tr flex,True,False,0.0,0.0,0.0,0.0,0.0,dnb08_pair
58,720575941399414563,trochanter_flexor_ProAN,right,femur/tr flex,True,True,17.012513446084743,16.943282930220647,3.0303837845724164,0.0,0.0,dnb08_pair
82,720575941402088304,sternal_posterior_rotator,left,coxa stance,True,False,0.0,0.0,0.0,0.0,0.0,dnb08_pair
108,720575941406488494,accessory_tibia_flexor_A,left,tibia flex,True,False,0.0,0.0,0.0,0.0,0.0,dnb08_pair
118,720575941408338862,tergotrochanter_extensor,left,femur/tr extend,True,True,12.79133742896312,12.731504098186845,1.5135105600478127,0.0,0.0,dnb08_pair
156,720575941411709073,trochanter_extensor_LinJ,right,femur/tr extend,True,False,0.0,0.0,0.0,0.0,0.0,dnb08_pair
163,720575941411838612,long_tendon_muscle_B,left,substrate grip,True,False,0.0,0.0,0.0,0.0,0.0,dnb08_pair
245,720575941428654255,tergopleural_promotor_pleural_promotor_miller_28_30,right,coxa swing,True,False,0.0,0.0,0.0,0.0,0.0,dnb08_pair
265,720575941430029449,accessory_tibia_flexor_B,right,tibia flex,True,False,0.0,0.0,0.0,0.0,0.0,dnb08_pair
370,720575941434874912,,left,tarsus control,False,False,0.0,0.0,0.0,0.0,0.0,dnb08_pair
380,720575941435830546,long_tendon_muscle_B,left,substrate grip,True,False,0.0,0.0,0.0,0.0,0.0,dnb08_pair
488,720575941439622111,,right,tarsus control,False,False,0.0,0.0,0.0,0.0,0.0,dnb08_pair
490,720575941439667986,long_tendon_muscle_B_femur,right,substrate grip,True,False,0.0,0.0,0.0,0.0,0.0,dnb08_pair
512,720575941440649307,,left,tarsus control,False,False,0.0,0.0,0.0,0.0,0.0,dnb08_pair
594,720575941447846990,accessory_tibia_flexor_A,right,tibia flex,True,False,0.0,0.0,0.0,0.0,0.0,dnb08_pair
615,720575941448680285,,,tarsus control,False,False,0.0,0.0,0.0,0.0,0.0,dnb08_pair
616,720575941448798133,femur_reductor,right,femur reductor,True,False,0.0,0.0,0.0,0.0,0.0,dnb08_pair
641,720575941450546857,accessory_tibia_flexor_A,left,tibia flex,True,False,0.0,0.0,0.0,0.0,0.0,dnb08_pair
644,720575941450561358,trochanter_flexor_ProAN,right,femur/tr flex,True,False,0.0,0.0,0.0,0.0,0.0,dnb08_pair
680,720575941452885043,accessory_tibia_flexor_B,right,tibia flex,True,False,0.0,0.0,0.0,0.0,0.0,dnb08_pair
722,720575941455787245,sternal_anterior_rotator,left,coxa swing,True,False,0.0,0.0,0.0,0.0,0.0,dnb08_pair
797,720575941460703245,femur_reductor,left,femur reductor,True,True,3.0013176430901827,2.941307130968988,1.7163790210476433,0.0,0.0,dnb08_pair
813,720575941461333648,tergotrochanter_extensor,left,femur/tr extend,True,True,32.999334041140536,32.90583997765303,2.6106051926759406,0.0,0.0,dnb08_pair
838,720575941463544077,,,tarsus control,False,False,0.0,0.0,0.0,0.0,0.0,dnb08_pair
847,720575941464194902,accessory_tibia_flexor_B,left,tibia flex,True,False,0.0,0.0,0.0,0.0,0.0,dnb08_pair
858,720575941464925462,long_tendon_muscle_B,left,substrate grip,True,False,0.0,0.0,0.0,0.0,0.0,dnb08_pair
912,720575941469045111,accessory_tibia_flexor_B,right,tibia flex,True,False,0.0,0.0,0.0,0.0,0.0,dnb08_pair
913,720575941469052535,femur_reductor,left,femur reductor,True,False,0.0,0.0,0.0,0.0,0.0,dnb08_pair
1086,720575941477010737,,right,tarsus control,False,False,0.0,0.0,0.0,0.0,0.0,dnb08_pair
1108,720575941477522794,,right,tarsus control,False,False,0.0,0.0,0.0,0.0,0.0,dnb08_pair
1129,720575941478281440,tergotrochanter_extensor,right,femur/tr extend,True,False,0.0,0.0,0.0,0.0,0.0,dnb08_pair
1144,720575941478577231,tibia_extensor_SETi,left,tibia extend,True,False,0.0,0.0,0.0,0.0,0.0,dnb08_pair
1163,720575941479472258,accessory_tibia_flexor_B,left,tibia flex,True,False,0.0,0.0,0.0,0.0,0.0,dnb08_pair
1221,720575941481179066,tibia_flexor_Fast,left,tibia flex,True,False,0.0,0.0,0.0,0.0,0.0,dnb08_pair
1239,720575941482407677,,right,tarsus control,False,False,0.0,0.0,0.0,0.0,0.0,dnb08_pair
1255,720575941483515389,trochanter_extensor_LinJ,left,femur/tr extend,True,False,0.007318094959139534,9.330104982780725e-05,0.007318094959139534,0.0,0.0,dnb08_pair
1297,720575941485464130,,right,tarsus control,False,False,0.0,0.0,0.0,0.0,0.0,dnb08_pair
1299,720575941486064962,femur_reductor,left,femur reductor,True,False,0.0,0.0,0.0,0.0,0.0,dnb08_pair
1336,720575941488203209,long_tendon_muscle_B,right,substrate grip,True,False,0.0,0.0,0.0,0.0,0.0,dnb08_pair
1338,720575941488205769,tibia_flexor,left,tibia flex,True,False,0.0,0.0,0.0,0.0,0.0,dnb08_pair
1339,720575941488287797,tibia_extensor_FETi,right,tibia extend,True,False,0.007265695058533583,8.417110176495164e-05,0.007265695058533583,0.0,0.0,dnb08_pair
1358,720575941489123047,long_tendon_muscle_B,left,substrate grip,True,False,0.0,0.0,0.0,0.0,0.0,dnb08_pair
1472,720575941494146176,accessory_tibia_flexor_B,right,tibia flex,True,False,0.0,0.0,0.0,0.0,0.0,dnb08_pair
1478,720575941494164864,pleural_remotor_and_abductor,left,coxa stance,True,False,0.0,0.0,0.0,0.0,0.0,dnb08_pair
1575,720575941498960546,tergopleural_promotor_pleural_promotor,left,coxa swing,True,False,0.0,0.0,0.0,0.0,0.0,dnb08_pair
1595,720575941499964555,sternal_adductor_ProAN,right,coxa swing,True,False,0.0,0.0,0.0,0.0,0.0,dnb08_pair
1628,720575941501926706,long_tendon_muscle_B,right,substrate grip,True,False,0.0,0.0,0.0,0.0,0.0,dnb08_pair
1629,720575941501929010,long_tendon_muscle_A,left,substrate grip,True,False,0.0,0.0,0.0,0.0,0.0,dnb08_pair
1693,720575941504354754,,right,tarsus control,False,False,0.0,0.0,0.0,0.0,0.0,dnb08_pair
1696,720575941504396567,trochanter_flexor_VProN,right,femur/tr flex,True,False,0.0,0.0,0.0,0.0,0.0,dnb08_pair
1726,720575941505204293,,left,tarsus control,False,False,0.0,0.0,0.0,0.0,0.0,dnb08_pair
1735,720575941505568069,trochanter_flexor_ProAN,right,femur/tr flex,True,False,1.9538201172061507e-05,2.0173342806499944e-07,1.9538201172061507e-05,0.0,0.0,dnb08_pair
1736,720575941505660801,long_tendon_muscle_B,left,substrate grip,True,False,0.0,0.0,0.0,0.0,0.0,dnb08_pair
1738,720575941505687234,,right,tarsus control,False,False,0.0,0.0,0.0,0.0,0.0,dnb08_pair
1761,720575941506261538,tergopleural_promotor_pleural_promotor,left,coxa swing,True,False,0.0,0.0,0.0,0.0,0.0,dnb08_pair
1776,720575941507031612,sternotrochanter_extensor,left,femur/tr extend,True,True,0.3037339599370472,0.27927766481619204,0.30373584641427653,0.0,0.0,dnb08_pair
1821,720575941508205185,femur_reductor_tiny,left,femur reductor,True,False,0.0,0.0,0.0,0.0,0.0,dnb08_pair
1835,720575941508453761,trochanter_extensor,right,femur/tr extend,True,False,0.0,0.0,0.0,0.0,0.0,dnb08_pair
1866,720575941511197516,long_tendon_muscle_B_femur,right,substrate grip,True,False,0.0,0.0,0.0,0.0,0.0,dnb08_pair
1876,720575941511883985,trochanter_flexor_posterior_soma,left,femur/tr flex,True,False,0.0,0.0,0.0,0.0,0.0,dnb08_pair
1973,720575941515355795,accessory_tibia_flexor_A_out_of_bundle,left,tibia flex,True,False,0.0,0.0,0.0,0.0,0.0,dnb08_pair
2029,720575941516874094,sternotrochanter_extensor,left,femur/tr extend,True,True,8.257472688045004,7.642539960268631,0.631163267047322,0.0,0.0,dnb08_pair
2037,720575941517351161,,left,tarsus control,False,False,0.0,0.0,0.0,0.0,0.0,dnb08_pair
2048,720575941518133464,sternal_posterior_rotator,left,coxa stance,True,False,0.0,0.0,0.0,0.0,0.0,dnb08_pair
2049,720575941518204888,tergopleural_promotor_pleural_promotor_miller_28_30,right,coxa swing,True,False,0.0,0.0,0.0,0.0,0.0,dnb08_pair
2054,720575941518405998,,left,tarsus control,False,True,7.1391840092012355,7.058799739356238,2.1928037820863695,0.0,0.0,dnb08_pair
2055,720575941518431927,,right,tarsus control,False,False,0.0,0.0,0.0,0.0,0.0,dnb08_pair
2071,720575941518851694,trochanter_flexor_ProAN,left,femur/tr flex,True,False,0.0,0.0,0.0,0.0,0.0,dnb08_pair
2147,720575941522782967,,right,tarsus control,False,False,0.0,0.0,0.0,0.0,0.0,dnb08_pair
2158,720575941523368779,tergotrochanter_extensor,right,femur/tr extend,True,False,0.0,0.0,0.0,0.0,0.0,dnb08_pair
2184,720575941524365337,long_tendon_muscle_A,left,substrate grip,True,False,0.0,0.0,0.0,0.0,0.0,dnb08_pair
2193,720575941524746573,trochanter_flexor_VProN,left,femur/tr flex,True,False,0.0015074148081015099,1.6936569577860942e-05,0.0015074148081015099,0.0,0.0,dnb08_pair
2194,720575941524748877,long_tendon_muscle_B,left,substrate grip,True,False,0.0,0.0,0.0,0.0,0.0,dnb08_pair
2197,720575941524966169,long_tendon_muscle_A,right,substrate grip,True,False,0.0,0.0,0.0,0.0,0.0,dnb08_pair
2231,720575941526437988,accessory_tibia_flexor_A_slow,right,tibia flex,True,False,0.0,0.0,0.0,0.0,0.0,dnb08_pair
2268,720575941527171000,accessory_trochanter_flexor,right,femur/tr flex,True,False,0.0,0.0,0.0,0.0,0.0,dnb08_pair
2272,720575941527210680,,right,tarsus control,False,False,0.0,0.0,0.0,0.0,0.0,dnb08_pair
2277,720575941527458562,trochanter_flexor_ProAN,left,femur/tr flex,True,True,13.021709088846467,12.540390545871443,0.8781794931140432,0.0,0.0,dnb08_pair
2282,720575941527847608,sternal_adductor,left,coxa swing,True,False,0.0,0.0,0.0,0.0,0.0,dnb08_pair
2338,720575941531180261,sternal_anterior_rotator_miller_31,right,coxa swing,True,False,0.0,0.0,0.0,0.0,0.0,dnb08_pair
2351,720575941531504357,accessory_trochanter_flexor_posterior_soma_ProLN,left,femur/tr flex,True,False,0.0,0.0,0.0,0.0,0.0,dnb08_pair
2357,720575941531923147,sternal_anterior_rotator,left,coxa swing,True,False,0.0,0.0,0.0,0.0,0.0,dnb08_pair
2367,720575941532418904,,right,tarsus control,False,False,0.0,0.0,0.0,0.0,0.0,dnb08_pair
2368,720575941532427754,trochanter_flexor_posterior_soma,left,femur/tr flex,True,False,0.0008143319790842193,8.665212523919979e-06,0.0008143319790842193,0.0,0.0,dnb08_pair
2435,720575941534383235,,left,tarsus control,False,False,0.0,0.0,0.0,0.0,0.0,dnb08_pair
2523,720575941536923624,trochanter_flexor_ProAN,left,femur/tr flex,True,True,11.001133361516654,9.71274644325909,1.3380774399886715,0.0,0.0,dnb08_pair
2563,720575941538128626,long_tendon_muscle_B,right,substrate grip,True,False,0.0,0.0,0.0,0.0,0.0,dnb08_pair
2595,720575941539539325,,right,tarsus control,False,False,0.0,0.0,0.0,0.0,0.0,dnb08_pair
2652,720575941542454876,tibia_flexor,left,tibia flex,True,False,0.0,0.0,0.0,0.0,0.0,dnb08_pair
2726,720575941545479868,accessory_trochanter_flexor,left,femur/tr flex,True,False,0.0,0.0,0.0,0.0,0.0,dnb08_pair
2767,720575941547393825,tibia_flexor,right,tibia flex,True,False,0.0,0.0,0.0,0.0,0.0,dnb08_pair
2793,720575941548546696,pleural_remotor_and_abductor,left,coxa stance,True,False,0.0,0.0,0.0,0.0,0.0,dnb08_pair
2804,720575941549009663,sternal_posterior_rotator,left,coxa stance,True,False,0.0,0.0,0.0,0.0,0.0,dnb08_pair
2827,720575941549819710,accessory_tibia_flexor_B,right,tibia flex,True,False,0.0,0.0,0.0,0.0,0.0,dnb08_pair
2861,720575941551010695,tibia_flexor,right,tibia flex,True,False,0.0,0.0,0.0,0.0,0.0,dnb08_pair
2867,720575941551356570,trochanter_flexor_VProN,left,femur/tr flex,True,True,18.08640666742717,17.311552726569914,0.9330571195553468,0.0,0.0,dnb08_pair
2927,720575941553597502,femur_reductor_tiny,right,femur reductor,True,False,0.0,0.0,0.0,0.0,0.0,dnb08_pair
2986,720575941556297811,tergopleural_promotor_pleural_promotor_miller_28_30,right,coxa swing,True,False,0.0012522207030738048,1.3101096877413722e-05,0.0012522207030738048,0.0,0.0,dnb08_pair
3024,720575941557543918,tibia_flexor,right,tibia flex,True,False,0.0,0.0,0.0,0.0,0.0,dnb08_pair
3067,720575941559281679,accessory_tibia_flexor_A,right,tibia flex,True,False,0.0,0.0,0.0,0.0,0.0,dnb08_pair
3082,720575941559978797,sternal_posterior_rotator_miller_32,right,coxa stance,True,False,0.0,0.0,0.0,0.0,0.0,dnb08_pair
3113,720575941561204626,femur_reductor,left,femur reductor,True,True,0.2849045725567459,0.2602541656048481,0.2849130560866651,0.0,0.0,dnb08_pair
3181,720575941563237778,,right,tarsus control,False,False,0.0,0.0,0.0,0.0,0.0,dnb08_pair
3201,720575941563973174,femur_reductor_tiny,left,femur reductor,True,False,0.0,0.0,0.0,0.0,0.0,dnb08_pair
3227,720575941564818688,accessory_trochanter_flexor,right,femur/tr flex,True,False,0.0,0.0,0.0,0.0,0.0,dnb08_pair
3256,720575941565553920,accessory_tibia_flexor_C,right,tibia flex,True,False,0.0,0.0,0.0,0.0,0.0,dnb08_pair
3290,720575941566924135,femur_reductor_tiny,right,femur reductor,True,False,0.0,0.0,0.0,0.0,0.0,dnb08_pair
3309,720575941568546418,tergotrochanter_extensor,right,femur/tr extend,True,False,0.0,0.0,0.0,0.0,0.0,dnb08_pair
3310,720575941568724980,trochanter_flexor_VProN,left,femur/tr flex,True,False,0.0,0.0,0.0,0.0,0.0,dnb08_pair
3353,720575941570833736,accessory_tibia_flexor_B,left,tibia flex,True,False,0.0,0.0,0.0,0.0,0.0,dnb08_pair
3437,720575941573516296,accessory_trochanter_flexor_posterior_soma_ProLN,left,femur/tr flex,True,True,17.94994381917521,16.732637087846904,1.3455220433056887,0.0,0.0,dnb08_pair
3452,720575941574013085,trochanter_flexor_posterior_soma_ProAN,right,femur/tr flex,True,False,0.0,0.0,0.0,0.0,0.0,dnb08_pair
3587,720575941579753849,trochanter_flexor_VProN,right,femur/tr flex,True,False,0.0,0.0,0.0,0.0,0.0,dnb08_pair
3608,720575941580731001,tibia_flexor,right,tibia flex,True,False,0.0,0.0,0.0,0.0,0.0,dnb08_pair
3627,720575941582911865,tergopleural_promotor_pleural_promotor,left,coxa swing,True,False,0.0,0.0,0.0,0.0,0.0,dnb08_pair
3633,720575941583323358,accessory_tibia_flexor_C,left,tibia flex,True,False,0.0,0.0,0.0,0.0,0.0,dnb08_pair
3735,720575941590014007,accessory_tibia_flexor_A_out_of_bundle,right,tibia flex,True,False,0.0,0.0,0.0,0.0,0.0,dnb08_pair
3748,720575941590872171,accessory_tibia_flexor_A,left,tibia flex,True,False,0.0,0.0,0.0,0.0,0.0,dnb08_pair
3765,720575941591831180,,,tarsus control,False,False,0.0,0.0,0.0,0.0,0.0,dnb08_pair
3771,720575941592225831,tergopleural_promotor_pleural_promotor_miller_28_30,right,coxa swing,True,True,0.022377813647739914,0.00025818495027903255,0.022377813647739914,0.0,0.0,dnb08_pair
3781,720575941592581671,long_tendon_muscle_A,right,substrate grip,True,False,0.0,0.0,0.0,0.0,0.0,dnb08_pair
3805,720575941593715569,pleural_remotor_and_abductor_miller_29,right,coxa stance,True,True,18.60204420119423,18.55471061123597,1.9092884557124918,0.0,0.0,dnb08_pair
3808,720575941593802373,tergotrochanter_extensor,right,femur/tr extend,True,False,0.0,0.0,0.0,0.0,0.0,dnb08_pair
3809,720575941593843589,sternotrochanter_extensor,right,femur/tr extend,True,False,0.0,0.0,0.0,0.0,0.0,dnb08_pair
3861,720575941595712448,sternal_posterior_rotator_miller_32,right,coxa stance,True,False,0.0,0.0,0.0,0.0,0.0,dnb08_pair
3866,720575941595856540,accessory_tibia_flexor_B,left,tibia flex,True,False,0.0,0.0,0.0,0.0,0.0,dnb08_pair
3945,720575941603190006,,left,tarsus control,False,False,0.0,0.0,0.0,0.0,0.0,dnb08_pair
3974,720575941605019582,tibia_extensor_SETi,right,tibia extend,True,False,0.00013234119628227398,1.5301538740770001e-06,0.00013234119628227398,0.0,0.0,dnb08_pair
3983,720575941606629485,,left,tarsus control,False,False,0.0,0.0,0.0,0.0,0.0,dnb08_pair
3988,720575941607605101,,right,tarsus control,False,False,0.0,0.0,0.0,0.0,0.0,dnb08_pair
3994,720575941608273226,femur_reductor,right,femur reductor,True,False,0.0,0.0,0.0,0.0,0.0,dnb08_pair
4022,720575941610029642,accessory_tibia_flexor_B,left,tibia flex,True,False,0.0,0.0,0.0,0.0,0.0,dnb08_pair
4207,720575941623147978,accessory_trochanter_flexor,right,femur/tr flex,True,False,0.0,0.0,0.0,0.0,0.0,dnb08_pair
4210,720575941623218172,tibia_flexor_Fast,right,tibia flex,True,False,0.0,0.0,0.0,0.0,0.0,dnb08_pair
4262,720575941625808330,sternal_posterior_rotator,right,coxa stance,True,False,0.0,0.0,0.0,0.0,0.0,dnb08_pair
4301,720575941627155238,accessory_tibia_flexor_B,left,tibia flex,True,False,0.0,0.0,0.0,0.0,0.0,dnb08_pair
4355,720575941630873531,,right,tarsus control,False,False,0.0,0.0,0.0,0.0,0.0,dnb08_pair
4357,720575941630970604,accessory_tibia_flexor_A,right,tibia flex,True,False,0.0,0.0,0.0,0.0,0.0,dnb08_pair
4373,720575941631837856,femur_reductor,right,femur reductor,True,False,0.0,0.0,0.0,0.0,0.0,dnb08_pair
4419,720575941636735861,sternal_posterior_rotator_miller_32,right,coxa stance,True,False,0.0,0.0,0.0,0.0,0.0,dnb08_pair
4431,720575941639281525,tibia_extensor_FETi,left,tibia extend,True,False,0.0,0.0,0.0,0.0,0.0,dnb08_pair
4435,720575941639506207,tergotrochanter_extensor,left,femur/tr extend,True,True,6.740121636599176,6.704779889374812,0.380925453560387,0.0,0.0,dnb08_pair
4446,720575941640958053,long_tendon_muscle_B,right,substrate grip,True,False,0.0,0.0,0.0,0.0,0.0,dnb08_pair
4459,720575941642303944,tergotrochanter_extensor,left,femur/tr extend,True,True,6.219140615978785,6.190471896541113,0.6796075703855502,0.0,0.0,dnb08_pair
4485,720575941643180901,accessory_tibia_flexor_A,left,tibia flex,True,False,0.0,0.0,0.0,0.0,0.0,dnb08_pair
4544,720575941649909489,femur_reductor,right,femur reductor,True,False,0.0,0.0,0.0,0.0,0.0,dnb08_pair
4555,720575941651501585,tibia_flexor,left,tibia flex,True,False,0.0,0.0,0.0,0.0,0.0,dnb08_pair
4639,720575941656372304,trochanter_flexor_VProN,right,femur/tr flex,True,False,0.0,0.0,0.0,0.0,0.0,dnb08_pair
4729,720575941667370739,tibia_flexor,left,tibia flex,True,False,0.0,0.0,0.0,0.0,0.0,dnb08_pair
4730,720575941667380979,sternotrochanter_extensor,right,femur/tr extend,True,False,0.0,0.0,0.0,0.0,0.0,dnb08_pair
4745,720575941668683687,tergopleural_promotor_pleural_promotor,left,coxa swing,True,False,0.0,0.0,0.0,0.0,0.0,dnb08_pair
4846,720575941689154828,,left,tarsus control,False,False,0.0,0.0,0.0,0.0,0.0,dnb08_pair
4880,720575941691007896,pleural_remotor_and_abductor_miller_29,right,coxa stance,True,False,0.0,0.0,0.0,0.0,0.0,dnb08_pair
4895,720575941692129243,sternal_anterior_rotator_miller_31,right,coxa swing,True,False,0.0,0.0,0.0,0.0,0.0,dnb08_pair
4926,720575941720479034,trochanter_extensor,left,femur/tr extend,True,True,0.1454121402303289,0.001951264711878198,0.1454121402303289,0.0,0.0,dnb08_pair
8,720575941353301552,sternal_posterior_rotator_miller_32,right,coxa stance,True,False,0.0,0.0,0.0,0.0,0.0,dng100_repeat
31,720575941391252886,trochanter_flexor_posterior_soma_ProAN,right,femur/tr flex,True,False,0.0,0.0,0.0,0.0,0.0,dng100_repeat
58,720575941399414563,trochanter_flexor_ProAN,right,femur/tr flex,True,False,0.0,0.0,0.0,0.0,0.0,dng100_repeat
82,720575941402088304,sternal_posterior_rotator,left,coxa stance,True,False,0.0,0.0,0.0,0.0,0.0,dng100_repeat
108,720575941406488494,accessory_tibia_flexor_A,left,tibia flex,True,False,0.0,0.0,0.0,0.0,0.0,dng100_repeat
118,720575941408338862,tergotrochanter_extensor,left,femur/tr extend,True,False,0.0,0.0,0.0,0.0,0.0,dng100_repeat
156,720575941411709073,trochanter_extensor_LinJ,right,femur/tr extend,True,False,0.0,0.0,0.0,0.0,0.0,dng100_repeat
163,720575941411838612,long_tendon_muscle_B,left,substrate grip,True,False,0.0,0.0,0.0,0.0,0.0,dng100_repeat
245,720575941428654255,tergopleural_promotor_pleural_promotor_miller_28_30,right,coxa swing,True,False,0.0,0.0,0.0,0.0,0.0,dng100_repeat
265,720575941430029449,accessory_tibia_flexor_B,right,tibia flex,True,False,0.0,0.0,0.0,0.0,0.0,dng100_repeat
370,720575941434874912,,left,tarsus control,False,False,0.0,0.0,0.0,0.0,0.0,dng100_repeat
380,720575941435830546,long_tendon_muscle_B,left,substrate grip,True,False,0.0,0.0,0.0,0.0,0.0,dng100_repeat
488,720575941439622111,,right,tarsus control,False,False,0.0,0.0,0.0,0.0,0.0,dng100_repeat
490,720575941439667986,long_tendon_muscle_B_femur,right,substrate grip,True,False,0.0,0.0,0.0,0.0,0.0,dng100_repeat
512,720575941440649307,,left,tarsus control,False,False,0.0,0.0,0.0,0.0,0.0,dng100_repeat
594,720575941447846990,accessory_tibia_flexor_A,right,tibia flex,True,False,0.0,0.0,0.0,0.0,0.0,dng100_repeat
615,720575941448680285,,,tarsus control,False,False,0.0,0.0,0.0,0.0,0.0,dng100_repeat
616,720575941448798133,femur_reductor,right,femur reductor,True,False,0.0,0.0,0.0,0.0,0.0,dng100_repeat
641,720575941450546857,accessory_tibia_flexor_A,left,tibia flex,True,False,0.0,0.0,0.0,0.0,0.0,dng100_repeat
644,720575941450561358,trochanter_flexor_ProAN,right,femur/tr flex,True,False,0.0,0.0,0.0,0.0,0.0,dng100_repeat
680,720575941452885043,accessory_tibia_flexor_B,right,tibia flex,True,False,0.0,0.0,0.0,0.0,0.0,dng100_repeat
722,720575941455787245,sternal_anterior_rotator,left,coxa swing,True,False,0.0,0.0,0.0,0.0,0.0,dng100_repeat
797,720575941460703245,femur_reductor,left,femur reductor,True,False,0.0,0.0,0.0,0.0,0.0,dng100_repeat
813,720575941461333648,tergotrochanter_extensor,left,femur/tr extend,True,False,0.0,0.0,0.0,0.0,0.0,dng100_repeat
838,720575941463544077,,,tarsus control,False,False,0.0,0.0,0.0,0.0,0.0,dng100_repeat
847,720575941464194902,accessory_tibia_flexor_B,left,tibia flex,True,False,0.0,0.0,0.0,0.0,0.0,dng100_repeat
858,720575941464925462,long_tendon_muscle_B,left,substrate grip,True,False,0.0,0.0,0.0,0.0,0.0,dng100_repeat
912,720575941469045111,accessory_tibia_flexor_B,right,tibia flex,True,False,0.0,0.0,0.0,0.0,0.0,dng100_repeat
913,720575941469052535,femur_reductor,left,femur reductor,True,False,0.0,0.0,0.0,0.0,0.0,dng100_repeat
1086,720575941477010737,,right,tarsus control,False,False,0.0,0.0,0.0,0.0,0.0,dng100_repeat
1108,720575941477522794,,right,tarsus control,False,False,0.0,0.0,0.0,0.0,0.0,dng100_repeat
1129,720575941478281440,tergotrochanter_extensor,right,femur/tr extend,True,False,0.0,0.0,0.0,0.0,0.0,dng100_repeat
1144,720575941478577231,tibia_extensor_SETi,left,tibia extend,True,False,0.0,0.0,0.0,0.0,0.0,dng100_repeat
1163,720575941479472258,accessory_tibia_flexor_B,left,tibia flex,True,False,0.0,0.0,0.0,0.0,0.0,dng100_repeat
1221,720575941481179066,tibia_flexor_Fast,left,tibia flex,True,False,0.0,0.0,0.0,0.0,0.0,dng100_repeat
1239,720575941482407677,,right,tarsus control,False,False,0.0,0.0,0.0,0.0,0.0,dng100_repeat
1255,720575941483515389,trochanter_extensor_LinJ,left,femur/tr extend,True,False,0.0,0.0,0.0,0.0,0.0,dng100_repeat
1297,720575941485464130,,right,tarsus control,False,False,0.0,0.0,0.0,0.0,0.0,dng100_repeat
1299,720575941486064962,femur_reductor,left,femur reductor,True,False,0.0,0.0,0.0,0.0,0.0,dng100_repeat
1336,720575941488203209,long_tendon_muscle_B,right,substrate grip,True,False,0.0,0.0,0.0,0.0,0.0,dng100_repeat
1338,720575941488205769,tibia_flexor,left,tibia flex,True,False,0.0,0.0,0.0,0.0,0.0,dng100_repeat
1339,720575941488287797,tibia_extensor_FETi,right,tibia extend,True,False,0.0,0.0,0.0,0.0,0.0,dng100_repeat
1358,720575941489123047,long_tendon_muscle_B,left,substrate grip,True,False,0.0,0.0,0.0,0.0,0.0,dng100_repeat
1472,720575941494146176,accessory_tibia_flexor_B,right,tibia flex,True,False,0.0,0.0,0.0,0.0,0.0,dng100_repeat
1478,720575941494164864,pleural_remotor_and_abductor,left,coxa stance,True,False,0.0,0.0,0.0,0.0,0.0,dng100_repeat
1575,720575941498960546,tergopleural_promotor_pleural_promotor,left,coxa swing,True,True,5.09379080182709,3.3826956517904136,3.324028372087253,0.9996150135993958,15.15151560306549,dng100_repeat
1595,720575941499964555,sternal_adductor_ProAN,right,coxa swing,True,False,0.0,0.0,0.0,0.0,0.0,dng100_repeat
1628,720575941501926706,long_tendon_muscle_B,right,substrate grip,True,False,0.0,0.0,0.0,0.0,0.0,dng100_repeat
1629,720575941501929010,long_tendon_muscle_A,left,substrate grip,True,False,0.0,0.0,0.0,0.0,0.0,dng100_repeat
1693,720575941504354754,,right,tarsus control,False,False,0.0,0.0,0.0,0.0,0.0,dng100_repeat
1696,720575941504396567,trochanter_flexor_VProN,right,femur/tr flex,True,False,0.0,0.0,0.0,0.0,0.0,dng100_repeat
1726,720575941505204293,,left,tarsus control,False,False,0.0,0.0,0.0,0.0,0.0,dng100_repeat
1735,720575941505568069,trochanter_flexor_ProAN,right,femur/tr flex,True,False,0.0,0.0,0.0,0.0,0.0,dng100_repeat
1736,720575941505660801,long_tendon_muscle_B,left,substrate grip,True,False,0.0,0.0,0.0,0.0,0.0,dng100_repeat
1738,720575941505687234,,right,tarsus control,False,False,0.0,0.0,0.0,0.0,0.0,dng100_repeat
1761,720575941506261538,tergopleural_promotor_pleural_promotor,left,coxa swing,True,True,0.7662547598073639,0.33335490003800705,0.6987605685116156,0.9995269775390625,15.15151560306549,dng100_repeat
1776,720575941507031612,sternotrochanter_extensor,left,femur/tr extend,True,False,0.0,0.0,0.0,0.0,0.0,dng100_repeat
1821,720575941508205185,femur_reductor_tiny,left,femur reductor,True,False,0.0,0.0,0.0,0.0,0.0,dng100_repeat
1835,720575941508453761,trochanter_extensor,right,femur/tr extend,True,False,0.0,0.0,0.0,0.0,0.0,dng100_repeat
1866,720575941511197516,long_tendon_muscle_B_femur,right,substrate grip,True,False,0.0,0.0,0.0,0.0,0.0,dng100_repeat
1876,720575941511883985,trochanter_flexor_posterior_soma,left,femur/tr flex,True,False,0.0,0.0,0.0,0.0,0.0,dng100_repeat
1973,720575941515355795,accessory_tibia_flexor_A_out_of_bundle,left,tibia flex,True,False,0.0,0.0,0.0,0.0,0.0,dng100_repeat
2029,720575941516874094,sternotrochanter_extensor,left,femur/tr extend,True,False,0.0,0.0,0.0,0.0,0.0,dng100_repeat
2037,720575941517351161,,left,tarsus control,False,False,0.0,0.0,0.0,0.0,0.0,dng100_repeat
2048,720575941518133464,sternal_posterior_rotator,left,coxa stance,True,False,0.0,0.0,0.0,0.0,0.0,dng100_repeat
2049,720575941518204888,tergopleural_promotor_pleural_promotor_miller_28_30,right,coxa swing,True,False,0.0,0.0,0.0,0.0,0.0,dng100_repeat
2054,720575941518405998,,left,tarsus control,False,False,0.0,0.0,0.0,0.0,0.0,dng100_repeat
2055,720575941518431927,,right,tarsus control,False,False,0.0,0.0,0.0,0.0,0.0,dng100_repeat
2071,720575941518851694,trochanter_flexor_ProAN,left,femur/tr flex,True,False,0.0,0.0,0.0,0.0,0.0,dng100_repeat
2147,720575941522782967,,right,tarsus control,False,False,0.0,0.0,0.0,0.0,0.0,dng100_repeat
2158,720575941523368779,tergotrochanter_extensor,right,femur/tr extend,True,False,0.0,0.0,0.0,0.0,0.0,dng100_repeat
2184,720575941524365337,long_tendon_muscle_A,left,substrate grip,True,False,0.0,0.0,0.0,0.0,0.0,dng100_repeat
2193,720575941524746573,trochanter_flexor_VProN,left,femur/tr flex,True,False,0.0,0.0,0.0,0.0,0.0,dng100_repeat
2194,720575941524748877,long_tendon_muscle_B,left,substrate grip,True,False,0.0,0.0,0.0,0.0,0.0,dng100_repeat
2197,720575941524966169,long_tendon_muscle_A,right,substrate grip,True,False,0.0,0.0,0.0,0.0,0.0,dng100_repeat
2231,720575941526437988,accessory_tibia_flexor_A_slow,right,tibia flex,True,False,0.0,0.0,0.0,0.0,0.0,dng100_repeat
2268,720575941527171000,accessory_trochanter_flexor,right,femur/tr flex,True,False,0.0,0.0,0.0,0.0,0.0,dng100_repeat
2272,720575941527210680,,right,tarsus control,False,False,0.0,0.0,0.0,0.0,0.0,dng100_repeat
2277,720575941527458562,trochanter_flexor_ProAN,left,femur/tr flex,True,False,0.0,0.0,0.0,0.0,0.0,dng100_repeat
2282,720575941527847608,sternal_adductor,left,coxa swing,True,False,0.0,0.0,0.0,0.0,0.0,dng100_repeat
2338,720575941531180261,sternal_anterior_rotator_miller_31,right,coxa swing,True,False,0.0,0.0,0.0,0.0,0.0,dng100_repeat
2351,720575941531504357,accessory_trochanter_flexor_posterior_soma_ProLN,left,femur/tr flex,True,False,0.0,0.0,0.0,0.0,0.0,dng100_repeat
2357,720575941531923147,sternal_anterior_rotator,left,coxa swing,True,False,0.0,0.0,0.0,0.0,0.0,dng100_repeat
2367,720575941532418904,,right,tarsus control,False,False,0.0,0.0,0.0,0.0,0.0,dng100_repeat
2368,720575941532427754,trochanter_flexor_posterior_soma,left,femur/tr flex,True,False,0.0,0.0,0.0,0.0,0.0,dng100_repeat
2435,720575941534383235,,left,tarsus control,False,False,0.0,0.0,0.0,0.0,0.0,dng100_repeat
2523,720575941536923624,trochanter_flexor_ProAN,left,femur/tr flex,True,False,9.736350270016284e-05,1.2491042969146344e-06,9.736350270016284e-05,0.0,0.0,dng100_repeat
2563,720575941538128626,long_tendon_muscle_B,right,substrate grip,True,False,0.0,0.0,0.0,0.0,0.0,dng100_repeat
2595,720575941539539325,,right,tarsus control,False,False,0.0,0.0,0.0,0.0,0.0,dng100_repeat
2652,720575941542454876,tibia_flexor,left,tibia flex,True,False,0.0,0.0,0.0,0.0,0.0,dng100_repeat
2726,720575941545479868,accessory_trochanter_flexor,left,femur/tr flex,True,False,0.0,0.0,0.0,0.0,0.0,dng100_repeat
2767,720575941547393825,tibia_flexor,right,tibia flex,True,True,0.08828267854179099,0.0324614960255705,0.08353210838320102,0.9996219873428345,15.15151560306549,dng100_repeat
2793,720575941548546696,pleural_remotor_and_abductor,left,coxa stance,True,False,7.279904948059369e-06,7.742162251157446e-08,7.279904948059369e-06,0.0,0.0,dng100_repeat
2804,720575941549009663,sternal_posterior_rotator,left,coxa stance,True,False,0.0,0.0,0.0,0.0,0.0,dng100_repeat
2827,720575941549819710,accessory_tibia_flexor_B,right,tibia flex,True,False,0.0,0.0,0.0,0.0,0.0,dng100_repeat
2861,720575941551010695,tibia_flexor,right,tibia flex,True,False,0.0,0.0,0.0,0.0,0.0,dng100_repeat
2867,720575941551356570,trochanter_flexor_VProN,left,femur/tr flex,True,False,0.0,0.0,0.0,0.0,0.0,dng100_repeat
2927,720575941553597502,femur_reductor_tiny,right,femur reductor,True,False,0.0,0.0,0.0,0.0,0.0,dng100_repeat
2986,720575941556297811,tergopleural_promotor_pleural_promotor_miller_28_30,right,coxa swing,True,False,0.0,0.0,0.0,0.0,0.0,dng100_repeat
3024,720575941557543918,tibia_flexor,right,tibia flex,True,False,0.0,0.0,0.0,0.0,0.0,dng100_repeat
3067,720575941559281679,accessory_tibia_flexor_A,right,tibia flex,True,True,0.5937275413866925,0.29869857126662225,0.5187192648189511,0.9996770024299622,15.15151560306549,dng100_repeat
3082,720575941559978797,sternal_posterior_rotator_miller_32,right,coxa stance,True,False,0.0,0.0,0.0,0.0,0.0,dng100_repeat
3113,720575941561204626,femur_reductor,left,femur reductor,True,False,0.0,0.0,0.0,0.0,0.0,dng100_repeat
3181,720575941563237778,,right,tarsus control,False,False,0.0,0.0,0.0,0.0,0.0,dng100_repeat
3201,720575941563973174,femur_reductor_tiny,left,femur reductor,True,False,0.0,0.0,0.0,0.0,0.0,dng100_repeat
3227,720575941564818688,accessory_trochanter_flexor,right,femur/tr flex,True,False,0.0,0.0,0.0,0.0,0.0,dng100_repeat
3256,720575941565553920,accessory_tibia_flexor_C,right,tibia flex,True,False,0.0,0.0,0.0,0.0,0.0,dng100_repeat
3290,720575941566924135,femur_reductor_tiny,right,femur reductor,True,False,0.0,0.0,0.0,0.0,0.0,dng100_repeat
3309,720575941568546418,tergotrochanter_extensor,right,femur/tr extend,True,False,0.0,0.0,0.0,0.0,0.0,dng100_repeat
3310,720575941568724980,trochanter_flexor_VProN,left,femur/tr flex,True,False,0.0,0.0,0.0,0.0,0.0,dng100_repeat
3353,720575941570833736,accessory_tibia_flexor_B,left,tibia flex,True,False,0.0,0.0,0.0,0.0,0.0,dng100_repeat
3437,720575941573516296,accessory_trochanter_flexor_posterior_soma_ProLN,left,femur/tr flex,True,False,0.0,0.0,0.0,0.0,0.0,dng100_repeat
3452,720575941574013085,trochanter_flexor_posterior_soma_ProAN,right,femur/tr flex,True,False,0.0,0.0,0.0,0.0,0.0,dng100_repeat
3587,720575941579753849,trochanter_flexor_VProN,right,femur/tr flex,True,False,0.0,0.0,0.0,0.0,0.0,dng100_repeat
3608,720575941580731001,tibia_flexor,right,tibia flex,True,False,0.0,0.0,0.0,0.0,0.0,dng100_repeat
3627,720575941582911865,tergopleural_promotor_pleural_promotor,left,coxa swing,True,False,0.0,0.0,0.0,0.0,0.0,dng100_repeat
3633,720575941583323358,accessory_tibia_flexor_C,left,tibia flex,True,False,0.0,0.0,0.0,0.0,0.0,dng100_repeat
3735,720575941590014007,accessory_tibia_flexor_A_out_of_bundle,right,tibia flex,True,True,0.5649301744224431,0.2903558105368054,0.48333279960139114,0.9995650053024292,15.15151560306549,dng100_repeat
3748,720575941590872171,accessory_tibia_flexor_A,left,tibia flex,True,False,0.0,0.0,0.0,0.0,0.0,dng100_repeat
3765,720575941591831180,,,tarsus control,False,False,0.0,0.0,0.0,0.0,0.0,dng100_repeat
3771,720575941592225831,tergopleural_promotor_pleural_promotor_miller_28_30,right,coxa swing,True,False,0.0,0.0,0.0,0.0,0.0,dng100_repeat
3781,720575941592581671,long_tendon_muscle_A,right,substrate grip,True,False,0.0,0.0,0.0,0.0,0.0,dng100_repeat
3805,720575941593715569,pleural_remotor_and_abductor_miller_29,right,coxa stance,True,True,2.6501537056294726,2.4587269914158347,0.4004984699178382,0.9996830224990845,15.15151560306549,dng100_repeat
3808,720575941593802373,tergotrochanter_extensor,right,femur/tr extend,True,False,0.0,0.0,0.0,0.0,0.0,dng100_repeat
3809,720575941593843589,sternotrochanter_extensor,right,femur/tr extend,True,False,0.0,0.0,0.0,0.0,0.0,dng100_repeat
3861,720575941595712448,sternal_posterior_rotator_miller_32,right,coxa stance,True,False,0.0,0.0,0.0,0.0,0.0,dng100_repeat
3866,720575941595856540,accessory_tibia_flexor_B,left,tibia flex,True,False,0.0,0.0,0.0,0.0,0.0,dng100_repeat
3945,720575941603190006,,left,tarsus control,False,False,0.0,0.0,0.0,0.0,0.0,dng100_repeat
3974,720575941605019582,tibia_extensor_SETi,right,tibia extend,True,False,0.0,0.0,0.0,0.0,0.0,dng100_repeat
3983,720575941606629485,,left,tarsus control,False,False,0.0,0.0,0.0,0.0,0.0,dng100_repeat
3988,720575941607605101,,right,tarsus control,False,False,0.0,0.0,0.0,0.0,0.0,dng100_repeat
3994,720575941608273226,femur_reductor,right,femur reductor,True,False,0.0,0.0,0.0,0.0,0.0,dng100_repeat
4022,720575941610029642,accessory_tibia_flexor_B,left,tibia flex,True,False,0.0,0.0,0.0,0.0,0.0,dng100_repeat
4207,720575941623147978,accessory_trochanter_flexor,right,femur/tr flex,True,False,0.0,0.0,0.0,0.0,0.0,dng100_repeat
4210,720575941623218172,tibia_flexor_Fast,right,tibia flex,True,False,0.0,0.0,0.0,0.0,0.0,dng100_repeat
4262,720575941625808330,sternal_posterior_rotator,right,coxa stance,True,False,0.0,0.0,0.0,0.0,0.0,dng100_repeat
4301,720575941627155238,accessory_tibia_flexor_B,left,tibia flex,True,False,0.0,0.0,0.0,0.0,0.0,dng100_repeat
4355,720575941630873531,,right,tarsus control,False,False,0.0,0.0,0.0,0.0,0.0,dng100_repeat
4357,720575941630970604,accessory_tibia_flexor_A,right,tibia flex,True,False,0.0,0.0,0.0,0.0,0.0,dng100_repeat
4373,720575941631837856,femur_reductor,right,femur reductor,True,False,0.0,0.0,0.0,0.0,0.0,dng100_repeat
4419,720575941636735861,sternal_posterior_rotator_miller_32,right,coxa stance,True,False,0.0,0.0,0.0,0.0,0.0,dng100_repeat
4431,720575941639281525,tibia_extensor_FETi,left,tibia extend,True,False,0.0,0.0,0.0,0.0,0.0,dng100_repeat
4435,720575941639506207,tergotrochanter_extensor,left,femur/tr extend,True,False,0.0,0.0,0.0,0.0,0.0,dng100_repeat
4446,720575941640958053,long_tendon_muscle_B,right,substrate grip,True,False,0.0,0.0,0.0,0.0,0.0,dng100_repeat
4459,720575941642303944,tergotrochanter_extensor,left,femur/tr extend,True,False,0.0,0.0,0.0,0.0,0.0,dng100_repeat
4485,720575941643180901,accessory_tibia_flexor_A,left,tibia flex,True,False,0.0,0.0,0.0,0.0,0.0,dng100_repeat
4544,720575941649909489,femur_reductor,right,femur reductor,True,False,0.0,0.0,0.0,0.0,0.0,dng100_repeat
4555,720575941651501585,tibia_flexor,left,tibia flex,True,False,0.0,0.0,0.0,0.0,0.0,dng100_repeat
4639,720575941656372304,trochanter_flexor_VProN,right,femur/tr flex,True,False,0.0,0.0,0.0,0.0,0.0,dng100_repeat
4729,720575941667370739,tibia_flexor,left,tibia flex,True,False,0.0,0.0,0.0,0.0,0.0,dng100_repeat
4730,720575941667380979,sternotrochanter_extensor,right,femur/tr extend,True,False,0.0,0.0,0.0,0.0,0.0,dng100_repeat
4745,720575941668683687,tergopleural_promotor_pleural_promotor,left,coxa swing,True,False,0.0,0.0,0.0,0.0,0.0,dng100_repeat
4846,720575941689154828,,left,tarsus control,False,False,0.0,0.0,0.0,0.0,0.0,dng100_repeat
4880,720575941691007896,pleural_remotor_and_abductor_miller_29,right,coxa stance,True,False,0.0,0.0,0.0,0.0,0.0,dng100_repeat
4895,720575941692129243,sternal_anterior_rotator_miller_31,right,coxa swing,True,False,0.0,0.0,0.0,0.0,0.0,dng100_repeat
4926,720575941720479034,trochanter_extensor,left,femur/tr extend,True,False,0.0,0.0,0.0,0.0,0.0,dng100_repeat
8,720575941353301552,sternal_posterior_rotator_miller_32,right,coxa stance,True,False,0.0,0.0,0.0,0.0,0.0,dng100_tighter
31,720575941391252886,trochanter_flexor_posterior_soma_ProAN,right,femur/tr flex,True,False,0.0,0.0,0.0,0.0,0.0,dng100_tighter
58,720575941399414563,trochanter_flexor_ProAN,right,femur/tr flex,True,False,0.0,0.0,0.0,0.0,0.0,dng100_tighter
82,720575941402088304,sternal_posterior_rotator,left,coxa stance,True,False,0.0,0.0,0.0,0.0,0.0,dng100_tighter
108,720575941406488494,accessory_tibia_flexor_A,left,tibia flex,True,False,0.0,0.0,0.0,0.0,0.0,dng100_tighter
118,720575941408338862,tergotrochanter_extensor,left,femur/tr extend,True,False,0.0,0.0,0.0,0.0,0.0,dng100_tighter
156,720575941411709073,trochanter_extensor_LinJ,right,femur/tr extend,True,False,0.0,0.0,0.0,0.0,0.0,dng100_tighter
163,720575941411838612,long_tendon_muscle_B,left,substrate grip,True,False,0.0,0.0,0.0,0.0,0.0,dng100_tighter
245,720575941428654255,tergopleural_promotor_pleural_promotor_miller_28_30,right,coxa swing,True,False,0.0,0.0,0.0,0.0,0.0,dng100_tighter
265,720575941430029449,accessory_tibia_flexor_B,right,tibia flex,True,False,0.0,0.0,0.0,0.0,0.0,dng100_tighter
370,720575941434874912,,left,tarsus control,False,False,0.0,0.0,0.0,0.0,0.0,dng100_tighter
380,720575941435830546,long_tendon_muscle_B,left,substrate grip,True,False,0.0,0.0,0.0,0.0,0.0,dng100_tighter
488,720575941439622111,,right,tarsus control,False,False,0.0,0.0,0.0,0.0,0.0,dng100_tighter
490,720575941439667986,long_tendon_muscle_B_femur,right,substrate grip,True,False,0.0,0.0,0.0,0.0,0.0,dng100_tighter
512,720575941440649307,,left,tarsus control,False,False,0.0,0.0,0.0,0.0,0.0,dng100_tighter
594,720575941447846990,accessory_tibia_flexor_A,right,tibia flex,True,False,0.0,0.0,0.0,0.0,0.0,dng100_tighter
615,720575941448680285,,,tarsus control,False,False,0.0,0.0,0.0,0.0,0.0,dng100_tighter
616,720575941448798133,femur_reductor,right,femur reductor,True,False,0.0,0.0,0.0,0.0,0.0,dng100_tighter
641,720575941450546857,accessory_tibia_flexor_A,left,tibia flex,True,False,0.0,0.0,0.0,0.0,0.0,dng100_tighter
644,720575941450561358,trochanter_flexor_ProAN,right,femur/tr flex,True,False,0.0,0.0,0.0,0.0,0.0,dng100_tighter
680,720575941452885043,accessory_tibia_flexor_B,right,tibia flex,True,False,0.0,0.0,0.0,0.0,0.0,dng100_tighter
722,720575941455787245,sternal_anterior_rotator,left,coxa swing,True,False,0.0,0.0,0.0,0.0,0.0,dng100_tighter
797,720575941460703245,femur_reductor,left,femur reductor,True,False,0.0,0.0,0.0,0.0,0.0,dng100_tighter
813,720575941461333648,tergotrochanter_extensor,left,femur/tr extend,True,False,0.0,0.0,0.0,0.0,0.0,dng100_tighter
838,720575941463544077,,,tarsus control,False,False,0.0,0.0,0.0,0.0,0.0,dng100_tighter
847,720575941464194902,accessory_tibia_flexor_B,left,tibia flex,True,False,0.0,0.0,0.0,0.0,0.0,dng100_tighter
858,720575941464925462,long_tendon_muscle_B,left,substrate grip,True,False,0.0,0.0,0.0,0.0,0.0,dng100_tighter
912,720575941469045111,accessory_tibia_flexor_B,right,tibia flex,True,False,0.0,0.0,0.0,0.0,0.0,dng100_tighter
913,720575941469052535,femur_reductor,left,femur reductor,True,False,0.0,0.0,0.0,0.0,0.0,dng100_tighter
1086,720575941477010737,,right,tarsus control,False,False,0.0,0.0,0.0,0.0,0.0,dng100_tighter
1108,720575941477522794,,right,tarsus control,False,False,0.0,0.0,0.0,0.0,0.0,dng100_tighter
1129,720575941478281440,tergotrochanter_extensor,right,femur/tr extend,True,False,0.0,0.0,0.0,0.0,0.0,dng100_tighter
1144,720575941478577231,tibia_extensor_SETi,left,tibia extend,True,False,0.0,0.0,0.0,0.0,0.0,dng100_tighter
1163,720575941479472258,accessory_tibia_flexor_B,left,tibia flex,True,False,0.0,0.0,0.0,0.0,0.0,dng100_tighter
1221,720575941481179066,tibia_flexor_Fast,left,tibia flex,True,False,0.0,0.0,0.0,0.0,0.0,dng100_tighter
1239,720575941482407677,,right,tarsus control,False,False,0.0,0.0,0.0,0.0,0.0,dng100_tighter
1255,720575941483515389,trochanter_extensor_LinJ,left,femur/tr extend,True,False,0.0,0.0,0.0,0.0,0.0,dng100_tighter
1297,720575941485464130,,right,tarsus control,False,False,0.0,0.0,0.0,0.0,0.0,dng100_tighter
1299,720575941486064962,femur_reductor,left,femur reductor,True,False,0.0,0.0,0.0,0.0,0.0,dng100_tighter
1336,720575941488203209,long_tendon_muscle_B,right,substrate grip,True,False,0.0,0.0,0.0,0.0,0.0,dng100_tighter
1338,720575941488205769,tibia_flexor,left,tibia flex,True,False,0.0,0.0,0.0,0.0,0.0,dng100_tighter
1339,720575941488287797,tibia_extensor_FETi,right,tibia extend,True,False,0.0,0.0,0.0,0.0,0.0,dng100_tighter
1358,720575941489123047,long_tendon_muscle_B,left,substrate grip,True,False,0.0,0.0,0.0,0.0,0.0,dng100_tighter
1472,720575941494146176,accessory_tibia_flexor_B,right,tibia flex,True,False,0.0,0.0,0.0,0.0,0.0,dng100_tighter
1478,720575941494164864,pleural_remotor_and_abductor,left,coxa stance,True,False,0.0,0.0,0.0,0.0,0.0,dng100_tighter
1575,720575941498960546,tergopleural_promotor_pleural_promotor,left,coxa swing,True,True,5.093183475199249,3.3828104123432374,3.322377594052183,0.9996079802513123,15.15151560306549,dng100_tighter
1595,720575941499964555,sternal_adductor_ProAN,right,coxa swing,True,False,0.0,0.0,0.0,0.0,0.0,dng100_tighter
1628,720575941501926706,long_tendon_muscle_B,right,substrate grip,True,False,0.0,0.0,0.0,0.0,0.0,dng100_tighter
1629,720575941501929010,long_tendon_muscle_A,left,substrate grip,True,False,0.0,0.0,0.0,0.0,0.0,dng100_tighter
1693,720575941504354754,,right,tarsus control,False,False,0.0,0.0,0.0,0.0,0.0,dng100_tighter
1696,720575941504396567,trochanter_flexor_VProN,right,femur/tr flex,True,False,0.0,0.0,0.0,0.0,0.0,dng100_tighter
1726,720575941505204293,,left,tarsus control,False,False,0.0,0.0,0.0,0.0,0.0,dng100_tighter
1735,720575941505568069,trochanter_flexor_ProAN,right,femur/tr flex,True,False,0.0,0.0,0.0,0.0,0.0,dng100_tighter
1736,720575941505660801,long_tendon_muscle_B,left,substrate grip,True,False,0.0,0.0,0.0,0.0,0.0,dng100_tighter
1738,720575941505687234,,right,tarsus control,False,False,0.0,0.0,0.0,0.0,0.0,dng100_tighter
1761,720575941506261538,tergopleural_promotor_pleural_promotor,left,coxa swing,True,True,0.7656396559448588,0.33336807114827866,0.6980512727186194,0.9995009899139404,15.15151560306549,dng100_tighter
1776,720575941507031612,sternotrochanter_extensor,left,femur/tr extend,True,False,0.0,0.0,0.0,0.0,0.0,dng100_tighter
1821,720575941508205185,femur_reductor_tiny,left,femur reductor,True,False,0.0,0.0,0.0,0.0,0.0,dng100_tighter
1835,720575941508453761,trochanter_extensor,right,femur/tr extend,True,False,0.0,0.0,0.0,0.0,0.0,dng100_tighter
1866,720575941511197516,long_tendon_muscle_B_femur,right,substrate grip,True,False,0.0,0.0,0.0,0.0,0.0,dng100_tighter
1876,720575941511883985,trochanter_flexor_posterior_soma,left,femur/tr flex,True,False,0.0,0.0,0.0,0.0,0.0,dng100_tighter
1973,720575941515355795,accessory_tibia_flexor_A_out_of_bundle,left,tibia flex,True,False,0.0,0.0,0.0,0.0,0.0,dng100_tighter
2029,720575941516874094,sternotrochanter_extensor,left,femur/tr extend,True,False,0.0,0.0,0.0,0.0,0.0,dng100_tighter
2037,720575941517351161,,left,tarsus control,False,False,0.0,0.0,0.0,0.0,0.0,dng100_tighter
2048,720575941518133464,sternal_posterior_rotator,left,coxa stance,True,False,0.0,0.0,0.0,0.0,0.0,dng100_tighter
2049,720575941518204888,tergopleural_promotor_pleural_promotor_miller_28_30,right,coxa swing,True,False,0.0,0.0,0.0,0.0,0.0,dng100_tighter
2054,720575941518405998,,left,tarsus control,False,False,0.0,0.0,0.0,0.0,0.0,dng100_tighter
2055,720575941518431927,,right,tarsus control,False,False,0.0,0.0,0.0,0.0,0.0,dng100_tighter
2071,720575941518851694,trochanter_flexor_ProAN,left,femur/tr flex,True,False,0.0,0.0,0.0,0.0,0.0,dng100_tighter
2147,720575941522782967,,right,tarsus control,False,False,0.0,0.0,0.0,0.0,0.0,dng100_tighter
2158,720575941523368779,tergotrochanter_extensor,right,femur/tr extend,True,False,0.0,0.0,0.0,0.0,0.0,dng100_tighter
2184,720575941524365337,long_tendon_muscle_A,left,substrate grip,True,False,0.0,0.0,0.0,0.0,0.0,dng100_tighter
2193,720575941524746573,trochanter_flexor_VProN,left,femur/tr flex,True,False,0.0,0.0,0.0,0.0,0.0,dng100_tighter
2194,720575941524748877,long_tendon_muscle_B,left,substrate grip,True,False,0.0,0.0,0.0,0.0,0.0,dng100_tighter
2197,720575941524966169,long_tendon_muscle_A,right,substrate grip,True,False,0.0,0.0,0.0,0.0,0.0,dng100_tighter
2231,720575941526437988,accessory_tibia_flexor_A_slow,right,tibia flex,True,False,0.0,0.0,0.0,0.0,0.0,dng100_tighter
2268,720575941527171000,accessory_trochanter_flexor,right,femur/tr flex,True,False,0.0,0.0,0.0,0.0,0.0,dng100_tighter
2272,720575941527210680,,right,tarsus control,False,False,0.0,0.0,0.0,0.0,0.0,dng100_tighter
2277,720575941527458562,trochanter_flexor_ProAN,left,femur/tr flex,True,False,0.0,0.0,0.0,0.0,0.0,dng100_tighter
2282,720575941527847608,sternal_adductor,left,coxa swing,True,False,0.0,0.0,0.0,0.0,0.0,dng100_tighter
2338,720575941531180261,sternal_anterior_rotator_miller_31,right,coxa swing,True,False,0.0,0.0,0.0,0.0,0.0,dng100_tighter
2351,720575941531504357,accessory_trochanter_flexor_posterior_soma_ProLN,left,femur/tr flex,True,False,0.0,0.0,0.0,0.0,0.0,dng100_tighter
2357,720575941531923147,sternal_anterior_rotator,left,coxa swing,True,False,0.0,0.0,0.0,0.0,0.0,dng100_tighter
2367,720575941532418904,,right,tarsus control,False,False,0.0,0.0,0.0,0.0,0.0,dng100_tighter
2368,720575941532427754,trochanter_flexor_posterior_soma,left,femur/tr flex,True,False,0.0,0.0,0.0,0.0,0.0,dng100_tighter
2435,720575941534383235,,left,tarsus control,False,False,0.0,0.0,0.0,0.0,0.0,dng100_tighter
2523,720575941536923624,trochanter_flexor_ProAN,left,femur/tr flex,True,False,9.72802782916942e-05,1.2480365817069555e-06,9.72802782916942e-05,0.0,0.0,dng100_tighter
2563,720575941538128626,long_tendon_muscle_B,right,substrate grip,True,False,0.0,0.0,0.0,0.0,0.0,dng100_tighter
2595,720575941539539325,,right,tarsus control,False,False,0.0,0.0,0.0,0.0,0.0,dng100_tighter
2652,720575941542454876,tibia_flexor,left,tibia flex,True,False,0.0,0.0,0.0,0.0,0.0,dng100_tighter
2726,720575941545479868,accessory_trochanter_flexor,left,femur/tr flex,True,False,0.0,0.0,0.0,0.0,0.0,dng100_tighter
2767,720575941547393825,tibia_flexor,right,tibia flex,True,True,0.08838895837926554,0.03246559555379742,0.08361504797242177,0.999642014503479,15.15151560306549,dng100_tighter
2793,720575941548546696,pleural_remotor_and_abductor,left,coxa stance,True,False,7.280835319498236e-06,7.743151623774977e-08,7.280835319498236e-06,0.0,0.0,dng100_tighter
2804,720575941549009663,sternal_posterior_rotator,left,coxa stance,True,False,0.0,0.0,0.0,0.0,0.0,dng100_tighter
2827,720575941549819710,accessory_tibia_flexor_B,right,tibia flex,True,False,0.0,0.0,0.0,0.0,0.0,dng100_tighter
2861,720575941551010695,tibia_flexor,right,tibia flex,True,False,0.0,0.0,0.0,0.0,0.0,dng100_tighter
2867,720575941551356570,trochanter_flexor_VProN,left,femur/tr flex,True,False,0.0,0.0,0.0,0.0,0.0,dng100_tighter
2927,720575941553597502,femur_reductor_tiny,right,femur reductor,True,False,0.0,0.0,0.0,0.0,0.0,dng100_tighter
2986,720575941556297811,tergopleural_promotor_pleural_promotor_miller_28_30,right,coxa swing,True,False,0.0,0.0,0.0,0.0,0.0,dng100_tighter
3024,720575941557543918,tibia_flexor,right,tibia flex,True,False,0.0,0.0,0.0,0.0,0.0,dng100_tighter
3067,720575941559281679,accessory_tibia_flexor_A,right,tibia flex,True,True,0.5939502844845547,0.29874634627332136,0.5188430977144874,0.9996650218963623,15.15151560306549,dng100_tighter
3082,720575941559978797,sternal_posterior_rotator_miller_32,right,coxa stance,True,False,0.0,0.0,0.0,0.0,0.0,dng100_tighter
3113,720575941561204626,femur_reductor,left,femur reductor,True,False,0.0,0.0,0.0,0.0,0.0,dng100_tighter
3181,720575941563237778,,right,tarsus control,False,False,0.0,0.0,0.0,0.0,0.0,dng100_tighter
3201,720575941563973174,femur_reductor_tiny,left,femur reductor,True,False,0.0,0.0,0.0,0.0,0.0,dng100_tighter
3227,720575941564818688,accessory_trochanter_flexor,right,femur/tr flex,True,False,0.0,0.0,0.0,0.0,0.0,dng100_tighter
3256,720575941565553920,accessory_tibia_flexor_C,right,tibia flex,True,False,0.0,0.0,0.0,0.0,0.0,dng100_tighter
3290,720575941566924135,femur_reductor_tiny,right,femur reductor,True,False,0.0,0.0,0.0,0.0,0.0,dng100_tighter
3309,720575941568546418,tergotrochanter_extensor,right,femur/tr extend,True,False,0.0,0.0,0.0,0.0,0.0,dng100_tighter
3310,720575941568724980,trochanter_flexor_VProN,left,femur/tr flex,True,False,0.0,0.0,0.0,0.0,0.0,dng100_tighter
3353,720575941570833736,accessory_tibia_flexor_B,left,tibia flex,True,False,0.0,0.0,0.0,0.0,0.0,dng100_tighter
3437,720575941573516296,accessory_trochanter_flexor_posterior_soma_ProLN,left,femur/tr flex,True,False,0.0,0.0,0.0,0.0,0.0,dng100_tighter
3452,720575941574013085,trochanter_flexor_posterior_soma_ProAN,right,femur/tr flex,True,False,0.0,0.0,0.0,0.0,0.0,dng100_tighter
3587,720575941579753849,trochanter_flexor_VProN,right,femur/tr flex,True,False,0.0,0.0,0.0,0.0,0.0,dng100_tighter
3608,720575941580731001,tibia_flexor,right,tibia flex,True,False,0.0,0.0,0.0,0.0,0.0,dng100_tighter
3627,720575941582911865,tergopleural_promotor_pleural_promotor,left,coxa swing,True,False,0.0,0.0,0.0,0.0,0.0,dng100_tighter
3633,720575941583323358,accessory_tibia_flexor_C,left,tibia flex,True,False,0.0,0.0,0.0,0.0,0.0,dng100_tighter
3735,720575941590014007,accessory_tibia_flexor_A_out_of_bundle,right,tibia flex,True,True,0.564743323948249,0.290380067395587,0.4830372880640076,0.9995779991149902,15.15151560306549,dng100_tighter
3748,720575941590872171,accessory_tibia_flexor_A,left,tibia flex,True,False,0.0,0.0,0.0,0.0,0.0,dng100_tighter
3765,720575941591831180,,,tarsus control,False,False,0.0,0.0,0.0,0.0,0.0,dng100_tighter
3771,720575941592225831,tergopleural_promotor_pleural_promotor_miller_28_30,right,coxa swing,True,False,0.0,0.0,0.0,0.0,0.0,dng100_tighter
3781,720575941592581671,long_tendon_muscle_A,right,substrate grip,True,False,0.0,0.0,0.0,0.0,0.0,dng100_tighter
3805,720575941593715569,pleural_remotor_and_abductor_miller_29,right,coxa stance,True,True,2.6503206389334597,2.4587721829429,0.40031257200670645,0.9996749758720398,15.15151560306549,dng100_tighter
3808,720575941593802373,tergotrochanter_extensor,right,femur/tr extend,True,False,0.0,0.0,0.0,0.0,0.0,dng100_tighter
3809,720575941593843589,sternotrochanter_extensor,right,femur/tr extend,True,False,0.0,0.0,0.0,0.0,0.0,dng100_tighter
3861,720575941595712448,sternal_posterior_rotator_miller_32,right,coxa stance,True,False,0.0,0.0,0.0,0.0,0.0,dng100_tighter
3866,720575941595856540,accessory_tibia_flexor_B,left,tibia flex,True,False,0.0,0.0,0.0,0.0,0.0,dng100_tighter
3945,720575941603190006,,left,tarsus control,False,False,0.0,0.0,0.0,0.0,0.0,dng100_tighter
3974,720575941605019582,tibia_extensor_SETi,right,tibia extend,True,False,0.0,0.0,0.0,0.0,0.0,dng100_tighter
3983,720575941606629485,,left,tarsus control,False,False,0.0,0.0,0.0,0.0,0.0,dng100_tighter
3988,720575941607605101,,right,tarsus control,False,False,0.0,0.0,0.0,0.0,0.0,dng100_tighter
3994,720575941608273226,femur_reductor,right,femur reductor,True,False,0.0,0.0,0.0,0.0,0.0,dng100_tighter
4022,720575941610029642,accessory_tibia_flexor_B,left,tibia flex,True,False,0.0,0.0,0.0,0.0,0.0,dng100_tighter
4207,720575941623147978,accessory_trochanter_flexor,right,femur/tr flex,True,False,0.0,0.0,0.0,0.0,0.0,dng100_tighter
4210,720575941623218172,tibia_flexor_Fast,right,tibia flex,True,False,0.0,0.0,0.0,0.0,0.0,dng100_tighter
4262,720575941625808330,sternal_posterior_rotator,right,coxa stance,True,False,0.0,0.0,0.0,0.0,0.0,dng100_tighter
4301,720575941627155238,accessory_tibia_flexor_B,left,tibia flex,True,False,0.0,0.0,0.0,0.0,0.0,dng100_tighter
4355,720575941630873531,,right,tarsus control,False,False,0.0,0.0,0.0,0.0,0.0,dng100_tighter
4357,720575941630970604,accessory_tibia_flexor_A,right,tibia flex,True,False,0.0,0.0,0.0,0.0,0.0,dng100_tighter
4373,720575941631837856,femur_reductor,right,femur reductor,True,False,0.0,0.0,0.0,0.0,0.0,dng100_tighter
4419,720575941636735861,sternal_posterior_rotator_miller_32,right,coxa stance,True,False,0.0,0.0,0.0,0.0,0.0,dng100_tighter
4431,720575941639281525,tibia_extensor_FETi,left,tibia extend,True,False,0.0,0.0,0.0,0.0,0.0,dng100_tighter
4435,720575941639506207,tergotrochanter_extensor,left,femur/tr extend,True,False,0.0,0.0,0.0,0.0,0.0,dng100_tighter
4446,720575941640958053,long_tendon_muscle_B,right,substrate grip,True,False,0.0,0.0,0.0,0.0,0.0,dng100_tighter
4459,720575941642303944,tergotrochanter_extensor,left,femur/tr extend,True,False,0.0,0.0,0.0,0.0,0.0,dng100_tighter
4485,720575941643180901,accessory_tibia_flexor_A,left,tibia flex,True,False,0.0,0.0,0.0,0.0,0.0,dng100_tighter
4544,720575941649909489,femur_reductor,right,femur reductor,True,False,0.0,0.0,0.0,0.0,0.0,dng100_tighter
4555,720575941651501585,tibia_flexor,left,tibia flex,True,False,0.0,0.0,0.0,0.0,0.0,dng100_tighter
4639,720575941656372304,trochanter_flexor_VProN,right,femur/tr flex,True,False,0.0,0.0,0.0,0.0,0.0,dng100_tighter
4729,720575941667370739,tibia_flexor,left,tibia flex,True,False,0.0,0.0,0.0,0.0,0.0,dng100_tighter
4730,720575941667380979,sternotrochanter_extensor,right,femur/tr extend,True,False,0.0,0.0,0.0,0.0,0.0,dng100_tighter
4745,720575941668683687,tergopleural_promotor_pleural_promotor,left,coxa swing,True,False,0.0,0.0,0.0,0.0,0.0,dng100_tighter
4846,720575941689154828,,left,tarsus control,False,False,0.0,0.0,0.0,0.0,0.0,dng100_tighter
4880,720575941691007896,pleural_remotor_and_abductor_miller_29,right,coxa stance,True,False,0.0,0.0,0.0,0.0,0.0,dng100_tighter
4895,720575941692129243,sternal_anterior_rotator_miller_31,right,coxa swing,True,False,0.0,0.0,0.0,0.0,0.0,dng100_tighter
4926,720575941720479034,trochanter_extensor,left,femur/tr extend,True,False,0.0,0.0,0.0,0.0,0.0,dng100_tighter
