id,cellType,sourceSide,nerve,superClass,cellClass,proofread,ntVerified,ntPredicted,biologicalOutputSign,bodyPart,peripheralStructure,sourceFunction,sourceFunctionDetailed,sourceSubclass,proprioceptorCandidate,tuningPolarity,phaseResponse,strainGain,sourceId,fancMatch
720575941352077104,SNta08,right,right_anterior_dorsal_mesothoracic_nerve,sensory,bristle_neuron,True,,acetylcholine,,wing_margin,bristle,tactile,,wing_margin_bristle_neuron,False,,,,banc_meta,1994
720575941390363396,SNta03,right,right_dorsal_metathoracic_nerve,sensory,bristle_neuron,True,,acetylcholine,,haltere,bristle,tactile,,haltere_bristle_neuron,False,,,,banc_meta,
720575941390787076,WG2,left,left_anterior_dorsal_mesothoracic_nerve,sensory,taste_bristle_gustatory_neuron,True,,acetylcholine,,wing_margin,taste_bristle,gustatory,"sugar, Gr43a, Gr64f, Gr5a",wing_margin_taste_bristle_gustatory_neuron,False,,,,banc_meta,
720575941391859716,SNta04,right,right_anterior_dorsal_mesothoracic_nerve,sensory,bristle_neuron,True,,acetylcholine,,wing_margin,bristle,tactile,,wing_margin_bristle_neuron,False,,,,banc_meta,
720575941391962628,SNta04,right,right_anterior_dorsal_mesothoracic_nerve,sensory,bristle_neuron,True,,acetylcholine,,wing_margin,bristle,tactile,,wing_margin_bristle_neuron,False,,,,banc_meta,
720575941391991044,WG2,right,right_anterior_dorsal_mesothoracic_nerve,sensory,taste_bristle_gustatory_neuron,True,,acetylcholine,,wing_margin,taste_bristle,gustatory,"sugar, Gr43a, Gr64f, Gr5a",wing_margin_taste_bristle_gustatory_neuron,False,,,,banc_meta,2374
720575941392289028,WG2,right,right_anterior_dorsal_mesothoracic_nerve,sensory,taste_bristle_gustatory_neuron,True,,acetylcholine,,wing_margin,taste_bristle,gustatory,"sugar, Gr43a, Gr64f, Gr5a",wing_margin_taste_bristle_gustatory_neuron,False,,,,banc_meta,2505
720575941392556438,WG2,left,left_anterior_dorsal_mesothoracic_nerve,sensory,taste_bristle_gustatory_neuron,True,,acetylcholine,,wing_margin,taste_bristle,gustatory,"sugar, Gr43a, Gr64f, Gr5a",wing_margin_taste_bristle_gustatory_neuron,False,,,,banc_meta,
720575941392562948,WG3,right,right_anterior_dorsal_mesothoracic_nerve,sensory,taste_bristle_gustatory_neuron,True,,acetylcholine,,wing_margin,taste_bristle,gustatory,"ppk23, ppk25",wing_margin_taste_bristle_gustatory_neuron,False,,,,banc_meta,2374
720575941393102998,SNpp08,right,right_anterior_dorsal_mesothoracic_nerve,sensory,campaniform_sensillum_neuron,True,,acetylcholine,,wing_base,campaniform_sensillum,proprioception,mechanical_strain,wing_base_campaniform_sensillum_neuron,True,,,,banc_meta,
720575941393364996,anterior_dorsal_mesothoracic_nerve_sensory,right,right_anterior_dorsal_mesothoracic_nerve,sensory,,True,,,,wing,,,,,False,,,,banc_meta,
720575941400580387,WG2,right,right_anterior_dorsal_mesothoracic_nerve,sensory,taste_bristle_gustatory_neuron,True,,acetylcholine,,wing_margin,taste_bristle,gustatory,"sugar, Gr43a, Gr64f, Gr5a",wing_margin_taste_bristle_gustatory_neuron,False,,,,banc_meta,2374
720575941400682275,anterior_dorsal_mesothoracic_nerve_cut,left,left_anterior_dorsal_mesothoracic_nerve,sensory,,True,,,,wing,,,,,False,,,,banc_meta,
720575941400903203,anterior_dorsal_mesothoracic_nerve_cut,right,right_anterior_dorsal_mesothoracic_nerve,sensory,,True,,,,wing,,,,,False,,,,banc_meta,
720575941402023280,SNpp28,right,right_anterior_dorsal_mesothoracic_nerve,sensory,campaniform_sensillum_neuron,True,,acetylcholine,,wing_tegula,campaniform_sensillum,proprioception,mechanical_strain,wing_tegula_campaniform_sensillum_neuron,True,,,,banc_meta,
720575941402398832,anterior_dorsal_mesothoracic_nerve_cut,left,left_anterior_dorsal_mesothoracic_nerve,sensory,,True,,,,wing,,,,,False,,,,banc_meta,
720575941404386160,SNta04,right,right_anterior_dorsal_mesothoracic_nerve,sensory,bristle_neuron,True,,acetylcholine,,wing_margin,bristle,tactile,,wing_margin_bristle_neuron,False,,,,banc_meta,2324
720575941405810862,WG4,right,right_anterior_dorsal_mesothoracic_nerve,sensory,taste_bristle_gustatory_neuron,True,,acetylcholine,,wing_margin,taste_bristle,gustatory,ppk23,wing_margin_taste_bristle_gustatory_neuron,False,,,,banc_meta,2393
720575941406059120,WG4,right,right_anterior_dorsal_mesothoracic_nerve,sensory,taste_bristle_gustatory_neuron,True,,acetylcholine,,wing_margin,taste_bristle,gustatory,ppk23,wing_margin_taste_bristle_gustatory_neuron,False,,,,banc_meta,
720575941406945839,WG4,right,right_anterior_dorsal_mesothoracic_nerve,sensory,taste_bristle_gustatory_neuron,True,,glutamate,,wing_margin,taste_bristle,gustatory,ppk23,wing_margin_taste_bristle_gustatory_neuron,False,,,,banc_meta,2505
720575941407056558,SNpp61,left,left_anterior_dorsal_mesothoracic_nerve,sensory,chordotonal_organ_neuron,True,,acetylcholine,,wing_base,chordotonal_organ,proprioception,vibro_position,wing_base_chordotonal_organ_neuron,True,,,,banc_meta,
720575941407414319,SNpp29,right,right_anterior_dorsal_mesothoracic_nerve,sensory,chordotonal_organ_neuron,True,,acetylcholine,,wing_base,chordotonal_organ,proprioception,vibro_position,wing_base_chordotonal_organ_neuron,True,,,,banc_meta,
720575941407590574,anterior_dorsal_mesothoracic_nerve,left,left_anterior_dorsal_mesothoracic_nerve,sensory,,True,,,,wing,,,,,False,,,,banc_meta,
720575941408453423,WG2,left,left_anterior_dorsal_mesothoracic_nerve,sensory,taste_bristle_gustatory_neuron,True,,acetylcholine,,wing_margin,taste_bristle,gustatory,"sugar, Gr43a, Gr64f, Gr5a",wing_margin_taste_bristle_gustatory_neuron,False,,,,banc_meta,
720575941408677035,anterior_dorsal_mesothoracic_nerve_cut,left,left_anterior_dorsal_mesothoracic_nerve,sensory,,True,,,,wing,,,,,False,,,,banc_meta,
720575941409262895,SNpp62,right,right_anterior_dorsal_mesothoracic_nerve,sensory,chordotonal_organ_neuron,True,,acetylcholine,,wing_base,chordotonal_organ,proprioception,vibro_position,wing_base_chordotonal_organ_neuron,True,,,,banc_meta,2453
720575941409703342,SNta11,left,left_anterior_dorsal_mesothoracic_nerve,sensory,bristle_neuron,True,,acetylcholine,,wing_margin,bristle,tactile,,wing_margin_bristle_neuron,False,,,,banc_meta,
720575941409945647,SNta11,right,right_anterior_dorsal_mesothoracic_nerve,sensory,bristle_neuron,True,,acetylcholine,,wing_margin,bristle,tactile,,wing_margin_bristle_neuron,False,,,,banc_meta,
720575941410208111,SNpp26,left,left_anterior_dorsal_mesothoracic_nerve,sensory,campaniform_sensillum_neuron,True,,acetylcholine,,wing_base,campaniform_sensillum,proprioception,mechanical_strain,wing_base_campaniform_sensillum_neuron,True,,,,banc_meta,2633
720575941410219179,SNta11,left,left_anterior_dorsal_mesothoracic_nerve,sensory,bristle_neuron,True,,acetylcholine,,wing_margin,bristle,tactile,,wing_margin_bristle_neuron,False,,,,banc_meta,2540
720575941410573935,WG3,left,left_anterior_dorsal_mesothoracic_nerve,sensory,taste_bristle_gustatory_neuron,True,,glutamate,,wing_margin,taste_bristle,gustatory,"ppk23, ppk25",wing_margin_taste_bristle_gustatory_neuron,False,,,,banc_meta,
720575941411673233,anterior_dorsal_mesothoracic_nerve_sensory,left,left_anterior_dorsal_mesothoracic_nerve,sensory,,False,,,,wing,,,,,False,,,,banc_meta,
720575941411767407,anterior_dorsal_mesothoracic_nerve_cut,left,left_anterior_dorsal_mesothoracic_nerve,sensory,,True,,,,wing,,,,,False,,,,banc_meta,
720575941411855508,SNta03,right,right_dorsal_metathoracic_nerve,sensory,bristle_neuron,True,,acetylcholine,,haltere,bristle,tactile,,haltere_bristle_neuron,False,,,,banc_meta,
720575941411902609,SNpp28,left,left_anterior_dorsal_mesothoracic_nerve,sensory,campaniform_sensillum_neuron,True,,acetylcholine,,wing_tegula,campaniform_sensillum,proprioception,mechanical_strain,wing_tegula_campaniform_sensillum_neuron,True,,,,banc_meta,
720575941413645972,SNpp07,right,right_anterior_dorsal_mesothoracic_nerve,sensory,chordotonal_organ_neuron,True,,acetylcholine,,wing_tegula,chordotonal_organ,proprioception,vibro_position,wing_tegula_chordotonal_organ_neuron,True,,,,banc_meta,2070
720575941413878044,WG3,right,right_anterior_dorsal_mesothoracic_nerve,sensory,taste_bristle_gustatory_neuron,True,,glutamate,,wing_margin,taste_bristle,gustatory,"ppk23, ppk25",wing_margin_taste_bristle_gustatory_neuron,False,,,,banc_meta,2505
720575941414947217,SNta11,right,right_anterior_dorsal_mesothoracic_nerve,sensory,bristle_neuron,True,,acetylcholine,,wing_margin,bristle,tactile,,wing_margin_bristle_neuron,False,,,,banc_meta,2497
720575941415463708,WG2,left,left_anterior_dorsal_mesothoracic_nerve,sensory,taste_bristle_gustatory_neuron,True,,acetylcholine,,wing_margin,taste_bristle,gustatory,"sugar, Gr43a, Gr64f, Gr5a",wing_margin_taste_bristle_gustatory_neuron,False,,,,banc_meta,
720575941415683100,WG2,right,right_anterior_dorsal_mesothoracic_nerve,sensory,taste_bristle_gustatory_neuron,True,,acetylcholine,,wing_margin,taste_bristle,gustatory,"sugar, Gr43a, Gr64f, Gr5a",wing_margin_taste_bristle_gustatory_neuron,False,,,,banc_meta,2267
720575941415718940,anterior_dorsal_mesothoracic_nerve_cut,left,left_anterior_dorsal_mesothoracic_nerve,sensory,,True,,,,wing,,,,,False,,,,banc_meta,
720575941415743121,WG2,left,left_anterior_dorsal_mesothoracic_nerve,sensory,taste_bristle_gustatory_neuron,True,,acetylcholine,,wing_margin,taste_bristle,gustatory,"sugar, Gr43a, Gr64f, Gr5a",wing_margin_taste_bristle_gustatory_neuron,False,,,,banc_meta,2556
720575941425239892,SNpp28,left,left_anterior_dorsal_mesothoracic_nerve,sensory,campaniform_sensillum_neuron,True,,acetylcholine,,wing_tegula,campaniform_sensillum,proprioception,mechanical_strain,wing_tegula_campaniform_sensillum_neuron,True,,,,banc_meta,2563
720575941425373012,anterior_dorsal_mesothoracic_nerve_cut,left,left_anterior_dorsal_mesothoracic_nerve,sensory,,True,,,,wing,,,,,False,,,,banc_meta,
720575941426786388,WG2,right,right_anterior_dorsal_mesothoracic_nerve,sensory,taste_bristle_gustatory_neuron,True,,acetylcholine,,wing_margin,taste_bristle,gustatory,"sugar, Gr43a, Gr64f, Gr5a",wing_margin_taste_bristle_gustatory_neuron,False,,,,banc_meta,
720575941426794836,WG2,left,left_anterior_dorsal_mesothoracic_nerve,sensory,taste_bristle_gustatory_neuron,True,,acetylcholine,,wing_margin,taste_bristle,gustatory,"sugar, Gr43a, Gr64f, Gr5a",wing_margin_taste_bristle_gustatory_neuron,False,,,,banc_meta,2842
720575941426814292,anterior_dorsal_mesothoracic_nerve_sensory,left,left_anterior_dorsal_mesothoracic_nerve,sensory,,False,,,,wing,,,,,False,,,,banc_meta,
720575941428236792,SNpp06,right,right_anterior_dorsal_mesothoracic_nerve,sensory,campaniform_sensillum_neuron,True,,acetylcholine,,wing_base,campaniform_sensillum,proprioception,mechanical_strain,wing_base_campaniform_sensillum_neuron,True,,,,banc_meta,
720575941428400265,WG2,right,right_anterior_dorsal_mesothoracic_nerve,sensory,taste_bristle_gustatory_neuron,True,,acetylcholine,,wing_margin,taste_bristle,gustatory,"sugar, Gr43a, Gr64f, Gr5a",wing_margin_taste_bristle_gustatory_neuron,False,,,,banc_meta,2283
720575941428533496,anterior_dorsal_mesothoracic_nerve_cut,left,left_anterior_dorsal_mesothoracic_nerve,sensory,,False,,,,wing,,,,,False,,,,banc_meta,
720575941428754936,SNta04,left,left_anterior_dorsal_mesothoracic_nerve,sensory,bristle_neuron,True,,acetylcholine,,wing_margin,bristle,tactile,,wing_margin_bristle_neuron,False,,,,banc_meta,
720575941428843951,SNta04,left,left_anterior_dorsal_mesothoracic_nerve,sensory,bristle_neuron,True,,acetylcholine,,wing_margin,bristle,tactile,,wing_margin_bristle_neuron,False,,,,banc_meta,2661
720575941428888495,WG3,left,left_anterior_dorsal_mesothoracic_nerve,sensory,taste_bristle_gustatory_neuron,True,,glutamate,,wing_margin,taste_bristle,gustatory,"ppk23, ppk25",wing_margin_taste_bristle_gustatory_neuron,False,,,,banc_meta,
720575941429849559,anterior_dorsal_mesothoracic_nerve_cut,left,left_anterior_dorsal_mesothoracic_nerve,sensory,,True,,,,wing,,,,,False,,,,banc_meta,
720575941430024462,SNta04,right,right_anterior_dorsal_mesothoracic_nerve,sensory,bristle_neuron,True,,acetylcholine,,wing_margin,bristle,tactile,,wing_margin_bristle_neuron,False,,,,banc_meta,2497
720575941430262447,WG2,left,left_anterior_dorsal_mesothoracic_nerve,sensory,taste_bristle_gustatory_neuron,True,,acetylcholine,,wing_margin,taste_bristle,gustatory,"sugar, Gr43a, Gr64f, Gr5a",wing_margin_taste_bristle_gustatory_neuron,False,,,,banc_meta,
720575941430643297,SNxx26,right,right_anterior_dorsal_mesothoracic_nerve,sensory,hair_plate_neuron,True,,acetylcholine,,wing_tegula,hair_plate,proprioception,joint_angle,wing_tegula_hair_plate_neuron,True,,,,banc_meta,
720575941430902542,WG2,left,left_anterior_dorsal_mesothoracic_nerve,sensory,taste_bristle_gustatory_neuron,True,,acetylcholine,,wing_margin,taste_bristle,gustatory,"sugar, Gr43a, Gr64f, Gr5a",wing_margin_taste_bristle_gustatory_neuron,False,,,,banc_meta,2706
720575941431007073,WG4,right,right_anterior_dorsal_mesothoracic_nerve,sensory,taste_bristle_gustatory_neuron,True,,acetylcholine,,wing_margin,taste_bristle,gustatory,ppk23,wing_margin_taste_bristle_gustatory_neuron,False,,,,banc_meta,
720575941431313545,SApp07,right,right_dorsal_metathoracic_nerve,sensory,campaniform_sensillum_neuron,True,,acetylcholine,,haltere,campaniform_sensillum,proprioception,mechanical_strain,haltere_campaniform_sensillum_neuron,True,,,,banc_meta,4283
720575941431686753,SNta04,right,right_anterior_dorsal_mesothoracic_nerve,sensory,bristle_neuron,True,,acetylcholine,,wing_margin,bristle,tactile,,wing_margin_bristle_neuron,False,,,,banc_meta,2480
720575941431911416,SNpp11,right,right_anterior_dorsal_mesothoracic_nerve,sensory,campaniform_sensillum_neuron,True,,acetylcholine,,wing_base,campaniform_sensillum,proprioception,mechanical_strain,wing_base_campaniform_sensillum_neuron,True,,,,banc_meta,2041
720575941432027273,SNta11,right,right_anterior_dorsal_mesothoracic_nerve,sensory,bristle_neuron,True,,acetylcholine,,wing_margin,bristle,tactile,,wing_margin_bristle_neuron,False,,,,banc_meta,2128
720575941432561656,SApp03,right,right_dorsal_metathoracic_nerve,sensory,campaniform_sensillum_neuron,True,,acetylcholine,,haltere,campaniform_sensillum,proprioception,mechanical_strain,haltere_campaniform_sensillum_neuron,True,,,,banc_meta,
720575941433074702,SNta04,right,right_anterior_dorsal_mesothoracic_nerve,sensory,bristle_neuron,True,,acetylcholine,,wing_margin,bristle,tactile,,wing_margin_bristle_neuron,False,,,,banc_meta,
720575941433754912,WG2,left,left_anterior_dorsal_mesothoracic_nerve,sensory,taste_bristle_gustatory_neuron,True,,acetylcholine,,wing_margin,taste_bristle,gustatory,"sugar, Gr43a, Gr64f, Gr5a",wing_margin_taste_bristle_gustatory_neuron,False,,,,banc_meta,2706
720575941434365454,SNta04,right,right_anterior_dorsal_mesothoracic_nerve,sensory,bristle_neuron,True,,acetylcholine,,wing_margin,bristle,tactile,,wing_margin_bristle_neuron,False,,,,banc_meta,2072
720575941434495630,WG4,left,left_anterior_dorsal_mesothoracic_nerve,sensory,taste_bristle_gustatory_neuron,True,,acetylcholine,,wing_margin,taste_bristle,gustatory,ppk23,wing_margin_taste_bristle_gustatory_neuron,False,,,,banc_meta,
720575941434547854,WG2,right,right_anterior_dorsal_mesothoracic_nerve,sensory,taste_bristle_gustatory_neuron,True,,acetylcholine,,wing_margin,taste_bristle,gustatory,"sugar, Gr43a, Gr64f, Gr5a",wing_margin_taste_bristle_gustatory_neuron,False,,,,banc_meta,2238
720575941435147406,WG4,right,right_anterior_dorsal_mesothoracic_nerve,sensory,taste_bristle_gustatory_neuron,True,,acetylcholine,,wing_margin,taste_bristle,gustatory,ppk23,wing_margin_taste_bristle_gustatory_neuron,False,,,,banc_meta,2490
720575941435404430,SNpp34,right,right_dorsal_metathoracic_nerve,sensory,orphan_neuron,True,,acetylcholine,,haltere,orphan,proprioception,,haltere_orphan_neuron,True,,,,banc_meta,4407
720575941435699744,SNpp20,left,left_dorsal_metathoracic_nerve,sensory,campaniform_sensillum_neuron,True,,acetylcholine,,haltere,campaniform_sensillum,proprioception,mechanical_strain,haltere_campaniform_sensillum_neuron,True,,,,banc_meta,4621
720575941435884942,anterior_dorsal_mesothoracic_nerve_sensory,right,right_anterior_dorsal_mesothoracic_nerve,sensory,,False,,,,wing,,,,,False,,,,banc_meta,
720575941435938190,SNta11,right,right_anterior_dorsal_mesothoracic_nerve,sensory,bristle_neuron,True,,acetylcholine,,wing_margin,bristle,tactile,,wing_margin_bristle_neuron,False,,,,banc_meta,
720575941436156460,WG3,left,left_anterior_dorsal_mesothoracic_nerve,sensory,taste_bristle_gustatory_neuron,True,,acetylcholine,,wing_margin,taste_bristle,gustatory,"ppk23, ppk25",wing_margin_taste_bristle_gustatory_neuron,False,,,,banc_meta,
720575941437199167,WG3,left,left_anterior_dorsal_mesothoracic_nerve,sensory,taste_bristle_gustatory_neuron,True,,glutamate,,wing_margin,taste_bristle,gustatory,"ppk23, ppk25",wing_margin_taste_bristle_gustatory_neuron,False,,,,banc_meta,
720575941437416736,SNta04,right,right_anterior_dorsal_mesothoracic_nerve,sensory,bristle_neuron,True,,acetylcholine,,wing_margin,bristle,tactile,,wing_margin_bristle_neuron,False,,,,banc_meta,
720575941437781036,SNta04,right,right_anterior_dorsal_mesothoracic_nerve,sensory,bristle_neuron,True,,acetylcholine,,wing_margin,bristle,tactile,,wing_margin_bristle_neuron,False,,,,banc_meta,2429
720575941438410540,WG2,left,left_anterior_dorsal_mesothoracic_nerve,sensory,taste_bristle_gustatory_neuron,True,,acetylcholine,,wing_margin,taste_bristle,gustatory,"sugar, Gr43a, Gr64f, Gr5a",wing_margin_taste_bristle_gustatory_neuron,False,,,,banc_meta,
720575941438499795,unknown_sensory,right,right_dorsal_metathoracic_nerve,sensory,,False,,,,haltere,,,,,False,,,,banc_meta,
720575941438500307,unknown_sensory,right,right_dorsal_metathoracic_nerve,sensory,,False,,,,haltere,,,,,False,,,,banc_meta,
720575941438938924,SNpp38,left,left_anterior_dorsal_mesothoracic_nerve,sensory,campaniform_sensillum_neuron,True,,acetylcholine,,wing_tegula,campaniform_sensillum,proprioception,mechanical_strain,wing_tegula_campaniform_sensillum_neuron,True,,,,banc_meta,2566
720575941439175442,SNta14,right,right_anterior_dorsal_mesothoracic_nerve,sensory,bristle_neuron,True,,acetylcholine,,wing_margin,bristle,tactile,,wing_margin_bristle_neuron,False,,,,banc_meta,
720575941439426133,WG2,left,left_anterior_dorsal_mesothoracic_nerve,sensory,taste_bristle_gustatory_neuron,True,,acetylcholine,,wing_margin,taste_bristle,gustatory,"sugar, Gr43a, Gr64f, Gr5a",wing_margin_taste_bristle_gustatory_neuron,False,,,,banc_meta,2583
720575941439452501,WG2,left,left_anterior_dorsal_mesothoracic_nerve,sensory,taste_bristle_gustatory_neuron,True,,acetylcholine,,wing_margin,taste_bristle,gustatory,"sugar, Gr43a, Gr64f, Gr5a",wing_margin_taste_bristle_gustatory_neuron,False,,,,banc_meta,
720575941439455067,WG2,left,left_anterior_dorsal_mesothoracic_nerve,sensory,taste_bristle_gustatory_neuron,True,,acetylcholine,,wing_margin,taste_bristle,gustatory,"sugar, Gr43a, Gr64f, Gr5a",wing_margin_taste_bristle_gustatory_neuron,False,,,,banc_meta,
720575941439626047,SApp01,right,right_dorsal_metathoracic_nerve,sensory,campaniform_sensillum_neuron,True,,acetylcholine,,haltere,campaniform_sensillum,proprioception,mechanical_strain,haltere_campaniform_sensillum_neuron,True,,,,banc_meta,
720575941439668943,anterior_dorsal_mesothoracic_nerve_cut,left,left_anterior_dorsal_mesothoracic_nerve,sensory,,True,,,,wing,,,,,False,,,,banc_meta,
720575941440231871,SNta04,right,right_anterior_dorsal_mesothoracic_nerve,sensory,bristle_neuron,True,,acetylcholine,,wing_margin,bristle,tactile,,wing_margin_bristle_neuron,False,,,,banc_meta,2126
720575941440235711,SNpp28,right,right_anterior_dorsal_mesothoracic_nerve,sensory,campaniform_sensillum_neuron,True,,acetylcholine,,wing_tegula,campaniform_sensillum,proprioception,mechanical_strain,wing_tegula_campaniform_sensillum_neuron,True,,,,banc_meta,
720575941440375637,SNpp32,left,left_anterior_dorsal_mesothoracic_nerve,sensory,campaniform_sensillum_neuron,True,,acetylcholine,,wing_base,campaniform_sensillum,proprioception,mechanical_strain,wing_base_campaniform_sensillum_neuron,True,,,,banc_meta,
720575941440414911,WG2,right,right_anterior_dorsal_mesothoracic_nerve,sensory,taste_bristle_gustatory_neuron,True,,acetylcholine,,wing_margin,taste_bristle,gustatory,"sugar, Gr43a, Gr64f, Gr5a",wing_margin_taste_bristle_gustatory_neuron,False,,,,banc_meta,2267
720575941440428495,SNta04,right,right_anterior_dorsal_mesothoracic_nerve,sensory,bristle_neuron,True,,acetylcholine,,wing_margin,bristle,tactile,,wing_margin_bristle_neuron,False,,,,banc_meta,
720575941440578651,WG4,right,right_anterior_dorsal_mesothoracic_nerve,sensory,taste_bristle_gustatory_neuron,True,,acetylcholine,,wing_margin,taste_bristle,gustatory,ppk23,wing_margin_taste_bristle_gustatory_neuron,False,,,,banc_meta,
720575941440594779,WG3,right,right_anterior_dorsal_mesothoracic_nerve,sensory,taste_bristle_gustatory_neuron,True,,glutamate,,wing_margin,taste_bristle,gustatory,"ppk23, ppk25",wing_margin_taste_bristle_gustatory_neuron,False,,,,banc_meta,2274
720575941440613211,WG3,right,right_anterior_dorsal_mesothoracic_nerve,sensory,taste_bristle_gustatory_neuron,True,,glutamate,,wing_margin,taste_bristle,gustatory,"ppk23, ppk25",wing_margin_taste_bristle_gustatory_neuron,False,,,,banc_meta,
720575941440695643,WG4,left,left_anterior_dorsal_mesothoracic_nerve,sensory,taste_bristle_gustatory_neuron,True,,acetylcholine,,wing_margin,taste_bristle,gustatory,ppk23,wing_margin_taste_bristle_gustatory_neuron,False,,,,banc_meta,
720575941440821983,SNta14,left,left_anterior_dorsal_mesothoracic_nerve,sensory,bristle_neuron,True,,acetylcholine,,wing_margin,bristle,tactile,,wing_margin_bristle_neuron,False,,,,banc_meta,
720575941440823007,SNta14,left,left_anterior_dorsal_mesothoracic_nerve,sensory,bristle_neuron,True,,acetylcholine,,wing_margin,bristle,tactile,,wing_margin_bristle_neuron,False,,,,banc_meta,
720575941440900303,WG4,right,right_anterior_dorsal_mesothoracic_nerve,sensory,taste_bristle_gustatory_neuron,True,,acetylcholine,,wing_margin,taste_bristle,gustatory,ppk23,wing_margin_taste_bristle_gustatory_neuron,False,,,,banc_meta,2374
720575941440922575,WG2,right,right_anterior_dorsal_mesothoracic_nerve,sensory,taste_bristle_gustatory_neuron,True,,acetylcholine,,wing_margin,taste_bristle,gustatory,"sugar, Gr43a, Gr64f, Gr5a",wing_margin_taste_bristle_gustatory_neuron,False,,,,banc_meta,2509
720575941441792463,SNpp20,left,left_dorsal_metathoracic_nerve,sensory,campaniform_sensillum_neuron,True,,acetylcholine,,haltere,campaniform_sensillum,proprioception,mechanical_strain,haltere_campaniform_sensillum_neuron,True,,,,banc_meta,
720575941442477994,WG4,left,left_anterior_dorsal_mesothoracic_nerve,sensory,taste_bristle_gustatory_neuron,True,,acetylcholine,,wing_margin,taste_bristle,gustatory,ppk23,wing_margin_taste_bristle_gustatory_neuron,False,,,,banc_meta,
720575941442623323,WG4,left,left_anterior_dorsal_mesothoracic_nerve,sensory,taste_bristle_gustatory_neuron,True,,acetylcholine,,wing_margin,taste_bristle,gustatory,ppk23,wing_margin_taste_bristle_gustatory_neuron,False,,,,banc_meta,2583
720575941442837674,WG4,left,left_anterior_dorsal_mesothoracic_nerve,sensory,taste_bristle_gustatory_neuron,True,,acetylcholine,,wing_margin,taste_bristle,gustatory,ppk23,wing_margin_taste_bristle_gustatory_neuron,False,,,,banc_meta,
720575941443322575,SNta11,left,left_anterior_dorsal_mesothoracic_nerve,sensory,bristle_neuron,True,,acetylcholine,,wing_margin,bristle,tactile,,wing_margin_bristle_neuron,False,,,,banc_meta,2540
720575941443620778,WG2,left,left_anterior_dorsal_mesothoracic_nerve,sensory,taste_bristle_gustatory_neuron,True,,acetylcholine,,wing_margin,taste_bristle,gustatory,"sugar, Gr43a, Gr64f, Gr5a",wing_margin_taste_bristle_gustatory_neuron,False,,,,banc_meta,2706
720575941443727786,SNpp21,left,left_dorsal_metathoracic_nerve,sensory,orphan_neuron,True,,acetylcholine,,haltere,orphan,proprioception,,haltere_orphan_neuron,True,,,,banc_meta,
720575941443967402,SNta04,right,right_anterior_dorsal_mesothoracic_nerve,sensory,bristle_neuron,True,,acetylcholine,,wing_margin,bristle,tactile,,wing_margin_bristle_neuron,False,,,,banc_meta,2133
720575941444306090,SNpp07,right,right_anterior_dorsal_mesothoracic_nerve,sensory,chordotonal_organ_neuron,True,,acetylcholine,,wing_tegula,chordotonal_organ,proprioception,vibro_position,wing_tegula_chordotonal_organ_neuron,True,,,,banc_meta,2070
720575941446903316,SNta03,left,left_dorsal_metathoracic_nerve,sensory,bristle_neuron,True,,acetylcholine,,haltere,bristle,tactile,,haltere_bristle_neuron,False,,,,banc_meta,
720575941446918676,SNta04,left,left_anterior_dorsal_mesothoracic_nerve,sensory,bristle_neuron,True,,acetylcholine,,wing_margin,bristle,tactile,,wing_margin_bristle_neuron,False,,,,banc_meta,
720575941446935828,SNta04,right,right_anterior_dorsal_mesothoracic_nerve,sensory,bristle_neuron,True,,acetylcholine,,wing_margin,bristle,tactile,,wing_margin_bristle_neuron,False,,,,banc_meta,2497
720575941446989749,WG4,right,right_anterior_dorsal_mesothoracic_nerve,sensory,taste_bristle_gustatory_neuron,True,,acetylcholine,,wing_margin,taste_bristle,gustatory,ppk23,wing_margin_taste_bristle_gustatory_neuron,False,,,,banc_meta,2505
720575941447003573,WG4,right,right_anterior_dorsal_mesothoracic_nerve,sensory,taste_bristle_gustatory_neuron,True,,acetylcholine,,wing_margin,taste_bristle,gustatory,ppk23,wing_margin_taste_bristle_gustatory_neuron,False,,,,banc_meta,2257
720575941447005365,WG3,right,right_anterior_dorsal_mesothoracic_nerve,sensory,taste_bristle_gustatory_neuron,True,,glutamate,,wing_margin,taste_bristle,gustatory,"ppk23, ppk25",wing_margin_taste_bristle_gustatory_neuron,False,,,,banc_meta,2274
720575941447023029,WG2,right,right_anterior_dorsal_mesothoracic_nerve,sensory,taste_bristle_gustatory_neuron,True,,acetylcholine,,wing_margin,taste_bristle,gustatory,"sugar, Gr43a, Gr64f, Gr5a",wing_margin_taste_bristle_gustatory_neuron,False,,,,banc_meta,
720575941447704413,anterior_dorsal_mesothoracic_nerve_cut,left,left_anterior_dorsal_mesothoracic_nerve,sensory,,True,,,,wing,,,,,False,,,,banc_meta,
720575941448193614,SNta18,left,left_anterior_dorsal_mesothoracic_nerve,sensory,bristle_neuron,True,,acetylcholine,,wing_margin,bristle,tactile,,wing_margin_bristle_neuron,False,,,,banc_meta,
720575941448681053,SNta08,right,right_anterior_dorsal_mesothoracic_nerve,sensory,bristle_neuron,True,,acetylcholine,,wing_margin,bristle,tactile,,wing_margin_bristle_neuron,False,,,,banc_meta,
720575941448753333,SNta04,right,right_anterior_dorsal_mesothoracic_nerve,sensory,bristle_neuron,True,,acetylcholine,,wing_margin,bristle,tactile,,wing_margin_bristle_neuron,False,,,,banc_meta,
720575941448819293,WG2,right,right_anterior_dorsal_mesothoracic_nerve,sensory,taste_bristle_gustatory_neuron,True,,acetylcholine,,wing_margin,taste_bristle,gustatory,"sugar, Gr43a, Gr64f, Gr5a",wing_margin_taste_bristle_gustatory_neuron,False,,,,banc_meta,
720575941448909237,SNta04,right,right_anterior_dorsal_mesothoracic_nerve,sensory,bristle_neuron,True,,acetylcholine,,wing_margin,bristle,tactile,,wing_margin_bristle_neuron,False,,,,banc_meta,2497
720575941448909493,SNta04,right,right_anterior_dorsal_mesothoracic_nerve,sensory,bristle_neuron,True,,acetylcholine,,wing_margin,bristle,tactile,,wing_margin_bristle_neuron,False,,,,banc_meta,2449
720575941449040221,SNta18,right,right_anterior_dorsal_mesothoracic_nerve,sensory,bristle_neuron,True,,acetylcholine,,wing_margin,bristle,tactile,,wing_margin_bristle_neuron,False,,,,banc_meta,2503
720575941449447861,SNta03,right,right_dorsal_metathoracic_nerve,sensory,chordotonal_organ_neuron,True,,acetylcholine,,haltere,chordotonal_organ,proprioception,,haltere_chordotonal_organ_neuron,True,,,,banc_meta,
720575941449676110,WG2,right,right_anterior_dorsal_mesothoracic_nerve,sensory,taste_bristle_gustatory_neuron,True,,acetylcholine,,wing_margin,taste_bristle,gustatory,"sugar, Gr43a, Gr64f, Gr5a",wing_margin_taste_bristle_gustatory_neuron,False,,,,banc_meta,2380
720575941450425269,SNta14,right,right_anterior_dorsal_mesothoracic_nerve,sensory,bristle_neuron,True,,acetylcholine,,wing_margin,bristle,tactile,,wing_margin_bristle_neuron,False,,,,banc_meta,2123
720575941450530382,SNta04,right,right_anterior_dorsal_mesothoracic_nerve,sensory,bristle_neuron,False,,acetylcholine,,wing_margin,bristle,tactile,,wing_margin_bristle_neuron,False,,,,banc_meta,
720575941450534478,WG4,right,right_anterior_dorsal_mesothoracic_nerve,sensory,taste_bristle_gustatory_neuron,True,,acetylcholine,,wing_margin,taste_bristle,gustatory,ppk23,wing_margin_taste_bristle_gustatory_neuron,False,,,,banc_meta,
720575941450753607,SNpp15,left,left_dorsal_metathoracic_nerve,sensory,orphan_neuron,True,,acetylcholine,,haltere,orphan,proprioception,,haltere_orphan_neuron,True,,,,banc_meta,
720575941450780538,anterior_dorsal_mesothoracic_nerve_sensory,left,left_anterior_dorsal_mesothoracic_nerve,sensory,,False,,,,wing,,,,,False,,,,banc_meta,
720575941451107933,SNta11,right,right_anterior_dorsal_mesothoracic_nerve,sensory,bristle_neuron,True,,glutamate,,wing_margin,bristle,tactile,,wing_margin_bristle_neuron,False,,,,banc_meta,
720575941451535438,SNta14,left,left_anterior_dorsal_mesothoracic_nerve,sensory,bristle_neuron,True,,acetylcholine,,wing_margin,bristle,tactile,,wing_margin_bristle_neuron,False,,,,banc_meta,
720575941451788615,WG3,right,right_anterior_dorsal_mesothoracic_nerve,sensory,taste_bristle_gustatory_neuron,True,,glutamate,,wing_margin,taste_bristle,gustatory,"ppk23, ppk25",wing_margin_taste_bristle_gustatory_neuron,False,,,,banc_meta,2393
720575941451832647,SNta03,left,left_dorsal_metathoracic_nerve,sensory,bristle_neuron,True,,acetylcholine,,haltere,bristle,tactile,,haltere_bristle_neuron,False,,,,banc_meta,
720575941451858345,SNta04,left,left_anterior_dorsal_mesothoracic_nerve,sensory,bristle_neuron,True,,acetylcholine,,wing_margin,bristle,tactile,,wing_margin_bristle_neuron,False,,,,banc_meta,
720575941451921735,WG2,right,right_anterior_dorsal_mesothoracic_nerve,sensory,taste_bristle_gustatory_neuron,True,,acetylcholine,,wing_margin,taste_bristle,gustatory,"sugar, Gr43a, Gr64f, Gr5a",wing_margin_taste_bristle_gustatory_neuron,False,,,,banc_meta,
720575941451923015,WG2,right,right_anterior_dorsal_mesothoracic_nerve,sensory,taste_bristle_gustatory_neuron,True,,acetylcholine,,wing_margin,taste_bristle,gustatory,"sugar, Gr43a, Gr64f, Gr5a",wing_margin_taste_bristle_gustatory_neuron,False,,,,banc_meta,
720575941451957114,SNpp32,right,right_anterior_dorsal_mesothoracic_nerve,sensory,campaniform_sensillum_neuron,True,,acetylcholine,,wing_base,campaniform_sensillum,proprioception,mechanical_strain,wing_base_campaniform_sensillum_neuron,True,,,,banc_meta,2072
720575941452754247,SNpp30,left,left_anterior_dorsal_mesothoracic_nerve,sensory,campaniform_sensillum_neuron,True,,acetylcholine,,wing_base,campaniform_sensillum,proprioception,mechanical_strain,wing_base_campaniform_sensillum_neuron,True,,,,banc_meta,2976
720575941452926633,SNta18,left,left_anterior_dorsal_mesothoracic_nerve,sensory,bristle_neuron,True,,acetylcholine,,wing_margin,bristle,tactile,,wing_margin_bristle_neuron,False,,,,banc_meta,
720575941452996521,SNta04,right,right_anterior_dorsal_mesothoracic_nerve,sensory,bristle_neuron,True,,acetylcholine,,wing_margin,bristle,tactile,,wing_margin_bristle_neuron,False,,,,banc_meta,2113
720575941453311657,SNta04,right,right_anterior_dorsal_mesothoracic_nerve,sensory,bristle_neuron,True,,acetylcholine,,wing_margin,bristle,tactile,,wing_margin_bristle_neuron,False,,,,banc_meta,
720575941453919047,SNta04,right,right_anterior_dorsal_mesothoracic_nerve,sensory,bristle_neuron,True,,acetylcholine,,wing_margin,bristle,tactile,,wing_margin_bristle_neuron,False,,,,banc_meta,
720575941453994803,WG2,right,right_anterior_dorsal_mesothoracic_nerve,sensory,taste_bristle_gustatory_neuron,True,,acetylcholine,,wing_margin,taste_bristle,gustatory,"sugar, Gr43a, Gr64f, Gr5a",wing_margin_taste_bristle_gustatory_neuron,False,,,,banc_meta,2267
720575941455750893,SNta08,right,right_anterior_dorsal_mesothoracic_nerve,sensory,bristle_neuron,True,,acetylcholine,,wing_margin,bristle,tactile,,wing_margin_bristle_neuron,False,,,,banc_meta,
720575941455801581,SNta04,right,right_anterior_dorsal_mesothoracic_nerve,sensory,bristle_neuron,True,,acetylcholine,,wing_margin,bristle,tactile,,wing_margin_bristle_neuron,False,,,,banc_meta,2496
720575941456134707,SNpp04,right,right_anterior_dorsal_mesothoracic_nerve,sensory,campaniform_sensillum_neuron,True,,acetylcholine,,wing,campaniform_sensillum,proprioception,mechanical_strain,wing_campaniform_sensillum_neuron,True,,,,banc_meta,
720575941456225520,SNpp28,left,left_anterior_dorsal_mesothoracic_nerve,sensory,campaniform_sensillum_neuron,True,,acetylcholine,,wing_tegula,campaniform_sensillum,proprioception,mechanical_strain,wing_tegula_campaniform_sensillum_neuron,True,,,,banc_meta,2630
720575941456615071,SNxx26,left,left_anterior_dorsal_mesothoracic_nerve,sensory,hair_plate_neuron,True,,acetylcholine,,wing_tegula,hair_plate,proprioception,joint_angle,wing_tegula_hair_plate_neuron,True,,,,banc_meta,2712
720575941456636319,anterior_dorsal_mesothoracic_nerve_sensory,left,left_anterior_dorsal_mesothoracic_nerve,sensory,,False,,,,wing,,,,,False,,,,banc_meta,
720575941456783853,SNpp20,right,right_dorsal_metathoracic_nerve,sensory,orphan_neuron,True,,acetylcholine,,haltere,orphan,proprioception,,haltere_orphan_neuron,True,,,,banc_meta,
720575941457352262,SNpp29,left,left_anterior_dorsal_mesothoracic_nerve,sensory,chordotonal_organ_neuron,True,,acetylcholine,,wing_base,chordotonal_organ,proprioception,vibro_position,wing_base_chordotonal_organ_neuron,True,,,,banc_meta,
720575941457353286,SNpp61,left,left_anterior_dorsal_mesothoracic_nerve,sensory,chordotonal_organ_neuron,True,,acetylcholine,,wing_base,chordotonal_organ,proprioception,vibro_position,wing_base_chordotonal_organ_neuron,True,,,,banc_meta,2826
720575941457373424,WG4,left,left_anterior_dorsal_mesothoracic_nerve,sensory,taste_bristle_gustatory_neuron,True,,acetylcholine,,wing_margin,taste_bristle,gustatory,ppk23,wing_margin_taste_bristle_gustatory_neuron,False,,,,banc_meta,
720575941457503046,WG2,left,left_anterior_dorsal_mesothoracic_nerve,sensory,taste_bristle_gustatory_neuron,True,,acetylcholine,,wing_margin,taste_bristle,gustatory,"sugar, Gr43a, Gr64f, Gr5a",wing_margin_taste_bristle_gustatory_neuron,False,,,,banc_meta,2592
720575941457962989,SNta18,right,right_anterior_dorsal_mesothoracic_nerve,sensory,bristle_neuron,True,,acetylcholine,,wing_margin,bristle,tactile,,wing_margin_bristle_neuron,False,,,,banc_meta,2324
720575941458200479,anterior_dorsal_mesothoracic_nerve_cut,left,left_anterior_dorsal_mesothoracic_nerve,sensory,,True,,,,wing,,,,,False,,,,banc_meta,
720575941458206111,anterior_dorsal_mesothoracic_nerve_sensory,left,left_anterior_dorsal_mesothoracic_nerve,sensory,,False,,,,wing,,,,,False,,,,banc_meta,
720575941458206879,SNpp20,left,left_dorsal_metathoracic_nerve,sensory,campaniform_sensillum_neuron,True,,acetylcholine,,haltere,campaniform_sensillum,proprioception,mechanical_strain,haltere_campaniform_sensillum_neuron,True,,,,banc_meta,4621
720575941458666195,SApp05,right,right_dorsal_metathoracic_nerve,sensory,campaniform_sensillum_neuron,True,,acetylcholine,,haltere,campaniform_sensillum,proprioception,mechanical_strain,haltere_campaniform_sensillum_neuron,True,,,,banc_meta,
720575941458879984,SNpp34,left,left_dorsal_metathoracic_nerve,sensory,orphan_neuron,True,,acetylcholine,,haltere,orphan,proprioception,,haltere_orphan_neuron,True,,,,banc_meta,
720575941459007046,SNpp15,left,left_dorsal_metathoracic_nerve,sensory,orphan_neuron,True,,acetylcholine,,haltere,orphan,proprioception,,haltere_orphan_neuron,True,,,,banc_meta,4614
720575941459681936,SNta11,right,right_anterior_dorsal_mesothoracic_nerve,sensory,bristle_neuron,True,,acetylcholine,,wing_margin,bristle,tactile,,wing_margin_bristle_neuron,False,,,,banc_meta,
720575941459926854,SNpp20,left,left_dorsal_metathoracic_nerve,sensory,campaniform_sensillum_neuron,True,,acetylcholine,,haltere,campaniform_sensillum,proprioception,mechanical_strain,haltere_campaniform_sensillum_neuron,True,,,,banc_meta,
720575941460187332,SNta03,right,right_dorsal_metathoracic_nerve,sensory,bristle_neuron,True,,acetylcholine,,haltere,bristle,tactile,,haltere_bristle_neuron,False,,,,banc_meta,
720575941460198384,SNta11,left,left_anterior_dorsal_mesothoracic_nerve,sensory,bristle_neuron,True,,acetylcholine,,wing_margin,bristle,tactile,,wing_margin_bristle_neuron,False,,,,banc_meta,2540
720575941460420255,SNta14,left,left_anterior_dorsal_mesothoracic_nerve,sensory,bristle_neuron,True,,acetylcholine,,wing_margin,bristle,tactile,,wing_margin_bristle_neuron,False,,,,banc_meta,
720575941460561860,WG3,right,right_anterior_dorsal_mesothoracic_nerve,sensory,taste_bristle_gustatory_neuron,True,,glutamate,,wing_margin,taste_bristle,gustatory,"ppk23, ppk25",wing_margin_taste_bristle_gustatory_neuron,False,,,,banc_meta,2049
720575941461155654,SNta11,left,left_anterior_dorsal_mesothoracic_nerve,sensory,bristle_neuron,True,,acetylcholine,,wing_margin,bristle,tactile,,wing_margin_bristle_neuron,False,,,,banc_meta,2540
720575941461204164,SNpp26,right,right_anterior_dorsal_mesothoracic_nerve,sensory,campaniform_sensillum_neuron,True,,acetylcholine,,wing_base,campaniform_sensillum,proprioception,mechanical_strain,wing_base_campaniform_sensillum_neuron,True,,,,banc_meta,
720575941461206724,SNta04,right,right_anterior_dorsal_mesothoracic_nerve,sensory,bristle_neuron,True,,acetylcholine,,wing_margin,bristle,tactile,,wing_margin_bristle_neuron,False,,,,banc_meta,
720575941461227987,SApp05,left,left_dorsal_metathoracic_nerve,sensory,campaniform_sensillum_neuron,True,,acetylcholine,,haltere,campaniform_sensillum,proprioception,mechanical_strain,haltere_campaniform_sensillum_neuron,True,,,,banc_meta,4634
720575941461275536,WG3,left,left_anterior_dorsal_mesothoracic_nerve,sensory,taste_bristle_gustatory_neuron,True,,glutamate,,wing_margin,taste_bristle,gustatory,"ppk23, ppk25",wing_margin_taste_bristle_gustatory_neuron,False,,,,banc_meta,
720575941461376326,WG2,left,left_anterior_dorsal_mesothoracic_nerve,sensory,taste_bristle_gustatory_neuron,True,,acetylcholine,,wing_margin,taste_bristle,gustatory,"sugar, Gr43a, Gr64f, Gr5a",wing_margin_taste_bristle_gustatory_neuron,False,,,,banc_meta,
720575941461376838,WG3,left,left_anterior_dorsal_mesothoracic_nerve,sensory,taste_bristle_gustatory_neuron,True,,acetylcholine,,wing_margin,taste_bristle,gustatory,"ppk23, ppk25",wing_margin_taste_bristle_gustatory_neuron,False,,,,banc_meta,
720575941461390736,SNta11,right,right_anterior_dorsal_mesothoracic_nerve,sensory,bristle_neuron,True,,acetylcholine,,wing_margin,bristle,tactile,,wing_margin_bristle_neuron,False,,,,banc_meta,
720575941461530125,anterior_dorsal_mesothoracic_nerve_cut,left,left_anterior_dorsal_mesothoracic_nerve,sensory,,False,,,,wing,,,,,False,,,,banc_meta,
720575941462764301,WG2,right,right_anterior_dorsal_mesothoracic_nerve,sensory,taste_bristle_gustatory_neuron,True,,acetylcholine,,wing_margin,taste_bristle,gustatory,"sugar, Gr43a, Gr64f, Gr5a",wing_margin_taste_bristle_gustatory_neuron,False,,,,banc_meta,2023
720575941462839309,anterior_dorsal_mesothoracic_nerve_cut,left,left_anterior_dorsal_mesothoracic_nerve,sensory,,False,,,,wing,,,,,False,,,,banc_meta,
720575941464136500,SNpp28,left,left_anterior_dorsal_mesothoracic_nerve,sensory,campaniform_sensillum_neuron,True,,acetylcholine,,wing_tegula,campaniform_sensillum,proprioception,mechanical_strain,wing_tegula_campaniform_sensillum_neuron,True,,,,banc_meta,2563
720575941465864278,anterior_dorsal_mesothoracic_nerve_cut,left,left_anterior_dorsal_mesothoracic_nerve,sensory,,True,,,,wing,,,,,False,,,,banc_meta,
720575941465867094,anterior_dorsal_mesothoracic_nerve_sensory,left,left_anterior_dorsal_mesothoracic_nerve,sensory,,False,,,,wing,,,,,False,,,,banc_meta,
720575941465870678,anterior_dorsal_mesothoracic_nerve_cut,left,left_anterior_dorsal_mesothoracic_nerve,sensory,,True,,,,wing,,,,,False,,,,banc_meta,
720575941465893974,anterior_dorsal_mesothoracic_nerve_cut,left,left_anterior_dorsal_mesothoracic_nerve,sensory,,True,,,,wing,,,,,False,,,,banc_meta,
720575941466112022,SNxx26,right,right_anterior_dorsal_mesothoracic_nerve,sensory,hair_plate_neuron,True,,acetylcholine,,wing_tegula,orphan,proprioception,joint_angle,wing_tegula_orphan_neuron,True,,,,banc_meta,
720575941466533910,SNta03,left,left_dorsal_metathoracic_nerve,sensory,bristle_neuron,True,,acetylcholine,,haltere,bristle,tactile,,haltere_bristle_neuron,False,,,,banc_meta,
720575941466538518,SNpp29,right,right_anterior_dorsal_mesothoracic_nerve,sensory,chordotonal_organ_neuron,True,,acetylcholine,,wing_base,chordotonal_organ,proprioception,vibro_position,wing_base_chordotonal_organ_neuron,True,,,,banc_meta,
720575941466547990,SNta04,right,right_anterior_dorsal_mesothoracic_nerve,sensory,bristle_neuron,True,,acetylcholine,,wing_margin,bristle,tactile,,wing_margin_bristle_neuron,False,,,,banc_meta,
720575941466726742,SNta03,right,right_dorsal_metathoracic_nerve,sensory,bristle_neuron,True,,acetylcholine,,haltere,bristle,tactile,,haltere_bristle_neuron,False,,,,banc_meta,
720575941467184214,SNxx25,right,right_anterior_dorsal_mesothoracic_nerve,sensory,multidendritic_neuron,True,,serotonin,,wing,multidendritic,nociception,putative_nociception,wing_multidendritic_neuron,False,,,,banc_meta,2489
720575941468617335,SNpp28,left,left_anterior_dorsal_mesothoracic_nerve,sensory,campaniform_sensillum_neuron,True,,acetylcholine,,wing_tegula,campaniform_sensillum,proprioception,mechanical_strain,wing_tegula_campaniform_sensillum_neuron,True,,,,banc_meta,2563
720575941468848093,anterior_dorsal_mesothoracic_nerve_sensory,left,left_anterior_dorsal_mesothoracic_nerve,sensory,,False,,,,wing,,,,,False,,,,banc_meta,
720575941469175830,WG2,left,left_anterior_dorsal_mesothoracic_nerve,sensory,taste_bristle_gustatory_neuron,True,,acetylcholine,,wing_margin,taste_bristle,gustatory,"sugar, Gr43a, Gr64f, Gr5a",wing_margin_taste_bristle_gustatory_neuron,False,,,,banc_meta,
720575941469695453,WG2,left,left_anterior_dorsal_mesothoracic_nerve,sensory,taste_bristle_gustatory_neuron,True,,acetylcholine,,wing_margin,taste_bristle,gustatory,"sugar, Gr43a, Gr64f, Gr5a",wing_margin_taste_bristle_gustatory_neuron,False,,,,banc_meta,2706
720575941469716701,SNpp30,right,right_anterior_dorsal_mesothoracic_nerve,sensory,campaniform_sensillum_neuron,True,,acetylcholine,,wing_base,campaniform_sensillum,proprioception,mechanical_strain,wing_base_campaniform_sensillum_neuron,True,,,,banc_meta,2332
720575941470380253,SNpp61,right,right_anterior_dorsal_mesothoracic_nerve,sensory,chordotonal_organ_neuron,True,,acetylcholine,,wing_base,chordotonal_organ,proprioception,vibro_position,wing_base_chordotonal_organ_neuron,True,,,,banc_meta,2444
720575941470432832,SNta08,right,right_anterior_dorsal_mesothoracic_nerve,sensory,bristle_neuron,True,,acetylcholine,,wing_margin,bristle,tactile,,wing_margin_bristle_neuron,False,,,,banc_meta,
720575941470498315,WG4,right,right_anterior_dorsal_mesothoracic_nerve,sensory,taste_bristle_gustatory_neuron,True,,glutamate,,wing_margin,taste_bristle,gustatory,ppk23,wing_margin_taste_bristle_gustatory_neuron,False,,,,banc_meta,2490
720575941470582493,SNta04,right,right_anterior_dorsal_mesothoracic_nerve,sensory,bristle_neuron,True,,acetylcholine,,wing_margin,bristle,tactile,,wing_margin_bristle_neuron,False,,,,banc_meta,
720575941470585611,anterior_dorsal_mesothoracic_nerve_cut,left,left_anterior_dorsal_mesothoracic_nerve,sensory,,False,,,,wing,,,,,False,,,,banc_meta,
720575941470946368,anterior_dorsal_mesothoracic_nerve_sensory,left,left_anterior_dorsal_mesothoracic_nerve,sensory,,False,,,,wing,,,,,False,,,,banc_meta,
720575941471225184,WG3,right,right_anterior_dorsal_mesothoracic_nerve,sensory,taste_bristle_gustatory_neuron,True,,glutamate,,wing_margin,taste_bristle,gustatory,"ppk23, ppk25",wing_margin_taste_bristle_gustatory_neuron,False,,,,banc_meta,2283
720575941471413312,SNta11,right,right_anterior_dorsal_mesothoracic_nerve,sensory,bristle_neuron,True,,acetylcholine,,wing_margin,bristle,tactile,,wing_margin_bristle_neuron,False,,,,banc_meta,1997
720575941471487499,SNpp20,left,left_dorsal_metathoracic_nerve,sensory,orphan_neuron,True,,acetylcholine,,haltere,orphan,proprioception,,haltere_orphan_neuron,True,,,,banc_meta,
720575941471860800,anterior_dorsal_mesothoracic_nerve_sensory,left,left_anterior_dorsal_mesothoracic_nerve,sensory,,False,,,,wing,,,,,False,,,,banc_meta,
720575941472173610,SApp07,right,right_dorsal_metathoracic_nerve,sensory,campaniform_sensillum_neuron,True,,acetylcholine,,haltere,campaniform_sensillum,proprioception,mechanical_strain,haltere_campaniform_sensillum_neuron,True,,,,banc_meta,
720575941472730464,WG2,right,right_anterior_dorsal_mesothoracic_nerve,sensory,taste_bristle_gustatory_neuron,True,,acetylcholine,,wing_margin,taste_bristle,gustatory,"sugar, Gr43a, Gr64f, Gr5a",wing_margin_taste_bristle_gustatory_neuron,False,,,,banc_meta,2383
720575941472847456,WG3,left,left_anterior_dorsal_mesothoracic_nerve,sensory,taste_bristle_gustatory_neuron,True,,glutamate,,wing_margin,taste_bristle,gustatory,"ppk23, ppk25",wing_margin_taste_bristle_gustatory_neuron,False,,,,banc_meta,
720575941472935008,WG2,left,left_anterior_dorsal_mesothoracic_nerve,sensory,taste_bristle_gustatory_neuron,True,,acetylcholine,,wing_margin,taste_bristle,gustatory,"sugar, Gr43a, Gr64f, Gr5a",wing_margin_taste_bristle_gustatory_neuron,False,,,,banc_meta,
720575941473441120,WG2,right,right_anterior_dorsal_mesothoracic_nerve,sensory,taste_bristle_gustatory_neuron,True,,acetylcholine,,wing_margin,taste_bristle,gustatory,"sugar, Gr43a, Gr64f, Gr5a",wing_margin_taste_bristle_gustatory_neuron,False,,,,banc_meta,
720575941474629425,anterior_dorsal_mesothoracic_nerve_cut,left,left_anterior_dorsal_mesothoracic_nerve,sensory,,True,,,,wing,,,,,False,,,,banc_meta,
720575941474661918,SNpp62,left,left_anterior_dorsal_mesothoracic_nerve,sensory,chordotonal_organ_neuron,True,,acetylcholine,,wing_base,chordotonal_organ,proprioception,vibro_position,wing_base_chordotonal_organ_neuron,True,,,,banc_meta,
720575941474841403,SNta03,left,left_dorsal_metathoracic_nerve,sensory,bristle_neuron,True,,acetylcholine,,haltere,bristle,tactile,,haltere_bristle_neuron,False,,,,banc_meta,
720575941476079665,SNpp23,right,right_posterior_dorsal_mesothoracic_nerve,sensory,thoracic_abdominal_segmental_sensory_neuron,True,serotonin,serotonin,,haltere,unknown_thoracic_abdominal_segmental,,,haltere_thoracic_abdominal_segmental_sensory_neuron,False,,,,banc_meta,
720575941476083562,WG4,left,left_anterior_dorsal_mesothoracic_nerve,sensory,taste_bristle_gustatory_neuron,True,,acetylcholine,,wing_margin,taste_bristle,gustatory,ppk23,wing_margin_taste_bristle_gustatory_neuron,False,,,,banc_meta,
720575941476089137,WG4,right,right_anterior_dorsal_mesothoracic_nerve,sensory,taste_bristle_gustatory_neuron,True,,acetylcholine,,wing_margin,taste_bristle,gustatory,ppk23,wing_margin_taste_bristle_gustatory_neuron,False,,,,banc_meta,2505
720575941476180766,SNta11,left,left_anterior_dorsal_mesothoracic_nerve,sensory,bristle_neuron,True,,acetylcholine,,wing_margin,bristle,tactile,,wing_margin_bristle_neuron,False,,,,banc_meta,2820
720575941476481345,SApp08,left,left_dorsal_metathoracic_nerve,sensory,campaniform_sensillum_neuron,True,,acetylcholine,,haltere,campaniform_sensillum,proprioception,mechanical_strain,haltere_campaniform_sensillum_neuron,True,,,,banc_meta,4444
720575941476587316,anterior_dorsal_mesothoracic_nerve_cut,left,left_anterior_dorsal_mesothoracic_nerve,sensory,,True,,,,wing,,,,,False,,,,banc_meta,
720575941476589620,SNta04,left,left_anterior_dorsal_mesothoracic_nerve,sensory,bristle_neuron,True,,acetylcholine,,wing_margin,bristle,tactile,,wing_margin_bristle_neuron,False,,,,banc_meta,2758
720575941476591156,WG4,right,right_anterior_dorsal_mesothoracic_nerve,sensory,taste_bristle_gustatory_neuron,True,,acetylcholine,,wing_margin,taste_bristle,gustatory,ppk23,wing_margin_taste_bristle_gustatory_neuron,False,,,,banc_meta,2393
720575941476600628,anterior_dorsal_mesothoracic_nerve,left,left_anterior_dorsal_mesothoracic_nerve,sensory,,True,,,,wing,,,,,False,,,,banc_meta,
720575941476644929,SNta11,right,right_anterior_dorsal_mesothoracic_nerve,sensory,bristle_neuron,True,,acetylcholine,,wing_margin,bristle,tactile,,wing_margin_bristle_neuron,False,,,,banc_meta,2034
720575941476726849,SNpp04,right,right_anterior_dorsal_mesothoracic_nerve,sensory,campaniform_sensillum_neuron,True,,acetylcholine,,wing,campaniform_sensillum,proprioception,mechanical_strain,wing_campaniform_sensillum_neuron,True,,,,banc_meta,
720575941476853790,anterior_dorsal_mesothoracic_nerve_sensory,left,left_anterior_dorsal_mesothoracic_nerve,sensory,,False,,,,wing,,,,,False,,,,banc_meta,
720575941476929844,SNta04,right,right_anterior_dorsal_mesothoracic_nerve,sensory,bristle_neuron,True,,acetylcholine,,wing_margin,bristle,tactile,,wing_margin_bristle_neuron,False,,,,banc_meta,
720575941477122410,SNpp24,right,right_dorsal_metathoracic_nerve,sensory,chordotonal_organ_neuron,True,,acetylcholine,,haltere,chordotonal_organ,proprioception,mechanical_strain,haltere_chordotonal_organ_neuron,True,,,,banc_meta,
720575941477227073,SNta03,left,left_dorsal_metathoracic_nerve,sensory,bristle_neuron,True,,acetylcholine,,haltere,bristle,tactile,,haltere_bristle_neuron,False,,,,banc_meta,
720575941477360180,SNta04,left,left_anterior_dorsal_mesothoracic_nerve,sensory,bristle_neuron,True,,acetylcholine,,wing_margin,bristle,tactile,,wing_margin_bristle_neuron,False,,,,banc_meta,
720575941477361204,SNpp25,left,left_dorsal_metathoracic_nerve,sensory,chordotonal_organ_neuron,True,,acetylcholine,,haltere,chordotonal_organ,proprioception,,haltere_chordotonal_organ_neuron,True,,,,banc_meta,4469
720575941477379121,SNpp38,right,right_anterior_dorsal_mesothoracic_nerve,sensory,campaniform_sensillum_neuron,True,,acetylcholine,,wing_tegula,campaniform_sensillum,proprioception,mechanical_strain,wing_tegula_campaniform_sensillum_neuron,True,,,,banc_meta,
720575941477488490,WG4,right,right_anterior_dorsal_mesothoracic_nerve,sensory,taste_bristle_gustatory_neuron,True,,acetylcholine,,wing_margin,taste_bristle,gustatory,ppk23,wing_margin_taste_bristle_gustatory_neuron,False,,,,banc_meta,
720575941477940354,SNta03,right,right_dorsal_metathoracic_nerve,sensory,bristle_neuron,True,,acetylcholine,,haltere,bristle,tactile,,haltere_bristle_neuron,False,,,,banc_meta,
720575941478061987,WG2,right,right_anterior_dorsal_mesothoracic_nerve,sensory,taste_bristle_gustatory_neuron,True,,glutamate,,wing_margin,taste_bristle,gustatory,"sugar, Gr43a, Gr64f, Gr5a",wing_margin_taste_bristle_gustatory_neuron,False,,,,banc_meta,2505
720575941478267360,WG2,left,left_anterior_dorsal_mesothoracic_nerve,sensory,taste_bristle_gustatory_neuron,True,,acetylcholine,,wing_margin,taste_bristle,gustatory,"sugar, Gr43a, Gr64f, Gr5a",wing_margin_taste_bristle_gustatory_neuron,False,,,,banc_meta,
720575941478349361,SNpp62,left,left_anterior_dorsal_mesothoracic_nerve,sensory,chordotonal_organ_neuron,True,,acetylcholine,,wing_base,chordotonal_organ,proprioception,vibro_position,wing_base_chordotonal_organ_neuron,True,,,,banc_meta,
720575941478387050,SNpp10,right,right_anterior_dorsal_mesothoracic_nerve,sensory,chordotonal_organ_neuron,True,,acetylcholine,,wing_tegula,chordotonal_organ,proprioception,vibro_position,wing_tegula_chordotonal_organ_neuron,True,,,,banc_meta,2114
720575941478481438,SApp02,right,right_dorsal_metathoracic_nerve,sensory,campaniform_sensillum_neuron,True,,acetylcholine,,haltere,campaniform_sensillum,proprioception,mechanical_strain,haltere_campaniform_sensillum_neuron,True,,,,banc_meta,
720575941478616094,SNpp61,right,right_anterior_dorsal_mesothoracic_nerve,sensory,chordotonal_organ_neuron,True,,acetylcholine,,wing_base,chordotonal_organ,proprioception,vibro_position,wing_base_chordotonal_organ_neuron,True,,,,banc_meta,
720575941478762319,SNxx28,left,left_anterior_dorsal_mesothoracic_nerve,sensory,hair_plate_neuron,True,,acetylcholine,,wing_tegula,hair_plate,proprioception,joint_angle,wing_tegula_hair_plate_neuron,True,,,,banc_meta,2712
720575941479305952,SNpp20,right,right_dorsal_metathoracic_nerve,sensory,campaniform_sensillum_neuron,True,,acetylcholine,,haltere,campaniform_sensillum,proprioception,mechanical_strain,haltere_campaniform_sensillum_neuron,True,,,,banc_meta,
720575941479605378,WG2,right,right_anterior_dorsal_mesothoracic_nerve,sensory,taste_bristle_gustatory_neuron,True,,acetylcholine,,wing_margin,taste_bristle,gustatory,"sugar, Gr43a, Gr64f, Gr5a",wing_margin_taste_bristle_gustatory_neuron,False,,,,banc_meta,2374
720575941479664490,SNta04,left,left_anterior_dorsal_mesothoracic_nerve,sensory,bristle_neuron,True,,acetylcholine,,wing_margin,bristle,tactile,,wing_margin_bristle_neuron,False,,,,banc_meta,
720575941479737507,WG2,left,left_anterior_dorsal_mesothoracic_nerve,sensory,taste_bristle_gustatory_neuron,True,,acetylcholine,,wing_margin,taste_bristle,gustatory,"sugar, Gr43a, Gr64f, Gr5a",wing_margin_taste_bristle_gustatory_neuron,False,,,,banc_meta,
720575941479853475,SNta08,right,right_anterior_dorsal_mesothoracic_nerve,sensory,bristle_neuron,True,,acetylcholine,,wing_margin,bristle,tactile,,wing_margin_bristle_neuron,False,,,,banc_meta,
720575941479859050,SNta11,right,right_anterior_dorsal_mesothoracic_nerve,sensory,bristle_neuron,True,,acetylcholine,,wing_margin,bristle,tactile,,wing_margin_bristle_neuron,False,,,,banc_meta,
720575941480836687,SNta18,right,right_anterior_dorsal_mesothoracic_nerve,sensory,bristle_neuron,True,,acetylcholine,,wing_margin,bristle,tactile,,wing_margin_bristle_neuron,False,,,,banc_meta,
720575941481133309,SNpp20,right,right_dorsal_metathoracic_nerve,sensory,campaniform_sensillum_neuron,True,,acetylcholine,,haltere,campaniform_sensillum,proprioception,mechanical_strain,haltere_campaniform_sensillum_neuron,True,,,,banc_meta,
720575941481287421,SNta11,left,left_anterior_dorsal_mesothoracic_nerve,sensory,bristle_neuron,True,,acetylcholine,,wing_margin,bristle,tactile,,wing_margin_bristle_neuron,False,,,,banc_meta,2562
720575941481962147,SNta14,right,right_anterior_dorsal_mesothoracic_nerve,sensory,bristle_neuron,True,,acetylcholine,,wing_margin,bristle,tactile,,wing_margin_bristle_neuron,False,,,,banc_meta,
720575941482016963,SNxx26,right,right_anterior_dorsal_mesothoracic_nerve,sensory,hair_plate_neuron,True,,acetylcholine,,wing_tegula,hair_plate,proprioception,joint_angle,wing_tegula_hair_plate_neuron,True,,,,banc_meta,
720575941482156998,WG3,left,left_anterior_dorsal_mesothoracic_nerve,sensory,taste_bristle_gustatory_neuron,True,,glutamate,,wing_margin,taste_bristle,gustatory,"ppk23, ppk25",wing_margin_taste_bristle_gustatory_neuron,False,,,,banc_meta,
720575941482173382,SNpp30,right,right_anterior_dorsal_mesothoracic_nerve,sensory,campaniform_sensillum_neuron,True,,acetylcholine,,wing_base,campaniform_sensillum,proprioception,mechanical_strain,wing_base_campaniform_sensillum_neuron,True,,,,banc_meta,
720575941482186182,WG3,left,left_anterior_dorsal_mesothoracic_nerve,sensory,taste_bristle_gustatory_neuron,True,,acetylcholine,,wing_margin,taste_bristle,gustatory,"ppk23, ppk25",wing_margin_taste_bristle_gustatory_neuron,False,,,,banc_meta,
720575941482347261,anterior_dorsal_mesothoracic_nerve_cut,left,left_anterior_dorsal_mesothoracic_nerve,sensory,,False,,,,wing,,,,,False,,,,banc_meta,
720575941482445242,anterior_dorsal_mesothoracic_nerve_cut,left,left_anterior_dorsal_mesothoracic_nerve,sensory,,True,,,,wing,,,,,False,,,,banc_meta,
720575941482572730,SNpp61,left,left_anterior_dorsal_mesothoracic_nerve,sensory,chordotonal_organ_neuron,True,,acetylcholine,,wing_base,chordotonal_organ,proprioception,vibro_position,wing_base_chordotonal_organ_neuron,True,,,,banc_meta,
720575941482816186,SNpp23,left,left_dorsal_metathoracic_nerve,sensory,thoracic_abdominal_segmental_sensory_neuron,True,serotonin,serotonin,,haltere,unknown_thoracic_abdominal_segmental,,,haltere_thoracic_abdominal_segmental_sensory_neuron,False,,,,banc_meta,
720575941483102150,SNpp25,left,left_dorsal_metathoracic_nerve,sensory,orphan_neuron,True,,acetylcholine,,haltere,orphan,proprioception,,haltere_orphan_neuron,True,,,,banc_meta,
720575941483125245,SNpp29,right,right_anterior_dorsal_mesothoracic_nerve,sensory,chordotonal_organ_neuron,True,,acetylcholine,,wing_base,chordotonal_organ,proprioception,vibro_position,wing_base_chordotonal_organ_neuron,True,,,,banc_meta,
720575941483643578,SNpp20,left,left_dorsal_metathoracic_nerve,sensory,campaniform_sensillum_neuron,True,,acetylcholine,,haltere,campaniform_sensillum,proprioception,mechanical_strain,haltere_campaniform_sensillum_neuron,True,,,,banc_meta,4621
720575941484223177,SNta04,left,left_anterior_dorsal_mesothoracic_nerve,sensory,bristle_neuron,True,,acetylcholine,,wing_margin,bristle,tactile,,wing_margin_bristle_neuron,False,,,,banc_meta,
720575941484522758,WG3,left,left_anterior_dorsal_mesothoracic_nerve,sensory,taste_bristle_gustatory_neuron,True,,glutamate,,wing_margin,taste_bristle,gustatory,"ppk23, ppk25",wing_margin_taste_bristle_gustatory_neuron,False,,,,banc_meta,
720575941484748541,SNta11,right,right_anterior_dorsal_mesothoracic_nerve,sensory,bristle_neuron,True,,acetylcholine,,wing_margin,bristle,tactile,,wing_margin_bristle_neuron,False,,,,banc_meta,2051
720575941485295824,WG3,right,right_anterior_dorsal_mesothoracic_nerve,sensory,taste_bristle_gustatory_neuron,True,,acetylcholine,,wing_margin,taste_bristle,gustatory,"ppk23, ppk25",wing_margin_taste_bristle_gustatory_neuron,False,,,,banc_meta,2490
720575941485419661,WG3,right,right_anterior_dorsal_mesothoracic_nerve,sensory,taste_bristle_gustatory_neuron,True,,acetylcholine,,wing_margin,taste_bristle,gustatory,"ppk23, ppk25",wing_margin_taste_bristle_gustatory_neuron,False,,,,banc_meta,2490
720575941485449357,WG2,right,right_anterior_dorsal_mesothoracic_nerve,sensory,taste_bristle_gustatory_neuron,True,,acetylcholine,,wing_margin,taste_bristle,gustatory,"sugar, Gr43a, Gr64f, Gr5a",wing_margin_taste_bristle_gustatory_neuron,False,,,,banc_meta,
720575941485561552,anterior_dorsal_mesothoracic_nerve_sensory,left,left_anterior_dorsal_mesothoracic_nerve,sensory,,False,,,,wing,,,,,False,,,,banc_meta,
720575941485805776,SNta04,left,left_anterior_dorsal_mesothoracic_nerve,sensory,bristle_neuron,True,,acetylcholine,,wing_margin,bristle,tactile,,wing_margin_bristle_neuron,False,,,,banc_meta,
720575941487025104,WG2,right,right_anterior_dorsal_mesothoracic_nerve,sensory,taste_bristle_gustatory_neuron,True,,acetylcholine,,wing_margin,taste_bristle,gustatory,"sugar, Gr43a, Gr64f, Gr5a",wing_margin_taste_bristle_gustatory_neuron,False,,,,banc_meta,2023
720575941487260873,SNta18,left,left_anterior_dorsal_mesothoracic_nerve,sensory,bristle_neuron,True,,acetylcholine,,wing_margin,bristle,tactile,,wing_margin_bristle_neuron,False,,,,banc_meta,3021
720575941487662658,SNta06,left,left_anterior_dorsal_mesothoracic_nerve,sensory,bristle_neuron,True,,acetylcholine,,wing,bristle,tactile,,thorax_bristle_neuron,False,,,,banc_meta,
720575941487706374,SNta11,right,right_anterior_dorsal_mesothoracic_nerve,sensory,bristle_neuron,True,,acetylcholine,,wing_margin,bristle,tactile,,wing_margin_bristle_neuron,False,,,,banc_meta,
720575941487714370,SNta04,left,left_anterior_dorsal_mesothoracic_nerve,sensory,bristle_neuron,True,,acetylcholine,,wing_margin,bristle,tactile,,wing_margin_bristle_neuron,False,,,,banc_meta,
720575941487761973,WG3,right,right_anterior_dorsal_mesothoracic_nerve,sensory,taste_bristle_gustatory_neuron,True,,acetylcholine,,wing_margin,taste_bristle,gustatory,"ppk23, ppk25",wing_margin_taste_bristle_gustatory_neuron,False,,,,banc_meta,2023
720575941487849734,SNpp32,right,right_anterior_dorsal_mesothoracic_nerve,sensory,campaniform_sensillum_neuron,True,,acetylcholine,,wing_base,campaniform_sensillum,proprioception,mechanical_strain,wing_base_campaniform_sensillum_neuron,True,,,,banc_meta,
720575941487856134,SNta11,left,left_anterior_dorsal_mesothoracic_nerve,sensory,bristle_neuron,True,,acetylcholine,,wing_margin,bristle,tactile,,wing_margin_bristle_neuron,False,,,,banc_meta,
720575941488386512,SNpp04,right,right_anterior_dorsal_mesothoracic_nerve,sensory,campaniform_sensillum_neuron,True,,acetylcholine,,wing,campaniform_sensillum,proprioception,mechanical_strain,wing_campaniform_sensillum_neuron,True,,,,banc_meta,2360
720575941488789198,SNpp08,left,left_anterior_dorsal_mesothoracic_nerve,sensory,campaniform_sensillum_neuron,True,,acetylcholine,,wing_base,campaniform_sensillum,proprioception,mechanical_strain,wing_base_campaniform_sensillum_neuron,True,,,,banc_meta,2828
720575941488986828,SNpp37,left,left_anterior_dorsal_mesothoracic_nerve,sensory,campaniform_sensillum_neuron,True,,acetylcholine,,wing_tegula,campaniform_sensillum,proprioception,mechanical_strain,wing_tegula_campaniform_sensillum_neuron,True,,,,banc_meta,
720575941489031221,anterior_dorsal_mesothoracic_nerve_cut,left,left_anterior_dorsal_mesothoracic_nerve,sensory,,True,,,,wing,,,,,False,,,,banc_meta,
720575941489223888,SNpp20,left,left_dorsal_metathoracic_nerve,sensory,campaniform_sensillum_neuron,True,,acetylcholine,,haltere,campaniform_sensillum,proprioception,mechanical_strain,haltere_campaniform_sensillum_neuron,True,,,,banc_meta,4621
720575941489242599,SNpp61,left,left_anterior_dorsal_mesothoracic_nerve,sensory,chordotonal_organ_neuron,True,,acetylcholine,,wing_base,chordotonal_organ,proprioception,vibro_position,wing_base_chordotonal_organ_neuron,True,,,,banc_meta,
720575941489304629,SNta18,left,left_anterior_dorsal_mesothoracic_nerve,sensory,bristle_neuron,True,,acetylcholine,,wing_margin,bristle,tactile,,wing_margin_bristle_neuron,False,,,,banc_meta,2801
720575941489388489,SNta14,right,right_anterior_dorsal_mesothoracic_nerve,sensory,bristle_neuron,True,,acetylcholine,,wing_margin,bristle,tactile,,wing_margin_bristle_neuron,False,,,,banc_meta,2324
720575941489391561,SNta03,right,right_dorsal_metathoracic_nerve,sensory,chordotonal_organ_neuron,True,,acetylcholine,,haltere,chordotonal_organ,proprioception,,haltere_chordotonal_organ_neuron,True,,,,banc_meta,
720575941489399349,SNta11,right,right_anterior_dorsal_mesothoracic_nerve,sensory,bristle_neuron,True,,acetylcholine,,wing_margin,bristle,tactile,,wing_margin_bristle_neuron,False,,,,banc_meta,2262
720575941489741001,SNta18,right,right_anterior_dorsal_mesothoracic_nerve,sensory,bristle_neuron,True,,acetylcholine,,wing_margin,bristle,tactile,,wing_margin_bristle_neuron,False,,,,banc_meta,2126
720575941490228430,SNta03,left,left_dorsal_metathoracic_nerve,sensory,bristle_neuron,True,,acetylcholine,,haltere,bristle,tactile,,haltere_bristle_neuron,False,,,,banc_meta,
720575941490411212,WG4,left,left_anterior_dorsal_mesothoracic_nerve,sensory,taste_bristle_gustatory_neuron,True,,acetylcholine,,wing_margin,taste_bristle,gustatory,ppk23,wing_margin_taste_bristle_gustatory_neuron,False,,,,banc_meta,
720575941490805479,anterior_dorsal_mesothoracic_nerve_cut,left,left_anterior_dorsal_mesothoracic_nerve,sensory,,True,,,,wing,,,,,False,,,,banc_meta,
720575941490846951,SNta03,left,left_dorsal_metathoracic_nerve,sensory,bristle_neuron,True,,acetylcholine,,haltere,bristle,tactile,,haltere_bristle_neuron,False,,,,banc_meta,
720575941490893518,SNta18,right,right_anterior_dorsal_mesothoracic_nerve,sensory,bristle_neuron,True,,acetylcholine,,wing_margin,bristle,tactile,,wing_margin_bristle_neuron,False,,,,banc_meta,2271
720575941491091662,SNpp10,right,right_anterior_dorsal_mesothoracic_nerve,sensory,chordotonal_organ_neuron,True,,acetylcholine,,wing_tegula,chordotonal_organ,proprioception,vibro_position,wing_tegula_chordotonal_organ_neuron,True,,,,banc_meta,
720575941491271881,SNta18,left,left_anterior_dorsal_mesothoracic_nerve,sensory,bristle_neuron,True,,acetylcholine,,wing_margin,bristle,tactile,,wing_margin_bristle_neuron,False,,,,banc_meta,2832
720575941491412937,SNta14,right,right_anterior_dorsal_mesothoracic_nerve,sensory,bristle_neuron,True,,acetylcholine,,wing_margin,bristle,tactile,,wing_margin_bristle_neuron,False,,,,banc_meta,
720575941491586357,SNta11,right,right_anterior_dorsal_mesothoracic_nerve,sensory,bristle_neuron,True,,acetylcholine,,wing_margin,bristle,tactile,,wing_margin_bristle_neuron,False,,,,banc_meta,
720575941491951310,SNpp20,left,left_dorsal_metathoracic_nerve,sensory,campaniform_sensillum_neuron,True,,acetylcholine,,haltere,campaniform_sensillum,proprioception,mechanical_strain,haltere_campaniform_sensillum_neuron,True,,,,banc_meta,
720575941493120231,SNpp62,left,left_anterior_dorsal_mesothoracic_nerve,sensory,chordotonal_organ_neuron,True,,acetylcholine,,wing_base,chordotonal_organ,proprioception,vibro_position,wing_base_chordotonal_organ_neuron,True,,,,banc_meta,
720575941493438919,SNta04,right,right_anterior_dorsal_mesothoracic_nerve,sensory,bristle_neuron,True,,acetylcholine,,wing_margin,bristle,tactile,,wing_margin_bristle_neuron,False,,,,banc_meta,
720575941494084992,WG2,right,right_anterior_dorsal_mesothoracic_nerve,sensory,taste_bristle_gustatory_neuron,True,,acetylcholine,,wing_margin,taste_bristle,gustatory,"sugar, Gr43a, Gr64f, Gr5a",wing_margin_taste_bristle_gustatory_neuron,False,,,,banc_meta,2267
720575941494241152,WG4,left,left_anterior_dorsal_mesothoracic_nerve,sensory,taste_bristle_gustatory_neuron,True,,acetylcholine,,wing_margin,taste_bristle,gustatory,ppk23,wing_margin_taste_bristle_gustatory_neuron,False,,,,banc_meta,
720575941494533248,anterior_dorsal_mesothoracic_nerve_cut,left,left_anterior_dorsal_mesothoracic_nerve,sensory,,False,,,,wing,,,,,False,,,,banc_meta,
720575941494993095,SNpp29,left,left_anterior_dorsal_mesothoracic_nerve,sensory,chordotonal_organ_neuron,True,,acetylcholine,,wing_base,chordotonal_organ,proprioception,vibro_position,wing_base_chordotonal_organ_neuron,True,,,,banc_meta,2888
720575941495196615,SNta14,left,left_anterior_dorsal_mesothoracic_nerve,sensory,bristle_neuron,True,,acetylcholine,,wing_margin,bristle,tactile,,wing_margin_bristle_neuron,False,,,,banc_meta,2832
720575941495765371,anterior_dorsal_mesothoracic_nerve_cut,right,right_anterior_dorsal_mesothoracic_nerve,sensory,,True,,octopamine,,wing,,,,,False,,,,banc_meta,
720575941495888763,anterior_dorsal_mesothoracic_nerve_cut,left,left_anterior_dorsal_mesothoracic_nerve,sensory,,True,,,,wing,,,,,False,,,,banc_meta,
720575941496093566,SNta11,right,right_anterior_dorsal_mesothoracic_nerve,sensory,bristle_neuron,True,,acetylcholine,,wing_margin,bristle,tactile,,wing_margin_bristle_neuron,False,,,,banc_meta,
720575941496178887,SNpp34,left,left_dorsal_metathoracic_nerve,sensory,orphan_neuron,True,,acetylcholine,,haltere,orphan,proprioception,,haltere_orphan_neuron,True,,,,banc_meta,
720575941496257761,SNta03,right,right_dorsal_metathoracic_nerve,sensory,bristle_neuron,True,,acetylcholine,,haltere,bristle,tactile,,haltere_bristle_neuron,False,,,,banc_meta,
720575941496305095,SApp05,right,right_dorsal_metathoracic_nerve,sensory,campaniform_sensillum_neuron,True,,acetylcholine,,haltere,campaniform_sensillum,proprioception,mechanical_strain,haltere_campaniform_sensillum_neuron,True,,,,banc_meta,4278
720575941496517705,anterior_dorsal_mesothoracic_nerve_cut,left,left_anterior_dorsal_mesothoracic_nerve,sensory,,True,,,,wing,,,,,False,,,,banc_meta,
720575941496692096,SNpp05,right,right_anterior_dorsal_mesothoracic_nerve,sensory,campaniform_sensillum_neuron,True,,acetylcholine,,wing,campaniform_sensillum,proprioception,mechanical_strain,wing_campaniform_sensillum_neuron,True,,,,banc_meta,
720575941496935074,WG2,right,right_anterior_dorsal_mesothoracic_nerve,sensory,taste_bristle_gustatory_neuron,True,,acetylcholine,,wing_margin,taste_bristle,gustatory,"sugar, Gr43a, Gr64f, Gr5a",wing_margin_taste_bristle_gustatory_neuron,False,,,,banc_meta,2374
720575941497349248,SNta14,right,right_anterior_dorsal_mesothoracic_nerve,sensory,bristle_neuron,True,,acetylcholine,,wing_margin,bristle,tactile,,wing_margin_bristle_neuron,False,,,,banc_meta,
720575941497407611,SNta04,right,right_anterior_dorsal_mesothoracic_nerve,sensory,bristle_neuron,True,,acetylcholine,,wing_margin,bristle,tactile,,wing_margin_bristle_neuron,False,,,,banc_meta,2449
720575941497471611,WG2,right,right_anterior_dorsal_mesothoracic_nerve,sensory,taste_bristle_gustatory_neuron,True,,acetylcholine,,wing_margin,taste_bristle,gustatory,"sugar, Gr43a, Gr64f, Gr5a",wing_margin_taste_bristle_gustatory_neuron,False,,,,banc_meta,
720575941497473659,WG2,right,right_anterior_dorsal_mesothoracic_nerve,sensory,taste_bristle_gustatory_neuron,True,,acetylcholine,,wing_margin,taste_bristle,gustatory,"sugar, Gr43a, Gr64f, Gr5a",wing_margin_taste_bristle_gustatory_neuron,False,,,,banc_meta,2267
720575941497502587,WG3,left,left_anterior_dorsal_mesothoracic_nerve,sensory,taste_bristle_gustatory_neuron,True,,,,wing_margin,taste_bristle,gustatory,"ppk23, ppk25",wing_margin_taste_bristle_gustatory_neuron,False,,,,banc_meta,
720575941498084321,WG2,left,left_anterior_dorsal_mesothoracic_nerve,sensory,taste_bristle_gustatory_neuron,True,,acetylcholine,,wing_margin,taste_bristle,gustatory,"sugar, Gr43a, Gr64f, Gr5a",wing_margin_taste_bristle_gustatory_neuron,False,,,,banc_meta,
720575941498100809,unknown_sensory,left,left_dorsal_metathoracic_nerve,sensory,,False,,serotonin,,haltere,,,,,False,,,,banc_meta,
720575941498143713,SNpp14,left,left_dorsal_metathoracic_nerve,sensory,orphan_neuron,True,,acetylcholine,,haltere,orphan,proprioception,,haltere_orphan_neuron,True,,,,banc_meta,
720575941498246050,WG2,right,right_anterior_dorsal_mesothoracic_nerve,sensory,taste_bristle_gustatory_neuron,True,,acetylcholine,,wing_margin,taste_bristle,gustatory,"sugar, Gr43a, Gr64f, Gr5a",wing_margin_taste_bristle_gustatory_neuron,False,,,,banc_meta,2257
720575941498781602,SNta18,right,right_anterior_dorsal_mesothoracic_nerve,sensory,bristle_neuron,True,,acetylcholine,,wing_margin,bristle,tactile,,wing_margin_bristle_neuron,False,,,,banc_meta,2126
720575941498988873,SNpp14,left,left_dorsal_metathoracic_nerve,sensory,orphan_neuron,True,,acetylcholine,,haltere,orphan,proprioception,,haltere_orphan_neuron,True,,,,banc_meta,
720575941499825019,SNta14,left,left_anterior_dorsal_mesothoracic_nerve,sensory,bristle_neuron,True,,acetylcholine,,wing_margin,bristle,tactile,,wing_margin_bristle_neuron,False,,,,banc_meta,
720575941500272969,WG2,left,left_anterior_dorsal_mesothoracic_nerve,sensory,taste_bristle_gustatory_neuron,True,,acetylcholine,,wing_margin,taste_bristle,gustatory,"sugar, Gr43a, Gr64f, Gr5a",wing_margin_taste_bristle_gustatory_neuron,False,,,,banc_meta,
720575941500662667,SNta18,left,left_anterior_dorsal_mesothoracic_nerve,sensory,bristle_neuron,True,,acetylcholine,,wing_margin,bristle,tactile,,wing_margin_bristle_neuron,False,,,,banc_meta,3021
720575941501166475,WG3,right,right_anterior_dorsal_mesothoracic_nerve,sensory,taste_bristle_gustatory_neuron,True,,acetylcholine,,wing_margin,taste_bristle,gustatory,"ppk23, ppk25",wing_margin_taste_bristle_gustatory_neuron,False,,,,banc_meta,2490
720575941501533931,anterior_dorsal_mesothoracic_nerve_sensory,left,left_anterior_dorsal_mesothoracic_nerve,sensory,,False,,,,wing,,,,,False,,,,banc_meta,
720575941502233995,SNpp34,right,right_dorsal_metathoracic_nerve,sensory,chordotonal_organ_neuron,True,,acetylcholine,,haltere,chordotonal_organ,proprioception,,haltere_chordotonal_organ_neuron,True,,,,banc_meta,
720575941502724331,SNpp32,right,right_anterior_dorsal_mesothoracic_nerve,sensory,campaniform_sensillum_neuron,True,,acetylcholine,,wing_base,campaniform_sensillum,proprioception,mechanical_strain,wing_base_campaniform_sensillum_neuron,True,,,,banc_meta,2072
720575941502784343,SNpp32,right,right_anterior_dorsal_mesothoracic_nerve,sensory,campaniform_sensillum_neuron,True,,acetylcholine,,wing_base,campaniform_sensillum,proprioception,mechanical_strain,wing_base_campaniform_sensillum_neuron,True,,,,banc_meta,2090
720575941503516907,SNta04,left,left_anterior_dorsal_mesothoracic_nerve,sensory,bristle_neuron,True,,,,wing_margin,bristle,tactile,,wing_margin_bristle_neuron,False,,,,banc_meta,
720575941503579557,anterior_dorsal_mesothoracic_nerve_sensory,left,left_anterior_dorsal_mesothoracic_nerve,sensory,,False,,,,wing,,,,,False,,,,banc_meta,
720575941503626434,anterior_dorsal_mesothoracic_nerve_sensory,left,left_anterior_dorsal_mesothoracic_nerve,sensory,,False,,,,wing,,,,,False,,,,banc_meta,
720575941503727922,SNta03,left,left_dorsal_metathoracic_nerve,sensory,bristle_neuron,True,,acetylcholine,,haltere,bristle,tactile,,haltere_bristle_neuron,False,,,,banc_meta,
720575941503783228,anterior_dorsal_mesothoracic_nerve_sensory,left,left_anterior_dorsal_mesothoracic_nerve,sensory,,False,,,,wing,,,,,False,,,,banc_meta,
720575941504233047,SNpp23,right,right_dorsal_metathoracic_nerve,sensory,thoracic_abdominal_segmental_sensory_neuron,True,serotonin,serotonin,,haltere,unknown_thoracic_abdominal_segmental,,,haltere_thoracic_abdominal_segmental_sensory_neuron,False,,,,banc_meta,
720575941504617541,WG2,left,left_anterior_dorsal_mesothoracic_nerve,sensory,taste_bristle_gustatory_neuron,True,,acetylcholine,,wing_margin,taste_bristle,gustatory,"sugar, Gr43a, Gr64f, Gr5a",wing_margin_taste_bristle_gustatory_neuron,False,,,,banc_meta,
720575941504656619,SNta04,left,left_anterior_dorsal_mesothoracic_nerve,sensory,bristle_neuron,True,,acetylcholine,,wing_margin,bristle,tactile,,wing_margin_bristle_neuron,False,,,,banc_meta,2646
720575941504699671,SNta04,left,left_anterior_dorsal_mesothoracic_nerve,sensory,bristle_neuron,True,,acetylcholine,,wing_margin,bristle,tactile,,wing_margin_bristle_neuron,False,,,,banc_meta,
720575941504763045,SNta18,left,left_anterior_dorsal_mesothoracic_nerve,sensory,bristle_neuron,True,,acetylcholine,,wing_margin,bristle,tactile,,wing_margin_bristle_neuron,False,,,,banc_meta,2801
720575941504776357,WG3,right,right_anterior_dorsal_mesothoracic_nerve,sensory,taste_bristle_gustatory_neuron,True,,glutamate,,wing_margin,taste_bristle,gustatory,"ppk23, ppk25",wing_margin_taste_bristle_gustatory_neuron,False,,,,banc_meta,2274
720575941504898981,SNta04,right,right_anterior_dorsal_mesothoracic_nerve,sensory,bristle_neuron,True,,acetylcholine,,wing_margin,bristle,tactile,,wing_margin_bristle_neuron,False,,,,banc_meta,
720575941505092695,SNta11,left,left_anterior_dorsal_mesothoracic_nerve,sensory,bristle_neuron,True,,acetylcholine,,wing_margin,bristle,tactile,,wing_margin_bristle_neuron,False,,,,banc_meta,
720575941505282213,WG2,right,right_anterior_dorsal_mesothoracic_nerve,sensory,taste_bristle_gustatory_neuron,True,,acetylcholine,,wing_margin,taste_bristle,gustatory,"sugar, Gr43a, Gr64f, Gr5a",wing_margin_taste_bristle_gustatory_neuron,False,,,,banc_meta,2490
720575941505288279,SNta14,right,right_anterior_dorsal_mesothoracic_nerve,sensory,bristle_neuron,True,,acetylcholine,,wing_margin,bristle,tactile,,wing_margin_bristle_neuron,False,,,,banc_meta,
720575941505304997,WG3,right,right_anterior_dorsal_mesothoracic_nerve,sensory,taste_bristle_gustatory_neuron,True,,glutamate,,wing_margin,taste_bristle,gustatory,"ppk23, ppk25",wing_margin_taste_bristle_gustatory_neuron,False,,,,banc_meta,2490
720575941505314469,SNta04,right,right_anterior_dorsal_mesothoracic_nerve,sensory,bristle_neuron,True,,acetylcholine,,wing_margin,bristle,tactile,,wing_margin_bristle_neuron,False,,,,banc_meta,
720575941505316402,SNta11,right,right_anterior_dorsal_mesothoracic_nerve,sensory,bristle_neuron,True,,acetylcholine,,wing_margin,bristle,tactile,,wing_margin_bristle_neuron,False,,,,banc_meta,
720575941505428901,anterior_dorsal_mesothoracic_nerve_cut,left,left_anterior_dorsal_mesothoracic_nerve,sensory,,True,,,,wing,,,,,False,,,,banc_meta,
720575941505711410,WG2,left,left_anterior_dorsal_mesothoracic_nerve,sensory,taste_bristle_gustatory_neuron,True,,acetylcholine,,wing_margin,taste_bristle,gustatory,"sugar, Gr43a, Gr64f, Gr5a",wing_margin_taste_bristle_gustatory_neuron,False,,,,banc_meta,
720575941505802369,SNta04,right,right_anterior_dorsal_mesothoracic_nerve,sensory,bristle_neuron,True,,acetylcholine,,wing_margin,bristle,tactile,,wing_margin_bristle_neuron,False,,,,banc_meta,
720575941505924668,SNta04,right,right_anterior_dorsal_mesothoracic_nerve,sensory,bristle_neuron,True,,acetylcholine,,wing_margin,bristle,tactile,,wing_margin_bristle_neuron,False,,,,banc_meta,2449
720575941506032151,SNpp20,right,right_dorsal_metathoracic_nerve,sensory,campaniform_sensillum_neuron,True,,acetylcholine,,haltere,campaniform_sensillum,proprioception,mechanical_strain,haltere_campaniform_sensillum_neuron,True,,,,banc_meta,
720575941506107973,SNpp09,left,left_anterior_dorsal_mesothoracic_nerve,sensory,campaniform_sensillum_neuron,True,,acetylcholine,,wing_base,campaniform_sensillum,proprioception,mechanical_strain,wing_base_campaniform_sensillum_neuron,True,,,,banc_meta,
720575941506158882,WG2,left,left_anterior_dorsal_mesothoracic_nerve,sensory,taste_bristle_gustatory_neuron,True,,acetylcholine,,wing_margin,taste_bristle,gustatory,"sugar, Gr43a, Gr64f, Gr5a",wing_margin_taste_bristle_gustatory_neuron,False,,,,banc_meta,
720575941506235708,SNpp30,right,right_anterior_dorsal_mesothoracic_nerve,sensory,campaniform_sensillum_neuron,True,,acetylcholine,,wing_base,campaniform_sensillum,proprioception,mechanical_strain,wing_base_campaniform_sensillum_neuron,True,,,,banc_meta,2120
720575941506302373,SNxx28,right,right_anterior_dorsal_mesothoracic_nerve,sensory,hair_plate_neuron,True,,acetylcholine,,wing_tegula,hair_plate,proprioception,joint_angle,wing_tegula_hair_plate_neuron,True,,,,banc_meta,
720575941506427521,WG3,left,left_anterior_dorsal_mesothoracic_nerve,sensory,taste_bristle_gustatory_neuron,True,,glutamate,,wing_margin,taste_bristle,gustatory,"ppk23, ppk25",wing_margin_taste_bristle_gustatory_neuron,False,,,,banc_meta,
720575941506721815,SNta03,left,left_dorsal_metathoracic_nerve,sensory,bristle_neuron,True,,acetylcholine,,haltere,bristle,tactile,,haltere_bristle_neuron,False,,,,banc_meta,
720575941507228997,SNpp32,left,left_anterior_dorsal_mesothoracic_nerve,sensory,campaniform_sensillum_neuron,True,,acetylcholine,,wing_base,campaniform_sensillum,proprioception,mechanical_strain,wing_base_campaniform_sensillum_neuron,True,,,,banc_meta,
720575941507339810,SNpp35,left,left_dorsal_metathoracic_nerve,sensory,campaniform_sensillum_neuron,True,,acetylcholine,,haltere,campaniform_sensillum,proprioception,mechanical_strain,haltere_campaniform_sensillum_neuron,True,,,,banc_meta,
720575941507418940,SNta07,right,right_anterior_dorsal_mesothoracic_nerve,sensory,bristle_neuron,True,,acetylcholine,,wing_margin,bristle,tactile,,wing_margin_bristle_neuron,False,,,,banc_meta,
720575941507445342,anterior_dorsal_mesothoracic_nerve_cut,left,left_anterior_dorsal_mesothoracic_nerve,sensory,,True,,,,wing,,,,,False,,,,banc_meta,
720575941507530369,SNxx24,left,left_anterior_dorsal_mesothoracic_nerve,sensory,multidendritic_neuron,True,,acetylcholine,,wing,multidendritic,nociception,putative_nociception,wing_multidendritic_neuron,False,,,,banc_meta,2574
720575941507564673,WG4,right,right_anterior_dorsal_mesothoracic_nerve,sensory,taste_bristle_gustatory_neuron,True,,acetylcholine,,wing_margin,taste_bristle,gustatory,ppk23,wing_margin_taste_bristle_gustatory_neuron,False,,,,banc_meta,2505
720575941507567420,SNta14,left,left_anterior_dorsal_mesothoracic_nerve,sensory,bristle_neuron,True,,acetylcholine,,wing_margin,bristle,tactile,,wing_margin_bristle_neuron,False,,,,banc_meta,
720575941507640449,WG2,right,right_anterior_dorsal_mesothoracic_nerve,sensory,taste_bristle_gustatory_neuron,True,,acetylcholine,,wing_margin,taste_bristle,gustatory,"sugar, Gr43a, Gr64f, Gr5a",wing_margin_taste_bristle_gustatory_neuron,False,,,,banc_meta,
720575941507728709,SNxx26,left,left_anterior_dorsal_mesothoracic_nerve,sensory,hair_plate_neuron,True,,acetylcholine,,wing_tegula,hair_plate,proprioception,joint_angle,wing_tegula_hair_plate_neuron,True,,,,banc_meta,2511
720575941507931920,WG3,left,left_anterior_dorsal_mesothoracic_nerve,sensory,taste_bristle_gustatory_neuron,True,,acetylcholine,,wing_margin,taste_bristle,gustatory,"ppk23, ppk25",wing_margin_taste_bristle_gustatory_neuron,False,,,,banc_meta,
720575941508166935,SNta04,left,left_anterior_dorsal_mesothoracic_nerve,sensory,bristle_neuron,True,,acetylcholine,,wing_margin,bristle,tactile,,wing_margin_bristle_neuron,False,,,,banc_meta,
720575941508404759,SNta14,right,right_anterior_dorsal_mesothoracic_nerve,sensory,bristle_neuron,True,,acetylcholine,,wing_margin,bristle,tactile,,wing_margin_bristle_neuron,False,,,,banc_meta,
720575941508685522,anterior_dorsal_mesothoracic_nerve_cut,left,left_anterior_dorsal_mesothoracic_nerve,sensory,,True,,,,wing,,,,,False,,,,banc_meta,
720575941508718370,SNpp37,right,right_anterior_dorsal_mesothoracic_nerve,sensory,campaniform_sensillum_neuron,True,,acetylcholine,,wing_tegula,campaniform_sensillum,proprioception,mechanical_strain,wing_tegula_campaniform_sensillum_neuron,True,,,,banc_meta,
720575941508719233,SNpp25,right,right_dorsal_metathoracic_nerve,sensory,chordotonal_organ_neuron,True,,gaba,,haltere,chordotonal_organ,proprioception,,haltere_chordotonal_organ_neuron,True,,,,banc_meta,
720575941508742354,SNpp37,left,left_anterior_dorsal_mesothoracic_nerve,sensory,campaniform_sensillum_neuron,True,,acetylcholine,,wing_tegula,campaniform_sensillum,proprioception,mechanical_strain,wing_tegula_campaniform_sensillum_neuron,True,,,,banc_meta,
720575941508778450,anterior_dorsal_mesothoracic_nerve_cut,left,left_anterior_dorsal_mesothoracic_nerve,sensory,,True,,,,wing,,,,,False,,,,banc_meta,
720575941508955090,SNta18,left,left_anterior_dorsal_mesothoracic_nerve,sensory,bristle_neuron,True,,acetylcholine,,wing_margin,bristle,tactile,,wing_margin_bristle_neuron,False,,,,banc_meta,3021
720575941509038096,SNta18,right,right_anterior_dorsal_mesothoracic_nerve,sensory,bristle_neuron,True,,acetylcholine,,wing_margin,bristle,tactile,,wing_margin_bristle_neuron,False,,,,banc_meta,2232
720575941509729234,WG3,right,right_anterior_dorsal_mesothoracic_nerve,sensory,taste_bristle_gustatory_neuron,True,,glutamate,,wing_margin,taste_bristle,gustatory,"ppk23, ppk25",wing_margin_taste_bristle_gustatory_neuron,False,,,,banc_meta,2267
720575941510655760,SNpp25,right,right_dorsal_metathoracic_nerve,sensory,chordotonal_organ_neuron,True,,acetylcholine,,haltere,chordotonal_organ,proprioception,mechanical_strain,haltere_chordotonal_organ_neuron,True,,,,banc_meta,
720575941511548370,SNpp20,right,right_dorsal_metathoracic_nerve,sensory,chordotonal_organ_neuron,True,,acetylcholine,,haltere,chordotonal_organ,proprioception,,haltere_chordotonal_organ_neuron,True,,,,banc_meta,
720575941513197561,WG2,right,right_anterior_dorsal_mesothoracic_nerve,sensory,taste_bristle_gustatory_neuron,True,,acetylcholine,,wing_margin,taste_bristle,gustatory,"sugar, Gr43a, Gr64f, Gr5a",wing_margin_taste_bristle_gustatory_neuron,False,,,,banc_meta,2500
720575941513299788,SNpp21,left,left_dorsal_metathoracic_nerve,sensory,orphan_neuron,True,,acetylcholine,,haltere,orphan,proprioception,,haltere_orphan_neuron,True,,,,banc_meta,
720575941513374810,SNta03,right,right_dorsal_metathoracic_nerve,sensory,chordotonal_organ_neuron,True,,acetylcholine,,haltere,chordotonal_organ,proprioception,,haltere_chordotonal_organ_neuron,True,,,,banc_meta,
720575941513393996,SNpp32,right,right_anterior_dorsal_mesothoracic_nerve,sensory,campaniform_sensillum_neuron,True,,acetylcholine,,wing_base,campaniform_sensillum,proprioception,mechanical_strain,wing_base_campaniform_sensillum_neuron,True,,,,banc_meta,2114
720575941514268563,anterior_dorsal_mesothoracic_nerve_cut,left,left_anterior_dorsal_mesothoracic_nerve,sensory,,True,,,,wing,,,,,False,,,,banc_meta,
720575941514375377,SNta14,right,right_anterior_dorsal_mesothoracic_nerve,sensory,bristle_neuron,True,,acetylcholine,,wing_margin,bristle,tactile,,wing_margin_bristle_neuron,False,,,,banc_meta,2123
720575941514493433,SNta04,left,left_anterior_dorsal_mesothoracic_nerve,sensory,bristle_neuron,True,,acetylcholine,,wing_margin,bristle,tactile,,wing_margin_bristle_neuron,False,,,,banc_meta,
720575941514695523,WG2,right,right_anterior_dorsal_mesothoracic_nerve,sensory,taste_bristle_gustatory_neuron,True,,acetylcholine,,wing_margin,taste_bristle,gustatory,"sugar, Gr43a, Gr64f, Gr5a",wing_margin_taste_bristle_gustatory_neuron,False,,,,banc_meta,2267
720575941514697731,WG4,right,right_anterior_dorsal_mesothoracic_nerve,sensory,taste_bristle_gustatory_neuron,True,,acetylcholine,,wing_margin,taste_bristle,gustatory,ppk23,wing_margin_taste_bristle_gustatory_neuron,False,,,,banc_meta,2380
720575941514810202,SNxx26,left,left_anterior_dorsal_mesothoracic_nerve,sensory,hair_plate_neuron,True,,acetylcholine,,wing_tegula,hair_plate,proprioception,joint_angle,wing_tegula_hair_plate_neuron,True,,,,banc_meta,2511
720575941514985036,WG2,left,left_anterior_dorsal_mesothoracic_nerve,sensory,taste_bristle_gustatory_neuron,True,,acetylcholine,,wing_margin,taste_bristle,gustatory,"sugar, Gr43a, Gr64f, Gr5a",wing_margin_taste_bristle_gustatory_neuron,False,,,,banc_meta,
720575941515026522,SNta18,right,right_anterior_dorsal_mesothoracic_nerve,sensory,bristle_neuron,True,,acetylcholine,,wing_margin,bristle,tactile,,wing_margin_bristle_neuron,False,,,,banc_meta,2408
720575941515077187,SNta04,left,left_anterior_dorsal_mesothoracic_nerve,sensory,bristle_neuron,True,,acetylcholine,,wing_margin,bristle,tactile,,wing_margin_bristle_neuron,False,,,,banc_meta,2606
720575941515086585,anterior_dorsal_mesothoracic_nerve_cut,left,left_anterior_dorsal_mesothoracic_nerve,sensory,,False,,,,wing,,,,,False,,,,banc_meta,
720575941515127642,SNta04,left,left_anterior_dorsal_mesothoracic_nerve,sensory,bristle_neuron,True,,acetylcholine,,wing_margin,bristle,tactile,,wing_margin_bristle_neuron,False,,,,banc_meta,
720575941515139577,SNta04,left,left_anterior_dorsal_mesothoracic_nerve,sensory,bristle_neuron,True,,acetylcholine,,wing_margin,bristle,tactile,,wing_margin_bristle_neuron,False,,,,banc_meta,
720575941515300755,SNta18,right,right_anterior_dorsal_mesothoracic_nerve,sensory,bristle_neuron,True,,acetylcholine,,wing_margin,bristle,tactile,,wing_margin_bristle_neuron,False,,,,banc_meta,2324
720575941515726659,SNta14,left,left_anterior_dorsal_mesothoracic_nerve,sensory,bristle_neuron,True,,acetylcholine,,wing_margin,bristle,tactile,,wing_margin_bristle_neuron,False,,,,banc_meta,2832
720575941516408419,SNta11,right,right_anterior_dorsal_mesothoracic_nerve,sensory,bristle_neuron,True,,acetylcholine,,wing_margin,bristle,tactile,,wing_margin_bristle_neuron,False,,,,banc_meta,
720575941516589402,SNta11,left,left_anterior_dorsal_mesothoracic_nerve,sensory,bristle_neuron,True,,acetylcholine,,wing_margin,bristle,tactile,,wing_margin_bristle_neuron,False,,,,banc_meta,2875
720575941516591064,SNpp28,left,left_anterior_dorsal_mesothoracic_nerve,sensory,campaniform_sensillum_neuron,True,,acetylcholine,,wing_tegula,campaniform_sensillum,proprioception,mechanical_strain,wing_tegula_campaniform_sensillum_neuron,True,,,,banc_meta,2630
720575941516716910,SNta04,right,right_anterior_dorsal_mesothoracic_nerve,sensory,bristle_neuron,True,,acetylcholine,,wing_margin,bristle,tactile,,wing_margin_bristle_neuron,False,,,,banc_meta,2496
720575941516856280,SNpp08,left,left_anterior_dorsal_mesothoracic_nerve,sensory,campaniform_sensillum_neuron,True,,acetylcholine,,wing_base,campaniform_sensillum,proprioception,mechanical_strain,wing_base_campaniform_sensillum_neuron,True,,,,banc_meta,2527
720575941516913923,SNta07,left,left_anterior_dorsal_mesothoracic_nerve,sensory,bristle_neuron,True,,acetylcholine,,wing_margin,bristle,tactile,,wing_margin_bristle_neuron,False,,,,banc_meta,2544
720575941517461907,SNta14,right,right_anterior_dorsal_mesothoracic_nerve,sensory,bristle_neuron,True,,acetylcholine,,wing_margin,bristle,tactile,,wing_margin_bristle_neuron,False,,,,banc_meta,
720575941517809324,SNta04,right,right_anterior_dorsal_mesothoracic_nerve,sensory,bristle_neuron,True,,acetylcholine,,wing_margin,bristle,tactile,,wing_margin_bristle_neuron,False,,,,banc_meta,2494
720575941517818796,SNta04,right,right_anterior_dorsal_mesothoracic_nerve,sensory,bristle_neuron,True,,acetylcholine,,wing_margin,bristle,tactile,,wing_margin_bristle_neuron,False,,,,banc_meta,
720575941517907347,SNta14,right,right_anterior_dorsal_mesothoracic_nerve,sensory,bristle_neuron,True,,acetylcholine,,wing_margin,bristle,tactile,,wing_margin_bristle_neuron,False,,,,banc_meta,2168
720575941518335159,anterior_dorsal_mesothoracic_nerve_cut,left,left_anterior_dorsal_mesothoracic_nerve,sensory,,True,,,,wing,,,,,False,,,,banc_meta,
720575941518556343,WG2,left,left_anterior_dorsal_mesothoracic_nerve,sensory,taste_bristle_gustatory_neuron,True,,acetylcholine,,wing_margin,taste_bristle,gustatory,"sugar, Gr43a, Gr64f, Gr5a",wing_margin_taste_bristle_gustatory_neuron,False,,,,banc_meta,
720575941518613614,anterior_dorsal_mesothoracic_nerve_cut,left,left_anterior_dorsal_mesothoracic_nerve,sensory,,True,,,,wing,,,,,False,,,,banc_meta,
720575941518642030,SNpp20,left,left_dorsal_metathoracic_nerve,sensory,campaniform_sensillum_neuron,True,,acetylcholine,,haltere,campaniform_sensillum,proprioception,mechanical_strain,haltere_campaniform_sensillum_neuron,True,,,,banc_meta,
720575941519216856,WG2,left,left_anterior_dorsal_mesothoracic_nerve,sensory,taste_bristle_gustatory_neuron,True,,acetylcholine,,wing_margin,taste_bristle,gustatory,"sugar, Gr43a, Gr64f, Gr5a",wing_margin_taste_bristle_gustatory_neuron,False,,,,banc_meta,
720575941519371736,SNpp34,left,left_dorsal_metathoracic_nerve,sensory,orphan_neuron,True,,acetylcholine,,haltere,orphan,proprioception,,haltere_orphan_neuron,True,,,,banc_meta,
720575941520333815,SNxx28,left,left_posterior_dorsal_mesothoracic_nerve,sensory,hair_plate_neuron,True,,acetylcholine,,wing_tegula,hair_plate,proprioception,joint_angle,wing_tegula_hair_plate_neuron,True,,,,banc_meta,
720575941520667608,SNta11,left,left_anterior_dorsal_mesothoracic_nerve,sensory,bristle_neuron,True,,acetylcholine,,wing_margin,bristle,tactile,,wing_margin_bristle_neuron,False,,,,banc_meta,2526
720575941520700120,SNta14,left,left_anterior_dorsal_mesothoracic_nerve,sensory,bristle_neuron,True,,acetylcholine,,wing_margin,bristle,tactile,,wing_margin_bristle_neuron,False,,,,banc_meta,
720575941520965879,WG2,left,left_anterior_dorsal_mesothoracic_nerve,sensory,taste_bristle_gustatory_neuron,True,,acetylcholine,,wing_margin,taste_bristle,gustatory,"sugar, Gr43a, Gr64f, Gr5a",wing_margin_taste_bristle_gustatory_neuron,False,,,,banc_meta,2583
720575941520979123,SNta03,right,right_dorsal_metathoracic_nerve,sensory,chordotonal_organ_neuron,True,,acetylcholine,,haltere,chordotonal_organ,proprioception,,haltere_chordotonal_organ_neuron,True,,,,banc_meta,
720575941521100023,anterior_dorsal_mesothoracic_nerve_cut,left,left_anterior_dorsal_mesothoracic_nerve,sensory,,True,,,,wing,,,,,False,,,,banc_meta,
720575941521747787,SNta04,left,left_anterior_dorsal_mesothoracic_nerve,sensory,bristle_neuron,True,,acetylcholine,,wing_margin,bristle,tactile,,wing_margin_bristle_neuron,False,,,,banc_meta,2646
720575941521754615,SNta04,right,right_anterior_dorsal_mesothoracic_nerve,sensory,bristle_neuron,True,,acetylcholine,,wing_margin,bristle,tactile,,wing_margin_bristle_neuron,False,,,,banc_meta,
720575941522021811,SApp02,right,right_dorsal_metathoracic_nerve,sensory,campaniform_sensillum_neuron,True,,acetylcholine,,haltere,campaniform_sensillum,proprioception,mechanical_strain,haltere_campaniform_sensillum_neuron,True,,,,banc_meta,
720575941522159863,SNta04,right,right_anterior_dorsal_mesothoracic_nerve,sensory,bristle_neuron,True,,acetylcholine,,wing_margin,bristle,tactile,,wing_margin_bristle_neuron,False,,,,banc_meta,
720575941522236663,WG2,left,left_anterior_dorsal_mesothoracic_nerve,sensory,taste_bristle_gustatory_neuron,True,,acetylcholine,,wing_margin,taste_bristle,gustatory,"sugar, Gr43a, Gr64f, Gr5a",wing_margin_taste_bristle_gustatory_neuron,False,,,,banc_meta,
720575941522299127,WG3,right,right_anterior_dorsal_mesothoracic_nerve,sensory,taste_bristle_gustatory_neuron,True,,glutamate,,wing_margin,taste_bristle,gustatory,"ppk23, ppk25",wing_margin_taste_bristle_gustatory_neuron,False,,,,banc_meta,2274
720575941522424503,WG4,left,left_anterior_dorsal_mesothoracic_nerve,sensory,taste_bristle_gustatory_neuron,True,,glutamate,,wing_margin,taste_bristle,gustatory,ppk23,wing_margin_taste_bristle_gustatory_neuron,False,,,,banc_meta,
720575941522948757,SNta03,right,right_dorsal_metathoracic_nerve,sensory,bristle_neuron,True,,acetylcholine,,haltere,bristle,tactile,,haltere_bristle_neuron,False,,,,banc_meta,
720575941524197732,WG4,right,right_anterior_dorsal_mesothoracic_nerve,sensory,taste_bristle_gustatory_neuron,True,,acetylcholine,,wing_margin,taste_bristle,gustatory,ppk23,wing_margin_taste_bristle_gustatory_neuron,False,,,,banc_meta,2490
720575941524409700,anterior_dorsal_mesothoracic_nerve_sensory,left,left_anterior_dorsal_mesothoracic_nerve,sensory,,False,,,,wing,,,,,False,,,,banc_meta,
720575941524425207,WG2,left,left_anterior_dorsal_mesothoracic_nerve,sensory,taste_bristle_gustatory_neuron,True,,acetylcholine,,wing_margin,taste_bristle,gustatory,"sugar, Gr43a, Gr64f, Gr5a",wing_margin_taste_bristle_gustatory_neuron,False,,,,banc_meta,
720575941524619289,anterior_dorsal_mesothoracic_nerve_cut,left,left_anterior_dorsal_mesothoracic_nerve,sensory,,True,,,,wing,,,,,False,,,,banc_meta,
720575941524984651,SNta07,right,right_anterior_dorsal_mesothoracic_nerve,sensory,bristle_neuron,True,,acetylcholine,,wing_margin,bristle,tactile,,wing_margin_bristle_neuron,False,,,,banc_meta,3204
720575941525302694,SNpp14,right,right_dorsal_metathoracic_nerve,sensory,orphan_neuron,True,,acetylcholine,,haltere,orphan,proprioception,,haltere_orphan_neuron,True,,,,banc_meta,
720575941525363970,SNta18,left,left_anterior_dorsal_mesothoracic_nerve,sensory,bristle_neuron,True,,acetylcholine,,wing_margin,bristle,tactile,,wing_margin_bristle_neuron,False,,,,banc_meta,2663
720575941525580363,SNpp11,right,right_anterior_dorsal_mesothoracic_nerve,sensory,campaniform_sensillum_neuron,True,,acetylcholine,,wing_base,campaniform_sensillum,proprioception,mechanical_strain,wing_base_campaniform_sensillum_neuron,True,,,,banc_meta,
720575941525691492,anterior_dorsal_mesothoracic_nerve_cut,left,left_anterior_dorsal_mesothoracic_nerve,sensory,,True,,,,wing,,,,,False,,,,banc_meta,
720575941526177817,WG2,right,right_anterior_dorsal_mesothoracic_nerve,sensory,taste_bristle_gustatory_neuron,True,,acetylcholine,,wing_margin,taste_bristle,gustatory,"sugar, Gr43a, Gr64f, Gr5a",wing_margin_taste_bristle_gustatory_neuron,False,,,,banc_meta,2374
720575941526183449,WG4,left,left_anterior_dorsal_mesothoracic_nerve,sensory,taste_bristle_gustatory_neuron,True,,glutamate,,wing_margin,taste_bristle,gustatory,ppk23,wing_margin_taste_bristle_gustatory_neuron,False,,,,banc_meta,
720575941526525284,SNta03,left,left_dorsal_metathoracic_nerve,sensory,bristle_neuron,True,,acetylcholine,,haltere,bristle,tactile,,haltere_bristle_neuron,False,,,,banc_meta,
720575941526699140,anterior_dorsal_mesothoracic_nerve_sensory,left,left_anterior_dorsal_mesothoracic_nerve,sensory,,False,,,,wing,,,,,False,,,,banc_meta,
720575941526720589,SNpp20,left,left_dorsal_metathoracic_nerve,sensory,campaniform_sensillum_neuron,True,,acetylcholine,,haltere,campaniform_sensillum,proprioception,mechanical_strain,haltere_campaniform_sensillum_neuron,True,,,,banc_meta,
720575941526924198,WG4,right,right_anterior_dorsal_mesothoracic_nerve,sensory,taste_bristle_gustatory_neuron,True,,acetylcholine,,wing_margin,taste_bristle,gustatory,ppk23,wing_margin_taste_bristle_gustatory_neuron,False,,,,banc_meta,2049
720575941526942374,SNta04,right,right_anterior_dorsal_mesothoracic_nerve,sensory,bristle_neuron,True,,acetylcholine,,wing_margin,bristle,tactile,,wing_margin_bristle_neuron,False,,,,banc_meta,
720575941527020710,WG4,left,left_anterior_dorsal_mesothoracic_nerve,sensory,taste_bristle_gustatory_neuron,True,,acetylcholine,,wing_margin,taste_bristle,gustatory,ppk23,wing_margin_taste_bristle_gustatory_neuron,False,,,,banc_meta,
720575941527074232,WG3,right,right_anterior_dorsal_mesothoracic_nerve,sensory,taste_bristle_gustatory_neuron,True,,acetylcholine,,wing_margin,taste_bristle,gustatory,"ppk23, ppk25",wing_margin_taste_bristle_gustatory_neuron,False,,,,banc_meta,2507
720575941527796557,WG4,left,left_anterior_dorsal_mesothoracic_nerve,sensory,taste_bristle_gustatory_neuron,True,,acetylcholine,,wing_margin,taste_bristle,gustatory,ppk23,wing_margin_taste_bristle_gustatory_neuron,False,,,,banc_meta,
720575941527867236,WG4,left,left_anterior_dorsal_mesothoracic_nerve,sensory,taste_bristle_gustatory_neuron,True,,acetylcholine,,wing_margin,taste_bristle,gustatory,ppk23,wing_margin_taste_bristle_gustatory_neuron,False,,,,banc_meta,
720575941527950468,WG3,right,right_anterior_dorsal_mesothoracic_nerve,sensory,taste_bristle_gustatory_neuron,True,,glutamate,,wing_margin,taste_bristle,gustatory,"ppk23, ppk25",wing_margin_taste_bristle_gustatory_neuron,False,,,,banc_meta,2490
720575941528027012,SNxx25,right,right_anterior_dorsal_mesothoracic_nerve,sensory,multidendritic_neuron,True,,serotonin,,wing,multidendritic,nociception,putative_nociception,wing_multidendritic_neuron,False,,,,banc_meta,
720575941528173700,WG2,left,left_anterior_dorsal_mesothoracic_nerve,sensory,taste_bristle_gustatory_neuron,True,,acetylcholine,,wing_margin,taste_bristle,gustatory,"sugar, Gr43a, Gr64f, Gr5a",wing_margin_taste_bristle_gustatory_neuron,False,,,,banc_meta,2518
720575941528174980,anterior_dorsal_mesothoracic_nerve_cut,left,left_anterior_dorsal_mesothoracic_nerve,sensory,,True,,,,wing,,,,,False,,,,banc_meta,
720575941528766411,anterior_dorsal_mesothoracic_nerve_sensory,left,left_anterior_dorsal_mesothoracic_nerve,sensory,,False,,,,wing,,,,,False,,,,banc_meta,
720575941528979110,SNta11,left,left_anterior_dorsal_mesothoracic_nerve,sensory,bristle_neuron,True,,acetylcholine,,wing_margin,bristle,tactile,,wing_margin_bristle_neuron,False,,,,banc_meta,2562
720575941530164868,WG4,left,left_anterior_dorsal_mesothoracic_nerve,sensory,taste_bristle_gustatory_neuron,True,,acetylcholine,,wing_margin,taste_bristle,gustatory,ppk23,wing_margin_taste_bristle_gustatory_neuron,False,,,,banc_meta,
720575941530183115,SNpp09,right,right_anterior_dorsal_mesothoracic_nerve,sensory,campaniform_sensillum_neuron,True,,acetylcholine,,wing_base,campaniform_sensillum,proprioception,mechanical_strain,wing_base_campaniform_sensillum_neuron,True,,,,banc_meta,2268
720575941530233291,SNpp07,left,left_anterior_dorsal_mesothoracic_nerve,sensory,chordotonal_organ_neuron,True,,acetylcholine,,wing_tegula,chordotonal_organ,proprioception,vibro_position,wing_tegula_chordotonal_organ_neuron,True,,,,banc_meta,
720575941530336459,SNpp07,left,left_anterior_dorsal_mesothoracic_nerve,sensory,chordotonal_organ_neuron,True,,acetylcholine,,wing_tegula,chordotonal_organ,proprioception,vibro_position,wing_tegula_chordotonal_organ_neuron,True,,,,banc_meta,
720575941530342859,SNta08,right,right_anterior_dorsal_mesothoracic_nerve,sensory,bristle_neuron,True,,acetylcholine,,wing_margin,bristle,tactile,,wing_margin_bristle_neuron,False,,,,banc_meta,2494
720575941530436299,anterior_dorsal_mesothoracic_nerve_cut,left,left_anterior_dorsal_mesothoracic_nerve,sensory,,True,,,,wing,,,,,False,,,,banc_meta,
720575941530457035,anterior_dorsal_mesothoracic_nerve_cut,left,left_anterior_dorsal_mesothoracic_nerve,sensory,,True,,,,wing,,,,,False,,,,banc_meta,
720575941531020773,SNta04,left,left_anterior_dorsal_mesothoracic_nerve,sensory,bristle_neuron,True,,acetylcholine,,wing_margin,bristle,tactile,,wing_margin_bristle_neuron,False,,,,banc_meta,
720575941531127171,anterior_dorsal_mesothoracic_nerve_sensory,left,left_anterior_dorsal_mesothoracic_nerve,sensory,,False,,,,wing,,,,,False,,,,banc_meta,
720575941531356107,SNpp34,left,left_dorsal_metathoracic_nerve,sensory,chordotonal_organ_neuron,True,,acetylcholine,,haltere,chordotonal_organ,proprioception,,haltere_chordotonal_organ_neuron,True,,,,banc_meta,
720575941531657701,WG2,left,left_anterior_dorsal_mesothoracic_nerve,sensory,taste_bristle_gustatory_neuron,True,,acetylcholine,,wing_margin,taste_bristle,gustatory,"sugar, Gr43a, Gr64f, Gr5a",wing_margin_taste_bristle_gustatory_neuron,False,,,,banc_meta,
720575941531664101,anterior_dorsal_mesothoracic_nerve_cut,left,left_anterior_dorsal_mesothoracic_nerve,sensory,,True,,,,wing,,,,,False,,,,banc_meta,
720575941531668453,SNta04,right,right_anterior_dorsal_mesothoracic_nerve,sensory,bristle_neuron,True,,acetylcholine,,wing_margin,bristle,tactile,,wing_margin_bristle_neuron,False,,,,banc_meta,
720575941532937304,SNta04,left,left_anterior_dorsal_mesothoracic_nerve,sensory,bristle_neuron,True,,acetylcholine,,wing_margin,bristle,tactile,,wing_margin_bristle_neuron,False,,,,banc_meta,
720575941533109635,SNta03,right,right_dorsal_metathoracic_nerve,sensory,bristle_neuron,True,,acetylcholine,,haltere,bristle,tactile,,haltere_bristle_neuron,False,,,,banc_meta,
720575941533239562,anterior_dorsal_mesothoracic_nerve_cut,left,left_anterior_dorsal_mesothoracic_nerve,sensory,,True,,,,wing,,,,,False,,,,banc_meta,
720575941533535320,WG2,left,left_anterior_dorsal_mesothoracic_nerve,sensory,taste_bristle_gustatory_neuron,True,,acetylcholine,,wing_margin,taste_bristle,gustatory,"sugar, Gr43a, Gr64f, Gr5a",wing_margin_taste_bristle_gustatory_neuron,False,,,,banc_meta,
720575941533733866,SNta18,left,left_anterior_dorsal_mesothoracic_nerve,sensory,bristle_neuron,True,,acetylcholine,,wing_margin,bristle,tactile,,wing_margin_bristle_neuron,False,,,,banc_meta,2941
720575941533990232,WG2,left,left_anterior_dorsal_mesothoracic_nerve,sensory,taste_bristle_gustatory_neuron,True,,acetylcholine,,wing_margin,taste_bristle,gustatory,"sugar, Gr43a, Gr64f, Gr5a",wing_margin_taste_bristle_gustatory_neuron,False,,,,banc_meta,2592
720575941534049624,WG3,right,right_anterior_dorsal_mesothoracic_nerve,sensory,taste_bristle_gustatory_neuron,True,,acetylcholine,,wing_margin,taste_bristle,gustatory,"ppk23, ppk25",wing_margin_taste_bristle_gustatory_neuron,False,,,,banc_meta,2490
720575941534103896,anterior_dorsal_mesothoracic_nerve_sensory,left,left_anterior_dorsal_mesothoracic_nerve,sensory,,False,,,,wing,,,,,False,,,,banc_meta,
720575941534107992,SNta11,right,right_anterior_dorsal_mesothoracic_nerve,sensory,bristle_neuron,True,,acetylcholine,,wing_margin,bristle,tactile,,wing_margin_bristle_neuron,False,,,,banc_meta,
720575941534124632,SNta18,right,right_anterior_dorsal_mesothoracic_nerve,sensory,bristle_neuron,True,,acetylcholine,,wing_margin,bristle,tactile,,wing_margin_bristle_neuron,False,,,,banc_meta,1985
720575941534135274,SNpp07,right,right_anterior_dorsal_mesothoracic_nerve,sensory,chordotonal_organ_neuron,True,,acetylcholine,,wing_tegula,chordotonal_organ,proprioception,vibro_position,wing_tegula_chordotonal_organ_neuron,True,,,,banc_meta,2132
720575941535110666,anterior_dorsal_mesothoracic_nerve_cut,left,left_anterior_dorsal_mesothoracic_nerve,sensory,,True,,,,wing,,,,,False,,,,banc_meta,
720575941535123800,SApp07,right,right_dorsal_metathoracic_nerve,sensory,chordotonal_organ_neuron,True,,acetylcholine,,haltere,chordotonal_organ,proprioception,mechanical_strain,haltere_chordotonal_organ_neuron,True,,,,banc_meta,4417
720575941535663898,anterior_dorsal_mesothoracic_nerve_cut,left,left_anterior_dorsal_mesothoracic_nerve,sensory,,False,,,,wing,,,,,False,,,,banc_meta,
720575941535716801,SNta04,right,right_anterior_dorsal_mesothoracic_nerve,sensory,bristle_neuron,True,,acetylcholine,,wing_margin,bristle,tactile,,wing_margin_bristle_neuron,False,,,,banc_meta,2324
720575941535919370,WG2,left,left_anterior_dorsal_mesothoracic_nerve,sensory,taste_bristle_gustatory_neuron,True,,acetylcholine,,wing_margin,taste_bristle,gustatory,"sugar, Gr43a, Gr64f, Gr5a",wing_margin_taste_bristle_gustatory_neuron,False,,,,banc_meta,
720575941536007450,SNpp12,left,left_dorsal_metathoracic_nerve,sensory,orphan_neuron,True,,acetylcholine,,haltere,orphan,proprioception,,haltere_orphan_neuron,True,,,,banc_meta,4645
720575941536204916,anterior_dorsal_mesothoracic_nerve_sensory,right,right_anterior_dorsal_mesothoracic_nerve,sensory,,False,,,,wing,,,,,False,,,,banc_meta,
720575941536295922,anterior_dorsal_mesothoracic_nerve_cut,left,left_anterior_dorsal_mesothoracic_nerve,sensory,,False,,,,wing,,,,,False,,,,banc_meta,
720575941536490901,SNta04,left,left_anterior_dorsal_mesothoracic_nerve,sensory,bristle_neuron,True,,acetylcholine,,wing_margin,bristle,tactile,,wing_margin_bristle_neuron,False,,,,banc_meta,
720575941536629514,SNta14,left,left_anterior_dorsal_mesothoracic_nerve,sensory,bristle_neuron,True,,acetylcholine,,wing_margin,bristle,tactile,,wing_margin_bristle_neuron,False,,,,banc_meta,
720575941536674290,SNta04,left,left_anterior_dorsal_mesothoracic_nerve,sensory,bristle_neuron,True,,acetylcholine,,wing_margin,bristle,tactile,,wing_margin_bristle_neuron,False,,,,banc_meta,
720575941536695528,WG4,right,right_anterior_dorsal_mesothoracic_nerve,sensory,taste_bristle_gustatory_neuron,True,,acetylcholine,,wing_margin,taste_bristle,gustatory,ppk23,wing_margin_taste_bristle_gustatory_neuron,False,,,,banc_meta,
720575941536928498,SNta18,left,left_anterior_dorsal_mesothoracic_nerve,sensory,bristle_neuron,True,,acetylcholine,,wing_margin,bristle,tactile,,wing_margin_bristle_neuron,False,,,,banc_meta,2663
720575941537339841,SNta11,left,left_anterior_dorsal_mesothoracic_nerve,sensory,bristle_neuron,True,,acetylcholine,,wing_margin,bristle,tactile,,wing_margin_bristle_neuron,False,,,,banc_meta,2540
720575941537643213,SNta08,right,right_anterior_dorsal_mesothoracic_nerve,sensory,bristle_neuron,True,,acetylcholine,,wing_margin,bristle,tactile,,wing_margin_bristle_neuron,False,,,,banc_meta,
720575941537649301,SNxx25,right,right_anterior_dorsal_mesothoracic_nerve,sensory,multidendritic_neuron,True,,serotonin,,wing,multidendritic,nociception,putative_nociception,wing_multidendritic_neuron,False,,,,banc_meta,
720575941537702371,WG2,left,left_anterior_dorsal_mesothoracic_nerve,sensory,taste_bristle_gustatory_neuron,True,,acetylcholine,,wing_margin,taste_bristle,gustatory,"sugar, Gr43a, Gr64f, Gr5a",wing_margin_taste_bristle_gustatory_neuron,False,,,,banc_meta,2592
720575941537935080,SNxx26,left,left_anterior_dorsal_mesothoracic_nerve,sensory,hair_plate_neuron,True,,acetylcholine,,wing_tegula,hair_plate,proprioception,joint_angle,wing_tegula_hair_plate_neuron,True,,,,banc_meta,2511
720575941538018034,SNta18,right,right_anterior_dorsal_mesothoracic_nerve,sensory,bristle_neuron,True,,acetylcholine,,wing_margin,bristle,tactile,,wing_margin_bristle_neuron,False,,,,banc_meta,2232
720575941538119829,SNta03,right,right_dorsal_metathoracic_nerve,sensory,bristle_neuron,True,,acetylcholine,,haltere,bristle,tactile,,haltere_bristle_neuron,False,,,,banc_meta,
720575941538165885,SNpp27,left,left_anterior_dorsal_mesothoracic_nerve,sensory,campaniform_sensillum_neuron,True,,acetylcholine,,wing_tegula,campaniform_sensillum,proprioception,mechanical_strain,wing_tegula_campaniform_sensillum_neuron,True,,,,banc_meta,2621
720575941538189973,anterior_dorsal_mesothoracic_nerve_cut,left,left_anterior_dorsal_mesothoracic_nerve,sensory,,False,,,,wing,,,,,False,,,,banc_meta,
720575941538193301,WG2,right,right_anterior_dorsal_mesothoracic_nerve,sensory,taste_bristle_gustatory_neuron,True,,acetylcholine,,wing_margin,taste_bristle,gustatory,"sugar, Gr43a, Gr64f, Gr5a",wing_margin_taste_bristle_gustatory_neuron,False,,,,banc_meta,2500
720575941538206101,SNta11,right,right_anterior_dorsal_mesothoracic_nerve,sensory,bristle_neuron,True,,acetylcholine,,wing_margin,bristle,tactile,,wing_margin_bristle_neuron,False,,,,banc_meta,2034
720575941538367869,anterior_dorsal_mesothoracic_nerve_sensory,left,left_anterior_dorsal_mesothoracic_nerve,sensory,,False,,,,wing,,,,,False,,,,banc_meta,
720575941538790115,WG3,left,left_anterior_dorsal_mesothoracic_nerve,sensory,taste_bristle_gustatory_neuron,True,,glutamate,,wing_margin,taste_bristle,gustatory,"ppk23, ppk25",wing_margin_taste_bristle_gustatory_neuron,False,,,,banc_meta,
720575941539026674,SNpp30,right,right_anterior_dorsal_mesothoracic_nerve,sensory,campaniform_sensillum_neuron,True,,acetylcholine,,wing_base,campaniform_sensillum,proprioception,mechanical_strain,wing_base_campaniform_sensillum_neuron,True,,,,banc_meta,
720575941539053517,SNpp10,right,right_anterior_dorsal_mesothoracic_nerve,sensory,chordotonal_organ_neuron,True,,acetylcholine,,wing_tegula,chordotonal_organ,proprioception,vibro_position,wing_tegula_chordotonal_organ_neuron,True,,,,banc_meta,2243
720575941539056845,SNta04,right,right_anterior_dorsal_mesothoracic_nerve,sensory,bristle_neuron,True,,acetylcholine,,wing_margin,bristle,tactile,,wing_margin_bristle_neuron,False,,,,banc_meta,2202
720575941539341949,SNta03,left,left_dorsal_metathoracic_nerve,sensory,bristle_neuron,True,,acetylcholine,,haltere,bristle,tactile,,haltere_bristle_neuron,False,,,,banc_meta,
720575941539447933,SNpp61,right,right_anterior_dorsal_mesothoracic_nerve,sensory,chordotonal_organ_neuron,True,,acetylcholine,,wing_base,chordotonal_organ,proprioception,vibro_position,wing_base_chordotonal_organ_neuron,True,,,,banc_meta,
720575941539827698,SNpp62,right,right_anterior_dorsal_mesothoracic_nerve,sensory,chordotonal_organ_neuron,True,,acetylcholine,,wing_base,chordotonal_organ,proprioception,vibro_position,wing_base_chordotonal_organ_neuron,True,,,,banc_meta,2463
720575941540241533,SNpp32,right,right_anterior_dorsal_mesothoracic_nerve,sensory,campaniform_sensillum_neuron,True,,acetylcholine,,wing_base,campaniform_sensillum,proprioception,mechanical_strain,wing_base_campaniform_sensillum_neuron,True,,,,banc_meta,
720575941540394133,SNpp11,left,left_anterior_dorsal_mesothoracic_nerve,sensory,campaniform_sensillum_neuron,True,,acetylcholine,,wing_base,campaniform_sensillum,proprioception,mechanical_strain,wing_base_campaniform_sensillum_neuron,True,,,,banc_meta,2554
720575941540477426,SNta14,left,left_anterior_dorsal_mesothoracic_nerve,sensory,bristle_neuron,True,,acetylcholine,,wing_margin,bristle,tactile,,wing_margin_bristle_neuron,False,,,,banc_meta,
720575941540812669,SNpp28,left,left_anterior_dorsal_mesothoracic_nerve,sensory,campaniform_sensillum_neuron,True,,acetylcholine,,wing_tegula,campaniform_sensillum,proprioception,mechanical_strain,wing_tegula_campaniform_sensillum_neuron,True,,,,banc_meta,2563
720575941541476444,WG2,right,right_anterior_dorsal_mesothoracic_nerve,sensory,taste_bristle_gustatory_neuron,True,,acetylcholine,,wing_margin,taste_bristle,gustatory,"sugar, Gr43a, Gr64f, Gr5a",wing_margin_taste_bristle_gustatory_neuron,False,,,,banc_meta,2383
720575941541695181,WG4,left,left_anterior_dorsal_mesothoracic_nerve,sensory,taste_bristle_gustatory_neuron,True,,acetylcholine,,wing_margin,taste_bristle,gustatory,ppk23,wing_margin_taste_bristle_gustatory_neuron,False,,,,banc_meta,
720575941541706189,SNta14,left,left_anterior_dorsal_mesothoracic_nerve,sensory,bristle_neuron,True,,acetylcholine,,wing_margin,bristle,tactile,,wing_margin_bristle_neuron,False,,,,banc_meta,
720575941541789565,SNta04,right,right_anterior_dorsal_mesothoracic_nerve,sensory,bristle_neuron,True,,acetylcholine,,wing_margin,bristle,tactile,,wing_margin_bristle_neuron,False,,,,banc_meta,
720575941541878813,WG2,left,left_anterior_dorsal_mesothoracic_nerve,sensory,taste_bristle_gustatory_neuron,True,,acetylcholine,,wing_margin,taste_bristle,gustatory,"sugar, Gr43a, Gr64f, Gr5a",wing_margin_taste_bristle_gustatory_neuron,False,,,,banc_meta,2727
720575941542087453,SNpp04,left,left_anterior_dorsal_mesothoracic_nerve,sensory,campaniform_sensillum_neuron,True,,acetylcholine,,wing,campaniform_sensillum,proprioception,mechanical_strain,wing_campaniform_sensillum_neuron,True,,,,banc_meta,2877
720575941542681093,WG2,left,left_anterior_dorsal_mesothoracic_nerve,sensory,taste_bristle_gustatory_neuron,True,,acetylcholine,,wing_margin,taste_bristle,gustatory,"sugar, Gr43a, Gr64f, Gr5a",wing_margin_taste_bristle_gustatory_neuron,False,,,,banc_meta,2706
720575941543388421,SNpp20,left,left_dorsal_metathoracic_nerve,sensory,campaniform_sensillum_neuron,True,,acetylcholine,,haltere,campaniform_sensillum,proprioception,mechanical_strain,haltere_campaniform_sensillum_neuron,True,,,,banc_meta,4622
720575941543772933,WG4,left,left_anterior_dorsal_mesothoracic_nerve,sensory,taste_bristle_gustatory_neuron,True,,acetylcholine,,wing_margin,taste_bristle,gustatory,ppk23,wing_margin_taste_bristle_gustatory_neuron,False,,,,banc_meta,2583
720575941543874140,SNta18,left,left_anterior_dorsal_mesothoracic_nerve,sensory,bristle_neuron,True,,acetylcholine,,wing_margin,bristle,tactile,,wing_margin_bristle_neuron,False,,,,banc_meta,
720575941544489245,SNta04,right,right_anterior_dorsal_mesothoracic_nerve,sensory,bristle_neuron,True,,acetylcholine,,wing_margin,bristle,tactile,,wing_margin_bristle_neuron,False,,,,banc_meta,
720575941544991164,SNpp28,right,right_anterior_dorsal_mesothoracic_nerve,sensory,campaniform_sensillum_neuron,True,,acetylcholine,,wing_tegula,campaniform_sensillum,proprioception,mechanical_strain,wing_tegula_campaniform_sensillum_neuron,True,,,,banc_meta,
720575941545442952,SNta03,right,right_dorsal_metathoracic_nerve,sensory,bristle_neuron,True,,acetylcholine,,haltere,bristle,tactile,,haltere_bristle_neuron,False,,,,banc_meta,
720575941545863273,SNta11,right,right_anterior_dorsal_mesothoracic_nerve,sensory,bristle_neuron,True,,acetylcholine,,wing_margin,bristle,tactile,,wing_margin_bristle_neuron,False,,,,banc_meta,2123
720575941546176873,SNta18,right,right_anterior_dorsal_mesothoracic_nerve,sensory,bristle_neuron,True,,acetylcholine,,wing_margin,bristle,tactile,,wing_margin_bristle_neuron,False,,,,banc_meta,2232
720575941546233572,SNta03,left,left_dorsal_metathoracic_nerve,sensory,bristle_neuron,True,,acetylcholine,,haltere,bristle,tactile,,haltere_bristle_neuron,False,,,,banc_meta,24258
720575941547003937,SNpp61,left,left_anterior_dorsal_mesothoracic_nerve,sensory,chordotonal_organ_neuron,True,,acetylcholine,,wing_base,chordotonal_organ,proprioception,vibro_position,wing_base_chordotonal_organ_neuron,True,,,,banc_meta,
720575941547059388,SApp02,right,right_dorsal_metathoracic_nerve,sensory,campaniform_sensillum_neuron,True,,acetylcholine,,haltere,campaniform_sensillum,proprioception,mechanical_strain,haltere_campaniform_sensillum_neuron,True,,,,banc_meta,
720575941547190408,WG4,left,left_anterior_dorsal_mesothoracic_nerve,sensory,taste_bristle_gustatory_neuron,True,,glutamate,,wing_margin,taste_bristle,gustatory,ppk23,wing_margin_taste_bristle_gustatory_neuron,False,,,,banc_meta,
720575941547411517,WG2,left,left_anterior_dorsal_mesothoracic_nerve,sensory,taste_bristle_gustatory_neuron,True,,acetylcholine,,wing_margin,taste_bristle,gustatory,"sugar, Gr43a, Gr64f, Gr5a",wing_margin_taste_bristle_gustatory_neuron,False,,,,banc_meta,
720575941547773116,SNta04,right,right_anterior_dorsal_mesothoracic_nerve,sensory,bristle_neuron,True,,acetylcholine,,wing_margin,bristle,tactile,,wing_margin_bristle_neuron,False,,,,banc_meta,
720575941548135048,SNpp34,left,left_dorsal_metathoracic_nerve,sensory,chordotonal_organ_neuron,True,,acetylcholine,,haltere,chordotonal_organ,proprioception,,haltere_chordotonal_organ_neuron,True,,,,banc_meta,
720575941548148769,SNpp35,right,right_dorsal_metathoracic_nerve,sensory,chordotonal_organ_neuron,True,,acetylcholine,,haltere,chordotonal_organ,proprioception,,haltere_chordotonal_organ_neuron,True,,,,banc_meta,4218
720575941548467380,SNta04,left,left_anterior_dorsal_mesothoracic_nerve,sensory,bristle_neuron,True,,acetylcholine,,wing_margin,bristle,tactile,,wing_margin_bristle_neuron,False,,,,banc_meta,
720575941548511265,WG3,right,right_anterior_dorsal_mesothoracic_nerve,sensory,taste_bristle_gustatory_neuron,True,,glutamate,,wing_margin,taste_bristle,gustatory,"ppk23, ppk25",wing_margin_taste_bristle_gustatory_neuron,False,,,,banc_meta,2274
720575941548513313,WG3,right,right_anterior_dorsal_mesothoracic_nerve,sensory,taste_bristle_gustatory_neuron,True,,glutamate,,wing_margin,taste_bristle,gustatory,"ppk23, ppk25",wing_margin_taste_bristle_gustatory_neuron,False,,,,banc_meta,2505
720575941548519713,SNta03,left,left_dorsal_metathoracic_nerve,sensory,bristle_neuron,True,,acetylcholine,,haltere,bristle,tactile,,haltere_bristle_neuron,False,,,,banc_meta,
720575941548597108,SNpp35,right,right_dorsal_metathoracic_nerve,sensory,campaniform_sensillum_neuron,True,,acetylcholine,,haltere,campaniform_sensillum,proprioception,mechanical_strain,haltere_campaniform_sensillum_neuron,True,,,,banc_meta,4218
720575941548627848,SNpp62,left,left_anterior_dorsal_mesothoracic_nerve,sensory,chordotonal_organ_neuron,True,,acetylcholine,,wing_base,chordotonal_organ,proprioception,vibro_position,wing_base_chordotonal_organ_neuron,True,,,,banc_meta,
720575941548640436,WG4,right,right_anterior_dorsal_mesothoracic_nerve,sensory,taste_bristle_gustatory_neuron,True,,acetylcholine,,wing_margin,taste_bristle,gustatory,ppk23,wing_margin_taste_bristle_gustatory_neuron,False,,,,banc_meta,
720575941548837949,SNta03,right,right_dorsal_metathoracic_nerve,sensory,chordotonal_organ_neuron,True,,acetylcholine,,haltere,chordotonal_organ,proprioception,,haltere_chordotonal_organ_neuron,True,,,,banc_meta,
720575941548927521,SApp05,right,right_dorsal_metathoracic_nerve,sensory,campaniform_sensillum_neuron,True,,acetylcholine,,haltere,campaniform_sensillum,proprioception,mechanical_strain,haltere_campaniform_sensillum_neuron,True,,,,banc_meta,
720575941548938356,SNxx25,left,left_anterior_dorsal_mesothoracic_nerve,sensory,multidendritic_neuron,True,,serotonin,,wing,multidendritic,nociception,putative_nociception,wing_multidendritic_neuron,False,,,,banc_meta,3017
720575941549686078,SNpp14,right,right_dorsal_metathoracic_nerve,sensory,orphan_neuron,True,,acetylcholine,,haltere,orphan,proprioception,,haltere_orphan_neuron,True,,,,banc_meta,
720575941549916927,WG2,left,left_anterior_dorsal_mesothoracic_nerve,sensory,taste_bristle_gustatory_neuron,True,,acetylcholine,,wing_margin,taste_bristle,gustatory,"sugar, Gr43a, Gr64f, Gr5a",wing_margin_taste_bristle_gustatory_neuron,False,,,,banc_meta,
720575941550282558,WG2,left,left_anterior_dorsal_mesothoracic_nerve,sensory,taste_bristle_gustatory_neuron,True,,acetylcholine,,wing_margin,taste_bristle,gustatory,"sugar, Gr43a, Gr64f, Gr5a",wing_margin_taste_bristle_gustatory_neuron,False,,,,banc_meta,2706
720575941551014911,WG2,left,left_anterior_dorsal_mesothoracic_nerve,sensory,taste_bristle_gustatory_neuron,True,,acetylcholine,,wing_margin,taste_bristle,gustatory,"sugar, Gr43a, Gr64f, Gr5a",wing_margin_taste_bristle_gustatory_neuron,False,,,,banc_meta,
720575941551036415,WG2,right,right_anterior_dorsal_mesothoracic_nerve,sensory,taste_bristle_gustatory_neuron,True,,acetylcholine,,wing_margin,taste_bristle,gustatory,"sugar, Gr43a, Gr64f, Gr5a",wing_margin_taste_bristle_gustatory_neuron,False,,,,banc_meta,
720575941551070719,SNpp30,right,right_anterior_dorsal_mesothoracic_nerve,sensory,campaniform_sensillum_neuron,True,,acetylcholine,,wing_base,campaniform_sensillum,proprioception,mechanical_strain,wing_base_campaniform_sensillum_neuron,True,,,,banc_meta,
720575941551177022,SNta18,left,left_anterior_dorsal_mesothoracic_nerve,sensory,bristle_neuron,True,,acetylcholine,,wing_margin,bristle,tactile,,wing_margin_bristle_neuron,False,,,,banc_meta,
720575941551361307,WG4,right,right_anterior_dorsal_mesothoracic_nerve,sensory,taste_bristle_gustatory_neuron,True,,acetylcholine,,wing_margin,taste_bristle,gustatory,ppk23,wing_margin_taste_bristle_gustatory_neuron,False,,,,banc_meta,2505
720575941551433243,SNta03,right,right_dorsal_metathoracic_nerve,sensory,bristle_neuron,True,,acetylcholine,,haltere,bristle,tactile,,haltere_bristle_neuron,False,,,,banc_meta,
720575941551459902,WG2,left,left_anterior_dorsal_mesothoracic_nerve,sensory,taste_bristle_gustatory_neuron,True,,acetylcholine,,wing_margin,taste_bristle,gustatory,"sugar, Gr43a, Gr64f, Gr5a",wing_margin_taste_bristle_gustatory_neuron,False,,,,banc_meta,
720575941551557786,WG2,right,right_anterior_dorsal_mesothoracic_nerve,sensory,taste_bristle_gustatory_neuron,True,,acetylcholine,,wing_margin,taste_bristle,gustatory,"sugar, Gr43a, Gr64f, Gr5a",wing_margin_taste_bristle_gustatory_neuron,False,,,,banc_meta,2023
720575941551603483,SNpp29,left,left_anterior_dorsal_mesothoracic_nerve,sensory,chordotonal_organ_neuron,True,,acetylcholine,,wing_base,chordotonal_organ,proprioception,vibro_position,wing_base_chordotonal_organ_neuron,True,,,,banc_meta,2888
720575941551787326,SNpp28,right,right_anterior_dorsal_mesothoracic_nerve,sensory,campaniform_sensillum_neuron,True,,acetylcholine,,wing_tegula,campaniform_sensillum,proprioception,mechanical_strain,wing_tegula_campaniform_sensillum_neuron,True,,,,banc_meta,
720575941552353671,SNpp24,right,right_dorsal_metathoracic_nerve,sensory,chordotonal_organ_neuron,True,,acetylcholine,,haltere,chordotonal_organ,proprioception,mechanical_strain,haltere_chordotonal_organ_neuron,True,,,,banc_meta,
720575941552584731,SNta04,right,right_anterior_dorsal_mesothoracic_nerve,sensory,bristle_neuron,True,,acetylcholine,,wing_margin,bristle,tactile,,wing_margin_bristle_neuron,False,,,,banc_meta,2311
720575941552696711,WG3,right,right_anterior_dorsal_mesothoracic_nerve,sensory,taste_bristle_gustatory_neuron,True,,acetylcholine,,wing_margin,taste_bristle,gustatory,"ppk23, ppk25",wing_margin_taste_bristle_gustatory_neuron,False,,,,banc_meta,2490
720575941552769671,WG2,right,right_anterior_dorsal_mesothoracic_nerve,sensory,taste_bristle_gustatory_neuron,True,,acetylcholine,,wing_margin,taste_bristle,gustatory,"sugar, Gr43a, Gr64f, Gr5a",wing_margin_taste_bristle_gustatory_neuron,False,,,,banc_meta,
720575941552780167,SNta04,left,left_anterior_dorsal_mesothoracic_nerve,sensory,bristle_neuron,True,,acetylcholine,,wing_margin,bristle,tactile,,wing_margin_bristle_neuron,False,,,,banc_meta,
720575941552831233,SNta04,left,left_anterior_dorsal_mesothoracic_nerve,sensory,bristle_neuron,True,,acetylcholine,,wing_margin,bristle,tactile,,wing_margin_bristle_neuron,False,,,,banc_meta,
720575941553181695,SNta11,right,right_anterior_dorsal_mesothoracic_nerve,sensory,bristle_neuron,True,,acetylcholine,,wing_margin,bristle,tactile,,wing_margin_bristle_neuron,False,,,,banc_meta,
720575941553311898,WG2,left,left_anterior_dorsal_mesothoracic_nerve,sensory,taste_bristle_gustatory_neuron,True,,acetylcholine,,wing_margin,taste_bristle,gustatory,"sugar, Gr43a, Gr64f, Gr5a",wing_margin_taste_bristle_gustatory_neuron,False,,,,banc_meta,
720575941553654407,SNpp34,right,right_dorsal_metathoracic_nerve,sensory,chordotonal_organ_neuron,True,,acetylcholine,,haltere,chordotonal_organ,proprioception,,haltere_chordotonal_organ_neuron,True,,,,banc_meta,4407
720575941554231579,SApp07,right,right_dorsal_metathoracic_nerve,sensory,campaniform_sensillum_neuron,True,,acetylcholine,,haltere,campaniform_sensillum,proprioception,mechanical_strain,haltere_campaniform_sensillum_neuron,True,,,,banc_meta,
720575941554246042,SNta04,right,right_anterior_dorsal_mesothoracic_nerve,sensory,bristle_neuron,True,,acetylcholine,,wing_margin,bristle,tactile,,wing_margin_bristle_neuron,False,,,,banc_meta,
720575941554267219,SNpp35,right,right_dorsal_metathoracic_nerve,sensory,chordotonal_organ_neuron,True,,acetylcholine,,haltere,chordotonal_organ,proprioception,,haltere_chordotonal_organ_neuron,True,,,,banc_meta,4218
720575941554420507,SNpp37,right,right_anterior_dorsal_mesothoracic_nerve,sensory,campaniform_sensillum_neuron,True,,acetylcholine,,wing_tegula,campaniform_sensillum,proprioception,mechanical_strain,wing_tegula_campaniform_sensillum_neuron,True,,,,banc_meta,
720575941554894727,SNta04,left,left_anterior_dorsal_mesothoracic_nerve,sensory,bristle_neuron,True,,acetylcholine,,wing_margin,bristle,tactile,,wing_margin_bristle_neuron,False,,,,banc_meta,
720575941554983834,WG3,left,left_anterior_dorsal_mesothoracic_nerve,sensory,taste_bristle_gustatory_neuron,False,,,,wing_margin,taste_bristle,gustatory,"ppk23, ppk25",wing_margin_taste_bristle_gustatory_neuron,False,,,,banc_meta,
720575941555209956,SNpp20,right,right_dorsal_metathoracic_nerve,sensory,campaniform_sensillum_neuron,True,,acetylcholine,,haltere,campaniform_sensillum,proprioception,mechanical_strain,haltere_campaniform_sensillum_neuron,True,,,,banc_meta,
720575941555213722,SNta14,right,right_anterior_dorsal_mesothoracic_nerve,sensory,bristle_neuron,True,,acetylcholine,,wing_margin,bristle,tactile,,wing_margin_bristle_neuron,False,,,,banc_meta,2154
720575941555215770,SNta07,left,left_anterior_dorsal_mesothoracic_nerve,sensory,bristle_neuron,True,,acetylcholine,,wing_margin,bristle,tactile,,wing_margin_bristle_neuron,False,,,,banc_meta,2544
720575941555640740,SNpp24,left,left_dorsal_metathoracic_nerve,sensory,campaniform_sensillum_neuron,True,,acetylcholine,,haltere,campaniform_sensillum,proprioception,mechanical_strain,haltere_campaniform_sensillum_neuron,True,,,,banc_meta,
720575941555977892,WG2,right,right_anterior_dorsal_mesothoracic_nerve,sensory,taste_bristle_gustatory_neuron,True,,glutamate,,wing_margin,taste_bristle,gustatory,"sugar, Gr43a, Gr64f, Gr5a",wing_margin_taste_bristle_gustatory_neuron,False,,,,banc_meta,2505
720575941556080129,SNta11,right,right_anterior_dorsal_mesothoracic_nerve,sensory,bristle_neuron,True,,acetylcholine,,wing_margin,bristle,tactile,,wing_margin_bristle_neuron,False,,,,banc_meta,2486
720575941556197860,SNta03,right,right_dorsal_metathoracic_nerve,sensory,bristle_neuron,True,,acetylcholine,,haltere,bristle,tactile,,haltere_bristle_neuron,False,,,,banc_meta,
720575941556245924,SNpp06,right,right_anterior_dorsal_mesothoracic_nerve,sensory,campaniform_sensillum_neuron,True,,acetylcholine,,wing_base,campaniform_sensillum,proprioception,mechanical_strain,wing_base_campaniform_sensillum_neuron,True,,,,banc_meta,
720575941556361892,SNta04,right,right_anterior_dorsal_mesothoracic_nerve,sensory,bristle_neuron,True,,acetylcholine,,wing_margin,bristle,tactile,,wing_margin_bristle_neuron,False,,,,banc_meta,2449
720575941556370852,SNta04,right,right_anterior_dorsal_mesothoracic_nerve,sensory,bristle_neuron,True,,acetylcholine,,wing_margin,bristle,tactile,,wing_margin_bristle_neuron,False,,,,banc_meta,
720575941556385444,SNta04,right,right_anterior_dorsal_mesothoracic_nerve,sensory,bristle_neuron,True,,acetylcholine,,wing_margin,bristle,tactile,,wing_margin_bristle_neuron,False,,,,banc_meta,2497
720575941556890660,SNpp07,right,right_anterior_dorsal_mesothoracic_nerve,sensory,chordotonal_organ_neuron,True,,acetylcholine,,wing_tegula,chordotonal_organ,proprioception,vibro_position,wing_tegula_chordotonal_organ_neuron,True,,,,banc_meta,2162
720575941556969555,WG4,left,left_anterior_dorsal_mesothoracic_nerve,sensory,taste_bristle_gustatory_neuron,True,,glutamate,,wing_margin,taste_bristle,gustatory,ppk23,wing_margin_taste_bristle_gustatory_neuron,False,,,,banc_meta,
720575941557351204,SNta03,left,left_dorsal_metathoracic_nerve,sensory,bristle_neuron,True,,acetylcholine,,haltere,bristle,tactile,,haltere_bristle_neuron,False,,,,banc_meta,
720575941557458447,SNpp10,left,left_anterior_dorsal_mesothoracic_nerve,sensory,chordotonal_organ_neuron,True,,acetylcholine,,wing_tegula,chordotonal_organ,proprioception,vibro_position,wing_tegula_chordotonal_organ_neuron,True,,,,banc_meta,
720575941557491215,WG2,left,left_anterior_dorsal_mesothoracic_nerve,sensory,taste_bristle_gustatory_neuron,True,,acetylcholine,,wing_margin,taste_bristle,gustatory,"sugar, Gr43a, Gr64f, Gr5a",wing_margin_taste_bristle_gustatory_neuron,False,,,,banc_meta,2667
720575941558435855,SNta04,left,left_anterior_dorsal_mesothoracic_nerve,sensory,bristle_neuron,True,,acetylcholine,,wing_margin,bristle,tactile,,wing_margin_bristle_neuron,False,,,,banc_meta,2860
720575941558455085,SNpp14,left,left_dorsal_metathoracic_nerve,sensory,orphan_neuron,True,,acetylcholine,,haltere,orphan,proprioception,,haltere_orphan_neuron,True,,,,banc_meta,
720575941558982126,SNpp14,right,right_dorsal_metathoracic_nerve,sensory,orphan_neuron,True,,acetylcholine,,haltere,orphan,proprioception,,haltere_orphan_neuron,True,,,,banc_meta,
720575941559113743,anterior_dorsal_mesothoracic_nerve_cut,left,left_anterior_dorsal_mesothoracic_nerve,sensory,,True,,,,wing,,,,,False,,,,banc_meta,
720575941559214125,WG2,left,left_anterior_dorsal_mesothoracic_nerve,sensory,taste_bristle_gustatory_neuron,True,,acetylcholine,,wing_margin,taste_bristle,gustatory,"sugar, Gr43a, Gr64f, Gr5a",wing_margin_taste_bristle_gustatory_neuron,False,,,,banc_meta,2706
720575941559243502,SNta04,left,left_anterior_dorsal_mesothoracic_nerve,sensory,bristle_neuron,True,,acetylcholine,,wing_margin,bristle,tactile,,wing_margin_bristle_neuron,False,,,,banc_meta,2646
720575941559424883,SNta14,right,right_anterior_dorsal_mesothoracic_nerve,sensory,bristle_neuron,True,,acetylcholine,,wing_margin,bristle,tactile,,wing_margin_bristle_neuron,False,,,,banc_meta,2123
720575941559439987,SNta11,right,right_anterior_dorsal_mesothoracic_nerve,sensory,bristle_neuron,True,,acetylcholine,,wing_margin,bristle,tactile,,wing_margin_bristle_neuron,False,,,,banc_meta,2131
720575941559487347,WG4,right,right_anterior_dorsal_mesothoracic_nerve,sensory,taste_bristle_gustatory_neuron,True,,acetylcholine,,wing_margin,taste_bristle,gustatory,ppk23,wing_margin_taste_bristle_gustatory_neuron,False,,,,banc_meta,2274
720575941559694884,WG4,left,left_anterior_dorsal_mesothoracic_nerve,sensory,taste_bristle_gustatory_neuron,True,,acetylcholine,,wing_margin,taste_bristle,gustatory,ppk23,wing_margin_taste_bristle_gustatory_neuron,False,,,,banc_meta,
720575941560295725,SNta04,right,right_anterior_dorsal_mesothoracic_nerve,sensory,bristle_neuron,True,,acetylcholine,,wing_margin,bristle,tactile,,wing_margin_bristle_neuron,False,,,,banc_meta,2272
720575941560365806,SNpp28,right,right_anterior_dorsal_mesothoracic_nerve,sensory,campaniform_sensillum_neuron,True,,acetylcholine,,wing_tegula,campaniform_sensillum,proprioception,mechanical_strain,wing_tegula_campaniform_sensillum_neuron,True,,,,banc_meta,
720575941560550951,SNta04,left,left_anterior_dorsal_mesothoracic_nerve,sensory,bristle_neuron,True,,acetylcholine,,wing_margin,bristle,tactile,,wing_margin_bristle_neuron,False,,,,banc_meta,2606
720575941560602024,SNta08,right,right_anterior_dorsal_mesothoracic_nerve,sensory,bristle_neuron,True,,acetylcholine,,wing_margin,bristle,tactile,,wing_margin_bristle_neuron,False,,,,banc_meta,
720575941561127406,SNta11,right,right_anterior_dorsal_mesothoracic_nerve,sensory,bristle_neuron,True,,acetylcholine,,wing_margin,bristle,tactile,,wing_margin_bristle_neuron,False,,,,banc_meta,
720575941561357327,SNpp09,right,,sensory,campaniform_sensillum_neuron,True,,gaba,,wing_base,campaniform_sensillum,proprioception,mechanical_strain,wing_base_campaniform_sensillum_neuron,True,,,,banc_meta,
720575941561362158,SNta14,left,left_anterior_dorsal_mesothoracic_nerve,sensory,bristle_neuron,True,,,,wing_margin,bristle,tactile,,wing_margin_bristle_neuron,False,,,,banc_meta,
720575941562060712,SNpp37,left,left_anterior_dorsal_mesothoracic_nerve,sensory,campaniform_sensillum_neuron,True,,acetylcholine,,wing_tegula,campaniform_sensillum,proprioception,mechanical_strain,wing_tegula_campaniform_sensillum_neuron,True,,,,banc_meta,2563
720575941562262317,SNta11,left,left_anterior_dorsal_mesothoracic_nerve,sensory,bristle_neuron,True,,acetylcholine,,wing_margin,bristle,tactile,,wing_margin_bristle_neuron,False,,,,banc_meta,2593
720575941562717703,anterior_dorsal_mesothoracic_nerve_sensory,left,left_anterior_dorsal_mesothoracic_nerve,sensory,,False,,,,wing,,,,,False,,,,banc_meta,
720575941562962951,WG2,left,left_anterior_dorsal_mesothoracic_nerve,sensory,taste_bristle_gustatory_neuron,True,,acetylcholine,,wing_margin,taste_bristle,gustatory,"sugar, Gr43a, Gr64f, Gr5a",wing_margin_taste_bristle_gustatory_neuron,False,,,,banc_meta,
720575941563223954,anterior_dorsal_mesothoracic_nerve,left,left_anterior_dorsal_mesothoracic_nerve,sensory,,False,,,,wing,,,,,False,,,,banc_meta,
720575941563518518,SNxx26,left,left_anterior_dorsal_mesothoracic_nerve,sensory,hair_plate_neuron,True,,acetylcholine,,wing_tegula,hair_plate,proprioception,joint_angle,wing_tegula_hair_plate_neuron,True,,,,banc_meta,2511
720575941563642112,anterior_dorsal_mesothoracic_nerve_cut,right,right_anterior_dorsal_mesothoracic_nerve,sensory,,True,,,,wing,,,,,False,,,,banc_meta,
720575941563854646,anterior_dorsal_mesothoracic_nerve_cut,left,left_anterior_dorsal_mesothoracic_nerve,sensory,,False,,,,wing,,,,,False,,,,banc_meta,
720575941563904871,WG2,right,right_anterior_dorsal_mesothoracic_nerve,sensory,taste_bristle_gustatory_neuron,True,,acetylcholine,,wing_margin,taste_bristle,gustatory,"sugar, Gr43a, Gr64f, Gr5a",wing_margin_taste_bristle_gustatory_neuron,False,,,,banc_meta,2274
720575941564075008,SNxx25,left,left_anterior_dorsal_mesothoracic_nerve,sensory,multidendritic_neuron,True,,serotonin,,wing,multidendritic,nociception,putative_nociception,wing_multidendritic_neuron,False,,,,banc_meta,2942
720575941564109154,SNpp35,left,left_dorsal_metathoracic_nerve,sensory,chordotonal_organ_neuron,True,,acetylcholine,,haltere,chordotonal_organ,proprioception,,haltere_chordotonal_organ_neuron,True,,,,banc_meta,
720575941564208391,SNta11,right,right_anterior_dorsal_mesothoracic_nerve,sensory,bristle_neuron,True,,acetylcholine,,wing_margin,bristle,tactile,,wing_margin_bristle_neuron,False,,,,banc_meta,
720575941564332039,SNta11,right,right_anterior_dorsal_mesothoracic_nerve,sensory,bristle_neuron,True,,acetylcholine,,wing_margin,bristle,tactile,,wing_margin_bristle_neuron,False,,,,banc_meta,
720575941564332295,anterior_dorsal_mesothoracic_nerve_sensory,left,left_anterior_dorsal_mesothoracic_nerve,sensory,,False,,,,wing,,,,,False,,,,banc_meta,
720575941564663447,SNta11,right,right_anterior_dorsal_mesothoracic_nerve,sensory,bristle_neuron,True,,acetylcholine,,wing_margin,bristle,tactile,,wing_margin_bristle_neuron,False,,,,banc_meta,2494
720575941565118006,SNta04,left,left_anterior_dorsal_mesothoracic_nerve,sensory,bristle_neuron,True,,acetylcholine,,wing_margin,bristle,tactile,,wing_margin_bristle_neuron,False,,,,banc_meta,2854
720575941565211392,SNta14,right,right_anterior_dorsal_mesothoracic_nerve,sensory,bristle_neuron,True,,acetylcholine,,wing_margin,bristle,tactile,,wing_margin_bristle_neuron,False,,,,banc_meta,2126
720575941565225526,WG2,right,right_anterior_dorsal_mesothoracic_nerve,sensory,taste_bristle_gustatory_neuron,True,,acetylcholine,,wing_margin,taste_bristle,gustatory,"sugar, Gr43a, Gr64f, Gr5a",wing_margin_taste_bristle_gustatory_neuron,False,,,,banc_meta,2380
720575941565232694,anterior_dorsal_mesothoracic_nerve_sensory,left,left_anterior_dorsal_mesothoracic_nerve,sensory,,False,,,,wing,,,,,False,,,,banc_meta,
720575941565246518,SNpp15,left,left_dorsal_metathoracic_nerve,sensory,orphan_neuron,True,,acetylcholine,,haltere,orphan,proprioception,,haltere_orphan_neuron,True,,,,banc_meta,
720575941565249078,anterior_dorsal_mesothoracic_nerve_cut,left,left_anterior_dorsal_mesothoracic_nerve,sensory,,True,,,,wing,,,,,False,,,,banc_meta,
720575941565453207,SNta04,right,right_anterior_dorsal_mesothoracic_nerve,sensory,bristle_neuron,True,,acetylcholine,,wing_margin,bristle,tactile,,wing_margin_bristle_neuron,False,,,,banc_meta,2266
720575941565520942,SNpp61,left,left_anterior_dorsal_mesothoracic_nerve,sensory,chordotonal_organ_neuron,True,,acetylcholine,,wing_base,chordotonal_organ,proprioception,vibro_position,wing_base_chordotonal_organ_neuron,True,,,,banc_meta,
720575941565579111,SNta03,left,left_dorsal_metathoracic_nerve,sensory,bristle_neuron,True,,acetylcholine,,haltere,bristle,tactile,,haltere_bristle_neuron,False,,,,banc_meta,
720575941565586734,SNta04,left,left_anterior_dorsal_mesothoracic_nerve,sensory,bristle_neuron,True,,acetylcholine,,wing_margin,bristle,tactile,,wing_margin_bristle_neuron,False,,,,banc_meta,2597
720575941566119831,SNta14,left,left_anterior_dorsal_mesothoracic_nerve,sensory,bristle_neuron,True,,acetylcholine,,wing_margin,bristle,tactile,,wing_margin_bristle_neuron,False,,,,banc_meta,2675
720575941566203446,WG2,right,right_anterior_dorsal_mesothoracic_nerve,sensory,taste_bristle_gustatory_neuron,True,,acetylcholine,,wing_margin,taste_bristle,gustatory,"sugar, Gr43a, Gr64f, Gr5a",wing_margin_taste_bristle_gustatory_neuron,False,,,,banc_meta,
720575941566823319,SNta11,left,left_anterior_dorsal_mesothoracic_nerve,sensory,bristle_neuron,True,,acetylcholine,,wing_margin,bristle,tactile,,wing_margin_bristle_neuron,False,,,,banc_meta,
720575941567077882,anterior_dorsal_mesothoracic_nerve_cut,left,left_anterior_dorsal_mesothoracic_nerve,sensory,,True,,,,wing,,,,,False,,,,banc_meta,
720575941567101042,anterior_dorsal_mesothoracic_nerve_sensory,left,left_anterior_dorsal_mesothoracic_nerve,sensory,,False,,,,wing,,,,,False,,,,banc_meta,
720575941567103994,anterior_dorsal_mesothoracic_nerve_sensory,left,left_anterior_dorsal_mesothoracic_nerve,sensory,,False,,,,wing,,,,,False,,,,banc_meta,
720575941567152498,unknown_sensory,right,right_dorsal_metathoracic_nerve,sensory,,False,,,,haltere,,,,,False,,,,banc_meta,
720575941567187246,WG4,right,right_anterior_dorsal_mesothoracic_nerve,sensory,taste_bristle_gustatory_neuron,True,,acetylcholine,,wing_margin,taste_bristle,gustatory,ppk23,wing_margin_taste_bristle_gustatory_neuron,False,,,,banc_meta,2500
720575941567282478,WG2,right,right_anterior_dorsal_mesothoracic_nerve,sensory,taste_bristle_gustatory_neuron,True,,glutamate,,wing_margin,taste_bristle,gustatory,"sugar, Gr43a, Gr64f, Gr5a",wing_margin_taste_bristle_gustatory_neuron,False,,,,banc_meta,2490
720575941567322100,anterior_dorsal_mesothoracic_nerve_sensory,left,left_anterior_dorsal_mesothoracic_nerve,sensory,,False,,,,wing,,,,,False,,,,banc_meta,
720575941567574070,anterior_dorsal_mesothoracic_nerve_sensory,left,left_anterior_dorsal_mesothoracic_nerve,sensory,,False,,,,wing,,,,,False,,,,banc_meta,
720575941568303098,SNta03,right,right_dorsal_metathoracic_nerve,sensory,bristle_neuron,True,,acetylcholine,,haltere,bristle,tactile,,haltere_bristle_neuron,False,,,,banc_meta,
720575941568496174,SApp03,left,left_dorsal_metathoracic_nerve,sensory,campaniform_sensillum_neuron,False,,acetylcholine,,haltere,campaniform_sensillum,proprioception,mechanical_strain,haltere_campaniform_sensillum_neuron,True,,,,banc_meta,4444
720575941568844276,SNxx25,right,right_anterior_dorsal_mesothoracic_nerve,sensory,multidendritic_neuron,True,,acetylcholine,,wing,multidendritic,nociception,putative_nociception,wing_multidendritic_neuron,False,,,,banc_meta,
720575941568852212,SNpp20,right,right_dorsal_metathoracic_nerve,sensory,orphan_neuron,True,,acetylcholine,,haltere,orphan,proprioception,,haltere_orphan_neuron,True,,,,banc_meta,
720575941569027316,SApp05,left,left_dorsal_metathoracic_nerve,sensory,campaniform_sensillum_neuron,True,,acetylcholine,,haltere,campaniform_sensillum,proprioception,mechanical_strain,haltere_campaniform_sensillum_neuron,True,,,,banc_meta,
720575941570362356,WG3,left,left_anterior_dorsal_mesothoracic_nerve,sensory,taste_bristle_gustatory_neuron,True,,acetylcholine,,wing_margin,taste_bristle,gustatory,"ppk23, ppk25",wing_margin_taste_bristle_gustatory_neuron,False,,,,banc_meta,
720575941571416059,SNta04,right,right_anterior_dorsal_mesothoracic_nerve,sensory,bristle_neuron,True,,acetylcholine,,wing_margin,bristle,tactile,,wing_margin_bristle_neuron,False,,,,banc_meta,2429
720575941571573918,SNpp61,right,right_anterior_dorsal_mesothoracic_nerve,sensory,chordotonal_organ_neuron,True,,acetylcholine,,wing_base,chordotonal_organ,proprioception,vibro_position,wing_base_chordotonal_organ_neuron,True,,,,banc_meta,2484
720575941571584158,SNpp32,left,left_anterior_dorsal_mesothoracic_nerve,sensory,campaniform_sensillum_neuron,True,,acetylcholine,,wing_base,campaniform_sensillum,proprioception,mechanical_strain,wing_base_campaniform_sensillum_neuron,True,,,,banc_meta,
720575941571867656,SNpp28,left,left_anterior_dorsal_mesothoracic_nerve,sensory,campaniform_sensillum_neuron,True,,acetylcholine,,wing_tegula,campaniform_sensillum,proprioception,mechanical_strain,wing_tegula_campaniform_sensillum_neuron,True,,,,banc_meta,2630
720575941571890077,WG2,right,right_anterior_dorsal_mesothoracic_nerve,sensory,taste_bristle_gustatory_neuron,True,,acetylcholine,,wing_margin,taste_bristle,gustatory,"sugar, Gr43a, Gr64f, Gr5a",wing_margin_taste_bristle_gustatory_neuron,False,,,,banc_meta,2267
720575941571909627,anterior_dorsal_mesothoracic_nerve_cut,left,left_anterior_dorsal_mesothoracic_nerve,sensory,,True,,,,wing,,,,,False,,,,banc_meta,
720575941571926344,WG4,right,right_anterior_dorsal_mesothoracic_nerve,sensory,taste_bristle_gustatory_neuron,True,,acetylcholine,,wing_margin,taste_bristle,gustatory,ppk23,wing_margin_taste_bristle_gustatory_neuron,False,,,,banc_meta,2393
720575941572214024,WG3,left,left_anterior_dorsal_mesothoracic_nerve,sensory,taste_bristle_gustatory_neuron,True,,glutamate,,wing_margin,taste_bristle,gustatory,"ppk23, ppk25",wing_margin_taste_bristle_gustatory_neuron,False,,,,banc_meta,
720575941572581960,anterior_dorsal_mesothoracic_nerve_cut,left,left_anterior_dorsal_mesothoracic_nerve,sensory,,False,,,,wing,,,,,False,,,,banc_meta,
720575941573114619,SNxx25,left,left_anterior_dorsal_mesothoracic_nerve,sensory,multidendritic_neuron,True,,serotonin,,wing,multidendritic,nociception,putative_nociception,wing_multidendritic_neuron,False,,,,banc_meta,3017
720575941573243899,WG4,right,right_anterior_dorsal_mesothoracic_nerve,sensory,taste_bristle_gustatory_neuron,True,,glutamate,,wing_margin,taste_bristle,gustatory,ppk23,wing_margin_taste_bristle_gustatory_neuron,False,,,,banc_meta,2490
720575941573255350,anterior_dorsal_mesothoracic_nerve_sensory,left,left_anterior_dorsal_mesothoracic_nerve,sensory,,False,,,,wing,,,,,False,,,,banc_meta,
720575941573260189,SNta18,right,right_anterior_dorsal_mesothoracic_nerve,sensory,bristle_neuron,True,,acetylcholine,,wing_margin,bristle,tactile,,wing_margin_bristle_neuron,False,,,,banc_meta,
720575941573647773,WG4,right,right_anterior_dorsal_mesothoracic_nerve,sensory,taste_bristle_gustatory_neuron,True,,acetylcholine,,wing_margin,taste_bristle,gustatory,ppk23,wing_margin_taste_bristle_gustatory_neuron,False,,,,banc_meta,
720575941573754781,anterior_dorsal_mesothoracic_nerve_sensory,left,left_anterior_dorsal_mesothoracic_nerve,sensory,,False,,,,wing,,,,,False,,,,banc_meta,
720575941574039048,SNpp61,left,left_anterior_dorsal_mesothoracic_nerve,sensory,chordotonal_organ_neuron,True,,acetylcholine,,wing_base,chordotonal_organ,proprioception,vibro_position,wing_base_chordotonal_organ_neuron,True,,,,banc_meta,
720575941574188795,WG2,left,left_anterior_dorsal_mesothoracic_nerve,sensory,taste_bristle_gustatory_neuron,True,,acetylcholine,,wing_margin,taste_bristle,gustatory,"sugar, Gr43a, Gr64f, Gr5a",wing_margin_taste_bristle_gustatory_neuron,False,,,,banc_meta,
720575941574673672,SNpp07,right,right_anterior_dorsal_mesothoracic_nerve,sensory,chordotonal_organ_neuron,True,,acetylcholine,,wing_tegula,chordotonal_organ,proprioception,vibro_position,wing_tegula_chordotonal_organ_neuron,True,,,,banc_meta,2070
720575941574716342,SNta18,right,right_anterior_dorsal_mesothoracic_nerve,sensory,bristle_neuron,True,,acetylcholine,,wing_margin,bristle,tactile,,wing_margin_bristle_neuron,False,,,,banc_meta,2324
720575941575188406,anterior_dorsal_mesothoracic_nerve_sensory,left,left_anterior_dorsal_mesothoracic_nerve,sensory,,False,,,,wing,,,,,False,,,,banc_meta,
720575941575371771,SApp03,right,right_dorsal_metathoracic_nerve,sensory,campaniform_sensillum_neuron,True,,acetylcholine,,haltere,campaniform_sensillum,proprioception,mechanical_strain,haltere_campaniform_sensillum_neuron,True,,,,banc_meta,
720575941575423753,SNta14,left,left_anterior_dorsal_mesothoracic_nerve,sensory,bristle_neuron,True,,acetylcholine,,wing_margin,bristle,tactile,,wing_margin_bristle_neuron,False,,,,banc_meta,
720575941575697672,SNta04,right,right_anterior_dorsal_mesothoracic_nerve,sensory,bristle_neuron,True,,acetylcholine,,wing_margin,bristle,tactile,,wing_margin_bristle_neuron,False,,,,banc_meta,
720575941575947784,SNpp62,left,left_anterior_dorsal_mesothoracic_nerve,sensory,chordotonal_organ_neuron,True,,acetylcholine,,wing_base,chordotonal_organ,proprioception,vibro_position,wing_base_chordotonal_organ_neuron,True,,,,banc_meta,2818
720575941575959816,WG4,right,right_anterior_dorsal_mesothoracic_nerve,sensory,taste_bristle_gustatory_neuron,True,,acetylcholine,,wing_margin,taste_bristle,gustatory,ppk23,wing_margin_taste_bristle_gustatory_neuron,False,,,,banc_meta,
720575941576537743,SNta11,right,right_anterior_dorsal_mesothoracic_nerve,sensory,bristle_neuron,True,,acetylcholine,,wing_margin,bristle,tactile,,wing_margin_bristle_neuron,False,,,,banc_meta,
720575941576567400,SNpp12,right,right_dorsal_metathoracic_nerve,sensory,chordotonal_organ_neuron,True,,acetylcholine,,haltere,chordotonal_organ,proprioception,,haltere_chordotonal_organ_neuron,True,,,,banc_meta,4341
720575941576771215,SNpp32,right,right_anterior_dorsal_mesothoracic_nerve,sensory,campaniform_sensillum_neuron,True,,acetylcholine,,wing_base,campaniform_sensillum,proprioception,mechanical_strain,wing_base_campaniform_sensillum_neuron,True,,,,banc_meta,
720575941577258577,anterior_dorsal_mesothoracic_nerve_sensory,left,left_anterior_dorsal_mesothoracic_nerve,sensory,,False,,,,wing,,,,,False,,,,banc_meta,
720575941577641817,SNta04,right,right_anterior_dorsal_mesothoracic_nerve,sensory,bristle_neuron,True,,acetylcholine,,wing_margin,bristle,tactile,,wing_margin_bristle_neuron,False,,,,banc_meta,
720575941577661800,SNta11,right,right_anterior_dorsal_mesothoracic_nerve,sensory,bristle_neuron,True,,acetylcholine,,wing_margin,bristle,tactile,,wing_margin_bristle_neuron,False,,,,banc_meta,
720575941578015577,SNta11,right,right_anterior_dorsal_mesothoracic_nerve,sensory,bristle_neuron,True,,acetylcholine,,wing_margin,bristle,tactile,,wing_margin_bristle_neuron,False,,,,banc_meta,2034
720575941578818293,WG4,left,left_anterior_dorsal_mesothoracic_nerve,sensory,taste_bristle_gustatory_neuron,True,,acetylcholine,,wing_margin,taste_bristle,gustatory,ppk23,wing_margin_taste_bristle_gustatory_neuron,False,,,,banc_meta,
720575941580107345,anterior_dorsal_mesothoracic_nerve_cut,left,left_anterior_dorsal_mesothoracic_nerve,sensory,,False,,,,wing,,,,,False,,,,banc_meta,
720575941580204153,SNta04,left,left_anterior_dorsal_mesothoracic_nerve,sensory,bristle_neuron,True,,acetylcholine,,wing_margin,bristle,tactile,,wing_margin_bristle_neuron,False,,,,banc_meta,
720575941580758137,WG4,right,right_anterior_dorsal_mesothoracic_nerve,sensory,taste_bristle_gustatory_neuron,True,,acetylcholine,,wing_margin,taste_bristle,gustatory,ppk23,wing_margin_taste_bristle_gustatory_neuron,False,,,,banc_meta,2380
720575941580825425,SNta04,left,left_anterior_dorsal_mesothoracic_nerve,sensory,bristle_neuron,True,,acetylcholine,,wing_margin,bristle,tactile,,wing_margin_bristle_neuron,False,,,,banc_meta,
720575941580840825,SNpp07,right,right_anterior_dorsal_mesothoracic_nerve,sensory,chordotonal_organ_neuron,True,,acetylcholine,,wing_tegula,chordotonal_organ,proprioception,vibro_position,wing_tegula_chordotonal_organ_neuron,True,,,,banc_meta,
720575941581070673,SNta04,left,left_anterior_dorsal_mesothoracic_nerve,sensory,bristle_neuron,True,,acetylcholine,,wing_margin,bristle,tactile,,wing_margin_bristle_neuron,False,,,,banc_meta,
720575941581566303,WG4,right,right_anterior_dorsal_mesothoracic_nerve,sensory,taste_bristle_gustatory_neuron,True,,acetylcholine,,wing_margin,taste_bristle,gustatory,ppk23,wing_margin_taste_bristle_gustatory_neuron,False,,,,banc_meta,2274
720575941581801567,SNta11,right,right_posterior_dorsal_mesothoracic_nerve,sensory,bristle_neuron,True,,acetylcholine,,wing_margin,bristle,tactile,,wing_margin_bristle_neuron,False,,,,banc_meta,
720575941582233695,WG4,left,left_anterior_dorsal_mesothoracic_nerve,sensory,taste_bristle_gustatory_neuron,True,,acetylcholine,,wing_margin,taste_bristle,gustatory,ppk23,wing_margin_taste_bristle_gustatory_neuron,False,,,,banc_meta,
720575941583156089,SNta14,left,left_anterior_dorsal_mesothoracic_nerve,sensory,bristle_neuron,True,,acetylcholine,,wing_margin,bristle,tactile,,wing_margin_bristle_neuron,False,,,,banc_meta,
720575941583156601,SNpp11,left,left_anterior_dorsal_mesothoracic_nerve,sensory,campaniform_sensillum_neuron,True,,acetylcholine,,wing_base,campaniform_sensillum,proprioception,mechanical_strain,wing_base_campaniform_sensillum_neuron,True,,,,banc_meta,2527
720575941583371142,SNta04,left,left_anterior_dorsal_mesothoracic_nerve,sensory,bristle_neuron,True,,acetylcholine,,wing_margin,bristle,tactile,,wing_margin_bristle_neuron,False,,,,banc_meta,
720575941583377503,SNta04,right,right_anterior_dorsal_mesothoracic_nerve,sensory,bristle_neuron,True,,acetylcholine,,wing_margin,bristle,tactile,,wing_margin_bristle_neuron,False,,,,banc_meta,
720575941583554399,anterior_dorsal_mesothoracic_nerve_sensory,left,left_anterior_dorsal_mesothoracic_nerve,sensory,,False,,,,wing,,,,,False,,,,banc_meta,
720575941583557983,WG4,right,right_anterior_dorsal_mesothoracic_nerve,sensory,taste_bristle_gustatory_neuron,True,,acetylcholine,,wing_margin,taste_bristle,gustatory,ppk23,wing_margin_taste_bristle_gustatory_neuron,False,,,,banc_meta,2274
720575941584955102,SNxx28,right,right_anterior_dorsal_mesothoracic_nerve,sensory,hair_plate_neuron,True,,acetylcholine,,wing_tegula,hair_plate,proprioception,joint_angle,wing_tegula_hair_plate_neuron,True,,,,banc_meta,
720575941584995206,WG2,right,right_anterior_dorsal_mesothoracic_nerve,sensory,taste_bristle_gustatory_neuron,True,,acetylcholine,,wing_margin,taste_bristle,gustatory,"sugar, Gr43a, Gr64f, Gr5a",wing_margin_taste_bristle_gustatory_neuron,False,,,,banc_meta,
720575941585406174,SNta04,right,right_anterior_dorsal_mesothoracic_nerve,sensory,bristle_neuron,True,,acetylcholine,,wing_margin,bristle,tactile,,wing_margin_bristle_neuron,False,,,,banc_meta,2429
720575941585488862,SNpp10,right,right_anterior_dorsal_mesothoracic_nerve,sensory,chordotonal_organ_neuron,True,,acetylcholine,,wing_tegula,chordotonal_organ,proprioception,vibro_position,wing_tegula_chordotonal_organ_neuron,True,,,,banc_meta,
720575941585494750,SNta18,left,left_anterior_dorsal_mesothoracic_nerve,sensory,bristle_neuron,True,,acetylcholine,,wing_margin,bristle,tactile,,wing_margin_bristle_neuron,False,,,,banc_meta,
720575941585693535,WG3,left,left_anterior_dorsal_mesothoracic_nerve,sensory,taste_bristle_gustatory_neuron,True,,acetylcholine,,wing_margin,taste_bristle,gustatory,"ppk23, ppk25",wing_margin_taste_bristle_gustatory_neuron,False,,,,banc_meta,
720575941586474564,SNxx25_a,right,right_dorsal_metathoracic_nerve,sensory,thoracic_abdominal_segmental_sensory_neuron,True,,serotonin,,haltere,unknown_thoracic_abdominal_segmental,,,haltere_thoracic_abdominal_segmental_sensory_neuron,False,,,,banc_meta,
720575941586875716,anterior_dorsal_mesothoracic_nerve_cut,left,left_anterior_dorsal_mesothoracic_nerve,sensory,,True,,,,wing,,,,,False,,,,banc_meta,
720575941587241271,WG4,right,right_anterior_dorsal_mesothoracic_nerve,sensory,taste_bristle_gustatory_neuron,True,,glutamate,,wing_margin,taste_bristle,gustatory,ppk23,wing_margin_taste_bristle_gustatory_neuron,False,,,,banc_meta,2490
720575941587520068,SNpp21,right,right_dorsal_metathoracic_nerve,sensory,orphan_neuron,True,,acetylcholine,,haltere,orphan,proprioception,,haltere_orphan_neuron,True,,,,banc_meta,
720575941588144196,WG2,right,right_anterior_dorsal_mesothoracic_nerve,sensory,taste_bristle_gustatory_neuron,True,,acetylcholine,,wing_margin,taste_bristle,gustatory,"sugar, Gr43a, Gr64f, Gr5a",wing_margin_taste_bristle_gustatory_neuron,False,,,,banc_meta,
720575941588201726,SNpp08,left,left_anterior_dorsal_mesothoracic_nerve,sensory,campaniform_sensillum_neuron,True,,acetylcholine,,wing_base,campaniform_sensillum,proprioception,mechanical_strain,wing_base_campaniform_sensillum_neuron,True,,,,banc_meta,2527
720575941588279038,SNta04,left,left_anterior_dorsal_mesothoracic_nerve,sensory,bristle_neuron,True,,acetylcholine,,wing_margin,bristle,tactile,,wing_margin_bristle_neuron,False,,,,banc_meta,2758
720575941588710199,WG2,left,left_anterior_dorsal_mesothoracic_nerve,sensory,taste_bristle_gustatory_neuron,True,,acetylcholine,,wing_margin,taste_bristle,gustatory,"sugar, Gr43a, Gr64f, Gr5a",wing_margin_taste_bristle_gustatory_neuron,False,,,,banc_meta,
720575941588985655,SNta18,left,left_anterior_dorsal_mesothoracic_nerve,sensory,bristle_neuron,True,,acetylcholine,,wing_margin,bristle,tactile,,wing_margin_bristle_neuron,False,,,,banc_meta,3021
720575941589064759,SNta04,right,right_anterior_dorsal_mesothoracic_nerve,sensory,bristle_neuron,True,,acetylcholine,,wing_margin,bristle,tactile,,wing_margin_bristle_neuron,False,,,,banc_meta,2316
720575941589569022,SNpp38,left,left_anterior_dorsal_mesothoracic_nerve,sensory,campaniform_sensillum_neuron,True,,acetylcholine,,wing_tegula,campaniform_sensillum,proprioception,mechanical_strain,wing_tegula_campaniform_sensillum_neuron,True,,,,banc_meta,2563
720575941589870078,WG2,right,right_anterior_dorsal_mesothoracic_nerve,sensory,taste_bristle_gustatory_neuron,True,,acetylcholine,,wing_margin,taste_bristle,gustatory,"sugar, Gr43a, Gr64f, Gr5a",wing_margin_taste_bristle_gustatory_neuron,False,,,,banc_meta,
720575941589894142,WG2,right,right_anterior_dorsal_mesothoracic_nerve,sensory,taste_bristle_gustatory_neuron,True,,acetylcholine,,wing_margin,taste_bristle,gustatory,"sugar, Gr43a, Gr64f, Gr5a",wing_margin_taste_bristle_gustatory_neuron,False,,,,banc_meta,
720575941590422340,SNta11,left,left_anterior_dorsal_mesothoracic_nerve,sensory,bristle_neuron,True,,acetylcholine,,wing_margin,bristle,tactile,,wing_margin_bristle_neuron,False,,,,banc_meta,2562
720575941590438540,WG2,right,right_anterior_dorsal_mesothoracic_nerve,sensory,taste_bristle_gustatory_neuron,True,,acetylcholine,,wing_margin,taste_bristle,gustatory,"sugar, Gr43a, Gr64f, Gr5a",wing_margin_taste_bristle_gustatory_neuron,False,,,,banc_meta,
720575941591101751,SNta04,left,left_anterior_dorsal_mesothoracic_nerve,sensory,bristle_neuron,True,,acetylcholine,,wing_margin,bristle,tactile,,wing_margin_bristle_neuron,False,,,,banc_meta,
720575941591867432,WG3,right,right_anterior_dorsal_mesothoracic_nerve,sensory,taste_bristle_gustatory_neuron,True,,glutamate,,wing_margin,taste_bristle,gustatory,"ppk23, ppk25",wing_margin_taste_bristle_gustatory_neuron,False,,,,banc_meta,2505
720575941592148075,SNxx26,right,right_anterior_dorsal_mesothoracic_nerve,sensory,hair_plate_neuron,True,,acetylcholine,,wing_tegula,orphan,proprioception,joint_angle,wing_tegula_orphan_neuron,True,,,,banc_meta,
720575941592469611,SNpp07,right,right_anterior_dorsal_mesothoracic_nerve,sensory,chordotonal_organ_neuron,True,,acetylcholine,,wing_tegula,chordotonal_organ,proprioception,vibro_position,wing_tegula_chordotonal_organ_neuron,True,,,,banc_meta,2011
720575941592469867,SNta04,left,left_anterior_dorsal_mesothoracic_nerve,sensory,bristle_neuron,True,,acetylcholine,,wing_margin,bristle,tactile,,wing_margin_bristle_neuron,False,,,,banc_meta,
720575941592485995,WG2,right,right_anterior_dorsal_mesothoracic_nerve,sensory,taste_bristle_gustatory_neuron,True,,glutamate,,wing_margin,taste_bristle,gustatory,"sugar, Gr43a, Gr64f, Gr5a",wing_margin_taste_bristle_gustatory_neuron,False,,,,banc_meta,2330
720575941592503147,WG2,right,right_anterior_dorsal_mesothoracic_nerve,sensory,taste_bristle_gustatory_neuron,True,,acetylcholine,,wing_margin,taste_bristle,gustatory,"sugar, Gr43a, Gr64f, Gr5a",wing_margin_taste_bristle_gustatory_neuron,False,,,,banc_meta,2374
720575941592504427,WG2,left,left_anterior_dorsal_mesothoracic_nerve,sensory,taste_bristle_gustatory_neuron,True,,acetylcholine,,wing_margin,taste_bristle,gustatory,"sugar, Gr43a, Gr64f, Gr5a",wing_margin_taste_bristle_gustatory_neuron,False,,,,banc_meta,3021
720575941592600171,anterior_dorsal_mesothoracic_nerve_sensory,left,left_anterior_dorsal_mesothoracic_nerve,sensory,,False,,,,wing,,,,,False,,,,banc_meta,
720575941592697639,SNta04,left,left_anterior_dorsal_mesothoracic_nerve,sensory,bristle_neuron,True,,acetylcholine,,wing_margin,bristle,tactile,,wing_margin_bristle_neuron,False,,,,banc_meta,
720575941593388145,SNpp20,right,right_dorsal_metathoracic_nerve,sensory,campaniform_sensillum_neuron,True,,acetylcholine,,haltere,campaniform_sensillum,proprioception,mechanical_strain,haltere_campaniform_sensillum_neuron,True,,,,banc_meta,
720575941593421425,WG2,left,left_anterior_dorsal_mesothoracic_nerve,sensory,taste_bristle_gustatory_neuron,True,,acetylcholine,,wing_margin,taste_bristle,gustatory,"sugar, Gr43a, Gr64f, Gr5a",wing_margin_taste_bristle_gustatory_neuron,False,,,,banc_meta,
720575941593485937,anterior_dorsal_mesothoracic_nerve_cut,left,left_anterior_dorsal_mesothoracic_nerve,sensory,,True,,,,wing,,,,,False,,,,banc_meta,
720575941593489366,SNta03,right,right_dorsal_metathoracic_nerve,sensory,chordotonal_organ_neuron,True,,acetylcholine,,haltere,chordotonal_organ,proprioception,,haltere_chordotonal_organ_neuron,True,,,,banc_meta,
720575941593633905,anterior_dorsal_mesothoracic_nerve_sensory,left,left_anterior_dorsal_mesothoracic_nerve,sensory,,False,,,,wing,,,,,False,,,,banc_meta,
720575941593671537,anterior_dorsal_mesothoracic_nerve_sensory,left,left_anterior_dorsal_mesothoracic_nerve,sensory,,False,,,,wing,,,,,False,,,,banc_meta,
720575941593961255,SNta04,left,left_anterior_dorsal_mesothoracic_nerve,sensory,bristle_neuron,True,,acetylcholine,,wing_margin,bristle,tactile,,wing_margin_bristle_neuron,False,,,,banc_meta,2758
720575941594037462,SNta04,right,right_anterior_dorsal_mesothoracic_nerve,sensory,bristle_neuron,True,,acetylcholine,,wing_margin,bristle,tactile,,wing_margin_bristle_neuron,False,,,,banc_meta,
720575941594255656,SNta11,right,right_anterior_dorsal_mesothoracic_nerve,sensory,bristle_neuron,True,,acetylcholine,,wing_margin,bristle,tactile,,wing_margin_bristle_neuron,False,,,,banc_meta,
720575941594274341,WG4,right,right_anterior_dorsal_mesothoracic_nerve,sensory,taste_bristle_gustatory_neuron,True,,acetylcholine,,wing_margin,taste_bristle,gustatory,ppk23,wing_margin_taste_bristle_gustatory_neuron,False,,,,banc_meta,2274
720575941594296360,WG4,right,right_anterior_dorsal_mesothoracic_nerve,sensory,taste_bristle_gustatory_neuron,True,,acetylcholine,,wing_margin,taste_bristle,gustatory,ppk23,wing_margin_taste_bristle_gustatory_neuron,False,,,,banc_meta,2505
720575941594416491,SNta11,left,left_anterior_dorsal_mesothoracic_nerve,sensory,bristle_neuron,True,,acetylcholine,,wing_margin,bristle,tactile,,wing_margin_bristle_neuron,False,,,,banc_meta,2562
720575941594893270,WG4,left,left_anterior_dorsal_mesothoracic_nerve,sensory,taste_bristle_gustatory_neuron,True,,acetylcholine,,wing_margin,taste_bristle,gustatory,ppk23,wing_margin_taste_bristle_gustatory_neuron,False,,,,banc_meta,
720575941595122725,SNpp35,left,left_dorsal_metathoracic_nerve,sensory,orphan_neuron,True,,acetylcholine,,haltere,orphan,proprioception,,haltere_orphan_neuron,True,,,,banc_meta,
720575941595413361,SNta03,left,left_dorsal_metathoracic_nerve,sensory,bristle_neuron,True,,acetylcholine,,haltere,bristle,tactile,,haltere_bristle_neuron,False,,,,banc_meta,
720575941596168128,anterior_dorsal_mesothoracic_nerve_cut,left,left_anterior_dorsal_mesothoracic_nerve,sensory,,True,,,,wing,,,,,False,,,,banc_meta,
720575941596530469,SNpp62,left,left_anterior_dorsal_mesothoracic_nerve,sensory,chordotonal_organ_neuron,True,,acetylcholine,,wing_base,chordotonal_organ,proprioception,vibro_position,wing_base_chordotonal_organ_neuron,True,,,,banc_meta,
720575941597733312,anterior_dorsal_mesothoracic_nerve_cut,left,left_anterior_dorsal_mesothoracic_nerve,sensory,,False,,,,wing,,,,,False,,,,banc_meta,
720575941598059561,SNpp29,left,left_anterior_dorsal_mesothoracic_nerve,sensory,chordotonal_organ_neuron,True,,acetylcholine,,wing_base,chordotonal_organ,proprioception,vibro_position,wing_base_chordotonal_organ_neuron,True,,,,banc_meta,2888
720575941598336668,SNpp32,left,left_anterior_dorsal_mesothoracic_nerve,sensory,campaniform_sensillum_neuron,True,,acetylcholine,,wing_base,campaniform_sensillum,proprioception,mechanical_strain,wing_base_campaniform_sensillum_neuron,True,,,,banc_meta,
720575941598666176,SNta18,left,left_anterior_dorsal_mesothoracic_nerve,sensory,bristle_neuron,True,,acetylcholine,,wing_margin,bristle,tactile,,wing_margin_bristle_neuron,False,,,,banc_meta,2771
720575941599005340,WG2,right,right_anterior_dorsal_mesothoracic_nerve,sensory,taste_bristle_gustatory_neuron,True,,acetylcholine,,wing_margin,taste_bristle,gustatory,"sugar, Gr43a, Gr64f, Gr5a",wing_margin_taste_bristle_gustatory_neuron,False,,,,banc_meta,2505
720575941599490972,WG3,left,left_anterior_dorsal_mesothoracic_nerve,sensory,taste_bristle_gustatory_neuron,True,,glutamate,,wing_margin,taste_bristle,gustatory,"ppk23, ppk25",wing_margin_taste_bristle_gustatory_neuron,False,,,,banc_meta,
720575941599530281,SNta11,right,right_anterior_dorsal_mesothoracic_nerve,sensory,bristle_neuron,True,,acetylcholine,,wing_margin,bristle,tactile,,wing_margin_bristle_neuron,False,,,,banc_meta,
720575941599728422,anterior_dorsal_mesothoracic_nerve_sensory,right,right_anterior_dorsal_mesothoracic_nerve,sensory,,False,,,,wing,,,,,False,,,,banc_meta,
720575941600242982,SNta11,right,right_anterior_dorsal_mesothoracic_nerve,sensory,bristle_neuron,True,,acetylcholine,,wing_margin,bristle,tactile,,wing_margin_bristle_neuron,False,,,,banc_meta,2271
720575941600275494,WG3,right,right_anterior_dorsal_mesothoracic_nerve,sensory,taste_bristle_gustatory_neuron,True,,glutamate,,wing_margin,taste_bristle,gustatory,"ppk23, ppk25",wing_margin_taste_bristle_gustatory_neuron,False,,,,banc_meta,2274
720575941600297766,WG3,right,right_anterior_dorsal_mesothoracic_nerve,sensory,taste_bristle_gustatory_neuron,True,,glutamate,,wing_margin,taste_bristle,gustatory,"ppk23, ppk25",wing_margin_taste_bristle_gustatory_neuron,False,,,,banc_meta,2330
720575941600676646,SNta04,right,right_anterior_dorsal_mesothoracic_nerve,sensory,bristle_neuron,True,,acetylcholine,,wing_margin,bristle,tactile,,wing_margin_bristle_neuron,False,,,,banc_meta,2021
720575941600849702,WG2,right,right_anterior_dorsal_mesothoracic_nerve,sensory,taste_bristle_gustatory_neuron,True,,glutamate,,wing_margin,taste_bristle,gustatory,"sugar, Gr43a, Gr64f, Gr5a",wing_margin_taste_bristle_gustatory_neuron,False,,,,banc_meta,2255
720575941601478438,WG4,right,right_anterior_dorsal_mesothoracic_nerve,sensory,taste_bristle_gustatory_neuron,True,,acetylcholine,,wing_margin,taste_bristle,gustatory,ppk23,wing_margin_taste_bristle_gustatory_neuron,False,,,,banc_meta,2274
720575941601490982,WG2,right,right_anterior_dorsal_mesothoracic_nerve,sensory,taste_bristle_gustatory_neuron,True,,glutamate,,wing_margin,taste_bristle,gustatory,"sugar, Gr43a, Gr64f, Gr5a",wing_margin_taste_bristle_gustatory_neuron,False,,,,banc_meta,2490
720575941601596198,WG4,right,right_anterior_dorsal_mesothoracic_nerve,sensory,taste_bristle_gustatory_neuron,True,,acetylcholine,,wing_margin,taste_bristle,gustatory,ppk23,wing_margin_taste_bristle_gustatory_neuron,False,,,,banc_meta,2505
720575941601637414,WG2,right,right_anterior_dorsal_mesothoracic_nerve,sensory,taste_bristle_gustatory_neuron,True,,acetylcholine,,wing_margin,taste_bristle,gustatory,"sugar, Gr43a, Gr64f, Gr5a",wing_margin_taste_bristle_gustatory_neuron,False,,,,banc_meta,2374
720575941601769718,WG4,left,left_anterior_dorsal_mesothoracic_nerve,sensory,taste_bristle_gustatory_neuron,True,,acetylcholine,,wing_margin,taste_bristle,gustatory,ppk23,wing_margin_taste_bristle_gustatory_neuron,False,,,,banc_meta,2592
720575941602001890,SNta04,right,right_anterior_dorsal_mesothoracic_nerve,sensory,bristle_neuron,True,,acetylcholine,,wing_margin,bristle,tactile,,wing_margin_bristle_neuron,False,,,,banc_meta,
720575941602142178,SNta04,right,right_anterior_dorsal_mesothoracic_nerve,sensory,bristle_neuron,True,,acetylcholine,,wing_margin,bristle,tactile,,wing_margin_bristle_neuron,False,,,,banc_meta,
720575941602479545,WG4,right,right_anterior_dorsal_mesothoracic_nerve,sensory,taste_bristle_gustatory_neuron,True,,acetylcholine,,wing_margin,taste_bristle,gustatory,ppk23,wing_margin_taste_bristle_gustatory_neuron,False,,,,banc_meta,2393
720575941602568694,SNpp61,right,right_anterior_dorsal_mesothoracic_nerve,sensory,chordotonal_organ_neuron,True,,acetylcholine,,wing_base,chordotonal_organ,proprioception,vibro_position,wing_base_chordotonal_organ_neuron,True,,,,banc_meta,2484
720575941602612414,anterior_dorsal_mesothoracic_nerve_sensory,left,left_anterior_dorsal_mesothoracic_nerve,sensory,,False,,,,wing,,,,,False,,,,banc_meta,
720575941602933750,WG2,right,right_anterior_dorsal_mesothoracic_nerve,sensory,taste_bristle_gustatory_neuron,True,,acetylcholine,,wing_margin,taste_bristle,gustatory,"sugar, Gr43a, Gr64f, Gr5a",wing_margin_taste_bristle_gustatory_neuron,False,,,,banc_meta,2505
720575941603581734,WG2,right,right_anterior_dorsal_mesothoracic_nerve,sensory,taste_bristle_gustatory_neuron,True,,acetylcholine,,wing_margin,taste_bristle,gustatory,"sugar, Gr43a, Gr64f, Gr5a",wing_margin_taste_bristle_gustatory_neuron,False,,,,banc_meta,2505
720575941603605030,WG2,right,right_anterior_dorsal_mesothoracic_nerve,sensory,taste_bristle_gustatory_neuron,True,,acetylcholine,,wing_margin,taste_bristle,gustatory,"sugar, Gr43a, Gr64f, Gr5a",wing_margin_taste_bristle_gustatory_neuron,False,,,,banc_meta,2490
720575941603647166,WG4,right,right_anterior_dorsal_mesothoracic_nerve,sensory,taste_bristle_gustatory_neuron,True,,acetylcholine,,wing_margin,taste_bristle,gustatory,ppk23,wing_margin_taste_bristle_gustatory_neuron,False,,,,banc_meta,2505
720575941604127458,WG4,right,right_anterior_dorsal_mesothoracic_nerve,sensory,taste_bristle_gustatory_neuron,True,,acetylcholine,,wing_margin,taste_bristle,gustatory,ppk23,wing_margin_taste_bristle_gustatory_neuron,False,,,,banc_meta,2505
720575941604156862,anterior_dorsal_mesothoracic_nerve_sensory,left,left_anterior_dorsal_mesothoracic_nerve,sensory,,False,,,,wing,,,,,False,,,,banc_meta,
720575941604343334,SNta04,right,right_anterior_dorsal_mesothoracic_nerve,sensory,bristle_neuron,True,,acetylcholine,,wing_margin,bristle,tactile,,wing_margin_bristle_neuron,False,,,,banc_meta,2241
720575941604856546,WG2,right,right_anterior_dorsal_mesothoracic_nerve,sensory,taste_bristle_gustatory_neuron,True,,acetylcholine,,wing_margin,taste_bristle,gustatory,"sugar, Gr43a, Gr64f, Gr5a",wing_margin_taste_bristle_gustatory_neuron,False,,,,banc_meta,2267
720575941604988857,SNta11,left,left_anterior_dorsal_mesothoracic_nerve,sensory,bristle_neuron,True,,acetylcholine,,wing_margin,bristle,tactile,,wing_margin_bristle_neuron,False,,,,banc_meta,
720575941604990393,SNta14,left,left_anterior_dorsal_mesothoracic_nerve,sensory,bristle_neuron,True,,acetylcholine,,wing_margin,bristle,tactile,,wing_margin_bristle_neuron,False,,,,banc_meta,
720575941605282413,anterior_dorsal_mesothoracic_nerve_cut,left,left_anterior_dorsal_mesothoracic_nerve,sensory,,True,,,,wing,,,,,False,,,,banc_meta,
720575941605559917,WG2,left,left_anterior_dorsal_mesothoracic_nerve,sensory,taste_bristle_gustatory_neuron,True,,acetylcholine,,wing_margin,taste_bristle,gustatory,"sugar, Gr43a, Gr64f, Gr5a",wing_margin_taste_bristle_gustatory_neuron,False,,,,banc_meta,2592
720575941605749950,SNta11,left,left_anterior_dorsal_mesothoracic_nerve,sensory,bristle_neuron,True,,acetylcholine,,wing_margin,bristle,tactile,,wing_margin_bristle_neuron,False,,,,banc_meta,
720575941605767650,WG3,right,right_anterior_dorsal_mesothoracic_nerve,sensory,taste_bristle_gustatory_neuron,True,,glutamate,,wing_margin,taste_bristle,gustatory,"ppk23, ppk25",wing_margin_taste_bristle_gustatory_neuron,False,,,,banc_meta,2505
720575941606239714,WG4,right,right_anterior_dorsal_mesothoracic_nerve,sensory,taste_bristle_gustatory_neuron,True,,glutamate,,wing_margin,taste_bristle,gustatory,ppk23,wing_margin_taste_bristle_gustatory_neuron,False,,,,banc_meta,2490
720575941606537581,SNxx26,left,left_anterior_dorsal_mesothoracic_nerve,sensory,hair_plate_neuron,True,,acetylcholine,,wing_tegula,hair_plate,proprioception,joint_angle,wing_tegula_hair_plate_neuron,True,,,,banc_meta,2511
720575941606639981,SNta04,right,right_anterior_dorsal_mesothoracic_nerve,sensory,bristle_neuron,True,,acetylcholine,,wing_margin,bristle,tactile,,wing_margin_bristle_neuron,False,,,,banc_meta,
720575941606689901,WG4,right,right_anterior_dorsal_mesothoracic_nerve,sensory,taste_bristle_gustatory_neuron,True,,acetylcholine,,wing_margin,taste_bristle,gustatory,ppk23,wing_margin_taste_bristle_gustatory_neuron,False,,,,banc_meta,2490
720575941606798445,anterior_dorsal_mesothoracic_nerve,left,left_anterior_dorsal_mesothoracic_nerve,sensory,,True,,,,wing,,,,,False,,,,banc_meta,
720575941608300874,SNpp28,right,right_anterior_dorsal_mesothoracic_nerve,sensory,campaniform_sensillum_neuron,True,,acetylcholine,,wing_tegula,campaniform_sensillum,proprioception,mechanical_strain,wing_tegula_campaniform_sensillum_neuron,True,,,,banc_meta,
720575941608629066,SNpp29,left,left_anterior_dorsal_mesothoracic_nerve,sensory,chordotonal_organ_neuron,True,,acetylcholine,,wing_base,chordotonal_organ,proprioception,vibro_position,wing_base_chordotonal_organ_neuron,True,,,,banc_meta,2918
720575941608666698,anterior_dorsal_mesothoracic_nerve_sensory,left,left_anterior_dorsal_mesothoracic_nerve,sensory,,False,,,,wing,,,,,False,,,,banc_meta,
720575941608819309,SNta11,right,right_anterior_dorsal_mesothoracic_nerve,sensory,bristle_neuron,True,,acetylcholine,,wing_margin,bristle,tactile,,wing_margin_bristle_neuron,False,,,,banc_meta,
720575941608907850,anterior_dorsal_mesothoracic_nerve_sensory,left,left_anterior_dorsal_mesothoracic_nerve,sensory,,False,,,,wing,,,,,False,,,,banc_meta,
720575941609196262,SNpp23,left,left_dorsal_metathoracic_nerve,sensory,thoracic_abdominal_segmental_sensory_neuron,True,serotonin,serotonin,,haltere,unknown_thoracic_abdominal_segmental,,,haltere_thoracic_abdominal_segmental_sensory_neuron,False,,,,banc_meta,
720575941609350061,SNpp10,right,right_anterior_dorsal_mesothoracic_nerve,sensory,chordotonal_organ_neuron,True,,acetylcholine,,wing_tegula,chordotonal_organ,proprioception,vibro_position,wing_tegula_chordotonal_organ_neuron,True,,,,banc_meta,2243
720575941609615434,anterior_dorsal_mesothoracic_nerve_sensory,left,left_anterior_dorsal_mesothoracic_nerve,sensory,,False,,,,wing,,,,,False,,,,banc_meta,
720575941609661542,anterior_dorsal_mesothoracic_nerve_sensory,left,left_anterior_dorsal_mesothoracic_nerve,sensory,,False,,,,wing,,,,,False,,,,banc_meta,
720575941609920998,anterior_dorsal_mesothoracic_nerve_cut,left,left_anterior_dorsal_mesothoracic_nerve,sensory,,True,,,,wing,,,,,False,,,,banc_meta,
720575941610219558,WG2,right,right_anterior_dorsal_mesothoracic_nerve,sensory,taste_bristle_gustatory_neuron,True,,acetylcholine,,wing_margin,taste_bristle,gustatory,"sugar, Gr43a, Gr64f, Gr5a",wing_margin_taste_bristle_gustatory_neuron,False,,,,banc_meta,
720575941610220582,WG2,right,right_anterior_dorsal_mesothoracic_nerve,sensory,taste_bristle_gustatory_neuron,True,,acetylcholine,,wing_margin,taste_bristle,gustatory,"sugar, Gr43a, Gr64f, Gr5a",wing_margin_taste_bristle_gustatory_neuron,False,,,,banc_meta,
720575941610237258,SNta04,left,left_anterior_dorsal_mesothoracic_nerve,sensory,bristle_neuron,True,,acetylcholine,,wing_margin,bristle,tactile,,wing_margin_bristle_neuron,False,,,,banc_meta,2800
720575941610288098,WG4,right,right_anterior_dorsal_mesothoracic_nerve,sensory,taste_bristle_gustatory_neuron,True,,glutamate,,wing_margin,taste_bristle,gustatory,ppk23,wing_margin_taste_bristle_gustatory_neuron,False,,,,banc_meta,2505
720575941610333666,WG4,right,right_anterior_dorsal_mesothoracic_nerve,sensory,taste_bristle_gustatory_neuron,True,,glutamate,,wing_margin,taste_bristle,gustatory,ppk23,wing_margin_taste_bristle_gustatory_neuron,False,,,,banc_meta,2274
720575941610341346,WG3,right,right_anterior_dorsal_mesothoracic_nerve,sensory,taste_bristle_gustatory_neuron,True,,acetylcholine,,wing_margin,taste_bristle,gustatory,"ppk23, ppk25",wing_margin_taste_bristle_gustatory_neuron,False,,,,banc_meta,2490
720575941610350562,WG4,right,right_anterior_dorsal_mesothoracic_nerve,sensory,taste_bristle_gustatory_neuron,True,,acetylcholine,,wing_margin,taste_bristle,gustatory,ppk23,wing_margin_taste_bristle_gustatory_neuron,False,,,,banc_meta,2505
720575941610458601,SNta04,right,right_anterior_dorsal_mesothoracic_nerve,sensory,bristle_neuron,True,,acetylcholine,,wing_margin,bristle,tactile,,wing_margin_bristle_neuron,False,,,,banc_meta,2463
720575941610682086,SNpp15,right,right_dorsal_metathoracic_nerve,sensory,orphan_neuron,True,,acetylcholine,,haltere,orphan,proprioception,,haltere_orphan_neuron,True,,,,banc_meta,
720575941610967782,SNpp07,left,left_anterior_dorsal_mesothoracic_nerve,sensory,chordotonal_organ_neuron,True,,acetylcholine,,wing_tegula,chordotonal_organ,proprioception,vibro_position,wing_tegula_chordotonal_organ_neuron,True,,,,banc_meta,
720575941611267686,anterior_dorsal_mesothoracic_nerve_cut,left,left_anterior_dorsal_mesothoracic_nerve,sensory,,True,,,,wing,,,,,False,,,,banc_meta,
720575941611292774,anterior_dorsal_mesothoracic_nerve_sensory,left,left_anterior_dorsal_mesothoracic_nerve,sensory,,False,,,,wing,,,,,False,,,,banc_meta,
720575941611352553,SNta03,right,right_dorsal_metathoracic_nerve,sensory,bristle_neuron,True,,acetylcholine,,haltere,bristle,tactile,,haltere_bristle_neuron,False,,,,banc_meta,
720575941611479725,SNpp35,left,left_dorsal_metathoracic_nerve,sensory,orphan_neuron,True,,acetylcholine,,haltere,orphan,proprioception,,haltere_orphan_neuron,True,,,,banc_meta,
720575941611709715,SNpp20,left,left_dorsal_metathoracic_nerve,sensory,campaniform_sensillum_neuron,True,,acetylcholine,,haltere,campaniform_sensillum,proprioception,mechanical_strain,haltere_campaniform_sensillum_neuron,True,,,,banc_meta,4621
720575941611856742,WG4,right,right_anterior_dorsal_mesothoracic_nerve,sensory,taste_bristle_gustatory_neuron,True,,acetylcholine,,wing_margin,taste_bristle,gustatory,ppk23,wing_margin_taste_bristle_gustatory_neuron,False,,,,banc_meta,2505
720575941612110118,SNxx26,right,right_anterior_dorsal_mesothoracic_nerve,sensory,hair_plate_neuron,True,,acetylcholine,,wing_tegula,hair_plate,proprioception,joint_angle,wing_tegula_hair_plate_neuron,True,,,,banc_meta,
720575941612182602,WG4,left,left_anterior_dorsal_mesothoracic_nerve,sensory,taste_bristle_gustatory_neuron,True,,glutamate,,wing_margin,taste_bristle,gustatory,ppk23,wing_margin_taste_bristle_gustatory_neuron,False,,,,banc_meta,
720575941612281261,SNpp25,right,right_dorsal_metathoracic_nerve,sensory,campaniform_sensillum_neuron,True,,acetylcholine,,haltere,campaniform_sensillum,proprioception,mechanical_strain,haltere_campaniform_sensillum_neuron,True,,,,banc_meta,
720575941612358950,SNpp28,right,right_anterior_dorsal_mesothoracic_nerve,sensory,campaniform_sensillum_neuron,True,,acetylcholine,,wing_tegula,campaniform_sensillum,proprioception,mechanical_strain,wing_tegula_campaniform_sensillum_neuron,True,,,,banc_meta,
720575941612503772,unknown_sensory,right,right_dorsal_metathoracic_nerve,sensory,,True,,,,haltere,,,,,False,,,,banc_meta,
720575941612933139,SNpp07,right,right_anterior_dorsal_mesothoracic_nerve,sensory,chordotonal_organ_neuron,True,,acetylcholine,,wing_tegula,chordotonal_organ,proprioception,vibro_position,wing_tegula_chordotonal_organ_neuron,True,,,,banc_meta,2070
720575941613365011,SNta04,right,right_anterior_dorsal_mesothoracic_nerve,sensory,bristle_neuron,True,,acetylcholine,,wing_margin,bristle,tactile,,wing_margin_bristle_neuron,False,,,,banc_meta,
720575941613422182,SNpp11,left,left_anterior_dorsal_mesothoracic_nerve,sensory,campaniform_sensillum_neuron,True,,acetylcholine,,wing_base,campaniform_sensillum,proprioception,mechanical_strain,wing_base_campaniform_sensillum_neuron,True,,,,banc_meta,2527
720575941613984988,SNta14,right,right_anterior_dorsal_mesothoracic_nerve,sensory,bristle_neuron,True,,acetylcholine,,wing_margin,bristle,tactile,,wing_margin_bristle_neuron,False,,,,banc_meta,
720575941614000092,SNta07,right,right_anterior_dorsal_mesothoracic_nerve,sensory,bristle_neuron,True,,acetylcholine,,wing_margin,bristle,tactile,,wing_margin_bristle_neuron,False,,,,banc_meta,2030
720575941614302227,WG2,right,right_anterior_dorsal_mesothoracic_nerve,sensory,taste_bristle_gustatory_neuron,False,,acetylcholine,,wing_margin,taste_bristle,gustatory,"sugar, Gr43a, Gr64f, Gr5a",wing_margin_taste_bristle_gustatory_neuron,False,,,,banc_meta,
720575941614953625,anterior_dorsal_mesothoracic_nerve_cut,left,left_anterior_dorsal_mesothoracic_nerve,sensory,,False,,,,wing,,,,,False,,,,banc_meta,
720575941616161237,SNta18,right,right_anterior_dorsal_mesothoracic_nerve,sensory,bristle_neuron,True,,acetylcholine,,wing_margin,bristle,tactile,,wing_margin_bristle_neuron,False,,,,banc_meta,
720575941616268185,SNpp62,right,right_anterior_dorsal_mesothoracic_nerve,sensory,chordotonal_organ_neuron,True,,acetylcholine,,wing_base,chordotonal_organ,proprioception,vibro_position,wing_base_chordotonal_organ_neuron,True,,,,banc_meta,2472
720575941616395417,SNta11,right,right_anterior_dorsal_mesothoracic_nerve,sensory,bristle_neuron,True,,acetylcholine,,wing_margin,bristle,tactile,,wing_margin_bristle_neuron,False,,,,banc_meta,
720575941616542165,WG4,right,right_anterior_dorsal_mesothoracic_nerve,sensory,taste_bristle_gustatory_neuron,True,,glutamate,,wing_margin,taste_bristle,gustatory,ppk23,wing_margin_taste_bristle_gustatory_neuron,False,,,,banc_meta,2330
720575941616556757,SApp03,right,right_dorsal_metathoracic_nerve,sensory,campaniform_sensillum_neuron,True,,acetylcholine,,haltere,campaniform_sensillum,proprioception,mechanical_strain,haltere_campaniform_sensillum_neuron,True,,,,banc_meta,4397
720575941616573666,WG2,right,right_anterior_dorsal_mesothoracic_nerve,sensory,taste_bristle_gustatory_neuron,True,,acetylcholine,,wing_margin,taste_bristle,gustatory,"sugar, Gr43a, Gr64f, Gr5a",wing_margin_taste_bristle_gustatory_neuron,False,,,,banc_meta,
720575941616978303,SApp05,left,left_dorsal_metathoracic_nerve,sensory,campaniform_sensillum_neuron,True,,acetylcholine,,haltere,campaniform_sensillum,proprioception,mechanical_strain,haltere_campaniform_sensillum_neuron,True,,,,banc_meta,
720575941617536639,anterior_dorsal_mesothoracic_nerve_sensory,left,left_anterior_dorsal_mesothoracic_nerve,sensory,,False,,,,wing,,,,,False,,,,banc_meta,
720575941618269990,WG2,right,right_anterior_dorsal_mesothoracic_nerve,sensory,taste_bristle_gustatory_neuron,True,,acetylcholine,,wing_margin,taste_bristle,gustatory,"sugar, Gr43a, Gr64f, Gr5a",wing_margin_taste_bristle_gustatory_neuron,False,,,,banc_meta,
720575941618450982,WG4,right,right_anterior_dorsal_mesothoracic_nerve,sensory,taste_bristle_gustatory_neuron,True,,acetylcholine,,wing_margin,taste_bristle,gustatory,ppk23,wing_margin_taste_bristle_gustatory_neuron,False,,,,banc_meta,2383
720575941618736678,SNta04,right,right_anterior_dorsal_mesothoracic_nerve,sensory,bristle_neuron,True,,acetylcholine,,wing_margin,bristle,tactile,,wing_margin_bristle_neuron,False,,,,banc_meta,
720575941618797094,SNta04,right,right_anterior_dorsal_mesothoracic_nerve,sensory,bristle_neuron,True,,acetylcholine,,wing_margin,bristle,tactile,,wing_margin_bristle_neuron,False,,,,banc_meta,
720575941618824998,SNta04,right,right_anterior_dorsal_mesothoracic_nerve,sensory,bristle_neuron,True,,acetylcholine,,wing_margin,bristle,tactile,,wing_margin_bristle_neuron,False,,,,banc_meta,2399
720575941618896511,SNta03,left,left_dorsal_metathoracic_nerve,sensory,bristle_neuron,True,,acetylcholine,,haltere,bristle,tactile,,haltere_bristle_neuron,False,,,,banc_meta,
720575941618989695,unknown_sensory,right,right_dorsal_metathoracic_nerve,sensory,,False,,,,haltere,,,,,False,,,,banc_meta,
720575941619075366,WG4,right,right_anterior_dorsal_mesothoracic_nerve,sensory,taste_bristle_gustatory_neuron,True,,glutamate,,wing_margin,taste_bristle,gustatory,ppk23,wing_margin_taste_bristle_gustatory_neuron,False,,,,banc_meta,2490
720575941619089958,WG3,right,right_anterior_dorsal_mesothoracic_nerve,sensory,taste_bristle_gustatory_neuron,True,,glutamate,,wing_margin,taste_bristle,gustatory,"ppk23, ppk25",wing_margin_taste_bristle_gustatory_neuron,False,,,,banc_meta,2283
720575941619423714,SNta04,right,right_anterior_dorsal_mesothoracic_nerve,sensory,bristle_neuron,True,,acetylcholine,,wing_margin,bristle,tactile,,wing_margin_bristle_neuron,False,,,,banc_meta,2429
720575941619763170,WG4,right,right_anterior_dorsal_mesothoracic_nerve,sensory,taste_bristle_gustatory_neuron,True,,acetylcholine,,wing_margin,taste_bristle,gustatory,ppk23,wing_margin_taste_bristle_gustatory_neuron,False,,,,banc_meta,2393
720575941619885951,WG3,right,right_anterior_dorsal_mesothoracic_nerve,sensory,taste_bristle_gustatory_neuron,True,,acetylcholine,,wing_margin,taste_bristle,gustatory,"ppk23, ppk25",wing_margin_taste_bristle_gustatory_neuron,False,,,,banc_meta,2274
720575941620461439,SNpp29,left,left_anterior_dorsal_mesothoracic_nerve,sensory,chordotonal_organ_neuron,True,,acetylcholine,,wing_base,chordotonal_organ,proprioception,vibro_position,wing_base_chordotonal_organ_neuron,True,,,,banc_meta,2839
720575941623203324,WG2,left,left_anterior_dorsal_mesothoracic_nerve,sensory,taste_bristle_gustatory_neuron,True,,acetylcholine,,wing_margin,taste_bristle,gustatory,"sugar, Gr43a, Gr64f, Gr5a",wing_margin_taste_bristle_gustatory_neuron,False,,,,banc_meta,
720575941623290620,anterior_dorsal_mesothoracic_nerve_sensory,left,left_anterior_dorsal_mesothoracic_nerve,sensory,,False,,,,wing,,,,,False,,,,banc_meta,
720575941623316220,WG4,left,left_anterior_dorsal_mesothoracic_nerve,sensory,taste_bristle_gustatory_neuron,True,,acetylcholine,,wing_margin,taste_bristle,gustatory,ppk23,wing_margin_taste_bristle_gustatory_neuron,False,,,,banc_meta,
720575941623351963,SNxx28,left,left_posterior_dorsal_mesothoracic_nerve,sensory,hair_plate_neuron,True,,acetylcholine,,wing_tegula,hair_plate,proprioception,joint_angle,wing_tegula_hair_plate_neuron,True,,,,banc_meta,
720575941623377354,SNpp37,left,left_anterior_dorsal_mesothoracic_nerve,sensory,campaniform_sensillum_neuron,True,,acetylcholine,,wing_tegula,campaniform_sensillum,proprioception,mechanical_strain,wing_tegula_campaniform_sensillum_neuron,True,,,,banc_meta,2563
720575941623639195,SNpp06,left,left_anterior_dorsal_mesothoracic_nerve,sensory,campaniform_sensillum_neuron,True,,acetylcholine,,wing_base,campaniform_sensillum,proprioception,mechanical_strain,wing_base_campaniform_sensillum_neuron,True,,,,banc_meta,
720575941623721580,anterior_dorsal_mesothoracic_nerve_sensory,left,left_anterior_dorsal_mesothoracic_nerve,sensory,,False,,,,wing,,,,,False,,,,banc_meta,
720575941624443388,SApp07,right,right_dorsal_metathoracic_nerve,sensory,campaniform_sensillum_neuron,True,,acetylcholine,,haltere,campaniform_sensillum,proprioception,mechanical_strain,haltere_campaniform_sensillum_neuron,True,,,,banc_meta,
720575941624478410,SNta04,left,left_anterior_dorsal_mesothoracic_nerve,sensory,bristle_neuron,True,,acetylcholine,,wing_margin,bristle,tactile,,wing_margin_bristle_neuron,False,,,,banc_meta,2758
720575941624665570,WG2,right,right_anterior_dorsal_mesothoracic_nerve,sensory,taste_bristle_gustatory_neuron,True,,acetylcholine,,wing_margin,taste_bristle,gustatory,"sugar, Gr43a, Gr64f, Gr5a",wing_margin_taste_bristle_gustatory_neuron,False,,,,banc_meta,
720575941624921243,SNta04,left,left_anterior_dorsal_mesothoracic_nerve,sensory,bristle_neuron,True,,acetylcholine,,wing_margin,bristle,tactile,,wing_margin_bristle_neuron,False,,,,banc_meta,
720575941624929435,SNpp11,left,left_anterior_dorsal_mesothoracic_nerve,sensory,campaniform_sensillum_neuron,True,,acetylcholine,,wing_base,campaniform_sensillum,proprioception,mechanical_strain,wing_base_campaniform_sensillum_neuron,True,,,,banc_meta,2527
720575941625056155,anterior_dorsal_mesothoracic_nerve_cut,left,left_anterior_dorsal_mesothoracic_nerve,sensory,,True,,,,wing,,,,,False,,,,banc_meta,
720575941625189484,WG4,right,right_anterior_dorsal_mesothoracic_nerve,sensory,taste_bristle_gustatory_neuron,True,,acetylcholine,,wing_margin,taste_bristle,gustatory,ppk23,wing_margin_taste_bristle_gustatory_neuron,False,,,,banc_meta,2490
720575941625259884,anterior_dorsal_mesothoracic_nerve_sensory,left,left_anterior_dorsal_mesothoracic_nerve,sensory,,False,,,,wing,,,,,False,,,,banc_meta,
720575941625458940,SNta14,left,left_anterior_dorsal_mesothoracic_nerve,sensory,bristle_neuron,True,,acetylcholine,,wing_margin,bristle,tactile,,wing_margin_bristle_neuron,False,,,,banc_meta,
720575941625837164,SNpp32,left,left_anterior_dorsal_mesothoracic_nerve,sensory,campaniform_sensillum_neuron,True,,acetylcholine,,wing_base,campaniform_sensillum,proprioception,mechanical_strain,wing_base_campaniform_sensillum_neuron,True,,,,banc_meta,
720575941626940362,WG3,left,left_anterior_dorsal_mesothoracic_nerve,sensory,taste_bristle_gustatory_neuron,True,,glutamate,,wing_margin,taste_bristle,gustatory,"ppk23, ppk25",wing_margin_taste_bristle_gustatory_neuron,False,,,,banc_meta,
720575941627317659,SNta04,left,left_anterior_dorsal_mesothoracic_nerve,sensory,bristle_neuron,True,,acetylcholine,,wing_margin,bristle,tactile,,wing_margin_bristle_neuron,False,,,,banc_meta,
720575941627410214,SNta04,left,left_anterior_dorsal_mesothoracic_nerve,sensory,bristle_neuron,True,,acetylcholine,,wing_margin,bristle,tactile,,wing_margin_bristle_neuron,False,,,,banc_meta,2758
720575941627489388,SNta11,left,left_anterior_dorsal_mesothoracic_nerve,sensory,bristle_neuron,True,,acetylcholine,,wing_margin,bristle,tactile,,wing_margin_bristle_neuron,False,,,,banc_meta,
720575941628790754,WG3,left,left_anterior_dorsal_mesothoracic_nerve,sensory,taste_bristle_gustatory_neuron,True,,glutamate,,wing_margin,taste_bristle,gustatory,"ppk23, ppk25",wing_margin_taste_bristle_gustatory_neuron,False,,,,banc_meta,
720575941628876838,SNta04,left,left_anterior_dorsal_mesothoracic_nerve,sensory,bristle_neuron,True,,acetylcholine,,wing_margin,bristle,tactile,,wing_margin_bristle_neuron,False,,,,banc_meta,2878
720575941629084130,WG4,left,left_anterior_dorsal_mesothoracic_nerve,sensory,taste_bristle_gustatory_neuron,True,,acetylcholine,,wing_margin,taste_bristle,gustatory,ppk23,wing_margin_taste_bristle_gustatory_neuron,False,,,,banc_meta,
720575941629292012,SNpp21,right,right_dorsal_metathoracic_nerve,sensory,orphan_neuron,True,,acetylcholine,,haltere,orphan,proprioception,,haltere_orphan_neuron,True,,,,banc_meta,
720575941629322809,SNpp30,left,left_anterior_dorsal_mesothoracic_nerve,sensory,campaniform_sensillum_neuron,True,,acetylcholine,,wing_base,campaniform_sensillum,proprioception,mechanical_strain,wing_base_campaniform_sensillum_neuron,True,,,,banc_meta,
720575941630099426,SNta03,left,left_dorsal_metathoracic_nerve,sensory,bristle_neuron,True,,acetylcholine,,haltere,bristle,tactile,,haltere_bristle_neuron,False,,,,banc_meta,
720575941630674592,SNta03,right,right_dorsal_metathoracic_nerve,sensory,bristle_neuron,True,,acetylcholine,,haltere,bristle,tactile,,haltere_bristle_neuron,False,,,,banc_meta,
720575941630834914,SNpp32,left,left_anterior_dorsal_mesothoracic_nerve,sensory,campaniform_sensillum_neuron,True,,acetylcholine,,wing_base,campaniform_sensillum,proprioception,mechanical_strain,wing_base_campaniform_sensillum_neuron,True,,,,banc_meta,
720575941630888864,SNta04,left,left_anterior_dorsal_mesothoracic_nerve,sensory,bristle_neuron,True,,acetylcholine,,wing_margin,bristle,tactile,,wing_margin_bristle_neuron,False,,,,banc_meta,2758
720575941631076332,WG2,right,right_anterior_dorsal_mesothoracic_nerve,sensory,taste_bristle_gustatory_neuron,True,,glutamate,,wing_margin,taste_bristle,gustatory,"sugar, Gr43a, Gr64f, Gr5a",wing_margin_taste_bristle_gustatory_neuron,False,,,,banc_meta,2490
720575941631133420,WG2,right,right_anterior_dorsal_mesothoracic_nerve,sensory,taste_bristle_gustatory_neuron,True,,acetylcholine,,wing_margin,taste_bristle,gustatory,"sugar, Gr43a, Gr64f, Gr5a",wing_margin_taste_bristle_gustatory_neuron,False,,,,banc_meta,
720575941631211244,anterior_dorsal_mesothoracic_nerve_cut,right,right_anterior_dorsal_mesothoracic_nerve,sensory,,True,,,,wing,,,,,False,,,,banc_meta,
720575941631698146,WG2,right,right_anterior_dorsal_mesothoracic_nerve,sensory,taste_bristle_gustatory_neuron,True,,acetylcholine,,wing_margin,taste_bristle,gustatory,"sugar, Gr43a, Gr64f, Gr5a",wing_margin_taste_bristle_gustatory_neuron,False,,,,banc_meta,2509
720575941631739362,WG4,right,right_anterior_dorsal_mesothoracic_nerve,sensory,taste_bristle_gustatory_neuron,True,,glutamate,,wing_margin,taste_bristle,gustatory,ppk23,wing_margin_taste_bristle_gustatory_neuron,False,,,,banc_meta,2505
720575941631768556,SNta11,right,right_anterior_dorsal_mesothoracic_nerve,sensory,bristle_neuron,True,,acetylcholine,,wing_margin,bristle,tactile,,wing_margin_bristle_neuron,False,,,,banc_meta,
720575941631982277,WG2,left,left_anterior_dorsal_mesothoracic_nerve,sensory,taste_bristle_gustatory_neuron,True,,acetylcholine,,wing_margin,taste_bristle,gustatory,"sugar, Gr43a, Gr64f, Gr5a",wing_margin_taste_bristle_gustatory_neuron,False,,,,banc_meta,
720575941632133602,WG3,left,left_anterior_dorsal_mesothoracic_nerve,sensory,taste_bristle_gustatory_neuron,True,,glutamate,,wing_margin,taste_bristle,gustatory,"ppk23, ppk25",wing_margin_taste_bristle_gustatory_neuron,False,,,,banc_meta,
720575941632140731,SNpp35,left,left_dorsal_metathoracic_nerve,sensory,orphan_neuron,True,,acetylcholine,,haltere,orphan,proprioception,,haltere_orphan_neuron,True,,,,banc_meta,
720575941632870560,WG3,right,right_anterior_dorsal_mesothoracic_nerve,sensory,taste_bristle_gustatory_neuron,True,,glutamate,,wing_margin,taste_bristle,gustatory,"ppk23, ppk25",wing_margin_taste_bristle_gustatory_neuron,False,,,,banc_meta,2505
720575941633650107,SNpp20,left,left_dorsal_metathoracic_nerve,sensory,campaniform_sensillum_neuron,True,,acetylcholine,,haltere,campaniform_sensillum,proprioception,mechanical_strain,haltere_campaniform_sensillum_neuron,True,,,,banc_meta,
720575941634264517,WG3,left,left_anterior_dorsal_mesothoracic_nerve,sensory,taste_bristle_gustatory_neuron,True,,glutamate,,wing_margin,taste_bristle,gustatory,"ppk23, ppk25",wing_margin_taste_bristle_gustatory_neuron,False,,,,banc_meta,
720575941634340539,SNpp62,right,right_anterior_dorsal_mesothoracic_nerve,sensory,chordotonal_organ_neuron,True,,acetylcholine,,wing_base,chordotonal_organ,proprioception,vibro_position,wing_base_chordotonal_organ_neuron,True,,,,banc_meta,
720575941636673909,SNta11,left,left_anterior_dorsal_mesothoracic_nerve,sensory,bristle_neuron,True,,acetylcholine,,wing_margin,bristle,tactile,,wing_margin_bristle_neuron,False,,,,banc_meta,3191
720575941637642357,SNpp24,left,left_dorsal_metathoracic_nerve,sensory,chordotonal_organ_neuron,True,,acetylcholine,,haltere,chordotonal_organ,proprioception,mechanical_strain,haltere_chordotonal_organ_neuron,True,,,,banc_meta,
720575941638308725,SNta04,right,right_anterior_dorsal_mesothoracic_nerve,sensory,bristle_neuron,True,,acetylcholine,,wing_margin,bristle,tactile,,wing_margin_bristle_neuron,False,,,,banc_meta,
720575941639198751,SNta18,right,right_anterior_dorsal_mesothoracic_nerve,sensory,bristle_neuron,True,,acetylcholine,,wing_margin,bristle,tactile,,wing_margin_bristle_neuron,False,,,,banc_meta,2324
720575941640342389,SNpp38,right,right_anterior_dorsal_mesothoracic_nerve,sensory,campaniform_sensillum_neuron,True,,acetylcholine,,wing_tegula,campaniform_sensillum,proprioception,mechanical_strain,wing_tegula_campaniform_sensillum_neuron,True,,,,banc_meta,
720575941641001317,SNpp15,right,right_dorsal_metathoracic_nerve,sensory,orphan_neuron,True,,acetylcholine,,haltere,orphan,proprioception,,haltere_orphan_neuron,True,,,,banc_meta,
720575941642613153,unknown_sensory,right,right_dorsal_metathoracic_nerve,sensory,,True,,,,haltere,,,,,False,,,,banc_meta,
720575941643079585,WG3,left,left_anterior_dorsal_mesothoracic_nerve,sensory,taste_bristle_gustatory_neuron,True,,glutamate,,wing_margin,taste_bristle,gustatory,"ppk23, ppk25",wing_margin_taste_bristle_gustatory_neuron,False,,,,banc_meta,
720575941643102290,WG4,right,right_anterior_dorsal_mesothoracic_nerve,sensory,taste_bristle_gustatory_neuron,True,,glutamate,,wing_margin,taste_bristle,gustatory,ppk23,wing_margin_taste_bristle_gustatory_neuron,False,,,,banc_meta,2505
720575941643104594,WG3,right,right_anterior_dorsal_mesothoracic_nerve,sensory,taste_bristle_gustatory_neuron,True,,glutamate,,wing_margin,taste_bristle,gustatory,"ppk23, ppk25",wing_margin_taste_bristle_gustatory_neuron,False,,,,banc_meta,2267
720575941643885688,SNta04,right,right_anterior_dorsal_mesothoracic_nerve,sensory,bristle_neuron,True,,acetylcholine,,wing_margin,bristle,tactile,,wing_margin_bristle_neuron,False,,,,banc_meta,
720575941643956424,SNta11,right,right_anterior_dorsal_mesothoracic_nerve,sensory,bristle_neuron,True,,acetylcholine,,wing_margin,bristle,tactile,,wing_margin_bristle_neuron,False,,,,banc_meta,2123
720575941644013217,anterior_dorsal_mesothoracic_nerve_sensory,left,left_anterior_dorsal_mesothoracic_nerve,sensory,,False,,,,wing,,,,,False,,,,banc_meta,
720575941644312776,WG3,right,right_anterior_dorsal_mesothoracic_nerve,sensory,taste_bristle_gustatory_neuron,True,,acetylcholine,,wing_margin,taste_bristle,gustatory,"ppk23, ppk25",wing_margin_taste_bristle_gustatory_neuron,False,,,,banc_meta,2267
720575941644490341,SNta11,right,right_anterior_dorsal_mesothoracic_nerve,sensory,bristle_neuron,True,,acetylcholine,,wing_margin,bristle,tactile,,wing_margin_bristle_neuron,False,,,,banc_meta,2327
720575941644684961,SNta04,right,right_anterior_dorsal_mesothoracic_nerve,sensory,bristle_neuron,True,,acetylcholine,,wing_margin,bristle,tactile,,wing_margin_bristle_neuron,False,,,,banc_meta,2463
720575941645088673,SNpp32,left,left_anterior_dorsal_mesothoracic_nerve,sensory,campaniform_sensillum_neuron,True,,acetylcholine,,wing_base,campaniform_sensillum,proprioception,mechanical_strain,wing_base_campaniform_sensillum_neuron,True,,,,banc_meta,
720575941645223288,SApp07,right,right_dorsal_metathoracic_nerve,sensory,campaniform_sensillum_neuron,True,,acetylcholine,,haltere,campaniform_sensillum,proprioception,mechanical_strain,haltere_campaniform_sensillum_neuron,True,,,,banc_meta,4283
720575941649809685,WG2,left,left_anterior_dorsal_mesothoracic_nerve,sensory,taste_bristle_gustatory_neuron,True,,acetylcholine,,wing_margin,taste_bristle,gustatory,"sugar, Gr43a, Gr64f, Gr5a",wing_margin_taste_bristle_gustatory_neuron,False,,,,banc_meta,
720575941649987569,SNta08,right,right_posterior_dorsal_mesothoracic_nerve,sensory,bristle_neuron,True,,acetylcholine,,wing_margin,bristle,tactile,,wing_margin_bristle_neuron,False,,,,banc_meta,
720575941650851093,WG3,right,right_anterior_dorsal_mesothoracic_nerve,sensory,taste_bristle_gustatory_neuron,True,,glutamate,,wing_margin,taste_bristle,gustatory,"ppk23, ppk25",wing_margin_taste_bristle_gustatory_neuron,False,,,,banc_meta,2231
720575941650872341,WG2,left,left_anterior_dorsal_mesothoracic_nerve,sensory,taste_bristle_gustatory_neuron,True,,acetylcholine,,wing_margin,taste_bristle,gustatory,"sugar, Gr43a, Gr64f, Gr5a",wing_margin_taste_bristle_gustatory_neuron,False,,,,banc_meta,2987
720575941651635441,SNta04,right,right_anterior_dorsal_mesothoracic_nerve,sensory,bristle_neuron,True,,acetylcholine,,wing_margin,bristle,tactile,,wing_margin_bristle_neuron,False,,,,banc_meta,
720575941651639793,WG3,left,left_anterior_dorsal_mesothoracic_nerve,sensory,taste_bristle_gustatory_neuron,True,,glutamate,,wing_margin,taste_bristle,gustatory,"ppk23, ppk25",wing_margin_taste_bristle_gustatory_neuron,False,,,,banc_meta,
720575941652517337,anterior_dorsal_mesothoracic_nerve_sensory,left,left_anterior_dorsal_mesothoracic_nerve,sensory,,False,,,,wing,,,,,False,,,,banc_meta,
720575941652640017,SNta04,right,right_anterior_dorsal_mesothoracic_nerve,sensory,bristle_neuron,True,,acetylcholine,,wing_margin,bristle,tactile,,wing_margin_bristle_neuron,False,,,,banc_meta,
720575941652642577,SNta11,right,right_anterior_dorsal_mesothoracic_nerve,sensory,bristle_neuron,True,,acetylcholine,,wing_margin,bristle,tactile,,wing_margin_bristle_neuron,False,,,,banc_meta,
720575941652746001,WG2,right,right_anterior_dorsal_mesothoracic_nerve,sensory,taste_bristle_gustatory_neuron,True,,acetylcholine,,wing_margin,taste_bristle,gustatory,"sugar, Gr43a, Gr64f, Gr5a",wing_margin_taste_bristle_gustatory_neuron,False,,,,banc_meta,
720575941653863129,SNpp07,left,left_anterior_dorsal_mesothoracic_nerve,sensory,chordotonal_organ_neuron,True,,acetylcholine,,wing_tegula,chordotonal_organ,proprioception,vibro_position,wing_tegula_chordotonal_organ_neuron,True,,,,banc_meta,
720575941654030809,WG4,left,left_anterior_dorsal_mesothoracic_nerve,sensory,taste_bristle_gustatory_neuron,True,,acetylcholine,,wing_margin,taste_bristle,gustatory,ppk23,wing_margin_taste_bristle_gustatory_neuron,False,,,,banc_meta,
720575941654033625,SNta03,left,left_dorsal_metathoracic_nerve,sensory,bristle_neuron,True,,acetylcholine,,haltere,bristle,tactile,,haltere_bristle_neuron,False,,,,banc_meta,
720575941654525396,WG2,left,left_anterior_dorsal_mesothoracic_nerve,sensory,taste_bristle_gustatory_neuron,True,,acetylcholine,,wing_margin,taste_bristle,gustatory,"sugar, Gr43a, Gr64f, Gr5a",wing_margin_taste_bristle_gustatory_neuron,False,,,,banc_meta,
720575941654661076,anterior_dorsal_mesothoracic_nerve_cut,left,left_anterior_dorsal_mesothoracic_nerve,sensory,,True,,,,wing,,,,,False,,,,banc_meta,
720575941654667476,anterior_dorsal_mesothoracic_nerve_sensory,left,left_anterior_dorsal_mesothoracic_nerve,sensory,,False,,,,wing,,,,,False,,,,banc_meta,
720575941654710740,anterior_dorsal_mesothoracic_nerve_cut,left,left_anterior_dorsal_mesothoracic_nerve,sensory,,True,,,,wing,,,,,False,,,,banc_meta,
720575941655641817,SNpp62,right,right_anterior_dorsal_mesothoracic_nerve,sensory,chordotonal_organ_neuron,True,,acetylcholine,,wing_base,chordotonal_organ,proprioception,vibro_position,wing_base_chordotonal_organ_neuron,True,,,,banc_meta,2467
720575941656018968,SNpp20,right,right_dorsal_metathoracic_nerve,sensory,orphan_neuron,True,,acetylcholine,,haltere,orphan,proprioception,,haltere_orphan_neuron,True,,,,banc_meta,
720575941656154704,WG3,right,right_anterior_dorsal_mesothoracic_nerve,sensory,taste_bristle_gustatory_neuron,True,,acetylcholine,,wing_margin,taste_bristle,gustatory,"ppk23, ppk25",wing_margin_taste_bristle_gustatory_neuron,False,,,,banc_meta,2023
720575941656383824,WG3,left,left_anterior_dorsal_mesothoracic_nerve,sensory,taste_bristle_gustatory_neuron,True,,glutamate,,wing_margin,taste_bristle,gustatory,"ppk23, ppk25",wing_margin_taste_bristle_gustatory_neuron,False,,,,banc_meta,
720575941656643408,SNta04,left,left_anterior_dorsal_mesothoracic_nerve,sensory,bristle_neuron,True,,acetylcholine,,wing_margin,bristle,tactile,,wing_margin_bristle_neuron,False,,,,banc_meta,2892
720575941657716248,WG2,left,left_anterior_dorsal_mesothoracic_nerve,sensory,taste_bristle_gustatory_neuron,True,,acetylcholine,,wing_margin,taste_bristle,gustatory,"sugar, Gr43a, Gr64f, Gr5a",wing_margin_taste_bristle_gustatory_neuron,False,,,,banc_meta,
720575941657824536,SNpp07,left,left_anterior_dorsal_mesothoracic_nerve,sensory,chordotonal_organ_neuron,True,,acetylcholine,,wing_tegula,chordotonal_organ,proprioception,vibro_position,wing_tegula_chordotonal_organ_neuron,True,,,,banc_meta,
720575941658018640,WG4,right,right_anterior_dorsal_mesothoracic_nerve,sensory,taste_bristle_gustatory_neuron,True,,acetylcholine,,wing_margin,taste_bristle,gustatory,ppk23,wing_margin_taste_bristle_gustatory_neuron,False,,,,banc_meta,2505
720575941658060368,SNpp63,right,right_anterior_dorsal_mesothoracic_nerve,sensory,chordotonal_organ_neuron,True,,acetylcholine,,wing_base,chordotonal_organ,proprioception,vibro_position,wing_base_chordotonal_organ_neuron,True,,,,banc_meta,2484
720575941658132560,WG2,right,right_anterior_dorsal_mesothoracic_nerve,sensory,taste_bristle_gustatory_neuron,True,,acetylcholine,,wing_margin,taste_bristle,gustatory,"sugar, Gr43a, Gr64f, Gr5a",wing_margin_taste_bristle_gustatory_neuron,False,,,,banc_meta,
720575941660215608,anterior_dorsal_mesothoracic_nerve_cut,left,left_anterior_dorsal_mesothoracic_nerve,sensory,,False,,,,wing,,,,,False,,,,banc_meta,
720575941661485112,SNta04,right,right_anterior_dorsal_mesothoracic_nerve,sensory,bristle_neuron,True,,acetylcholine,,wing_margin,bristle,tactile,,wing_margin_bristle_neuron,False,,,,banc_meta,
720575941661541944,WG2,right,right_anterior_dorsal_mesothoracic_nerve,sensory,taste_bristle_gustatory_neuron,True,,acetylcholine,,wing_margin,taste_bristle,gustatory,"sugar, Gr43a, Gr64f, Gr5a",wing_margin_taste_bristle_gustatory_neuron,False,,,,banc_meta,2267
720575941661600056,SNta14,left,left_anterior_dorsal_mesothoracic_nerve,sensory,bristle_neuron,True,,acetylcholine,,wing_margin,bristle,tactile,,wing_margin_bristle_neuron,False,,,,banc_meta,
720575941662118268,SNpp08,right,right_anterior_dorsal_mesothoracic_nerve,sensory,campaniform_sensillum_neuron,True,,acetylcholine,,wing_base,campaniform_sensillum,proprioception,mechanical_strain,wing_base_campaniform_sensillum_neuron,True,,,,banc_meta,
720575941662427260,WG2,right,right_anterior_dorsal_mesothoracic_nerve,sensory,taste_bristle_gustatory_neuron,True,,acetylcholine,,wing_margin,taste_bristle,gustatory,"sugar, Gr43a, Gr64f, Gr5a",wing_margin_taste_bristle_gustatory_neuron,False,,,,banc_meta,2505
720575941662429308,SApp05,right,right_dorsal_metathoracic_nerve,sensory,campaniform_sensillum_neuron,True,,acetylcholine,,haltere,campaniform_sensillum,proprioception,mechanical_strain,haltere_campaniform_sensillum_neuron,True,,,,banc_meta,
720575941662531452,SNta18,right,right_anterior_dorsal_mesothoracic_nerve,sensory,bristle_neuron,True,,acetylcholine,,wing_margin,bristle,tactile,,wing_margin_bristle_neuron,False,,,,banc_meta,2324
720575941663014780,SNta04,right,right_anterior_dorsal_mesothoracic_nerve,sensory,bristle_neuron,True,,acetylcholine,,wing_margin,bristle,tactile,,wing_margin_bristle_neuron,False,,,,banc_meta,
720575941663682684,SApp05,left,left_dorsal_metathoracic_nerve,sensory,campaniform_sensillum_neuron,True,,acetylcholine,,haltere,campaniform_sensillum,proprioception,mechanical_strain,haltere_campaniform_sensillum_neuron,True,,,,banc_meta,
720575941663749176,WG4,left,left_anterior_dorsal_mesothoracic_nerve,sensory,taste_bristle_gustatory_neuron,True,,acetylcholine,,wing_margin,taste_bristle,gustatory,ppk23,wing_margin_taste_bristle_gustatory_neuron,False,,,,banc_meta,
720575941664582780,SNta04,left,left_anterior_dorsal_mesothoracic_nerve,sensory,bristle_neuron,True,,acetylcholine,,wing_margin,bristle,tactile,,wing_margin_bristle_neuron,False,,,,banc_meta,2597
720575941664811132,SNta08,left,left_posterior_dorsal_mesothoracic_nerve,sensory,bristle_neuron,True,,acetylcholine,,wing_margin,bristle,tactile,,wing_margin_bristle_neuron,False,,,,banc_meta,
720575941667115953,WG2,right,right_anterior_dorsal_mesothoracic_nerve,sensory,taste_bristle_gustatory_neuron,True,,acetylcholine,,wing_margin,taste_bristle,gustatory,"sugar, Gr43a, Gr64f, Gr5a",wing_margin_taste_bristle_gustatory_neuron,False,,,,banc_meta,
720575941667561971,SNpp07,left,left_anterior_dorsal_mesothoracic_nerve,sensory,chordotonal_organ_neuron,True,,acetylcholine,,wing_tegula,chordotonal_organ,proprioception,vibro_position,wing_tegula_chordotonal_organ_neuron,True,,,,banc_meta,
720575941668335347,SNpp10,left,left_anterior_dorsal_mesothoracic_nerve,sensory,chordotonal_organ_neuron,True,,acetylcholine,,wing_tegula,chordotonal_organ,proprioception,vibro_position,wing_tegula_chordotonal_organ_neuron,True,,,,banc_meta,
720575941668905649,WG3,right,right_anterior_dorsal_mesothoracic_nerve,sensory,taste_bristle_gustatory_neuron,True,,glutamate,,wing_margin,taste_bristle,gustatory,"ppk23, ppk25",wing_margin_taste_bristle_gustatory_neuron,False,,,,banc_meta,2505
720575941668971185,anterior_dorsal_mesothoracic_nerve_sensory,left,left_anterior_dorsal_mesothoracic_nerve,sensory,,False,,,,wing,,,,,False,,,,banc_meta,
720575941671235239,anterior_dorsal_mesothoracic_nerve_sensory,left,left_anterior_dorsal_mesothoracic_nerve,sensory,,False,,,,wing,,,,,False,,,,banc_meta,
720575941675440090,WG4,right,right_anterior_dorsal_mesothoracic_nerve,sensory,taste_bristle_gustatory_neuron,True,,acetylcholine,,wing_margin,taste_bristle,gustatory,ppk23,wing_margin_taste_bristle_gustatory_neuron,False,,,,banc_meta,2505
720575941675541210,WG3,right,right_anterior_dorsal_mesothoracic_nerve,sensory,taste_bristle_gustatory_neuron,True,,glutamate,,wing_margin,taste_bristle,gustatory,"ppk23, ppk25",wing_margin_taste_bristle_gustatory_neuron,False,,,,banc_meta,2505
720575941675611354,WG4,right,right_anterior_dorsal_mesothoracic_nerve,sensory,taste_bristle_gustatory_neuron,True,,acetylcholine,,wing_margin,taste_bristle,gustatory,ppk23,wing_margin_taste_bristle_gustatory_neuron,False,,,,banc_meta,2274
720575941678938813,anterior_dorsal_mesothoracic_nerve_cut,left,left_anterior_dorsal_mesothoracic_nerve,sensory,,True,,,,wing,,,,,False,,,,banc_meta,
720575941679702205,SNta18,left,left_anterior_dorsal_mesothoracic_nerve,sensory,bristle_neuron,True,,acetylcholine,,wing_margin,bristle,tactile,,wing_margin_bristle_neuron,False,,,,banc_meta,2646
720575941680355567,anterior_dorsal_mesothoracic_nerve_cut,left,left_anterior_dorsal_mesothoracic_nerve,sensory,,True,,,,wing,,,,,False,,,,banc_meta,
720575941682180541,SNta08,left,left_anterior_dorsal_mesothoracic_nerve,sensory,bristle_neuron,True,,acetylcholine,,wing_margin,bristle,tactile,,wing_margin_bristle_neuron,False,,,,banc_meta,2544
720575941684837359,unknown_sensory,right,right_dorsal_metathoracic_nerve,sensory,,False,,,,haltere,,,,,False,,,,banc_meta,
720575941686007052,SNpp10,left,left_anterior_dorsal_mesothoracic_nerve,sensory,chordotonal_organ_neuron,True,,acetylcholine,,wing_tegula,chordotonal_organ,proprioception,vibro_position,wing_tegula_chordotonal_organ_neuron,True,,,,banc_meta,
720575941686976495,SNta04,left,left_anterior_dorsal_mesothoracic_nerve,sensory,bristle_neuron,True,,acetylcholine,,wing_margin,bristle,tactile,,wing_margin_bristle_neuron,False,,,,banc_meta,
720575941687072239,anterior_dorsal_mesothoracic_nerve_sensory,left,left_anterior_dorsal_mesothoracic_nerve,sensory,,False,,,,wing,,,,,False,,,,banc_meta,
720575941687533324,WG4,right,right_anterior_dorsal_mesothoracic_nerve,sensory,taste_bristle_gustatory_neuron,True,,acetylcholine,,wing_margin,taste_bristle,gustatory,ppk23,wing_margin_taste_bristle_gustatory_neuron,False,,,,banc_meta,2505
720575941687775606,anterior_dorsal_mesothoracic_nerve_sensory,left,left_anterior_dorsal_mesothoracic_nerve,sensory,,False,,,,wing,,,,,False,,,,banc_meta,
720575941687885295,WG2,left,left_anterior_dorsal_mesothoracic_nerve,sensory,taste_bristle_gustatory_neuron,True,,acetylcholine,,wing_margin,taste_bristle,gustatory,"sugar, Gr43a, Gr64f, Gr5a",wing_margin_taste_bristle_gustatory_neuron,False,,,,banc_meta,
720575941687954139,WG2,right,right_anterior_dorsal_mesothoracic_nerve,sensory,taste_bristle_gustatory_neuron,True,,acetylcholine,,wing_margin,taste_bristle,gustatory,"sugar, Gr43a, Gr64f, Gr5a",wing_margin_taste_bristle_gustatory_neuron,False,,,,banc_meta,
720575941688501400,anterior_dorsal_mesothoracic_nerve_cut,left,left_anterior_dorsal_mesothoracic_nerve,sensory,,False,,,,wing,,,,,False,,,,banc_meta,
720575941689437558,SNta14,right,right_anterior_dorsal_mesothoracic_nerve,sensory,bristle_neuron,True,,acetylcholine,,wing_margin,bristle,tactile,,wing_margin_bristle_neuron,False,,,,banc_meta,
720575941689772251,SNpp20,left,left_dorsal_metathoracic_nerve,sensory,campaniform_sensillum_neuron,True,,acetylcholine,,haltere,campaniform_sensillum,proprioception,mechanical_strain,haltere_campaniform_sensillum_neuron,True,,,,banc_meta,4444
720575941689834715,anterior_dorsal_mesothoracic_nerve_cut,left,left_anterior_dorsal_mesothoracic_nerve,sensory,,True,,,,wing,,,,,False,,,,banc_meta,
720575941689943448,WG2,right,right_anterior_dorsal_mesothoracic_nerve,sensory,taste_bristle_gustatory_neuron,True,,acetylcholine,,wing_margin,taste_bristle,gustatory,"sugar, Gr43a, Gr64f, Gr5a",wing_margin_taste_bristle_gustatory_neuron,False,,,,banc_meta,
720575941690696667,WG4,right,right_anterior_dorsal_mesothoracic_nerve,sensory,taste_bristle_gustatory_neuron,True,,acetylcholine,,wing_margin,taste_bristle,gustatory,ppk23,wing_margin_taste_bristle_gustatory_neuron,False,,,,banc_meta,2490
720575941696303834,WG4,right,right_anterior_dorsal_mesothoracic_nerve,sensory,taste_bristle_gustatory_neuron,True,,acetylcholine,,wing_margin,taste_bristle,gustatory,ppk23,wing_margin_taste_bristle_gustatory_neuron,False,,,,banc_meta,2380
720575941696304090,SNta04,right,right_anterior_dorsal_mesothoracic_nerve,sensory,bristle_neuron,True,,acetylcholine,,wing_margin,bristle,tactile,,wing_margin_bristle_neuron,False,,,,banc_meta,2449
720575941696304602,SNta08,right,right_anterior_dorsal_mesothoracic_nerve,sensory,bristle_neuron,True,,acetylcholine,,wing_margin,bristle,tactile,,wing_margin_bristle_neuron,False,,,,banc_meta,1994
720575941696304858,SNta11,right,right_anterior_dorsal_mesothoracic_nerve,sensory,bristle_neuron,True,,acetylcholine,,wing_margin,bristle,tactile,,wing_margin_bristle_neuron,False,,,,banc_meta,2262
720575941696305114,SNta04,right,right_anterior_dorsal_mesothoracic_nerve,sensory,bristle_neuron,True,,acetylcholine,,wing_margin,bristle,tactile,,wing_margin_bristle_neuron,False,,,,banc_meta,
720575941696305370,WG2,right,right_anterior_dorsal_mesothoracic_nerve,sensory,taste_bristle_gustatory_neuron,True,,glutamate,,wing_margin,taste_bristle,gustatory,"sugar, Gr43a, Gr64f, Gr5a",wing_margin_taste_bristle_gustatory_neuron,False,,,,banc_meta,
720575941696307162,SNta04,right,right_anterior_dorsal_mesothoracic_nerve,sensory,bristle_neuron,True,,acetylcholine,,wing_margin,bristle,tactile,,wing_margin_bristle_neuron,False,,,,banc_meta,2158
720575941696307418,SNta04,right,right_anterior_dorsal_mesothoracic_nerve,sensory,bristle_neuron,True,,acetylcholine,,wing_margin,bristle,tactile,,wing_margin_bristle_neuron,False,,,,banc_meta,
720575941696308186,SNpp28,right,right_anterior_dorsal_mesothoracic_nerve,sensory,campaniform_sensillum_neuron,True,,acetylcholine,,wing_tegula,campaniform_sensillum,proprioception,mechanical_strain,wing_tegula_campaniform_sensillum_neuron,True,,,,banc_meta,
720575941696308442,SNta04,right,right_anterior_dorsal_mesothoracic_nerve,sensory,bristle_neuron,True,,acetylcholine,,wing_margin,bristle,tactile,,wing_margin_bristle_neuron,False,,,,banc_meta,2429
720575941696308698,WG2,right,right_anterior_dorsal_mesothoracic_nerve,sensory,taste_bristle_gustatory_neuron,True,,acetylcholine,,wing_margin,taste_bristle,gustatory,"sugar, Gr43a, Gr64f, Gr5a",wing_margin_taste_bristle_gustatory_neuron,False,,,,banc_meta,
720575941696309466,WG3,right,right_anterior_dorsal_mesothoracic_nerve,sensory,taste_bristle_gustatory_neuron,True,,acetylcholine,,wing_margin,taste_bristle,gustatory,"ppk23, ppk25",wing_margin_taste_bristle_gustatory_neuron,False,,,,banc_meta,2505
720575941696309978,SNta04,right,right_anterior_dorsal_mesothoracic_nerve,sensory,bristle_neuron,True,,acetylcholine,,wing_margin,bristle,tactile,,wing_margin_bristle_neuron,False,,,,banc_meta,
720575941696310490,WG2,right,right_anterior_dorsal_mesothoracic_nerve,sensory,taste_bristle_gustatory_neuron,True,,acetylcholine,,wing_margin,taste_bristle,gustatory,"sugar, Gr43a, Gr64f, Gr5a",wing_margin_taste_bristle_gustatory_neuron,False,,,,banc_meta,
720575941696311770,WG3,right,right_anterior_dorsal_mesothoracic_nerve,sensory,taste_bristle_gustatory_neuron,True,,glutamate,,wing_margin,taste_bristle,gustatory,"ppk23, ppk25",wing_margin_taste_bristle_gustatory_neuron,False,,,,banc_meta,2274
720575941696312026,SNta08,right,right_anterior_dorsal_mesothoracic_nerve,sensory,bristle_neuron,True,,acetylcholine,,wing_margin,bristle,tactile,,wing_margin_bristle_neuron,False,,,,banc_meta,
720575941696312794,WG2,right,right_anterior_dorsal_mesothoracic_nerve,sensory,taste_bristle_gustatory_neuron,True,,acetylcholine,,wing_margin,taste_bristle,gustatory,"sugar, Gr43a, Gr64f, Gr5a",wing_margin_taste_bristle_gustatory_neuron,False,,,,banc_meta,2393
720575941696315610,SNta11,right,right_anterior_dorsal_mesothoracic_nerve,sensory,bristle_neuron,True,,acetylcholine,,wing_margin,bristle,tactile,,wing_margin_bristle_neuron,False,,,,banc_meta,
720575941696316122,SNta04,right,right_anterior_dorsal_mesothoracic_nerve,sensory,bristle_neuron,True,,acetylcholine,,wing_margin,bristle,tactile,,wing_margin_bristle_neuron,False,,,,banc_meta,
720575941696316378,SNta04,right,right_anterior_dorsal_mesothoracic_nerve,sensory,bristle_neuron,True,,acetylcholine,,wing_margin,bristle,tactile,,wing_margin_bristle_neuron,False,,,,banc_meta,2023
720575941696316890,WG2,right,right_anterior_dorsal_mesothoracic_nerve,sensory,taste_bristle_gustatory_neuron,True,,acetylcholine,,wing_margin,taste_bristle,gustatory,"sugar, Gr43a, Gr64f, Gr5a",wing_margin_taste_bristle_gustatory_neuron,False,,,,banc_meta,
720575941696321498,WG2,right,right_anterior_dorsal_mesothoracic_nerve,sensory,taste_bristle_gustatory_neuron,True,,acetylcholine,,wing_margin,taste_bristle,gustatory,"sugar, Gr43a, Gr64f, Gr5a",wing_margin_taste_bristle_gustatory_neuron,False,,,,banc_meta,2267
720575941696321754,WG2,right,right_anterior_dorsal_mesothoracic_nerve,sensory,taste_bristle_gustatory_neuron,True,,acetylcholine,,wing_margin,taste_bristle,gustatory,"sugar, Gr43a, Gr64f, Gr5a",wing_margin_taste_bristle_gustatory_neuron,False,,,,banc_meta,
720575941696322010,WG2,right,right_anterior_dorsal_mesothoracic_nerve,sensory,taste_bristle_gustatory_neuron,True,,acetylcholine,,wing_margin,taste_bristle,gustatory,"sugar, Gr43a, Gr64f, Gr5a",wing_margin_taste_bristle_gustatory_neuron,False,,,,banc_meta,
720575941696322266,SNta18,right,right_anterior_dorsal_mesothoracic_nerve,sensory,bristle_neuron,True,,acetylcholine,,wing_margin,bristle,tactile,,wing_margin_bristle_neuron,False,,,,banc_meta,
720575941696322778,SNta18,right,right_anterior_dorsal_mesothoracic_nerve,sensory,bristle_neuron,True,,acetylcholine,,wing_margin,bristle,tactile,,wing_margin_bristle_neuron,False,,,,banc_meta,2271
720575941696326618,WG2,right,right_anterior_dorsal_mesothoracic_nerve,sensory,taste_bristle_gustatory_neuron,True,,acetylcholine,,wing_margin,taste_bristle,gustatory,"sugar, Gr43a, Gr64f, Gr5a",wing_margin_taste_bristle_gustatory_neuron,False,,,,banc_meta,2267
720575941696327386,SNta04,right,right_anterior_dorsal_mesothoracic_nerve,sensory,bristle_neuron,True,,acetylcholine,,wing_margin,bristle,tactile,,wing_margin_bristle_neuron,False,,,,banc_meta,
720575941696328922,WG2,right,right_anterior_dorsal_mesothoracic_nerve,sensory,taste_bristle_gustatory_neuron,True,,acetylcholine,,wing_margin,taste_bristle,gustatory,"sugar, Gr43a, Gr64f, Gr5a",wing_margin_taste_bristle_gustatory_neuron,False,,,,banc_meta,
720575941696329434,WG2,right,right_anterior_dorsal_mesothoracic_nerve,sensory,taste_bristle_gustatory_neuron,True,,acetylcholine,,wing_margin,taste_bristle,gustatory,"sugar, Gr43a, Gr64f, Gr5a",wing_margin_taste_bristle_gustatory_neuron,False,,,,banc_meta,2023
720575941696329690,WG2,right,right_anterior_dorsal_mesothoracic_nerve,sensory,taste_bristle_gustatory_neuron,True,,acetylcholine,,wing_margin,taste_bristle,gustatory,"sugar, Gr43a, Gr64f, Gr5a",wing_margin_taste_bristle_gustatory_neuron,False,,,,banc_meta,2505
720575941696353242,WG2,right,right_anterior_dorsal_mesothoracic_nerve,sensory,taste_bristle_gustatory_neuron,True,,acetylcholine,,wing_margin,taste_bristle,gustatory,"sugar, Gr43a, Gr64f, Gr5a",wing_margin_taste_bristle_gustatory_neuron,False,,,,banc_meta,
720575941696353498,WG2,right,right_anterior_dorsal_mesothoracic_nerve,sensory,taste_bristle_gustatory_neuron,True,,acetylcholine,,wing_margin,taste_bristle,gustatory,"sugar, Gr43a, Gr64f, Gr5a",wing_margin_taste_bristle_gustatory_neuron,False,,,,banc_meta,2049
720575941696355034,WG2,right,right_anterior_dorsal_mesothoracic_nerve,sensory,taste_bristle_gustatory_neuron,True,,acetylcholine,,wing_margin,taste_bristle,gustatory,"sugar, Gr43a, Gr64f, Gr5a",wing_margin_taste_bristle_gustatory_neuron,False,,,,banc_meta,2374
720575941696355290,WG2,right,right_anterior_dorsal_mesothoracic_nerve,sensory,taste_bristle_gustatory_neuron,True,,acetylcholine,,wing_margin,taste_bristle,gustatory,"sugar, Gr43a, Gr64f, Gr5a",wing_margin_taste_bristle_gustatory_neuron,False,,,,banc_meta,
720575941700564186,SNta04,left,left_anterior_dorsal_mesothoracic_nerve,sensory,bristle_neuron,True,,acetylcholine,,wing_margin,bristle,tactile,,wing_margin_bristle_neuron,False,,,,banc_meta,2606
720575941701879258,SNpp34,left,left_dorsal_metathoracic_nerve,sensory,chordotonal_organ_neuron,True,,acetylcholine,,haltere,chordotonal_organ,proprioception,,haltere_chordotonal_organ_neuron,True,,,,banc_meta,
720575941702131674,WG2,right,right_anterior_dorsal_mesothoracic_nerve,sensory,taste_bristle_gustatory_neuron,True,,glutamate,,wing_margin,taste_bristle,gustatory,"sugar, Gr43a, Gr64f, Gr5a",wing_margin_taste_bristle_gustatory_neuron,False,,,,banc_meta,2267
720575941702233818,SNpp20,left,left_dorsal_metathoracic_nerve,sensory,campaniform_sensillum_neuron,True,,acetylcholine,,haltere,campaniform_sensillum,proprioception,mechanical_strain,haltere_campaniform_sensillum_neuron,True,,,,banc_meta,
720575941703025882,SNpp20,left,left_dorsal_metathoracic_nerve,sensory,campaniform_sensillum_neuron,True,,acetylcholine,,haltere,campaniform_sensillum,proprioception,mechanical_strain,haltere_campaniform_sensillum_neuron,True,,,,banc_meta,
720575941703163354,SNpp09,right,right_anterior_dorsal_mesothoracic_nerve,sensory,campaniform_sensillum_neuron,True,,acetylcholine,,wing_base,campaniform_sensillum,proprioception,mechanical_strain,wing_base_campaniform_sensillum_neuron,True,,,,banc_meta,2268
720575941703169754,SNpp06,left,left_anterior_dorsal_mesothoracic_nerve,sensory,campaniform_sensillum_neuron,True,,acetylcholine,,wing_base,campaniform_sensillum,proprioception,mechanical_strain,wing_base_campaniform_sensillum_neuron,True,,,,banc_meta,2633
720575941720784954,anterior_dorsal_mesothoracic_nerve_sensory,left,left_anterior_dorsal_mesothoracic_nerve,sensory,,False,,,,wing,,,,,False,,,,banc_meta,
720575941721764154,anterior_dorsal_mesothoracic_nerve,left,left_anterior_dorsal_mesothoracic_nerve,sensory,,False,,,,wing,,,,,False,,,,banc_meta,
720575941722075706,WG3,left,left_anterior_dorsal_mesothoracic_nerve,sensory,taste_bristle_gustatory_neuron,True,,acetylcholine,,wing_margin,taste_bristle,gustatory,"ppk23, ppk25",wing_margin_taste_bristle_gustatory_neuron,False,,,,banc_meta,
720575941722174522,SNpp32,left,left_anterior_dorsal_mesothoracic_nerve,sensory,campaniform_sensillum_neuron,True,,acetylcholine,,wing_base,campaniform_sensillum,proprioception,mechanical_strain,wing_base_campaniform_sensillum_neuron,True,,,,banc_meta,
720575941722221626,SNpp30,left,left_anterior_dorsal_mesothoracic_nerve,sensory,campaniform_sensillum_neuron,True,,acetylcholine,,wing_base,campaniform_sensillum,proprioception,mechanical_strain,wing_base_campaniform_sensillum_neuron,True,,,,banc_meta,
720575941722234938,WG3,right,right_anterior_dorsal_mesothoracic_nerve,sensory,taste_bristle_gustatory_neuron,True,,glutamate,,wing_margin,taste_bristle,gustatory,"ppk23, ppk25",wing_margin_taste_bristle_gustatory_neuron,False,,,,banc_meta,2274
720575941723200570,SNpp09,left,left_anterior_dorsal_mesothoracic_nerve,sensory,campaniform_sensillum_neuron,True,,acetylcholine,,wing_base,campaniform_sensillum,proprioception,mechanical_strain,wing_base_campaniform_sensillum_neuron,True,,,,banc_meta,
720575941731609643,SNta04,right,right_anterior_dorsal_mesothoracic_nerve,sensory,bristle_neuron,True,,acetylcholine,,wing_margin,bristle,tactile,,wing_margin_bristle_neuron,False,,,,banc_meta,
720575941733258795,SNta11,right,right_anterior_dorsal_mesothoracic_nerve,sensory,bristle_neuron,True,,acetylcholine,,wing_margin,bristle,tactile,,wing_margin_bristle_neuron,False,,,,banc_meta,
