review_rank,review_band,root_id,cell_type,side,Buhmann_v783_A_raw_points,Buhmann_v783_B_segment_points,Princeton_2025_published_pairs,Princeton_2025_published_synapses,Princeton_2025_filtered_ge5_pair_rows,Princeton_2025_total_point_rows,Princeton_2025_autapse_point_rows,Buhmann_C_type_hypotheses,next_manual_check,model_use,interpretation
1,R7_cross_detector_point_exception,720575940623940963,R7,right,48,21,0,0,0,215,2,5,Inspect two point clouds and omission from both pair exports,No edge in either published pair graph; keep as point-only exception,"Review band is a workflow order, not calibrated confidence or functional evidence"
2,P_pair_ge5_export,720575940631647173,R1-6,right,0,0,20,202,6,222,20,5,Review exact 2025 point sites and map sensory context,Optional separately labeled Princeton detector graph layer,"Review band is a workflow order, not calibrated confidence or functional evidence"
3,P_pair_ge5_export,720575940609016668,R1-6,right,0,0,17,193,5,206,13,5,Review exact 2025 point sites and map sensory context,Optional separately labeled Princeton detector graph layer,"Review band is a workflow order, not calibrated confidence or functional evidence"
4,P_pair_ge5_export,720575940631505260,R1-6,left,0,2,13,179,4,191,12,5,Review exact 2025 point sites and map sensory context,Optional separately labeled Princeton detector graph layer,"Review band is a workflow order, not calibrated confidence or functional evidence"
5,P_pair_ge5_export,720575940622545023,R1-6,right,0,0,11,177,4,205,28,5,Review exact 2025 point sites and map sensory context,Optional separately labeled Princeton detector graph layer,"Review band is a workflow order, not calibrated confidence or functional evidence"
6,P_pair_ge5_export,720575940621489243,R1-6,right,0,0,13,176,4,205,29,5,Review exact 2025 point sites and map sensory context,Optional separately labeled Princeton detector graph layer,"Review band is a workflow order, not calibrated confidence or functional evidence"
7,P_pair_ge5_export,720575940625717747,R1-6,right,0,0,11,174,4,200,26,5,Review exact 2025 point sites and map sensory context,Optional separately labeled Princeton detector graph layer,"Review band is a workflow order, not calibrated confidence or functional evidence"
8,P_pair_ge5_export,720575940629285873,R1-6,right,0,1,12,170,5,189,19,5,Review exact 2025 point sites and map sensory context,Optional separately labeled Princeton detector graph layer,"Review band is a workflow order, not calibrated confidence or functional evidence"
9,P_pair_ge5_export,720575940621482667,R1-6,left,0,1,15,168,4,176,8,5,Review exact 2025 point sites and map sensory context,Optional separately labeled Princeton detector graph layer,"Review band is a workflow order, not calibrated confidence or functional evidence"
10,P_pair_ge5_export,720575940621481450,,left,0,2,57,164,9,188,24,0,Review exact 2025 point sites and map sensory context,Optional separately labeled Princeton detector graph layer,"Review band is a workflow order, not calibrated confidence or functional evidence"
11,P_pair_ge5_export,720575940618712221,R1-6,right,0,0,17,164,3,184,20,5,Review exact 2025 point sites and map sensory context,Optional separately labeled Princeton detector graph layer,"Review band is a workflow order, not calibrated confidence or functional evidence"
12,P_pair_ge5_export,720575940607773314,R1-6,right,0,0,20,163,4,181,18,5,Review exact 2025 point sites and map sensory context,Optional separately labeled Princeton detector graph layer,"Review band is a workflow order, not calibrated confidence or functional evidence"
13,P_pair_ge5_export,720575940635168407,R1-6,right,0,0,14,162,4,180,18,5,Review exact 2025 point sites and map sensory context,Optional separately labeled Princeton detector graph layer,"Review band is a workflow order, not calibrated confidence or functional evidence"
14,P_pair_ge5_export,720575940630098075,R7,left,0,9,38,161,13,166,5,5,Review exact 2025 point sites and map sensory context,Optional separately labeled Princeton detector graph layer,"Review band is a workflow order, not calibrated confidence or functional evidence"
15,P_pair_ge5_export,720575940640017597,R1-6,right,0,4,15,158,4,187,29,5,Review exact 2025 point sites and map sensory context,Optional separately labeled Princeton detector graph layer,"Review band is a workflow order, not calibrated confidence or functional evidence"
16,P_pair_ge5_export,720575940638556382,R1-6,left,0,3,12,158,4,183,25,5,Review exact 2025 point sites and map sensory context,Optional separately labeled Princeton detector graph layer,"Review band is a workflow order, not calibrated confidence or functional evidence"
17,P_pair_ge5_export,720575940629714793,R1-6,right,0,1,12,158,4,175,17,5,Review exact 2025 point sites and map sensory context,Optional separately labeled Princeton detector graph layer,"Review band is a workflow order, not calibrated confidence or functional evidence"
18,P_pair_ge5_export,720575940632581945,R1-6,right,0,0,22,157,4,177,20,5,Review exact 2025 point sites and map sensory context,Optional separately labeled Princeton detector graph layer,"Review band is a workflow order, not calibrated confidence or functional evidence"
19,P_pair_ge5_export,720575940618150105,R1-6,right,0,2,14,155,5,172,17,5,Review exact 2025 point sites and map sensory context,Optional separately labeled Princeton detector graph layer,"Review band is a workflow order, not calibrated confidence or functional evidence"
20,P_pair_ge5_export,720575940621193051,R1-6,right,0,1,14,155,5,175,20,5,Review exact 2025 point sites and map sensory context,Optional separately labeled Princeton detector graph layer,"Review band is a workflow order, not calibrated confidence or functional evidence"
21,P_pair_ge5_export,720575940625113015,R1-6,right,0,0,17,155,5,177,22,5,Review exact 2025 point sites and map sensory context,Optional separately labeled Princeton detector graph layer,"Review band is a workflow order, not calibrated confidence or functional evidence"
22,P_pair_ge5_export,720575940637390181,R7,left,0,3,33,152,9,163,11,5,Review exact 2025 point sites and map sensory context,Optional separately labeled Princeton detector graph layer,"Review band is a workflow order, not calibrated confidence or functional evidence"
23,P_pair_ge5_export,720575940644276128,R1-6,right,0,1,14,151,4,167,16,5,Review exact 2025 point sites and map sensory context,Optional separately labeled Princeton detector graph layer,"Review band is a workflow order, not calibrated confidence or functional evidence"
24,P_pair_ge5_export,720575940613474474,R1-6,right,0,0,15,151,4,162,11,5,Review exact 2025 point sites and map sensory context,Optional separately labeled Princeton detector graph layer,"Review band is a workflow order, not calibrated confidence or functional evidence"
25,P_pair_ge5_export,720575940618437922,R1-6,right,0,0,13,151,4,165,14,5,Review exact 2025 point sites and map sensory context,Optional separately labeled Princeton detector graph layer,"Review band is a workflow order, not calibrated confidence or functional evidence"
26,P_pair_ge5_export,720575940628789064,R1-6,right,0,0,12,149,5,171,22,5,Review exact 2025 point sites and map sensory context,Optional separately labeled Princeton detector graph layer,"Review band is a workflow order, not calibrated confidence or functional evidence"
27,P_pair_ge5_export,720575940629808911,ITP,right,0,0,46,149,14,180,31,0,Review exact 2025 point sites and map sensory context,Optional separately labeled Princeton detector graph layer,"Review band is a workflow order, not calibrated confidence or functional evidence"
28,P_pair_ge5_export,720575940620232920,R1-6,right,0,0,12,148,4,160,12,5,Review exact 2025 point sites and map sensory context,Optional separately labeled Princeton detector graph layer,"Review band is a workflow order, not calibrated confidence or functional evidence"
29,P_pair_ge5_export,720575940645941027,R1-6,right,0,1,14,147,3,166,19,5,Review exact 2025 point sites and map sensory context,Optional separately labeled Princeton detector graph layer,"Review band is a workflow order, not calibrated confidence or functional evidence"
30,P_pair_ge5_export,720575940618531618,R1-6,right,0,0,17,147,4,153,6,5,Review exact 2025 point sites and map sensory context,Optional separately labeled Princeton detector graph layer,"Review band is a workflow order, not calibrated confidence or functional evidence"
31,P_pair_ge5_export,720575940618864724,R1-6,left,0,3,13,146,4,161,15,5,Review exact 2025 point sites and map sensory context,Optional separately labeled Princeton detector graph layer,"Review band is a workflow order, not calibrated confidence or functional evidence"
32,P_pair_ge5_export,720575940635013020,R1-6,right,0,3,14,142,3,163,21,5,Review exact 2025 point sites and map sensory context,Optional separately labeled Princeton detector graph layer,"Review band is a workflow order, not calibrated confidence or functional evidence"
33,P_pair_ge5_export,720575940624139305,R1-6,right,0,0,18,142,4,161,19,5,Review exact 2025 point sites and map sensory context,Optional separately labeled Princeton detector graph layer,"Review band is a workflow order, not calibrated confidence or functional evidence"
34,P_pair_ge5_export,720575940618663069,R1-6,right,0,0,11,141,3,161,20,5,Review exact 2025 point sites and map sensory context,Optional separately labeled Princeton detector graph layer,"Review band is a workflow order, not calibrated confidence or functional evidence"
35,P_pair_ge5_export,720575940622132656,R1-6,left,0,0,12,141,5,152,11,5,Review exact 2025 point sites and map sensory context,Optional separately labeled Princeton detector graph layer,"Review band is a workflow order, not calibrated confidence or functional evidence"
36,P_pair_ge5_export,720575940612943066,R1-6,right,0,0,13,140,5,155,15,5,Review exact 2025 point sites and map sensory context,Optional separately labeled Princeton detector graph layer,"Review band is a workflow order, not calibrated confidence or functional evidence"
37,P_pair_ge5_export,720575940624870217,R1-6,right,0,0,21,140,3,157,17,5,Review exact 2025 point sites and map sensory context,Optional separately labeled Princeton detector graph layer,"Review band is a workflow order, not calibrated confidence or functional evidence"
38,P_pair_ge5_export,720575940627138306,R1-6,right,0,0,16,140,4,160,20,5,Review exact 2025 point sites and map sensory context,Optional separately labeled Princeton detector graph layer,"Review band is a workflow order, not calibrated confidence or functional evidence"
39,P_pair_ge5_export,720575940630871260,R1-6,right,0,0,13,140,5,164,24,5,Review exact 2025 point sites and map sensory context,Optional separately labeled Princeton detector graph layer,"Review band is a workflow order, not calibrated confidence or functional evidence"
40,P_pair_ge5_export,720575940618718977,R1-6,right,0,1,17,139,5,158,19,5,Review exact 2025 point sites and map sensory context,Optional separately labeled Princeton detector graph layer,"Review band is a workflow order, not calibrated confidence or functional evidence"
41,P_pair_ge5_export,720575940638616922,R1-6,right,0,0,14,139,5,151,12,5,Review exact 2025 point sites and map sensory context,Optional separately labeled Princeton detector graph layer,"Review band is a workflow order, not calibrated confidence or functional evidence"
42,P_pair_ge5_export,720575940625125640,R1-6,right,0,0,17,138,5,153,15,5,Review exact 2025 point sites and map sensory context,Optional separately labeled Princeton detector graph layer,"Review band is a workflow order, not calibrated confidence or functional evidence"
43,P_pair_ge5_export,720575940627855768,R1-6,right,0,0,7,137,3,157,20,5,Review exact 2025 point sites and map sensory context,Optional separately labeled Princeton detector graph layer,"Review band is a workflow order, not calibrated confidence or functional evidence"
44,P_pair_ge5_export,720575940628442389,R1-6,right,0,3,14,136,6,157,21,5,Review exact 2025 point sites and map sensory context,Optional separately labeled Princeton detector graph layer,"Review band is a workflow order, not calibrated confidence or functional evidence"
45,P_pair_ge5_export,720575940621349285,R1-6,right,0,3,14,135,4,147,12,5,Review exact 2025 point sites and map sensory context,Optional separately labeled Princeton detector graph layer,"Review band is a workflow order, not calibrated confidence or functional evidence"
46,P_pair_ge5_export,720575940616346822,R1-6,right,0,0,12,134,4,153,19,5,Review exact 2025 point sites and map sensory context,Optional separately labeled Princeton detector graph layer,"Review band is a workflow order, not calibrated confidence or functional evidence"
47,P_pair_ge5_export,720575940618849537,R1-6,left,0,7,9,133,3,152,19,5,Review exact 2025 point sites and map sensory context,Optional separately labeled Princeton detector graph layer,"Review band is a workflow order, not calibrated confidence or functional evidence"
48,P_pair_ge5_export,720575940645991278,R1-6,right,0,0,14,132,3,149,17,5,Review exact 2025 point sites and map sensory context,Optional separately labeled Princeton detector graph layer,"Review band is a workflow order, not calibrated confidence or functional evidence"
49,P_pair_ge5_export,720575940612735194,R1-6,right,0,0,12,131,4,155,24,5,Review exact 2025 point sites and map sensory context,Optional separately labeled Princeton detector graph layer,"Review band is a workflow order, not calibrated confidence or functional evidence"
50,P_pair_ge5_export,720575940624141508,R1-6,right,0,0,15,131,4,142,11,5,Review exact 2025 point sites and map sensory context,Optional separately labeled Princeton detector graph layer,"Review band is a workflow order, not calibrated confidence or functional evidence"
51,P_pair_ge5_export,720575940610715204,R1-6,right,0,1,14,130,4,157,27,5,Review exact 2025 point sites and map sensory context,Optional separately labeled Princeton detector graph layer,"Review band is a workflow order, not calibrated confidence or functional evidence"
52,P_pair_ge5_export,720575940626928740,R1-6,right,0,1,12,130,4,148,18,5,Review exact 2025 point sites and map sensory context,Optional separately labeled Princeton detector graph layer,"Review band is a workflow order, not calibrated confidence or functional evidence"
53,P_pair_ge5_export,720575940620753744,R1-6,right,0,2,16,129,3,144,15,5,Review exact 2025 point sites and map sensory context,Optional separately labeled Princeton detector graph layer,"Review band is a workflow order, not calibrated confidence or functional evidence"
54,P_pair_ge5_export,720575940623239133,R1-6,right,0,0,10,129,5,142,13,5,Review exact 2025 point sites and map sensory context,Optional separately labeled Princeton detector graph layer,"Review band is a workflow order, not calibrated confidence or functional evidence"
55,P_pair_ge5_export,720575940638872553,R1-6,left,0,0,9,129,3,151,22,5,Review exact 2025 point sites and map sensory context,Optional separately labeled Princeton detector graph layer,"Review band is a workflow order, not calibrated confidence or functional evidence"
56,P_pair_ge5_export,720575940625416167,R1-6,right,0,4,13,127,4,137,10,5,Review exact 2025 point sites and map sensory context,Optional separately labeled Princeton detector graph layer,"Review band is a workflow order, not calibrated confidence or functional evidence"
57,P_pair_ge5_export,720575940633773523,R1-6,right,0,0,15,127,3,137,10,5,Review exact 2025 point sites and map sensory context,Optional separately labeled Princeton detector graph layer,"Review band is a workflow order, not calibrated confidence or functional evidence"
58,P_pair_ge5_export,720575940620666315,R1-6,right,0,1,14,126,3,145,19,5,Review exact 2025 point sites and map sensory context,Optional separately labeled Princeton detector graph layer,"Review band is a workflow order, not calibrated confidence or functional evidence"
59,P_pair_ge5_export,720575940621462511,R1-6,right,0,1,9,125,3,144,19,5,Review exact 2025 point sites and map sensory context,Optional separately labeled Princeton detector graph layer,"Review band is a workflow order, not calibrated confidence or functional evidence"
60,P_pair_ge5_export,720575940619065664,R1-6,right,0,0,13,125,6,143,18,5,Review exact 2025 point sites and map sensory context,Optional separately labeled Princeton detector graph layer,"Review band is a workflow order, not calibrated confidence or functional evidence"
61,P_pair_ge5_export,720575940633176351,R1-6,right,0,0,9,125,5,143,18,5,Review exact 2025 point sites and map sensory context,Optional separately labeled Princeton detector graph layer,"Review band is a workflow order, not calibrated confidence or functional evidence"
62,P_pair_ge5_export,720575940623003169,R1-6,right,0,1,9,124,3,142,18,5,Review exact 2025 point sites and map sensory context,Optional separately labeled Princeton detector graph layer,"Review band is a workflow order, not calibrated confidence or functional evidence"
63,P_pair_ge5_export,720575940631048812,R1-6,right,0,1,17,124,4,147,23,5,Review exact 2025 point sites and map sensory context,Optional separately labeled Princeton detector graph layer,"Review band is a workflow order, not calibrated confidence or functional evidence"
64,P_pair_ge5_export,720575940622270273,R1-6,right,0,0,10,124,6,141,17,5,Review exact 2025 point sites and map sensory context,Optional separately labeled Princeton detector graph layer,"Review band is a workflow order, not calibrated confidence or functional evidence"
65,P_pair_ge5_export,720575940620647760,R1-6,right,0,0,14,123,3,145,22,5,Review exact 2025 point sites and map sensory context,Optional separately labeled Princeton detector graph layer,"Review band is a workflow order, not calibrated confidence or functional evidence"
66,P_pair_ge5_export,720575940631286636,R1-6,right,0,0,12,123,3,146,23,5,Review exact 2025 point sites and map sensory context,Optional separately labeled Princeton detector graph layer,"Review band is a workflow order, not calibrated confidence or functional evidence"
67,P_pair_ge5_export,720575940632189970,R1-6,right,0,0,9,123,5,145,22,5,Review exact 2025 point sites and map sensory context,Optional separately labeled Princeton detector graph layer,"Review band is a workflow order, not calibrated confidence or functional evidence"
68,P_pair_ge5_export,720575940627671433,R1-6,right,0,2,14,122,3,145,23,5,Review exact 2025 point sites and map sensory context,Optional separately labeled Princeton detector graph layer,"Review band is a workflow order, not calibrated confidence or functional evidence"
69,P_pair_ge5_export,720575940612839793,R1-6,right,0,0,11,122,5,134,12,5,Review exact 2025 point sites and map sensory context,Optional separately labeled Princeton detector graph layer,"Review band is a workflow order, not calibrated confidence or functional evidence"
70,P_pair_ge5_export,720575940631186550,R1-6,right,0,0,11,122,4,143,21,5,Review exact 2025 point sites and map sensory context,Optional separately labeled Princeton detector graph layer,"Review band is a workflow order, not calibrated confidence or functional evidence"
71,P_pair_ge5_export,720575940655596193,R1-6,right,0,0,8,122,3,136,14,5,Review exact 2025 point sites and map sensory context,Optional separately labeled Princeton detector graph layer,"Review band is a workflow order, not calibrated confidence or functional evidence"
72,P_pair_ge5_export,720575940622799137,R1-6,right,0,0,14,121,5,136,15,5,Review exact 2025 point sites and map sensory context,Optional separately labeled Princeton detector graph layer,"Review band is a workflow order, not calibrated confidence or functional evidence"
73,P_pair_ge5_export,720575940633188492,R1-6,right,0,1,12,120,4,144,24,5,Review exact 2025 point sites and map sensory context,Optional separately labeled Princeton detector graph layer,"Review band is a workflow order, not calibrated confidence or functional evidence"
74,P_pair_ge5_export,720575940610821188,R1-6,right,0,1,8,119,3,131,12,5,Review exact 2025 point sites and map sensory context,Optional separately labeled Princeton detector graph layer,"Review band is a workflow order, not calibrated confidence or functional evidence"
75,P_pair_ge5_export,720575940621544175,R8,left,0,9,19,118,7,127,9,5,Review exact 2025 point sites and map sensory context,Optional separately labeled Princeton detector graph layer,"Review band is a workflow order, not calibrated confidence or functional evidence"
76,P_pair_ge5_export,720575940620665680,R1-6,left,0,1,14,118,3,136,18,5,Review exact 2025 point sites and map sensory context,Optional separately labeled Princeton detector graph layer,"Review band is a workflow order, not calibrated confidence or functional evidence"
77,P_pair_ge5_export,720575940622404991,R1-6,right,0,0,10,118,3,135,17,5,Review exact 2025 point sites and map sensory context,Optional separately labeled Princeton detector graph layer,"Review band is a workflow order, not calibrated confidence or functional evidence"
78,P_pair_ge5_export,720575940629854507,R1-6,right,0,1,11,117,3,129,12,5,Review exact 2025 point sites and map sensory context,Optional separately labeled Princeton detector graph layer,"Review band is a workflow order, not calibrated confidence or functional evidence"
79,P_pair_ge5_export,720575940629499395,R1-6,right,0,0,13,117,4,125,8,5,Review exact 2025 point sites and map sensory context,Optional separately labeled Princeton detector graph layer,"Review band is a workflow order, not calibrated confidence or functional evidence"
80,P_pair_ge5_export,720575940609221900,R1-6,left,0,0,11,116,4,133,17,5,Review exact 2025 point sites and map sensory context,Optional separately labeled Princeton detector graph layer,"Review band is a workflow order, not calibrated confidence or functional evidence"
81,P_pair_ge5_export,720575940615951839,R1-6,right,0,0,9,116,4,124,8,5,Review exact 2025 point sites and map sensory context,Optional separately labeled Princeton detector graph layer,"Review band is a workflow order, not calibrated confidence or functional evidence"
82,P_pair_ge5_export,720575940628648936,R1-6,right,0,2,10,115,3,132,17,5,Review exact 2025 point sites and map sensory context,Optional separately labeled Princeton detector graph layer,"Review band is a workflow order, not calibrated confidence or functional evidence"
83,P_pair_ge5_export,720575940621103269,R1-6,right,0,0,15,114,5,127,13,5,Review exact 2025 point sites and map sensory context,Optional separately labeled Princeton detector graph layer,"Review band is a workflow order, not calibrated confidence or functional evidence"
84,P_pair_ge5_export,720575940631845839,R1-6,right,0,0,13,114,3,137,23,5,Review exact 2025 point sites and map sensory context,Optional separately labeled Princeton detector graph layer,"Review band is a workflow order, not calibrated confidence or functional evidence"
85,P_pair_ge5_export,720575940637514414,R1-6,right,0,0,11,114,5,127,13,5,Review exact 2025 point sites and map sensory context,Optional separately labeled Princeton detector graph layer,"Review band is a workflow order, not calibrated confidence or functional evidence"
86,P_pair_ge5_export,720575940631301883,R1-6,right,0,0,11,113,3,133,20,5,Review exact 2025 point sites and map sensory context,Optional separately labeled Princeton detector graph layer,"Review band is a workflow order, not calibrated confidence or functional evidence"
87,P_pair_ge5_export,720575940636307960,R1-6,right,0,0,12,112,4,126,14,5,Review exact 2025 point sites and map sensory context,Optional separately labeled Princeton detector graph layer,"Review band is a workflow order, not calibrated confidence or functional evidence"
88,P_pair_ge5_export,720575940623005308,R1-6,right,0,2,11,111,3,124,13,5,Review exact 2025 point sites and map sensory context,Optional separately labeled Princeton detector graph layer,"Review band is a workflow order, not calibrated confidence or functional evidence"
89,P_pair_ge5_export,720575940628955722,R1-6,left,0,1,10,111,3,126,15,5,Review exact 2025 point sites and map sensory context,Optional separately labeled Princeton detector graph layer,"Review band is a workflow order, not calibrated confidence or functional evidence"
90,P_pair_ge5_export,720575940618115289,R1-6,right,0,0,11,111,3,129,18,5,Review exact 2025 point sites and map sensory context,Optional separately labeled Princeton detector graph layer,"Review band is a workflow order, not calibrated confidence or functional evidence"
91,P_pair_ge5_export,720575940628054397,R1-6,right,0,0,14,111,4,122,11,5,Review exact 2025 point sites and map sensory context,Optional separately labeled Princeton detector graph layer,"Review band is a workflow order, not calibrated confidence or functional evidence"
92,P_pair_ge5_export,720575940628728040,R1-6,left,0,3,14,110,2,116,6,5,Review exact 2025 point sites and map sensory context,Optional separately labeled Princeton detector graph layer,"Review band is a workflow order, not calibrated confidence or functional evidence"
93,P_pair_ge5_export,720575940627638558,R1-6,right,0,1,10,110,3,123,13,5,Review exact 2025 point sites and map sensory context,Optional separately labeled Princeton detector graph layer,"Review band is a workflow order, not calibrated confidence or functional evidence"
94,P_pair_ge5_export,720575940633561887,R1-6,right,0,1,6,110,4,127,17,5,Review exact 2025 point sites and map sensory context,Optional separately labeled Princeton detector graph layer,"Review band is a workflow order, not calibrated confidence or functional evidence"
95,P_pair_ge5_export,720575940647229219,R1-6,right,0,0,15,110,3,121,11,5,Review exact 2025 point sites and map sensory context,Optional separately labeled Princeton detector graph layer,"Review band is a workflow order, not calibrated confidence or functional evidence"
96,P_pair_ge5_export,720575940620722000,R1-6,right,0,2,11,109,3,122,13,5,Review exact 2025 point sites and map sensory context,Optional separately labeled Princeton detector graph layer,"Review band is a workflow order, not calibrated confidence or functional evidence"
97,P_pair_ge5_export,720575940616042508,JO-B,left,0,1,54,109,7,112,3,5,Review exact 2025 point sites and map sensory context,Optional separately labeled Princeton detector graph layer,"Review band is a workflow order, not calibrated confidence or functional evidence"
98,P_pair_ge5_export,720575940626585744,R1-6,right,0,0,10,109,3,121,12,5,Review exact 2025 point sites and map sensory context,Optional separately labeled Princeton detector graph layer,"Review band is a workflow order, not calibrated confidence or functional evidence"
99,P_pair_ge5_export,720575940615167742,R1-6,right,0,0,9,108,3,119,11,5,Review exact 2025 point sites and map sensory context,Optional separately labeled Princeton detector graph layer,"Review band is a workflow order, not calibrated confidence or functional evidence"
100,P_pair_ge5_export,720575940621944941,R1-6,right,0,1,11,107,3,120,13,5,Review exact 2025 point sites and map sensory context,Optional separately labeled Princeton detector graph layer,"Review band is a workflow order, not calibrated confidence or functional evidence"
101,P_pair_ge5_export,720575940620629553,R1-6,right,0,0,9,106,4,119,13,5,Review exact 2025 point sites and map sensory context,Optional separately labeled Princeton detector graph layer,"Review band is a workflow order, not calibrated confidence or functional evidence"
102,P_pair_ge5_export,720575940622814302,R1-6,right,0,3,12,105,4,118,13,5,Review exact 2025 point sites and map sensory context,Optional separately labeled Princeton detector graph layer,"Review band is a workflow order, not calibrated confidence or functional evidence"
103,P_pair_ge5_export,720575940630485626,R1-6,right,0,1,13,105,4,119,14,5,Review exact 2025 point sites and map sensory context,Optional separately labeled Princeton detector graph layer,"Review band is a workflow order, not calibrated confidence or functional evidence"
104,P_pair_ge5_export,720575940631388887,R1-6,right,0,2,7,104,4,121,17,5,Review exact 2025 point sites and map sensory context,Optional separately labeled Princeton detector graph layer,"Review band is a workflow order, not calibrated confidence or functional evidence"
105,P_pair_ge5_export,720575940622303216,R1-6,right,0,1,16,104,3,121,17,5,Review exact 2025 point sites and map sensory context,Optional separately labeled Princeton detector graph layer,"Review band is a workflow order, not calibrated confidence or functional evidence"
106,P_pair_ge5_export,720575940617920827,R1-6,right,0,1,11,103,3,119,16,5,Review exact 2025 point sites and map sensory context,Optional separately labeled Princeton detector graph layer,"Review band is a workflow order, not calibrated confidence or functional evidence"
107,P_pair_ge5_export,720575940622703640,R1-6,right,0,1,11,103,4,113,10,5,Review exact 2025 point sites and map sensory context,Optional separately labeled Princeton detector graph layer,"Review band is a workflow order, not calibrated confidence or functional evidence"
108,P_pair_ge5_export,720575940622939998,R1-6,right,0,0,13,101,3,121,20,5,Review exact 2025 point sites and map sensory context,Optional separately labeled Princeton detector graph layer,"Review band is a workflow order, not calibrated confidence or functional evidence"
109,P_pair_ge5_export,720575940614792623,R1-6,right,0,0,7,100,3,110,10,5,Review exact 2025 point sites and map sensory context,Optional separately labeled Princeton detector graph layer,"Review band is a workflow order, not calibrated confidence or functional evidence"
110,P_pair_ge5_export,720575940636401400,R1-6,right,0,0,8,99,4,111,12,5,Review exact 2025 point sites and map sensory context,Optional separately labeled Princeton detector graph layer,"Review band is a workflow order, not calibrated confidence or functional evidence"
111,P_pair_ge5_export,720575940630869548,R1-6,right,0,4,6,98,4,110,12,5,Review exact 2025 point sites and map sensory context,Optional separately labeled Princeton detector graph layer,"Review band is a workflow order, not calibrated confidence or functional evidence"
112,P_pair_ge5_export,720575940611532664,R1-6,right,0,5,8,97,4,109,12,5,Review exact 2025 point sites and map sensory context,Optional separately labeled Princeton detector graph layer,"Review band is a workflow order, not calibrated confidence or functional evidence"
113,P_pair_ge5_export,720575940625781692,R1-6,right,0,3,8,97,3,110,13,5,Review exact 2025 point sites and map sensory context,Optional separately labeled Princeton detector graph layer,"Review band is a workflow order, not calibrated confidence or functional evidence"
114,P_pair_ge5_export,720575940616710412,R1-6,left,0,2,9,97,3,105,8,5,Review exact 2025 point sites and map sensory context,Optional separately labeled Princeton detector graph layer,"Review band is a workflow order, not calibrated confidence or functional evidence"
115,P_pair_ge5_export,720575940618743709,R1-6,right,0,1,10,96,3,105,9,5,Review exact 2025 point sites and map sensory context,Optional separately labeled Princeton detector graph layer,"Review band is a workflow order, not calibrated confidence or functional evidence"
116,P_pair_ge5_export,720575940619877022,R1-6,right,0,0,8,96,4,114,18,5,Review exact 2025 point sites and map sensory context,Optional separately labeled Princeton detector graph layer,"Review band is a workflow order, not calibrated confidence or functional evidence"
117,P_pair_ge5_export,720575940631750095,R1-6,right,0,0,10,96,3,112,16,5,Review exact 2025 point sites and map sensory context,Optional separately labeled Princeton detector graph layer,"Review band is a workflow order, not calibrated confidence or functional evidence"
118,P_pair_ge5_export,720575940606503870,R1-6,right,0,1,9,94,3,121,27,5,Review exact 2025 point sites and map sensory context,Optional separately labeled Princeton detector graph layer,"Review band is a workflow order, not calibrated confidence or functional evidence"
119,P_pair_ge5_export,720575940622056368,R1-6,right,0,1,11,94,2,103,9,5,Review exact 2025 point sites and map sensory context,Optional separately labeled Princeton detector graph layer,"Review band is a workflow order, not calibrated confidence or functional evidence"
120,P_pair_ge5_export,720575940632083275,R1-6,right,0,1,11,94,3,109,15,5,Review exact 2025 point sites and map sensory context,Optional separately labeled Princeton detector graph layer,"Review band is a workflow order, not calibrated confidence or functional evidence"
121,P_pair_ge5_export,720575940643034765,R1-6,right,0,0,15,94,4,101,7,5,Review exact 2025 point sites and map sensory context,Optional separately labeled Princeton detector graph layer,"Review band is a workflow order, not calibrated confidence or functional evidence"
122,P_pair_ge5_export,720575940613971683,R1-6,right,0,2,11,93,3,111,18,5,Review exact 2025 point sites and map sensory context,Optional separately labeled Princeton detector graph layer,"Review band is a workflow order, not calibrated confidence or functional evidence"
123,P_pair_ge5_export,720575940632382994,R1-6,right,0,1,12,93,3,106,13,5,Review exact 2025 point sites and map sensory context,Optional separately labeled Princeton detector graph layer,"Review band is a workflow order, not calibrated confidence or functional evidence"
124,P_pair_ge5_export,720575940607860169,R1-6,right,0,4,11,92,4,106,14,5,Review exact 2025 point sites and map sensory context,Optional separately labeled Princeton detector graph layer,"Review band is a workflow order, not calibrated confidence or functional evidence"
125,P_pair_ge5_export,720575940628102013,R1-6,right,0,2,10,92,4,105,13,5,Review exact 2025 point sites and map sensory context,Optional separately labeled Princeton detector graph layer,"Review band is a workflow order, not calibrated confidence or functional evidence"
126,P_pair_ge5_export,720575940609485579,R1-6,right,0,0,9,92,4,106,14,5,Review exact 2025 point sites and map sensory context,Optional separately labeled Princeton detector graph layer,"Review band is a workflow order, not calibrated confidence or functional evidence"
127,P_pair_ge5_export,720575940624956139,R1-6,right,0,0,14,92,3,106,14,5,Review exact 2025 point sites and map sensory context,Optional separately labeled Princeton detector graph layer,"Review band is a workflow order, not calibrated confidence or functional evidence"
128,P_pair_ge5_export,720575940621526510,R1-6,left,0,1,8,91,3,99,8,5,Review exact 2025 point sites and map sensory context,Optional separately labeled Princeton detector graph layer,"Review band is a workflow order, not calibrated confidence or functional evidence"
129,P_pair_ge5_export,720575940612899763,R1-6,right,0,0,10,90,3,105,15,5,Review exact 2025 point sites and map sensory context,Optional separately labeled Princeton detector graph layer,"Review band is a workflow order, not calibrated confidence or functional evidence"
130,P_pair_ge5_export,720575940621090213,R1-6,right,0,0,12,90,4,105,15,5,Review exact 2025 point sites and map sensory context,Optional separately labeled Princeton detector graph layer,"Review band is a workflow order, not calibrated confidence or functional evidence"
131,P_pair_ge5_export,720575940622029494,R1-6,right,0,0,10,90,3,102,12,5,Review exact 2025 point sites and map sensory context,Optional separately labeled Princeton detector graph layer,"Review band is a workflow order, not calibrated confidence or functional evidence"
132,P_pair_ge5_export,720575940623400216,R1-6,left,0,0,14,90,3,100,10,5,Review exact 2025 point sites and map sensory context,Optional separately labeled Princeton detector graph layer,"Review band is a workflow order, not calibrated confidence or functional evidence"
133,P_pair_ge5_export,720575940620797643,R1-6,left,0,3,11,89,3,110,21,5,Review exact 2025 point sites and map sensory context,Optional separately labeled Princeton detector graph layer,"Review band is a workflow order, not calibrated confidence or functional evidence"
134,P_pair_ge5_export,720575940611550840,R1-6,right,0,0,9,89,3,106,17,5,Review exact 2025 point sites and map sensory context,Optional separately labeled Princeton detector graph layer,"Review band is a workflow order, not calibrated confidence or functional evidence"
135,P_pair_ge5_export,720575940630333566,R1-6,right,0,1,8,88,4,100,12,5,Review exact 2025 point sites and map sensory context,Optional separately labeled Princeton detector graph layer,"Review band is a workflow order, not calibrated confidence or functional evidence"
136,P_pair_ge5_export,720575940612947635,R1-6,right,0,0,10,88,3,99,11,5,Review exact 2025 point sites and map sensory context,Optional separately labeled Princeton detector graph layer,"Review band is a workflow order, not calibrated confidence or functional evidence"
137,P_pair_ge5_export,720575940625511572,R1-6,right,0,2,13,85,2,107,22,5,Review exact 2025 point sites and map sensory context,Optional separately labeled Princeton detector graph layer,"Review band is a workflow order, not calibrated confidence or functional evidence"
138,P_pair_ge5_export,720575940630423418,R1-6,right,0,1,12,84,2,99,15,5,Review exact 2025 point sites and map sensory context,Optional separately labeled Princeton detector graph layer,"Review band is a workflow order, not calibrated confidence or functional evidence"
139,P_pair_ge5_export,720575940606245822,R1-6,left,0,1,9,83,2,95,12,5,Review exact 2025 point sites and map sensory context,Optional separately labeled Princeton detector graph layer,"Review band is a workflow order, not calibrated confidence or functional evidence"
140,P_pair_ge5_export,720575940623347414,R1-6,left,0,1,6,83,2,93,10,5,Review exact 2025 point sites and map sensory context,Optional separately labeled Princeton detector graph layer,"Review band is a workflow order, not calibrated confidence or functional evidence"
141,P_pair_ge5_export,720575940606578790,R1-6,left,0,2,7,82,3,104,22,5,Review exact 2025 point sites and map sensory context,Optional separately labeled Princeton detector graph layer,"Review band is a workflow order, not calibrated confidence or functional evidence"
142,P_pair_ge5_export,720575940631043900,R1-6,right,0,1,13,82,3,89,7,5,Review exact 2025 point sites and map sensory context,Optional separately labeled Princeton detector graph layer,"Review band is a workflow order, not calibrated confidence or functional evidence"
143,P_pair_ge5_export,720575940629636713,R8,left,0,4,14,81,10,83,2,5,Review exact 2025 point sites and map sensory context,Optional separately labeled Princeton detector graph layer,"Review band is a workflow order, not calibrated confidence or functional evidence"
144,P_pair_ge5_export,720575940621338246,R8,left,0,12,26,80,6,82,2,5,Review exact 2025 point sites and map sensory context,Optional separately labeled Princeton detector graph layer,"Review band is a workflow order, not calibrated confidence or functional evidence"
145,P_pair_ge5_export,720575940613196261,R1-6,right,0,1,11,80,2,94,14,5,Review exact 2025 point sites and map sensory context,Optional separately labeled Princeton detector graph layer,"Review band is a workflow order, not calibrated confidence or functional evidence"
146,P_pair_ge5_export,720575940639201508,R1-6,right,0,1,10,80,3,101,21,5,Review exact 2025 point sites and map sensory context,Optional separately labeled Princeton detector graph layer,"Review band is a workflow order, not calibrated confidence or functional evidence"
147,P_pair_ge5_export,720575940622799898,R1-6,right,0,0,8,80,3,86,6,5,Review exact 2025 point sites and map sensory context,Optional separately labeled Princeton detector graph layer,"Review band is a workflow order, not calibrated confidence or functional evidence"
148,P_pair_ge5_export,720575940608224178,R1-6,left,0,1,13,79,2,86,7,5,Review exact 2025 point sites and map sensory context,Optional separately labeled Princeton detector graph layer,"Review band is a workflow order, not calibrated confidence or functional evidence"
149,P_pair_ge5_export,720575940615708066,R1-6,right,0,1,8,79,3,93,14,5,Review exact 2025 point sites and map sensory context,Optional separately labeled Princeton detector graph layer,"Review band is a workflow order, not calibrated confidence or functional evidence"
150,P_pair_ge5_export,720575940635677887,R1-6,right,0,0,8,79,3,92,13,5,Review exact 2025 point sites and map sensory context,Optional separately labeled Princeton detector graph layer,"Review band is a workflow order, not calibrated confidence or functional evidence"
151,P_pair_ge5_export,720575940638921700,R1-6,right,0,0,9,79,4,90,11,5,Review exact 2025 point sites and map sensory context,Optional separately labeled Princeton detector graph layer,"Review band is a workflow order, not calibrated confidence or functional evidence"
152,P_pair_ge5_export,720575940618240401,R1-6,left,0,4,7,77,3,85,8,5,Review exact 2025 point sites and map sensory context,Optional separately labeled Princeton detector graph layer,"Review band is a workflow order, not calibrated confidence or functional evidence"
153,P_pair_ge5_export,720575940614839215,R1-6,right,0,0,9,77,2,99,22,5,Review exact 2025 point sites and map sensory context,Optional separately labeled Princeton detector graph layer,"Review band is a workflow order, not calibrated confidence or functional evidence"
154,P_pair_ge5_export,720575940618223419,R1-6,right,0,0,7,77,4,88,11,5,Review exact 2025 point sites and map sensory context,Optional separately labeled Princeton detector graph layer,"Review band is a workflow order, not calibrated confidence or functional evidence"
155,P_pair_ge5_export,720575940623770637,R1-6,right,0,0,11,76,3,85,9,5,Review exact 2025 point sites and map sensory context,Optional separately labeled Princeton detector graph layer,"Review band is a workflow order, not calibrated confidence or functional evidence"
156,P_pair_ge5_export,720575940633816986,DNx02,left,0,0,34,76,3,91,15,0,Review exact 2025 point sites and map sensory context,Optional separately labeled Princeton detector graph layer,"Review band is a workflow order, not calibrated confidence or functional evidence"
157,P_pair_ge5_export,720575940629377641,R1-6,right,0,0,8,75,3,99,24,5,Review exact 2025 point sites and map sensory context,Optional separately labeled Princeton detector graph layer,"Review band is a workflow order, not calibrated confidence or functional evidence"
158,P_pair_ge5_export,720575940648383364,R1-6,right,0,1,6,74,3,93,19,5,Review exact 2025 point sites and map sensory context,Optional separately labeled Princeton detector graph layer,"Review band is a workflow order, not calibrated confidence or functional evidence"
159,P_pair_ge5_export,720575940621667462,R1-6,right,0,0,9,74,3,83,9,5,Review exact 2025 point sites and map sensory context,Optional separately labeled Princeton detector graph layer,"Review band is a workflow order, not calibrated confidence or functional evidence"
160,P_pair_ge5_export,720575940621458625,R1-6,left,0,2,8,73,3,81,8,5,Review exact 2025 point sites and map sensory context,Optional separately labeled Princeton detector graph layer,"Review band is a workflow order, not calibrated confidence or functional evidence"
161,P_pair_ge5_export,720575940632687672,R1-6,left,0,1,8,72,3,77,5,5,Review exact 2025 point sites and map sensory context,Optional separately labeled Princeton detector graph layer,"Review band is a workflow order, not calibrated confidence or functional evidence"
162,P_pair_ge5_export,720575940609622281,R8,left,0,0,25,72,7,78,6,5,Review exact 2025 point sites and map sensory context,Optional separately labeled Princeton detector graph layer,"Review band is a workflow order, not calibrated confidence or functional evidence"
163,P_pair_ge5_export,720575940619381108,,left,0,7,40,71,3,80,9,0,Review exact 2025 point sites and map sensory context,Optional separately labeled Princeton detector graph layer,"Review band is a workflow order, not calibrated confidence or functional evidence"
164,P_pair_ge5_export,720575940621443206,R1-6,right,0,0,9,71,3,81,10,5,Review exact 2025 point sites and map sensory context,Optional separately labeled Princeton detector graph layer,"Review band is a workflow order, not calibrated confidence or functional evidence"
165,P_pair_ge5_export,720575940646459502,R1-6,right,0,0,6,70,3,85,15,5,Review exact 2025 point sites and map sensory context,Optional separately labeled Princeton detector graph layer,"Review band is a workflow order, not calibrated confidence or functional evidence"
166,P_pair_ge5_export,720575940628522152,R1-6,right,0,0,7,68,3,83,15,5,Review exact 2025 point sites and map sensory context,Optional separately labeled Princeton detector graph layer,"Review band is a workflow order, not calibrated confidence or functional evidence"
167,P_pair_ge5_export,720575940646392942,R1-6,left,0,0,8,64,2,70,6,5,Review exact 2025 point sites and map sensory context,Optional separately labeled Princeton detector graph layer,"Review band is a workflow order, not calibrated confidence or functional evidence"
168,P_pair_ge5_export,720575940617499765,R7,left,0,8,22,62,5,66,4,5,Review exact 2025 point sites and map sensory context,Optional separately labeled Princeton detector graph layer,"Review band is a workflow order, not calibrated confidence or functional evidence"
169,P_pair_ge5_export,720575940616450626,R1-6,right,0,1,7,57,3,69,12,5,Review exact 2025 point sites and map sensory context,Optional separately labeled Princeton detector graph layer,"Review band is a workflow order, not calibrated confidence or functional evidence"
170,P_pair_ge5_export,720575940621500070,R1-6,right,0,0,12,54,3,60,6,5,Review exact 2025 point sites and map sensory context,Optional separately labeled Princeton detector graph layer,"Review band is a workflow order, not calibrated confidence or functional evidence"
171,P_pair_ge5_export,720575940630351554,R1-6,right,0,0,9,54,2,63,9,5,Review exact 2025 point sites and map sensory context,Optional separately labeled Princeton detector graph layer,"Review band is a workflow order, not calibrated confidence or functional evidence"
172,P_pair_ge5_export,720575940609778289,,right,0,3,26,51,2,57,6,0,Review exact 2025 point sites and map sensory context,Optional separately labeled Princeton detector graph layer,"Review band is a workflow order, not calibrated confidence or functional evidence"
173,P_pair_ge5_export,720575940621157887,,left,0,11,23,50,3,60,10,0,Review exact 2025 point sites and map sensory context,Optional separately labeled Princeton detector graph layer,"Review band is a workflow order, not calibrated confidence or functional evidence"
174,P_pair_ge5_export,720575940628335611,,left,0,1,21,48,4,56,8,0,Review exact 2025 point sites and map sensory context,Optional separately labeled Princeton detector graph layer,"Review band is a workflow order, not calibrated confidence or functional evidence"
175,P_pair_ge5_export,720575940620320193,JO-EV,left,0,0,23,48,2,48,0,5,Review exact 2025 point sites and map sensory context,Optional separately labeled Princeton detector graph layer,"Review band is a workflow order, not calibrated confidence or functional evidence"
176,P_pair_ge5_export,720575940622811903,JO-mz,left,0,0,27,48,2,50,2,5,Review exact 2025 point sites and map sensory context,Optional separately labeled Princeton detector graph layer,"Review band is a workflow order, not calibrated confidence or functional evidence"
177,P_pair_ge5_export,720575940632280338,R8,left,0,5,16,45,4,46,1,5,Review exact 2025 point sites and map sensory context,Optional separately labeled Princeton detector graph layer,"Review band is a workflow order, not calibrated confidence or functional evidence"
178,P_pair_ge5_export,720575940618061661,R1-6,left,0,11,3,38,1,45,7,5,Review exact 2025 point sites and map sensory context,Optional separately labeled Princeton detector graph layer,"Review band is a workflow order, not calibrated confidence or functional evidence"
179,P_pair_ge5_export,720575940617768587,R8,left,0,5,12,38,2,41,3,5,Review exact 2025 point sites and map sensory context,Optional separately labeled Princeton detector graph layer,"Review band is a workflow order, not calibrated confidence or functional evidence"
180,P_pair_ge5_export,720575940629924091,ITP,left,0,0,19,38,2,59,21,0,Review exact 2025 point sites and map sensory context,Optional separately labeled Princeton detector graph layer,"Review band is a workflow order, not calibrated confidence or functional evidence"
181,P_pair_ge5_export,720575940631592017,ITP,left,0,0,21,37,2,60,23,0,Review exact 2025 point sites and map sensory context,Optional separately labeled Princeton detector graph layer,"Review band is a workflow order, not calibrated confidence or functional evidence"
182,P_pair_ge5_export,720575940625721118,ITP,left,0,0,16,36,2,65,29,0,Review exact 2025 point sites and map sensory context,Optional separately labeled Princeton detector graph layer,"Review band is a workflow order, not calibrated confidence or functional evidence"
183,P_pair_ge5_export,720575940620785869,,left,0,1,23,33,1,37,4,0,Review exact 2025 point sites and map sensory context,Optional separately labeled Princeton detector graph layer,"Review band is a workflow order, not calibrated confidence or functional evidence"
184,P_pair_ge5_export,720575940619423216,,left,0,7,15,29,1,34,5,0,Review exact 2025 point sites and map sensory context,Optional separately labeled Princeton detector graph layer,"Review band is a workflow order, not calibrated confidence or functional evidence"
185,P_pair_ge5_export,720575940610183154,,left,0,0,17,27,1,33,6,0,Review exact 2025 point sites and map sensory context,Optional separately labeled Princeton detector graph layer,"Review band is a workflow order, not calibrated confidence or functional evidence"
186,P_pair_ge5_export,720575940609307854,,left,0,3,12,25,2,42,17,0,Review exact 2025 point sites and map sensory context,Optional separately labeled Princeton detector graph layer,"Review band is a workflow order, not calibrated confidence or functional evidence"
187,P_pair_ge5_export,720575940630846125,,left,0,0,11,24,2,33,9,0,Review exact 2025 point sites and map sensory context,Optional separately labeled Princeton detector graph layer,"Review band is a workflow order, not calibrated confidence or functional evidence"
188,P_pair_ge5_export,720575940617816661,,left,0,0,9,23,2,27,4,0,Review exact 2025 point sites and map sensory context,Optional separately labeled Princeton detector graph layer,"Review band is a workflow order, not calibrated confidence or functional evidence"
189,P_pair_ge5_export,720575940621949675,AN_GNG_124,left,0,0,10,23,1,30,7,0,Review exact 2025 point sites and map sensory context,Optional separately labeled Princeton detector graph layer,"Review band is a workflow order, not calibrated confidence or functional evidence"
190,P_pair_ge5_export,720575940625652879,,left,0,1,9,20,1,22,2,0,Review exact 2025 point sites and map sensory context,Optional separately labeled Princeton detector graph layer,"Review band is a workflow order, not calibrated confidence or functional evidence"
191,P_pair_ge5_export,720575940627873299,R1-6,right,0,0,9,19,1,21,2,5,Review exact 2025 point sites and map sensory context,Optional separately labeled Princeton detector graph layer,"Review band is a workflow order, not calibrated confidence or functional evidence"
192,P_pair_ge5_export,720575940648702084,R8,right,0,0,8,19,3,19,0,5,Review exact 2025 point sites and map sensory context,Optional separately labeled Princeton detector graph layer,"Review band is a workflow order, not calibrated confidence or functional evidence"
193,P_pair_ge5_export,720575940639166197,,left,0,1,7,14,1,18,4,0,Review exact 2025 point sites and map sensory context,Optional separately labeled Princeton detector graph layer,"Review band is a workflow order, not calibrated confidence or functional evidence"
194,P_pair_ge5_export,720575940606375772,,left,0,1,6,13,1,14,1,0,Review exact 2025 point sites and map sensory context,Optional separately labeled Princeton detector graph layer,"Review band is a workflow order, not calibrated confidence or functional evidence"
195,P_pair_ge5_export,720575940623335715,R1-6,left,0,15,3,12,1,34,22,5,Review exact 2025 point sites and map sensory context,Optional separately labeled Princeton detector graph layer,"Review band is a workflow order, not calibrated confidence or functional evidence"
196,P_pair_ge5_export,720575940624048275,R1-6,left,0,8,3,12,1,28,16,5,Review exact 2025 point sites and map sensory context,Optional separately labeled Princeton detector graph layer,"Review band is a workflow order, not calibrated confidence or functional evidence"
197,P_pair_ge5_export,720575940612755050,,left,0,3,7,12,1,12,0,0,Review exact 2025 point sites and map sensory context,Optional separately labeled Princeton detector graph layer,"Review band is a workflow order, not calibrated confidence or functional evidence"
198,P_pair_ge5_export,720575940621568490,,left,0,0,4,11,1,12,1,0,Review exact 2025 point sites and map sensory context,Optional separately labeled Princeton detector graph layer,"Review band is a workflow order, not calibrated confidence or functional evidence"
199,P_pair_ge5_export,720575940639884622,R1-6,left,0,72,3,8,1,23,15,5,Review exact 2025 point sites and map sensory context,Optional separately labeled Princeton detector graph layer,"Review band is a workflow order, not calibrated confidence or functional evidence"
200,P_pair_ge5_export,720575940628255034,R1-6,left,0,51,2,8,1,21,13,5,Review exact 2025 point sites and map sensory context,Optional separately labeled Princeton detector graph layer,"Review band is a workflow order, not calibrated confidence or functional evidence"
201,P_pair_ge5_export,720575940623111593,R1-6,left,0,80,3,7,1,35,28,5,Review exact 2025 point sites and map sensory context,Optional separately labeled Princeton detector graph layer,"Review band is a workflow order, not calibrated confidence or functional evidence"
202,P_pair_ge5_export,720575940631515643,R1-6,left,0,58,3,7,1,20,13,5,Review exact 2025 point sites and map sensory context,Optional separately labeled Princeton detector graph layer,"Review band is a workflow order, not calibrated confidence or functional evidence"
203,P_pair_ge5_export,720575940632257091,R1-6,left,0,29,2,6,1,14,8,5,Review exact 2025 point sites and map sensory context,Optional separately labeled Princeton detector graph layer,"Review band is a workflow order, not calibrated confidence or functional evidence"
204,P_pair_ge5_export,720575940620556117,R1-6,left,0,25,2,6,1,20,14,5,Review exact 2025 point sites and map sensory context,Optional separately labeled Princeton detector graph layer,"Review band is a workflow order, not calibrated confidence or functional evidence"
205,P_pair_1_to_4_only,720575940627149415,,left,0,8,23,31,0,40,9,0,Review single/few-contact 2025 pair sites and false-positive risk,Optional separately labeled low-count Princeton layer,"Review band is a workflow order, not calibrated confidence or functional evidence"
206,P_pair_1_to_4_only,720575940615121501,,right,0,2,21,30,0,35,5,0,Review single/few-contact 2025 pair sites and false-positive risk,Optional separately labeled low-count Princeton layer,"Review band is a workflow order, not calibrated confidence or functional evidence"
207,P_pair_1_to_4_only,720575940619193264,,left,0,2,12,21,0,31,10,0,Review single/few-contact 2025 pair sites and false-positive risk,Optional separately labeled low-count Princeton layer,"Review band is a workflow order, not calibrated confidence or functional evidence"
208,P_pair_1_to_4_only,720575940645264260,AN_GNG_124,left,0,0,12,19,0,21,2,0,Review single/few-contact 2025 pair sites and false-positive risk,Optional separately labeled low-count Princeton layer,"Review band is a workflow order, not calibrated confidence or functional evidence"
209,P_pair_1_to_4_only,720575940611810001,,right,0,0,13,18,0,21,3,0,Review single/few-contact 2025 pair sites and false-positive risk,Optional separately labeled low-count Princeton layer,"Review band is a workflow order, not calibrated confidence or functional evidence"
210,P_pair_1_to_4_only,720575940629070155,,left,0,10,15,17,0,21,4,0,Review single/few-contact 2025 pair sites and false-positive risk,Optional separately labeled low-count Princeton layer,"Review band is a workflow order, not calibrated confidence or functional evidence"
211,P_pair_1_to_4_only,720575940618768806,,left,0,9,14,16,0,18,2,0,Review single/few-contact 2025 pair sites and false-positive risk,Optional separately labeled low-count Princeton layer,"Review band is a workflow order, not calibrated confidence or functional evidence"
212,P_pair_1_to_4_only,720575940611510765,,left,0,3,11,16,0,19,3,0,Review single/few-contact 2025 pair sites and false-positive risk,Optional separately labeled low-count Princeton layer,"Review band is a workflow order, not calibrated confidence or functional evidence"
213,P_pair_1_to_4_only,720575940618109460,,right,0,0,12,16,0,17,1,0,Review single/few-contact 2025 pair sites and false-positive risk,Optional separately labeled low-count Princeton layer,"Review band is a workflow order, not calibrated confidence or functional evidence"
214,P_pair_1_to_4_only,720575940632460951,,left,0,7,12,15,0,17,2,0,Review single/few-contact 2025 pair sites and false-positive risk,Optional separately labeled low-count Princeton layer,"Review band is a workflow order, not calibrated confidence or functional evidence"
215,P_pair_1_to_4_only,720575940626702159,,left,0,1,8,15,0,18,3,0,Review single/few-contact 2025 pair sites and false-positive risk,Optional separately labeled low-count Princeton layer,"Review band is a workflow order, not calibrated confidence or functional evidence"
216,P_pair_1_to_4_only,720575940635609975,,right,0,1,10,15,0,15,0,0,Review single/few-contact 2025 pair sites and false-positive risk,Optional separately labeled low-count Princeton layer,"Review band is a workflow order, not calibrated confidence or functional evidence"
217,P_pair_1_to_4_only,720575940626896145,,left,0,0,12,14,0,14,0,0,Review single/few-contact 2025 pair sites and false-positive risk,Optional separately labeled low-count Princeton layer,"Review band is a workflow order, not calibrated confidence or functional evidence"
218,P_pair_1_to_4_only,720575940612294311,AN_GNG_90,left,0,1,11,13,0,13,0,0,Review single/few-contact 2025 pair sites and false-positive risk,Optional separately labeled low-count Princeton layer,"Review band is a workflow order, not calibrated confidence or functional evidence"
219,P_pair_1_to_4_only,720575940625929765,JO-F,right,0,0,13,13,0,14,1,5,Review single/few-contact 2025 pair sites and false-positive risk,Optional separately labeled low-count Princeton layer,"Review band is a workflow order, not calibrated confidence or functional evidence"
220,P_pair_1_to_4_only,720575940623495693,R1-6,left,0,10,6,12,0,24,12,5,Review single/few-contact 2025 pair sites and false-positive risk,Optional separately labeled low-count Princeton layer,"Review band is a workflow order, not calibrated confidence or functional evidence"
221,P_pair_1_to_4_only,720575940620236593,R1-6,left,0,1,9,12,0,14,2,5,Review single/few-contact 2025 pair sites and false-positive risk,Optional separately labeled low-count Princeton layer,"Review band is a workflow order, not calibrated confidence or functional evidence"
222,P_pair_1_to_4_only,720575940623325993,JO-E,right,0,1,11,12,0,14,2,5,Review single/few-contact 2025 pair sites and false-positive risk,Optional separately labeled low-count Princeton layer,"Review band is a workflow order, not calibrated confidence or functional evidence"
223,P_pair_1_to_4_only,720575940613684274,,left,0,0,6,12,0,16,4,0,Review single/few-contact 2025 pair sites and false-positive risk,Optional separately labeled low-count Princeton layer,"Review band is a workflow order, not calibrated confidence or functional evidence"
224,P_pair_1_to_4_only,720575940626770532,R1-6,left,0,39,7,11,0,20,9,5,Review single/few-contact 2025 pair sites and false-positive risk,Optional separately labeled low-count Princeton layer,"Review band is a workflow order, not calibrated confidence or functional evidence"
225,P_pair_1_to_4_only,720575940612326606,R8,left,0,11,5,10,0,12,2,5,Review single/few-contact 2025 pair sites and false-positive risk,Optional separately labeled low-count Princeton layer,"Review band is a workflow order, not calibrated confidence or functional evidence"
226,P_pair_1_to_4_only,720575940621463699,,left,0,0,6,10,0,12,2,0,Review single/few-contact 2025 pair sites and false-positive risk,Optional separately labeled low-count Princeton layer,"Review band is a workflow order, not calibrated confidence or functional evidence"
227,P_pair_1_to_4_only,720575940631230167,R1-6,left,0,77,7,9,0,33,24,5,Review single/few-contact 2025 pair sites and false-positive risk,Optional separately labeled low-count Princeton layer,"Review band is a workflow order, not calibrated confidence or functional evidence"
228,P_pair_1_to_4_only,720575940609703179,R7,right,0,0,6,9,0,9,0,5,Review single/few-contact 2025 pair sites and false-positive risk,Optional separately labeled low-count Princeton layer,"Review band is a workflow order, not calibrated confidence or functional evidence"
229,P_pair_1_to_4_only,720575940623151565,JO-F,right,0,0,6,9,0,10,1,5,Review single/few-contact 2025 pair sites and false-positive risk,Optional separately labeled low-count Princeton layer,"Review band is a workflow order, not calibrated confidence or functional evidence"
230,P_pair_1_to_4_only,720575940613878459,,right,0,1,7,8,0,9,1,0,Review single/few-contact 2025 pair sites and false-positive risk,Optional separately labeled low-count Princeton layer,"Review band is a workflow order, not calibrated confidence or functional evidence"
231,P_pair_1_to_4_only,720575940614957115,,left,0,1,7,8,0,11,3,0,Review single/few-contact 2025 pair sites and false-positive risk,Optional separately labeled low-count Princeton layer,"Review band is a workflow order, not calibrated confidence or functional evidence"
232,P_pair_1_to_4_only,720575940629888515,R1-6,left,0,0,5,8,0,9,1,5,Review single/few-contact 2025 pair sites and false-positive risk,Optional separately labeled low-count Princeton layer,"Review band is a workflow order, not calibrated confidence or functional evidence"
233,P_pair_1_to_4_only,720575940632674444,R1-6,left,0,15,3,7,0,14,7,5,Review single/few-contact 2025 pair sites and false-positive risk,Optional separately labeled low-count Princeton layer,"Review band is a workflow order, not calibrated confidence or functional evidence"
234,P_pair_1_to_4_only,720575940623758669,,left,0,1,6,7,0,9,2,0,Review single/few-contact 2025 pair sites and false-positive risk,Optional separately labeled low-count Princeton layer,"Review band is a workflow order, not calibrated confidence or functional evidence"
235,P_pair_1_to_4_only,720575940619904380,,left,0,0,6,7,0,9,2,0,Review single/few-contact 2025 pair sites and false-positive risk,Optional separately labeled low-count Princeton layer,"Review band is a workflow order, not calibrated confidence or functional evidence"
236,P_pair_1_to_4_only,720575940637125239,R1-6,left,0,55,4,6,0,16,10,5,Review single/few-contact 2025 pair sites and false-positive risk,Optional separately labeled low-count Princeton layer,"Review band is a workflow order, not calibrated confidence or functional evidence"
237,P_pair_1_to_4_only,720575940626668443,,left,0,6,5,6,0,9,3,0,Review single/few-contact 2025 pair sites and false-positive risk,Optional separately labeled low-count Princeton layer,"Review band is a workflow order, not calibrated confidence or functional evidence"
238,P_pair_1_to_4_only,720575940611937967,,left,0,0,6,6,0,7,1,0,Review single/few-contact 2025 pair sites and false-positive risk,Optional separately labeled low-count Princeton layer,"Review band is a workflow order, not calibrated confidence or functional evidence"
239,P_pair_1_to_4_only,720575940613587609,R8,right,0,0,5,6,0,6,0,5,Review single/few-contact 2025 pair sites and false-positive risk,Optional separately labeled low-count Princeton layer,"Review band is a workflow order, not calibrated confidence or functional evidence"
240,P_pair_1_to_4_only,720575940618092965,AN_GNG_124,left,0,0,4,6,0,7,1,0,Review single/few-contact 2025 pair sites and false-positive risk,Optional separately labeled low-count Princeton layer,"Review band is a workflow order, not calibrated confidence or functional evidence"
241,P_pair_1_to_4_only,720575940633705560,,left,0,0,6,6,0,8,2,0,Review single/few-contact 2025 pair sites and false-positive risk,Optional separately labeled low-count Princeton layer,"Review band is a workflow order, not calibrated confidence or functional evidence"
242,P_pair_1_to_4_only,720575940619984798,R1-6,left,0,56,5,5,0,21,16,5,Review single/few-contact 2025 pair sites and false-positive risk,Optional separately labeled low-count Princeton layer,"Review band is a workflow order, not calibrated confidence or functional evidence"
243,P_pair_1_to_4_only,720575940631149372,R1-6,left,0,40,3,5,0,20,15,5,Review single/few-contact 2025 pair sites and false-positive risk,Optional separately labeled low-count Princeton layer,"Review band is a workflow order, not calibrated confidence or functional evidence"
244,P_pair_1_to_4_only,720575940611801976,R1-6,left,0,37,3,5,0,25,20,5,Review single/few-contact 2025 pair sites and false-positive risk,Optional separately labeled low-count Princeton layer,"Review band is a workflow order, not calibrated confidence or functional evidence"
245,P_pair_1_to_4_only,720575940628346170,R1-6,left,0,35,2,5,0,18,13,5,Review single/few-contact 2025 pair sites and false-positive risk,Optional separately labeled low-count Princeton layer,"Review band is a workflow order, not calibrated confidence or functional evidence"
246,P_pair_1_to_4_only,720575940616591372,R1-6,left,0,32,2,5,0,17,12,5,Review single/few-contact 2025 pair sites and false-positive risk,Optional separately labeled low-count Princeton layer,"Review band is a workflow order, not calibrated confidence or functional evidence"
247,P_pair_1_to_4_only,720575940625564860,R1-6,left,0,22,3,5,0,13,8,5,Review single/few-contact 2025 pair sites and false-positive risk,Optional separately labeled low-count Princeton layer,"Review band is a workflow order, not calibrated confidence or functional evidence"
248,P_pair_1_to_4_only,720575940627462914,R1-6,left,0,15,4,5,0,12,7,5,Review single/few-contact 2025 pair sites and false-positive risk,Optional separately labeled low-count Princeton layer,"Review band is a workflow order, not calibrated confidence or functional evidence"
249,P_pair_1_to_4_only,720575940610073940,R1-6,left,0,8,3,5,0,18,13,5,Review single/few-contact 2025 pair sites and false-positive risk,Optional separately labeled low-count Princeton layer,"Review band is a workflow order, not calibrated confidence or functional evidence"
250,P_pair_1_to_4_only,720575940624501747,JO-EVM,left,0,0,5,5,0,5,0,5,Review single/few-contact 2025 pair sites and false-positive risk,Optional separately labeled low-count Princeton layer,"Review band is a workflow order, not calibrated confidence or functional evidence"
251,P_pair_1_to_4_only,720575940638909429,,left,0,0,5,5,0,5,0,0,Review single/few-contact 2025 pair sites and false-positive risk,Optional separately labeled low-count Princeton layer,"Review band is a workflow order, not calibrated confidence or functional evidence"
252,P_pair_1_to_4_only,720575940661099137,R1-6,left,0,68,4,4,0,22,18,5,Review single/few-contact 2025 pair sites and false-positive risk,Optional separately labeled low-count Princeton layer,"Review band is a workflow order, not calibrated confidence or functional evidence"
253,P_pair_1_to_4_only,720575940627618905,R1-6,left,0,66,3,4,0,27,23,5,Review single/few-contact 2025 pair sites and false-positive risk,Optional separately labeled low-count Princeton layer,"Review band is a workflow order, not calibrated confidence or functional evidence"
254,P_pair_1_to_4_only,720575940618422929,R1-6,left,0,49,2,4,0,27,23,5,Review single/few-contact 2025 pair sites and false-positive risk,Optional separately labeled low-count Princeton layer,"Review band is a workflow order, not calibrated confidence or functional evidence"
255,P_pair_1_to_4_only,720575940622064961,R1-6,left,0,39,4,4,0,13,9,5,Review single/few-contact 2025 pair sites and false-positive risk,Optional separately labeled low-count Princeton layer,"Review band is a workflow order, not calibrated confidence or functional evidence"
256,P_pair_1_to_4_only,720575940627852669,R1-6,left,0,34,3,4,0,12,8,5,Review single/few-contact 2025 pair sites and false-positive risk,Optional separately labeled low-count Princeton layer,"Review band is a workflow order, not calibrated confidence or functional evidence"
257,P_pair_1_to_4_only,720575940623867016,R1-6,left,0,29,3,4,0,15,11,5,Review single/few-contact 2025 pair sites and false-positive risk,Optional separately labeled low-count Princeton layer,"Review band is a workflow order, not calibrated confidence or functional evidence"
258,P_pair_1_to_4_only,720575940625067243,R1-6,left,0,28,3,4,0,20,16,5,Review single/few-contact 2025 pair sites and false-positive risk,Optional separately labeled low-count Princeton layer,"Review band is a workflow order, not calibrated confidence or functional evidence"
259,P_pair_1_to_4_only,720575940633220516,R1-6,left,0,20,2,4,0,23,19,5,Review single/few-contact 2025 pair sites and false-positive risk,Optional separately labeled low-count Princeton layer,"Review band is a workflow order, not calibrated confidence or functional evidence"
260,P_pair_1_to_4_only,720575940638711359,R1-6,left,0,16,3,4,0,18,14,5,Review single/few-contact 2025 pair sites and false-positive risk,Optional separately labeled low-count Princeton layer,"Review band is a workflow order, not calibrated confidence or functional evidence"
261,P_pair_1_to_4_only,720575940614200557,R1-6,left,0,14,4,4,0,14,10,5,Review single/few-contact 2025 pair sites and false-positive risk,Optional separately labeled low-count Princeton layer,"Review band is a workflow order, not calibrated confidence or functional evidence"
262,P_pair_1_to_4_only,720575940621466048,R1-6,left,0,11,2,4,0,13,9,5,Review single/few-contact 2025 pair sites and false-positive risk,Optional separately labeled low-count Princeton layer,"Review band is a workflow order, not calibrated confidence or functional evidence"
263,P_pair_1_to_4_only,720575940628388936,R1-6,left,0,1,3,4,0,4,0,5,Review single/few-contact 2025 pair sites and false-positive risk,Optional separately labeled low-count Princeton layer,"Review band is a workflow order, not calibrated confidence or functional evidence"
264,P_pair_1_to_4_only,720575940611477229,,right,0,0,4,4,0,8,4,0,Review single/few-contact 2025 pair sites and false-positive risk,Optional separately labeled low-count Princeton layer,"Review band is a workflow order, not calibrated confidence or functional evidence"
265,P_pair_1_to_4_only,720575940615556498,R1-6,left,0,0,4,4,0,4,0,5,Review single/few-contact 2025 pair sites and false-positive risk,Optional separately labeled low-count Princeton layer,"Review band is a workflow order, not calibrated confidence or functional evidence"
266,P_pair_1_to_4_only,720575940639655238,Lawf1,left,0,267,3,3,0,16,13,5,Review single/few-contact 2025 pair sites and false-positive risk,Optional separately labeled low-count Princeton layer,"Review band is a workflow order, not calibrated confidence or functional evidence"
267,P_pair_1_to_4_only,720575940625635119,R1-6,left,0,86,3,3,0,11,8,5,Review single/few-contact 2025 pair sites and false-positive risk,Optional separately labeled low-count Princeton layer,"Review band is a workflow order, not calibrated confidence or functional evidence"
268,P_pair_1_to_4_only,720575940618916125,R1-6,left,0,79,2,3,0,31,28,5,Review single/few-contact 2025 pair sites and false-positive risk,Optional separately labeled low-count Princeton layer,"Review band is a workflow order, not calibrated confidence or functional evidence"
269,P_pair_1_to_4_only,720575940617513589,R1-6,left,0,75,2,3,0,19,16,5,Review single/few-contact 2025 pair sites and false-positive risk,Optional separately labeled low-count Princeton layer,"Review band is a workflow order, not calibrated confidence or functional evidence"
270,P_pair_1_to_4_only,720575940631079900,R1-6,left,0,69,2,3,0,15,12,5,Review single/few-contact 2025 pair sites and false-positive risk,Optional separately labeled low-count Princeton layer,"Review band is a workflow order, not calibrated confidence or functional evidence"
271,P_pair_1_to_4_only,720575940645837335,R1-6,left,0,53,2,3,0,18,15,5,Review single/few-contact 2025 pair sites and false-positive risk,Optional separately labeled low-count Princeton layer,"Review band is a workflow order, not calibrated confidence or functional evidence"
272,P_pair_1_to_4_only,720575940638713407,R1-6,left,0,49,3,3,0,20,17,5,Review single/few-contact 2025 pair sites and false-positive risk,Optional separately labeled low-count Princeton layer,"Review band is a workflow order, not calibrated confidence or functional evidence"
273,P_pair_1_to_4_only,720575940623721496,R1-6,left,0,45,3,3,0,16,13,5,Review single/few-contact 2025 pair sites and false-positive risk,Optional separately labeled low-count Princeton layer,"Review band is a workflow order, not calibrated confidence or functional evidence"
274,P_pair_1_to_4_only,720575940628758319,R1-6,left,0,44,1,3,0,17,14,5,Review single/few-contact 2025 pair sites and false-positive risk,Optional separately labeled low-count Princeton layer,"Review band is a workflow order, not calibrated confidence or functional evidence"
275,P_pair_1_to_4_only,720575940614849967,R1-6,left,0,33,3,3,0,13,10,5,Review single/few-contact 2025 pair sites and false-positive risk,Optional separately labeled low-count Princeton layer,"Review band is a workflow order, not calibrated confidence or functional evidence"
276,P_pair_1_to_4_only,720575940621978534,R1-6,left,0,31,3,3,0,11,8,5,Review single/few-contact 2025 pair sites and false-positive risk,Optional separately labeled low-count Princeton layer,"Review band is a workflow order, not calibrated confidence or functional evidence"
277,P_pair_1_to_4_only,720575940630727212,R1-6,left,0,27,2,3,0,10,7,5,Review single/few-contact 2025 pair sites and false-positive risk,Optional separately labeled low-count Princeton layer,"Review band is a workflow order, not calibrated confidence or functional evidence"
278,P_pair_1_to_4_only,720575940606631102,R1-6,left,0,25,2,3,0,29,26,5,Review single/few-contact 2025 pair sites and false-positive risk,Optional separately labeled low-count Princeton layer,"Review band is a workflow order, not calibrated confidence or functional evidence"
279,P_pair_1_to_4_only,720575940614567855,R1-6,left,0,22,3,3,0,19,16,5,Review single/few-contact 2025 pair sites and false-positive risk,Optional separately labeled low-count Princeton layer,"Review band is a workflow order, not calibrated confidence or functional evidence"
280,P_pair_1_to_4_only,720575940630239327,R1-6,left,0,21,2,3,0,10,7,5,Review single/few-contact 2025 pair sites and false-positive risk,Optional separately labeled low-count Princeton layer,"Review band is a workflow order, not calibrated confidence or functional evidence"
281,P_pair_1_to_4_only,720575940614197485,R1-6,left,0,20,3,3,0,10,7,5,Review single/few-contact 2025 pair sites and false-positive risk,Optional separately labeled low-count Princeton layer,"Review band is a workflow order, not calibrated confidence or functional evidence"
282,P_pair_1_to_4_only,720575940611539666,R1-6,left,0,19,2,3,0,10,7,5,Review single/few-contact 2025 pair sites and false-positive risk,Optional separately labeled low-count Princeton layer,"Review band is a workflow order, not calibrated confidence or functional evidence"
283,P_pair_1_to_4_only,720575940624103827,R1-6,left,0,15,3,3,0,19,16,5,Review single/few-contact 2025 pair sites and false-positive risk,Optional separately labeled low-count Princeton layer,"Review band is a workflow order, not calibrated confidence or functional evidence"
284,P_pair_1_to_4_only,720575940618090129,R1-6,left,0,13,2,3,0,27,24,5,Review single/few-contact 2025 pair sites and false-positive risk,Optional separately labeled low-count Princeton layer,"Review band is a workflow order, not calibrated confidence or functional evidence"
285,P_pair_1_to_4_only,720575940629063409,R1-6,left,0,12,2,3,0,16,13,5,Review single/few-contact 2025 pair sites and false-positive risk,Optional separately labeled low-count Princeton layer,"Review band is a workflow order, not calibrated confidence or functional evidence"
286,P_pair_1_to_4_only,720575940609748437,R1-6,left,0,11,3,3,0,16,13,5,Review single/few-contact 2025 pair sites and false-positive risk,Optional separately labeled low-count Princeton layer,"Review band is a workflow order, not calibrated confidence or functional evidence"
287,P_pair_1_to_4_only,720575940621962081,R1-6,left,0,7,2,3,0,24,21,5,Review single/few-contact 2025 pair sites and false-positive risk,Optional separately labeled low-count Princeton layer,"Review band is a workflow order, not calibrated confidence or functional evidence"
288,P_pair_1_to_4_only,720575940620531761,R1-6,left,0,4,2,3,0,12,9,5,Review single/few-contact 2025 pair sites and false-positive risk,Optional separately labeled low-count Princeton layer,"Review band is a workflow order, not calibrated confidence or functional evidence"
289,P_pair_1_to_4_only,720575940615103998,R1-6,left,0,1,3,3,0,7,4,5,Review single/few-contact 2025 pair sites and false-positive risk,Optional separately labeled low-count Princeton layer,"Review band is a workflow order, not calibrated confidence or functional evidence"
290,P_pair_1_to_4_only,720575940614194925,R1-6,left,0,0,2,3,0,3,0,5,Review single/few-contact 2025 pair sites and false-positive risk,Optional separately labeled low-count Princeton layer,"Review band is a workflow order, not calibrated confidence or functional evidence"
291,P_pair_1_to_4_only,720575940614890642,,left,0,0,3,3,0,4,1,0,Review single/few-contact 2025 pair sites and false-positive risk,Optional separately labeled low-count Princeton layer,"Review band is a workflow order, not calibrated confidence or functional evidence"
292,P_pair_1_to_4_only,720575940622918012,R1-6,right,0,0,3,3,0,3,0,5,Review single/few-contact 2025 pair sites and false-positive risk,Optional separately labeled low-count Princeton layer,"Review band is a workflow order, not calibrated confidence or functional evidence"
293,P_pair_1_to_4_only,720575940626216720,,left,0,0,2,3,0,4,1,0,Review single/few-contact 2025 pair sites and false-positive risk,Optional separately labeled low-count Princeton layer,"Review band is a workflow order, not calibrated confidence or functional evidence"
294,P_pair_1_to_4_only,720575940629411883,R1-6,left,0,0,3,3,0,5,2,5,Review single/few-contact 2025 pair sites and false-positive risk,Optional separately labeled low-count Princeton layer,"Review band is a workflow order, not calibrated confidence or functional evidence"
295,P_pair_1_to_4_only,720575940639783989,R1-6,left,0,0,2,3,0,3,0,5,Review single/few-contact 2025 pair sites and false-positive risk,Optional separately labeled low-count Princeton layer,"Review band is a workflow order, not calibrated confidence or functional evidence"
296,P_pair_1_to_4_only,720575940640197949,R1-6,left,0,0,3,3,0,4,1,5,Review single/few-contact 2025 pair sites and false-positive risk,Optional separately labeled low-count Princeton layer,"Review band is a workflow order, not calibrated confidence or functional evidence"
297,P_pair_1_to_4_only,720575940629752080,R1-6,left,0,94,2,2,0,19,17,5,Review single/few-contact 2025 pair sites and false-positive risk,Optional separately labeled low-count Princeton layer,"Review band is a workflow order, not calibrated confidence or functional evidence"
298,P_pair_1_to_4_only,720575940638820442,R1-6,left,0,90,2,2,0,13,11,5,Review single/few-contact 2025 pair sites and false-positive risk,Optional separately labeled low-count Princeton layer,"Review band is a workflow order, not calibrated confidence or functional evidence"
299,P_pair_1_to_4_only,720575940643079309,R1-6,left,0,80,1,2,0,25,23,5,Review single/few-contact 2025 pair sites and false-positive risk,Optional separately labeled low-count Princeton layer,"Review band is a workflow order, not calibrated confidence or functional evidence"
300,P_pair_1_to_4_only,720575940639049193,R1-6,left,0,74,2,2,0,13,11,5,Review single/few-contact 2025 pair sites and false-positive risk,Optional separately labeled low-count Princeton layer,"Review band is a workflow order, not calibrated confidence or functional evidence"
301,P_pair_1_to_4_only,720575940622654591,R1-6,left,0,71,2,2,0,23,21,5,Review single/few-contact 2025 pair sites and false-positive risk,Optional separately labeled low-count Princeton layer,"Review band is a workflow order, not calibrated confidence or functional evidence"
302,P_pair_1_to_4_only,720575940612354196,R1-6,left,0,64,2,2,0,20,18,5,Review single/few-contact 2025 pair sites and false-positive risk,Optional separately labeled low-count Princeton layer,"Review band is a workflow order, not calibrated confidence or functional evidence"
303,P_pair_1_to_4_only,720575940627693181,R1-6,left,0,54,2,2,0,21,19,5,Review single/few-contact 2025 pair sites and false-positive risk,Optional separately labeled low-count Princeton layer,"Review band is a workflow order, not calibrated confidence or functional evidence"
304,P_pair_1_to_4_only,720575940625643495,R1-6,left,0,52,1,2,0,16,14,5,Review single/few-contact 2025 pair sites and false-positive risk,Optional separately labeled low-count Princeton layer,"Review band is a workflow order, not calibrated confidence or functional evidence"
305,P_pair_1_to_4_only,720575940613582996,R1-6,left,0,45,2,2,0,25,23,5,Review single/few-contact 2025 pair sites and false-positive risk,Optional separately labeled low-count Princeton layer,"Review band is a workflow order, not calibrated confidence or functional evidence"
306,P_pair_1_to_4_only,720575940623337251,R1-6,left,0,45,2,2,0,14,12,5,Review single/few-contact 2025 pair sites and false-positive risk,Optional separately labeled low-count Princeton layer,"Review band is a workflow order, not calibrated confidence or functional evidence"
307,P_pair_1_to_4_only,720575940613138674,R1-6,left,0,42,2,2,0,13,11,5,Review single/few-contact 2025 pair sites and false-positive risk,Optional separately labeled low-count Princeton layer,"Review band is a workflow order, not calibrated confidence or functional evidence"
308,P_pair_1_to_4_only,720575940627665241,R1-6,left,0,42,2,2,0,19,17,5,Review single/few-contact 2025 pair sites and false-positive risk,Optional separately labeled low-count Princeton layer,"Review band is a workflow order, not calibrated confidence or functional evidence"
309,P_pair_1_to_4_only,720575940613486762,R1-6,left,0,41,2,2,0,19,17,5,Review single/few-contact 2025 pair sites and false-positive risk,Optional separately labeled low-count Princeton layer,"Review band is a workflow order, not calibrated confidence or functional evidence"
310,P_pair_1_to_4_only,720575940630544250,R1-6,left,0,41,2,2,0,18,16,5,Review single/few-contact 2025 pair sites and false-positive risk,Optional separately labeled low-count Princeton layer,"Review band is a workflow order, not calibrated confidence or functional evidence"
311,P_pair_1_to_4_only,720575940634857884,R1-6,left,0,35,2,2,0,19,17,5,Review single/few-contact 2025 pair sites and false-positive risk,Optional separately labeled low-count Princeton layer,"Review band is a workflow order, not calibrated confidence or functional evidence"
312,P_pair_1_to_4_only,720575940640193614,R1-6,left,0,33,1,2,0,17,15,5,Review single/few-contact 2025 pair sites and false-positive risk,Optional separately labeled low-count Princeton layer,"Review band is a workflow order, not calibrated confidence or functional evidence"
313,P_pair_1_to_4_only,720575940615650666,R1-6,left,0,32,1,2,0,16,14,5,Review single/few-contact 2025 pair sites and false-positive risk,Optional separately labeled low-count Princeton layer,"Review band is a workflow order, not calibrated confidence or functional evidence"
314,P_pair_1_to_4_only,720575940623242108,R1-6,left,0,32,2,2,0,24,22,5,Review single/few-contact 2025 pair sites and false-positive risk,Optional separately labeled low-count Princeton layer,"Review band is a workflow order, not calibrated confidence or functional evidence"
315,P_pair_1_to_4_only,720575940625603512,R1-6,left,0,31,1,2,0,18,16,5,Review single/few-contact 2025 pair sites and false-positive risk,Optional separately labeled low-count Princeton layer,"Review band is a workflow order, not calibrated confidence or functional evidence"
316,P_pair_1_to_4_only,720575940628732744,R1-6,left,0,30,2,2,0,11,9,5,Review single/few-contact 2025 pair sites and false-positive risk,Optional separately labeled low-count Princeton layer,"Review band is a workflow order, not calibrated confidence or functional evidence"
317,P_pair_1_to_4_only,720575940632704303,R1-6,left,0,30,1,2,0,15,13,5,Review single/few-contact 2025 pair sites and false-positive risk,Optional separately labeled low-count Princeton layer,"Review band is a workflow order, not calibrated confidence or functional evidence"
318,P_pair_1_to_4_only,720575940629615209,R1-6,left,0,29,2,2,0,15,13,5,Review single/few-contact 2025 pair sites and false-positive risk,Optional separately labeled low-count Princeton layer,"Review band is a workflow order, not calibrated confidence or functional evidence"
319,P_pair_1_to_4_only,720575940636168116,R1-6,left,0,26,2,2,0,9,7,5,Review single/few-contact 2025 pair sites and false-positive risk,Optional separately labeled low-count Princeton layer,"Review band is a workflow order, not calibrated confidence or functional evidence"
320,P_pair_1_to_4_only,720575940616388550,R1-6,left,0,25,2,2,0,12,10,5,Review single/few-contact 2025 pair sites and false-positive risk,Optional separately labeled low-count Princeton layer,"Review band is a workflow order, not calibrated confidence or functional evidence"
321,P_pair_1_to_4_only,720575940624438566,R1-6,left,0,22,2,2,0,10,8,5,Review single/few-contact 2025 pair sites and false-positive risk,Optional separately labeled low-count Princeton layer,"Review band is a workflow order, not calibrated confidence or functional evidence"
322,P_pair_1_to_4_only,720575940627309913,R1-6,left,0,22,2,2,0,18,16,5,Review single/few-contact 2025 pair sites and false-positive risk,Optional separately labeled low-count Princeton layer,"Review band is a workflow order, not calibrated confidence or functional evidence"
323,P_pair_1_to_4_only,720575940606292582,R1-6,left,0,21,2,2,0,7,5,5,Review single/few-contact 2025 pair sites and false-positive risk,Optional separately labeled low-count Princeton layer,"Review band is a workflow order, not calibrated confidence or functional evidence"
324,P_pair_1_to_4_only,720575940618238681,R1-6,left,0,20,2,2,0,9,7,5,Review single/few-contact 2025 pair sites and false-positive risk,Optional separately labeled low-count Princeton layer,"Review band is a workflow order, not calibrated confidence or functional evidence"
325,P_pair_1_to_4_only,720575940631184246,R1-6,left,0,20,1,2,0,9,7,5,Review single/few-contact 2025 pair sites and false-positive risk,Optional separately labeled low-count Princeton layer,"Review band is a workflow order, not calibrated confidence or functional evidence"
326,P_pair_1_to_4_only,720575940620487504,R1-6,left,0,18,2,2,0,13,11,5,Review single/few-contact 2025 pair sites and false-positive risk,Optional separately labeled low-count Princeton layer,"Review band is a workflow order, not calibrated confidence or functional evidence"
327,P_pair_1_to_4_only,720575940628089402,R1-6,left,0,15,2,2,0,12,10,5,Review single/few-contact 2025 pair sites and false-positive risk,Optional separately labeled low-count Princeton layer,"Review band is a workflow order, not calibrated confidence or functional evidence"
328,P_pair_1_to_4_only,720575940615855510,R1-6,left,0,14,2,2,0,18,16,5,Review single/few-contact 2025 pair sites and false-positive risk,Optional separately labeled low-count Princeton layer,"Review band is a workflow order, not calibrated confidence or functional evidence"
329,P_pair_1_to_4_only,720575940640196413,R1-6,left,0,13,2,2,0,25,23,5,Review single/few-contact 2025 pair sites and false-positive risk,Optional separately labeled low-count Princeton layer,"Review band is a workflow order, not calibrated confidence or functional evidence"
330,P_pair_1_to_4_only,720575940630942428,R1-6,left,0,12,2,2,0,18,16,5,Review single/few-contact 2025 pair sites and false-positive risk,Optional separately labeled low-count Princeton layer,"Review band is a workflow order, not calibrated confidence or functional evidence"
331,P_pair_1_to_4_only,720575940620545616,R1-6,left,0,11,2,2,0,7,5,5,Review single/few-contact 2025 pair sites and false-positive risk,Optional separately labeled low-count Princeton layer,"Review band is a workflow order, not calibrated confidence or functional evidence"
332,P_pair_1_to_4_only,720575940642527451,R1-6,left,0,10,2,2,0,23,21,5,Review single/few-contact 2025 pair sites and false-positive risk,Optional separately labeled low-count Princeton layer,"Review band is a workflow order, not calibrated confidence or functional evidence"
333,P_pair_1_to_4_only,720575940628240210,R1-6,left,0,9,2,2,0,17,15,5,Review single/few-contact 2025 pair sites and false-positive risk,Optional separately labeled low-count Princeton layer,"Review band is a workflow order, not calibrated confidence or functional evidence"
334,P_pair_1_to_4_only,720575940631100160,R1-6,left,0,9,2,2,0,14,12,5,Review single/few-contact 2025 pair sites and false-positive risk,Optional separately labeled low-count Princeton layer,"Review band is a workflow order, not calibrated confidence or functional evidence"
335,P_pair_1_to_4_only,720575940638078832,R1-6,left,0,8,2,2,0,15,13,5,Review single/few-contact 2025 pair sites and false-positive risk,Optional separately labeled low-count Princeton layer,"Review band is a workflow order, not calibrated confidence or functional evidence"
336,P_pair_1_to_4_only,720575940639787061,R1-6,left,0,7,2,2,0,17,15,5,Review single/few-contact 2025 pair sites and false-positive risk,Optional separately labeled low-count Princeton layer,"Review band is a workflow order, not calibrated confidence or functional evidence"
337,P_pair_1_to_4_only,720575940648163972,R1-6,left,0,6,1,2,0,13,11,5,Review single/few-contact 2025 pair sites and false-positive risk,Optional separately labeled low-count Princeton layer,"Review band is a workflow order, not calibrated confidence or functional evidence"
338,P_pair_1_to_4_only,720575940615927263,R1-6,left,0,5,2,2,0,12,10,5,Review single/few-contact 2025 pair sites and false-positive risk,Optional separately labeled low-count Princeton layer,"Review band is a workflow order, not calibrated confidence or functional evidence"
339,P_pair_1_to_4_only,720575940621962337,R1-6,left,0,5,1,2,0,18,16,5,Review single/few-contact 2025 pair sites and false-positive risk,Optional separately labeled low-count Princeton layer,"Review band is a workflow order, not calibrated confidence or functional evidence"
340,P_pair_1_to_4_only,720575940619434587,DNge153,right,0,4,2,2,0,5,3,0,Review single/few-contact 2025 pair sites and false-positive risk,Optional separately labeled low-count Princeton layer,"Review band is a workflow order, not calibrated confidence or functional evidence"
341,P_pair_1_to_4_only,720575940622798836,R1-6,left,0,4,1,2,0,15,13,5,Review single/few-contact 2025 pair sites and false-positive risk,Optional separately labeled low-count Princeton layer,"Review band is a workflow order, not calibrated confidence or functional evidence"
342,P_pair_1_to_4_only,720575940612706778,R1-6,left,0,0,2,2,0,2,0,5,Review single/few-contact 2025 pair sites and false-positive risk,Optional separately labeled low-count Princeton layer,"Review band is a workflow order, not calibrated confidence or functional evidence"
343,P_pair_1_to_4_only,720575940614736699,,left,0,0,1,2,0,2,0,0,Review single/few-contact 2025 pair sites and false-positive risk,Optional separately labeled low-count Princeton layer,"Review band is a workflow order, not calibrated confidence or functional evidence"
344,P_pair_1_to_4_only,720575940615957215,R1-6,left,0,0,2,2,0,2,0,5,Review single/few-contact 2025 pair sites and false-positive risk,Optional separately labeled low-count Princeton layer,"Review band is a workflow order, not calibrated confidence or functional evidence"
345,P_pair_1_to_4_only,720575940617649238,,right,0,0,2,2,0,3,1,0,Review single/few-contact 2025 pair sites and false-positive risk,Optional separately labeled low-count Princeton layer,"Review band is a workflow order, not calibrated confidence or functional evidence"
346,P_pair_1_to_4_only,720575940618863553,DNge061,right,0,0,2,2,0,3,1,0,Review single/few-contact 2025 pair sites and false-positive risk,Optional separately labeled low-count Princeton layer,"Review band is a workflow order, not calibrated confidence or functional evidence"
347,P_pair_1_to_4_only,720575940621884854,R1-6,left,0,0,2,2,0,2,0,5,Review single/few-contact 2025 pair sites and false-positive risk,Optional separately labeled low-count Princeton layer,"Review band is a workflow order, not calibrated confidence or functional evidence"
348,P_pair_1_to_4_only,720575940622550878,R1-6,left,0,0,1,2,0,9,7,5,Review single/few-contact 2025 pair sites and false-positive risk,Optional separately labeled low-count Princeton layer,"Review band is a workflow order, not calibrated confidence or functional evidence"
349,P_pair_1_to_4_only,720575940622643806,R1-6,left,0,0,2,2,0,2,0,5,Review single/few-contact 2025 pair sites and false-positive risk,Optional separately labeled low-count Princeton layer,"Review band is a workflow order, not calibrated confidence or functional evidence"
350,P_pair_1_to_4_only,720575940622879521,R1-6,left,0,0,2,2,0,2,0,5,Review single/few-contact 2025 pair sites and false-positive risk,Optional separately labeled low-count Princeton layer,"Review band is a workflow order, not calibrated confidence or functional evidence"
351,P_pair_1_to_4_only,720575940628131130,R1-6,right,0,0,2,2,0,8,6,5,Review single/few-contact 2025 pair sites and false-positive risk,Optional separately labeled low-count Princeton layer,"Review band is a workflow order, not calibrated confidence or functional evidence"
352,P_pair_1_to_4_only,720575940628391240,R1-6,left,0,0,2,2,0,2,0,5,Review single/few-contact 2025 pair sites and false-positive risk,Optional separately labeled low-count Princeton layer,"Review band is a workflow order, not calibrated confidence or functional evidence"
353,P_pair_1_to_4_only,720575940628938314,R1-6,left,0,0,2,2,0,3,1,5,Review single/few-contact 2025 pair sites and false-positive risk,Optional separately labeled low-count Princeton layer,"Review band is a workflow order, not calibrated confidence or functional evidence"
354,P_pair_1_to_4_only,720575940628938570,R1-6,left,0,0,2,2,0,2,0,5,Review single/few-contact 2025 pair sites and false-positive risk,Optional separately labeled low-count Princeton layer,"Review band is a workflow order, not calibrated confidence or functional evidence"
355,P_pair_1_to_4_only,720575940629292842,AN_GNG_204,left,0,0,2,2,0,3,1,0,Review single/few-contact 2025 pair sites and false-positive risk,Optional separately labeled low-count Princeton layer,"Review band is a workflow order, not calibrated confidence or functional evidence"
356,P_pair_1_to_4_only,720575940630657792,R1-6,left,0,0,2,2,0,2,0,5,Review single/few-contact 2025 pair sites and false-positive risk,Optional separately labeled low-count Princeton layer,"Review band is a workflow order, not calibrated confidence or functional evidence"
357,P_pair_1_to_4_only,720575940632352104,R1-6,left,0,0,2,2,0,2,0,5,Review single/few-contact 2025 pair sites and false-positive risk,Optional separately labeled low-count Princeton layer,"Review band is a workflow order, not calibrated confidence or functional evidence"
358,P_pair_1_to_4_only,720575940635440235,R1-6,left,0,0,1,2,0,2,0,5,Review single/few-contact 2025 pair sites and false-positive risk,Optional separately labeled low-count Princeton layer,"Review band is a workflow order, not calibrated confidence or functional evidence"
359,P_pair_1_to_4_only,720575940637470627,,left,0,0,2,2,0,3,1,0,Review single/few-contact 2025 pair sites and false-positive risk,Optional separately labeled low-count Princeton layer,"Review band is a workflow order, not calibrated confidence or functional evidence"
360,P_pair_1_to_4_only,720575940647962500,R1-6,left,0,0,2,2,0,7,5,5,Review single/few-contact 2025 pair sites and false-positive risk,Optional separately labeled low-count Princeton layer,"Review band is a workflow order, not calibrated confidence or functional evidence"
361,P_pair_1_to_4_only,720575940632425002,R1-6,left,0,78,1,1,0,32,31,5,Review single/few-contact 2025 pair sites and false-positive risk,Optional separately labeled low-count Princeton layer,"Review band is a workflow order, not calibrated confidence or functional evidence"
362,P_pair_1_to_4_only,720575940628308613,R1-6,left,0,77,1,1,0,18,17,5,Review single/few-contact 2025 pair sites and false-positive risk,Optional separately labeled low-count Princeton layer,"Review band is a workflow order, not calibrated confidence or functional evidence"
363,P_pair_1_to_4_only,720575940629426161,R1-6,left,0,70,1,1,0,12,11,5,Review single/few-contact 2025 pair sites and false-positive risk,Optional separately labeled low-count Princeton layer,"Review band is a workflow order, not calibrated confidence or functional evidence"
364,P_pair_1_to_4_only,720575940629716779,R1-6,left,0,65,1,1,0,6,5,5,Review single/few-contact 2025 pair sites and false-positive risk,Optional separately labeled low-count Princeton layer,"Review band is a workflow order, not calibrated confidence or functional evidence"
365,P_pair_1_to_4_only,720575940636021855,R1-6,left,0,61,1,1,0,18,17,5,Review single/few-contact 2025 pair sites and false-positive risk,Optional separately labeled low-count Princeton layer,"Review band is a workflow order, not calibrated confidence or functional evidence"
366,P_pair_1_to_4_only,720575940610948164,R1-6,left,0,58,1,1,0,24,23,5,Review single/few-contact 2025 pair sites and false-positive risk,Optional separately labeled low-count Princeton layer,"Review band is a workflow order, not calibrated confidence or functional evidence"
367,P_pair_1_to_4_only,720575940612688789,R1-6,left,0,57,1,1,0,11,10,5,Review single/few-contact 2025 pair sites and false-positive risk,Optional separately labeled low-count Princeton layer,"Review band is a workflow order, not calibrated confidence or functional evidence"
368,P_pair_1_to_4_only,720575940628036233,R1-6,left,0,55,1,1,0,13,12,5,Review single/few-contact 2025 pair sites and false-positive risk,Optional separately labeled low-count Princeton layer,"Review band is a workflow order, not calibrated confidence or functional evidence"
369,P_pair_1_to_4_only,720575940606630590,R1-6,left,0,52,1,1,0,16,15,5,Review single/few-contact 2025 pair sites and false-positive risk,Optional separately labeled low-count Princeton layer,"Review band is a workflow order, not calibrated confidence or functional evidence"
370,P_pair_1_to_4_only,720575940611982690,R1-6,left,0,51,1,1,0,16,15,5,Review single/few-contact 2025 pair sites and false-positive risk,Optional separately labeled low-count Princeton layer,"Review band is a workflow order, not calibrated confidence or functional evidence"
371,P_pair_1_to_4_only,720575940613466853,R1-6,left,0,51,1,1,0,11,10,5,Review single/few-contact 2025 pair sites and false-positive risk,Optional separately labeled low-count Princeton layer,"Review band is a workflow order, not calibrated confidence or functional evidence"
372,P_pair_1_to_4_only,720575940642539995,R1-6,left,0,50,1,1,0,17,16,5,Review single/few-contact 2025 pair sites and false-positive risk,Optional separately labeled low-count Princeton layer,"Review band is a workflow order, not calibrated confidence or functional evidence"
373,P_pair_1_to_4_only,720575940628035721,R1-6,left,0,46,1,1,0,11,10,5,Review single/few-contact 2025 pair sites and false-positive risk,Optional separately labeled low-count Princeton layer,"Review band is a workflow order, not calibrated confidence or functional evidence"
374,P_pair_1_to_4_only,720575940630664062,R1-6,left,0,46,1,1,0,24,23,5,Review single/few-contact 2025 pair sites and false-positive risk,Optional separately labeled low-count Princeton layer,"Review band is a workflow order, not calibrated confidence or functional evidence"
375,P_pair_1_to_4_only,720575940633512908,R1-6,left,0,45,1,1,0,19,18,5,Review single/few-contact 2025 pair sites and false-positive risk,Optional separately labeled low-count Princeton layer,"Review band is a workflow order, not calibrated confidence or functional evidence"
376,P_pair_1_to_4_only,720575940612888026,R1-6,left,0,44,1,1,0,17,16,5,Review single/few-contact 2025 pair sites and false-positive risk,Optional separately labeled low-count Princeton layer,"Review band is a workflow order, not calibrated confidence or functional evidence"
377,P_pair_1_to_4_only,720575940625916207,R1-6,left,0,44,1,1,0,17,16,5,Review single/few-contact 2025 pair sites and false-positive risk,Optional separately labeled low-count Princeton layer,"Review band is a workflow order, not calibrated confidence or functional evidence"
378,P_pair_1_to_4_only,720575940618600276,R1-6,left,0,43,1,1,0,18,17,5,Review single/few-contact 2025 pair sites and false-positive risk,Optional separately labeled low-count Princeton layer,"Review band is a workflow order, not calibrated confidence or functional evidence"
379,P_pair_1_to_4_only,720575940620944037,R1-6,left,0,43,1,1,0,14,13,5,Review single/few-contact 2025 pair sites and false-positive risk,Optional separately labeled low-count Princeton layer,"Review band is a workflow order, not calibrated confidence or functional evidence"
380,P_pair_1_to_4_only,720575940640287310,R1-6,left,0,43,1,1,0,11,10,5,Review single/few-contact 2025 pair sites and false-positive risk,Optional separately labeled low-count Princeton layer,"Review band is a workflow order, not calibrated confidence or functional evidence"
381,P_pair_1_to_4_only,720575940613055194,R1-6,left,0,39,1,1,0,19,18,5,Review single/few-contact 2025 pair sites and false-positive risk,Optional separately labeled low-count Princeton layer,"Review band is a workflow order, not calibrated confidence or functional evidence"
382,P_pair_1_to_4_only,720575940637782958,R1-6,left,0,39,1,1,0,8,7,5,Review single/few-contact 2025 pair sites and false-positive risk,Optional separately labeled low-count Princeton layer,"Review band is a workflow order, not calibrated confidence or functional evidence"
383,P_pair_1_to_4_only,720575940625044421,R1-6,left,0,36,1,1,0,14,13,5,Review single/few-contact 2025 pair sites and false-positive risk,Optional separately labeled low-count Princeton layer,"Review band is a workflow order, not calibrated confidence or functional evidence"
384,P_pair_1_to_4_only,720575940627652441,R1-6,left,0,36,1,1,0,15,14,5,Review single/few-contact 2025 pair sites and false-positive risk,Optional separately labeled low-count Princeton layer,"Review band is a workflow order, not calibrated confidence or functional evidence"
385,P_pair_1_to_4_only,720575940620623320,R1-6,left,0,35,1,1,0,13,12,5,Review single/few-contact 2025 pair sites and false-positive risk,Optional separately labeled low-count Princeton layer,"Review band is a workflow order, not calibrated confidence or functional evidence"
386,P_pair_1_to_4_only,720575940629834768,R1-6,left,0,33,1,1,0,18,17,5,Review single/few-contact 2025 pair sites and false-positive risk,Optional separately labeled low-count Princeton layer,"Review band is a workflow order, not calibrated confidence or functional evidence"
387,P_pair_1_to_4_only,720575940641599184,R1-6,left,0,33,1,1,0,15,14,5,Review single/few-contact 2025 pair sites and false-positive risk,Optional separately labeled low-count Princeton layer,"Review band is a workflow order, not calibrated confidence or functional evidence"
388,P_pair_1_to_4_only,720575940612970202,R1-6,left,0,32,1,1,0,13,12,5,Review single/few-contact 2025 pair sites and false-positive risk,Optional separately labeled low-count Princeton layer,"Review band is a workflow order, not calibrated confidence or functional evidence"
389,P_pair_1_to_4_only,720575940627267842,R1-6,left,0,32,1,1,0,16,15,5,Review single/few-contact 2025 pair sites and false-positive risk,Optional separately labeled low-count Princeton layer,"Review band is a workflow order, not calibrated confidence or functional evidence"
390,P_pair_1_to_4_only,720575940624338058,R1-6,left,0,31,1,1,0,19,18,5,Review single/few-contact 2025 pair sites and false-positive risk,Optional separately labeled low-count Princeton layer,"Review band is a workflow order, not calibrated confidence or functional evidence"
391,P_pair_1_to_4_only,720575940632266258,R1-6,left,0,31,1,1,0,11,10,5,Review single/few-contact 2025 pair sites and false-positive risk,Optional separately labeled low-count Princeton layer,"Review band is a workflow order, not calibrated confidence or functional evidence"
392,P_pair_1_to_4_only,720575940624046227,R1-6,left,0,29,1,1,0,8,7,5,Review single/few-contact 2025 pair sites and false-positive risk,Optional separately labeled low-count Princeton layer,"Review band is a workflow order, not calibrated confidence or functional evidence"
393,P_pair_1_to_4_only,720575940616281311,R1-6,left,0,28,1,1,0,15,14,5,Review single/few-contact 2025 pair sites and false-positive risk,Optional separately labeled low-count Princeton layer,"Review band is a workflow order, not calibrated confidence or functional evidence"
394,P_pair_1_to_4_only,720575940632425258,R1-6,left,0,28,1,1,0,22,21,5,Review single/few-contact 2025 pair sites and false-positive risk,Optional separately labeled low-count Princeton layer,"Review band is a workflow order, not calibrated confidence or functional evidence"
395,P_pair_1_to_4_only,720575940642532827,R1-6,left,0,28,1,1,0,21,20,5,Review single/few-contact 2025 pair sites and false-positive risk,Optional separately labeled low-count Princeton layer,"Review band is a workflow order, not calibrated confidence or functional evidence"
396,P_pair_1_to_4_only,720575940634947484,R1-6,left,0,27,1,1,0,31,30,5,Review single/few-contact 2025 pair sites and false-positive risk,Optional separately labeled low-count Princeton layer,"Review band is a workflow order, not calibrated confidence or functional evidence"
397,P_pair_1_to_4_only,720575940623668248,R1-6,left,0,26,1,1,0,17,16,5,Review single/few-contact 2025 pair sites and false-positive risk,Optional separately labeled low-count Princeton layer,"Review band is a workflow order, not calibrated confidence or functional evidence"
398,P_pair_1_to_4_only,720575940629438193,R1-6,left,0,25,1,1,0,23,22,5,Review single/few-contact 2025 pair sites and false-positive risk,Optional separately labeled low-count Princeton layer,"Review band is a workflow order, not calibrated confidence or functional evidence"
399,P_pair_1_to_4_only,720575940630581754,R1-6,left,0,24,1,1,0,14,13,5,Review single/few-contact 2025 pair sites and false-positive risk,Optional separately labeled low-count Princeton layer,"Review band is a workflow order, not calibrated confidence or functional evidence"
400,P_pair_1_to_4_only,720575940636176888,R1-6,left,0,24,1,1,0,11,10,5,Review single/few-contact 2025 pair sites and false-positive risk,Optional separately labeled low-count Princeton layer,"Review band is a workflow order, not calibrated confidence or functional evidence"
401,P_pair_1_to_4_only,720575940606292326,R1-6,left,0,23,1,1,0,10,9,5,Review single/few-contact 2025 pair sites and false-positive risk,Optional separately labeled low-count Princeton layer,"Review band is a workflow order, not calibrated confidence or functional evidence"
402,P_pair_1_to_4_only,720575940627212644,R1-6,left,0,23,1,1,0,11,10,5,Review single/few-contact 2025 pair sites and false-positive risk,Optional separately labeled low-count Princeton layer,"Review band is a workflow order, not calibrated confidence or functional evidence"
403,P_pair_1_to_4_only,720575940610759764,R1-6,left,0,21,1,1,0,9,8,5,Review single/few-contact 2025 pair sites and false-positive risk,Optional separately labeled low-count Princeton layer,"Review band is a workflow order, not calibrated confidence or functional evidence"
404,P_pair_1_to_4_only,720575940615234001,R1-6,left,0,21,1,1,0,9,8,5,Review single/few-contact 2025 pair sites and false-positive risk,Optional separately labeled low-count Princeton layer,"Review band is a workflow order, not calibrated confidence or functional evidence"
405,P_pair_1_to_4_only,720575940622413040,R1-6,left,0,20,1,1,0,15,14,5,Review single/few-contact 2025 pair sites and false-positive risk,Optional separately labeled low-count Princeton layer,"Review band is a workflow order, not calibrated confidence or functional evidence"
406,P_pair_1_to_4_only,720575940627660121,R1-6,left,0,19,1,1,0,18,17,5,Review single/few-contact 2025 pair sites and false-positive risk,Optional separately labeled low-count Princeton layer,"Review band is a workflow order, not calibrated confidence or functional evidence"
407,P_pair_1_to_4_only,720575940640525144,R1-6,left,0,19,1,1,0,21,20,5,Review single/few-contact 2025 pair sites and false-positive risk,Optional separately labeled low-count Princeton layer,"Review band is a workflow order, not calibrated confidence or functional evidence"
408,P_pair_1_to_4_only,720575940605634220,R1-6,left,0,18,1,1,0,16,15,5,Review single/few-contact 2025 pair sites and false-positive risk,Optional separately labeled low-count Princeton layer,"Review band is a workflow order, not calibrated confidence or functional evidence"
409,P_pair_1_to_4_only,720575940632436803,R1-6,left,0,17,1,1,0,12,11,5,Review single/few-contact 2025 pair sites and false-positive risk,Optional separately labeled low-count Princeton layer,"Review band is a workflow order, not calibrated confidence or functional evidence"
410,P_pair_1_to_4_only,720575940621514667,R1-6,left,0,16,1,1,0,16,15,5,Review single/few-contact 2025 pair sites and false-positive risk,Optional separately labeled low-count Princeton layer,"Review band is a workflow order, not calibrated confidence or functional evidence"
411,P_pair_1_to_4_only,720575940615322514,R1-6,left,0,15,1,1,0,19,18,5,Review single/few-contact 2025 pair sites and false-positive risk,Optional separately labeled low-count Princeton layer,"Review band is a workflow order, not calibrated confidence or functional evidence"
412,P_pair_1_to_4_only,720575940625579704,R1-6,left,0,15,1,1,0,16,15,5,Review single/few-contact 2025 pair sites and false-positive risk,Optional separately labeled low-count Princeton layer,"Review band is a workflow order, not calibrated confidence or functional evidence"
413,P_pair_1_to_4_only,720575940625583118,R1-6,left,0,15,1,1,0,15,14,5,Review single/few-contact 2025 pair sites and false-positive risk,Optional separately labeled low-count Princeton layer,"Review band is a workflow order, not calibrated confidence or functional evidence"
414,P_pair_1_to_4_only,720575940624001791,R1-6,left,0,14,1,1,0,7,6,5,Review single/few-contact 2025 pair sites and false-positive risk,Optional separately labeled low-count Princeton layer,"Review band is a workflow order, not calibrated confidence or functional evidence"
415,P_pair_1_to_4_only,720575940632314955,R1-6,left,0,14,1,1,0,15,14,5,Review single/few-contact 2025 pair sites and false-positive risk,Optional separately labeled low-count Princeton layer,"Review band is a workflow order, not calibrated confidence or functional evidence"
416,P_pair_1_to_4_only,720575940610973252,R1-6,left,0,13,1,1,0,14,13,5,Review single/few-contact 2025 pair sites and false-positive risk,Optional separately labeled low-count Princeton layer,"Review band is a workflow order, not calibrated confidence or functional evidence"
417,P_pair_1_to_4_only,720575940623892579,R1-6,left,0,13,1,1,0,11,10,5,Review single/few-contact 2025 pair sites and false-positive risk,Optional separately labeled low-count Princeton layer,"Review band is a workflow order, not calibrated confidence or functional evidence"
418,P_pair_1_to_4_only,720575940613466134,R1-6,left,0,12,1,1,0,17,16,5,Review single/few-contact 2025 pair sites and false-positive risk,Optional separately labeled low-count Princeton layer,"Review band is a workflow order, not calibrated confidence or functional evidence"
419,P_pair_1_to_4_only,720575940631095296,R1-6,left,0,11,1,1,0,12,11,5,Review single/few-contact 2025 pair sites and false-positive risk,Optional separately labeled low-count Princeton layer,"Review band is a workflow order, not calibrated confidence or functional evidence"
420,P_pair_1_to_4_only,720575940629870379,R1-6,left,0,10,1,1,0,6,5,5,Review single/few-contact 2025 pair sites and false-positive risk,Optional separately labeled low-count Princeton layer,"Review band is a workflow order, not calibrated confidence or functional evidence"
421,P_pair_1_to_4_only,720575940631590393,R1-6,left,0,10,1,1,0,13,12,5,Review single/few-contact 2025 pair sites and false-positive risk,Optional separately labeled low-count Princeton layer,"Review band is a workflow order, not calibrated confidence or functional evidence"
422,P_pair_1_to_4_only,720575940646253422,R1-6,left,0,10,1,1,0,11,10,5,Review single/few-contact 2025 pair sites and false-positive risk,Optional separately labeled low-count Princeton layer,"Review band is a workflow order, not calibrated confidence or functional evidence"
423,P_pair_1_to_4_only,720575940618140987,R1-6,left,0,7,1,1,0,9,8,5,Review single/few-contact 2025 pair sites and false-positive risk,Optional separately labeled low-count Princeton layer,"Review band is a workflow order, not calibrated confidence or functional evidence"
424,P_pair_1_to_4_only,720575940612137895,,left,0,1,1,1,0,1,0,0,Review single/few-contact 2025 pair sites and false-positive risk,Optional separately labeled low-count Princeton layer,"Review band is a workflow order, not calibrated confidence or functional evidence"
425,P_pair_1_to_4_only,720575940621294218,DNge061,left,0,1,1,1,0,4,3,0,Review single/few-contact 2025 pair sites and false-positive risk,Optional separately labeled low-count Princeton layer,"Review band is a workflow order, not calibrated confidence or functional evidence"
426,P_pair_1_to_4_only,720575940621687489,R1-6,left,0,1,1,1,0,14,13,5,Review single/few-contact 2025 pair sites and false-positive risk,Optional separately labeled low-count Princeton layer,"Review band is a workflow order, not calibrated confidence or functional evidence"
427,P_pair_1_to_4_only,720575940627098942,R1-6,left,0,1,1,1,0,3,2,5,Review single/few-contact 2025 pair sites and false-positive risk,Optional separately labeled low-count Princeton layer,"Review band is a workflow order, not calibrated confidence or functional evidence"
428,P_pair_1_to_4_only,720575940628893514,R1-6,left,0,1,1,1,0,1,0,5,Review single/few-contact 2025 pair sites and false-positive risk,Optional separately labeled low-count Princeton layer,"Review band is a workflow order, not calibrated confidence or functional evidence"
429,P_pair_1_to_4_only,720575940606022128,R1-6,left,0,0,1,1,0,1,0,5,Review single/few-contact 2025 pair sites and false-positive risk,Optional separately labeled low-count Princeton layer,"Review band is a workflow order, not calibrated confidence or functional evidence"
430,P_pair_1_to_4_only,720575940609518091,R1-6,left,0,0,1,1,0,1,0,5,Review single/few-contact 2025 pair sites and false-positive risk,Optional separately labeled low-count Princeton layer,"Review band is a workflow order, not calibrated confidence or functional evidence"
431,P_pair_1_to_4_only,720575940610188669,R1-6,left,0,0,1,1,0,1,0,5,Review single/few-contact 2025 pair sites and false-positive risk,Optional separately labeled low-count Princeton layer,"Review band is a workflow order, not calibrated confidence or functional evidence"
432,P_pair_1_to_4_only,720575940612910578,R1-6,left,0,0,1,1,0,1,0,5,Review single/few-contact 2025 pair sites and false-positive risk,Optional separately labeled low-count Princeton layer,"Review band is a workflow order, not calibrated confidence or functional evidence"
433,P_pair_1_to_4_only,720575940614218989,R8,left,0,0,1,1,0,1,0,5,Review single/few-contact 2025 pair sites and false-positive risk,Optional separately labeled low-count Princeton layer,"Review band is a workflow order, not calibrated confidence or functional evidence"
434,P_pair_1_to_4_only,720575940614641000,R1-6,left,0,0,1,1,0,1,0,5,Review single/few-contact 2025 pair sites and false-positive risk,Optional separately labeled low-count Princeton layer,"Review band is a workflow order, not calibrated confidence or functional evidence"
435,P_pair_1_to_4_only,720575940614928849,R1-6,right,0,0,1,1,0,1,0,5,Review single/few-contact 2025 pair sites and false-positive risk,Optional separately labeled low-count Princeton layer,"Review band is a workflow order, not calibrated confidence or functional evidence"
436,P_pair_1_to_4_only,720575940616206658,R1-6,left,0,0,1,1,0,1,0,5,Review single/few-contact 2025 pair sites and false-positive risk,Optional separately labeled low-count Princeton layer,"Review band is a workflow order, not calibrated confidence or functional evidence"
437,P_pair_1_to_4_only,720575940618062365,,right,0,0,1,1,0,2,1,0,Review single/few-contact 2025 pair sites and false-positive risk,Optional separately labeled low-count Princeton layer,"Review band is a workflow order, not calibrated confidence or functional evidence"
438,P_pair_1_to_4_only,720575940618548244,DNge061,right,0,0,1,1,0,2,1,0,Review single/few-contact 2025 pair sites and false-positive risk,Optional separately labeled low-count Princeton layer,"Review band is a workflow order, not calibrated confidence or functional evidence"
439,P_pair_1_to_4_only,720575940620562773,R1-6,left,0,0,1,1,0,2,1,5,Review single/few-contact 2025 pair sites and false-positive risk,Optional separately labeled low-count Princeton layer,"Review band is a workflow order, not calibrated confidence or functional evidence"
440,P_pair_1_to_4_only,720575940620886181,R1-6,left,0,0,1,1,0,1,0,5,Review single/few-contact 2025 pair sites and false-positive risk,Optional separately labeled low-count Princeton layer,"Review band is a workflow order, not calibrated confidence or functional evidence"
441,P_pair_1_to_4_only,720575940620886693,R1-6,left,0,0,1,1,0,2,1,5,Review single/few-contact 2025 pair sites and false-positive risk,Optional separately labeled low-count Princeton layer,"Review band is a workflow order, not calibrated confidence or functional evidence"
442,P_pair_1_to_4_only,720575940621323247,R1-6,left,0,0,1,1,0,1,0,5,Review single/few-contact 2025 pair sites and false-positive risk,Optional separately labeled low-count Princeton layer,"Review band is a workflow order, not calibrated confidence or functional evidence"
443,P_pair_1_to_4_only,720575940622662170,R1-6,left,0,0,1,1,0,2,1,5,Review single/few-contact 2025 pair sites and false-positive risk,Optional separately labeled low-count Princeton layer,"Review band is a workflow order, not calibrated confidence or functional evidence"
444,P_pair_1_to_4_only,720575940623343139,R1-6,left,0,0,1,1,0,1,0,5,Review single/few-contact 2025 pair sites and false-positive risk,Optional separately labeled low-count Princeton layer,"Review band is a workflow order, not calibrated confidence or functional evidence"
445,P_pair_1_to_4_only,720575940623518051,R1-6,left,0,0,1,1,0,1,0,5,Review single/few-contact 2025 pair sites and false-positive risk,Optional separately labeled low-count Princeton layer,"Review band is a workflow order, not calibrated confidence or functional evidence"
446,P_pair_1_to_4_only,720575940623518819,R1-6,left,0,0,1,1,0,2,1,5,Review single/few-contact 2025 pair sites and false-positive risk,Optional separately labeled low-count Princeton layer,"Review band is a workflow order, not calibrated confidence or functional evidence"
447,P_pair_1_to_4_only,720575940623522147,R1-6,left,0,0,1,1,0,2,1,5,Review single/few-contact 2025 pair sites and false-positive risk,Optional separately labeled low-count Princeton layer,"Review band is a workflow order, not calibrated confidence or functional evidence"
448,P_pair_1_to_4_only,720575940623694104,R1-6,left,0,0,1,1,0,1,0,5,Review single/few-contact 2025 pair sites and false-positive risk,Optional separately labeled low-count Princeton layer,"Review band is a workflow order, not calibrated confidence or functional evidence"
449,P_pair_1_to_4_only,720575940623823240,R1-6,left,0,0,1,1,0,1,0,5,Review single/few-contact 2025 pair sites and false-positive risk,Optional separately labeled low-count Princeton layer,"Review band is a workflow order, not calibrated confidence or functional evidence"
450,P_pair_1_to_4_only,720575940623825544,R1-6,left,0,0,1,1,0,1,0,5,Review single/few-contact 2025 pair sites and false-positive risk,Optional separately labeled low-count Princeton layer,"Review band is a workflow order, not calibrated confidence or functional evidence"
451,P_pair_1_to_4_only,720575940623866248,R1-6,left,0,0,1,1,0,3,2,5,Review single/few-contact 2025 pair sites and false-positive risk,Optional separately labeled low-count Princeton layer,"Review band is a workflow order, not calibrated confidence or functional evidence"
452,P_pair_1_to_4_only,720575940624735229,R1-6,left,0,0,1,1,0,2,1,5,Review single/few-contact 2025 pair sites and false-positive risk,Optional separately labeled low-count Princeton layer,"Review band is a workflow order, not calibrated confidence or functional evidence"
453,P_pair_1_to_4_only,720575940625132948,R1-6,left,0,0,1,1,0,3,2,5,Review single/few-contact 2025 pair sites and false-positive risk,Optional separately labeled low-count Princeton layer,"Review band is a workflow order, not calibrated confidence or functional evidence"
454,P_pair_1_to_4_only,720575940625621518,R1-6,left,0,0,1,1,0,1,0,5,Review single/few-contact 2025 pair sites and false-positive risk,Optional separately labeled low-count Princeton layer,"Review band is a workflow order, not calibrated confidence or functional evidence"
455,P_pair_1_to_4_only,720575940625823101,R1-6,left,0,0,1,1,0,2,1,5,Review single/few-contact 2025 pair sites and false-positive risk,Optional separately labeled low-count Princeton layer,"Review band is a workflow order, not calibrated confidence or functional evidence"
456,P_pair_1_to_4_only,720575940625956429,R1-6,left,0,0,1,1,0,1,0,5,Review single/few-contact 2025 pair sites and false-positive risk,Optional separately labeled low-count Princeton layer,"Review band is a workflow order, not calibrated confidence or functional evidence"
457,P_pair_1_to_4_only,720575940627660440,R1-6,left,0,0,1,1,0,1,0,5,Review single/few-contact 2025 pair sites and false-positive risk,Optional separately labeled low-count Princeton layer,"Review band is a workflow order, not calibrated confidence or functional evidence"
458,P_pair_1_to_4_only,720575940627941202,R1-6,left,0,0,1,1,0,2,1,5,Review single/few-contact 2025 pair sites and false-positive risk,Optional separately labeled low-count Princeton layer,"Review band is a workflow order, not calibrated confidence or functional evidence"
459,P_pair_1_to_4_only,720575940628387656,R1-6,left,0,0,1,1,0,2,1,5,Review single/few-contact 2025 pair sites and false-positive risk,Optional separately labeled low-count Princeton layer,"Review band is a workflow order, not calibrated confidence or functional evidence"
460,P_pair_1_to_4_only,720575940629569040,,left,0,0,1,1,0,1,0,0,Review single/few-contact 2025 pair sites and false-positive risk,Optional separately labeled low-count Princeton layer,"Review band is a workflow order, not calibrated confidence or functional evidence"
461,P_pair_1_to_4_only,720575940630408898,R1-6,left,0,0,1,1,0,1,0,5,Review single/few-contact 2025 pair sites and false-positive risk,Optional separately labeled low-count Princeton layer,"Review band is a workflow order, not calibrated confidence or functional evidence"
462,P_pair_1_to_4_only,720575940630746924,R1-6,left,0,0,1,1,0,1,0,5,Review single/few-contact 2025 pair sites and false-positive risk,Optional separately labeled low-count Princeton layer,"Review band is a workflow order, not calibrated confidence or functional evidence"
463,P_pair_1_to_4_only,720575940630787388,R1-6,left,0,0,1,1,0,2,1,5,Review single/few-contact 2025 pair sites and false-positive risk,Optional separately labeled low-count Princeton layer,"Review band is a workflow order, not calibrated confidence or functional evidence"
464,P_pair_1_to_4_only,720575940630947292,R1-6,left,0,0,1,1,0,1,0,5,Review single/few-contact 2025 pair sites and false-positive risk,Optional separately labeled low-count Princeton layer,"Review band is a workflow order, not calibrated confidence or functional evidence"
465,P_pair_1_to_4_only,720575940631958287,R1-6,left,0,0,1,1,0,1,0,5,Review single/few-contact 2025 pair sites and false-positive risk,Optional separately labeled low-count Princeton layer,"Review band is a workflow order, not calibrated confidence or functional evidence"
466,P_pair_1_to_4_only,720575940631959826,R1-6,left,0,0,1,1,0,1,0,5,Review single/few-contact 2025 pair sites and false-positive risk,Optional separately labeled low-count Princeton layer,"Review band is a workflow order, not calibrated confidence or functional evidence"
467,P_pair_1_to_4_only,720575940632358504,R1-6,left,0,0,1,1,0,2,1,5,Review single/few-contact 2025 pair sites and false-positive risk,Optional separately labeled low-count Princeton layer,"Review band is a workflow order, not calibrated confidence or functional evidence"
468,P_pair_1_to_4_only,720575940634246626,R1-6,left,0,0,1,1,0,2,1,5,Review single/few-contact 2025 pair sites and false-positive risk,Optional separately labeled low-count Princeton layer,"Review band is a workflow order, not calibrated confidence or functional evidence"
469,P_pair_1_to_4_only,720575940636208052,R1-6,left,0,0,1,1,0,1,0,5,Review single/few-contact 2025 pair sites and false-positive risk,Optional separately labeled low-count Princeton layer,"Review band is a workflow order, not calibrated confidence or functional evidence"
470,P_pair_1_to_4_only,720575940636893303,R1-6,left,0,0,1,1,0,2,1,5,Review single/few-contact 2025 pair sites and false-positive risk,Optional separately labeled low-count Princeton layer,"Review band is a workflow order, not calibrated confidence or functional evidence"
471,P_pair_1_to_4_only,720575940638577215,R1-6,left,0,0,1,1,0,1,0,5,Review single/few-contact 2025 pair sites and false-positive risk,Optional separately labeled low-count Princeton layer,"Review band is a workflow order, not calibrated confidence or functional evidence"
472,P_pair_1_to_4_only,720575940638684649,R1-6,left,0,0,1,1,0,1,0,5,Review single/few-contact 2025 pair sites and false-positive risk,Optional separately labeled low-count Princeton layer,"Review band is a workflow order, not calibrated confidence or functional evidence"
473,P_pair_1_to_4_only,720575940638712127,R1-6,left,0,0,1,1,0,1,0,5,Review single/few-contact 2025 pair sites and false-positive risk,Optional separately labeled low-count Princeton layer,"Review band is a workflow order, not calibrated confidence or functional evidence"
474,P_pair_1_to_4_only,720575940639657661,R1-6,left,0,0,1,1,0,2,1,5,Review single/few-contact 2025 pair sites and false-positive risk,Optional separately labeled low-count Princeton layer,"Review band is a workflow order, not calibrated confidence or functional evidence"
475,P_pair_1_to_4_only,720575940640297075,R1-6,left,0,0,1,1,0,1,0,5,Review single/few-contact 2025 pair sites and false-positive risk,Optional separately labeled low-count Princeton layer,"Review band is a workflow order, not calibrated confidence or functional evidence"
476,P_pair_1_to_4_only,720575940640480856,R1-6,left,0,0,1,1,0,1,0,5,Review single/few-contact 2025 pair sites and false-positive risk,Optional separately labeled low-count Princeton layer,"Review band is a workflow order, not calibrated confidence or functional evidence"
477,P_pair_1_to_4_only,720575940647021091,R1-6,left,0,0,1,1,0,1,0,5,Review single/few-contact 2025 pair sites and false-positive risk,Optional separately labeled low-count Princeton layer,"Review band is a workflow order, not calibrated confidence or functional evidence"
478,P_pair_1_to_4_only,720575940647404932,JO-F,right,0,0,1,1,0,1,0,5,Review single/few-contact 2025 pair sites and false-positive risk,Optional separately labeled low-count Princeton layer,"Review band is a workflow order, not calibrated confidence or functional evidence"
479,B_old_segment_only,720575940631292892,R1-6,left,0,54,0,0,0,8,8,5,Resolve unproofread partner segment morphology/proofreading,Segment graph only; no exact neuron-neuron edge,"Review band is a workflow order, not calibrated confidence or functional evidence"
480,B_old_segment_only,720575940632346666,R1-6,left,0,51,0,0,0,24,24,5,Resolve unproofread partner segment morphology/proofreading,Segment graph only; no exact neuron-neuron edge,"Review band is a workflow order, not calibrated confidence or functional evidence"
481,B_old_segment_only,720575940625237923,R1-6,left,0,50,0,0,0,7,7,5,Resolve unproofread partner segment morphology/proofreading,Segment graph only; no exact neuron-neuron edge,"Review band is a workflow order, not calibrated confidence or functional evidence"
482,B_old_segment_only,720575940609782283,R1-6,left,0,49,0,0,0,11,11,5,Resolve unproofread partner segment morphology/proofreading,Segment graph only; no exact neuron-neuron edge,"Review band is a workflow order, not calibrated confidence or functional evidence"
483,B_old_segment_only,720575940627938200,R1-6,left,0,47,0,0,0,11,11,5,Resolve unproofread partner segment morphology/proofreading,Segment graph only; no exact neuron-neuron edge,"Review band is a workflow order, not calibrated confidence or functional evidence"
484,B_old_segment_only,720575940618600020,R1-6,left,0,44,0,0,0,9,9,5,Resolve unproofread partner segment morphology/proofreading,Segment graph only; no exact neuron-neuron edge,"Review band is a workflow order, not calibrated confidence or functional evidence"
485,B_old_segment_only,720575940623027550,R1-6,left,0,43,0,0,0,11,11,5,Resolve unproofread partner segment morphology/proofreading,Segment graph only; no exact neuron-neuron edge,"Review band is a workflow order, not calibrated confidence or functional evidence"
486,B_old_segment_only,720575940628877308,R1-6,left,0,43,0,0,0,21,21,5,Resolve unproofread partner segment morphology/proofreading,Segment graph only; no exact neuron-neuron edge,"Review band is a workflow order, not calibrated confidence or functional evidence"
487,B_old_segment_only,720575940633592996,R1-6,left,0,43,0,0,0,9,9,5,Resolve unproofread partner segment morphology/proofreading,Segment graph only; no exact neuron-neuron edge,"Review band is a workflow order, not calibrated confidence or functional evidence"
488,B_old_segment_only,720575940620797131,R1-6,left,0,41,0,0,0,11,11,5,Resolve unproofread partner segment morphology/proofreading,Segment graph only; no exact neuron-neuron edge,"Review band is a workflow order, not calibrated confidence or functional evidence"
489,B_old_segment_only,720575940618530594,R1-6,left,0,38,0,0,0,24,24,5,Resolve unproofread partner segment morphology/proofreading,Segment graph only; no exact neuron-neuron edge,"Review band is a workflow order, not calibrated confidence or functional evidence"
490,B_old_segment_only,720575940629634921,R1-6,left,0,38,0,0,0,8,8,5,Resolve unproofread partner segment morphology/proofreading,Segment graph only; no exact neuron-neuron edge,"Review band is a workflow order, not calibrated confidence or functional evidence"
491,B_old_segment_only,720575940630660034,R1-6,left,0,38,0,0,0,33,33,5,Resolve unproofread partner segment morphology/proofreading,Segment graph only; no exact neuron-neuron edge,"Review band is a workflow order, not calibrated confidence or functional evidence"
492,B_old_segment_only,720575940621144198,R1-6,left,0,37,0,0,0,8,8,5,Resolve unproofread partner segment morphology/proofreading,Segment graph only; no exact neuron-neuron edge,"Review band is a workflow order, not calibrated confidence or functional evidence"
493,B_old_segment_only,720575940625733095,R1-6,left,0,36,0,0,0,16,16,5,Resolve unproofread partner segment morphology/proofreading,Segment graph only; no exact neuron-neuron edge,"Review band is a workflow order, not calibrated confidence or functional evidence"
494,B_old_segment_only,720575940630714562,R1-6,left,0,35,0,0,0,10,10,5,Resolve unproofread partner segment morphology/proofreading,Segment graph only; no exact neuron-neuron edge,"Review band is a workflow order, not calibrated confidence or functional evidence"
495,B_old_segment_only,720575940627715102,R1-6,left,0,34,0,0,0,13,13,5,Resolve unproofread partner segment morphology/proofreading,Segment graph only; no exact neuron-neuron edge,"Review band is a workflow order, not calibrated confidence or functional evidence"
496,B_old_segment_only,720575940613468389,R1-6,left,0,32,0,0,0,12,12,5,Resolve unproofread partner segment morphology/proofreading,Segment graph only; no exact neuron-neuron edge,"Review band is a workflow order, not calibrated confidence or functional evidence"
497,B_old_segment_only,720575940613476581,R1-6,left,0,32,0,0,0,15,15,5,Resolve unproofread partner segment morphology/proofreading,Segment graph only; no exact neuron-neuron edge,"Review band is a workflow order, not calibrated confidence or functional evidence"
498,B_old_segment_only,720575940630060135,R1-6,left,0,30,0,0,0,17,17,5,Resolve unproofread partner segment morphology/proofreading,Segment graph only; no exact neuron-neuron edge,"Review band is a workflow order, not calibrated confidence or functional evidence"
499,B_old_segment_only,720575940610761300,R1-6,left,0,29,0,0,0,5,5,5,Resolve unproofread partner segment morphology/proofreading,Segment graph only; no exact neuron-neuron edge,"Review band is a workflow order, not calibrated confidence or functional evidence"
500,B_old_segment_only,720575940621605286,R1-6,left,0,29,0,0,0,9,9,5,Resolve unproofread partner segment morphology/proofreading,Segment graph only; no exact neuron-neuron edge,"Review band is a workflow order, not calibrated confidence or functional evidence"
501,B_old_segment_only,720575940630712442,R1-6,left,0,28,0,0,0,11,11,5,Resolve unproofread partner segment morphology/proofreading,Segment graph only; no exact neuron-neuron edge,"Review band is a workflow order, not calibrated confidence or functional evidence"
502,B_old_segment_only,720575940636169464,R1-6,left,0,27,0,0,0,15,15,5,Resolve unproofread partner segment morphology/proofreading,Segment graph only; no exact neuron-neuron edge,"Review band is a workflow order, not calibrated confidence or functional evidence"
503,B_old_segment_only,720575940627853693,R1-6,left,0,26,0,0,0,11,11,5,Resolve unproofread partner segment morphology/proofreading,Segment graph only; no exact neuron-neuron edge,"Review band is a workflow order, not calibrated confidence or functional evidence"
504,B_old_segment_only,720575940632884792,Lawf1,left,0,26,0,0,0,1,1,5,Resolve unproofread partner segment morphology/proofreading,Segment graph only; no exact neuron-neuron edge,"Review band is a workflow order, not calibrated confidence or functional evidence"
505,B_old_segment_only,720575940647077411,R1-6,left,0,26,0,0,0,12,12,5,Resolve unproofread partner segment morphology/proofreading,Segment graph only; no exact neuron-neuron edge,"Review band is a workflow order, not calibrated confidence or functional evidence"
506,B_old_segment_only,720575940631143020,R1-6,left,0,25,0,0,0,9,9,5,Resolve unproofread partner segment morphology/proofreading,Segment graph only; no exact neuron-neuron edge,"Review band is a workflow order, not calibrated confidence or functional evidence"
507,B_old_segment_only,720575940609220873,R1-6,left,0,24,0,0,0,13,13,5,Resolve unproofread partner segment morphology/proofreading,Segment graph only; no exact neuron-neuron edge,"Review band is a workflow order, not calibrated confidence or functional evidence"
508,B_old_segment_only,720575940606679742,R1-6,left,0,22,0,0,0,15,15,5,Resolve unproofread partner segment morphology/proofreading,Segment graph only; no exact neuron-neuron edge,"Review band is a workflow order, not calibrated confidence or functional evidence"
509,B_old_segment_only,720575940633517260,R1-6,left,0,22,0,0,0,8,8,5,Resolve unproofread partner segment morphology/proofreading,Segment graph only; no exact neuron-neuron edge,"Review band is a workflow order, not calibrated confidence or functional evidence"
510,B_old_segment_only,720575940607808130,R1-6,left,0,21,0,0,0,4,4,5,Resolve unproofread partner segment morphology/proofreading,Segment graph only; no exact neuron-neuron edge,"Review band is a workflow order, not calibrated confidence or functional evidence"
511,B_old_segment_only,720575940609782027,R1-6,left,0,21,0,0,0,13,13,5,Resolve unproofread partner segment morphology/proofreading,Segment graph only; no exact neuron-neuron edge,"Review band is a workflow order, not calibrated confidence or functional evidence"
512,B_old_segment_only,720575940630581564,R1-6,left,0,21,0,0,0,14,14,5,Resolve unproofread partner segment morphology/proofreading,Segment graph only; no exact neuron-neuron edge,"Review band is a workflow order, not calibrated confidence or functional evidence"
513,B_old_segment_only,720575940613465366,R1-6,left,0,18,0,0,0,14,14,5,Resolve unproofread partner segment morphology/proofreading,Segment graph only; no exact neuron-neuron edge,"Review band is a workflow order, not calibrated confidence or functional evidence"
514,B_old_segment_only,720575940638004080,R1-6,left,0,17,0,0,0,8,8,5,Resolve unproofread partner segment morphology/proofreading,Segment graph only; no exact neuron-neuron edge,"Review band is a workflow order, not calibrated confidence or functional evidence"
515,B_old_segment_only,720575940638759999,R1-6,left,0,17,0,0,0,10,10,5,Resolve unproofread partner segment morphology/proofreading,Segment graph only; no exact neuron-neuron edge,"Review band is a workflow order, not calibrated confidence or functional evidence"
516,B_old_segment_only,720575940622208688,R1-6,left,0,16,0,0,0,11,11,5,Resolve unproofread partner segment morphology/proofreading,Segment graph only; no exact neuron-neuron edge,"Review band is a workflow order, not calibrated confidence or functional evidence"
517,B_old_segment_only,720575940628307077,R1-6,left,0,16,0,0,0,32,32,5,Resolve unproofread partner segment morphology/proofreading,Segment graph only; no exact neuron-neuron edge,"Review band is a workflow order, not calibrated confidence or functional evidence"
518,B_old_segment_only,720575940641249232,R1-6,left,0,16,0,0,0,14,14,5,Resolve unproofread partner segment morphology/proofreading,Segment graph only; no exact neuron-neuron edge,"Review band is a workflow order, not calibrated confidence or functional evidence"
519,B_old_segment_only,720575940606930865,R1-6,left,0,15,0,0,0,20,20,5,Resolve unproofread partner segment morphology/proofreading,Segment graph only; no exact neuron-neuron edge,"Review band is a workflow order, not calibrated confidence or functional evidence"
520,B_old_segment_only,720575940613823090,R1-6,left,0,15,0,0,0,7,7,5,Resolve unproofread partner segment morphology/proofreading,Segment graph only; no exact neuron-neuron edge,"Review band is a workflow order, not calibrated confidence or functional evidence"
521,B_old_segment_only,720575940628492264,R1-6,left,0,14,0,0,0,6,6,5,Resolve unproofread partner segment morphology/proofreading,Segment graph only; no exact neuron-neuron edge,"Review band is a workflow order, not calibrated confidence or functional evidence"
522,B_old_segment_only,720575940633457709,R1-6,left,0,14,0,0,0,19,19,5,Resolve unproofread partner segment morphology/proofreading,Segment graph only; no exact neuron-neuron edge,"Review band is a workflow order, not calibrated confidence or functional evidence"
523,B_old_segment_only,720575940606928561,R1-6,left,0,13,0,0,0,12,12,5,Resolve unproofread partner segment morphology/proofreading,Segment graph only; no exact neuron-neuron edge,"Review band is a workflow order, not calibrated confidence or functional evidence"
524,B_old_segment_only,720575940618423441,R1-6,left,0,13,0,0,0,8,8,5,Resolve unproofread partner segment morphology/proofreading,Segment graph only; no exact neuron-neuron edge,"Review band is a workflow order, not calibrated confidence or functional evidence"
525,B_old_segment_only,720575940625037509,R1-6,left,0,9,0,0,0,12,12,5,Resolve unproofread partner segment morphology/proofreading,Segment graph only; no exact neuron-neuron edge,"Review band is a workflow order, not calibrated confidence or functional evidence"
526,B_old_segment_only,720575940622064048,R1-6,left,0,6,0,0,0,10,10,5,Resolve unproofread partner segment morphology/proofreading,Segment graph only; no exact neuron-neuron edge,"Review band is a workflow order, not calibrated confidence or functional evidence"
527,B_old_segment_only,720575940638523994,R1-6,left,0,5,0,0,0,7,7,5,Resolve unproofread partner segment morphology/proofreading,Segment graph only; no exact neuron-neuron edge,"Review band is a workflow order, not calibrated confidence or functional evidence"
528,B_old_segment_only,720575940618712091,R1-6,left,0,4,0,0,0,0,0,5,Resolve unproofread partner segment morphology/proofreading,Segment graph only; no exact neuron-neuron edge,"Review band is a workflow order, not calibrated confidence or functional evidence"
529,B_old_segment_only,720575940623342716,R1-6,left,0,4,0,0,0,12,12,5,Resolve unproofread partner segment morphology/proofreading,Segment graph only; no exact neuron-neuron edge,"Review band is a workflow order, not calibrated confidence or functional evidence"
530,B_old_segment_only,720575940623984520,R1-6,left,0,4,0,0,0,0,0,5,Resolve unproofread partner segment morphology/proofreading,Segment graph only; no exact neuron-neuron edge,"Review band is a workflow order, not calibrated confidence or functional evidence"
531,B_old_segment_only,720575940619643702,R1-6,left,0,3,0,0,0,0,0,5,Resolve unproofread partner segment morphology/proofreading,Segment graph only; no exact neuron-neuron edge,"Review band is a workflow order, not calibrated confidence or functional evidence"
532,P_autapse_points_only,720575940608619356,L5,left,0,0,0,0,0,5,5,5,Inspect autapse calls; no distinct-partner edge,Exception only,"Review band is a workflow order, not calibrated confidence or functional evidence"
533,P_autapse_points_only,720575940608903260,R1-6,left,0,0,0,0,0,1,1,5,Inspect autapse calls; no distinct-partner edge,Exception only,"Review band is a workflow order, not calibrated confidence or functional evidence"
534,P_autapse_points_only,720575940618071481,R1-6,left,0,0,0,0,0,1,1,5,Inspect autapse calls; no distinct-partner edge,Exception only,"Review band is a workflow order, not calibrated confidence or functional evidence"
535,P_autapse_points_only,720575940618464925,R1-6,left,0,0,0,0,0,1,1,5,Inspect autapse calls; no distinct-partner edge,Exception only,"Review band is a workflow order, not calibrated confidence or functional evidence"
536,P_autapse_points_only,720575940618725147,R1-6,left,0,0,0,0,0,1,1,5,Inspect autapse calls; no distinct-partner edge,Exception only,"Review band is a workflow order, not calibrated confidence or functional evidence"
537,P_autapse_points_only,720575940618728475,R1-6,left,0,0,0,0,0,1,1,5,Inspect autapse calls; no distinct-partner edge,Exception only,"Review band is a workflow order, not calibrated confidence or functional evidence"
538,P_autapse_points_only,720575940620488784,R1-6,left,0,0,0,0,0,1,1,5,Inspect autapse calls; no distinct-partner edge,Exception only,"Review band is a workflow order, not calibrated confidence or functional evidence"
539,P_autapse_points_only,720575940620885157,R1-6,left,0,0,0,0,0,1,1,5,Inspect autapse calls; no distinct-partner edge,Exception only,"Review band is a workflow order, not calibrated confidence or functional evidence"
540,P_autapse_points_only,720575940621855920,R1-6,left,0,0,0,0,0,1,1,5,Inspect autapse calls; no distinct-partner edge,Exception only,"Review band is a workflow order, not calibrated confidence or functional evidence"
541,P_autapse_points_only,720575940622339967,R1-6,left,0,0,0,0,0,2,2,5,Inspect autapse calls; no distinct-partner edge,Exception only,"Review band is a workflow order, not calibrated confidence or functional evidence"
542,P_autapse_points_only,720575940622406896,R1-6,left,0,0,0,0,0,1,1,5,Inspect autapse calls; no distinct-partner edge,Exception only,"Review band is a workflow order, not calibrated confidence or functional evidence"
543,P_autapse_points_only,720575940622549342,R1-6,left,0,0,0,0,0,1,1,5,Inspect autapse calls; no distinct-partner edge,Exception only,"Review band is a workflow order, not calibrated confidence or functional evidence"
544,P_autapse_points_only,720575940622611917,,right,0,0,0,0,0,2,2,0,Inspect autapse calls; no distinct-partner edge,Exception only,"Review band is a workflow order, not calibrated confidence or functional evidence"
545,P_autapse_points_only,720575940626322992,R1-6,left,0,0,0,0,0,1,1,5,Inspect autapse calls; no distinct-partner edge,Exception only,"Review band is a workflow order, not calibrated confidence or functional evidence"
546,P_autapse_points_only,720575940628564712,R1-6,left,0,0,0,0,0,1,1,5,Inspect autapse calls; no distinct-partner edge,Exception only,"Review band is a workflow order, not calibrated confidence or functional evidence"
547,P_autapse_points_only,720575940630161152,JO-B,right,0,0,0,0,0,1,1,5,Inspect autapse calls; no distinct-partner edge,Exception only,"Review band is a workflow order, not calibrated confidence or functional evidence"
548,P_autapse_points_only,720575940630982495,R1-6,left,0,0,0,0,0,1,1,5,Inspect autapse calls; no distinct-partner edge,Exception only,"Review band is a workflow order, not calibrated confidence or functional evidence"
549,P_autapse_points_only,720575940635516058,R1-6,right,0,0,0,0,0,1,1,5,Inspect autapse calls; no distinct-partner edge,Exception only,"Review band is a workflow order, not calibrated confidence or functional evidence"
550,P_autapse_points_only,720575940636156596,R1-6,left,0,0,0,0,0,1,1,5,Inspect autapse calls; no distinct-partner edge,Exception only,"Review band is a workflow order, not calibrated confidence or functional evidence"
551,P_autapse_points_only,720575940640372277,CB1015,right,0,0,0,0,0,5,5,0,Inspect autapse calls; no distinct-partner edge,Exception only,"Review band is a workflow order, not calibrated confidence or functional evidence"
552,P_autapse_points_only,720575940646803747,R1-6,left,0,0,0,0,0,2,2,5,Inspect autapse calls; no distinct-partner edge,Exception only,"Review band is a workflow order, not calibrated confidence or functional evidence"
553,P_autapse_points_only,720575940650447993,R1-6,left,0,0,0,0,0,1,1,5,Inspect autapse calls; no distinct-partner edge,Exception only,"Review band is a workflow order, not calibrated confidence or functional evidence"
554,C_or_no_direct_points,720575940606007280,R1-6,left,0,0,0,0,0,0,0,5,Seek new detection/proofreading evidence; type hypotheses are search aids,No exact edge,"Review band is a workflow order, not calibrated confidence or functional evidence"
555,C_or_no_direct_points,720575940606180896,R1-6,left,0,0,0,0,0,0,0,5,Seek new detection/proofreading evidence; type hypotheses are search aids,No exact edge,"Review band is a workflow order, not calibrated confidence or functional evidence"
556,C_or_no_direct_points,720575940606872816,R1-6,left,0,0,0,0,0,0,0,5,Seek new detection/proofreading evidence; type hypotheses are search aids,No exact edge,"Review band is a workflow order, not calibrated confidence or functional evidence"
557,C_or_no_direct_points,720575940608078345,R1-6,right,0,0,0,0,0,0,0,5,Seek new detection/proofreading evidence; type hypotheses are search aids,No exact edge,"Review band is a workflow order, not calibrated confidence or functional evidence"
558,C_or_no_direct_points,720575940608989276,R1-6,left,0,0,0,0,0,0,0,5,Seek new detection/proofreading evidence; type hypotheses are search aids,No exact edge,"Review band is a workflow order, not calibrated confidence or functional evidence"
559,C_or_no_direct_points,720575940609970371,R1-6,left,0,0,0,0,0,0,0,5,Seek new detection/proofreading evidence; type hypotheses are search aids,No exact edge,"Review band is a workflow order, not calibrated confidence or functional evidence"
560,C_or_no_direct_points,720575940609972675,R1-6,left,0,0,0,0,0,0,0,5,Seek new detection/proofreading evidence; type hypotheses are search aids,No exact edge,"Review band is a workflow order, not calibrated confidence or functional evidence"
561,C_or_no_direct_points,720575940610004675,R1-6,left,0,0,0,0,0,0,0,5,Seek new detection/proofreading evidence; type hypotheses are search aids,No exact edge,"Review band is a workflow order, not calibrated confidence or functional evidence"
562,C_or_no_direct_points,720575940613270642,R1-6,left,0,0,0,0,0,0,0,5,Seek new detection/proofreading evidence; type hypotheses are search aids,No exact edge,"Review band is a workflow order, not calibrated confidence or functional evidence"
563,C_or_no_direct_points,720575940614199789,R1-6,left,0,0,0,0,0,0,0,5,Seek new detection/proofreading evidence; type hypotheses are search aids,No exact edge,"Review band is a workflow order, not calibrated confidence or functional evidence"
564,C_or_no_direct_points,720575940614309736,R1-6,left,0,0,0,0,0,0,0,5,Seek new detection/proofreading evidence; type hypotheses are search aids,No exact edge,"Review band is a workflow order, not calibrated confidence or functional evidence"
565,C_or_no_direct_points,720575940614634927,R1-6,left,0,0,0,0,0,0,0,5,Seek new detection/proofreading evidence; type hypotheses are search aids,No exact edge,"Review band is a workflow order, not calibrated confidence or functional evidence"
566,C_or_no_direct_points,720575940614951377,R1-6,left,0,0,0,0,0,0,0,5,Seek new detection/proofreading evidence; type hypotheses are search aids,No exact edge,"Review band is a workflow order, not calibrated confidence or functional evidence"
567,C_or_no_direct_points,720575940615196839,R1-6,left,0,0,0,0,0,0,0,5,Seek new detection/proofreading evidence; type hypotheses are search aids,No exact edge,"Review band is a workflow order, not calibrated confidence or functional evidence"
568,C_or_no_direct_points,720575940615642786,R1-6,left,0,0,0,0,0,0,0,5,Seek new detection/proofreading evidence; type hypotheses are search aids,No exact edge,"Review band is a workflow order, not calibrated confidence or functional evidence"
569,C_or_no_direct_points,720575940615905247,R1-6,left,0,0,0,0,0,0,0,5,Seek new detection/proofreading evidence; type hypotheses are search aids,No exact edge,"Review band is a workflow order, not calibrated confidence or functional evidence"
570,C_or_no_direct_points,720575940616172866,R1-6,left,0,0,0,0,0,0,0,5,Seek new detection/proofreading evidence; type hypotheses are search aids,No exact edge,"Review band is a workflow order, not calibrated confidence or functional evidence"
571,C_or_no_direct_points,720575940616173122,R1-6,left,0,0,0,0,0,0,0,5,Seek new detection/proofreading evidence; type hypotheses are search aids,No exact edge,"Review band is a workflow order, not calibrated confidence or functional evidence"
572,C_or_no_direct_points,720575940616207170,R1-6,left,0,0,0,0,0,0,0,5,Seek new detection/proofreading evidence; type hypotheses are search aids,No exact edge,"Review band is a workflow order, not calibrated confidence or functional evidence"
573,C_or_no_direct_points,720575940616413382,R7,left,0,0,0,0,0,0,0,5,Seek new detection/proofreading evidence; type hypotheses are search aids,No exact edge,"Review band is a workflow order, not calibrated confidence or functional evidence"
574,C_or_no_direct_points,720575940617211253,R1-6,left,0,0,0,0,0,0,0,5,Seek new detection/proofreading evidence; type hypotheses are search aids,No exact edge,"Review band is a workflow order, not calibrated confidence or functional evidence"
575,C_or_no_direct_points,720575940618065501,R1-6,left,0,0,0,0,0,0,0,5,Seek new detection/proofreading evidence; type hypotheses are search aids,No exact edge,"Review band is a workflow order, not calibrated confidence or functional evidence"
576,C_or_no_direct_points,720575940618204390,R1-6,left,0,0,0,0,0,0,0,5,Seek new detection/proofreading evidence; type hypotheses are search aids,No exact edge,"Review band is a workflow order, not calibrated confidence or functional evidence"
577,C_or_no_direct_points,720575940620238296,R1-6,left,0,0,0,0,0,0,0,5,Seek new detection/proofreading evidence; type hypotheses are search aids,No exact edge,"Review band is a workflow order, not calibrated confidence or functional evidence"
578,C_or_no_direct_points,720575940620476363,R1-6,left,0,0,0,0,0,0,0,5,Seek new detection/proofreading evidence; type hypotheses are search aids,No exact edge,"Review band is a workflow order, not calibrated confidence or functional evidence"
579,C_or_no_direct_points,720575940620562517,R1-6,left,0,0,0,0,0,0,0,5,Seek new detection/proofreading evidence; type hypotheses are search aids,No exact edge,"Review band is a workflow order, not calibrated confidence or functional evidence"
580,C_or_no_direct_points,720575940620568405,R1-6,left,0,0,0,0,0,0,0,5,Seek new detection/proofreading evidence; type hypotheses are search aids,No exact edge,"Review band is a workflow order, not calibrated confidence or functional evidence"
581,C_or_no_direct_points,720575940620881829,R1-6,left,0,0,0,0,0,0,0,5,Seek new detection/proofreading evidence; type hypotheses are search aids,No exact edge,"Review band is a workflow order, not calibrated confidence or functional evidence"
582,C_or_no_direct_points,720575940620909332,R1-6,left,0,0,0,0,0,0,0,5,Seek new detection/proofreading evidence; type hypotheses are search aids,No exact edge,"Review band is a workflow order, not calibrated confidence or functional evidence"
583,C_or_no_direct_points,720575940621817409,R1-6,left,0,0,0,0,0,0,0,5,Seek new detection/proofreading evidence; type hypotheses are search aids,No exact edge,"Review band is a workflow order, not calibrated confidence or functional evidence"
584,C_or_no_direct_points,720575940621914209,L1-3,left,0,0,0,0,0,0,0,2,Seek new detection/proofreading evidence; type hypotheses are search aids,No exact edge,"Review band is a workflow order, not calibrated confidence or functional evidence"
585,C_or_no_direct_points,720575940622433524,R1-6,left,0,0,0,0,0,0,0,5,Seek new detection/proofreading evidence; type hypotheses are search aids,No exact edge,"Review band is a workflow order, not calibrated confidence or functional evidence"
586,C_or_no_direct_points,720575940622638430,R1-6,left,0,0,0,0,0,0,0,5,Seek new detection/proofreading evidence; type hypotheses are search aids,No exact edge,"Review band is a workflow order, not calibrated confidence or functional evidence"
587,C_or_no_direct_points,720575940622640990,R1-6,left,0,0,0,0,0,0,0,5,Seek new detection/proofreading evidence; type hypotheses are search aids,No exact edge,"Review band is a workflow order, not calibrated confidence or functional evidence"
588,C_or_no_direct_points,720575940623337507,R1-6,left,0,0,0,0,0,0,0,5,Seek new detection/proofreading evidence; type hypotheses are search aids,No exact edge,"Review band is a workflow order, not calibrated confidence or functional evidence"
589,C_or_no_direct_points,720575940623710232,R1-6,left,0,0,0,0,0,0,0,5,Seek new detection/proofreading evidence; type hypotheses are search aids,No exact edge,"Review band is a workflow order, not calibrated confidence or functional evidence"
590,C_or_no_direct_points,720575940624106131,R1-6,left,0,0,0,0,0,0,0,5,Seek new detection/proofreading evidence; type hypotheses are search aids,No exact edge,"Review band is a workflow order, not calibrated confidence or functional evidence"
591,C_or_no_direct_points,720575940625039557,R1-6,left,0,0,0,0,0,0,0,5,Seek new detection/proofreading evidence; type hypotheses are search aids,No exact edge,"Review band is a workflow order, not calibrated confidence or functional evidence"
592,C_or_no_direct_points,720575940625052101,R1-6,left,0,0,0,0,0,0,0,5,Seek new detection/proofreading evidence; type hypotheses are search aids,No exact edge,"Review band is a workflow order, not calibrated confidence or functional evidence"
593,C_or_no_direct_points,720575940625052869,R1-6,left,0,0,0,0,0,0,0,5,Seek new detection/proofreading evidence; type hypotheses are search aids,No exact edge,"Review band is a workflow order, not calibrated confidence or functional evidence"
594,C_or_no_direct_points,720575940625882701,R1-6,left,0,0,0,0,0,0,0,5,Seek new detection/proofreading evidence; type hypotheses are search aids,No exact edge,"Review band is a workflow order, not calibrated confidence or functional evidence"
595,C_or_no_direct_points,720575940625912250,JO-F,right,0,0,0,0,0,0,0,5,Seek new detection/proofreading evidence; type hypotheses are search aids,No exact edge,"Review band is a workflow order, not calibrated confidence or functional evidence"
596,C_or_no_direct_points,720575940625998895,,left,0,0,0,0,0,0,0,0,Seek new detection/proofreading evidence; type hypotheses are search aids,No exact edge,"Review band is a workflow order, not calibrated confidence or functional evidence"
597,C_or_no_direct_points,720575940626286432,JO-B,right,0,0,0,0,0,0,0,5,Seek new detection/proofreading evidence; type hypotheses are search aids,No exact edge,"Review band is a workflow order, not calibrated confidence or functional evidence"
598,C_or_no_direct_points,720575940627087106,R1-6,left,0,0,0,0,0,0,0,5,Seek new detection/proofreading evidence; type hypotheses are search aids,No exact edge,"Review band is a workflow order, not calibrated confidence or functional evidence"
599,C_or_no_direct_points,720575940627941714,R1-6,left,0,0,0,0,0,0,0,5,Seek new detection/proofreading evidence; type hypotheses are search aids,No exact edge,"Review band is a workflow order, not calibrated confidence or functional evidence"
600,C_or_no_direct_points,720575940628210831,R1-6,left,0,0,0,0,0,0,0,5,Seek new detection/proofreading evidence; type hypotheses are search aids,No exact edge,"Review band is a workflow order, not calibrated confidence or functional evidence"
601,C_or_no_direct_points,720575940629182825,R1-6,left,0,0,0,0,0,0,0,5,Seek new detection/proofreading evidence; type hypotheses are search aids,No exact edge,"Review band is a workflow order, not calibrated confidence or functional evidence"
602,C_or_no_direct_points,720575940630408570,R1-6,left,0,0,0,0,0,0,0,5,Seek new detection/proofreading evidence; type hypotheses are search aids,No exact edge,"Review band is a workflow order, not calibrated confidence or functional evidence"
603,C_or_no_direct_points,720575940630767360,R1-6,left,0,0,0,0,0,0,0,5,Seek new detection/proofreading evidence; type hypotheses are search aids,No exact edge,"Review band is a workflow order, not calibrated confidence or functional evidence"
604,C_or_no_direct_points,720575940630944215,R1-6,left,0,0,0,0,0,0,0,5,Seek new detection/proofreading evidence; type hypotheses are search aids,No exact edge,"Review band is a workflow order, not calibrated confidence or functional evidence"
605,C_or_no_direct_points,720575940631059932,R1-6,left,0,0,0,0,0,0,0,5,Seek new detection/proofreading evidence; type hypotheses are search aids,No exact edge,"Review band is a workflow order, not calibrated confidence or functional evidence"
606,C_or_no_direct_points,720575940631769845,JO-F,right,0,0,0,0,0,0,0,5,Seek new detection/proofreading evidence; type hypotheses are search aids,No exact edge,"Review band is a workflow order, not calibrated confidence or functional evidence"
607,C_or_no_direct_points,720575940631926287,R1-6,left,0,0,0,0,0,0,0,5,Seek new detection/proofreading evidence; type hypotheses are search aids,No exact edge,"Review band is a workflow order, not calibrated confidence or functional evidence"
608,C_or_no_direct_points,720575940632357992,R1-6,left,0,0,0,0,0,0,0,5,Seek new detection/proofreading evidence; type hypotheses are search aids,No exact edge,"Review band is a workflow order, not calibrated confidence or functional evidence"
609,C_or_no_direct_points,720575940633241764,R1-6,left,0,0,0,0,0,0,0,5,Seek new detection/proofreading evidence; type hypotheses are search aids,No exact edge,"Review band is a workflow order, not calibrated confidence or functional evidence"
610,C_or_no_direct_points,720575940634643993,R1-6,left,0,0,0,0,0,0,0,5,Seek new detection/proofreading evidence; type hypotheses are search aids,No exact edge,"Review band is a workflow order, not calibrated confidence or functional evidence"
611,C_or_no_direct_points,720575940636191480,R1-6,left,0,0,0,0,0,0,0,5,Seek new detection/proofreading evidence; type hypotheses are search aids,No exact edge,"Review band is a workflow order, not calibrated confidence or functional evidence"
612,C_or_no_direct_points,720575940640780160,R1-6,left,0,0,0,0,0,0,0,5,Seek new detection/proofreading evidence; type hypotheses are search aids,No exact edge,"Review band is a workflow order, not calibrated confidence or functional evidence"
613,C_or_no_direct_points,720575940641271504,R1-6,left,0,0,0,0,0,0,0,5,Seek new detection/proofreading evidence; type hypotheses are search aids,No exact edge,"Review band is a workflow order, not calibrated confidence or functional evidence"
614,C_or_no_direct_points,720575940641277904,R1-6,left,0,0,0,0,0,0,0,5,Seek new detection/proofreading evidence; type hypotheses are search aids,No exact edge,"Review band is a workflow order, not calibrated confidence or functional evidence"
615,C_or_no_direct_points,720575940642891405,R1-6,left,0,0,0,0,0,0,0,5,Seek new detection/proofreading evidence; type hypotheses are search aids,No exact edge,"Review band is a workflow order, not calibrated confidence or functional evidence"
616,C_or_no_direct_points,720575940653106422,R1-6,left,0,0,0,0,0,0,0,5,Seek new detection/proofreading evidence; type hypotheses are search aids,No exact edge,"Review band is a workflow order, not calibrated confidence or functional evidence"
