pre_root_id,post_root_id,neuropil,Princeton_point_calls,Princeton_unfiltered_connection_count,difference_points_minus_connections,interpretation
720575940603461478,720575940609778289,GNG,2,2,0,Same Princeton detector only; equality is an empirical dataset-integrity check
720575940603511584,720575940619381108,GNG,2,2,0,Same Princeton detector only; equality is an empirical dataset-integrity check
720575940603511584,720575940629070155,GNG,1,1,0,Same Princeton detector only; equality is an empirical dataset-integrity check
720575940603765280,720575940629808911,IPS_R,1,1,0,Same Princeton detector only; equality is an empirical dataset-integrity check
720575940604650464,720575940623940963,,1,0,1,Same Princeton detector only; equality is an empirical dataset-integrity check
720575940604650464,720575940623940963,ME_R,1,0,1,Same Princeton detector only; equality is an empirical dataset-integrity check
720575940604810668,720575940622811903,,1,0,1,Same Princeton detector only; equality is an empirical dataset-integrity check
720575940604810668,720575940622811903,UNASGD,0,1,-1,Same Princeton detector only; equality is an empirical dataset-integrity check
720575940604839200,720575940616042508,AMMC_L,1,1,0,Same Princeton detector only; equality is an empirical dataset-integrity check
720575940604963552,720575940628955722,LA_L,2,2,0,Same Princeton detector only; equality is an empirical dataset-integrity check
720575940605116640,720575940645991278,LA_R,1,1,0,Same Princeton detector only; equality is an empirical dataset-integrity check
720575940605213100,720575940616042508,AMMC_L,3,3,0,Same Princeton detector only; equality is an empirical dataset-integrity check
720575940605634220,720575940605634220,LA_L,15,0,15,Same Princeton detector only; equality is an empirical dataset-integrity check
720575940605634220,720575940638711359,LA_L,1,1,0,Same Princeton detector only; equality is an empirical dataset-integrity check
720575940605838560,720575940619877022,LA_R,1,1,0,Same Princeton detector only; equality is an empirical dataset-integrity check
720575940605838560,720575940627138306,LA_R,1,1,0,Same Princeton detector only; equality is an empirical dataset-integrity check
720575940605989804,720575940628955722,LA_L,1,1,0,Same Princeton detector only; equality is an empirical dataset-integrity check
720575940606015776,720575940628648936,LA_R,1,1,0,Same Princeton detector only; equality is an empirical dataset-integrity check
720575940606022128,720575940630657792,LA_L,1,1,0,Same Princeton detector only; equality is an empirical dataset-integrity check
720575940606097068,720575940623940963,ME_R,2,0,2,Same Princeton detector only; equality is an empirical dataset-integrity check
720575940606200352,720575940626928740,LA_R,1,1,0,Same Princeton detector only; equality is an empirical dataset-integrity check
720575940606224318,720575940633816986,GNG,1,1,0,Same Princeton detector only; equality is an empirical dataset-integrity check
720575940606245822,720575940606245822,LA_L,12,0,12,Same Princeton detector only; equality is an empirical dataset-integrity check
720575940606245822,720575940616041066,LA_L,1,1,0,Same Princeton detector only; equality is an empirical dataset-integrity check
720575940606245822,720575940620457852,LA_L,2,2,0,Same Princeton detector only; equality is an empirical dataset-integrity check
720575940606245822,720575940629949519,LA_L,41,41,0,Same Princeton detector only; equality is an empirical dataset-integrity check
720575940606245822,720575940630778167,LA_L,1,1,0,Same Princeton detector only; equality is an empirical dataset-integrity check
720575940606245822,720575940631638543,LA_L,31,31,0,Same Princeton detector only; equality is an empirical dataset-integrity check
720575940606245822,720575940633366701,LA_L,3,3,0,Same Princeton detector only; equality is an empirical dataset-integrity check
720575940606245822,720575940640959696,LA_L,1,1,0,Same Princeton detector only; equality is an empirical dataset-integrity check
720575940606245822,720575940660914049,LA_L,1,1,0,Same Princeton detector only; equality is an empirical dataset-integrity check
720575940606292326,720575940606292326,LA_L,9,0,9,Same Princeton detector only; equality is an empirical dataset-integrity check
720575940606292582,720575940606292582,LA_L,5,0,5,Same Princeton detector only; equality is an empirical dataset-integrity check
720575940606292582,720575940609748437,LA_L,1,1,0,Same Princeton detector only; equality is an empirical dataset-integrity check
720575940606292582,720575940620545616,LA_L,1,1,0,Same Princeton detector only; equality is an empirical dataset-integrity check
720575940606295486,720575940624139305,LA_R,3,3,0,Same Princeton detector only; equality is an empirical dataset-integrity check
720575940606367422,720575940613196261,LA_R,1,1,0,Same Princeton detector only; equality is an empirical dataset-integrity check
720575940606375772,720575940606375772,GNG,1,0,1,Same Princeton detector only; equality is an empirical dataset-integrity check
720575940606375772,720575940615063711,GNG,1,1,0,Same Princeton detector only; equality is an empirical dataset-integrity check
720575940606375772,720575940630382075,GNG,1,1,0,Same Princeton detector only; equality is an empirical dataset-integrity check
720575940606375772,720575940630846125,GNG,1,1,0,Same Princeton detector only; equality is an empirical dataset-integrity check
720575940606375772,720575940632898105,GNG,7,7,0,Same Princeton detector only; equality is an empirical dataset-integrity check
720575940606453950,720575940627267842,LA_L,1,1,0,Same Princeton detector only; equality is an empirical dataset-integrity check
720575940606477246,720575940640017597,LA_R,1,1,0,Same Princeton detector only; equality is an empirical dataset-integrity check
720575940606503870,720575940606503870,LA_R,27,0,27,Same Princeton detector only; equality is an empirical dataset-integrity check
720575940606503870,720575940618115289,LA_R,1,1,0,Same Princeton detector only; equality is an empirical dataset-integrity check
720575940606503870,720575940621838830,LA_R,8,8,0,Same Princeton detector only; equality is an empirical dataset-integrity check
720575940606503870,720575940624155528,LA_R,2,2,0,Same Princeton detector only; equality is an empirical dataset-integrity check
720575940606503870,720575940629706343,LA_R,45,45,0,Same Princeton detector only; equality is an empirical dataset-integrity check
720575940606503870,720575940633224237,LA_R,2,2,0,Same Princeton detector only; equality is an empirical dataset-integrity check
720575940606503870,720575940633296804,LA_R,32,32,0,Same Princeton detector only; equality is an empirical dataset-integrity check
720575940606530406,720575940636401400,LA_R,2,2,0,Same Princeton detector only; equality is an empirical dataset-integrity check
720575940606568126,720575940620629553,LA_R,2,2,0,Same Princeton detector only; equality is an empirical dataset-integrity check
720575940606568126,720575940628102013,LA_R,1,1,0,Same Princeton detector only; equality is an empirical dataset-integrity check
720575940606578790,720575940604635616,LA_L,31,31,0,Same Princeton detector only; equality is an empirical dataset-integrity check
720575940606578790,720575940606578790,LA_L,22,0,22,Same Princeton detector only; equality is an empirical dataset-integrity check
720575940606578790,720575940621083557,LA_L,1,1,0,Same Princeton detector only; equality is an empirical dataset-integrity check
720575940606578790,720575940625955274,LA_L,10,10,0,Same Princeton detector only; equality is an empirical dataset-integrity check
720575940606578790,720575940636536439,LA_L,37,37,0,Same Princeton detector only; equality is an empirical dataset-integrity check
720575940606630590,720575940606630590,LA_L,15,0,15,Same Princeton detector only; equality is an empirical dataset-integrity check
720575940606630590,720575940606631102,LA_L,1,1,0,Same Princeton detector only; equality is an empirical dataset-integrity check
720575940606631102,720575940606631102,LA_L,26,0,26,Same Princeton detector only; equality is an empirical dataset-integrity check
720575940606679742,720575940606679742,LA_L,15,0,15,Same Princeton detector only; equality is an empirical dataset-integrity check
720575940606725553,720575940614849967,LA_L,1,1,0,Same Princeton detector only; equality is an empirical dataset-integrity check
720575940606760038,720575940645837335,LA_L,2,2,0,Same Princeton detector only; equality is an empirical dataset-integrity check
720575940606811657,720575940612943066,LA_R,1,1,0,Same Princeton detector only; equality is an empirical dataset-integrity check
720575940606851249,720575940609622281,LA_L,1,1,0,Same Princeton detector only; equality is an empirical dataset-integrity check
720575940606851249,720575940609622281,ME_L,2,2,0,Same Princeton detector only; equality is an empirical dataset-integrity check
720575940606928561,720575940606928561,LA_L,12,0,12,Same Princeton detector only; equality is an empirical dataset-integrity check
720575940606930865,720575940606930865,LA_L,20,0,20,Same Princeton detector only; equality is an empirical dataset-integrity check
720575940607124707,720575940631647173,LA_R,2,2,0,Same Princeton detector only; equality is an empirical dataset-integrity check
720575940607332873,720575940627638558,LA_R,1,1,0,Same Princeton detector only; equality is an empirical dataset-integrity check
720575940607554434,720575940607773314,LA_R,1,1,0,Same Princeton detector only; equality is an empirical dataset-integrity check
720575940607554434,720575940627671433,LA_R,1,1,0,Same Princeton detector only; equality is an empirical dataset-integrity check
720575940607554434,720575940630485626,LA_R,1,1,0,Same Princeton detector only; equality is an empirical dataset-integrity check
720575940607554434,720575940631301883,LA_R,2,2,0,Same Princeton detector only; equality is an empirical dataset-integrity check
720575940607773314,720575940607773314,LA_R,18,0,18,Same Princeton detector only; equality is an empirical dataset-integrity check
720575940607773314,720575940608573707,LA_R,16,16,0,Same Princeton detector only; equality is an empirical dataset-integrity check
720575940607773314,720575940617338683,LA_R,43,43,0,Same Princeton detector only; equality is an empirical dataset-integrity check
720575940607773314,720575940618492417,LA_R,1,1,0,Same Princeton detector only; equality is an empirical dataset-integrity check
720575940607773314,720575940620941038,LA_R,59,59,0,Same Princeton detector only; equality is an empirical dataset-integrity check
720575940607773314,720575940621759215,LA_R,19,19,0,Same Princeton detector only; equality is an empirical dataset-integrity check
720575940607773314,720575940627223897,LA_R,2,2,0,Same Princeton detector only; equality is an empirical dataset-integrity check
720575940607773314,720575940629380938,LA_R,2,2,0,Same Princeton detector only; equality is an empirical dataset-integrity check
720575940607773314,720575940632453674,LA_R,1,1,0,Same Princeton detector only; equality is an empirical dataset-integrity check
720575940607773314,720575940635470443,LA_R,1,1,0,Same Princeton detector only; equality is an empirical dataset-integrity check
720575940607773314,720575940636346036,LA_R,3,3,0,Same Princeton detector only; equality is an empirical dataset-integrity check
720575940607773314,720575940644654280,LA_R,3,3,0,Same Princeton detector only; equality is an empirical dataset-integrity check
720575940607808130,720575940607808130,LA_L,4,0,4,Same Princeton detector only; equality is an empirical dataset-integrity check
720575940607824050,720575940621500070,LA_R,2,2,0,Same Princeton detector only; equality is an empirical dataset-integrity check
720575940607824050,720575940621944941,LA_R,1,1,0,Same Princeton detector only; equality is an empirical dataset-integrity check
720575940607860169,720575940607860169,LA_R,14,0,14,Same Princeton detector only; equality is an empirical dataset-integrity check
720575940607860169,720575940611607854,LA_R,3,3,0,Same Princeton detector only; equality is an empirical dataset-integrity check
720575940607860169,720575940613545586,LA_R,6,6,0,Same Princeton detector only; equality is an empirical dataset-integrity check
720575940607860169,720575940620316632,LA_R,26,26,0,Same Princeton detector only; equality is an empirical dataset-integrity check
720575940607860169,720575940625971642,LA_R,6,6,0,Same Princeton detector only; equality is an empirical dataset-integrity check
720575940607860169,720575940628849148,LA_R,1,1,0,Same Princeton detector only; equality is an empirical dataset-integrity check
720575940607860169,720575940630496503,LA_R,1,1,0,Same Princeton detector only; equality is an empirical dataset-integrity check
720575940607860169,720575940639886755,LA_R,42,42,0,Same Princeton detector only; equality is an empirical dataset-integrity check
720575940608031154,720575940647229219,LA_R,2,2,0,Same Princeton detector only; equality is an empirical dataset-integrity check
720575940608224178,720575940604963552,LA_L,35,35,0,Same Princeton detector only; equality is an empirical dataset-integrity check
720575940608224178,720575940608224178,LA_L,7,0,7,Same Princeton detector only; equality is an empirical dataset-integrity check
720575940608224178,720575940619567483,LA_L,4,4,0,Same Princeton detector only; equality is an empirical dataset-integrity check
720575940608224178,720575940621253590,LA_L,28,28,0,Same Princeton detector only; equality is an empirical dataset-integrity check
720575940608224178,720575940621661422,LA_L,2,2,0,Same Princeton detector only; equality is an empirical dataset-integrity check
720575940608224178,720575940630475134,LA_L,1,1,0,Same Princeton detector only; equality is an empirical dataset-integrity check
720575940608619356,720575940608619356,,5,0,5,Same Princeton detector only; equality is an empirical dataset-integrity check
720575940608746588,720575940611532664,LA_R,1,1,0,Same Princeton detector only; equality is an empirical dataset-integrity check
720575940608746588,720575940612947635,LA_R,1,1,0,Same Princeton detector only; equality is an empirical dataset-integrity check
720575940608903260,720575940608903260,LA_L,1,0,1,Same Princeton detector only; equality is an empirical dataset-integrity check
720575940608985867,720575940620647760,LA_R,2,2,0,Same Princeton detector only; equality is an empirical dataset-integrity check
720575940608985867,720575940631048812,LA_R,2,2,0,Same Princeton detector only; equality is an empirical dataset-integrity check
720575940608985867,720575940635013020,LA_R,1,1,0,Same Princeton detector only; equality is an empirical dataset-integrity check
720575940608998236,720575940612735194,LA_R,4,4,0,Same Princeton detector only; equality is an empirical dataset-integrity check
720575940609016668,720575940609016668,LA_R,13,0,13,Same Princeton detector only; equality is an empirical dataset-integrity check
720575940609016668,720575940613868771,LA_R,1,1,0,Same Princeton detector only; equality is an empirical dataset-integrity check
720575940609016668,720575940616675259,LA_R,2,2,0,Same Princeton detector only; equality is an empirical dataset-integrity check
720575940609016668,720575940617613017,LA_R,1,1,0,Same Princeton detector only; equality is an empirical dataset-integrity check
720575940609016668,720575940619538486,LA_R,3,3,0,Same Princeton detector only; equality is an empirical dataset-integrity check
720575940609016668,720575940623160865,LA_R,27,27,0,Same Princeton detector only; equality is an empirical dataset-integrity check
720575940609016668,720575940623793290,LA_R,1,1,0,Same Princeton detector only; equality is an empirical dataset-integrity check
720575940609016668,720575940626761008,LA_R,2,2,0,Same Princeton detector only; equality is an empirical dataset-integrity check
720575940609016668,720575940628635409,LA_R,60,60,0,Same Princeton detector only; equality is an empirical dataset-integrity check
720575940609016668,720575940628695751,LA_R,50,50,0,Same Princeton detector only; equality is an empirical dataset-integrity check
720575940609016668,720575940641678544,LA_R,20,20,0,Same Princeton detector only; equality is an empirical dataset-integrity check
720575940609016668,720575940645053732,LA_R,1,1,0,Same Princeton detector only; equality is an empirical dataset-integrity check
720575940609016668,720575940660133249,LA_R,17,17,0,Same Princeton detector only; equality is an empirical dataset-integrity check
720575940609023068,720575940619065664,LA_R,5,5,0,Same Princeton detector only; equality is an empirical dataset-integrity check
720575940609034761,720575940628522152,LA_R,1,1,0,Same Princeton detector only; equality is an empirical dataset-integrity check
720575940609212508,720575940623111593,LA_L,5,5,0,Same Princeton detector only; equality is an empirical dataset-integrity check
720575940609212508,720575940628255034,LA_L,1,1,0,Same Princeton detector only; equality is an empirical dataset-integrity check
720575940609220873,720575940609220873,LA_L,13,0,13,Same Princeton detector only; equality is an empirical dataset-integrity check
720575940609221900,720575940609221900,LA_L,17,0,17,Same Princeton detector only; equality is an empirical dataset-integrity check
720575940609221900,720575940615179094,LA_L,44,44,0,Same Princeton detector only; equality is an empirical dataset-integrity check
720575940609221900,720575940619026715,LA_L,37,37,0,Same Princeton detector only; equality is an empirical dataset-integrity check
720575940609221900,720575940623663715,LA_L,1,1,0,Same Princeton detector only; equality is an empirical dataset-integrity check
720575940609221900,720575940625422228,LA_L,2,2,0,Same Princeton detector only; equality is an empirical dataset-integrity check
720575940609221900,720575940626529052,LA_L,19,19,0,Same Princeton detector only; equality is an empirical dataset-integrity check
720575940609221900,720575940628182282,LA_L,1,1,0,Same Princeton detector only; equality is an empirical dataset-integrity check
720575940609221900,720575940631496310,LA_L,6,6,0,Same Princeton detector only; equality is an empirical dataset-integrity check
720575940609239051,720575940625113015,LA_R,1,1,0,Same Princeton detector only; equality is an empirical dataset-integrity check
720575940609268316,720575940629924091,IPS_L,2,2,0,Same Princeton detector only; equality is an empirical dataset-integrity check
720575940609268316,720575940629924091,SPS_L,2,2,0,Same Princeton detector only; equality is an empirical dataset-integrity check
720575940609268316,720575940631592017,IPS_L,4,4,0,Same Princeton detector only; equality is an empirical dataset-integrity check
720575940609307854,720575940605450342,GNG,1,1,0,Same Princeton detector only; equality is an empirical dataset-integrity check
720575940609307854,720575940609307854,GNG,17,0,17,Same Princeton detector only; equality is an empirical dataset-integrity check
720575940609307854,720575940611875503,GNG,1,1,0,Same Princeton detector only; equality is an empirical dataset-integrity check
720575940609307854,720575940614046395,GNG,1,1,0,Same Princeton detector only; equality is an empirical dataset-integrity check
720575940609307854,720575940617997396,GNG,1,1,0,Same Princeton detector only; equality is an empirical dataset-integrity check
720575940609307854,720575940621235276,GNG,2,2,0,Same Princeton detector only; equality is an empirical dataset-integrity check
720575940609307854,720575940630788882,GNG,2,2,0,Same Princeton detector only; equality is an empirical dataset-integrity check
720575940609307854,720575940631051065,GNG,2,2,0,Same Princeton detector only; equality is an empirical dataset-integrity check
720575940609307854,720575940632898105,GNG,7,7,0,Same Princeton detector only; equality is an empirical dataset-integrity check
720575940609307854,720575940642369736,GNG,1,1,0,Same Princeton detector only; equality is an empirical dataset-integrity check
720575940609413641,720575940622814302,LA_R,6,6,0,Same Princeton detector only; equality is an empirical dataset-integrity check
720575940609485579,720575940609485579,LA_R,14,0,14,Same Princeton detector only; equality is an empirical dataset-integrity check
720575940609485579,720575940618086356,LA_R,1,1,0,Same Princeton detector only; equality is an empirical dataset-integrity check
720575940609485579,720575940619763847,LA_R,7,7,0,Same Princeton detector only; equality is an empirical dataset-integrity check
720575940609485579,720575940620629697,LA_R,18,18,0,Same Princeton detector only; equality is an empirical dataset-integrity check
720575940609485579,720575940621343252,LA_R,27,27,0,Same Princeton detector only; equality is an empirical dataset-integrity check
720575940609485579,720575940627786136,LA_R,2,2,0,Same Princeton detector only; equality is an empirical dataset-integrity check
720575940609485579,720575940628361491,LA_R,1,1,0,Same Princeton detector only; equality is an empirical dataset-integrity check
720575940609485579,720575940632750879,LA_R,2,2,0,Same Princeton detector only; equality is an empirical dataset-integrity check
720575940609485579,720575940634217114,LA_R,33,33,0,Same Princeton detector only; equality is an empirical dataset-integrity check
720575940609622281,720575940606851249,,1,0,1,Same Princeton detector only; equality is an empirical dataset-integrity check
720575940609622281,720575940606851249,LA_L,1,1,0,Same Princeton detector only; equality is an empirical dataset-integrity check
720575940609622281,720575940606851249,ME_L,10,10,0,Same Princeton detector only; equality is an empirical dataset-integrity check
720575940609622281,720575940606851249,UNASGD,0,1,-1,Same Princeton detector only; equality is an empirical dataset-integrity check
720575940609622281,720575940609622281,LA_L,1,0,1,Same Princeton detector only; equality is an empirical dataset-integrity check
720575940609622281,720575940609622281,ME_L,5,0,5,Same Princeton detector only; equality is an empirical dataset-integrity check
720575940609622281,720575940613409763,ME_L,2,2,0,Same Princeton detector only; equality is an empirical dataset-integrity check
720575940609622281,720575940614254130,ME_L,1,1,0,Same Princeton detector only; equality is an empirical dataset-integrity check
720575940609622281,720575940615729567,ME_L,1,1,0,Same Princeton detector only; equality is an empirical dataset-integrity check
720575940609622281,720575940619983665,ME_L,2,2,0,Same Princeton detector only; equality is an empirical dataset-integrity check
720575940609622281,720575940621793780,ME_L,1,1,0,Same Princeton detector only; equality is an empirical dataset-integrity check
720575940609622281,720575940622793054,ME_L,1,1,0,Same Princeton detector only; equality is an empirical dataset-integrity check
720575940609622281,720575940622893336,ME_L,1,1,0,Same Princeton detector only; equality is an empirical dataset-integrity check
720575940609622281,720575940623081449,ME_L,1,1,0,Same Princeton detector only; equality is an empirical dataset-integrity check
720575940609622281,720575940624112787,ME_L,1,1,0,Same Princeton detector only; equality is an empirical dataset-integrity check
720575940609622281,720575940624750823,ME_L,14,14,0,Same Princeton detector only; equality is an empirical dataset-integrity check
720575940609622281,720575940624974572,ME_L,2,2,0,Same Princeton detector only; equality is an empirical dataset-integrity check
720575940609622281,720575940625786004,ME_L,1,1,0,Same Princeton detector only; equality is an empirical dataset-integrity check
720575940609622281,720575940627188324,ME_L,1,1,0,Same Princeton detector only; equality is an empirical dataset-integrity check
720575940609622281,720575940627393082,ME_L,10,10,0,Same Princeton detector only; equality is an empirical dataset-integrity check
720575940609622281,720575940627651736,ME_L,2,2,0,Same Princeton detector only; equality is an empirical dataset-integrity check
720575940609622281,720575940627665048,ME_L,1,1,0,Same Princeton detector only; equality is an empirical dataset-integrity check
720575940609622281,720575940628346122,ME_L,2,2,0,Same Princeton detector only; equality is an empirical dataset-integrity check
720575940609622281,720575940630207703,,1,0,1,Same Princeton detector only; equality is an empirical dataset-integrity check
720575940609622281,720575940630207703,ME_L,5,5,0,Same Princeton detector only; equality is an empirical dataset-integrity check
720575940609622281,720575940630207703,UNASGD,0,1,-1,Same Princeton detector only; equality is an empirical dataset-integrity check
720575940609622281,720575940630267803,ME_L,3,3,0,Same Princeton detector only; equality is an empirical dataset-integrity check
720575940609622281,720575940635673592,ME_L,1,1,0,Same Princeton detector only; equality is an empirical dataset-integrity check
720575940609703179,720575940608182485,ME_R,1,1,0,Same Princeton detector only; equality is an empirical dataset-integrity check
720575940609703179,720575940623914851,LA_R,1,1,0,Same Princeton detector only; equality is an empirical dataset-integrity check
720575940609703179,720575940628037016,LA_R,1,1,0,Same Princeton detector only; equality is an empirical dataset-integrity check
720575940609703179,720575940628039250,LA_R,2,2,0,Same Princeton detector only; equality is an empirical dataset-integrity check
720575940609703179,720575940635195804,LA_R,3,3,0,Same Princeton detector only; equality is an empirical dataset-integrity check
720575940609748437,720575940609748437,LA_L,13,0,13,Same Princeton detector only; equality is an empirical dataset-integrity check
720575940609778289,720575940603461478,GNG,1,1,0,Same Princeton detector only; equality is an empirical dataset-integrity check
720575940609778289,720575940609778289,GNG,6,0,6,Same Princeton detector only; equality is an empirical dataset-integrity check
720575940609778289,720575940611025874,GNG,3,3,0,Same Princeton detector only; equality is an empirical dataset-integrity check
720575940609778289,720575940611792168,GNG,1,1,0,Same Princeton detector only; equality is an empirical dataset-integrity check
720575940609778289,720575940615700820,GNG,1,1,0,Same Princeton detector only; equality is an empirical dataset-integrity check
720575940609778289,720575940616570966,GNG,8,8,0,Same Princeton detector only; equality is an empirical dataset-integrity check
720575940609778289,720575940617497437,GNG,1,1,0,Same Princeton detector only; equality is an empirical dataset-integrity check
720575940609778289,720575940621900981,GNG,3,3,0,Same Princeton detector only; equality is an empirical dataset-integrity check
720575940609778289,720575940622385703,GNG,1,1,0,Same Princeton detector only; equality is an empirical dataset-integrity check
720575940609778289,720575940624095172,GNG,1,1,0,Same Princeton detector only; equality is an empirical dataset-integrity check
720575940609778289,720575940624327572,GNG,1,1,0,Same Princeton detector only; equality is an empirical dataset-integrity check
720575940609778289,720575940624574717,GNG,2,2,0,Same Princeton detector only; equality is an empirical dataset-integrity check
720575940609778289,720575940624863896,GNG,1,1,0,Same Princeton detector only; equality is an empirical dataset-integrity check
720575940609778289,720575940627236629,GNG,7,7,0,Same Princeton detector only; equality is an empirical dataset-integrity check
720575940609778289,720575940627801877,GNG,2,2,0,Same Princeton detector only; equality is an empirical dataset-integrity check
720575940609778289,720575940629062162,GNG,3,3,0,Same Princeton detector only; equality is an empirical dataset-integrity check
720575940609778289,720575940629993007,GNG,1,1,0,Same Princeton detector only; equality is an empirical dataset-integrity check
720575940609778289,720575940631715896,GNG,3,3,0,Same Princeton detector only; equality is an empirical dataset-integrity check
720575940609778289,720575940632863639,GNG,1,1,0,Same Princeton detector only; equality is an empirical dataset-integrity check
720575940609778289,720575940633198615,GNG,1,1,0,Same Princeton detector only; equality is an empirical dataset-integrity check
720575940609778289,720575940633199383,GNG,1,1,0,Same Princeton detector only; equality is an empirical dataset-integrity check
720575940609778289,720575940637511743,GNG,1,1,0,Same Princeton detector only; equality is an empirical dataset-integrity check
720575940609778289,720575940640686837,GNG,2,2,0,Same Princeton detector only; equality is an empirical dataset-integrity check
720575940609778289,720575940645150852,GNG,1,1,0,Same Princeton detector only; equality is an empirical dataset-integrity check
720575940609782027,720575940609782027,LA_L,13,0,13,Same Princeton detector only; equality is an empirical dataset-integrity check
720575940609782283,720575940609782283,LA_L,11,0,11,Same Princeton detector only; equality is an empirical dataset-integrity check
720575940609865227,720575940621667462,LA_R,1,1,0,Same Princeton detector only; equality is an empirical dataset-integrity check
720575940609960899,720575940638711359,LA_L,1,1,0,Same Princeton detector only; equality is an empirical dataset-integrity check
720575940610073940,720575940610073940,LA_L,13,0,13,Same Princeton detector only; equality is an empirical dataset-integrity check
720575940610073940,720575940623537629,LA_L,2,2,0,Same Princeton detector only; equality is an empirical dataset-integrity check
720575940610073940,720575940628240210,LA_L,1,1,0,Same Princeton detector only; equality is an empirical dataset-integrity check
720575940610100419,720575940620665680,LA_L,1,1,0,Same Princeton detector only; equality is an empirical dataset-integrity check
720575940610106692,720575940631750095,LA_R,1,1,0,Same Princeton detector only; equality is an empirical dataset-integrity check
720575940610157181,720575940632358504,,1,0,1,Same Princeton detector only; equality is an empirical dataset-integrity check
720575940610157181,720575940632358504,UNASGD,0,1,-1,Same Princeton detector only; equality is an empirical dataset-integrity check
720575940610183154,720575940605950496,GNG,1,1,0,Same Princeton detector only; equality is an empirical dataset-integrity check
720575940610183154,720575940606083273,GNG,6,6,0,Same Princeton detector only; equality is an empirical dataset-integrity check
720575940610183154,720575940610183154,GNG,6,0,6,Same Princeton detector only; equality is an empirical dataset-integrity check
720575940610183154,720575940614985878,GNG,1,1,0,Same Princeton detector only; equality is an empirical dataset-integrity check
720575940610183154,720575940621761293,GNG,1,1,0,Same Princeton detector only; equality is an empirical dataset-integrity check
720575940610183154,720575940623848388,GNG,2,2,0,Same Princeton detector only; equality is an empirical dataset-integrity check
720575940610183154,720575940625090997,GNG,1,1,0,Same Princeton detector only; equality is an empirical dataset-integrity check
720575940610183154,720575940626982181,GNG,2,2,0,Same Princeton detector only; equality is an empirical dataset-integrity check
720575940610183154,720575940629147703,GNG,1,1,0,Same Princeton detector only; equality is an empirical dataset-integrity check
720575940610183154,720575940632788025,GNG,1,1,0,Same Princeton detector only; equality is an empirical dataset-integrity check
720575940610183154,720575940635179359,GNG,1,1,0,Same Princeton detector only; equality is an empirical dataset-integrity check
720575940610183154,720575940635776760,GNG,3,3,0,Same Princeton detector only; equality is an empirical dataset-integrity check
720575940610183154,720575940639758909,GNG,2,2,0,Same Princeton detector only; equality is an empirical dataset-integrity check
720575940610183154,720575940640613339,GNG,1,1,0,Same Princeton detector only; equality is an empirical dataset-integrity check
720575940610188669,720575940611490258,,1,0,1,Same Princeton detector only; equality is an empirical dataset-integrity check
720575940610188669,720575940611490258,UNASGD,0,1,-1,Same Princeton detector only; equality is an empirical dataset-integrity check
720575940610198442,720575940629292842,,1,0,1,Same Princeton detector only; equality is an empirical dataset-integrity check
720575940610198442,720575940629292842,UNASGD,0,1,-1,Same Princeton detector only; equality is an empirical dataset-integrity check
720575940610346030,720575940631647173,LA_R,1,1,0,Same Princeton detector only; equality is an empirical dataset-integrity check
720575940610482883,720575940621481450,GNG,1,1,0,Same Princeton detector only; equality is an empirical dataset-integrity check
720575940610612337,720575940626896145,,1,0,1,Same Princeton detector only; equality is an empirical dataset-integrity check
720575940610612337,720575940626896145,UNASGD,0,1,-1,Same Princeton detector only; equality is an empirical dataset-integrity check
720575940610638434,720575940616042508,SAD,1,1,0,Same Princeton detector only; equality is an empirical dataset-integrity check
720575940610715204,720575940608998236,LA_R,1,1,0,Same Princeton detector only; equality is an empirical dataset-integrity check
720575940610715204,720575940610715204,LA_R,27,0,27,Same Princeton detector only; equality is an empirical dataset-integrity check
720575940610715204,720575940611541939,LA_R,1,1,0,Same Princeton detector only; equality is an empirical dataset-integrity check
720575940610715204,720575940614592175,LA_R,37,37,0,Same Princeton detector only; equality is an empirical dataset-integrity check
720575940610715204,720575940623277667,LA_R,28,28,0,Same Princeton detector only; equality is an empirical dataset-integrity check
720575940610715204,720575940623991236,LA_R,2,2,0,Same Princeton detector only; equality is an empirical dataset-integrity check
720575940610715204,720575940625590460,LA_R,47,47,0,Same Princeton detector only; equality is an empirical dataset-integrity check
720575940610715204,720575940630431532,LA_R,1,1,0,Same Princeton detector only; equality is an empirical dataset-integrity check
720575940610715204,720575940639054707,LA_R,6,6,0,Same Princeton detector only; equality is an empirical dataset-integrity check
720575940610759764,720575940610759764,LA_L,8,0,8,Same Princeton detector only; equality is an empirical dataset-integrity check
720575940610759764,720575940633080972,LA_L,1,1,0,Same Princeton detector only; equality is an empirical dataset-integrity check
720575940610761300,720575940610761300,LA_L,5,0,5,Same Princeton detector only; equality is an empirical dataset-integrity check
720575940610821188,720575940610821188,LA_R,12,0,12,Same Princeton detector only; equality is an empirical dataset-integrity check
720575940610821188,720575940613459314,LA_R,50,50,0,Same Princeton detector only; equality is an empirical dataset-integrity check
720575940610821188,720575940622732272,LA_R,1,1,0,Same Princeton detector only; equality is an empirical dataset-integrity check
720575940610821188,720575940627819338,LA_R,39,39,0,Same Princeton detector only; equality is an empirical dataset-integrity check
720575940610821188,720575940627823741,LA_R,3,3,0,Same Princeton detector only; equality is an empirical dataset-integrity check
720575940610821188,720575940628429841,LA_R,3,3,0,Same Princeton detector only; equality is an empirical dataset-integrity check
720575940610821188,720575940629929039,LA_R,21,21,0,Same Princeton detector only; equality is an empirical dataset-integrity check
720575940610821188,720575940645498647,LA_R,1,1,0,Same Princeton detector only; equality is an empirical dataset-integrity check
720575940610948164,720575940610948164,LA_L,23,0,23,Same Princeton detector only; equality is an empirical dataset-integrity check
720575940610948164,720575940623320652,LA_L,1,1,0,Same Princeton detector only; equality is an empirical dataset-integrity check
720575940610949700,720575940628346170,,1,0,1,Same Princeton detector only; equality is an empirical dataset-integrity check
720575940610949700,720575940628346170,LA_L,1,1,0,Same Princeton detector only; equality is an empirical dataset-integrity check
720575940610949700,720575940628346170,UNASGD,0,1,-1,Same Princeton detector only; equality is an empirical dataset-integrity check
720575940610973252,720575940610973252,LA_L,13,0,13,Same Princeton detector only; equality is an empirical dataset-integrity check
720575940611082564,720575940633561887,LA_R,1,1,0,Same Princeton detector only; equality is an empirical dataset-integrity check
720575940611101230,720575940625416167,LA_R,1,1,0,Same Princeton detector only; equality is an empirical dataset-integrity check
720575940611289976,720575940640017597,LA_R,4,4,0,Same Princeton detector only; equality is an empirical dataset-integrity check
720575940611348178,720575940631286636,LA_R,3,3,0,Same Princeton detector only; equality is an empirical dataset-integrity check
720575940611477229,720575940608887235,,1,0,1,Same Princeton detector only; equality is an empirical dataset-integrity check
720575940611477229,720575940608887235,UNASGD,0,1,-1,Same Princeton detector only; equality is an empirical dataset-integrity check
720575940611477229,720575940611477229,,4,0,4,Same Princeton detector only; equality is an empirical dataset-integrity check
720575940611477229,720575940618203707,,1,0,1,Same Princeton detector only; equality is an empirical dataset-integrity check
720575940611477229,720575940618203707,UNASGD,0,1,-1,Same Princeton detector only; equality is an empirical dataset-integrity check
720575940611477229,720575940627490459,,1,0,1,Same Princeton detector only; equality is an empirical dataset-integrity check
720575940611477229,720575940627490459,UNASGD,0,1,-1,Same Princeton detector only; equality is an empirical dataset-integrity check
720575940611477229,720575940644050376,,1,0,1,Same Princeton detector only; equality is an empirical dataset-integrity check
720575940611477229,720575940644050376,UNASGD,0,1,-1,Same Princeton detector only; equality is an empirical dataset-integrity check
720575940611510765,720575940611510765,GNG,3,0,3,Same Princeton detector only; equality is an empirical dataset-integrity check
720575940611510765,720575940614296938,GNG,1,1,0,Same Princeton detector only; equality is an empirical dataset-integrity check
720575940611510765,720575940618768806,GNG,1,1,0,Same Princeton detector only; equality is an empirical dataset-integrity check
720575940611510765,720575940623498483,GNG,1,1,0,Same Princeton detector only; equality is an empirical dataset-integrity check
720575940611510765,720575940628506871,GNG,1,1,0,Same Princeton detector only; equality is an empirical dataset-integrity check
720575940611510765,720575940634279543,GNG,1,1,0,Same Princeton detector only; equality is an empirical dataset-integrity check
720575940611510765,720575940634290913,GNG,1,1,0,Same Princeton detector only; equality is an empirical dataset-integrity check
720575940611510765,720575940642369736,GNG,4,4,0,Same Princeton detector only; equality is an empirical dataset-integrity check
720575940611532664,720575940611532664,LA_R,12,0,12,Same Princeton detector only; equality is an empirical dataset-integrity check
720575940611532664,720575940612198513,LA_R,36,36,0,Same Princeton detector only; equality is an empirical dataset-integrity check
720575940611532664,720575940612947635,LA_R,4,4,0,Same Princeton detector only; equality is an empirical dataset-integrity check
720575940611532664,720575940618816340,LA_R,12,12,0,Same Princeton detector only; equality is an empirical dataset-integrity check
720575940611532664,720575940622521323,LA_R,3,3,0,Same Princeton detector only; equality is an empirical dataset-integrity check
720575940611532664,720575940629064188,LA_R,13,13,0,Same Princeton detector only; equality is an empirical dataset-integrity check
720575940611532664,720575940633313444,LA_R,26,26,0,Same Princeton detector only; equality is an empirical dataset-integrity check
720575940611539666,720575940611539666,LA_L,7,0,7,Same Princeton detector only; equality is an empirical dataset-integrity check
720575940611539666,720575940623537629,LA_L,2,2,0,Same Princeton detector only; equality is an empirical dataset-integrity check
720575940611541939,720575940610715204,LA_R,1,1,0,Same Princeton detector only; equality is an empirical dataset-integrity check
720575940611541939,720575940612735194,LA_R,1,1,0,Same Princeton detector only; equality is an empirical dataset-integrity check
720575940611541939,720575940617920827,LA_R,2,2,0,Same Princeton detector only; equality is an empirical dataset-integrity check
720575940611541939,720575940627671433,LA_R,1,1,0,Same Princeton detector only; equality is an empirical dataset-integrity check
720575940611550840,720575940611550840,LA_R,17,0,17,Same Princeton detector only; equality is an empirical dataset-integrity check
720575940611550840,720575940612717461,LA_R,7,7,0,Same Princeton detector only; equality is an empirical dataset-integrity check
720575940611550840,720575940625514023,LA_R,43,43,0,Same Princeton detector only; equality is an empirical dataset-integrity check
720575940611550840,720575940631278031,LA_R,30,30,0,Same Princeton detector only; equality is an empirical dataset-integrity check
720575940611550840,720575940633224237,LA_R,1,1,0,Same Princeton detector only; equality is an empirical dataset-integrity check
720575940611597298,720575940616042508,AMMC_L,1,1,0,Same Princeton detector only; equality is an empirical dataset-integrity check
720575940611607854,720575940607860169,LA_R,2,2,0,Same Princeton detector only; equality is an empirical dataset-integrity check
720575940611727058,720575940620722000,LA_R,3,3,0,Same Princeton detector only; equality is an empirical dataset-integrity check
720575940611801976,720575940611801976,LA_L,20,0,20,Same Princeton detector only; equality is an empirical dataset-integrity check
720575940611801976,720575940618422929,LA_L,3,3,0,Same Princeton detector only; equality is an empirical dataset-integrity check
720575940611810001,720575940611765201,GNG,1,1,0,Same Princeton detector only; equality is an empirical dataset-integrity check
720575940611810001,720575940611810001,GNG,3,0,3,Same Princeton detector only; equality is an empirical dataset-integrity check
720575940611810001,720575940618051237,GNG,1,1,0,Same Princeton detector only; equality is an empirical dataset-integrity check
720575940611810001,720575940620858606,GNG,1,1,0,Same Princeton detector only; equality is an empirical dataset-integrity check
720575940611810001,720575940620882603,GNG,1,1,0,Same Princeton detector only; equality is an empirical dataset-integrity check
720575940611810001,720575940624943084,GNG,2,2,0,Same Princeton detector only; equality is an empirical dataset-integrity check
720575940611810001,720575940628164612,GNG,2,2,0,Same Princeton detector only; equality is an empirical dataset-integrity check
720575940611810001,720575940632815780,GNG,1,1,0,Same Princeton detector only; equality is an empirical dataset-integrity check
720575940611810001,720575940634813536,GNG,3,3,0,Same Princeton detector only; equality is an empirical dataset-integrity check
720575940611810001,720575940644226084,GNG,2,2,0,Same Princeton detector only; equality is an empirical dataset-integrity check
720575940611875503,720575940619193264,GNG,1,1,0,Same Princeton detector only; equality is an empirical dataset-integrity check
720575940611875503,720575940626702159,GNG,1,1,0,Same Princeton detector only; equality is an empirical dataset-integrity check
720575940611900968,720575940627149415,GNG,1,1,0,Same Princeton detector only; equality is an empirical dataset-integrity check
720575940611934562,720575940613971683,LA_R,7,7,0,Same Princeton detector only; equality is an empirical dataset-integrity check
720575940611937967,720575940611937967,,1,0,1,Same Princeton detector only; equality is an empirical dataset-integrity check
720575940611937967,720575940618395205,,1,0,1,Same Princeton detector only; equality is an empirical dataset-integrity check
720575940611937967,720575940618395205,UNASGD,0,1,-1,Same Princeton detector only; equality is an empirical dataset-integrity check
720575940611937967,720575940625345328,GNG,1,1,0,Same Princeton detector only; equality is an empirical dataset-integrity check
720575940611937967,720575940626216720,,1,0,1,Same Princeton detector only; equality is an empirical dataset-integrity check
720575940611937967,720575940626216720,UNASGD,0,1,-1,Same Princeton detector only; equality is an empirical dataset-integrity check
720575940611937967,720575940626295396,GNG,1,1,0,Same Princeton detector only; equality is an empirical dataset-integrity check
720575940611982690,720575940611982690,LA_L,15,0,15,Same Princeton detector only; equality is an empirical dataset-integrity check
720575940611982690,720575940621588207,LA_L,1,1,0,Same Princeton detector only; equality is an empirical dataset-integrity check
720575940612012207,720575940619193264,GNG,1,1,0,Same Princeton detector only; equality is an empirical dataset-integrity check
720575940612058543,720575940615121501,GNG,1,1,0,Same Princeton detector only; equality is an empirical dataset-integrity check
720575940612152418,720575940629636713,,3,0,3,Same Princeton detector only; equality is an empirical dataset-integrity check
720575940612152418,720575940629636713,LA_L,9,9,0,Same Princeton detector only; equality is an empirical dataset-integrity check
720575940612152418,720575940629636713,ME_L,8,8,0,Same Princeton detector only; equality is an empirical dataset-integrity check
720575940612152418,720575940629636713,UNASGD,0,3,-3,Same Princeton detector only; equality is an empirical dataset-integrity check
720575940612195170,720575940648702084,LA_R,3,3,0,Same Princeton detector only; equality is an empirical dataset-integrity check
720575940612195170,720575940648702084,ME_R,2,2,0,Same Princeton detector only; equality is an empirical dataset-integrity check
720575940612294311,720575940617611921,GNG,1,1,0,Same Princeton detector only; equality is an empirical dataset-integrity check
720575940612294311,720575940620860654,GNG,1,1,0,Same Princeton detector only; equality is an empirical dataset-integrity check
720575940612294311,720575940622830836,GNG,1,1,0,Same Princeton detector only; equality is an empirical dataset-integrity check
720575940612294311,720575940629413962,GNG,1,1,0,Same Princeton detector only; equality is an empirical dataset-integrity check
720575940612294311,720575940630689388,GNG,1,1,0,Same Princeton detector only; equality is an empirical dataset-integrity check
720575940612294311,720575940632805983,GNG,1,1,0,Same Princeton detector only; equality is an empirical dataset-integrity check
720575940612294311,720575940636805958,GNG,3,3,0,Same Princeton detector only; equality is an empirical dataset-integrity check
720575940612294311,720575940637629016,GNG,1,1,0,Same Princeton detector only; equality is an empirical dataset-integrity check
720575940612294311,720575940660229505,,1,0,1,Same Princeton detector only; equality is an empirical dataset-integrity check
720575940612294311,720575940660229505,UNASGD,0,1,-1,Same Princeton detector only; equality is an empirical dataset-integrity check
720575940612326606,720575940612326606,ME_L,2,0,2,Same Princeton detector only; equality is an empirical dataset-integrity check
720575940612326606,720575940614837544,ME_L,2,2,0,Same Princeton detector only; equality is an empirical dataset-integrity check
720575940612326606,720575940625507308,ME_L,1,1,0,Same Princeton detector only; equality is an empirical dataset-integrity check
720575940612332750,720575940621090213,LA_R,1,1,0,Same Princeton detector only; equality is an empirical dataset-integrity check
720575940612332750,720575940624870217,LA_R,1,1,0,Same Princeton detector only; equality is an empirical dataset-integrity check
720575940612332750,720575940629714793,LA_R,1,1,0,Same Princeton detector only; equality is an empirical dataset-integrity check
720575940612332750,720575940637514414,LA_R,1,1,0,Same Princeton detector only; equality is an empirical dataset-integrity check
720575940612335539,720575940613878459,GNG,1,1,0,Same Princeton detector only; equality is an empirical dataset-integrity check
720575940612338289,720575940631647173,LA_R,2,2,0,Same Princeton detector only; equality is an empirical dataset-integrity check
720575940612345698,720575940623770637,LA_R,1,1,0,Same Princeton detector only; equality is an empirical dataset-integrity check
720575940612354196,720575940612354196,LA_L,18,0,18,Same Princeton detector only; equality is an empirical dataset-integrity check
720575940612365937,720575940618712221,LA_R,1,1,0,Same Princeton detector only; equality is an empirical dataset-integrity check
720575940612375002,720575940624141508,LA_R,2,2,0,Same Princeton detector only; equality is an empirical dataset-integrity check
720575940612375002,720575940631043900,LA_R,1,1,0,Same Princeton detector only; equality is an empirical dataset-integrity check
720575940612375002,720575940643034765,LA_R,1,1,0,Same Princeton detector only; equality is an empirical dataset-integrity check
720575940612385971,720575940638556382,LA_L,1,1,0,Same Princeton detector only; equality is an empirical dataset-integrity check
720575940612523571,720575940616042508,SAD,1,1,0,Same Princeton detector only; equality is an empirical dataset-integrity check
720575940612606899,720575940626585744,LA_R,1,1,0,Same Princeton detector only; equality is an empirical dataset-integrity check
720575940612606899,720575940628789064,LA_R,2,2,0,Same Princeton detector only; equality is an empirical dataset-integrity check
720575940612683670,720575940619381108,GNG,1,1,0,Same Princeton detector only; equality is an empirical dataset-integrity check
720575940612688789,720575940612688789,LA_L,10,0,10,Same Princeton detector only; equality is an empirical dataset-integrity check
720575940612688789,720575940625830072,LA_L,1,1,0,Same Princeton detector only; equality is an empirical dataset-integrity check
720575940612706778,720575940627319171,LA_L,1,1,0,Same Princeton detector only; equality is an empirical dataset-integrity check
720575940612708010,720575940613474474,LA_R,2,2,0,Same Princeton detector only; equality is an empirical dataset-integrity check
720575940612708775,720575940618712221,LA_R,1,1,0,Same Princeton detector only; equality is an empirical dataset-integrity check
720575940612718563,720575940630846125,GNG,1,1,0,Same Princeton detector only; equality is an empirical dataset-integrity check
720575940612735194,720575940608998236,LA_R,1,1,0,Same Princeton detector only; equality is an empirical dataset-integrity check
720575940612735194,720575940611541939,LA_R,1,1,0,Same Princeton detector only; equality is an empirical dataset-integrity check
720575940612735194,720575940612735194,LA_R,24,0,24,Same Princeton detector only; equality is an empirical dataset-integrity check
720575940612735194,720575940614592175,LA_R,41,41,0,Same Princeton detector only; equality is an empirical dataset-integrity check
720575940612735194,720575940623103843,LA_R,1,1,0,Same Princeton detector only; equality is an empirical dataset-integrity check
720575940612735194,720575940623277667,LA_R,24,24,0,Same Princeton detector only; equality is an empirical dataset-integrity check
720575940612735194,720575940625590460,LA_R,50,50,0,Same Princeton detector only; equality is an empirical dataset-integrity check
720575940612735194,720575940632440936,LA_R,1,1,0,Same Princeton detector only; equality is an empirical dataset-integrity check
720575940612735194,720575940639054707,LA_R,5,5,0,Same Princeton detector only; equality is an empirical dataset-integrity check
720575940612755050,720575940602534112,GNG,1,1,0,Same Princeton detector only; equality is an empirical dataset-integrity check
720575940612755050,720575940609824369,GNG,2,2,0,Same Princeton detector only; equality is an empirical dataset-integrity check
720575940612755050,720575940611510765,GNG,1,1,0,Same Princeton detector only; equality is an empirical dataset-integrity check
720575940612755050,720575940611552370,GNG,1,1,0,Same Princeton detector only; equality is an empirical dataset-integrity check
720575940612755050,720575940623225549,GNG,1,1,0,Same Princeton detector only; equality is an empirical dataset-integrity check
720575940612755050,720575940629921099,GNG,5,5,0,Same Princeton detector only; equality is an empirical dataset-integrity check
720575940612813461,720575940620623320,LA_L,1,1,0,Same Princeton detector only; equality is an empirical dataset-integrity check
720575940612839793,720575940606761918,LA_R,22,22,0,Same Princeton detector only; equality is an empirical dataset-integrity check
720575940612839793,720575940608164994,LA_R,35,35,0,Same Princeton detector only; equality is an empirical dataset-integrity check
720575940612839793,720575940612839793,LA_R,12,0,12,Same Princeton detector only; equality is an empirical dataset-integrity check
720575940612839793,720575940613675030,LA_R,44,44,0,Same Princeton detector only; equality is an empirical dataset-integrity check
720575940612839793,720575940615206055,LA_R,1,1,0,Same Princeton detector only; equality is an empirical dataset-integrity check
720575940612839793,720575940621670127,LA_R,9,9,0,Same Princeton detector only; equality is an empirical dataset-integrity check
720575940612839793,720575940626772154,LA_R,1,1,0,Same Princeton detector only; equality is an empirical dataset-integrity check
720575940612839793,720575940628572648,LA_R,6,6,0,Same Princeton detector only; equality is an empirical dataset-integrity check
720575940612839793,720575940633284895,LA_R,1,1,0,Same Princeton detector only; equality is an empirical dataset-integrity check
720575940612839793,720575940647199779,LA_R,1,1,0,Same Princeton detector only; equality is an empirical dataset-integrity check
720575940612888026,720575940612888026,LA_L,16,0,16,Same Princeton detector only; equality is an empirical dataset-integrity check
720575940612899763,720575940612899763,LA_R,15,0,15,Same Princeton detector only; equality is an empirical dataset-integrity check
720575940612899763,720575940618519953,LA_R,1,1,0,Same Princeton detector only; equality is an empirical dataset-integrity check
720575940612899763,720575940622348214,LA_R,2,2,0,Same Princeton detector only; equality is an empirical dataset-integrity check
720575940612899763,720575940623392904,LA_R,5,5,0,Same Princeton detector only; equality is an empirical dataset-integrity check
720575940612899763,720575940623441151,LA_R,46,46,0,Same Princeton detector only; equality is an empirical dataset-integrity check
720575940612899763,720575940625933901,LA_R,28,28,0,Same Princeton detector only; equality is an empirical dataset-integrity check
720575940612899763,720575940629977603,LA_R,1,1,0,Same Princeton detector only; equality is an empirical dataset-integrity check
720575940612927155,720575940622879521,LA_L,1,1,0,Same Princeton detector only; equality is an empirical dataset-integrity check
720575940612943066,720575940606811657,LA_R,43,43,0,Same Princeton detector only; equality is an empirical dataset-integrity check
720575940612943066,720575940611971170,LA_R,3,3,0,Same Princeton detector only; equality is an empirical dataset-integrity check
720575940612943066,720575940612943066,LA_R,15,0,15,Same Princeton detector only; equality is an empirical dataset-integrity check
720575940612943066,720575940621032384,LA_R,37,37,0,Same Princeton detector only; equality is an empirical dataset-integrity check
720575940612943066,720575940623950600,LA_R,5,5,0,Same Princeton detector only; equality is an empirical dataset-integrity check
720575940612943066,720575940625837242,LA_R,1,1,0,Same Princeton detector only; equality is an empirical dataset-integrity check
720575940612943066,720575940626800933,LA_R,1,1,0,Same Princeton detector only; equality is an empirical dataset-integrity check
720575940612943066,720575940628363283,LA_R,33,33,0,Same Princeton detector only; equality is an empirical dataset-integrity check
720575940612943066,720575940630250139,LA_R,1,1,0,Same Princeton detector only; equality is an empirical dataset-integrity check
720575940612943066,720575940636935494,LA_R,12,12,0,Same Princeton detector only; equality is an empirical dataset-integrity check
720575940612947635,720575940612198513,LA_R,40,40,0,Same Princeton detector only; equality is an empirical dataset-integrity check
720575940612947635,720575940612947635,LA_R,11,0,11,Same Princeton detector only; equality is an empirical dataset-integrity check
720575940612947635,720575940618816340,LA_R,4,4,0,Same Princeton detector only; equality is an empirical dataset-integrity check
720575940612947635,720575940622521323,LA_R,3,3,0,Same Princeton detector only; equality is an empirical dataset-integrity check
720575940612947635,720575940629064188,LA_R,8,8,0,Same Princeton detector only; equality is an empirical dataset-integrity check
720575940612947635,720575940632394380,LA_R,1,1,0,Same Princeton detector only; equality is an empirical dataset-integrity check
720575940612947635,720575940633313444,LA_R,24,24,0,Same Princeton detector only; equality is an empirical dataset-integrity check
720575940612947635,720575940633316004,LA_R,1,1,0,Same Princeton detector only; equality is an empirical dataset-integrity check
720575940612970202,720575940612970202,LA_L,12,0,12,Same Princeton detector only; equality is an empirical dataset-integrity check
720575940612970202,720575940625789112,LA_L,1,1,0,Same Princeton detector only; equality is an empirical dataset-integrity check
720575940612970262,720575940621103269,LA_R,1,1,0,Same Princeton detector only; equality is an empirical dataset-integrity check
720575940612970262,720575940633188492,LA_R,3,3,0,Same Princeton detector only; equality is an empirical dataset-integrity check
720575940612971925,720575940621443206,LA_R,1,1,0,Same Princeton detector only; equality is an empirical dataset-integrity check
720575940612977834,720575940631647173,LA_R,1,1,0,Same Princeton detector only; equality is an empirical dataset-integrity check
720575940613055194,720575940613055194,LA_L,18,0,18,Same Princeton detector only; equality is an empirical dataset-integrity check
720575940613055194,720575940615855510,LA_L,1,1,0,Same Princeton detector only; equality is an empirical dataset-integrity check
720575940613138674,720575940613138674,LA_L,11,0,11,Same Princeton detector only; equality is an empirical dataset-integrity check
720575940613138674,720575940621978534,LA_L,1,1,0,Same Princeton detector only; equality is an empirical dataset-integrity check
720575940613146866,720575940640017597,LA_R,3,3,0,Same Princeton detector only; equality is an empirical dataset-integrity check
720575940613154730,720575940629636713,ME_L,1,1,0,Same Princeton detector only; equality is an empirical dataset-integrity check
720575940613196261,720575940607641801,LA_R,3,3,0,Same Princeton detector only; equality is an empirical dataset-integrity check
720575940613196261,720575940611716570,LA_R,1,1,0,Same Princeton detector only; equality is an empirical dataset-integrity check
720575940613196261,720575940613196261,LA_R,14,0,14,Same Princeton detector only; equality is an empirical dataset-integrity check
720575940613196261,720575940624479379,LA_R,1,1,0,Same Princeton detector only; equality is an empirical dataset-integrity check
720575940613196261,720575940625022707,LA_R,1,1,0,Same Princeton detector only; equality is an empirical dataset-integrity check
720575940613196261,720575940628853992,LA_R,4,4,0,Same Princeton detector only; equality is an empirical dataset-integrity check
720575940613196261,720575940631966777,LA_R,1,1,0,Same Princeton detector only; equality is an empirical dataset-integrity check
720575940613196261,720575940635530687,LA_R,41,41,0,Same Princeton detector only; equality is an empirical dataset-integrity check
720575940613196261,720575940644925038,LA_R,25,25,0,Same Princeton detector only; equality is an empirical dataset-integrity check
720575940613302431,720575940619381108,GNG,1,1,0,Same Princeton detector only; equality is an empirical dataset-integrity check
720575940613351842,720575940621544175,ME_L,1,1,0,Same Princeton detector only; equality is an empirical dataset-integrity check
720575940613391845,720575940622132656,LA_L,2,2,0,Same Princeton detector only; equality is an empirical dataset-integrity check
720575940613409172,720575940631230167,LA_L,2,2,0,Same Princeton detector only; equality is an empirical dataset-integrity check
720575940613409763,720575940609622281,ME_L,1,1,0,Same Princeton detector only; equality is an empirical dataset-integrity check
720575940613410802,720575940645941027,LA_R,1,1,0,Same Princeton detector only; equality is an empirical dataset-integrity check
720575940613465366,720575940613465366,LA_L,14,0,14,Same Princeton detector only; equality is an empirical dataset-integrity check
720575940613466134,720575940613466134,LA_L,16,0,16,Same Princeton detector only; equality is an empirical dataset-integrity check
720575940613466853,720575940613466853,LA_L,10,0,10,Same Princeton detector only; equality is an empirical dataset-integrity check
720575940613468389,720575940613468389,LA_L,12,0,12,Same Princeton detector only; equality is an empirical dataset-integrity check
720575940613474474,720575940612708010,LA_R,48,48,0,Same Princeton detector only; equality is an empirical dataset-integrity check
720575940613474474,720575940613474474,LA_R,11,0,11,Same Princeton detector only; equality is an empirical dataset-integrity check
720575940613474474,720575940623465596,LA_R,34,34,0,Same Princeton detector only; equality is an empirical dataset-integrity check
720575940613474474,720575940626566986,LA_R,4,4,0,Same Princeton detector only; equality is an empirical dataset-integrity check
720575940613474474,720575940633668179,LA_R,2,2,0,Same Princeton detector only; equality is an empirical dataset-integrity check
720575940613474474,720575940634712545,LA_R,1,1,0,Same Princeton detector only; equality is an empirical dataset-integrity check
720575940613474474,720575940637651086,LA_R,3,3,0,Same Princeton detector only; equality is an empirical dataset-integrity check
720575940613474474,720575940641257973,LA_R,14,14,0,Same Princeton detector only; equality is an empirical dataset-integrity check
720575940613474474,720575940647679028,LA_R,36,36,0,Same Princeton detector only; equality is an empirical dataset-integrity check
720575940613476581,720575940613476581,LA_L,15,0,15,Same Princeton detector only; equality is an empirical dataset-integrity check
720575940613486762,720575940613486762,LA_L,17,0,17,Same Princeton detector only; equality is an empirical dataset-integrity check
720575940613486762,720575940630726956,LA_L,1,1,0,Same Princeton detector only; equality is an empirical dataset-integrity check
720575940613532133,720575940648702084,LA_R,1,1,0,Same Princeton detector only; equality is an empirical dataset-integrity check
720575940613545586,720575940607860169,LA_R,1,1,0,Same Princeton detector only; equality is an empirical dataset-integrity check
720575940613582996,720575940613582996,LA_L,23,0,23,Same Princeton detector only; equality is an empirical dataset-integrity check
720575940613582996,720575940618782036,,1,0,1,Same Princeton detector only; equality is an empirical dataset-integrity check
720575940613582996,720575940618782036,UNASGD,0,1,-1,Same Princeton detector only; equality is an empirical dataset-integrity check
720575940613582996,720575940621411237,LA_L,1,1,0,Same Princeton detector only; equality is an empirical dataset-integrity check
720575940613587609,720575940624870217,LA_R,1,1,0,Same Princeton detector only; equality is an empirical dataset-integrity check
720575940613587609,720575940626866020,LA_R,2,2,0,Same Princeton detector only; equality is an empirical dataset-integrity check
720575940613587609,720575940629900843,LA_R,1,1,0,Same Princeton detector only; equality is an empirical dataset-integrity check
720575940613626738,720575940615103998,LA_L,1,1,0,Same Princeton detector only; equality is an empirical dataset-integrity check
720575940613668210,720575940620753744,LA_R,1,1,0,Same Princeton detector only; equality is an empirical dataset-integrity check
720575940613671594,720575940620753744,LA_R,1,1,0,Same Princeton detector only; equality is an empirical dataset-integrity check
720575940613671594,720575940640017597,LA_R,1,1,0,Same Princeton detector only; equality is an empirical dataset-integrity check
720575940613671594,720575940645941027,LA_R,1,1,0,Same Princeton detector only; equality is an empirical dataset-integrity check
720575940613675030,720575940629285873,LA_R,2,2,0,Same Princeton detector only; equality is an empirical dataset-integrity check
720575940613684274,720575940613684274,GNG,4,0,4,Same Princeton detector only; equality is an empirical dataset-integrity check
720575940613684274,720575940624245176,GNG,2,2,0,Same Princeton detector only; equality is an empirical dataset-integrity check
720575940613684274,720575940629486714,GNG,1,1,0,Same Princeton detector only; equality is an empirical dataset-integrity check
720575940613684274,720575940632045839,GNG,1,1,0,Same Princeton detector only; equality is an empirical dataset-integrity check
720575940613684274,720575940636479863,GNG,3,3,0,Same Princeton detector only; equality is an empirical dataset-integrity check
720575940613684274,720575940639021757,GNG,3,3,0,Same Princeton detector only; equality is an empirical dataset-integrity check
720575940613706818,720575940630423418,LA_R,1,1,0,Same Princeton detector only; equality is an empirical dataset-integrity check
720575940613757462,720575940628728040,LA_L,1,1,0,Same Princeton detector only; equality is an empirical dataset-integrity check
720575940613823090,720575940613823090,LA_L,7,0,7,Same Princeton detector only; equality is an empirical dataset-integrity check
720575940613866098,720575940619065664,LA_R,4,4,0,Same Princeton detector only; equality is an empirical dataset-integrity check
720575940613878459,720575940613878459,GNG,1,0,1,Same Princeton detector only; equality is an empirical dataset-integrity check
720575940613878459,720575940623051544,GNG,2,2,0,Same Princeton detector only; equality is an empirical dataset-integrity check
720575940613878459,720575940627236629,GNG,1,1,0,Same Princeton detector only; equality is an empirical dataset-integrity check
720575940613878459,720575940627303699,GNG,1,1,0,Same Princeton detector only; equality is an empirical dataset-integrity check
720575940613878459,720575940630268483,GNG,1,1,0,Same Princeton detector only; equality is an empirical dataset-integrity check
720575940613878459,720575940636098367,GNG,1,1,0,Same Princeton detector only; equality is an empirical dataset-integrity check
720575940613971683,720575940610375492,LA_R,4,4,0,Same Princeton detector only; equality is an empirical dataset-integrity check
720575940613971683,720575940613971683,LA_R,18,0,18,Same Princeton detector only; equality is an empirical dataset-integrity check
720575940613971683,720575940616860859,LA_R,1,1,0,Same Princeton detector only; equality is an empirical dataset-integrity check
720575940613971683,720575940617358965,LA_R,1,1,0,Same Princeton detector only; equality is an empirical dataset-integrity check
720575940613971683,720575940623364988,LA_R,30,30,0,Same Princeton detector only; equality is an empirical dataset-integrity check
720575940613971683,720575940628361491,LA_R,1,1,0,Same Princeton detector only; equality is an empirical dataset-integrity check
720575940613971683,720575940630863104,LA_R,44,44,0,Same Princeton detector only; equality is an empirical dataset-integrity check
720575940614174435,720575940618864724,LA_L,1,1,0,Same Princeton detector only; equality is an empirical dataset-integrity check
720575940614191023,720575940617768587,ME_L,1,1,0,Same Princeton detector only; equality is an empirical dataset-integrity check
720575940614194925,720575940635558495,LA_L,2,2,0,Same Princeton detector only; equality is an empirical dataset-integrity check
720575940614197485,720575940614197485,LA_L,7,0,7,Same Princeton detector only; equality is an empirical dataset-integrity check
720575940614200557,720575940614200557,,1,0,1,Same Princeton detector only; equality is an empirical dataset-integrity check
720575940614200557,720575940614200557,LA_L,9,0,9,Same Princeton detector only; equality is an empirical dataset-integrity check
720575940614200557,720575940615103998,LA_L,1,1,0,Same Princeton detector only; equality is an empirical dataset-integrity check
720575940614200557,720575940623495693,LA_L,1,1,0,Same Princeton detector only; equality is an empirical dataset-integrity check
720575940614200557,720575940638078832,LA_L,1,1,0,Same Princeton detector only; equality is an empirical dataset-integrity check
720575940614246559,720575940622056368,LA_R,1,1,0,Same Princeton detector only; equality is an empirical dataset-integrity check
720575940614276845,720575940622056368,LA_R,1,1,0,Same Princeton detector only; equality is an empirical dataset-integrity check
720575940614309992,720575940630787388,LA_L,1,1,0,Same Princeton detector only; equality is an empirical dataset-integrity check
720575940614335151,720575940630423418,LA_R,1,1,0,Same Princeton detector only; equality is an empirical dataset-integrity check
720575940614342381,720575940618150105,LA_R,1,1,0,Same Princeton detector only; equality is an empirical dataset-integrity check
720575940614441965,720575940623239133,LA_R,2,2,0,Same Princeton detector only; equality is an empirical dataset-integrity check
720575940614441965,720575940631186550,LA_R,1,1,0,Same Princeton detector only; equality is an empirical dataset-integrity check
720575940614529186,720575940625929765,SAD,1,1,0,Same Princeton detector only; equality is an empirical dataset-integrity check
720575940614567855,720575940614567855,LA_L,16,0,16,Same Princeton detector only; equality is an empirical dataset-integrity check
720575940614567855,720575940615812246,LA_L,1,1,0,Same Princeton detector only; equality is an empirical dataset-integrity check
720575940614567855,720575940626770532,LA_L,1,1,0,Same Princeton detector only; equality is an empirical dataset-integrity check
720575940614592175,720575940610715204,LA_R,1,1,0,Same Princeton detector only; equality is an empirical dataset-integrity check
720575940614641000,720575940629873451,LA_L,1,1,0,Same Princeton detector only; equality is an empirical dataset-integrity check
720575940614660263,720575940618863553,,1,0,1,Same Princeton detector only; equality is an empirical dataset-integrity check
720575940614660263,720575940618863553,UNASGD,0,1,-1,Same Princeton detector only; equality is an empirical dataset-integrity check
720575940614694609,720575940638820442,LA_L,1,1,0,Same Princeton detector only; equality is an empirical dataset-integrity check
720575940614721110,720575940606375772,GNG,2,2,0,Same Princeton detector only; equality is an empirical dataset-integrity check
720575940614721110,720575940626702159,GNG,1,1,0,Same Princeton detector only; equality is an empirical dataset-integrity check
720575940614732798,720575940624141508,LA_R,1,1,0,Same Princeton detector only; equality is an empirical dataset-integrity check
720575940614732798,720575940628054397,LA_R,2,2,0,Same Princeton detector only; equality is an empirical dataset-integrity check
720575940614732798,720575940643034765,LA_R,2,2,0,Same Princeton detector only; equality is an empirical dataset-integrity check
720575940614792623,720575940614792623,LA_R,10,0,10,Same Princeton detector only; equality is an empirical dataset-integrity check
720575940614792623,720575940617822438,LA_R,40,40,0,Same Princeton detector only; equality is an empirical dataset-integrity check
720575940614792623,720575940621489243,LA_R,2,2,0,Same Princeton detector only; equality is an empirical dataset-integrity check
720575940614792623,720575940628323461,LA_R,18,18,0,Same Princeton detector only; equality is an empirical dataset-integrity check
720575940614792623,720575940636615160,LA_R,1,1,0,Same Princeton detector only; equality is an empirical dataset-integrity check
720575940614792623,720575940637773486,LA_R,34,34,0,Same Princeton detector only; equality is an empirical dataset-integrity check
720575940614792623,720575940655781025,LA_R,3,3,0,Same Princeton detector only; equality is an empirical dataset-integrity check
720575940614839215,720575940605861310,LA_R,2,2,0,Same Princeton detector only; equality is an empirical dataset-integrity check
720575940614839215,720575940614839215,LA_R,22,0,22,Same Princeton detector only; equality is an empirical dataset-integrity check
720575940614839215,720575940621391715,LA_R,34,34,0,Same Princeton detector only; equality is an empirical dataset-integrity check
720575940614839215,720575940627126458,LA_R,29,29,0,Same Princeton detector only; equality is an empirical dataset-integrity check
720575940614839215,720575940631329128,LA_R,4,4,0,Same Princeton detector only; equality is an empirical dataset-integrity check
720575940614839215,720575940633583443,LA_R,3,3,0,Same Princeton detector only; equality is an empirical dataset-integrity check
720575940614849967,720575940606725553,LA_L,1,1,0,Same Princeton detector only; equality is an empirical dataset-integrity check
720575940614849967,720575940614849967,,1,0,1,Same Princeton detector only; equality is an empirical dataset-integrity check
720575940614849967,720575940614849967,LA_L,9,0,9,Same Princeton detector only; equality is an empirical dataset-integrity check
720575940614849967,720575940632780857,LA_L,1,1,0,Same Princeton detector only; equality is an empirical dataset-integrity check
720575940614856042,720575940616042508,AMMC_L,2,2,0,Same Princeton detector only; equality is an empirical dataset-integrity check
720575940614875176,720575940628648936,LA_R,1,1,0,Same Princeton detector only; equality is an empirical dataset-integrity check
720575940614890642,720575940614890642,LAL_L,1,0,1,Same Princeton detector only; equality is an empirical dataset-integrity check
720575940614890642,720575940619434689,AL_L,1,1,0,Same Princeton detector only; equality is an empirical dataset-integrity check
720575940614890642,720575940623636701,LAL_L,1,1,0,Same Princeton detector only; equality is an empirical dataset-integrity check
720575940614890642,720575940625990277,AL_L,1,1,0,Same Princeton detector only; equality is an empirical dataset-integrity check
720575940614957115,720575940614957115,GNG,3,0,3,Same Princeton detector only; equality is an empirical dataset-integrity check
720575940614957115,720575940621351412,GNG,1,1,0,Same Princeton detector only; equality is an empirical dataset-integrity check
720575940614957115,720575940625596647,GNG,2,2,0,Same Princeton detector only; equality is an empirical dataset-integrity check
720575940614957115,720575940627383614,GNG,1,1,0,Same Princeton detector only; equality is an empirical dataset-integrity check
720575940614957115,720575940629921099,GNG,1,1,0,Same Princeton detector only; equality is an empirical dataset-integrity check
720575940614957115,720575940634525303,GNG,1,1,0,Same Princeton detector only; equality is an empirical dataset-integrity check
720575940614957115,720575940635776760,GNG,1,1,0,Same Princeton detector only; equality is an empirical dataset-integrity check
720575940614959923,720575940623003169,LA_R,4,4,0,Same Princeton detector only; equality is an empirical dataset-integrity check
720575940615060478,720575940633773523,LA_R,1,1,0,Same Princeton detector only; equality is an empirical dataset-integrity check
720575940615102375,720575940627671433,LA_R,1,1,0,Same Princeton detector only; equality is an empirical dataset-integrity check
720575940615103998,720575940614200557,LA_L,1,1,0,Same Princeton detector only; equality is an empirical dataset-integrity check
720575940615103998,720575940615103998,LA_L,4,0,4,Same Princeton detector only; equality is an empirical dataset-integrity check
720575940615108714,720575940621949675,GNG,1,1,0,Same Princeton detector only; equality is an empirical dataset-integrity check
720575940615121501,720575940615121501,GNG,5,0,5,Same Princeton detector only; equality is an empirical dataset-integrity check
720575940615121501,720575940619050149,GNG,1,1,0,Same Princeton detector only; equality is an empirical dataset-integrity check
720575940615121501,720575940620721286,GNG,1,1,0,Same Princeton detector only; equality is an empirical dataset-integrity check
720575940615121501,720575940622906189,,1,0,1,Same Princeton detector only; equality is an empirical dataset-integrity check
720575940615121501,720575940622906189,UNASGD,0,1,-1,Same Princeton detector only; equality is an empirical dataset-integrity check
720575940615121501,720575940623457535,GNG,3,3,0,Same Princeton detector only; equality is an empirical dataset-integrity check
720575940615121501,720575940624117528,GNG,1,1,0,Same Princeton detector only; equality is an empirical dataset-integrity check
720575940615121501,720575940624854474,GNG,1,1,0,Same Princeton detector only; equality is an empirical dataset-integrity check
720575940615121501,720575940625881672,GNG,1,1,0,Same Princeton detector only; equality is an empirical dataset-integrity check
720575940615121501,720575940626398601,GNG,2,2,0,Same Princeton detector only; equality is an empirical dataset-integrity check
720575940615121501,720575940628164612,GNG,4,4,0,Same Princeton detector only; equality is an empirical dataset-integrity check
720575940615121501,720575940628487153,GNG,2,2,0,Same Princeton detector only; equality is an empirical dataset-integrity check
720575940615121501,720575940628825348,GNG,1,1,0,Same Princeton detector only; equality is an empirical dataset-integrity check
720575940615121501,720575940630169764,GNG,1,1,0,Same Princeton detector only; equality is an empirical dataset-integrity check
720575940615121501,720575940631821891,GNG,1,1,0,Same Princeton detector only; equality is an empirical dataset-integrity check
720575940615121501,720575940632101583,GNG,1,1,0,Same Princeton detector only; equality is an empirical dataset-integrity check
720575940615121501,720575940636186463,GNG,1,1,0,Same Princeton detector only; equality is an empirical dataset-integrity check
720575940615121501,720575940647328889,GNG,1,1,0,Same Princeton detector only; equality is an empirical dataset-integrity check
720575940615131699,720575940618712221,LA_R,1,1,0,Same Princeton detector only; equality is an empirical dataset-integrity check
720575940615167742,720575940615167742,LA_R,11,0,11,Same Princeton detector only; equality is an empirical dataset-integrity check
720575940615167742,720575940622727152,LA_R,4,4,0,Same Princeton detector only; equality is an empirical dataset-integrity check
720575940615167742,720575940623103843,LA_R,1,1,0,Same Princeton detector only; equality is an empirical dataset-integrity check
720575940615167742,720575940623527059,LA_R,36,36,0,Same Princeton detector only; equality is an empirical dataset-integrity check
720575940615167742,720575940627334525,LA_R,16,16,0,Same Princeton detector only; equality is an empirical dataset-integrity check
720575940615167742,720575940630333566,LA_R,3,3,0,Same Princeton detector only; equality is an empirical dataset-integrity check
720575940615167742,720575940645102372,LA_R,43,43,0,Same Princeton detector only; equality is an empirical dataset-integrity check
720575940615206055,720575940625781692,LA_R,1,1,0,Same Princeton detector only; equality is an empirical dataset-integrity check
720575940615223714,720575940629714793,LA_R,3,3,0,Same Princeton detector only; equality is an empirical dataset-integrity check
720575940615234001,720575940610395843,LA_L,1,1,0,Same Princeton detector only; equality is an empirical dataset-integrity check
720575940615234001,720575940615234001,LA_L,8,0,8,Same Princeton detector only; equality is an empirical dataset-integrity check
720575940615248546,720575940630098075,LA_L,2,2,0,Same Princeton detector only; equality is an empirical dataset-integrity check
720575940615263188,720575940610183154,GNG,1,1,0,Same Princeton detector only; equality is an empirical dataset-integrity check
720575940615263188,720575940620785869,GNG,1,1,0,Same Princeton detector only; equality is an empirical dataset-integrity check
720575940615263188,720575940638909429,GNG,1,1,0,Same Princeton detector only; equality is an empirical dataset-integrity check
720575940615268915,720575940622545023,LA_R,4,4,0,Same Princeton detector only; equality is an empirical dataset-integrity check
720575940615301538,720575940615957215,LA_L,1,1,0,Same Princeton detector only; equality is an empirical dataset-integrity check
720575940615301538,720575940628388936,LA_L,2,2,0,Same Princeton detector only; equality is an empirical dataset-integrity check
720575940615315111,720575940628054397,LA_R,1,1,0,Same Princeton detector only; equality is an empirical dataset-integrity check
720575940615322514,720575940615322514,LA_L,18,0,18,Same Princeton detector only; equality is an empirical dataset-integrity check
720575940615322514,720575940627309913,LA_L,1,1,0,Same Princeton detector only; equality is an empirical dataset-integrity check
720575940615346617,720575940639166197,,1,0,1,Same Princeton detector only; equality is an empirical dataset-integrity check
720575940615346617,720575940639166197,UNASGD,0,1,-1,Same Princeton detector only; equality is an empirical dataset-integrity check
720575940615408490,720575940622029494,LA_R,1,1,0,Same Princeton detector only; equality is an empirical dataset-integrity check
720575940615450854,720575940620785869,GNG,1,1,0,Same Princeton detector only; equality is an empirical dataset-integrity check
720575940615500030,720575940621481450,GNG,1,1,0,Same Princeton detector only; equality is an empirical dataset-integrity check
720575940615502604,720575940618092965,GNG,1,1,0,Same Princeton detector only; equality is an empirical dataset-integrity check
720575940615520159,720575940618548244,GNG,1,1,0,Same Princeton detector only; equality is an empirical dataset-integrity check
720575940615541810,720575940616042508,AMMC_L,3,3,0,Same Princeton detector only; equality is an empirical dataset-integrity check
720575940615541810,720575940622811903,SAD,1,1,0,Same Princeton detector only; equality is an empirical dataset-integrity check
720575940615553467,720575940640017597,LA_R,2,2,0,Same Princeton detector only; equality is an empirical dataset-integrity check
720575940615553467,720575940645941027,LA_R,1,1,0,Same Princeton detector only; equality is an empirical dataset-integrity check
720575940615553467,720575940645991278,LA_R,1,1,0,Same Princeton detector only; equality is an empirical dataset-integrity check
720575940615556498,720575940623285628,LA_L,1,1,0,Same Princeton detector only; equality is an empirical dataset-integrity check
720575940615577490,720575940619984798,LA_L,1,1,0,Same Princeton detector only; equality is an empirical dataset-integrity check
720575940615600690,720575940632581945,LA_R,1,1,0,Same Princeton detector only; equality is an empirical dataset-integrity check
720575940615612050,720575940620886693,,1,0,1,Same Princeton detector only; equality is an empirical dataset-integrity check
720575940615612050,720575940620886693,UNASGD,0,1,-1,Same Princeton detector only; equality is an empirical dataset-integrity check
720575940615650666,720575940615650666,LA_L,14,0,14,Same Princeton detector only; equality is an empirical dataset-integrity check
720575940615659521,720575940638909429,GNG,1,1,0,Same Princeton detector only; equality is an empirical dataset-integrity check
720575940615671106,720575940633816986,GNG,1,1,0,Same Princeton detector only; equality is an empirical dataset-integrity check
720575940615708066,720575940609746187,LA_R,24,24,0,Same Princeton detector only; equality is an empirical dataset-integrity check
720575940615708066,720575940615708066,LA_R,14,0,14,Same Princeton detector only; equality is an empirical dataset-integrity check
720575940615708066,720575940621289236,LA_R,39,39,0,Same Princeton detector only; equality is an empirical dataset-integrity check
720575940615708066,720575940622732272,LA_R,10,10,0,Same Princeton detector only; equality is an empirical dataset-integrity check
720575940615708066,720575940630647746,LA_R,2,2,0,Same Princeton detector only; equality is an empirical dataset-integrity check
720575940615708066,720575940633350943,LA_R,1,1,0,Same Princeton detector only; equality is an empirical dataset-integrity check
720575940615708066,720575940635831647,LA_R,1,1,0,Same Princeton detector only; equality is an empirical dataset-integrity check
720575940615708066,720575940638141040,LA_R,1,1,0,Same Princeton detector only; equality is an empirical dataset-integrity check
720575940615708066,720575940640410702,LA_R,1,1,0,Same Princeton detector only; equality is an empirical dataset-integrity check
720575940615790658,720575940623325993,AMMC_R,1,1,0,Same Princeton detector only; equality is an empirical dataset-integrity check
720575940615841247,720575940616346822,LA_R,1,1,0,Same Princeton detector only; equality is an empirical dataset-integrity check
720575940615855510,720575940615855510,LA_L,16,0,16,Same Princeton detector only; equality is an empirical dataset-integrity check
720575940615855510,720575940629615209,LA_L,1,1,0,Same Princeton detector only; equality is an empirical dataset-integrity check
720575940615927263,720575940615927263,LA_L,10,0,10,Same Princeton detector only; equality is an empirical dataset-integrity check
720575940615927263,720575940621374629,LA_L,1,1,0,Same Princeton detector only; equality is an empirical dataset-integrity check
720575940615948182,720575940621489243,LA_R,1,1,0,Same Princeton detector only; equality is an empirical dataset-integrity check
720575940615951839,720575940605762528,LA_R,7,7,0,Same Princeton detector only; equality is an empirical dataset-integrity check
720575940615951839,720575940615951839,LA_R,8,0,8,Same Princeton detector only; equality is an empirical dataset-integrity check
720575940615951839,720575940618408166,LA_R,32,32,0,Same Princeton detector only; equality is an empirical dataset-integrity check
720575940615951839,720575940628310794,LA_R,40,40,0,Same Princeton detector only; equality is an empirical dataset-integrity check
720575940615951839,720575940630782764,LA_R,1,1,0,Same Princeton detector only; equality is an empirical dataset-integrity check
720575940615951839,720575940631113180,LA_R,3,3,0,Same Princeton detector only; equality is an empirical dataset-integrity check
720575940615951839,720575940634717153,LA_R,27,27,0,Same Princeton detector only; equality is an empirical dataset-integrity check
720575940615958971,720575940627138306,LA_R,1,1,0,Same Princeton detector only; equality is an empirical dataset-integrity check
720575940616042508,720575940604839200,AMMC_L,1,1,0,Same Princeton detector only; equality is an empirical dataset-integrity check
720575940616042508,720575940607923721,AMMC_L,1,1,0,Same Princeton detector only; equality is an empirical dataset-integrity check
720575940616042508,720575940607923721,SAD,2,2,0,Same Princeton detector only; equality is an empirical dataset-integrity check
720575940616042508,720575940611588835,AMMC_L,3,3,0,Same Princeton detector only; equality is an empirical dataset-integrity check
720575940616042508,720575940612146174,AMMC_L,2,2,0,Same Princeton detector only; equality is an empirical dataset-integrity check
720575940616042508,720575940612146174,SAD,2,2,0,Same Princeton detector only; equality is an empirical dataset-integrity check
720575940616042508,720575940612523571,SAD,5,5,0,Same Princeton detector only; equality is an empirical dataset-integrity check
720575940616042508,720575940612599215,SAD,1,1,0,Same Princeton detector only; equality is an empirical dataset-integrity check
720575940616042508,720575940613311151,SAD,2,2,0,Same Princeton detector only; equality is an empirical dataset-integrity check
720575940616042508,720575940614856042,AMMC_L,1,1,0,Same Princeton detector only; equality is an empirical dataset-integrity check
720575940616042508,720575940615541810,AMMC_L,1,1,0,Same Princeton detector only; equality is an empirical dataset-integrity check
720575940616042508,720575940616042508,AMMC_L,2,0,2,Same Princeton detector only; equality is an empirical dataset-integrity check
720575940616042508,720575940616042508,SAD,1,0,1,Same Princeton detector only; equality is an empirical dataset-integrity check
720575940616042508,720575940618440000,AMMC_L,2,2,0,Same Princeton detector only; equality is an empirical dataset-integrity check
720575940616042508,720575940618440000,SAD,5,5,0,Same Princeton detector only; equality is an empirical dataset-integrity check
720575940616042508,720575940619405812,SAD,1,1,0,Same Princeton detector only; equality is an empirical dataset-integrity check
720575940616042508,720575940620541099,SAD,2,2,0,Same Princeton detector only; equality is an empirical dataset-integrity check
720575940616042508,720575940620731631,SAD,2,2,0,Same Princeton detector only; equality is an empirical dataset-integrity check
720575940616042508,720575940621865479,SAD,1,1,0,Same Princeton detector only; equality is an empirical dataset-integrity check
720575940616042508,720575940622112353,SAD,1,1,0,Same Princeton detector only; equality is an empirical dataset-integrity check
720575940616042508,720575940622329212,AMMC_L,1,1,0,Same Princeton detector only; equality is an empirical dataset-integrity check
720575940616042508,720575940623820787,SAD,1,1,0,Same Princeton detector only; equality is an empirical dataset-integrity check
720575940616042508,720575940624704393,SAD,3,3,0,Same Princeton detector only; equality is an empirical dataset-integrity check
720575940616042508,720575940625483962,AMMC_L,3,3,0,Same Princeton detector only; equality is an empirical dataset-integrity check
720575940616042508,720575940625984528,SAD,2,2,0,Same Princeton detector only; equality is an empirical dataset-integrity check
720575940616042508,720575940626901136,AMMC_L,2,2,0,Same Princeton detector only; equality is an empirical dataset-integrity check
720575940616042508,720575940627096957,SAD,1,1,0,Same Princeton detector only; equality is an empirical dataset-integrity check
720575940616042508,720575940627467087,SAD,2,2,0,Same Princeton detector only; equality is an empirical dataset-integrity check
720575940616042508,720575940627535742,AMMC_L,1,1,0,Same Princeton detector only; equality is an empirical dataset-integrity check
720575940616042508,720575940627535742,SAD,9,9,0,Same Princeton detector only; equality is an empirical dataset-integrity check
720575940616042508,720575940629065154,AMMC_L,2,2,0,Same Princeton detector only; equality is an empirical dataset-integrity check
720575940616042508,720575940629065154,SAD,1,1,0,Same Princeton detector only; equality is an empirical dataset-integrity check
720575940616042508,720575940629866283,AMMC_L,3,3,0,Same Princeton detector only; equality is an empirical dataset-integrity check
720575940616042508,720575940629866283,SAD,3,3,0,Same Princeton detector only; equality is an empirical dataset-integrity check
720575940616042508,720575940630020968,AMMC_L,1,1,0,Same Princeton detector only; equality is an empirical dataset-integrity check
720575940616042508,720575940630277175,SAD,1,1,0,Same Princeton detector only; equality is an empirical dataset-integrity check
720575940616042508,720575940631553453,AMMC_L,2,2,0,Same Princeton detector only; equality is an empirical dataset-integrity check
720575940616042508,720575940640993664,AMMC_L,1,1,0,Same Princeton detector only; equality is an empirical dataset-integrity check
720575940616042508,720575940642943176,SAD,1,1,0,Same Princeton detector only; equality is an empirical dataset-integrity check
720575940616158530,720575940638616922,LA_R,1,1,0,Same Princeton detector only; equality is an empirical dataset-integrity check
720575940616222879,720575940632581945,LA_R,4,4,0,Same Princeton detector only; equality is an empirical dataset-integrity check
720575940616235423,720575940631647173,LA_R,1,1,0,Same Princeton detector only; equality is an empirical dataset-integrity check
720575940616281311,720575940616281311,LA_L,14,0,14,Same Princeton detector only; equality is an empirical dataset-integrity check
720575940616346822,720575940615841247,LA_R,1,1,0,Same Princeton detector only; equality is an empirical dataset-integrity check
720575940616346822,720575940616346822,LA_R,19,0,19,Same Princeton detector only; equality is an empirical dataset-integrity check
720575940616346822,720575940618381012,LA_R,4,4,0,Same Princeton detector only; equality is an empirical dataset-integrity check
720575940616346822,720575940622732272,LA_R,4,4,0,Same Princeton detector only; equality is an empirical dataset-integrity check
720575940616346822,720575940623621414,LA_R,53,53,0,Same Princeton detector only; equality is an empirical dataset-integrity check
720575940616346822,720575940627505241,LA_R,34,34,0,Same Princeton detector only; equality is an empirical dataset-integrity check
720575940616346822,720575940632452626,LA_R,22,22,0,Same Princeton detector only; equality is an empirical dataset-integrity check
720575940616346822,720575940643863092,LA_R,1,1,0,Same Princeton detector only; equality is an empirical dataset-integrity check
720575940616346822,720575940644719520,LA_R,10,10,0,Same Princeton detector only; equality is an empirical dataset-integrity check
720575940616375199,720575940615556498,LA_L,1,1,0,Same Princeton detector only; equality is an empirical dataset-integrity check
720575940616388550,720575940616388550,LA_L,10,0,10,Same Princeton detector only; equality is an empirical dataset-integrity check
720575940616388550,720575940626499018,LA_L,1,1,0,Same Princeton detector only; equality is an empirical dataset-integrity check
720575940616412127,720575940624139305,LA_R,3,3,0,Same Princeton detector only; equality is an empirical dataset-integrity check
720575940616414859,720575940621481450,GNG,1,1,0,Same Princeton detector only; equality is an empirical dataset-integrity check
720575940616450626,720575940616450626,LA_R,12,0,12,Same Princeton detector only; equality is an empirical dataset-integrity check
720575940616450626,720575940618115289,LA_R,1,1,0,Same Princeton detector only; equality is an empirical dataset-integrity check
720575940616450626,720575940621838830,LA_R,9,9,0,Same Princeton detector only; equality is an empirical dataset-integrity check
720575940616450626,720575940629706343,LA_R,30,30,0,Same Princeton detector only; equality is an empirical dataset-integrity check
720575940616450626,720575940633296804,LA_R,14,14,0,Same Princeton detector only; equality is an empirical dataset-integrity check
720575940616548416,720575940627149415,GNG,1,1,0,Same Princeton detector only; equality is an empirical dataset-integrity check
720575940616572063,720575940621103269,LA_R,1,1,0,Same Princeton detector only; equality is an empirical dataset-integrity check
720575940616591372,720575940616591372,LA_L,12,0,12,Same Princeton detector only; equality is an empirical dataset-integrity check
720575940616591372,720575940627146268,LA_L,4,4,0,Same Princeton detector only; equality is an empirical dataset-integrity check
720575940616591372,720575940633232548,LA_L,1,1,0,Same Princeton detector only; equality is an empirical dataset-integrity check
720575940616629260,720575940612899763,LA_R,4,4,0,Same Princeton detector only; equality is an empirical dataset-integrity check
720575940616710412,720575940613692994,LA_L,15,15,0,Same Princeton detector only; equality is an empirical dataset-integrity check
720575940616710412,720575940616710412,LA_L,8,0,8,Same Princeton detector only; equality is an empirical dataset-integrity check
720575940616710412,720575940617879553,LA_L,1,1,0,Same Princeton detector only; equality is an empirical dataset-integrity check
720575940616710412,720575940618878209,LA_L,33,33,0,Same Princeton detector only; equality is an empirical dataset-integrity check
720575940616710412,720575940625000701,LA_L,39,39,0,Same Princeton detector only; equality is an empirical dataset-integrity check
720575940616773682,720575940621349285,LA_R,1,1,0,Same Princeton detector only; equality is an empirical dataset-integrity check
720575940616855820,720575940637125239,LA_L,2,2,0,Same Princeton detector only; equality is an empirical dataset-integrity check
720575940616925819,720575940621157887,GNG,1,1,0,Same Princeton detector only; equality is an empirical dataset-integrity check
720575940616984374,720575940622303216,LA_R,3,3,0,Same Princeton detector only; equality is an empirical dataset-integrity check
720575940616984374,720575940647229219,LA_R,3,3,0,Same Princeton detector only; equality is an empirical dataset-integrity check
720575940617056724,720575940614839215,LA_R,1,1,0,Same Princeton detector only; equality is an empirical dataset-integrity check
720575940617084673,720575940611937967,,1,0,1,Same Princeton detector only; equality is an empirical dataset-integrity check
720575940617084673,720575940611937967,UNASGD,0,1,-1,Same Princeton detector only; equality is an empirical dataset-integrity check
720575940617112321,720575940618718977,LA_R,1,1,0,Same Princeton detector only; equality is an empirical dataset-integrity check
720575940617146454,720575940613474474,LA_R,1,1,0,Same Princeton detector only; equality is an empirical dataset-integrity check
720575940617186677,720575940630485626,LA_R,1,1,0,Same Princeton detector only; equality is an empirical dataset-integrity check
720575940617195147,720575940632382994,LA_R,1,1,0,Same Princeton detector only; equality is an empirical dataset-integrity check
720575940617251670,720575940629854507,LA_R,3,3,0,Same Princeton detector only; equality is an empirical dataset-integrity check
720575940617293398,720575940630871260,LA_R,1,1,0,Same Princeton detector only; equality is an empirical dataset-integrity check
720575940617293398,720575940631048812,LA_R,2,2,0,Same Princeton detector only; equality is an empirical dataset-integrity check
720575940617338683,720575940607773314,LA_R,1,1,0,Same Princeton detector only; equality is an empirical dataset-integrity check
720575940617341270,720575940620320193,SAD,2,2,0,Same Princeton detector only; equality is an empirical dataset-integrity check
720575940617358965,720575940613971683,LA_R,2,2,0,Same Princeton detector only; equality is an empirical dataset-integrity check
720575940617401601,720575940622029494,LA_R,1,1,0,Same Princeton detector only; equality is an empirical dataset-integrity check
720575940617407929,720575940616042508,AL_L,1,1,0,Same Princeton detector only; equality is an empirical dataset-integrity check
720575940617414005,720575940625511572,LA_R,3,3,0,Same Princeton detector only; equality is an empirical dataset-integrity check
720575940617484248,720575940619423216,GNG,2,2,0,Same Princeton detector only; equality is an empirical dataset-integrity check
720575940617499765,720575940606194622,LA_L,1,1,0,Same Princeton detector only; equality is an empirical dataset-integrity check
720575940617499765,720575940606194622,ME_L,2,2,0,Same Princeton detector only; equality is an empirical dataset-integrity check
720575940617499765,720575940613096362,ME_L,1,1,0,Same Princeton detector only; equality is an empirical dataset-integrity check
720575940617499765,720575940613143794,ME_L,2,2,0,Same Princeton detector only; equality is an empirical dataset-integrity check
720575940617499765,720575940616957494,ME_L,1,1,0,Same Princeton detector only; equality is an empirical dataset-integrity check
720575940617499765,720575940617499765,ME_L,4,0,4,Same Princeton detector only; equality is an empirical dataset-integrity check
720575940617499765,720575940619890742,ME_L,1,1,0,Same Princeton detector only; equality is an empirical dataset-integrity check
720575940617499765,720575940623308108,LA_L,2,2,0,Same Princeton detector only; equality is an empirical dataset-integrity check
720575940617499765,720575940623308108,ME_L,3,3,0,Same Princeton detector only; equality is an empirical dataset-integrity check
720575940617499765,720575940625891002,ME_L,2,2,0,Same Princeton detector only; equality is an empirical dataset-integrity check
720575940617499765,720575940626037948,ME_L,1,1,0,Same Princeton detector only; equality is an empirical dataset-integrity check
720575940617499765,720575940627428124,ME_L,2,2,0,Same Princeton detector only; equality is an empirical dataset-integrity check
720575940617499765,720575940628685333,LA_L,2,2,0,Same Princeton detector only; equality is an empirical dataset-integrity check
720575940617499765,720575940629722191,ME_L,10,10,0,Same Princeton detector only; equality is an empirical dataset-integrity check
720575940617499765,720575940629837306,ME_L,1,1,0,Same Princeton detector only; equality is an empirical dataset-integrity check
720575940617499765,720575940630718146,ME_L,1,1,0,Same Princeton detector only; equality is an empirical dataset-integrity check
720575940617499765,720575940631032059,LA_L,1,1,0,Same Princeton detector only; equality is an empirical dataset-integrity check
720575940617499765,720575940631882514,ME_L,4,4,0,Same Princeton detector only; equality is an empirical dataset-integrity check
720575940617499765,720575940632839727,ME_L,1,1,0,Same Princeton detector only; equality is an empirical dataset-integrity check
720575940617499765,720575940633662372,LA_L,1,1,0,Same Princeton detector only; equality is an empirical dataset-integrity check
720575940617499765,720575940648484228,ME_L,1,1,0,Same Princeton detector only; equality is an empirical dataset-integrity check
720575940617505629,720575940616042508,AMMC_L,1,1,0,Same Princeton detector only; equality is an empirical dataset-integrity check
720575940617513589,720575940617513589,LA_L,16,0,16,Same Princeton detector only; equality is an empirical dataset-integrity check
720575940617513589,720575940644672968,,1,0,1,Same Princeton detector only; equality is an empirical dataset-integrity check
720575940617513589,720575940644672968,UNASGD,0,1,-1,Same Princeton detector only; equality is an empirical dataset-integrity check
720575940617525177,720575940631048812,LA_R,1,1,0,Same Princeton detector only; equality is an empirical dataset-integrity check
720575940617540582,720575940632382994,LA_R,1,1,0,Same Princeton detector only; equality is an empirical dataset-integrity check
720575940617641077,720575940620785869,GNG,1,1,0,Same Princeton detector only; equality is an empirical dataset-integrity check
720575940617649238,720575940617649238,ME_R,1,0,1,Same Princeton detector only; equality is an empirical dataset-integrity check
720575940617649238,720575940620085115,ME_R,1,1,0,Same Princeton detector only; equality is an empirical dataset-integrity check
720575940617649238,720575940638348095,ME_R,1,1,0,Same Princeton detector only; equality is an empirical dataset-integrity check
720575940617689995,720575940633773523,LA_R,1,1,0,Same Princeton detector only; equality is an empirical dataset-integrity check
720575940617768587,720575940606390374,ME_L,2,2,0,Same Princeton detector only; equality is an empirical dataset-integrity check
720575940617768587,720575940609805835,ME_L,2,2,0,Same Princeton detector only; equality is an empirical dataset-integrity check
720575940617768587,720575940611862990,ME_L,2,2,0,Same Princeton detector only; equality is an empirical dataset-integrity check
720575940617768587,720575940614356461,ME_L,1,1,0,Same Princeton detector only; equality is an empirical dataset-integrity check
720575940617768587,720575940617768587,ME_L,3,0,3,Same Princeton detector only; equality is an empirical dataset-integrity check
720575940617768587,720575940619978968,ME_L,1,1,0,Same Princeton detector only; equality is an empirical dataset-integrity check
720575940617768587,720575940623954058,ME_L,1,1,0,Same Princeton detector only; equality is an empirical dataset-integrity check
720575940617768587,720575940623988248,ME_L,11,11,0,Same Princeton detector only; equality is an empirical dataset-integrity check
720575940617768587,720575940624887019,ME_L,2,2,0,Same Princeton detector only; equality is an empirical dataset-integrity check
720575940617768587,720575940629334534,ME_L,1,1,0,Same Princeton detector only; equality is an empirical dataset-integrity check
720575940617768587,720575940630088183,ME_L,4,4,0,Same Princeton detector only; equality is an empirical dataset-integrity check
720575940617782233,720575940630351554,LA_R,1,1,0,Same Princeton detector only; equality is an empirical dataset-integrity check
720575940617816661,720575940617816661,GNG,4,0,4,Same Princeton detector only; equality is an empirical dataset-integrity check
720575940617816661,720575940624679463,GNG,1,1,0,Same Princeton detector only; equality is an empirical dataset-integrity check
720575940617816661,720575940629369642,GNG,3,3,0,Same Princeton detector only; equality is an empirical dataset-integrity check
720575940617816661,720575940629921099,GNG,5,5,0,Same Princeton detector only; equality is an empirical dataset-integrity check
720575940617816661,720575940632045839,GNG,6,6,0,Same Princeton detector only; equality is an empirical dataset-integrity check
720575940617816661,720575940635776760,GNG,1,1,0,Same Princeton detector only; equality is an empirical dataset-integrity check
720575940617816661,720575940639172585,GNG,3,3,0,Same Princeton detector only; equality is an empirical dataset-integrity check
720575940617816661,720575940647673721,GNG,1,1,0,Same Princeton detector only; equality is an empirical dataset-integrity check
720575940617817915,720575940628893514,LA_L,1,1,0,Same Princeton detector only; equality is an empirical dataset-integrity check
720575940617822438,720575940621489243,LA_R,2,2,0,Same Princeton detector only; equality is an empirical dataset-integrity check
720575940617896921,720575940615167742,LA_R,1,1,0,Same Princeton detector only; equality is an empirical dataset-integrity check
720575940617918091,720575940621481450,GNG,1,1,0,Same Princeton detector only; equality is an empirical dataset-integrity check
720575940617920827,720575940611541939,LA_R,1,1,0,Same Princeton detector only; equality is an empirical dataset-integrity check
720575940617920827,720575940617920827,LA_R,16,0,16,Same Princeton detector only; equality is an empirical dataset-integrity check
720575940617920827,720575940618381012,LA_R,1,1,0,Same Princeton detector only; equality is an empirical dataset-integrity check
720575940617920827,720575940618519953,LA_R,10,10,0,Same Princeton detector only; equality is an empirical dataset-integrity check
720575940617920827,720575940624468809,LA_R,45,45,0,Same Princeton detector only; equality is an empirical dataset-integrity check
720575940617920827,720575940628964938,LA_R,3,3,0,Same Princeton detector only; equality is an empirical dataset-integrity check
720575940617920827,720575940631411983,LA_R,1,1,0,Same Princeton detector only; equality is an empirical dataset-integrity check
720575940617920827,720575940636361140,LA_R,36,36,0,Same Princeton detector only; equality is an empirical dataset-integrity check
720575940617920827,720575940639836349,LA_R,1,1,0,Same Princeton detector only; equality is an empirical dataset-integrity check
720575940617989094,720575940618437922,LA_R,1,1,0,Same Princeton detector only; equality is an empirical dataset-integrity check
720575940618061661,720575940618061661,LA_L,7,0,7,Same Princeton detector only; equality is an empirical dataset-integrity check
720575940618061661,720575940632127530,LA_L,35,35,0,Same Princeton detector only; equality is an empirical dataset-integrity check
720575940618062365,720575940618062365,AL_R,1,0,1,Same Princeton detector only; equality is an empirical dataset-integrity check
720575940618067161,720575940618718977,LA_R,2,2,0,Same Princeton detector only; equality is an empirical dataset-integrity check
720575940618071481,720575940618071481,,1,0,1,Same Princeton detector only; equality is an empirical dataset-integrity check
720575940618086356,720575940609485579,LA_R,1,1,0,Same Princeton detector only; equality is an empirical dataset-integrity check
720575940618090129,720575940618090129,LA_L,24,0,24,Same Princeton detector only; equality is an empirical dataset-integrity check
720575940618090129,720575940622550878,LA_L,2,2,0,Same Princeton detector only; equality is an empirical dataset-integrity check
720575940618092965,720575940606756309,GNG,1,1,0,Same Princeton detector only; equality is an empirical dataset-integrity check
720575940618092965,720575940618092965,GNG,1,0,1,Same Princeton detector only; equality is an empirical dataset-integrity check
720575940618092965,720575940645264260,GNG,1,1,0,Same Princeton detector only; equality is an empirical dataset-integrity check
720575940618109460,720575940609733582,GNG,1,1,0,Same Princeton detector only; equality is an empirical dataset-integrity check
720575940618109460,720575940611765201,GNG,3,3,0,Same Princeton detector only; equality is an empirical dataset-integrity check
720575940618109460,720575940614959675,GNG,2,2,0,Same Princeton detector only; equality is an empirical dataset-integrity check
720575940618109460,720575940618109460,GNG,1,0,1,Same Princeton detector only; equality is an empirical dataset-integrity check
720575940618109460,720575940620862051,GNG,1,1,0,Same Princeton detector only; equality is an empirical dataset-integrity check
720575940618109460,720575940624117528,GNG,2,2,0,Same Princeton detector only; equality is an empirical dataset-integrity check
720575940618109460,720575940624154604,GNG,1,1,0,Same Princeton detector only; equality is an empirical dataset-integrity check
720575940618109460,720575940628164612,GNG,1,1,0,Same Princeton detector only; equality is an empirical dataset-integrity check
720575940618109460,720575940630682361,GNG,1,1,0,Same Princeton detector only; equality is an empirical dataset-integrity check
720575940618115289,720575940606503870,LA_R,2,2,0,Same Princeton detector only; equality is an empirical dataset-integrity check
720575940618115289,720575940616450626,LA_R,1,1,0,Same Princeton detector only; equality is an empirical dataset-integrity check
720575940618115289,720575940618115289,LA_R,18,0,18,Same Princeton detector only; equality is an empirical dataset-integrity check
720575940618115289,720575940621838830,LA_R,21,21,0,Same Princeton detector only; equality is an empirical dataset-integrity check
720575940618115289,720575940629706343,LA_R,47,47,0,Same Princeton detector only; equality is an empirical dataset-integrity check
720575940618115289,720575940633296804,LA_R,33,33,0,Same Princeton detector only; equality is an empirical dataset-integrity check
720575940618140987,720575940618140987,LA_L,8,0,8,Same Princeton detector only; equality is an empirical dataset-integrity check
720575940618150105,720575940612849045,LA_R,5,5,0,Same Princeton detector only; equality is an empirical dataset-integrity check
720575940618150105,720575940615387815,LA_R,4,4,0,Same Princeton detector only; equality is an empirical dataset-integrity check
720575940618150105,720575940616129642,LA_R,56,56,0,Same Princeton detector only; equality is an empirical dataset-integrity check
720575940618150105,720575940618150105,LA_R,17,0,17,Same Princeton detector only; equality is an empirical dataset-integrity check
720575940618150105,720575940620482753,LA_R,1,1,0,Same Princeton detector only; equality is an empirical dataset-integrity check
720575940618150105,720575940621089115,LA_R,1,1,0,Same Princeton detector only; equality is an empirical dataset-integrity check
720575940618150105,720575940624227366,LA_R,52,52,0,Same Princeton detector only; equality is an empirical dataset-integrity check
720575940618150105,720575940625084413,LA_R,6,6,0,Same Princeton detector only; equality is an empirical dataset-integrity check
720575940618150105,720575940630024464,LA_R,23,23,0,Same Princeton detector only; equality is an empirical dataset-integrity check
720575940618174292,720575940622132656,LA_L,2,2,0,Same Princeton detector only; equality is an empirical dataset-integrity check
720575940618219067,720575940618849537,LA_L,4,4,0,Same Princeton detector only; equality is an empirical dataset-integrity check
720575940618223419,720575940607824050,LA_R,1,1,0,Same Princeton detector only; equality is an empirical dataset-integrity check
720575940618223419,720575940616116330,LA_R,19,19,0,Same Princeton detector only; equality is an empirical dataset-integrity check
720575940618223419,720575940618223419,LA_R,11,0,11,Same Princeton detector only; equality is an empirical dataset-integrity check
720575940618223419,720575940618723653,LA_R,1,1,0,Same Princeton detector only; equality is an empirical dataset-integrity check
720575940618223419,720575940623586756,LA_R,15,15,0,Same Princeton detector only; equality is an empirical dataset-integrity check
720575940618223419,720575940628300421,LA_R,12,12,0,Same Princeton detector only; equality is an empirical dataset-integrity check
720575940618223419,720575940629022972,LA_R,28,28,0,Same Princeton detector only; equality is an empirical dataset-integrity check
720575940618238523,720575940621294218,GNG,1,1,0,Same Princeton detector only; equality is an empirical dataset-integrity check
720575940618238681,720575940618238681,LA_L,7,0,7,Same Princeton detector only; equality is an empirical dataset-integrity check
720575940618240401,720575940618240401,LA_L,8,0,8,Same Princeton detector only; equality is an empirical dataset-integrity check
720575940618240401,720575940621792950,LA_L,31,31,0,Same Princeton detector only; equality is an empirical dataset-integrity check
720575940618240401,720575940623343117,LA_L,2,2,0,Same Princeton detector only; equality is an empirical dataset-integrity check
720575940618240401,720575940628729256,LA_L,1,1,0,Same Princeton detector only; equality is an empirical dataset-integrity check
720575940618240401,720575940632212527,LA_L,8,8,0,Same Princeton detector only; equality is an empirical dataset-integrity check
720575940618240401,720575940632397379,LA_L,1,1,0,Same Princeton detector only; equality is an empirical dataset-integrity check
720575940618240401,720575940632859192,LA_L,33,33,0,Same Princeton detector only; equality is an empirical dataset-integrity check
720575940618278868,720575940632189970,LA_R,3,3,0,Same Princeton detector only; equality is an empirical dataset-integrity check
720575940618290649,720575940618718977,LA_R,1,1,0,Same Princeton detector only; equality is an empirical dataset-integrity check
720575940618322065,720575940632425002,,1,0,1,Same Princeton detector only; equality is an empirical dataset-integrity check
720575940618322065,720575940632425002,UNASGD,0,1,-1,Same Princeton detector only; equality is an empirical dataset-integrity check
720575940618335449,720575940628728040,LA_L,1,1,0,Same Princeton detector only; equality is an empirical dataset-integrity check
720575940618381012,720575940618743709,LA_R,3,3,0,Same Princeton detector only; equality is an empirical dataset-integrity check
720575940618381012,720575940621193051,LA_R,1,1,0,Same Princeton detector only; equality is an empirical dataset-integrity check
720575940618381012,720575940627671433,LA_R,1,1,0,Same Princeton detector only; equality is an empirical dataset-integrity check
720575940618381012,720575940628789064,LA_R,4,4,0,Same Princeton detector only; equality is an empirical dataset-integrity check
720575940618401605,720575940620785869,GNG,1,1,0,Same Princeton detector only; equality is an empirical dataset-integrity check
720575940618422929,720575940611801976,LA_L,1,1,0,Same Princeton detector only; equality is an empirical dataset-integrity check
720575940618422929,720575940618422929,LA_L,23,0,23,Same Princeton detector only; equality is an empirical dataset-integrity check
720575940618423441,720575940618423441,LA_L,8,0,8,Same Princeton detector only; equality is an empirical dataset-integrity check
720575940618437922,720575940616222879,LA_R,53,53,0,Same Princeton detector only; equality is an empirical dataset-integrity check
720575940618437922,720575940618437922,LA_R,14,0,14,Same Princeton detector only; equality is an empirical dataset-integrity check
720575940618437922,720575940618737748,LA_R,40,40,0,Same Princeton detector only; equality is an empirical dataset-integrity check
720575940618437922,720575940621555137,LA_R,1,1,0,Same Princeton detector only; equality is an empirical dataset-integrity check
720575940618437922,720575940625266761,LA_R,26,26,0,Same Princeton detector only; equality is an empirical dataset-integrity check
720575940618437922,720575940625365996,LA_R,23,23,0,Same Princeton detector only; equality is an empirical dataset-integrity check
720575940618437922,720575940626023608,LA_R,1,1,0,Same Princeton detector only; equality is an empirical dataset-integrity check
720575940618437922,720575940632581945,LA_R,1,1,0,Same Princeton detector only; equality is an empirical dataset-integrity check
720575940618437922,720575940632659364,LA_R,1,1,0,Same Princeton detector only; equality is an empirical dataset-integrity check
720575940618464925,720575940618464925,,1,0,1,Same Princeton detector only; equality is an empirical dataset-integrity check
720575940618519953,720575940617920827,LA_R,1,1,0,Same Princeton detector only; equality is an empirical dataset-integrity check
720575940618530594,720575940618530594,,1,0,1,Same Princeton detector only; equality is an empirical dataset-integrity check
720575940618530594,720575940618530594,LA_L,23,0,23,Same Princeton detector only; equality is an empirical dataset-integrity check
720575940618531618,720575940613532133,LA_R,28,28,0,Same Princeton detector only; equality is an empirical dataset-integrity check
720575940618531618,720575940614391347,LA_R,1,1,0,Same Princeton detector only; equality is an empirical dataset-integrity check
720575940618531618,720575940618531618,LA_R,6,0,6,Same Princeton detector only; equality is an empirical dataset-integrity check
720575940618531618,720575940621643457,LA_R,48,48,0,Same Princeton detector only; equality is an empirical dataset-integrity check
720575940618531618,720575940623010309,LA_R,39,39,0,Same Princeton detector only; equality is an empirical dataset-integrity check
720575940618531618,720575940629499395,LA_R,1,1,0,Same Princeton detector only; equality is an empirical dataset-integrity check
720575940618531618,720575940631042620,LA_R,1,1,0,Same Princeton detector only; equality is an empirical dataset-integrity check
720575940618531618,720575940631721721,LA_R,1,1,0,Same Princeton detector only; equality is an empirical dataset-integrity check
720575940618531618,720575940642551515,LA_R,17,17,0,Same Princeton detector only; equality is an empirical dataset-integrity check
720575940618548244,720575940618548244,GNG,1,0,1,Same Princeton detector only; equality is an empirical dataset-integrity check
720575940618600020,720575940618600020,LA_L,9,0,9,Same Princeton detector only; equality is an empirical dataset-integrity check
720575940618600276,720575940615271570,LA_L,1,1,0,Same Princeton detector only; equality is an empirical dataset-integrity check
720575940618600276,720575940618600276,LA_L,17,0,17,Same Princeton detector only; equality is an empirical dataset-integrity check
720575940618663069,720575940606810889,LA_R,44,44,0,Same Princeton detector only; equality is an empirical dataset-integrity check
720575940618663069,720575940613201834,LA_R,3,3,0,Same Princeton detector only; equality is an empirical dataset-integrity check
720575940618663069,720575940618663069,LA_R,20,0,20,Same Princeton detector only; equality is an empirical dataset-integrity check
720575940618663069,720575940620992165,LA_R,1,1,0,Same Princeton detector only; equality is an empirical dataset-integrity check
720575940618663069,720575940623796041,LA_R,1,1,0,Same Princeton detector only; equality is an empirical dataset-integrity check
720575940618663069,720575940637698478,LA_R,1,1,0,Same Princeton detector only; equality is an empirical dataset-integrity check
720575940618663069,720575940641780621,LA_R,27,27,0,Same Princeton detector only; equality is an empirical dataset-integrity check
720575940618663069,720575940647428643,LA_R,53,53,0,Same Princeton detector only; equality is an empirical dataset-integrity check
720575940618685853,720575940625113015,LA_R,5,5,0,Same Princeton detector only; equality is an empirical dataset-integrity check
720575940618708770,720575940612839793,LA_R,1,1,0,Same Princeton detector only; equality is an empirical dataset-integrity check
720575940618708770,720575940636307960,LA_R,1,1,0,Same Princeton detector only; equality is an empirical dataset-integrity check
720575940618709917,720575940632257091,LA_L,1,1,0,Same Princeton detector only; equality is an empirical dataset-integrity check
720575940618709917,720575940639884622,LA_L,1,1,0,Same Princeton detector only; equality is an empirical dataset-integrity check
720575940618712221,720575940612365937,LA_R,1,1,0,Same Princeton detector only; equality is an empirical dataset-integrity check
720575940618712221,720575940615131699,LA_R,3,3,0,Same Princeton detector only; equality is an empirical dataset-integrity check
720575940618712221,720575940618712221,LA_R,20,0,20,Same Princeton detector only; equality is an empirical dataset-integrity check
720575940618712221,720575940622895484,LA_R,1,1,0,Same Princeton detector only; equality is an empirical dataset-integrity check
720575940618712221,720575940625075453,LA_R,52,52,0,Same Princeton detector only; equality is an empirical dataset-integrity check
720575940618712221,720575940626912787,LA_R,44,44,0,Same Princeton detector only; equality is an empirical dataset-integrity check
720575940618712221,720575940627219300,LA_R,3,3,0,Same Princeton detector only; equality is an empirical dataset-integrity check
720575940618712221,720575940627707529,LA_R,48,48,0,Same Princeton detector only; equality is an empirical dataset-integrity check
720575940618718977,720575940608278914,LA_R,2,2,0,Same Princeton detector only; equality is an empirical dataset-integrity check
720575940618718977,720575940617112321,LA_R,39,39,0,Same Princeton detector only; equality is an empirical dataset-integrity check
720575940618718977,720575940618067161,LA_R,42,42,0,Same Princeton detector only; equality is an empirical dataset-integrity check
720575940618718977,720575940618718977,LA_R,19,0,19,Same Princeton detector only; equality is an empirical dataset-integrity check
720575940618718977,720575940619753057,LA_R,1,1,0,Same Princeton detector only; equality is an empirical dataset-integrity check
720575940618718977,720575940620369243,LA_R,22,22,0,Same Princeton detector only; equality is an empirical dataset-integrity check
720575940618718977,720575940621591536,LA_R,1,1,0,Same Princeton detector only; equality is an empirical dataset-integrity check
720575940618718977,720575940622534527,LA_R,1,1,0,Same Princeton detector only; equality is an empirical dataset-integrity check
720575940618718977,720575940624147396,,1,0,1,Same Princeton detector only; equality is an empirical dataset-integrity check
720575940618718977,720575940624147396,UNASGD,0,1,-1,Same Princeton detector only; equality is an empirical dataset-integrity check
720575940618718977,720575940624842760,LA_R,7,7,0,Same Princeton detector only; equality is an empirical dataset-integrity check
720575940618718977,720575940628351570,LA_R,12,12,0,Same Princeton detector only; equality is an empirical dataset-integrity check
720575940618718977,720575940629158140,LA_R,2,2,0,Same Princeton detector only; equality is an empirical dataset-integrity check
720575940618718977,720575940640400547,LA_R,1,1,0,Same Princeton detector only; equality is an empirical dataset-integrity check
720575940618718977,720575940654890145,LA_R,2,2,0,Same Princeton detector only; equality is an empirical dataset-integrity check
720575940618724765,720575940623111593,LA_L,1,1,0,Same Princeton detector only; equality is an empirical dataset-integrity check
720575940618725147,720575940618725147,LA_L,1,0,1,Same Princeton detector only; equality is an empirical dataset-integrity check
720575940618728475,720575940618728475,LA_L,1,0,1,Same Princeton detector only; equality is an empirical dataset-integrity check
720575940618743709,720575940605546208,LA_R,30,30,0,Same Princeton detector only; equality is an empirical dataset-integrity check
720575940618743709,720575940618381012,LA_R,24,24,0,Same Princeton detector only; equality is an empirical dataset-integrity check
720575940618743709,720575940618743709,LA_R,9,0,9,Same Princeton detector only; equality is an empirical dataset-integrity check
720575940618743709,720575940623948841,LA_R,2,2,0,Same Princeton detector only; equality is an empirical dataset-integrity check
720575940618743709,720575940628301384,LA_R,1,1,0,Same Princeton detector only; equality is an empirical dataset-integrity check
720575940618743709,720575940631261911,LA_R,26,26,0,Same Princeton detector only; equality is an empirical dataset-integrity check
720575940618743709,720575940632958946,LA_R,3,3,0,Same Princeton detector only; equality is an empirical dataset-integrity check
720575940618768806,720575940610871475,GNG,1,1,0,Same Princeton detector only; equality is an empirical dataset-integrity check
720575940618768806,720575940611367282,GNG,1,1,0,Same Princeton detector only; equality is an empirical dataset-integrity check
720575940618768806,720575940618768806,GNG,2,0,2,Same Princeton detector only; equality is an empirical dataset-integrity check
720575940618768806,720575940621821787,GNG,2,2,0,Same Princeton detector only; equality is an empirical dataset-integrity check
720575940618768806,720575940624113993,GNG,1,1,0,Same Princeton detector only; equality is an empirical dataset-integrity check
720575940618768806,720575940624518328,GNG,2,2,0,Same Princeton detector only; equality is an empirical dataset-integrity check
720575940618768806,720575940626710727,GNG,1,1,0,Same Princeton detector only; equality is an empirical dataset-integrity check
720575940618768806,720575940628506871,GNG,1,1,0,Same Princeton detector only; equality is an empirical dataset-integrity check
720575940618768806,720575940632268333,GNG,1,1,0,Same Princeton detector only; equality is an empirical dataset-integrity check
720575940618816340,720575940611532664,LA_R,2,2,0,Same Princeton detector only; equality is an empirical dataset-integrity check
720575940618818395,720575940618768806,GNG,1,1,0,Same Princeton detector only; equality is an empirical dataset-integrity check
720575940618818395,720575940619904380,,1,0,1,Same Princeton detector only; equality is an empirical dataset-integrity check
720575940618818395,720575940619904380,UNASGD,0,1,-1,Same Princeton detector only; equality is an empirical dataset-integrity check
720575940618849537,720575940609236060,LA_L,47,47,0,Same Princeton detector only; equality is an empirical dataset-integrity check
720575940618849537,720575940609659145,LA_L,4,4,0,Same Princeton detector only; equality is an empirical dataset-integrity check
720575940618849537,720575940616920844,LA_L,1,1,0,Same Princeton detector only; equality is an empirical dataset-integrity check
720575940618849537,720575940618219067,LA_L,45,45,0,Same Princeton detector only; equality is an empirical dataset-integrity check
720575940618849537,720575940618849537,LA_L,19,0,19,Same Princeton detector only; equality is an empirical dataset-integrity check
720575940618849537,720575940622444020,LA_L,29,29,0,Same Princeton detector only; equality is an empirical dataset-integrity check
720575940618849537,720575940626907082,LA_L,1,1,0,Same Princeton detector only; equality is an empirical dataset-integrity check
720575940618849537,720575940633482285,LA_L,1,1,0,Same Princeton detector only; equality is an empirical dataset-integrity check
720575940618863553,720575940618863553,GNG,1,0,1,Same Princeton detector only; equality is an empirical dataset-integrity check
720575940618864724,720575940614519021,LA_L,49,49,0,Same Princeton detector only; equality is an empirical dataset-integrity check
720575940618864724,720575940615453602,LA_L,7,7,0,Same Princeton detector only; equality is an empirical dataset-integrity check
720575940618864724,720575940618864724,LA_L,15,0,15,Same Princeton detector only; equality is an empirical dataset-integrity check
720575940618864724,720575940621274689,LA_L,22,22,0,Same Princeton detector only; equality is an empirical dataset-integrity check
720575940618864724,720575940621800795,LA_L,1,1,0,Same Princeton detector only; equality is an empirical dataset-integrity check
720575940618864724,720575940625615847,LA_L,2,2,0,Same Princeton detector only; equality is an empirical dataset-integrity check
720575940618864724,720575940629060614,LA_L,1,1,0,Same Princeton detector only; equality is an empirical dataset-integrity check
720575940618864724,720575940636916910,LA_L,56,56,0,Same Princeton detector only; equality is an empirical dataset-integrity check
720575940618864724,720575940637439077,LA_L,1,1,0,Same Princeton detector only; equality is an empirical dataset-integrity check
720575940618876317,720575940609703179,LA_R,1,1,0,Same Princeton detector only; equality is an empirical dataset-integrity check
720575940618878209,720575940616710412,LA_L,2,2,0,Same Princeton detector only; equality is an empirical dataset-integrity check
720575940618916125,720575940618916125,,1,0,1,Same Princeton detector only; equality is an empirical dataset-integrity check
720575940618916125,720575940618916125,LA_L,27,0,27,Same Princeton detector only; equality is an empirical dataset-integrity check
720575940618916125,720575940626559280,,2,0,2,Same Princeton detector only; equality is an empirical dataset-integrity check
720575940618916125,720575940626559280,UNASGD,0,2,-2,Same Princeton detector only; equality is an empirical dataset-integrity check
720575940618937654,720575940621482667,LA_L,1,1,0,Same Princeton detector only; equality is an empirical dataset-integrity check
720575940618939205,720575940637390181,ME_L,1,1,0,Same Princeton detector only; equality is an empirical dataset-integrity check
720575940618945793,720575940612326606,ME_L,1,1,0,Same Princeton detector only; equality is an empirical dataset-integrity check
720575940619026715,720575940609221900,LA_L,1,1,0,Same Princeton detector only; equality is an empirical dataset-integrity check
720575940619065664,720575940609023068,LA_R,1,1,0,Same Princeton detector only; equality is an empirical dataset-integrity check
720575940619065664,720575940610664601,LA_R,10,10,0,Same Princeton detector only; equality is an empirical dataset-integrity check
720575940619065664,720575940613866098,LA_R,40,40,0,Same Princeton detector only; equality is an empirical dataset-integrity check
720575940619065664,720575940618381012,LA_R,12,12,0,Same Princeton detector only; equality is an empirical dataset-integrity check
720575940619065664,720575940619065664,LA_R,18,0,18,Same Princeton detector only; equality is an empirical dataset-integrity check
720575940619065664,720575940622190452,LA_R,1,1,0,Same Princeton detector only; equality is an empirical dataset-integrity check
720575940619065664,720575940625798332,LA_R,38,38,0,Same Princeton detector only; equality is an empirical dataset-integrity check
720575940619065664,720575940626023608,LA_R,7,7,0,Same Princeton detector only; equality is an empirical dataset-integrity check
720575940619065664,720575940629172779,LA_R,1,1,0,Same Princeton detector only; equality is an empirical dataset-integrity check
720575940619137605,720575940624338058,,1,0,1,Same Princeton detector only; equality is an empirical dataset-integrity check
720575940619137605,720575940624338058,UNASGD,0,1,-1,Same Princeton detector only; equality is an empirical dataset-integrity check
720575940619193264,720575940609307854,GNG,1,1,0,Same Princeton detector only; equality is an empirical dataset-integrity check
720575940619193264,720575940612012207,GNG,3,3,0,Same Princeton detector only; equality is an empirical dataset-integrity check
720575940619193264,720575940617113501,GNG,1,1,0,Same Princeton detector only; equality is an empirical dataset-integrity check
720575940619193264,720575940619193264,GNG,10,0,10,Same Princeton detector only; equality is an empirical dataset-integrity check
720575940619193264,720575940632898105,GNG,3,3,0,Same Princeton detector only; equality is an empirical dataset-integrity check
720575940619193264,720575940642369736,GNG,3,3,0,Same Princeton detector only; equality is an empirical dataset-integrity check
720575940619193264,720575940654222241,GNG,1,1,0,Same Princeton detector only; equality is an empirical dataset-integrity check
720575940619257157,720575940620797643,LA_L,1,1,0,Same Princeton detector only; equality is an empirical dataset-integrity check
720575940619290944,720575940631647173,LA_R,2,2,0,Same Princeton detector only; equality is an empirical dataset-integrity check
720575940619378590,720575940616710412,LA_L,1,1,0,Same Princeton detector only; equality is an empirical dataset-integrity check
720575940619381108,720575940608770313,GNG,1,1,0,Same Princeton detector only; equality is an empirical dataset-integrity check
720575940619381108,720575940609824369,GNG,1,1,0,Same Princeton detector only; equality is an empirical dataset-integrity check
720575940619381108,720575940612066735,GNG,1,1,0,Same Princeton detector only; equality is an empirical dataset-integrity check
720575940619381108,720575940612683670,GNG,1,1,0,Same Princeton detector only; equality is an empirical dataset-integrity check
720575940619381108,720575940613814971,GNG,1,1,0,Same Princeton detector only; equality is an empirical dataset-integrity check
720575940619381108,720575940615346617,GNG,1,1,0,Same Princeton detector only; equality is an empirical dataset-integrity check
720575940619381108,720575940617244445,GNG,1,1,0,Same Princeton detector only; equality is an empirical dataset-integrity check
720575940619381108,720575940617440802,GNG,1,1,0,Same Princeton detector only; equality is an empirical dataset-integrity check
720575940619381108,720575940619381108,GNG,9,0,9,Same Princeton detector only; equality is an empirical dataset-integrity check
720575940619381108,720575940619740550,GNG,1,1,0,Same Princeton detector only; equality is an empirical dataset-integrity check
720575940619381108,720575940620595883,GNG,1,1,0,Same Princeton detector only; equality is an empirical dataset-integrity check
720575940619381108,720575940620815896,GNG,1,1,0,Same Princeton detector only; equality is an empirical dataset-integrity check
720575940619381108,720575940621477312,GNG,2,2,0,Same Princeton detector only; equality is an empirical dataset-integrity check
720575940619381108,720575940621636988,GNG,2,2,0,Same Princeton detector only; equality is an empirical dataset-integrity check
720575940619381108,720575940621762567,GNG,1,1,0,Same Princeton detector only; equality is an empirical dataset-integrity check
720575940619381108,720575940621821787,GNG,7,7,0,Same Princeton detector only; equality is an empirical dataset-integrity check
720575940619381108,720575940622352764,GNG,1,1,0,Same Princeton detector only; equality is an empirical dataset-integrity check
720575940619381108,720575940624007694,GNG,3,3,0,Same Princeton detector only; equality is an empirical dataset-integrity check
720575940619381108,720575940624082931,GNG,2,2,0,Same Princeton detector only; equality is an empirical dataset-integrity check
720575940619381108,720575940624679463,GNG,1,1,0,Same Princeton detector only; equality is an empirical dataset-integrity check
720575940619381108,720575940625000200,GNG,1,1,0,Same Princeton detector only; equality is an empirical dataset-integrity check
720575940619381108,720575940626710727,GNG,3,3,0,Same Princeton detector only; equality is an empirical dataset-integrity check
720575940619381108,720575940629921099,GNG,5,5,0,Same Princeton detector only; equality is an empirical dataset-integrity check
720575940619381108,720575940630768707,GNG,9,9,0,Same Princeton detector only; equality is an empirical dataset-integrity check
720575940619381108,720575940630788882,GNG,3,3,0,Same Princeton detector only; equality is an empirical dataset-integrity check
720575940619381108,720575940632725708,GNG,2,2,0,Same Princeton detector only; equality is an empirical dataset-integrity check
720575940619381108,720575940632898105,GNG,1,1,0,Same Princeton detector only; equality is an empirical dataset-integrity check
720575940619381108,720575940636671886,GNG,1,1,0,Same Princeton detector only; equality is an empirical dataset-integrity check
720575940619381108,720575940637548260,GNG,1,1,0,Same Princeton detector only; equality is an empirical dataset-integrity check
720575940619381108,720575940642478792,GNG,1,1,0,Same Princeton detector only; equality is an empirical dataset-integrity check
720575940619381108,720575940643817888,GNG,2,2,0,Same Princeton detector only; equality is an empirical dataset-integrity check
720575940619381108,720575940645753476,GNG,1,1,0,Same Princeton detector only; equality is an empirical dataset-integrity check
720575940619381108,720575940647029556,GNG,1,1,0,Same Princeton detector only; equality is an empirical dataset-integrity check
720575940619423216,720575940605287358,GNG,4,4,0,Same Princeton detector only; equality is an empirical dataset-integrity check
720575940619423216,720575940605656521,GNG,1,1,0,Same Princeton detector only; equality is an empirical dataset-integrity check
720575940619423216,720575940610284441,GNG,1,1,0,Same Princeton detector only; equality is an empirical dataset-integrity check
720575940619423216,720575940619423216,GNG,5,0,5,Same Princeton detector only; equality is an empirical dataset-integrity check
720575940619423216,720575940619939188,GNG,1,1,0,Same Princeton detector only; equality is an empirical dataset-integrity check
720575940619423216,720575940623457535,GNG,1,1,0,Same Princeton detector only; equality is an empirical dataset-integrity check
720575940619423216,720575940624943084,GNG,6,6,0,Same Princeton detector only; equality is an empirical dataset-integrity check
720575940619423216,720575940626993950,GNG,2,2,0,Same Princeton detector only; equality is an empirical dataset-integrity check
720575940619423216,720575940629202962,GNG,1,1,0,Same Princeton detector only; equality is an empirical dataset-integrity check
720575940619423216,720575940630569413,GNG,1,1,0,Same Princeton detector only; equality is an empirical dataset-integrity check
720575940619423216,720575940631651810,GNG,1,1,0,Same Princeton detector only; equality is an empirical dataset-integrity check
720575940619423216,720575940632898105,GNG,2,2,0,Same Princeton detector only; equality is an empirical dataset-integrity check
720575940619423216,720575940640140733,GNG,1,1,0,Same Princeton detector only; equality is an empirical dataset-integrity check
720575940619423216,720575940640422016,GNG,1,1,0,Same Princeton detector only; equality is an empirical dataset-integrity check
720575940619423216,720575940641811419,GNG,4,4,0,Same Princeton detector only; equality is an empirical dataset-integrity check
720575940619434587,720575940619434587,,2,0,2,Same Princeton detector only; equality is an empirical dataset-integrity check
720575940619434587,720575940619434587,GNG,1,0,1,Same Princeton detector only; equality is an empirical dataset-integrity check
720575940619434587,720575940630810486,GNG,1,1,0,Same Princeton detector only; equality is an empirical dataset-integrity check
720575940619475870,720575940623823240,,1,0,1,Same Princeton detector only; equality is an empirical dataset-integrity check
720575940619475870,720575940623823240,UNASGD,0,1,-1,Same Princeton detector only; equality is an empirical dataset-integrity check
720575940619485248,720575940621338246,ME_L,11,11,0,Same Princeton detector only; equality is an empirical dataset-integrity check
720575940619504507,720575940638616922,LA_R,3,3,0,Same Princeton detector only; equality is an empirical dataset-integrity check
720575940619518667,720575940625929765,GNG,1,1,0,Same Princeton detector only; equality is an empirical dataset-integrity check
720575940619552054,720575940627873299,LA_R,2,2,0,Same Princeton detector only; equality is an empirical dataset-integrity check
720575940619643771,720575940637470627,GNG,1,1,0,Same Princeton detector only; equality is an empirical dataset-integrity check
720575940619663239,720575940620320193,AMMC_L,1,1,0,Same Princeton detector only; equality is an empirical dataset-integrity check
720575940619753057,720575940618718977,LA_R,2,2,0,Same Princeton detector only; equality is an empirical dataset-integrity check
720575940619877022,720575940605838560,LA_R,5,5,0,Same Princeton detector only; equality is an empirical dataset-integrity check
720575940619877022,720575940612075618,LA_R,16,16,0,Same Princeton detector only; equality is an empirical dataset-integrity check
720575940619877022,720575940612672986,LA_R,2,2,0,Same Princeton detector only; equality is an empirical dataset-integrity check
720575940619877022,720575940612877937,LA_R,33,33,0,Same Princeton detector only; equality is an empirical dataset-integrity check
720575940619877022,720575940613387178,LA_R,1,1,0,Same Princeton detector only; equality is an empirical dataset-integrity check
720575940619877022,720575940619877022,LA_R,18,0,18,Same Princeton detector only; equality is an empirical dataset-integrity check
720575940619877022,720575940622681950,LA_R,2,2,0,Same Princeton detector only; equality is an empirical dataset-integrity check
720575940619877022,720575940626014734,LA_R,36,36,0,Same Princeton detector only; equality is an empirical dataset-integrity check
720575940619904380,720575940618818395,GNG,1,1,0,Same Princeton detector only; equality is an empirical dataset-integrity check
720575940619904380,720575940619904380,GNG,2,0,2,Same Princeton detector only; equality is an empirical dataset-integrity check
720575940619904380,720575940623498876,GNG,1,1,0,Same Princeton detector only; equality is an empirical dataset-integrity check
720575940619904380,720575940632898105,GNG,2,2,0,Same Princeton detector only; equality is an empirical dataset-integrity check
720575940619910177,720575940626668443,GNG,1,1,0,Same Princeton detector only; equality is an empirical dataset-integrity check
720575940619921310,720575940606631102,,2,0,2,Same Princeton detector only; equality is an empirical dataset-integrity check
720575940619921310,720575940606631102,UNASGD,0,2,-2,Same Princeton detector only; equality is an empirical dataset-integrity check
720575940619942859,720575940616042508,AMMC_L,1,1,0,Same Princeton detector only; equality is an empirical dataset-integrity check
720575940619969227,720575940616042508,SAD,1,1,0,Same Princeton detector only; equality is an empirical dataset-integrity check
720575940619984798,720575940618534289,,1,0,1,Same Princeton detector only; equality is an empirical dataset-integrity check
720575940619984798,720575940618534289,UNASGD,0,1,-1,Same Princeton detector only; equality is an empirical dataset-integrity check
720575940619984798,720575940619984798,LA_L,16,0,16,Same Princeton detector only; equality is an empirical dataset-integrity check
720575940619984798,720575940650875001,LA_L,1,1,0,Same Princeton detector only; equality is an empirical dataset-integrity check
720575940620119974,720575940638872553,LA_L,3,3,0,Same Princeton detector only; equality is an empirical dataset-integrity check
720575940620123953,720575940630947292,LA_L,1,1,0,Same Princeton detector only; equality is an empirical dataset-integrity check
720575940620126043,720575940613196261,LA_R,1,1,0,Same Princeton detector only; equality is an empirical dataset-integrity check
720575940620129950,720575940621667462,LA_R,1,1,0,Same Princeton detector only; equality is an empirical dataset-integrity check
720575940620174040,720575940614839215,LA_R,1,1,0,Same Princeton detector only; equality is an empirical dataset-integrity check
720575940620174040,720575940633561887,LA_R,1,1,0,Same Princeton detector only; equality is an empirical dataset-integrity check
720575940620189004,720575940633816986,GNG,1,1,0,Same Princeton detector only; equality is an empirical dataset-integrity check
720575940620223326,720575940625125640,LA_R,1,1,0,Same Princeton detector only; equality is an empirical dataset-integrity check
720575940620229236,720575940628789064,LA_R,1,1,0,Same Princeton detector only; equality is an empirical dataset-integrity check
720575940620232920,720575940610718328,LA_R,1,1,0,Same Princeton detector only; equality is an empirical dataset-integrity check
720575940620232920,720575940618712221,LA_R,2,2,0,Same Princeton detector only; equality is an empirical dataset-integrity check
720575940620232920,720575940620232920,LA_R,12,0,12,Same Princeton detector only; equality is an empirical dataset-integrity check
720575940620232920,720575940622855924,LA_R,24,24,0,Same Princeton detector only; equality is an empirical dataset-integrity check
720575940620232920,720575940622895484,LA_R,1,1,0,Same Princeton detector only; equality is an empirical dataset-integrity check
720575940620232920,720575940625075453,LA_R,42,42,0,Same Princeton detector only; equality is an empirical dataset-integrity check
720575940620232920,720575940626912787,LA_R,33,33,0,Same Princeton detector only; equality is an empirical dataset-integrity check
720575940620232920,720575940627219300,LA_R,4,4,0,Same Princeton detector only; equality is an empirical dataset-integrity check
720575940620232920,720575940627707529,LA_R,37,37,0,Same Princeton detector only; equality is an empirical dataset-integrity check
720575940620236593,720575940620236593,LA_L,2,0,2,Same Princeton detector only; equality is an empirical dataset-integrity check
720575940620236593,720575940621149793,LA_L,3,3,0,Same Princeton detector only; equality is an empirical dataset-integrity check
720575940620236593,720575940622171252,LA_L,1,1,0,Same Princeton detector only; equality is an empirical dataset-integrity check
720575940620236593,720575940622997836,LA_L,1,1,0,Same Princeton detector only; equality is an empirical dataset-integrity check
720575940620236593,720575940625312264,LA_L,1,1,0,Same Princeton detector only; equality is an empirical dataset-integrity check
720575940620263384,720575940631750095,LA_R,3,3,0,Same Princeton detector only; equality is an empirical dataset-integrity check
720575940620275677,720575940611810001,GNG,1,1,0,Same Princeton detector only; equality is an empirical dataset-integrity check
720575940620320193,720575940616738390,SAD,2,2,0,Same Princeton detector only; equality is an empirical dataset-integrity check
720575940620320193,720575940618818395,SAD,1,1,0,Same Princeton detector only; equality is an empirical dataset-integrity check
720575940620320193,720575940619869120,SAD,1,1,0,Same Princeton detector only; equality is an empirical dataset-integrity check
720575940620320193,720575940620410177,AMMC_L,1,1,0,Same Princeton detector only; equality is an empirical dataset-integrity check
720575940620320193,720575940621010352,AMMC_L,2,2,0,Same Princeton detector only; equality is an empirical dataset-integrity check
720575940620320193,720575940621351412,SAD,3,3,0,Same Princeton detector only; equality is an empirical dataset-integrity check
720575940620320193,720575940621533867,SAD,2,2,0,Same Princeton detector only; equality is an empirical dataset-integrity check
720575940620320193,720575940622579967,SAD,8,8,0,Same Princeton detector only; equality is an empirical dataset-integrity check
720575940620320193,720575940624706062,SAD,2,2,0,Same Princeton detector only; equality is an empirical dataset-integrity check
720575940620320193,720575940625242314,SAD,1,1,0,Same Princeton detector only; equality is an empirical dataset-integrity check
720575940620320193,720575940627454730,SAD,3,3,0,Same Princeton detector only; equality is an empirical dataset-integrity check
720575940620320193,720575940631170346,,1,0,1,Same Princeton detector only; equality is an empirical dataset-integrity check
720575940620320193,720575940631170346,UNASGD,0,1,-1,Same Princeton detector only; equality is an empirical dataset-integrity check
720575940620320193,720575940631706107,SAD,6,6,0,Same Princeton detector only; equality is an empirical dataset-integrity check
720575940620320193,720575940634020508,SAD,2,2,0,Same Princeton detector only; equality is an empirical dataset-integrity check
720575940620320193,720575940634657632,SAD,1,1,0,Same Princeton detector only; equality is an empirical dataset-integrity check
720575940620320193,720575940642517284,,1,0,1,Same Princeton detector only; equality is an empirical dataset-integrity check
720575940620320193,720575940642517284,UNASGD,0,1,-1,Same Princeton detector only; equality is an empirical dataset-integrity check
720575940620320193,720575940644473760,SAD,1,1,0,Same Princeton detector only; equality is an empirical dataset-integrity check
720575940620320193,720575940660235649,SAD,4,4,0,Same Princeton detector only; equality is an empirical dataset-integrity check
720575940620332141,720575940629808911,SPS_R,1,1,0,Same Princeton detector only; equality is an empirical dataset-integrity check
720575940620352109,720575940619381108,GNG,1,1,0,Same Princeton detector only; equality is an empirical dataset-integrity check
720575940620360943,720575940629808911,ATL_R,1,1,0,Same Princeton detector only; equality is an empirical dataset-integrity check
720575940620417473,720575940618531618,LA_R,1,1,0,Same Princeton detector only; equality is an empirical dataset-integrity check
720575940620429904,720575940620722000,LA_R,1,1,0,Same Princeton detector only; equality is an empirical dataset-integrity check
720575940620482753,720575940618150105,LA_R,1,1,0,Same Princeton detector only; equality is an empirical dataset-integrity check
720575940620487248,720575940638577215,,1,0,1,Same Princeton detector only; equality is an empirical dataset-integrity check
720575940620487248,720575940638577215,UNASGD,0,1,-1,Same Princeton detector only; equality is an empirical dataset-integrity check
720575940620487504,720575940620487504,LA_L,11,0,11,Same Princeton detector only; equality is an empirical dataset-integrity check
720575940620488784,720575940620488784,,1,0,1,Same Princeton detector only; equality is an empirical dataset-integrity check
720575940620491712,720575940620647760,LA_R,3,3,0,Same Princeton detector only; equality is an empirical dataset-integrity check
720575940620527440,720575940640197949,LA_L,1,1,0,Same Princeton detector only; equality is an empirical dataset-integrity check
720575940620531761,720575940620531761,LA_L,9,0,9,Same Princeton detector only; equality is an empirical dataset-integrity check
720575940620531761,720575940634451169,LA_L,2,2,0,Same Princeton detector only; equality is an empirical dataset-integrity check
720575940620545616,720575940620545616,LA_L,5,0,5,Same Princeton detector only; equality is an empirical dataset-integrity check
720575940620556117,720575940620556117,LA_L,14,0,14,Same Princeton detector only; equality is an empirical dataset-integrity check
720575940620556117,720575940627146268,LA_L,5,5,0,Same Princeton detector only; equality is an empirical dataset-integrity check
720575940620556117,720575940636176888,LA_L,1,1,0,Same Princeton detector only; equality is an empirical dataset-integrity check
720575940620562773,720575940613138329,LA_L,1,1,0,Same Princeton detector only; equality is an empirical dataset-integrity check
720575940620562773,720575940620562773,LA_L,1,0,1,Same Princeton detector only; equality is an empirical dataset-integrity check
720575940620609262,720575940607773314,LA_R,2,2,0,Same Princeton detector only; equality is an empirical dataset-integrity check
720575940620621190,720575940629070155,GNG,1,1,0,Same Princeton detector only; equality is an empirical dataset-integrity check
720575940620622040,720575940613486762,LA_L,1,1,0,Same Princeton detector only; equality is an empirical dataset-integrity check
720575940620623320,720575940620623320,LA_L,12,0,12,Same Princeton detector only; equality is an empirical dataset-integrity check
720575940620628957,720575940629808911,IPS_R,1,1,0,Same Princeton detector only; equality is an empirical dataset-integrity check
720575940620629553,720575940606568126,LA_R,36,36,0,Same Princeton detector only; equality is an empirical dataset-integrity check
720575940620629553,720575940618557953,LA_R,3,3,0,Same Princeton detector only; equality is an empirical dataset-integrity check
720575940620629553,720575940620629553,LA_R,13,0,13,Same Princeton detector only; equality is an empirical dataset-integrity check
720575940620629553,720575940624485258,LA_R,26,26,0,Same Princeton detector only; equality is an empirical dataset-integrity check
720575940620629553,720575940628102013,LA_R,2,2,0,Same Princeton detector only; equality is an empirical dataset-integrity check
720575940620629553,720575940632281359,LA_R,19,19,0,Same Princeton detector only; equality is an empirical dataset-integrity check
720575940620629553,720575940635567979,LA_R,14,14,0,Same Princeton detector only; equality is an empirical dataset-integrity check
720575940620637776,720575940620753744,LA_R,1,1,0,Same Princeton detector only; equality is an empirical dataset-integrity check
720575940620637776,720575940645941027,LA_R,1,1,0,Same Princeton detector only; equality is an empirical dataset-integrity check
720575940620647760,720575940608985867,LA_R,2,2,0,Same Princeton detector only; equality is an empirical dataset-integrity check
720575940620647760,720575940618936221,LA_R,23,23,0,Same Princeton detector only; equality is an empirical dataset-integrity check
720575940620647760,720575940620491712,LA_R,61,61,0,Same Princeton detector only; equality is an empirical dataset-integrity check
720575940620647760,720575940620647760,LA_R,22,0,22,Same Princeton detector only; equality is an empirical dataset-integrity check
720575940620647760,720575940623732991,LA_R,1,1,0,Same Princeton detector only; equality is an empirical dataset-integrity check
720575940620647760,720575940626242864,LA_R,2,2,0,Same Princeton detector only; equality is an empirical dataset-integrity check
720575940620647760,720575940636619621,LA_R,17,17,0,Same Princeton detector only; equality is an empirical dataset-integrity check
720575940620647760,720575940639460467,LA_R,3,3,0,Same Princeton detector only; equality is an empirical dataset-integrity check
720575940620647760,720575940640383054,LA_R,2,2,0,Same Princeton detector only; equality is an empirical dataset-integrity check
720575940620652564,720575940621193051,LA_R,1,1,0,Same Princeton detector only; equality is an empirical dataset-integrity check
720575940620652564,720575940624139305,LA_R,1,1,0,Same Princeton detector only; equality is an empirical dataset-integrity check
720575940620661675,720575940625929765,,1,0,1,Same Princeton detector only; equality is an empirical dataset-integrity check
720575940620661675,720575940625929765,UNASGD,0,1,-1,Same Princeton detector only; equality is an empirical dataset-integrity check
720575940620665680,720575940606072748,LA_L,3,3,0,Same Princeton detector only; equality is an empirical dataset-integrity check
720575940620665680,720575940620665680,LA_L,18,0,18,Same Princeton detector only; equality is an empirical dataset-integrity check
720575940620665680,720575940620762758,LA_L,2,2,0,Same Princeton detector only; equality is an empirical dataset-integrity check
720575940620665680,720575940630201794,LA_L,3,3,0,Same Princeton detector only; equality is an empirical dataset-integrity check
720575940620665680,720575940635898266,LA_L,15,15,0,Same Princeton detector only; equality is an empirical dataset-integrity check
720575940620665680,720575940635946091,LA_L,44,44,0,Same Princeton detector only; equality is an empirical dataset-integrity check
720575940620665680,720575940637491934,LA_L,1,1,0,Same Princeton detector only; equality is an empirical dataset-integrity check
720575940620665680,720575940637527182,LA_L,1,1,0,Same Princeton detector only; equality is an empirical dataset-integrity check
720575940620665680,720575940652335862,LA_L,43,43,0,Same Princeton detector only; equality is an empirical dataset-integrity check
720575940620666315,720575940612075618,LA_R,21,21,0,Same Princeton detector only; equality is an empirical dataset-integrity check
720575940620666315,720575940612877937,LA_R,42,42,0,Same Princeton detector only; equality is an empirical dataset-integrity check
720575940620666315,720575940613387178,LA_R,1,1,0,Same Princeton detector only; equality is an empirical dataset-integrity check
720575940620666315,720575940620666315,LA_R,19,0,19,Same Princeton detector only; equality is an empirical dataset-integrity check
720575940620666315,720575940621320128,LA_R,1,1,0,Same Princeton detector only; equality is an empirical dataset-integrity check
720575940620666315,720575940626014734,LA_R,47,47,0,Same Princeton detector only; equality is an empirical dataset-integrity check
720575940620666315,720575940630910070,LA_R,2,2,0,Same Princeton detector only; equality is an empirical dataset-integrity check
720575940620666315,720575940645803630,LA_R,1,1,0,Same Princeton detector only; equality is an empirical dataset-integrity check
720575940620666315,720575940653304566,LA_R,3,3,0,Same Princeton detector only; equality is an empirical dataset-integrity check
720575940620698048,720575940638872553,LA_L,1,1,0,Same Princeton detector only; equality is an empirical dataset-integrity check
720575940620702155,720575940648702084,LA_R,1,1,0,Same Princeton detector only; equality is an empirical dataset-integrity check
720575940620722000,720575940612399822,LA_R,17,17,0,Same Princeton detector only; equality is an empirical dataset-integrity check
720575940620722000,720575940613213682,LA_R,4,4,0,Same Princeton detector only; equality is an empirical dataset-integrity check
720575940620722000,720575940620722000,LA_R,13,0,13,Same Princeton detector only; equality is an empirical dataset-integrity check
720575940620722000,720575940620827156,LA_R,34,34,0,Same Princeton detector only; equality is an empirical dataset-integrity check
720575940620722000,720575940624038340,LA_R,45,45,0,Same Princeton detector only; equality is an empirical dataset-integrity check
720575940620722000,720575940655781025,LA_R,1,1,0,Same Princeton detector only; equality is an empirical dataset-integrity check
720575940620724160,720575940647229219,LA_R,1,1,0,Same Princeton detector only; equality is an empirical dataset-integrity check
720575940620753744,720575940620637776,LA_R,23,23,0,Same Princeton detector only; equality is an empirical dataset-integrity check
720575940620753744,720575940620753744,LA_R,15,0,15,Same Princeton detector only; equality is an empirical dataset-integrity check
720575940620753744,720575940621204941,LA_R,1,1,0,Same Princeton detector only; equality is an empirical dataset-integrity check
720575940620753744,720575940622173790,LA_R,1,1,0,Same Princeton detector only; equality is an empirical dataset-integrity check
720575940620753744,720575940622638106,LA_R,39,39,0,Same Princeton detector only; equality is an empirical dataset-integrity check
720575940620753744,720575940630250139,LA_R,2,2,0,Same Princeton detector only; equality is an empirical dataset-integrity check
720575940620753744,720575940640017597,LA_R,1,1,0,Same Princeton detector only; equality is an empirical dataset-integrity check
720575940620753744,720575940644555168,LA_R,48,48,0,Same Princeton detector only; equality is an empirical dataset-integrity check
720575940620753744,720575940645941027,LA_R,2,2,0,Same Princeton detector only; equality is an empirical dataset-integrity check
720575940620764692,720575940631592017,SPS_L,1,1,0,Same Princeton detector only; equality is an empirical dataset-integrity check
720575940620785869,720575940617216576,GNG,1,1,0,Same Princeton detector only; equality is an empirical dataset-integrity check
720575940620785869,720575940620785869,GNG,4,0,4,Same Princeton detector only; equality is an empirical dataset-integrity check
720575940620785869,720575940621235276,GNG,1,1,0,Same Princeton detector only; equality is an empirical dataset-integrity check
720575940620785869,720575940621821787,GNG,1,1,0,Same Princeton detector only; equality is an empirical dataset-integrity check
720575940620785869,720575940621840297,GNG,1,1,0,Same Princeton detector only; equality is an empirical dataset-integrity check
720575940620785869,720575940624679463,GNG,2,2,0,Same Princeton detector only; equality is an empirical dataset-integrity check
720575940620785869,720575940625996677,GNG,4,4,0,Same Princeton detector only; equality is an empirical dataset-integrity check
720575940620785869,720575940626639259,GNG,2,2,0,Same Princeton detector only; equality is an empirical dataset-integrity check
720575940620785869,720575940628129129,GNG,1,1,0,Same Princeton detector only; equality is an empirical dataset-integrity check
720575940620785869,720575940630326479,GNG,1,1,0,Same Princeton detector only; equality is an empirical dataset-integrity check
720575940620785869,720575940631414180,GNG,1,1,0,Same Princeton detector only; equality is an empirical dataset-integrity check
720575940620785869,720575940631651810,GNG,2,2,0,Same Princeton detector only; equality is an empirical dataset-integrity check
720575940620785869,720575940632045839,GNG,1,1,0,Same Princeton detector only; equality is an empirical dataset-integrity check
720575940620785869,720575940632163923,GNG,1,1,0,Same Princeton detector only; equality is an empirical dataset-integrity check
720575940620785869,720575940634525303,GNG,1,1,0,Same Princeton detector only; equality is an empirical dataset-integrity check
720575940620785869,720575940635776760,GNG,5,5,0,Same Princeton detector only; equality is an empirical dataset-integrity check
720575940620785869,720575940639021757,GNG,1,1,0,Same Princeton detector only; equality is an empirical dataset-integrity check
720575940620785869,720575940639802685,GNG,1,1,0,Same Princeton detector only; equality is an empirical dataset-integrity check
720575940620785869,720575940644088855,GNG,1,1,0,Same Princeton detector only; equality is an empirical dataset-integrity check
720575940620797131,720575940620797131,LA_L,11,0,11,Same Princeton detector only; equality is an empirical dataset-integrity check
720575940620797643,720575940613353701,LA_L,1,1,0,Same Princeton detector only; equality is an empirical dataset-integrity check
720575940620797643,720575940620797643,LA_L,21,0,21,Same Princeton detector only; equality is an empirical dataset-integrity check
720575940620797643,720575940628050831,LA_L,36,36,0,Same Princeton detector only; equality is an empirical dataset-integrity check
720575940620797643,720575940630091163,LA_L,34,34,0,Same Princeton detector only; equality is an empirical dataset-integrity check
720575940620797643,720575940632092367,LA_L,9,9,0,Same Princeton detector only; equality is an empirical dataset-integrity check
720575940620797643,720575940638011760,LA_L,1,1,0,Same Princeton detector only; equality is an empirical dataset-integrity check
720575940620862051,720575940618109460,GNG,1,1,0,Same Princeton detector only; equality is an empirical dataset-integrity check
720575940620882603,720575940609778289,GNG,1,1,0,Same Princeton detector only; equality is an empirical dataset-integrity check
720575940620882603,720575940611810001,GNG,1,1,0,Same Princeton detector only; equality is an empirical dataset-integrity check
720575940620885157,720575940620885157,,1,0,1,Same Princeton detector only; equality is an empirical dataset-integrity check
720575940620886693,720575940620886693,LA_L,1,0,1,Same Princeton detector only; equality is an empirical dataset-integrity check
720575940620897227,720575940622703640,LA_R,1,1,0,Same Princeton detector only; equality is an empirical dataset-integrity check
720575940620910774,720575940616042508,AMMC_L,2,2,0,Same Princeton detector only; equality is an empirical dataset-integrity check
720575940620929365,720575940619984798,,1,0,1,Same Princeton detector only; equality is an empirical dataset-integrity check
720575940620929365,720575940619984798,UNASGD,0,1,-1,Same Princeton detector only; equality is an empirical dataset-integrity check
720575940620941038,720575940607773314,LA_R,2,2,0,Same Princeton detector only; equality is an empirical dataset-integrity check
720575940620944037,720575940620944037,LA_L,13,0,13,Same Princeton detector only; equality is an empirical dataset-integrity check
720575940620944037,720575940623335715,LA_L,1,1,0,Same Princeton detector only; equality is an empirical dataset-integrity check
720575940620992165,720575940624870217,LA_R,3,3,0,Same Princeton detector only; equality is an empirical dataset-integrity check
720575940621062986,720575940645991278,LA_R,2,2,0,Same Princeton detector only; equality is an empirical dataset-integrity check
720575940621083557,720575940606578790,LA_L,1,1,0,Same Princeton detector only; equality is an empirical dataset-integrity check
720575940621090213,720575940607755721,LA_R,24,24,0,Same Princeton detector only; equality is an empirical dataset-integrity check
720575940621090213,720575940620620112,LA_R,1,1,0,Same Princeton detector only; equality is an empirical dataset-integrity check
720575940621090213,720575940621090213,LA_R,15,0,15,Same Princeton detector only; equality is an empirical dataset-integrity check
720575940621090213,720575940621292992,LA_R,44,44,0,Same Princeton detector only; equality is an empirical dataset-integrity check
720575940621090213,720575940622799898,LA_R,1,1,0,Same Princeton detector only; equality is an empirical dataset-integrity check
720575940621090213,720575940632182058,LA_R,6,6,0,Same Princeton detector only; equality is an empirical dataset-integrity check
720575940621090213,720575940640410702,LA_R,6,6,0,Same Princeton detector only; equality is an empirical dataset-integrity check
720575940621103269,720575940612970262,LA_R,35,35,0,Same Princeton detector only; equality is an empirical dataset-integrity check
720575940621103269,720575940616572063,LA_R,16,16,0,Same Princeton detector only; equality is an empirical dataset-integrity check
720575940621103269,720575940618489318,LA_R,5,5,0,Same Princeton detector only; equality is an empirical dataset-integrity check
720575940621103269,720575940621103269,LA_R,13,0,13,Same Princeton detector only; equality is an empirical dataset-integrity check
720575940621103269,720575940622788702,LA_R,29,29,0,Same Princeton detector only; equality is an empirical dataset-integrity check
720575940621103269,720575940627181828,LA_R,1,1,0,Same Princeton detector only; equality is an empirical dataset-integrity check
720575940621103269,720575940627935058,LA_R,15,15,0,Same Princeton detector only; equality is an empirical dataset-integrity check
720575940621103269,720575940628358662,LA_R,2,2,0,Same Princeton detector only; equality is an empirical dataset-integrity check
720575940621103269,720575940630485626,LA_R,1,1,0,Same Princeton detector only; equality is an empirical dataset-integrity check
720575940621103269,720575940633188492,LA_R,1,1,0,Same Princeton detector only; equality is an empirical dataset-integrity check
720575940621144198,720575940621144198,LA_L,8,0,8,Same Princeton detector only; equality is an empirical dataset-integrity check
720575940621157887,720575940610309034,GNG,2,2,0,Same Princeton detector only; equality is an empirical dataset-integrity check
720575940621157887,720575940611692467,GNG,1,1,0,Same Princeton detector only; equality is an empirical dataset-integrity check
720575940621157887,720575940613814971,GNG,3,3,0,Same Princeton detector only; equality is an empirical dataset-integrity check
720575940621157887,720575940615385798,GNG,1,1,0,Same Princeton detector only; equality is an empirical dataset-integrity check
720575940621157887,720575940617689816,GNG,1,1,0,Same Princeton detector only; equality is an empirical dataset-integrity check
720575940621157887,720575940621157887,GNG,10,0,10,Same Princeton detector only; equality is an empirical dataset-integrity check
720575940621157887,720575940621477312,GNG,6,6,0,Same Princeton detector only; equality is an empirical dataset-integrity check
720575940621157887,720575940621534273,GNG,2,2,0,Same Princeton detector only; equality is an empirical dataset-integrity check
720575940621157887,720575940621821787,GNG,5,5,0,Same Princeton detector only; equality is an empirical dataset-integrity check
720575940621157887,720575940624234242,GNG,1,1,0,Same Princeton detector only; equality is an empirical dataset-integrity check
720575940621157887,720575940625596647,GNG,1,1,0,Same Princeton detector only; equality is an empirical dataset-integrity check
720575940621157887,720575940626524702,GNG,1,1,0,Same Princeton detector only; equality is an empirical dataset-integrity check
720575940621157887,720575940627645263,GNG,2,2,0,Same Princeton detector only; equality is an empirical dataset-integrity check
720575940621157887,720575940630768707,GNG,10,10,0,Same Princeton detector only; equality is an empirical dataset-integrity check
720575940621157887,720575940631335491,GNG,1,1,0,Same Princeton detector only; equality is an empirical dataset-integrity check
720575940621157887,720575940634525303,GNG,3,3,0,Same Princeton detector only; equality is an empirical dataset-integrity check
720575940621157887,720575940635242126,GNG,1,1,0,Same Princeton detector only; equality is an empirical dataset-integrity check
720575940621157887,720575940636098367,GNG,1,1,0,Same Princeton detector only; equality is an empirical dataset-integrity check
720575940621157887,720575940642478792,GNG,1,1,0,Same Princeton detector only; equality is an empirical dataset-integrity check
720575940621157887,720575940647029556,GNG,3,3,0,Same Princeton detector only; equality is an empirical dataset-integrity check
720575940621181830,720575940622303216,LA_R,1,1,0,Same Princeton detector only; equality is an empirical dataset-integrity check
720575940621181830,720575940647229219,LA_R,1,1,0,Same Princeton detector only; equality is an empirical dataset-integrity check
720575940621185556,720575940661099137,LA_L,1,1,0,Same Princeton detector only; equality is an empirical dataset-integrity check
720575940621191407,720575940620629553,LA_R,2,2,0,Same Princeton detector only; equality is an empirical dataset-integrity check
720575940621191407,720575940622799137,LA_R,1,1,0,Same Princeton detector only; equality is an empirical dataset-integrity check
720575940621191407,720575940628442389,LA_R,1,1,0,Same Princeton detector only; equality is an empirical dataset-integrity check
720575940621193051,720575940605376224,LA_R,46,46,0,Same Princeton detector only; equality is an empirical dataset-integrity check
720575940621193051,720575940606554558,LA_R,11,11,0,Same Princeton detector only; equality is an empirical dataset-integrity check
720575940621193051,720575940618381012,LA_R,26,26,0,Same Princeton detector only; equality is an empirical dataset-integrity check
720575940621193051,720575940621193051,LA_R,20,0,20,Same Princeton detector only; equality is an empirical dataset-integrity check
720575940621193051,720575940622074790,LA_R,53,53,0,Same Princeton detector only; equality is an empirical dataset-integrity check
720575940621193051,720575940624297608,LA_R,2,2,0,Same Princeton detector only; equality is an empirical dataset-integrity check
720575940621193051,720575940632565059,LA_R,4,4,0,Same Princeton detector only; equality is an empirical dataset-integrity check
720575940621193051,720575940634449890,LA_R,1,1,0,Same Princeton detector only; equality is an empirical dataset-integrity check
720575940621204941,720575940620753744,LA_R,2,2,0,Same Princeton detector only; equality is an empirical dataset-integrity check
720575940621253590,720575940608224178,LA_L,1,1,0,Same Princeton detector only; equality is an empirical dataset-integrity check
720575940621283675,720575940621500070,LA_R,1,1,0,Same Princeton detector only; equality is an empirical dataset-integrity check
720575940621283760,720575940626896145,PB,1,1,0,Same Princeton detector only; equality is an empirical dataset-integrity check
720575940621292992,720575940655596193,LA_R,1,1,0,Same Princeton detector only; equality is an empirical dataset-integrity check
720575940621294218,720575940621294218,GNG,3,0,3,Same Princeton detector only; equality is an empirical dataset-integrity check
720575940621320107,720575940621489243,LA_R,1,1,0,Same Princeton detector only; equality is an empirical dataset-integrity check
720575940621320128,720575940620666315,LA_R,1,1,0,Same Princeton detector only; equality is an empirical dataset-integrity check
720575940621323247,720575940624103827,LA_L,1,1,0,Same Princeton detector only; equality is an empirical dataset-integrity check
720575940621338246,720575940606050238,ME_L,7,7,0,Same Princeton detector only; equality is an empirical dataset-integrity check
720575940621338246,720575940611758434,ME_L,1,1,0,Same Princeton detector only; equality is an empirical dataset-integrity check
720575940621338246,720575940615079786,ME_L,3,3,0,Same Princeton detector only; equality is an empirical dataset-integrity check
720575940621338246,720575940615376807,ME_L,1,1,0,Same Princeton detector only; equality is an empirical dataset-integrity check
720575940621338246,720575940615740172,ME_L,5,5,0,Same Princeton detector only; equality is an empirical dataset-integrity check
720575940621338246,720575940619485248,ME_L,10,10,0,Same Princeton detector only; equality is an empirical dataset-integrity check
720575940621338246,720575940620201931,ME_L,2,2,0,Same Princeton detector only; equality is an empirical dataset-integrity check
720575940621338246,720575940621338246,ME_L,2,0,2,Same Princeton detector only; equality is an empirical dataset-integrity check
720575940621338246,720575940621952636,ME_L,5,5,0,Same Princeton detector only; equality is an empirical dataset-integrity check
720575940621338246,720575940622335414,ME_L,1,1,0,Same Princeton detector only; equality is an empirical dataset-integrity check
720575940621338246,720575940622536662,ME_L,3,3,0,Same Princeton detector only; equality is an empirical dataset-integrity check
720575940621338246,720575940624411283,ME_L,1,1,0,Same Princeton detector only; equality is an empirical dataset-integrity check
720575940621338246,720575940625754384,ME_L,1,1,0,Same Princeton detector only; equality is an empirical dataset-integrity check
720575940621338246,720575940626604955,ME_L,5,5,0,Same Princeton detector only; equality is an empirical dataset-integrity check
720575940621338246,720575940627177817,ME_L,1,1,0,Same Princeton detector only; equality is an empirical dataset-integrity check
720575940621338246,720575940627285860,ME_L,3,3,0,Same Princeton detector only; equality is an empirical dataset-integrity check
720575940621338246,720575940629045507,ME_L,2,2,0,Same Princeton detector only; equality is an empirical dataset-integrity check
720575940621338246,720575940629761914,ME_L,1,1,0,Same Princeton detector only; equality is an empirical dataset-integrity check
720575940621338246,720575940630424540,ME_L,1,1,0,Same Princeton detector only; equality is an empirical dataset-integrity check
720575940621338246,720575940631404997,ME_L,4,4,0,Same Princeton detector only; equality is an empirical dataset-integrity check
720575940621338246,720575940632760680,ME_L,4,4,0,Same Princeton detector only; equality is an empirical dataset-integrity check
720575940621338246,720575940632922963,ME_L,1,1,0,Same Princeton detector only; equality is an empirical dataset-integrity check
720575940621338246,720575940641742069,ME_L,3,3,0,Same Princeton detector only; equality is an empirical dataset-integrity check
720575940621338246,720575940645643118,ME_L,2,2,0,Same Princeton detector only; equality is an empirical dataset-integrity check
720575940621344238,720575940608224178,LA_L,2,2,0,Same Princeton detector only; equality is an empirical dataset-integrity check
720575940621344238,720575940616710412,LA_L,1,1,0,Same Princeton detector only; equality is an empirical dataset-integrity check
720575940621349285,720575940616773682,LA_R,1,1,0,Same Princeton detector only; equality is an empirical dataset-integrity check
720575940621349285,720575940620129950,LA_R,28,28,0,Same Princeton detector only; equality is an empirical dataset-integrity check
720575940621349285,720575940621349285,LA_R,12,0,12,Same Princeton detector only; equality is an empirical dataset-integrity check
720575940621349285,720575940622920197,LA_R,1,1,0,Same Princeton detector only; equality is an empirical dataset-integrity check
720575940621349285,720575940626209613,LA_R,1,1,0,Same Princeton detector only; equality is an empirical dataset-integrity check
720575940621349285,720575940632671336,LA_R,9,9,0,Same Princeton detector only; equality is an empirical dataset-integrity check
720575940621349285,720575940639020122,LA_R,49,49,0,Same Princeton detector only; equality is an empirical dataset-integrity check
720575940621349285,720575940639115608,LA_R,34,34,0,Same Princeton detector only; equality is an empirical dataset-integrity check
720575940621349285,720575940640215504,LA_R,4,4,0,Same Princeton detector only; equality is an empirical dataset-integrity check
720575940621406447,720575940627138306,LA_R,1,1,0,Same Princeton detector only; equality is an empirical dataset-integrity check
720575940621418155,720575940631647173,LA_R,3,3,0,Same Princeton detector only; equality is an empirical dataset-integrity check
720575940621443206,720575940606568126,LA_R,38,38,0,Same Princeton detector only; equality is an empirical dataset-integrity check
720575940621443206,720575940621443206,LA_R,10,0,10,Same Princeton detector only; equality is an empirical dataset-integrity check
720575940621443206,720575940621783646,LA_R,1,1,0,Same Princeton detector only; equality is an empirical dataset-integrity check
720575940621443206,720575940622480408,LA_R,1,1,0,Same Princeton detector only; equality is an empirical dataset-integrity check
720575940621443206,720575940632281359,LA_R,14,14,0,Same Princeton detector only; equality is an empirical dataset-integrity check
720575940621443206,720575940635567979,LA_R,12,12,0,Same Princeton detector only; equality is an empirical dataset-integrity check
720575940621443206,720575940641570000,LA_R,1,1,0,Same Princeton detector only; equality is an empirical dataset-integrity check
720575940621445779,720575940609307854,GNG,1,1,0,Same Princeton detector only; equality is an empirical dataset-integrity check
720575940621458625,720575940618872833,LA_L,26,26,0,Same Princeton detector only; equality is an empirical dataset-integrity check
720575940621458625,720575940620640097,LA_L,7,7,0,Same Princeton detector only; equality is an empirical dataset-integrity check
720575940621458625,720575940621458625,LA_L,8,0,8,Same Princeton detector only; equality is an empirical dataset-integrity check
720575940621458625,720575940621526510,LA_L,2,2,0,Same Princeton detector only; equality is an empirical dataset-integrity check
720575940621458625,720575940626192717,LA_L,32,32,0,Same Princeton detector only; equality is an empirical dataset-integrity check
720575940621459393,720575940632687672,LA_L,2,2,0,Same Princeton detector only; equality is an empirical dataset-integrity check
720575940621462511,720575940611550840,LA_R,1,1,0,Same Princeton detector only; equality is an empirical dataset-integrity check
720575940621462511,720575940612717461,LA_R,25,25,0,Same Princeton detector only; equality is an empirical dataset-integrity check
720575940621462511,720575940621462511,LA_R,19,0,19,Same Princeton detector only; equality is an empirical dataset-integrity check
720575940621462511,720575940625514023,LA_R,53,53,0,Same Princeton detector only; equality is an empirical dataset-integrity check
720575940621462511,720575940631278031,LA_R,39,39,0,Same Princeton detector only; equality is an empirical dataset-integrity check
720575940621462511,720575940631845839,LA_R,1,1,0,Same Princeton detector only; equality is an empirical dataset-integrity check
720575940621463699,720575940621463699,,2,0,2,Same Princeton detector only; equality is an empirical dataset-integrity check
720575940621463699,720575940623788519,,1,0,1,Same Princeton detector only; equality is an empirical dataset-integrity check
720575940621463699,720575940623788519,UNASGD,0,1,-1,Same Princeton detector only; equality is an empirical dataset-integrity check
720575940621463699,720575940625883934,GNG,1,1,0,Same Princeton detector only; equality is an empirical dataset-integrity check
720575940621463699,720575940636444742,GNG,1,1,0,Same Princeton detector only; equality is an empirical dataset-integrity check
720575940621463699,720575940649812857,GNG,1,1,0,Same Princeton detector only; equality is an empirical dataset-integrity check
720575940621463699,720575940653617910,,4,0,4,Same Princeton detector only; equality is an empirical dataset-integrity check
720575940621463699,720575940653617910,UNASGD,0,4,-4,Same Princeton detector only; equality is an empirical dataset-integrity check
720575940621466048,720575940621466048,LA_L,9,0,9,Same Princeton detector only; equality is an empirical dataset-integrity check
720575940621466048,720575940627665241,LA_L,1,1,0,Same Princeton detector only; equality is an empirical dataset-integrity check
720575940621466048,720575940628758319,LA_L,3,3,0,Same Princeton detector only; equality is an empirical dataset-integrity check
720575940621481450,720575940610501730,GNG,3,3,0,Same Princeton detector only; equality is an empirical dataset-integrity check
720575940621481450,720575940611008718,GNG,3,3,0,Same Princeton detector only; equality is an empirical dataset-integrity check
720575940621481450,720575940614349974,GNG,1,1,0,Same Princeton detector only; equality is an empirical dataset-integrity check
720575940621481450,720575940615500030,GNG,2,2,0,Same Princeton detector only; equality is an empirical dataset-integrity check
720575940621481450,720575940616647483,IPS_L,4,4,0,Same Princeton detector only; equality is an empirical dataset-integrity check
720575940621481450,720575940618147520,GNG,1,1,0,Same Princeton detector only; equality is an empirical dataset-integrity check
720575940621481450,720575940618816054,GNG,1,1,0,Same Princeton detector only; equality is an empirical dataset-integrity check
720575940621481450,720575940618816054,IPS_L,2,2,0,Same Princeton detector only; equality is an empirical dataset-integrity check
720575940621481450,720575940620082512,GNG,1,1,0,Same Princeton detector only; equality is an empirical dataset-integrity check
720575940621481450,720575940620982966,GNG,1,1,0,Same Princeton detector only; equality is an empirical dataset-integrity check
720575940621481450,720575940621351412,GNG,29,29,0,Same Princeton detector only; equality is an empirical dataset-integrity check
720575940621481450,720575940621481450,GNG,23,0,23,Same Princeton detector only; equality is an empirical dataset-integrity check
720575940621481450,720575940621481450,IPS_L,1,0,1,Same Princeton detector only; equality is an empirical dataset-integrity check
720575940621481450,720575940621875821,GNG,1,1,0,Same Princeton detector only; equality is an empirical dataset-integrity check
720575940621481450,720575940622248453,GNG,5,5,0,Same Princeton detector only; equality is an empirical dataset-integrity check
720575940621481450,720575940624163303,GNG,5,5,0,Same Princeton detector only; equality is an empirical dataset-integrity check
720575940621481450,720575940624394498,GNG,1,1,0,Same Princeton detector only; equality is an empirical dataset-integrity check
720575940621481450,720575940624679463,GNG,2,2,0,Same Princeton detector only; equality is an empirical dataset-integrity check
720575940621481450,720575940625872688,GNG,1,1,0,Same Princeton detector only; equality is an empirical dataset-integrity check
720575940621481450,720575940627261114,IPS_L,1,1,0,Same Princeton detector only; equality is an empirical dataset-integrity check
720575940621481450,720575940627810581,GNG,2,2,0,Same Princeton detector only; equality is an empirical dataset-integrity check
720575940621481450,720575940628515115,GNG,3,3,0,Same Princeton detector only; equality is an empirical dataset-integrity check
720575940621481450,720575940628653199,GNG,1,1,0,Same Princeton detector only; equality is an empirical dataset-integrity check
720575940621481450,720575940628653199,IPS_L,3,3,0,Same Princeton detector only; equality is an empirical dataset-integrity check
720575940621481450,720575940628869391,GNG,1,1,0,Same Princeton detector only; equality is an empirical dataset-integrity check
720575940621481450,720575940628911671,GNG,2,2,0,Same Princeton detector only; equality is an empirical dataset-integrity check
720575940621481450,720575940628911671,IPS_L,3,3,0,Same Princeton detector only; equality is an empirical dataset-integrity check
720575940621481450,720575940629175749,IPS_L,1,1,0,Same Princeton detector only; equality is an empirical dataset-integrity check
720575940621481450,720575940629289472,IPS_L,1,1,0,Same Princeton detector only; equality is an empirical dataset-integrity check
720575940621481450,720575940630788882,GNG,1,1,0,Same Princeton detector only; equality is an empirical dataset-integrity check
720575940621481450,720575940631342073,GNG,2,2,0,Same Princeton detector only; equality is an empirical dataset-integrity check
720575940621481450,720575940632713759,GNG,1,1,0,Same Princeton detector only; equality is an empirical dataset-integrity check
720575940621481450,720575940633308371,GNG,16,16,0,Same Princeton detector only; equality is an empirical dataset-integrity check
720575940621481450,720575940633710756,GNG,1,1,0,Same Princeton detector only; equality is an empirical dataset-integrity check
720575940621481450,720575940634290913,GNG,2,2,0,Same Princeton detector only; equality is an empirical dataset-integrity check
720575940621481450,720575940634645867,GNG,1,1,0,Same Princeton detector only; equality is an empirical dataset-integrity check
720575940621481450,720575940635211768,GNG,3,3,0,Same Princeton detector only; equality is an empirical dataset-integrity check
720575940621481450,720575940635776760,GNG,2,2,0,Same Princeton detector only; equality is an empirical dataset-integrity check
720575940621481450,720575940636044143,GNG,20,20,0,Same Princeton detector only; equality is an empirical dataset-integrity check
720575940621481450,720575940637501784,GNG,2,2,0,Same Princeton detector only; equality is an empirical dataset-integrity check
720575940621481450,720575940637603038,GNG,1,1,0,Same Princeton detector only; equality is an empirical dataset-integrity check
720575940621481450,720575940638376792,GNG,1,1,0,Same Princeton detector only; equality is an empirical dataset-integrity check
720575940621481450,720575940640133083,IPS_L,1,1,0,Same Princeton detector only; equality is an empirical dataset-integrity check
720575940621481450,720575940641811419,GNG,4,4,0,Same Princeton detector only; equality is an empirical dataset-integrity check
720575940621481450,720575940641833869,GNG,1,1,0,Same Princeton detector only; equality is an empirical dataset-integrity check
720575940621481450,720575940642071712,GNG,1,1,0,Same Princeton detector only; equality is an empirical dataset-integrity check
720575940621481450,720575940642071712,IPS_L,4,4,0,Same Princeton detector only; equality is an empirical dataset-integrity check
720575940621481450,720575940643347616,GNG,1,1,0,Same Princeton detector only; equality is an empirical dataset-integrity check
720575940621481450,720575940646530414,GNG,1,1,0,Same Princeton detector only; equality is an empirical dataset-integrity check
720575940621481450,720575940660220289,GNG,1,1,0,Same Princeton detector only; equality is an empirical dataset-integrity check
720575940621482667,720575940618937654,LA_L,26,26,0,Same Princeton detector only; equality is an empirical dataset-integrity check
720575940621482667,720575940621482667,LA_L,8,0,8,Same Princeton detector only; equality is an empirical dataset-integrity check
720575940621482667,720575940621517677,LA_L,2,2,0,Same Princeton detector only; equality is an empirical dataset-integrity check
720575940621482667,720575940621531782,LA_L,1,1,0,Same Princeton detector only; equality is an empirical dataset-integrity check
720575940621482667,720575940624227210,LA_L,44,44,0,Same Princeton detector only; equality is an empirical dataset-integrity check
720575940621482667,720575940626754352,LA_L,1,1,0,Same Princeton detector only; equality is an empirical dataset-integrity check
720575940621482667,720575940627332485,LA_L,35,35,0,Same Princeton detector only; equality is an empirical dataset-integrity check
720575940621482667,720575940630327040,LA_L,50,50,0,Same Princeton detector only; equality is an empirical dataset-integrity check
720575940621482667,720575940633572772,LA_L,1,1,0,Same Princeton detector only; equality is an empirical dataset-integrity check
720575940621482667,720575940637494373,LA_L,1,1,0,Same Princeton detector only; equality is an empirical dataset-integrity check
720575940621484481,720575940621526510,LA_L,1,1,0,Same Princeton detector only; equality is an empirical dataset-integrity check
720575940621489243,720575940617822438,LA_R,61,61,0,Same Princeton detector only; equality is an empirical dataset-integrity check
720575940621489243,720575940621489243,LA_R,29,0,29,Same Princeton detector only; equality is an empirical dataset-integrity check
720575940621489243,720575940628323461,LA_R,25,25,0,Same Princeton detector only; equality is an empirical dataset-integrity check
720575940621489243,720575940630879991,LA_R,4,4,0,Same Princeton detector only; equality is an empirical dataset-integrity check
720575940621489243,720575940636615160,LA_R,36,36,0,Same Princeton detector only; equality is an empirical dataset-integrity check
720575940621489243,720575940637773486,LA_R,39,39,0,Same Princeton detector only; equality is an empirical dataset-integrity check
720575940621489243,720575940655781025,LA_R,1,1,0,Same Princeton detector only; equality is an empirical dataset-integrity check
720575940621500070,720575940607824050,LA_R,1,1,0,Same Princeton detector only; equality is an empirical dataset-integrity check
720575940621500070,720575940616116330,LA_R,19,19,0,Same Princeton detector only; equality is an empirical dataset-integrity check
720575940621500070,720575940618723653,LA_R,2,2,0,Same Princeton detector only; equality is an empirical dataset-integrity check
720575940621500070,720575940621283675,LA_R,1,1,0,Same Princeton detector only; equality is an empirical dataset-integrity check
720575940621500070,720575940621500070,LA_R,6,0,6,Same Princeton detector only; equality is an empirical dataset-integrity check
720575940621500070,720575940623586756,LA_R,8,8,0,Same Princeton detector only; equality is an empirical dataset-integrity check
720575940621500070,720575940626023608,LA_R,1,1,0,Same Princeton detector only; equality is an empirical dataset-integrity check
720575940621500070,720575940628700904,LA_R,1,1,0,Same Princeton detector only; equality is an empirical dataset-integrity check
720575940621500070,720575940629022972,LA_R,16,16,0,Same Princeton detector only; equality is an empirical dataset-integrity check
720575940621500070,720575940631549125,LA_R,1,1,0,Same Princeton detector only; equality is an empirical dataset-integrity check
720575940621514667,720575940621514667,LA_L,15,0,15,Same Princeton detector only; equality is an empirical dataset-integrity check
720575940621526510,720575940614734751,LA_L,36,36,0,Same Princeton detector only; equality is an empirical dataset-integrity check
720575940621526510,720575940614971857,LA_L,1,1,0,Same Princeton detector only; equality is an empirical dataset-integrity check
720575940621526510,720575940621484481,LA_L,4,4,0,Same Princeton detector only; equality is an empirical dataset-integrity check
720575940621526510,720575940621526510,LA_L,8,0,8,Same Princeton detector only; equality is an empirical dataset-integrity check
720575940621526510,720575940624904887,LA_L,37,37,0,Same Princeton detector only; equality is an empirical dataset-integrity check
720575940621526510,720575940627172741,LA_L,8,8,0,Same Princeton detector only; equality is an empirical dataset-integrity check
720575940621526510,720575940644399008,LA_L,2,2,0,Same Princeton detector only; equality is an empirical dataset-integrity check
720575940621531245,720575940624139305,LA_R,1,1,0,Same Princeton detector only; equality is an empirical dataset-integrity check
720575940621544175,720575940610931576,ME_L,3,3,0,Same Princeton detector only; equality is an empirical dataset-integrity check
720575940621544175,720575940612114274,ME_L,2,2,0,Same Princeton detector only; equality is an empirical dataset-integrity check
720575940621544175,720575940617369717,ME_L,1,1,0,Same Princeton detector only; equality is an empirical dataset-integrity check
720575940621544175,720575940620880878,ME_L,3,3,0,Same Princeton detector only; equality is an empirical dataset-integrity check
720575940621544175,720575940621544175,LA_L,1,0,1,Same Princeton detector only; equality is an empirical dataset-integrity check
720575940621544175,720575940621544175,ME_L,8,0,8,Same Princeton detector only; equality is an empirical dataset-integrity check
720575940621544175,720575940622981153,ME_L,11,11,0,Same Princeton detector only; equality is an empirical dataset-integrity check
720575940621544175,720575940623050522,ME_L,1,1,0,Same Princeton detector only; equality is an empirical dataset-integrity check
720575940621544175,720575940625928464,ME_L,1,1,0,Same Princeton detector only; equality is an empirical dataset-integrity check
720575940621544175,720575940628730372,ME_L,9,9,0,Same Princeton detector only; equality is an empirical dataset-integrity check
720575940621544175,720575940628818182,ME_L,8,8,0,Same Princeton detector only; equality is an empirical dataset-integrity check
720575940621544175,720575940629495803,ME_L,26,26,0,Same Princeton detector only; equality is an empirical dataset-integrity check
720575940621544175,720575940629532315,ME_L,3,3,0,Same Princeton detector only; equality is an empirical dataset-integrity check
720575940621544175,720575940629700090,ME_L,1,1,0,Same Princeton detector only; equality is an empirical dataset-integrity check
720575940621544175,720575940637390181,LA_L,3,3,0,Same Princeton detector only; equality is an empirical dataset-integrity check
720575940621544175,720575940637390181,ME_L,11,11,0,Same Princeton detector only; equality is an empirical dataset-integrity check
720575940621544175,720575940639834995,ME_L,24,24,0,Same Princeton detector only; equality is an empirical dataset-integrity check
720575940621544175,720575940640529616,LA_L,3,3,0,Same Princeton detector only; equality is an empirical dataset-integrity check
720575940621544175,720575940640529616,ME_L,1,1,0,Same Princeton detector only; equality is an empirical dataset-integrity check
720575940621544175,720575940655210657,ME_L,3,3,0,Same Princeton detector only; equality is an empirical dataset-integrity check
720575940621550957,720575940623239133,LA_R,1,1,0,Same Princeton detector only; equality is an empirical dataset-integrity check
720575940621568490,720575940621568490,GNG,1,0,1,Same Princeton detector only; equality is an empirical dataset-integrity check
720575940621568490,720575940624679463,GNG,5,5,0,Same Princeton detector only; equality is an empirical dataset-integrity check
720575940621568490,720575940627593978,GNG,1,1,0,Same Princeton detector only; equality is an empirical dataset-integrity check
720575940621568490,720575940635776760,GNG,4,4,0,Same Princeton detector only; equality is an empirical dataset-integrity check
720575940621568490,720575940660224385,GNG,1,1,0,Same Princeton detector only; equality is an empirical dataset-integrity check
720575940621571254,720575940625113015,LA_R,1,1,0,Same Princeton detector only; equality is an empirical dataset-integrity check
720575940621573211,720575940632687672,LA_L,1,1,0,Same Princeton detector only; equality is an empirical dataset-integrity check
720575940621596587,720575940621338246,ME_L,1,1,0,Same Princeton detector only; equality is an empirical dataset-integrity check
720575940621605286,720575940621605286,LA_L,9,0,9,Same Princeton detector only; equality is an empirical dataset-integrity check
720575940621613039,720575940623400216,LA_L,1,1,0,Same Princeton detector only; equality is an empirical dataset-integrity check
720575940621667462,720575940605763040,LA_R,14,14,0,Same Princeton detector only; equality is an empirical dataset-integrity check
720575940621667462,720575940614340242,LA_R,1,1,0,Same Princeton detector only; equality is an empirical dataset-integrity check
720575940621667462,720575940617330772,LA_R,23,23,0,Same Princeton detector only; equality is an empirical dataset-integrity check
720575940621667462,720575940621667462,LA_R,9,0,9,Same Princeton detector only; equality is an empirical dataset-integrity check
720575940621667462,720575940625266761,LA_R,1,1,0,Same Princeton detector only; equality is an empirical dataset-integrity check
720575940621667462,720575940627931544,LA_R,1,1,0,Same Princeton detector only; equality is an empirical dataset-integrity check
720575940621667462,720575940636065588,LA_R,31,31,0,Same Princeton detector only; equality is an empirical dataset-integrity check
720575940621687489,720575940621687489,LA_L,13,0,13,Same Princeton detector only; equality is an empirical dataset-integrity check
720575940621721709,720575940625781692,LA_R,1,1,0,Same Princeton detector only; equality is an empirical dataset-integrity check
720575940621752941,720575940621482667,LA_L,1,1,0,Same Princeton detector only; equality is an empirical dataset-integrity check
720575940621759215,720575940607773314,LA_R,1,1,0,Same Princeton detector only; equality is an empirical dataset-integrity check
720575940621762113,720575940622545023,LA_R,1,1,0,Same Princeton detector only; equality is an empirical dataset-integrity check
720575940621793518,720575940620722000,LA_R,1,1,0,Same Princeton detector only; equality is an empirical dataset-integrity check
720575940621800795,720575940618864724,LA_L,2,2,0,Same Princeton detector only; equality is an empirical dataset-integrity check
720575940621807024,720575940618712221,LA_R,1,1,0,Same Princeton detector only; equality is an empirical dataset-integrity check
720575940621840297,720575940609307854,GNG,5,5,0,Same Princeton detector only; equality is an empirical dataset-integrity check
720575940621840297,720575940611510765,GNG,2,2,0,Same Princeton detector only; equality is an empirical dataset-integrity check
720575940621840297,720575940619193264,GNG,1,1,0,Same Princeton detector only; equality is an empirical dataset-integrity check
720575940621840297,720575940619904380,,1,0,1,Same Princeton detector only; equality is an empirical dataset-integrity check
720575940621840297,720575940619904380,UNASGD,0,1,-1,Same Princeton detector only; equality is an empirical dataset-integrity check
720575940621855920,720575940621855920,LA_L,1,0,1,Same Princeton detector only; equality is an empirical dataset-integrity check
720575940621884854,720575940612910578,LA_L,1,1,0,Same Princeton detector only; equality is an empirical dataset-integrity check
720575940621944941,720575940606459424,LA_R,1,1,0,Same Princeton detector only; equality is an empirical dataset-integrity check
720575940621944941,720575940620206529,LA_R,16,16,0,Same Princeton detector only; equality is an empirical dataset-integrity check
720575940621944941,720575940621944941,LA_R,13,0,13,Same Princeton detector only; equality is an empirical dataset-integrity check
720575940621944941,720575940625330931,LA_R,34,34,0,Same Princeton detector only; equality is an empirical dataset-integrity check
720575940621944941,720575940636144820,LA_R,1,1,0,Same Princeton detector only; equality is an empirical dataset-integrity check
720575940621944941,720575940655593889,LA_R,48,48,0,Same Princeton detector only; equality is an empirical dataset-integrity check
720575940621949675,720575940614985878,GNG,8,8,0,Same Princeton detector only; equality is an empirical dataset-integrity check
720575940621949675,720575940616786433,GNG,3,3,0,Same Princeton detector only; equality is an empirical dataset-integrity check
720575940621949675,720575940619341744,GNG,1,1,0,Same Princeton detector only; equality is an empirical dataset-integrity check
720575940621949675,720575940620714150,GNG,1,1,0,Same Princeton detector only; equality is an empirical dataset-integrity check
720575940621949675,720575940621949675,GNG,7,0,7,Same Princeton detector only; equality is an empirical dataset-integrity check
720575940621949675,720575940625890812,GNG,1,1,0,Same Princeton detector only; equality is an empirical dataset-integrity check
720575940621949675,720575940632045839,GNG,2,2,0,Same Princeton detector only; equality is an empirical dataset-integrity check
720575940621949675,720575940632307025,GNG,1,1,0,Same Princeton detector only; equality is an empirical dataset-integrity check
720575940621949675,720575940632898105,GNG,2,2,0,Same Princeton detector only; equality is an empirical dataset-integrity check
720575940621959173,720575940621482667,LA_L,1,1,0,Same Princeton detector only; equality is an empirical dataset-integrity check
720575940621962081,720575940621962081,LA_L,21,0,21,Same Princeton detector only; equality is an empirical dataset-integrity check
720575940621962081,720575940622798836,LA_L,2,2,0,Same Princeton detector only; equality is an empirical dataset-integrity check
720575940621962081,720575940642532827,LA_L,1,1,0,Same Princeton detector only; equality is an empirical dataset-integrity check
720575940621962337,720575940621962337,LA_L,16,0,16,Same Princeton detector only; equality is an empirical dataset-integrity check
720575940621962337,720575940632704303,LA_L,2,2,0,Same Princeton detector only; equality is an empirical dataset-integrity check
720575940621969761,720575940631505260,LA_L,1,1,0,Same Princeton detector only; equality is an empirical dataset-integrity check
720575940621978534,720575940621978534,LA_L,8,0,8,Same Princeton detector only; equality is an empirical dataset-integrity check
720575940621978534,720575940628035721,LA_L,1,1,0,Same Princeton detector only; equality is an empirical dataset-integrity check
720575940621978534,720575940630152039,LA_L,1,1,0,Same Princeton detector only; equality is an empirical dataset-integrity check
720575940621987494,720575940625643495,,1,0,1,Same Princeton detector only; equality is an empirical dataset-integrity check
720575940621987494,720575940625643495,LA_L,1,1,0,Same Princeton detector only; equality is an empirical dataset-integrity check
720575940621987494,720575940625643495,UNASGD,0,1,-1,Same Princeton detector only; equality is an empirical dataset-integrity check
720575940622029494,720575940617401601,LA_R,39,39,0,Same Princeton detector only; equality is an empirical dataset-integrity check
720575940622029494,720575940621170968,LA_R,8,8,0,Same Princeton detector only; equality is an empirical dataset-integrity check
720575940622029494,720575940622029494,LA_R,12,0,12,Same Princeton detector only; equality is an empirical dataset-integrity check
720575940622029494,720575940628011602,LA_R,2,2,0,Same Princeton detector only; equality is an empirical dataset-integrity check
720575940622029494,720575940628437777,LA_R,2,2,0,Same Princeton detector only; equality is an empirical dataset-integrity check
720575940622029494,720575940634055379,LA_R,1,1,0,Same Princeton detector only; equality is an empirical dataset-integrity check
720575940622029494,720575940640153216,LA_R,33,33,0,Same Princeton detector only; equality is an empirical dataset-integrity check
720575940622056368,720575940610106692,LA_R,37,37,0,Same Princeton detector only; equality is an empirical dataset-integrity check
720575940622056368,720575940614246559,LA_R,2,2,0,Same Princeton detector only; equality is an empirical dataset-integrity check
720575940622056368,720575940622056368,LA_R,9,0,9,Same Princeton detector only; equality is an empirical dataset-integrity check
720575940622056368,720575940622879770,LA_R,1,1,0,Same Princeton detector only; equality is an empirical dataset-integrity check
720575940622056368,720575940625282488,LA_R,1,1,0,Same Princeton detector only; equality is an empirical dataset-integrity check
720575940622056368,720575940627638558,LA_R,3,3,0,Same Princeton detector only; equality is an empirical dataset-integrity check
720575940622056368,720575940628160004,LA_R,45,45,0,Same Princeton detector only; equality is an empirical dataset-integrity check
720575940622064048,720575940622064048,LA_L,10,0,10,Same Princeton detector only; equality is an empirical dataset-integrity check
720575940622064961,720575940611341102,LA_L,1,1,0,Same Princeton detector only; equality is an empirical dataset-integrity check
720575940622064961,720575940612810865,LA_L,1,1,0,Same Princeton detector only; equality is an empirical dataset-integrity check
720575940622064961,720575940622064961,LA_L,9,0,9,Same Princeton detector only; equality is an empirical dataset-integrity check
720575940622064961,720575940629312753,LA_L,1,1,0,Same Princeton detector only; equality is an empirical dataset-integrity check
720575940622073270,720575940638556382,LA_L,2,2,0,Same Princeton detector only; equality is an empirical dataset-integrity check
720575940622074790,720575940621193051,LA_R,2,2,0,Same Princeton detector only; equality is an empirical dataset-integrity check
720575940622109769,720575940621481450,GNG,1,1,0,Same Princeton detector only; equality is an empirical dataset-integrity check
720575940622127740,720575940624956139,LA_R,1,1,0,Same Princeton detector only; equality is an empirical dataset-integrity check
720575940622132656,720575940618174292,LA_L,49,49,0,Same Princeton detector only; equality is an empirical dataset-integrity check
720575940622132656,720575940620001334,LA_L,9,9,0,Same Princeton detector only; equality is an empirical dataset-integrity check
720575940622132656,720575940620413679,LA_L,42,42,0,Same Princeton detector only; equality is an empirical dataset-integrity check
720575940622132656,720575940621669614,LA_L,1,1,0,Same Princeton detector only; equality is an empirical dataset-integrity check
720575940622132656,720575940622132656,LA_L,11,0,11,Same Princeton detector only; equality is an empirical dataset-integrity check
720575940622132656,720575940622271414,LA_L,3,3,0,Same Princeton detector only; equality is an empirical dataset-integrity check
720575940622132656,720575940630494023,LA_L,24,24,0,Same Princeton detector only; equality is an empirical dataset-integrity check
720575940622132656,720575940640024893,LA_L,6,6,0,Same Princeton detector only; equality is an empirical dataset-integrity check
720575940622138209,720575940625564860,LA_L,2,2,0,Same Princeton detector only; equality is an empirical dataset-integrity check
720575940622138209,720575940627693181,LA_L,1,1,0,Same Princeton detector only; equality is an empirical dataset-integrity check
720575940622138209,720575940630727212,LA_L,1,1,0,Same Princeton detector only; equality is an empirical dataset-integrity check
720575940622138209,720575940634857884,LA_L,1,1,0,Same Princeton detector only; equality is an empirical dataset-integrity check
720575940622190452,720575940619065664,LA_R,2,2,0,Same Princeton detector only; equality is an empirical dataset-integrity check
720575940622190452,720575940624139305,LA_R,5,5,0,Same Princeton detector only; equality is an empirical dataset-integrity check
720575940622208688,720575940622208688,LA_L,11,0,11,Same Princeton detector only; equality is an empirical dataset-integrity check
720575940622211766,720575940625717747,LA_R,1,1,0,Same Princeton detector only; equality is an empirical dataset-integrity check
720575940622219380,720575940612706778,LA_L,1,1,0,Same Princeton detector only; equality is an empirical dataset-integrity check
720575940622223476,720575940629438193,,1,0,1,Same Princeton detector only; equality is an empirical dataset-integrity check
720575940622223476,720575940629438193,UNASGD,0,1,-1,Same Princeton detector only; equality is an empirical dataset-integrity check
720575940622225648,720575940623495693,LA_L,3,3,0,Same Princeton detector only; equality is an empirical dataset-integrity check
720575940622270273,720575940612819370,LA_R,37,37,0,Same Princeton detector only; equality is an empirical dataset-integrity check
720575940622270273,720575940620692562,LA_R,14,14,0,Same Princeton detector only; equality is an empirical dataset-integrity check
720575940622270273,720575940622270273,LA_R,17,0,17,Same Princeton detector only; equality is an empirical dataset-integrity check
720575940622270273,720575940625545624,LA_R,7,7,0,Same Princeton detector only; equality is an empirical dataset-integrity check
720575940622270273,720575940625666796,LA_R,3,3,0,Same Princeton detector only; equality is an empirical dataset-integrity check
720575940622270273,720575940629222087,LA_R,44,44,0,Same Princeton detector only; equality is an empirical dataset-integrity check
720575940622270273,720575940630846711,LA_R,11,11,0,Same Princeton detector only; equality is an empirical dataset-integrity check
720575940622303216,720575940607493065,LA_R,30,30,0,Same Princeton detector only; equality is an empirical dataset-integrity check
720575940622303216,720575940616984374,LA_R,1,1,0,Same Princeton detector only; equality is an empirical dataset-integrity check
720575940622303216,720575940621181830,LA_R,3,3,0,Same Princeton detector only; equality is an empirical dataset-integrity check
720575940622303216,720575940622303216,LA_R,17,0,17,Same Princeton detector only; equality is an empirical dataset-integrity check
720575940622303216,720575940622738696,LA_R,1,1,0,Same Princeton detector only; equality is an empirical dataset-integrity check
720575940622303216,720575940623799699,LA_R,10,10,0,Same Princeton detector only; equality is an empirical dataset-integrity check
720575940622303216,720575940625274772,LA_R,47,47,0,Same Princeton detector only; equality is an empirical dataset-integrity check
720575940622303216,720575940630234011,LA_R,1,1,0,Same Princeton detector only; equality is an empirical dataset-integrity check
720575940622303216,720575940640344691,LA_R,1,1,0,Same Princeton detector only; equality is an empirical dataset-integrity check
720575940622303216,720575940653052662,LA_R,1,1,0,Same Princeton detector only; equality is an empirical dataset-integrity check
720575940622329212,720575940616042508,AMMC_L,1,1,0,Same Princeton detector only; equality is an empirical dataset-integrity check
720575940622339967,720575940622339967,LA_L,2,0,2,Same Princeton detector only; equality is an empirical dataset-integrity check
720575940622402943,720575940621349285,LA_R,1,1,0,Same Princeton detector only; equality is an empirical dataset-integrity check
720575940622404991,720575940614592175,LA_R,40,40,0,Same Princeton detector only; equality is an empirical dataset-integrity check
720575940622404991,720575940622404991,LA_R,17,0,17,Same Princeton detector only; equality is an empirical dataset-integrity check
720575940622404991,720575940623277667,LA_R,22,22,0,Same Princeton detector only; equality is an empirical dataset-integrity check
720575940622404991,720575940623991236,LA_R,2,2,0,Same Princeton detector only; equality is an empirical dataset-integrity check
720575940622404991,720575940625590460,LA_R,43,43,0,Same Princeton detector only; equality is an empirical dataset-integrity check
720575940622404991,720575940631898319,LA_R,1,1,0,Same Princeton detector only; equality is an empirical dataset-integrity check
720575940622404991,720575940639054707,LA_R,4,4,0,Same Princeton detector only; equality is an empirical dataset-integrity check
720575940622406896,720575940622406896,LA_L,1,0,1,Same Princeton detector only; equality is an empirical dataset-integrity check
720575940622413040,720575940622413040,LA_L,14,0,14,Same Princeton detector only; equality is an empirical dataset-integrity check
720575940622433012,720575940629411883,LA_L,1,1,0,Same Princeton detector only; equality is an empirical dataset-integrity check
720575940622433780,720575940623867016,LA_L,2,2,0,Same Princeton detector only; equality is an empirical dataset-integrity check
720575940622473991,720575940621944941,LA_R,1,1,0,Same Princeton detector only; equality is an empirical dataset-integrity check
720575940622480408,720575940621443206,LA_R,2,2,0,Same Princeton detector only; equality is an empirical dataset-integrity check
720575940622481669,720575940636893303,LA_L,1,1,0,Same Princeton detector only; equality is an empirical dataset-integrity check
720575940622545023,720575940615268915,LA_R,4,4,0,Same Princeton detector only; equality is an empirical dataset-integrity check
720575940622545023,720575940616982614,LA_R,76,76,0,Same Princeton detector only; equality is an empirical dataset-integrity check
720575940622545023,720575940622545023,LA_R,28,0,28,Same Princeton detector only; equality is an empirical dataset-integrity check
720575940622545023,720575940623211852,LA_R,2,2,0,Same Princeton detector only; equality is an empirical dataset-integrity check
720575940622545023,720575940625109995,LA_R,3,3,0,Same Princeton detector only; equality is an empirical dataset-integrity check
720575940622545023,720575940627311491,LA_R,50,50,0,Same Princeton detector only; equality is an empirical dataset-integrity check
720575940622545023,720575940628084873,LA_R,28,28,0,Same Princeton detector only; equality is an empirical dataset-integrity check
720575940622549342,720575940622549342,LA_L,1,0,1,Same Princeton detector only; equality is an empirical dataset-integrity check
720575940622550366,720575940640480856,LA_L,1,1,0,Same Princeton detector only; equality is an empirical dataset-integrity check
720575940622550878,720575940622550878,LA_L,7,0,7,Same Princeton detector only; equality is an empirical dataset-integrity check
720575940622561063,720575940626668443,GNG,2,2,0,Same Princeton detector only; equality is an empirical dataset-integrity check
720575940622579967,720575940622811903,SAD,1,1,0,Same Princeton detector only; equality is an empirical dataset-integrity check
720575940622583284,720575940631048812,LA_R,1,1,0,Same Princeton detector only; equality is an empirical dataset-integrity check
720575940622594292,720575940613971683,LA_R,1,1,0,Same Princeton detector only; equality is an empirical dataset-integrity check
720575940622611917,720575940622611917,IB_R,1,0,1,Same Princeton detector only; equality is an empirical dataset-integrity check
720575940622611917,720575940622611917,PB,1,0,1,Same Princeton detector only; equality is an empirical dataset-integrity check
720575940622638106,720575940640017597,LA_R,1,1,0,Same Princeton detector only; equality is an empirical dataset-integrity check
720575940622642526,720575940623518051,LA_L,1,1,0,Same Princeton detector only; equality is an empirical dataset-integrity check
720575940622643806,720575940628336917,LA_L,1,1,0,Same Princeton detector only; equality is an empirical dataset-integrity check
720575940622643806,720575940635470432,LA_L,1,1,0,Same Princeton detector only; equality is an empirical dataset-integrity check
720575940622652799,720575940631505260,LA_L,1,1,0,Same Princeton detector only; equality is an empirical dataset-integrity check
720575940622654591,720575940622654591,LA_L,21,0,21,Same Princeton detector only; equality is an empirical dataset-integrity check
720575940622654591,720575940636021855,LA_L,1,1,0,Same Princeton detector only; equality is an empirical dataset-integrity check
720575940622662170,720575940618460061,LA_L,1,1,0,Same Princeton detector only; equality is an empirical dataset-integrity check
720575940622662170,720575940622662170,LA_L,1,0,1,Same Princeton detector only; equality is an empirical dataset-integrity check
720575940622674637,720575940620666315,LA_R,1,1,0,Same Princeton detector only; equality is an empirical dataset-integrity check
720575940622674637,720575940629285873,LA_R,1,1,0,Same Princeton detector only; equality is an empirical dataset-integrity check
720575940622703640,720575940621102677,LA_R,38,38,0,Same Princeton detector only; equality is an empirical dataset-integrity check
720575940622703640,720575940622703640,LA_R,10,0,10,Same Princeton detector only; equality is an empirical dataset-integrity check
720575940622703640,720575940624293578,LA_R,1,1,0,Same Princeton detector only; equality is an empirical dataset-integrity check
720575940622703640,720575940627846404,LA_R,9,9,0,Same Princeton detector only; equality is an empirical dataset-integrity check
720575940622703640,720575940636303728,LA_R,28,28,0,Same Princeton detector only; equality is an empirical dataset-integrity check
720575940622703640,720575940637073775,LA_R,17,17,0,Same Princeton detector only; equality is an empirical dataset-integrity check
720575940622703640,720575940638646335,LA_R,1,1,0,Same Princeton detector only; equality is an empirical dataset-integrity check
720575940622718028,720575940620665680,LA_L,1,1,0,Same Princeton detector only; equality is an empirical dataset-integrity check
720575940622718028,720575940628728040,LA_L,3,3,0,Same Princeton detector only; equality is an empirical dataset-integrity check
720575940622728728,720575940627149415,GNG,1,1,0,Same Princeton detector only; equality is an empirical dataset-integrity check
720575940622732272,720575940644276128,LA_R,1,1,0,Same Princeton detector only; equality is an empirical dataset-integrity check
720575940622738696,720575940622303216,LA_R,1,1,0,Same Princeton detector only; equality is an empirical dataset-integrity check
720575940622769996,720575940623400216,LA_L,1,1,0,Same Princeton detector only; equality is an empirical dataset-integrity check
720575940622782847,720575940613474474,LA_R,1,1,0,Same Princeton detector only; equality is an empirical dataset-integrity check
720575940622782847,720575940620232920,LA_R,1,1,0,Same Princeton detector only; equality is an empirical dataset-integrity check
720575940622782847,720575940623003169,LA_R,1,1,0,Same Princeton detector only; equality is an empirical dataset-integrity check
720575940622782847,720575940631286636,LA_R,1,1,0,Same Princeton detector only; equality is an empirical dataset-integrity check
720575940622798836,720575940622798836,LA_L,13,0,13,Same Princeton detector only; equality is an empirical dataset-integrity check
720575940622799137,720575940609182556,LA_R,2,2,0,Same Princeton detector only; equality is an empirical dataset-integrity check
720575940622799137,720575940611534546,LA_R,1,1,0,Same Princeton detector only; equality is an empirical dataset-integrity check
720575940622799137,720575940617537117,LA_R,33,33,0,Same Princeton detector only; equality is an empirical dataset-integrity check
720575940622799137,720575940621191407,LA_R,1,1,0,Same Princeton detector only; equality is an empirical dataset-integrity check
720575940622799137,720575940622799137,LA_R,15,0,15,Same Princeton detector only; equality is an empirical dataset-integrity check
720575940622799137,720575940624485258,LA_R,7,7,0,Same Princeton detector only; equality is an empirical dataset-integrity check
720575940622799137,720575940625155837,LA_R,17,17,0,Same Princeton detector only; equality is an empirical dataset-integrity check
720575940622799137,720575940625282488,LA_R,45,45,0,Same Princeton detector only; equality is an empirical dataset-integrity check
720575940622799137,720575940628883368,LA_R,1,1,0,Same Princeton detector only; equality is an empirical dataset-integrity check
720575940622799137,720575940631729103,LA_R,1,1,0,Same Princeton detector only; equality is an empirical dataset-integrity check
720575940622799137,720575940633646637,LA_R,8,8,0,Same Princeton detector only; equality is an empirical dataset-integrity check
720575940622799898,720575940607755721,LA_R,18,18,0,Same Princeton detector only; equality is an empirical dataset-integrity check
720575940622799898,720575940614732798,LA_R,1,1,0,Same Princeton detector only; equality is an empirical dataset-integrity check
720575940622799898,720575940621090213,LA_R,2,2,0,Same Princeton detector only; equality is an empirical dataset-integrity check
720575940622799898,720575940621292992,LA_R,35,35,0,Same Princeton detector only; equality is an empirical dataset-integrity check
720575940622799898,720575940622799898,LA_R,6,0,6,Same Princeton detector only; equality is an empirical dataset-integrity check
720575940622799898,720575940632182058,LA_R,1,1,0,Same Princeton detector only; equality is an empirical dataset-integrity check
720575940622799898,720575940640410702,LA_R,20,20,0,Same Princeton detector only; equality is an empirical dataset-integrity check
720575940622811903,720575940603616800,SAD,1,1,0,Same Princeton detector only; equality is an empirical dataset-integrity check
720575940622811903,720575940603930046,SAD,1,1,0,Same Princeton detector only; equality is an empirical dataset-integrity check
720575940622811903,720575940604396209,SAD,1,1,0,Same Princeton detector only; equality is an empirical dataset-integrity check
720575940622811903,720575940604810668,SAD,1,1,0,Same Princeton detector only; equality is an empirical dataset-integrity check
720575940622811903,720575940606667622,SAD,3,3,0,Same Princeton detector only; equality is an empirical dataset-integrity check
720575940622811903,720575940615387846,,1,0,1,Same Princeton detector only; equality is an empirical dataset-integrity check
720575940622811903,720575940615387846,UNASGD,0,1,-1,Same Princeton detector only; equality is an empirical dataset-integrity check
720575940622811903,720575940615541810,SAD,2,2,0,Same Princeton detector only; equality is an empirical dataset-integrity check
720575940622811903,720575940617273560,SAD,1,1,0,Same Princeton detector only; equality is an empirical dataset-integrity check
720575940622811903,720575940617434086,SAD,2,2,0,Same Princeton detector only; equality is an empirical dataset-integrity check
720575940622811903,720575940621533867,SAD,2,2,0,Same Princeton detector only; equality is an empirical dataset-integrity check
720575940622811903,720575940621939071,SAD,1,1,0,Same Princeton detector only; equality is an empirical dataset-integrity check
720575940622811903,720575940622188568,SAD,1,1,0,Same Princeton detector only; equality is an empirical dataset-integrity check
720575940622811903,720575940622579967,SAD,6,6,0,Same Princeton detector only; equality is an empirical dataset-integrity check
720575940622811903,720575940622811903,SAD,2,0,2,Same Princeton detector only; equality is an empirical dataset-integrity check
720575940622811903,720575940623366102,SAD,1,1,0,Same Princeton detector only; equality is an empirical dataset-integrity check
720575940622811903,720575940624915230,SAD,1,1,0,Same Princeton detector only; equality is an empirical dataset-integrity check
720575940622811903,720575940627585874,SAD,2,2,0,Same Princeton detector only; equality is an empirical dataset-integrity check
720575940622811903,720575940631706107,SAD,2,2,0,Same Princeton detector only; equality is an empirical dataset-integrity check
720575940622811903,720575940634657632,SAD,7,7,0,Same Princeton detector only; equality is an empirical dataset-integrity check
720575940622811903,720575940636785205,SAD,1,1,0,Same Princeton detector only; equality is an empirical dataset-integrity check
720575940622811903,720575940646929204,SAD,1,1,0,Same Princeton detector only; equality is an empirical dataset-integrity check
720575940622811903,720575940660235649,SAD,4,4,0,Same Princeton detector only; equality is an empirical dataset-integrity check
720575940622814302,720575940609413641,LA_R,3,3,0,Same Princeton detector only; equality is an empirical dataset-integrity check
720575940622814302,720575940613154739,LA_R,8,8,0,Same Princeton detector only; equality is an empirical dataset-integrity check
720575940622814302,720575940613545586,LA_R,1,1,0,Same Princeton detector only; equality is an empirical dataset-integrity check
720575940622814302,720575940622814302,LA_R,13,0,13,Same Princeton detector only; equality is an empirical dataset-integrity check
720575940622814302,720575940623970147,LA_R,4,4,0,Same Princeton detector only; equality is an empirical dataset-integrity check
720575940622814302,720575940627265176,LA_R,42,42,0,Same Princeton detector only; equality is an empirical dataset-integrity check
720575940622814302,720575940628753640,LA_R,34,34,0,Same Princeton detector only; equality is an empirical dataset-integrity check
720575940622814302,720575940631873743,LA_R,3,3,0,Same Princeton detector only; equality is an empirical dataset-integrity check
720575940622815965,720575940630098075,LA_L,1,1,0,Same Princeton detector only; equality is an empirical dataset-integrity check
720575940622855924,720575940620232920,LA_R,1,1,0,Same Princeton detector only; equality is an empirical dataset-integrity check
720575940622877398,720575940623400216,LA_L,1,1,0,Same Princeton detector only; equality is an empirical dataset-integrity check
720575940622879521,720575940612140238,LA_L,1,1,0,Same Princeton detector only; equality is an empirical dataset-integrity check
720575940622879770,720575940622056368,LA_R,1,1,0,Same Princeton detector only; equality is an empirical dataset-integrity check
720575940622879770,720575940627638558,LA_R,5,5,0,Same Princeton detector only; equality is an empirical dataset-integrity check
720575940622889310,720575940625717747,LA_R,2,2,0,Same Princeton detector only; equality is an empirical dataset-integrity check
720575940622895484,720575940620232920,LA_R,1,1,0,Same Princeton detector only; equality is an empirical dataset-integrity check
720575940622901854,720575940620722000,LA_R,1,1,0,Same Princeton detector only; equality is an empirical dataset-integrity check
720575940622901854,720575940621103269,LA_R,1,1,0,Same Princeton detector only; equality is an empirical dataset-integrity check
720575940622918012,720575940623410812,LA_R,1,1,0,Same Princeton detector only; equality is an empirical dataset-integrity check
720575940622920197,720575940621349285,LA_R,2,2,0,Same Princeton detector only; equality is an empirical dataset-integrity check
720575940622939998,720575940619137819,LA_R,12,12,0,Same Princeton detector only; equality is an empirical dataset-integrity check
720575940622939998,720575940621071380,LA_R,1,1,0,Same Princeton detector only; equality is an empirical dataset-integrity check
720575940622939998,720575940622939998,LA_R,20,0,20,Same Princeton detector only; equality is an empirical dataset-integrity check
720575940622939998,720575940629232646,LA_R,1,1,0,Same Princeton detector only; equality is an empirical dataset-integrity check
720575940622939998,720575940629396841,LA_R,40,40,0,Same Princeton detector only; equality is an empirical dataset-integrity check
720575940622939998,720575940630431532,LA_R,2,2,0,Same Princeton detector only; equality is an empirical dataset-integrity check
720575940622939998,720575940633224237,LA_R,1,1,0,Same Princeton detector only; equality is an empirical dataset-integrity check
720575940622939998,720575940636124084,LA_R,32,32,0,Same Princeton detector only; equality is an empirical dataset-integrity check
720575940622939998,720575940638936639,LA_R,3,3,0,Same Princeton detector only; equality is an empirical dataset-integrity check
720575940622981153,720575940637390181,ME_L,1,1,0,Same Princeton detector only; equality is an empirical dataset-integrity check
720575940622994275,720575940621157887,GNG,1,1,0,Same Princeton detector only; equality is an empirical dataset-integrity check
720575940622997836,720575940620236593,LA_L,1,1,0,Same Princeton detector only; equality is an empirical dataset-integrity check
720575940623003169,720575940611517048,LA_R,32,32,0,Same Princeton detector only; equality is an empirical dataset-integrity check
720575940623003169,720575940614959923,LA_R,1,1,0,Same Princeton detector only; equality is an empirical dataset-integrity check
720575940623003169,720575940620734544,LA_R,54,54,0,Same Princeton detector only; equality is an empirical dataset-integrity check
720575940623003169,720575940623003169,LA_R,18,0,18,Same Princeton detector only; equality is an empirical dataset-integrity check
720575940623003169,720575940625486996,LA_R,2,2,0,Same Princeton detector only; equality is an empirical dataset-integrity check
720575940623003169,720575940636090223,LA_R,26,26,0,Same Princeton detector only; equality is an empirical dataset-integrity check
720575940623005308,720575940607493065,LA_R,37,37,0,Same Princeton detector only; equality is an empirical dataset-integrity check
720575940623005308,720575940614625320,LA_R,2,2,0,Same Princeton detector only; equality is an empirical dataset-integrity check
720575940623005308,720575940621181830,LA_R,1,1,0,Same Princeton detector only; equality is an empirical dataset-integrity check
720575940623005308,720575940623005308,LA_R,13,0,13,Same Princeton detector only; equality is an empirical dataset-integrity check
720575940623005308,720575940623188830,LA_R,1,1,0,Same Princeton detector only; equality is an empirical dataset-integrity check
720575940623005308,720575940623799699,LA_R,13,13,0,Same Princeton detector only; equality is an empirical dataset-integrity check
720575940623005308,720575940625274772,LA_R,49,49,0,Same Princeton detector only; equality is an empirical dataset-integrity check
720575940623005308,720575940644652744,LA_R,1,1,0,Same Princeton detector only; equality is an empirical dataset-integrity check
720575940623007159,720575940614928849,LA_R,1,1,0,Same Princeton detector only; equality is an empirical dataset-integrity check
720575940623010309,720575940618531618,LA_R,2,2,0,Same Princeton detector only; equality is an empirical dataset-integrity check
720575940623027550,720575940623027550,LA_L,11,0,11,Same Princeton detector only; equality is an empirical dataset-integrity check
720575940623037720,720575940625929765,SAD,1,1,0,Same Princeton detector only; equality is an empirical dataset-integrity check
720575940623051544,720575940611810001,GNG,1,1,0,Same Princeton detector only; equality is an empirical dataset-integrity check
720575940623053225,720575940612354196,LA_L,1,1,0,Same Princeton detector only; equality is an empirical dataset-integrity check
720575940623103843,720575940610715204,LA_R,1,1,0,Same Princeton detector only; equality is an empirical dataset-integrity check
720575940623103843,720575940612735194,LA_R,1,1,0,Same Princeton detector only; equality is an empirical dataset-integrity check
720575940623103843,720575940615167742,LA_R,2,2,0,Same Princeton detector only; equality is an empirical dataset-integrity check
720575940623111593,720575940618724765,LA_L,1,1,0,Same Princeton detector only; equality is an empirical dataset-integrity check
720575940623111593,720575940623111593,LA_L,28,0,28,Same Princeton detector only; equality is an empirical dataset-integrity check
720575940623151565,720575940611057506,GNG,4,4,0,Same Princeton detector only; equality is an empirical dataset-integrity check
720575940623151565,720575940618003284,GNG,1,1,0,Same Princeton detector only; equality is an empirical dataset-integrity check
720575940623151565,720575940621020257,GNG,1,1,0,Same Princeton detector only; equality is an empirical dataset-integrity check
720575940623151565,720575940622171169,AMMC_R,1,1,0,Same Princeton detector only; equality is an empirical dataset-integrity check
720575940623151565,720575940623151565,GNG,1,0,1,Same Princeton detector only; equality is an empirical dataset-integrity check
720575940623151565,720575940644611016,AMMC_R,1,1,0,Same Princeton detector only; equality is an empirical dataset-integrity check
720575940623160865,720575940609016668,LA_R,2,2,0,Same Princeton detector only; equality is an empirical dataset-integrity check
720575940623188830,720575940623005308,LA_R,2,2,0,Same Princeton detector only; equality is an empirical dataset-integrity check
720575940623211852,720575940622545023,LA_R,7,7,0,Same Princeton detector only; equality is an empirical dataset-integrity check
720575940623236777,720575940661099137,LA_L,1,1,0,Same Princeton detector only; equality is an empirical dataset-integrity check
720575940623237731,720575940622270273,LA_R,5,5,0,Same Princeton detector only; equality is an empirical dataset-integrity check
720575940623239133,720575940609182556,LA_R,5,5,0,Same Princeton detector only; equality is an empirical dataset-integrity check
720575940623239133,720575940617537117,LA_R,37,37,0,Same Princeton detector only; equality is an empirical dataset-integrity check
720575940623239133,720575940623239133,LA_R,13,0,13,Same Princeton detector only; equality is an empirical dataset-integrity check
720575940623239133,720575940624485258,LA_R,8,8,0,Same Princeton detector only; equality is an empirical dataset-integrity check
720575940623239133,720575940625282488,LA_R,51,51,0,Same Princeton detector only; equality is an empirical dataset-integrity check
720575940623239133,720575940633646637,LA_R,22,22,0,Same Princeton detector only; equality is an empirical dataset-integrity check
720575940623242108,720575940609212508,LA_L,1,1,0,Same Princeton detector only; equality is an empirical dataset-integrity check
720575940623242108,720575940623242108,LA_L,22,0,22,Same Princeton detector only; equality is an empirical dataset-integrity check
720575940623253068,720575940627855768,LA_R,3,3,0,Same Princeton detector only; equality is an empirical dataset-integrity check
720575940623277667,720575940622404991,LA_R,1,1,0,Same Princeton detector only; equality is an empirical dataset-integrity check
720575940623285628,720575940615556498,LA_L,1,1,0,Same Princeton detector only; equality is an empirical dataset-integrity check
720575940623300137,720575940618062365,SAD,1,1,0,Same Princeton detector only; equality is an empirical dataset-integrity check
720575940623308108,720575940617499765,LA_L,6,6,0,Same Princeton detector only; equality is an empirical dataset-integrity check
720575940623308108,720575940617499765,ME_L,12,12,0,Same Princeton detector only; equality is an empirical dataset-integrity check
720575940623313110,720575940622132656,LA_L,1,1,0,Same Princeton detector only; equality is an empirical dataset-integrity check
720575940623313677,720575940620722000,LA_R,1,1,0,Same Princeton detector only; equality is an empirical dataset-integrity check
720575940623325993,720575940608816964,AMMC_R,1,1,0,Same Princeton detector only; equality is an empirical dataset-integrity check
720575940623325993,720575940618229051,AMMC_R,1,1,0,Same Princeton detector only; equality is an empirical dataset-integrity check
720575940623325993,720575940618953270,SAD,1,1,0,Same Princeton detector only; equality is an empirical dataset-integrity check
720575940623325993,720575940619035003,AMMC_R,2,2,0,Same Princeton detector only; equality is an empirical dataset-integrity check
720575940623325993,720575940623325993,AMMC_R,2,0,2,Same Princeton detector only; equality is an empirical dataset-integrity check
720575940623325993,720575940624157769,AMMC_R,1,1,0,Same Princeton detector only; equality is an empirical dataset-integrity check
720575940623325993,720575940631370336,SAD,1,1,0,Same Princeton detector only; equality is an empirical dataset-integrity check
720575940623325993,720575940642108557,AMMC_R,1,1,0,Same Princeton detector only; equality is an empirical dataset-integrity check
720575940623325993,720575940642666971,AMMC_R,1,1,0,Same Princeton detector only; equality is an empirical dataset-integrity check
720575940623335715,720575940623335715,LA_L,22,0,22,Same Princeton detector only; equality is an empirical dataset-integrity check
720575940623335715,720575940624048275,LA_L,4,4,0,Same Princeton detector only; equality is an empirical dataset-integrity check
720575940623337251,720575940623337251,LA_L,12,0,12,Same Princeton detector only; equality is an empirical dataset-integrity check
720575940623337251,720575940623885764,LA_L,1,1,0,Same Princeton detector only; equality is an empirical dataset-integrity check
720575940623342716,720575940623342716,LA_L,12,0,12,Same Princeton detector only; equality is an empirical dataset-integrity check
720575940623343139,720575940618707483,LA_L,1,1,0,Same Princeton detector only; equality is an empirical dataset-integrity check
720575940623347414,720575940613990111,LA_L,2,2,0,Same Princeton detector only; equality is an empirical dataset-integrity check
720575940623347414,720575940620908491,LA_L,38,38,0,Same Princeton detector only; equality is an empirical dataset-integrity check
720575940623347414,720575940623347414,LA_L,10,0,10,Same Princeton detector only; equality is an empirical dataset-integrity check
720575940623347414,720575940630529836,LA_L,39,39,0,Same Princeton detector only; equality is an empirical dataset-integrity check
720575940623347414,720575940635639706,LA_L,2,2,0,Same Princeton detector only; equality is an empirical dataset-integrity check
720575940623388198,720575940633705560,GNG,1,1,0,Same Princeton detector only; equality is an empirical dataset-integrity check
720575940623400216,720575940622769740,LA_L,2,2,0,Same Princeton detector only; equality is an empirical dataset-integrity check
720575940623400216,720575940622877398,LA_L,2,2,0,Same Princeton detector only; equality is an empirical dataset-integrity check
720575940623400216,720575940623400216,LA_L,10,0,10,Same Princeton detector only; equality is an empirical dataset-integrity check
720575940623400216,720575940628803048,LA_L,1,1,0,Same Princeton detector only; equality is an empirical dataset-integrity check
720575940623400216,720575940633870818,LA_L,36,36,0,Same Princeton detector only; equality is an empirical dataset-integrity check
720575940623400216,720575940639285045,LA_L,10,10,0,Same Princeton detector only; equality is an empirical dataset-integrity check
720575940623400216,720575940640142901,LA_L,29,29,0,Same Princeton detector only; equality is an empirical dataset-integrity check
720575940623441151,720575940612899763,LA_R,1,1,0,Same Princeton detector only; equality is an empirical dataset-integrity check
720575940623441885,720575940638872553,LA_L,1,1,0,Same Princeton detector only; equality is an empirical dataset-integrity check
720575940623457535,720575940615121501,GNG,1,1,0,Same Princeton detector only; equality is an empirical dataset-integrity check
720575940623458915,720575940607773314,LA_R,2,2,0,Same Princeton detector only; equality is an empirical dataset-integrity check
720575940623465596,720575940613474474,LA_R,1,1,0,Same Princeton detector only; equality is an empirical dataset-integrity check
720575940623494861,720575940631647173,LA_R,1,1,0,Same Princeton detector only; equality is an empirical dataset-integrity check
720575940623495693,720575940622225648,LA_L,2,2,0,Same Princeton detector only; equality is an empirical dataset-integrity check
720575940623495693,720575940623495693,LA_L,12,0,12,Same Princeton detector only; equality is an empirical dataset-integrity check
720575940623495693,720575940624811784,LA_L,1,1,0,Same Princeton detector only; equality is an empirical dataset-integrity check
720575940623495693,720575940630179962,,1,0,1,Same Princeton detector only; equality is an empirical dataset-integrity check
720575940623495693,720575940630179962,UNASGD,0,1,-1,Same Princeton detector only; equality is an empirical dataset-integrity check
720575940623495779,720575940629499395,LA_R,2,2,0,Same Princeton detector only; equality is an empirical dataset-integrity check
720575940623517795,720575940628391240,LA_L,1,1,0,Same Princeton detector only; equality is an empirical dataset-integrity check
720575940623518819,720575940623518819,LA_L,1,0,1,Same Princeton detector only; equality is an empirical dataset-integrity check
720575940623518819,720575940647021091,LA_L,1,1,0,Same Princeton detector only; equality is an empirical dataset-integrity check
720575940623522147,720575940623522147,LA_L,1,0,1,Same Princeton detector only; equality is an empirical dataset-integrity check
720575940623522147,720575940634005474,LA_L,1,1,0,Same Princeton detector only; equality is an empirical dataset-integrity check
720575940623527059,720575940630333566,LA_R,1,1,0,Same Princeton detector only; equality is an empirical dataset-integrity check
720575940623537629,720575940610073940,LA_L,2,2,0,Same Princeton detector only; equality is an empirical dataset-integrity check
720575940623537629,720575940611539666,LA_L,1,1,0,Same Princeton detector only; equality is an empirical dataset-integrity check
720575940623537629,720575940621687489,LA_L,1,1,0,Same Princeton detector only; equality is an empirical dataset-integrity check
720575940623538884,720575940633816986,,1,0,1,Same Princeton detector only; equality is an empirical dataset-integrity check
720575940623538884,720575940633816986,UNASGD,0,1,-1,Same Princeton detector only; equality is an empirical dataset-integrity check
720575940623564643,720575940612899763,LA_R,1,1,0,Same Princeton detector only; equality is an empirical dataset-integrity check
720575940623638781,720575940621349285,LA_R,1,1,0,Same Princeton detector only; equality is an empirical dataset-integrity check
720575940623640653,720575940625416167,LA_R,1,1,0,Same Princeton detector only; equality is an empirical dataset-integrity check
720575940623661261,720575940633773523,LA_R,1,1,0,Same Princeton detector only; equality is an empirical dataset-integrity check
720575940623663715,720575940609221900,LA_L,2,2,0,Same Princeton detector only; equality is an empirical dataset-integrity check
720575940623668248,720575940623668248,LA_L,16,0,16,Same Princeton detector only; equality is an empirical dataset-integrity check
720575940623668248,720575940625579704,LA_L,1,1,0,Same Princeton detector only; equality is an empirical dataset-integrity check
720575940623678856,720575940638872553,LA_L,1,1,0,Same Princeton detector only; equality is an empirical dataset-integrity check
720575940623694104,720575940632751663,LA_L,1,1,0,Same Princeton detector only; equality is an empirical dataset-integrity check
720575940623721496,720575940623721496,LA_L,13,0,13,Same Princeton detector only; equality is an empirical dataset-integrity check
720575940623721496,720575940628089402,LA_L,1,1,0,Same Princeton detector only; equality is an empirical dataset-integrity check
720575940623721496,720575940640525144,LA_L,1,1,0,Same Princeton detector only; equality is an empirical dataset-integrity check
720575940623730314,720575940629377641,LA_R,2,2,0,Same Princeton detector only; equality is an empirical dataset-integrity check
720575940623730314,720575940636307960,LA_R,1,1,0,Same Princeton detector only; equality is an empirical dataset-integrity check
720575940623732991,720575940620647760,LA_R,1,1,0,Same Princeton detector only; equality is an empirical dataset-integrity check
720575940623734541,720575940629636713,,1,0,1,Same Princeton detector only; equality is an empirical dataset-integrity check
720575940623734541,720575940629636713,ME_L,1,1,0,Same Princeton detector only; equality is an empirical dataset-integrity check
720575940623734541,720575940629636713,UNASGD,0,1,-1,Same Princeton detector only; equality is an empirical dataset-integrity check
720575940623758669,720575940612470755,GNG,1,1,0,Same Princeton detector only; equality is an empirical dataset-integrity check
720575940623758669,720575940623758669,GNG,2,0,2,Same Princeton detector only; equality is an empirical dataset-integrity check
720575940623758669,720575940626672314,GNG,1,1,0,Same Princeton detector only; equality is an empirical dataset-integrity check
720575940623758669,720575940633198284,GNG,1,1,0,Same Princeton detector only; equality is an empirical dataset-integrity check
720575940623758669,720575940638719807,GNG,2,2,0,Same Princeton detector only; equality is an empirical dataset-integrity check
720575940623758669,720575940647036724,GNG,1,1,0,Same Princeton detector only; equality is an empirical dataset-integrity check
720575940623770637,720575940616335263,LA_R,1,1,0,Same Princeton detector only; equality is an empirical dataset-integrity check
720575940623770637,720575940623770637,LA_R,9,0,9,Same Princeton detector only; equality is an empirical dataset-integrity check
720575940623770637,720575940625155837,LA_R,1,1,0,Same Princeton detector only; equality is an empirical dataset-integrity check
720575940623770637,720575940627459642,LA_R,32,32,0,Same Princeton detector only; equality is an empirical dataset-integrity check
720575940623770637,720575940628769768,LA_R,29,29,0,Same Princeton detector only; equality is an empirical dataset-integrity check
720575940623770637,720575940630153978,LA_R,2,2,0,Same Princeton detector only; equality is an empirical dataset-integrity check
720575940623770637,720575940633345567,LA_R,5,5,0,Same Princeton detector only; equality is an empirical dataset-integrity check
720575940623779071,720575940627873299,LA_R,2,2,0,Same Princeton detector only; equality is an empirical dataset-integrity check
720575940623793290,720575940609016668,LA_R,1,1,0,Same Princeton detector only; equality is an empirical dataset-integrity check
720575940623796041,720575940618663069,LA_R,3,3,0,Same Princeton detector only; equality is an empirical dataset-integrity check
720575940623815192,720575940621944941,LA_R,1,1,0,Same Princeton detector only; equality is an empirical dataset-integrity check
720575940623825544,720575940605399520,,1,0,1,Same Princeton detector only; equality is an empirical dataset-integrity check
720575940623825544,720575940605399520,UNASGD,0,1,-1,Same Princeton detector only; equality is an empirical dataset-integrity check
720575940623854276,720575940630846125,GNG,6,6,0,Same Princeton detector only; equality is an empirical dataset-integrity check
720575940623866248,720575940623866248,LA_L,2,0,2,Same Princeton detector only; equality is an empirical dataset-integrity check
720575940623867016,720575940614197485,LA_L,1,1,0,Same Princeton detector only; equality is an empirical dataset-integrity check
720575940623867016,720575940623867016,LA_L,11,0,11,Same Princeton detector only; equality is an empirical dataset-integrity check
720575940623867016,720575940625956429,LA_L,1,1,0,Same Princeton detector only; equality is an empirical dataset-integrity check
720575940623892579,720575940623892579,LA_L,10,0,10,Same Princeton detector only; equality is an empirical dataset-integrity check
720575940623918104,720575940627671433,LA_R,1,1,0,Same Princeton detector only; equality is an empirical dataset-integrity check
720575940623922952,720575940645941027,LA_R,1,1,0,Same Princeton detector only; equality is an empirical dataset-integrity check
720575940623924248,720575940631043900,LA_R,2,2,0,Same Princeton detector only; equality is an empirical dataset-integrity check
720575940623940963,720575940606097068,ME_R,2,0,2,Same Princeton detector only; equality is an empirical dataset-integrity check
720575940623940963,720575940615374954,ME_R,2,0,2,Same Princeton detector only; equality is an empirical dataset-integrity check
720575940623940963,720575940615692230,ME_R,7,0,7,Same Princeton detector only; equality is an empirical dataset-integrity check
720575940623940963,720575940616530210,ME_R,2,0,2,Same Princeton detector only; equality is an empirical dataset-integrity check
720575940623940963,720575940616991371,ME_R,1,0,1,Same Princeton detector only; equality is an empirical dataset-integrity check
720575940623940963,720575940619836269,ME_R,1,0,1,Same Princeton detector only; equality is an empirical dataset-integrity check
720575940623940963,720575940620118881,ME_R,1,0,1,Same Princeton detector only; equality is an empirical dataset-integrity check
720575940623940963,720575940620627476,ME_R,3,0,3,Same Princeton detector only; equality is an empirical dataset-integrity check
720575940623940963,720575940620875373,ME_R,8,0,8,Same Princeton detector only; equality is an empirical dataset-integrity check
720575940623940963,720575940621729775,ME_R,1,0,1,Same Princeton detector only; equality is an empirical dataset-integrity check
720575940623940963,720575940623940963,ME_R,2,0,2,Same Princeton detector only; equality is an empirical dataset-integrity check
720575940623940963,720575940623949336,ME_R,3,0,3,Same Princeton detector only; equality is an empirical dataset-integrity check
720575940623940963,720575940625217294,LA_R,2,0,2,Same Princeton detector only; equality is an empirical dataset-integrity check
720575940623940963,720575940625217294,ME_R,7,0,7,Same Princeton detector only; equality is an empirical dataset-integrity check
720575940623940963,720575940626813758,ME_R,1,0,1,Same Princeton detector only; equality is an empirical dataset-integrity check
720575940623940963,720575940628753128,ME_R,12,0,12,Same Princeton detector only; equality is an empirical dataset-integrity check
720575940623940963,720575940628794884,ME_R,2,0,2,Same Princeton detector only; equality is an empirical dataset-integrity check
720575940623940963,720575940629371978,ME_R,1,0,1,Same Princeton detector only; equality is an empirical dataset-integrity check
720575940623940963,720575940629465094,ME_R,1,0,1,Same Princeton detector only; equality is an empirical dataset-integrity check
720575940623940963,720575940629825027,ME_R,21,0,21,Same Princeton detector only; equality is an empirical dataset-integrity check
720575940623940963,720575940630615543,ME_R,1,0,1,Same Princeton detector only; equality is an empirical dataset-integrity check
720575940623940963,720575940630761467,ME_R,2,0,2,Same Princeton detector only; equality is an empirical dataset-integrity check
720575940623940963,720575940632035385,ME_R,4,0,4,Same Princeton detector only; equality is an empirical dataset-integrity check
720575940623940963,720575940632358186,ME_R,1,0,1,Same Princeton detector only; equality is an empirical dataset-integrity check
720575940623940963,720575940632782756,ME_R,4,0,4,Same Princeton detector only; equality is an empirical dataset-integrity check
720575940623940963,720575940633131731,ME_R,6,0,6,Same Princeton detector only; equality is an empirical dataset-integrity check
720575940623940963,720575940635029273,ME_R,2,0,2,Same Princeton detector only; equality is an empirical dataset-integrity check
720575940623940963,720575940635270044,ME_R,4,0,4,Same Princeton detector only; equality is an empirical dataset-integrity check
720575940623940963,720575940636747639,ME_R,3,0,3,Same Princeton detector only; equality is an empirical dataset-integrity check
720575940623940963,720575940637663710,ME_R,5,0,5,Same Princeton detector only; equality is an empirical dataset-integrity check
720575940623940963,720575940638036336,ME_R,5,0,5,Same Princeton detector only; equality is an empirical dataset-integrity check
720575940623940963,720575940638950463,ME_R,2,0,2,Same Princeton detector only; equality is an empirical dataset-integrity check
720575940623940963,720575940640120142,ME_R,5,0,5,Same Princeton detector only; equality is an empirical dataset-integrity check
720575940623940963,720575940642650331,ME_R,32,0,32,Same Princeton detector only; equality is an empirical dataset-integrity check
720575940623940963,720575940643144589,ME_R,5,0,5,Same Princeton detector only; equality is an empirical dataset-integrity check
720575940623940963,720575940647580468,ME_R,4,0,4,Same Princeton detector only; equality is an empirical dataset-integrity check
720575940623940963,720575940647731252,ME_R,2,0,2,Same Princeton detector only; equality is an empirical dataset-integrity check
720575940623942408,720575940623940963,ME_R,1,0,1,Same Princeton detector only; equality is an empirical dataset-integrity check
720575940623946957,720575940618150105,LA_R,1,1,0,Same Princeton detector only; equality is an empirical dataset-integrity check
720575940623948841,720575940618743709,LA_R,4,4,0,Same Princeton detector only; equality is an empirical dataset-integrity check
720575940623950600,720575940612943066,LA_R,1,1,0,Same Princeton detector only; equality is an empirical dataset-integrity check
720575940623960245,720575940618240401,LA_L,1,1,0,Same Princeton detector only; equality is an empirical dataset-integrity check
720575940623988248,720575940617768587,ME_L,10,10,0,Same Princeton detector only; equality is an empirical dataset-integrity check
720575940623991236,720575940610715204,LA_R,2,2,0,Same Princeton detector only; equality is an empirical dataset-integrity check
720575940623991236,720575940622404991,LA_R,3,3,0,Same Princeton detector only; equality is an empirical dataset-integrity check
720575940624001791,720575940618238681,LA_L,1,1,0,Same Princeton detector only; equality is an empirical dataset-integrity check
720575940624001791,720575940624001791,LA_L,6,0,6,Same Princeton detector only; equality is an empirical dataset-integrity check
720575940624042899,720575940614194925,LA_L,1,1,0,Same Princeton detector only; equality is an empirical dataset-integrity check
720575940624046227,720575940614197485,LA_L,1,1,0,Same Princeton detector only; equality is an empirical dataset-integrity check
720575940624046227,720575940624046227,LA_L,7,0,7,Same Princeton detector only; equality is an empirical dataset-integrity check
720575940624046739,720575940616388550,LA_L,1,1,0,Same Princeton detector only; equality is an empirical dataset-integrity check
720575940624048275,720575940623335715,LA_L,7,7,0,Same Princeton detector only; equality is an empirical dataset-integrity check
720575940624048275,720575940624048275,LA_L,16,0,16,Same Princeton detector only; equality is an empirical dataset-integrity check
720575940624082532,720575940615121501,GNG,3,3,0,Same Princeton detector only; equality is an empirical dataset-integrity check
720575940624090250,720575940624870217,LA_R,1,1,0,Same Princeton detector only; equality is an empirical dataset-integrity check
720575940624103827,720575940624103827,LA_L,16,0,16,Same Princeton detector only; equality is an empirical dataset-integrity check
720575940624103827,720575940624881093,LA_L,1,1,0,Same Princeton detector only; equality is an empirical dataset-integrity check
720575940624103827,720575940631728335,LA_L,1,1,0,Same Princeton detector only; equality is an empirical dataset-integrity check
720575940624114985,720575940621458625,LA_L,2,2,0,Same Princeton detector only; equality is an empirical dataset-integrity check
720575940624139305,720575940610664601,LA_R,17,17,0,Same Princeton detector only; equality is an empirical dataset-integrity check
720575940624139305,720575940613866098,LA_R,49,49,0,Same Princeton detector only; equality is an empirical dataset-integrity check
720575940624139305,720575940616412127,LA_R,4,4,0,Same Princeton detector only; equality is an empirical dataset-integrity check
720575940624139305,720575940618381012,LA_R,2,2,0,Same Princeton detector only; equality is an empirical dataset-integrity check
720575940624139305,720575940620263384,LA_R,1,1,0,Same Princeton detector only; equality is an empirical dataset-integrity check
720575940624139305,720575940622190452,LA_R,4,4,0,Same Princeton detector only; equality is an empirical dataset-integrity check
720575940624139305,720575940624139305,LA_R,19,0,19,Same Princeton detector only; equality is an empirical dataset-integrity check
720575940624139305,720575940625798332,LA_R,42,42,0,Same Princeton detector only; equality is an empirical dataset-integrity check
720575940624139305,720575940630776108,LA_R,4,4,0,Same Princeton detector only; equality is an empirical dataset-integrity check
720575940624141508,720575940606489702,LA_R,10,10,0,Same Princeton detector only; equality is an empirical dataset-integrity check
720575940624141508,720575940610222805,LA_R,2,2,0,Same Princeton detector only; equality is an empirical dataset-integrity check
720575940624141508,720575940612375002,LA_R,1,1,0,Same Princeton detector only; equality is an empirical dataset-integrity check
720575940624141508,720575940616222879,LA_R,1,1,0,Same Princeton detector only; equality is an empirical dataset-integrity check
720575940624141508,720575940620223326,LA_R,41,41,0,Same Princeton detector only; equality is an empirical dataset-integrity check
720575940624141508,720575940624141508,LA_R,11,0,11,Same Princeton detector only; equality is an empirical dataset-integrity check
720575940624141508,720575940625125640,LA_R,1,1,0,Same Princeton detector only; equality is an empirical dataset-integrity check
720575940624141508,720575940625266761,LA_R,2,2,0,Same Princeton detector only; equality is an empirical dataset-integrity check
720575940624141508,720575940626023608,LA_R,31,31,0,Same Princeton detector only; equality is an empirical dataset-integrity check
720575940624141508,720575940636117359,LA_R,34,34,0,Same Princeton detector only; equality is an empirical dataset-integrity check
720575940624179917,720575940633773523,LA_R,3,3,0,Same Princeton detector only; equality is an empirical dataset-integrity check
720575940624227210,720575940621482667,LA_L,1,1,0,Same Princeton detector only; equality is an empirical dataset-integrity check
720575940624227366,720575940618150105,LA_R,1,1,0,Same Princeton detector only; equality is an empirical dataset-integrity check
720575940624274824,720575940633773523,LA_R,2,2,0,Same Princeton detector only; equality is an empirical dataset-integrity check
720575940624297608,720575940621193051,LA_R,1,1,0,Same Princeton detector only; equality is an empirical dataset-integrity check
720575940624308355,720575940624501747,SAD,1,1,0,Same Princeton detector only; equality is an empirical dataset-integrity check
720575940624338058,720575940624338058,,1,0,1,Same Princeton detector only; equality is an empirical dataset-integrity check
720575940624338058,720575940624338058,LA_L,17,0,17,Same Princeton detector only; equality is an empirical dataset-integrity check
720575940624361769,720575940618531618,LA_R,1,1,0,Same Princeton detector only; equality is an empirical dataset-integrity check
720575940624361769,720575940631043900,LA_R,1,1,0,Same Princeton detector only; equality is an empirical dataset-integrity check
720575940624438566,720575940624438566,LA_L,8,0,8,Same Princeton detector only; equality is an empirical dataset-integrity check
720575940624438566,720575940631317548,LA_L,1,1,0,Same Princeton detector only; equality is an empirical dataset-integrity check
720575940624438566,720575940637125239,LA_L,1,1,0,Same Princeton detector only; equality is an empirical dataset-integrity check
720575940624468809,720575940617920827,LA_R,2,2,0,Same Princeton detector only; equality is an empirical dataset-integrity check
720575940624485258,720575940628102013,LA_R,4,4,0,Same Princeton detector only; equality is an empirical dataset-integrity check
720575940624485258,720575940638616922,LA_R,1,1,0,Same Princeton detector only; equality is an empirical dataset-integrity check
720575940624501747,720575940626540821,AMMC_L,1,1,0,Same Princeton detector only; equality is an empirical dataset-integrity check
720575940624501747,720575940647493241,AL_L,1,1,0,Same Princeton detector only; equality is an empirical dataset-integrity check
720575940624513476,720575940623770637,LA_R,1,1,0,Same Princeton detector only; equality is an empirical dataset-integrity check
720575940624513476,720575940630423418,LA_R,1,1,0,Same Princeton detector only; equality is an empirical dataset-integrity check
720575940624522986,720575940630485626,LA_R,2,2,0,Same Princeton detector only; equality is an empirical dataset-integrity check
720575940624706567,720575940631845839,LA_R,3,3,0,Same Princeton detector only; equality is an empirical dataset-integrity check
720575940624735229,720575940624735229,LA_L,1,0,1,Same Princeton detector only; equality is an empirical dataset-integrity check
720575940624735229,720575940636208052,LA_L,1,1,0,Same Princeton detector only; equality is an empirical dataset-integrity check
720575940624750823,720575940609622281,ME_L,1,1,0,Same Princeton detector only; equality is an empirical dataset-integrity check
720575940624763796,720575940611550840,LA_R,2,2,0,Same Princeton detector only; equality is an empirical dataset-integrity check
720575940624763796,720575940620647760,LA_R,3,3,0,Same Princeton detector only; equality is an empirical dataset-integrity check
720575940624766700,720575940633816986,GNG,2,2,0,Same Princeton detector only; equality is an empirical dataset-integrity check
720575940624809735,720575940618916125,LA_L,1,1,0,Same Princeton detector only; equality is an empirical dataset-integrity check
720575940624811784,720575940623495693,LA_L,4,4,0,Same Princeton detector only; equality is an empirical dataset-integrity check
720575940624835476,720575940632382994,LA_R,1,1,0,Same Princeton detector only; equality is an empirical dataset-integrity check
720575940624870217,720575940607540681,LA_R,1,1,0,Same Princeton detector only; equality is an empirical dataset-integrity check
720575940624870217,720575940608410307,LA_R,1,1,0,Same Princeton detector only; equality is an empirical dataset-integrity check
720575940624870217,720575940610173304,LA_R,1,1,0,Same Princeton detector only; equality is an empirical dataset-integrity check
720575940624870217,720575940612332750,LA_R,3,3,0,Same Princeton detector only; equality is an empirical dataset-integrity check
720575940624870217,720575940612797146,LA_R,4,4,0,Same Princeton detector only; equality is an empirical dataset-integrity check
720575940624870217,720575940613315993,LA_R,4,4,0,Same Princeton detector only; equality is an empirical dataset-integrity check
720575940624870217,720575940613587609,LA_R,1,1,0,Same Princeton detector only; equality is an empirical dataset-integrity check
720575940624870217,720575940617027014,LA_R,2,2,0,Same Princeton detector only; equality is an empirical dataset-integrity check
720575940624870217,720575940617730265,LA_R,1,1,0,Same Princeton detector only; equality is an empirical dataset-integrity check
720575940624870217,720575940623521003,LA_R,39,39,0,Same Princeton detector only; equality is an empirical dataset-integrity check
720575940624870217,720575940624870217,LA_R,17,0,17,Same Princeton detector only; equality is an empirical dataset-integrity check
720575940624870217,720575940630123351,LA_R,45,45,0,Same Princeton detector only; equality is an empirical dataset-integrity check
720575940624870217,720575940632058451,LA_R,2,2,0,Same Princeton detector only; equality is an empirical dataset-integrity check
720575940624870217,720575940632476739,LA_R,1,1,0,Same Princeton detector only; equality is an empirical dataset-integrity check
720575940624870217,720575940634178751,LA_R,25,25,0,Same Princeton detector only; equality is an empirical dataset-integrity check
720575940624870217,720575940637073775,LA_R,2,2,0,Same Princeton detector only; equality is an empirical dataset-integrity check
720575940624882151,720575940639166197,GNG,1,1,0,Same Princeton detector only; equality is an empirical dataset-integrity check
720575940624915230,720575940622811903,SAD,1,1,0,Same Princeton detector only; equality is an empirical dataset-integrity check
720575940624956139,720575940621571254,LA_R,1,1,0,Same Princeton detector only; equality is an empirical dataset-integrity check
720575940624956139,720575940624857597,LA_R,1,1,0,Same Princeton detector only; equality is an empirical dataset-integrity check
720575940624956139,720575940624956139,LA_R,14,0,14,Same Princeton detector only; equality is an empirical dataset-integrity check
720575940624956139,720575940627692626,LA_R,1,1,0,Same Princeton detector only; equality is an empirical dataset-integrity check
720575940624956139,720575940628090184,LA_R,3,3,0,Same Princeton detector only; equality is an empirical dataset-integrity check
720575940624956139,720575940628893937,LA_R,30,30,0,Same Princeton detector only; equality is an empirical dataset-integrity check
720575940624956139,720575940633817569,LA_R,30,30,0,Same Princeton detector only; equality is an empirical dataset-integrity check
720575940624956139,720575940637590128,LA_R,2,2,0,Same Princeton detector only; equality is an empirical dataset-integrity check
720575940624956139,720575940645807726,LA_R,15,15,0,Same Princeton detector only; equality is an empirical dataset-integrity check
720575940624972981,720575940620545616,LA_L,1,1,0,Same Princeton detector only; equality is an empirical dataset-integrity check
720575940625000200,720575940621157887,GNG,1,1,0,Same Princeton detector only; equality is an empirical dataset-integrity check
720575940625037509,720575940625037509,LA_L,12,0,12,Same Princeton detector only; equality is an empirical dataset-integrity check
720575940625039799,720575940632083275,LA_R,1,1,0,Same Princeton detector only; equality is an empirical dataset-integrity check
720575940625044421,720575940625044421,LA_L,13,0,13,Same Princeton detector only; equality is an empirical dataset-integrity check
720575940625044421,720575940633220516,LA_L,1,1,0,Same Princeton detector only; equality is an empirical dataset-integrity check
720575940625067243,720575940616149570,LA_L,1,1,0,Same Princeton detector only; equality is an empirical dataset-integrity check
720575940625067243,720575940619587195,LA_L,1,1,0,Same Princeton detector only; equality is an empirical dataset-integrity check
720575940625067243,720575940625067243,LA_L,16,0,16,Same Princeton detector only; equality is an empirical dataset-integrity check
720575940625067243,720575940629063409,LA_L,2,2,0,Same Princeton detector only; equality is an empirical dataset-integrity check
720575940625075453,720575940618712221,LA_R,2,2,0,Same Princeton detector only; equality is an empirical dataset-integrity check
720575940625075453,720575940620232920,LA_R,1,1,0,Same Princeton detector only; equality is an empirical dataset-integrity check
720575940625083175,720575940615121501,GNG,1,1,0,Same Princeton detector only; equality is an empirical dataset-integrity check
720575940625113015,720575940605610784,LA_R,1,1,0,Same Princeton detector only; equality is an empirical dataset-integrity check
720575940625113015,720575940615131699,LA_R,1,1,0,Same Princeton detector only; equality is an empirical dataset-integrity check
720575940625113015,720575940618661277,LA_R,1,1,0,Same Princeton detector only; equality is an empirical dataset-integrity check
720575940625113015,720575940618685853,LA_R,2,2,0,Same Princeton detector only; equality is an empirical dataset-integrity check
720575940625113015,720575940619803697,LA_R,3,3,0,Same Princeton detector only; equality is an empirical dataset-integrity check
720575940625113015,720575940620463855,LA_R,2,2,0,Same Princeton detector only; equality is an empirical dataset-integrity check
720575940625113015,720575940620744430,LA_R,22,22,0,Same Princeton detector only; equality is an empirical dataset-integrity check
720575940625113015,720575940625113015,LA_R,22,0,22,Same Princeton detector only; equality is an empirical dataset-integrity check
720575940625113015,720575940626023568,LA_R,44,44,0,Same Princeton detector only; equality is an empirical dataset-integrity check
720575940625113015,720575940630498942,LA_R,37,37,0,Same Princeton detector only; equality is an empirical dataset-integrity check
720575940625113015,720575940630884855,LA_R,31,31,0,Same Princeton detector only; equality is an empirical dataset-integrity check
720575940625125640,720575940606489702,LA_R,11,11,0,Same Princeton detector only; equality is an empirical dataset-integrity check
720575940625125640,720575940610222805,LA_R,2,2,0,Same Princeton detector only; equality is an empirical dataset-integrity check
720575940625125640,720575940615315111,LA_R,1,1,0,Same Princeton detector only; equality is an empirical dataset-integrity check
720575940625125640,720575940620223326,LA_R,39,39,0,Same Princeton detector only; equality is an empirical dataset-integrity check
720575940625125640,720575940621090213,LA_R,1,1,0,Same Princeton detector only; equality is an empirical dataset-integrity check
720575940625125640,720575940621500070,LA_R,1,1,0,Same Princeton detector only; equality is an empirical dataset-integrity check
720575940625125640,720575940624141508,LA_R,1,1,0,Same Princeton detector only; equality is an empirical dataset-integrity check
720575940625125640,720575940625125640,LA_R,15,0,15,Same Princeton detector only; equality is an empirical dataset-integrity check
720575940625125640,720575940626023608,LA_R,35,35,0,Same Princeton detector only; equality is an empirical dataset-integrity check
720575940625125640,720575940627931544,LA_R,1,1,0,Same Princeton detector only; equality is an empirical dataset-integrity check
720575940625125640,720575940628054397,LA_R,1,1,0,Same Princeton detector only; equality is an empirical dataset-integrity check
720575940625125640,720575940636117359,LA_R,35,35,0,Same Princeton detector only; equality is an empirical dataset-integrity check
720575940625132948,720575940625132948,LA_L,2,0,2,Same Princeton detector only; equality is an empirical dataset-integrity check
720575940625132948,720575940632352104,LA_L,1,1,0,Same Princeton detector only; equality is an empirical dataset-integrity check
720575940625155837,720575940622799137,LA_R,2,2,0,Same Princeton detector only; equality is an empirical dataset-integrity check
720575940625155837,720575940628442389,LA_R,1,1,0,Same Princeton detector only; equality is an empirical dataset-integrity check
720575940625161530,720575940612294311,,1,0,1,Same Princeton detector only; equality is an empirical dataset-integrity check
720575940625161530,720575940612294311,UNASGD,0,1,-1,Same Princeton detector only; equality is an empirical dataset-integrity check
720575940625178556,720575940627098942,LA_L,1,1,0,Same Princeton detector only; equality is an empirical dataset-integrity check
720575940625208653,720575940621482667,LA_L,1,1,0,Same Princeton detector only; equality is an empirical dataset-integrity check
720575940625237923,720575940625237923,LA_L,7,0,7,Same Princeton detector only; equality is an empirical dataset-integrity check
720575940625266761,720575940618437922,LA_R,1,1,0,Same Princeton detector only; equality is an empirical dataset-integrity check
720575940625266761,720575940626928740,LA_R,1,1,0,Same Princeton detector only; equality is an empirical dataset-integrity check
720575940625266761,720575940628054397,LA_R,2,2,0,Same Princeton detector only; equality is an empirical dataset-integrity check
720575940625274772,720575940622303216,LA_R,1,1,0,Same Princeton detector only; equality is an empirical dataset-integrity check
720575940625274772,720575940623005308,LA_R,1,1,0,Same Princeton detector only; equality is an empirical dataset-integrity check
720575940625282488,720575940623239133,LA_R,1,1,0,Same Princeton detector only; equality is an empirical dataset-integrity check
720575940625282488,720575940631186550,LA_R,2,2,0,Same Princeton detector only; equality is an empirical dataset-integrity check
720575940625287497,720575940625511572,LA_R,1,1,0,Same Princeton detector only; equality is an empirical dataset-integrity check
720575940625349863,720575940620236593,LA_L,1,1,0,Same Princeton detector only; equality is an empirical dataset-integrity check
720575940625358344,720575940620487504,LA_L,1,1,0,Same Princeton detector only; equality is an empirical dataset-integrity check
720575940625379401,720575940622132656,LA_L,1,1,0,Same Princeton detector only; equality is an empirical dataset-integrity check
720575940625416167,720575940611101230,LA_R,2,2,0,Same Princeton detector only; equality is an empirical dataset-integrity check
720575940625416167,720575940612855475,LA_R,1,1,0,Same Princeton detector only; equality is an empirical dataset-integrity check
720575940625416167,720575940616120669,LA_R,1,1,0,Same Princeton detector only; equality is an empirical dataset-integrity check
720575940625416167,720575940620706543,LA_R,16,16,0,Same Princeton detector only; equality is an empirical dataset-integrity check
720575940625416167,720575940625416167,LA_R,10,0,10,Same Princeton detector only; equality is an empirical dataset-integrity check
720575940625416167,720575940628116392,LA_R,28,28,0,Same Princeton detector only; equality is an empirical dataset-integrity check
720575940625416167,720575940631246636,LA_R,30,30,0,Same Princeton detector only; equality is an empirical dataset-integrity check
720575940625416167,720575940632905263,LA_R,4,4,0,Same Princeton detector only; equality is an empirical dataset-integrity check
720575940625416167,720575940635664279,LA_R,2,2,0,Same Princeton detector only; equality is an empirical dataset-integrity check
720575940625416167,720575940639675480,LA_R,38,38,0,Same Princeton detector only; equality is an empirical dataset-integrity check
720575940625449404,720575940620236593,LA_L,1,1,0,Same Princeton detector only; equality is an empirical dataset-integrity check
720575940625455544,720575940608224178,LA_L,1,1,0,Same Princeton detector only; equality is an empirical dataset-integrity check
720575940625455544,720575940628955722,LA_L,1,1,0,Same Princeton detector only; equality is an empirical dataset-integrity check
720575940625505428,720575940621458625,LA_L,1,1,0,Same Princeton detector only; equality is an empirical dataset-integrity check
720575940625511572,720575940617414005,LA_R,1,1,0,Same Princeton detector only; equality is an empirical dataset-integrity check
720575940625511572,720575940623730314,LA_R,1,1,0,Same Princeton detector only; equality is an empirical dataset-integrity check
720575940625511572,720575940625287497,LA_R,1,1,0,Same Princeton detector only; equality is an empirical dataset-integrity check
720575940625511572,720575940625511572,LA_R,22,0,22,Same Princeton detector only; equality is an empirical dataset-integrity check
720575940625511572,720575940630869760,LA_R,2,2,0,Same Princeton detector only; equality is an empirical dataset-integrity check
720575940625511572,720575940634203603,LA_R,25,25,0,Same Princeton detector only; equality is an empirical dataset-integrity check
720575940625511572,720575940638926938,LA_R,4,4,0,Same Princeton detector only; equality is an empirical dataset-integrity check
720575940625511572,720575940639236836,LA_R,40,40,0,Same Princeton detector only; equality is an empirical dataset-integrity check
720575940625514023,720575940611550840,LA_R,1,1,0,Same Princeton detector only; equality is an empirical dataset-integrity check
720575940625514023,720575940621462511,LA_R,1,1,0,Same Princeton detector only; equality is an empirical dataset-integrity check
720575940625514023,720575940631845839,LA_R,1,1,0,Same Princeton detector only; equality is an empirical dataset-integrity check
720575940625564860,720575940625564860,LA_L,8,0,8,Same Princeton detector only; equality is an empirical dataset-integrity check
720575940625564860,720575940634857884,LA_L,1,1,0,Same Princeton detector only; equality is an empirical dataset-integrity check
720575940625579704,720575940625579704,LA_L,15,0,15,Same Princeton detector only; equality is an empirical dataset-integrity check
720575940625583118,720575940606292326,LA_L,1,1,0,Same Princeton detector only; equality is an empirical dataset-integrity check
720575940625583118,720575940625583118,LA_L,14,0,14,Same Princeton detector only; equality is an empirical dataset-integrity check
720575940625590460,720575940610715204,LA_R,1,1,0,Same Princeton detector only; equality is an empirical dataset-integrity check
720575940625601468,720575940633176351,LA_R,1,1,0,Same Princeton detector only; equality is an empirical dataset-integrity check
720575940625603512,720575940625603512,LA_L,16,0,16,Same Princeton detector only; equality is an empirical dataset-integrity check
720575940625615508,720575940631505260,LA_L,2,2,0,Same Princeton detector only; equality is an empirical dataset-integrity check
720575940625615847,720575940618864724,LA_L,2,2,0,Same Princeton detector only; equality is an empirical dataset-integrity check
720575940625635119,720575940625635119,LA_L,8,0,8,Same Princeton detector only; equality is an empirical dataset-integrity check
720575940625643495,720575940625643495,LA_L,14,0,14,Same Princeton detector only; equality is an empirical dataset-integrity check
720575940625644775,720575940631149372,LA_L,1,1,0,Same Princeton detector only; equality is an empirical dataset-integrity check
720575940625652272,720575940625717747,LA_R,2,2,0,Same Princeton detector only; equality is an empirical dataset-integrity check
720575940625652879,720575940609347595,GNG,2,2,0,Same Princeton detector only; equality is an empirical dataset-integrity check
720575940625652879,720575940614046395,GNG,1,1,0,Same Princeton detector only; equality is an empirical dataset-integrity check
720575940625652879,720575940614985878,GNG,1,1,0,Same Princeton detector only; equality is an empirical dataset-integrity check
720575940625652879,720575940616362123,GNG,1,1,0,Same Princeton detector only; equality is an empirical dataset-integrity check
720575940625652879,720575940625652879,GNG,2,0,2,Same Princeton detector only; equality is an empirical dataset-integrity check
720575940625652879,720575940625771780,GNG,1,1,0,Same Princeton detector only; equality is an empirical dataset-integrity check
720575940625652879,720575940629139968,GNG,1,1,0,Same Princeton detector only; equality is an empirical dataset-integrity check
720575940625652879,720575940631335491,GNG,1,1,0,Same Princeton detector only; equality is an empirical dataset-integrity check
720575940625652879,720575940641811419,GNG,11,11,0,Same Princeton detector only; equality is an empirical dataset-integrity check
720575940625653391,720575940611510765,GNG,1,1,0,Same Princeton detector only; equality is an empirical dataset-integrity check
720575940625673959,720575940630098075,ME_L,1,1,0,Same Princeton detector only; equality is an empirical dataset-integrity check
720575940625680824,720575940612354196,LA_L,1,1,0,Same Princeton detector only; equality is an empirical dataset-integrity check
720575940625717747,720575940623073050,LA_R,11,11,0,Same Princeton detector only; equality is an empirical dataset-integrity check
720575940625717747,720575940625652272,LA_R,43,43,0,Same Princeton detector only; equality is an empirical dataset-integrity check
720575940625717747,720575940625717747,LA_R,26,0,26,Same Princeton detector only; equality is an empirical dataset-integrity check
720575940625717747,720575940629160491,LA_R,1,1,0,Same Princeton detector only; equality is an empirical dataset-integrity check
720575940625717747,720575940630873548,LA_R,56,56,0,Same Princeton detector only; equality is an empirical dataset-integrity check
720575940625717747,720575940632510250,LA_R,1,1,0,Same Princeton detector only; equality is an empirical dataset-integrity check
720575940625717747,720575940647662388,LA_R,53,53,0,Same Princeton detector only; equality is an empirical dataset-integrity check
720575940625721118,720575940605836204,SPS_L,1,1,0,Same Princeton detector only; equality is an empirical dataset-integrity check
720575940625721118,720575940609268316,SPS_L,4,4,0,Same Princeton detector only; equality is an empirical dataset-integrity check
720575940625721118,720575940610895474,IPS_L,2,2,0,Same Princeton detector only; equality is an empirical dataset-integrity check
720575940625721118,720575940610895474,SPS_L,6,6,0,Same Princeton detector only; equality is an empirical dataset-integrity check
720575940625721118,720575940614254534,SPS_L,2,2,0,Same Princeton detector only; equality is an empirical dataset-integrity check
720575940625721118,720575940617626235,SPS_L,1,1,0,Same Princeton detector only; equality is an empirical dataset-integrity check
720575940625721118,720575940625721118,,10,0,10,Same Princeton detector only; equality is an empirical dataset-integrity check
720575940625721118,720575940625721118,ICL_L,12,0,12,Same Princeton detector only; equality is an empirical dataset-integrity check
720575940625721118,720575940625721118,IPS_L,2,0,2,Same Princeton detector only; equality is an empirical dataset-integrity check
720575940625721118,720575940625721118,SPS_L,5,0,5,Same Princeton detector only; equality is an empirical dataset-integrity check
720575940625721118,720575940625796839,IPS_L,4,4,0,Same Princeton detector only; equality is an empirical dataset-integrity check
720575940625721118,720575940626044942,IPS_L,1,1,0,Same Princeton detector only; equality is an empirical dataset-integrity check
720575940625721118,720575940628362993,SPS_L,2,2,0,Same Princeton detector only; equality is an empirical dataset-integrity check
720575940625721118,720575940628498161,ICL_L,1,1,0,Same Princeton detector only; equality is an empirical dataset-integrity check
720575940625721118,720575940631530348,SPS_L,1,1,0,Same Princeton detector only; equality is an empirical dataset-integrity check
720575940625721118,720575940631592017,SPS_L,1,1,0,Same Princeton detector only; equality is an empirical dataset-integrity check
720575940625721118,720575940643471008,SPS_L,1,1,0,Same Princeton detector only; equality is an empirical dataset-integrity check
720575940625721118,720575940644303639,IPS_L,3,3,0,Same Princeton detector only; equality is an empirical dataset-integrity check
720575940625721118,720575940644303639,SPS_L,1,1,0,Same Princeton detector only; equality is an empirical dataset-integrity check
720575940625733095,720575940625733095,LA_L,16,0,16,Same Princeton detector only; equality is an empirical dataset-integrity check
720575940625744788,720575940613971683,LA_R,1,1,0,Same Princeton detector only; equality is an empirical dataset-integrity check
720575940625781692,720575940606761918,LA_R,7,7,0,Same Princeton detector only; equality is an empirical dataset-integrity check
720575940625781692,720575940613253874,LA_R,51,51,0,Same Princeton detector only; equality is an empirical dataset-integrity check
720575940625781692,720575940619139653,LA_R,2,2,0,Same Princeton detector only; equality is an empirical dataset-integrity check
720575940625781692,720575940621721709,LA_R,1,1,0,Same Princeton detector only; equality is an empirical dataset-integrity check
720575940625781692,720575940625781692,LA_R,13,0,13,Same Princeton detector only; equality is an empirical dataset-integrity check
720575940625781692,720575940627310697,LA_R,1,1,0,Same Princeton detector only; equality is an empirical dataset-integrity check
720575940625781692,720575940633188689,LA_R,33,33,0,Same Princeton detector only; equality is an empirical dataset-integrity check
720575940625798332,720575940624139305,LA_R,2,2,0,Same Princeton detector only; equality is an empirical dataset-integrity check
720575940625804008,720575940613878459,GNG,1,1,0,Same Princeton detector only; equality is an empirical dataset-integrity check
720575940625808627,720575940632687672,LA_L,1,1,0,Same Princeton detector only; equality is an empirical dataset-integrity check
720575940625823101,720575940624048275,,1,0,1,Same Princeton detector only; equality is an empirical dataset-integrity check
720575940625823101,720575940624048275,UNASGD,0,1,-1,Same Princeton detector only; equality is an empirical dataset-integrity check
720575940625823101,720575940625823101,LA_L,1,0,1,Same Princeton detector only; equality is an empirical dataset-integrity check
720575940625883324,720575940620665680,LA_L,1,1,0,Same Princeton detector only; equality is an empirical dataset-integrity check
720575940625892284,720575940632280338,LA_L,2,2,0,Same Princeton detector only; equality is an empirical dataset-integrity check
720575940625892284,720575940632280338,ME_L,16,16,0,Same Princeton detector only; equality is an empirical dataset-integrity check
720575940625916207,720575940617053883,,1,0,1,Same Princeton detector only; equality is an empirical dataset-integrity check
720575940625916207,720575940617053883,UNASGD,0,1,-1,Same Princeton detector only; equality is an empirical dataset-integrity check
720575940625916207,720575940625916207,LA_L,16,0,16,Same Princeton detector only; equality is an empirical dataset-integrity check
720575940625929765,720575940605691424,GNG,1,1,0,Same Princeton detector only; equality is an empirical dataset-integrity check
720575940625929765,720575940612635050,SAD,1,1,0,Same Princeton detector only; equality is an empirical dataset-integrity check
720575940625929765,720575940614960022,SAD,1,1,0,Same Princeton detector only; equality is an empirical dataset-integrity check
720575940625929765,720575940617967188,SAD,1,1,0,Same Princeton detector only; equality is an empirical dataset-integrity check
720575940625929765,720575940625929765,SAD,1,0,1,Same Princeton detector only; equality is an empirical dataset-integrity check
720575940625929765,720575940626592387,SAD,1,1,0,Same Princeton detector only; equality is an empirical dataset-integrity check
720575940625929765,720575940629805950,SAD,1,1,0,Same Princeton detector only; equality is an empirical dataset-integrity check
720575940625929765,720575940635587576,SAD,1,1,0,Same Princeton detector only; equality is an empirical dataset-integrity check
720575940625930227,720575940627873299,LA_R,1,1,0,Same Princeton detector only; equality is an empirical dataset-integrity check
720575940626013112,720575940631647173,LA_R,5,5,0,Same Princeton detector only; equality is an empirical dataset-integrity check
720575940626014734,720575940620666315,LA_R,2,2,0,Same Princeton detector only; equality is an empirical dataset-integrity check
720575940626023568,720575940625113015,LA_R,1,1,0,Same Princeton detector only; equality is an empirical dataset-integrity check
720575940626023608,720575940619065664,LA_R,1,1,0,Same Princeton detector only; equality is an empirical dataset-integrity check
720575940626023608,720575940624141508,LA_R,2,2,0,Same Princeton detector only; equality is an empirical dataset-integrity check
720575940626023608,720575940625125640,LA_R,5,5,0,Same Princeton detector only; equality is an empirical dataset-integrity check
720575940626023608,720575940628789064,LA_R,1,1,0,Same Princeton detector only; equality is an empirical dataset-integrity check
720575940626023608,720575940632581945,LA_R,1,1,0,Same Princeton detector only; equality is an empirical dataset-integrity check
720575940626108749,720575940630485626,LA_R,1,1,0,Same Princeton detector only; equality is an empirical dataset-integrity check
720575940626216720,720575940626216720,GNG,1,0,1,Same Princeton detector only; equality is an empirical dataset-integrity check
720575940626271260,720575940616042508,AMMC_L,1,1,0,Same Princeton detector only; equality is an empirical dataset-integrity check
720575940626295396,720575940611937967,GNG,1,1,0,Same Princeton detector only; equality is an empirical dataset-integrity check
720575940626322992,720575940626322992,LA_L,1,0,1,Same Princeton detector only; equality is an empirical dataset-integrity check
720575940626384944,720575940613971683,LA_R,1,1,0,Same Princeton detector only; equality is an empirical dataset-integrity check
720575940626403842,720575940607773314,LA_R,1,1,0,Same Princeton detector only; equality is an empirical dataset-integrity check
720575940626488894,720575940618864724,LA_L,1,1,0,Same Princeton detector only; equality is an empirical dataset-integrity check
720575940626501578,720575940614197485,LA_L,1,1,0,Same Princeton detector only; equality is an empirical dataset-integrity check
720575940626529052,720575940609221900,LA_L,2,2,0,Same Princeton detector only; equality is an empirical dataset-integrity check
720575940626575716,720575940623005308,LA_R,1,1,0,Same Princeton detector only; equality is an empirical dataset-integrity check
720575940626580794,720575940633705560,GNG,1,1,0,Same Princeton detector only; equality is an empirical dataset-integrity check
720575940626585744,720575940607755721,LA_R,27,27,0,Same Princeton detector only; equality is an empirical dataset-integrity check
720575940626585744,720575940612606899,LA_R,1,1,0,Same Princeton detector only; equality is an empirical dataset-integrity check
720575940626585744,720575940613637861,LA_R,1,1,0,Same Princeton detector only; equality is an empirical dataset-integrity check
720575940626585744,720575940621292992,LA_R,35,35,0,Same Princeton detector only; equality is an empirical dataset-integrity check
720575940626585744,720575940626585744,LA_R,12,0,12,Same Princeton detector only; equality is an empirical dataset-integrity check
720575940626585744,720575940628054397,LA_R,4,4,0,Same Princeton detector only; equality is an empirical dataset-integrity check
720575940626585744,720575940640410702,LA_R,36,36,0,Same Princeton detector only; equality is an empirical dataset-integrity check
720575940626585744,720575940655596193,LA_R,2,2,0,Same Princeton detector only; equality is an empirical dataset-integrity check
720575940626668443,720575940610595442,GNG,1,1,0,Same Princeton detector only; equality is an empirical dataset-integrity check
720575940626668443,720575940619910177,GNG,1,1,0,Same Princeton detector only; equality is an empirical dataset-integrity check
720575940626668443,720575940626668443,GNG,3,0,3,Same Princeton detector only; equality is an empirical dataset-integrity check
720575940626668443,720575940637149006,GNG,1,1,0,Same Princeton detector only; equality is an empirical dataset-integrity check
720575940626702159,720575940616786433,GNG,2,2,0,Same Princeton detector only; equality is an empirical dataset-integrity check
720575940626702159,720575940619193264,GNG,1,1,0,Same Princeton detector only; equality is an empirical dataset-integrity check
720575940626702159,720575940626702159,GNG,3,0,3,Same Princeton detector only; equality is an empirical dataset-integrity check
720575940626702159,720575940631651810,GNG,2,2,0,Same Princeton detector only; equality is an empirical dataset-integrity check
720575940626702159,720575940632898105,GNG,4,4,0,Same Princeton detector only; equality is an empirical dataset-integrity check
720575940626702159,720575940638203881,GNG,2,2,0,Same Princeton detector only; equality is an empirical dataset-integrity check
720575940626702159,720575940640998875,GNG,2,2,0,Same Princeton detector only; equality is an empirical dataset-integrity check
720575940626747578,720575940616710412,LA_L,4,4,0,Same Princeton detector only; equality is an empirical dataset-integrity check
720575940626770532,720575940626770532,LA_L,9,0,9,Same Princeton detector only; equality is an empirical dataset-integrity check
720575940626770532,720575940627462914,LA_L,2,2,0,Same Princeton detector only; equality is an empirical dataset-integrity check
720575940626770532,720575940648098948,LA_L,1,1,0,Same Princeton detector only; equality is an empirical dataset-integrity check
720575940626772154,720575940629285873,LA_R,1,1,0,Same Princeton detector only; equality is an empirical dataset-integrity check
720575940626800933,720575940612943066,LA_R,1,1,0,Same Princeton detector only; equality is an empirical dataset-integrity check
720575940626841354,720575940629808911,IPS_R,1,1,0,Same Princeton detector only; equality is an empirical dataset-integrity check
720575940626851831,720575940618712221,LA_R,1,1,0,Same Princeton detector only; equality is an empirical dataset-integrity check
720575940626866020,720575940613587609,LA_R,1,1,0,Same Princeton detector only; equality is an empirical dataset-integrity check
720575940626896145,720575940615782841,IB_L,1,1,0,Same Princeton detector only; equality is an empirical dataset-integrity check
720575940626896145,720575940621749261,FB,1,1,0,Same Princeton detector only; equality is an empirical dataset-integrity check
720575940626896145,720575940623022315,FB,1,1,0,Same Princeton detector only; equality is an empirical dataset-integrity check
720575940626896145,720575940623474412,PB,2,2,0,Same Princeton detector only; equality is an empirical dataset-integrity check
720575940626896145,720575940624156391,FB,1,1,0,Same Princeton detector only; equality is an empirical dataset-integrity check
720575940626896145,720575940625683077,ICL_L,1,1,0,Same Princeton detector only; equality is an empirical dataset-integrity check
720575940626896145,720575940630087030,ICL_L,1,1,0,Same Princeton detector only; equality is an empirical dataset-integrity check
720575940626896145,720575940632059673,,1,0,1,Same Princeton detector only; equality is an empirical dataset-integrity check
720575940626896145,720575940632059673,UNASGD,0,1,-1,Same Princeton detector only; equality is an empirical dataset-integrity check
720575940626896145,720575940646126644,PB,2,2,0,Same Princeton detector only; equality is an empirical dataset-integrity check
720575940626907082,720575940618849537,LA_L,1,1,0,Same Princeton detector only; equality is an empirical dataset-integrity check
720575940626928740,720575940605621862,LA_R,33,33,0,Same Princeton detector only; equality is an empirical dataset-integrity check
720575940626928740,720575940625266761,LA_R,20,20,0,Same Princeton detector only; equality is an empirical dataset-integrity check
720575940626928740,720575940626928740,LA_R,18,0,18,Same Princeton detector only; equality is an empirical dataset-integrity check
720575940626928740,720575940628220682,LA_R,44,44,0,Same Princeton detector only; equality is an empirical dataset-integrity check
720575940626928740,720575940629854507,LA_R,1,1,0,Same Princeton detector only; equality is an empirical dataset-integrity check
720575940626928740,720575940630879799,LA_R,1,1,0,Same Princeton detector only; equality is an empirical dataset-integrity check
720575940626928740,720575940631721721,LA_R,24,24,0,Same Princeton detector only; equality is an empirical dataset-integrity check
720575940626981157,720575940619434587,GNG,1,1,0,Same Princeton detector only; equality is an empirical dataset-integrity check
720575940627052802,720575940632674444,LA_L,2,2,0,Same Princeton detector only; equality is an empirical dataset-integrity check
720575940627061022,720575940620753744,LA_R,3,3,0,Same Princeton detector only; equality is an empirical dataset-integrity check
720575940627061022,720575940640017597,LA_R,1,1,0,Same Princeton detector only; equality is an empirical dataset-integrity check
720575940627061022,720575940645941027,LA_R,1,1,0,Same Princeton detector only; equality is an empirical dataset-integrity check
720575940627095554,720575940620797643,LA_L,1,1,0,Same Princeton detector only; equality is an empirical dataset-integrity check
720575940627098942,720575940627098942,LA_L,2,0,2,Same Princeton detector only; equality is an empirical dataset-integrity check
720575940627103518,720575940616042508,AMMC_L,1,1,0,Same Princeton detector only; equality is an empirical dataset-integrity check
720575940627135674,720575940648383364,LA_R,1,1,0,Same Princeton detector only; equality is an empirical dataset-integrity check
720575940627138306,720575940611620046,LA_R,7,7,0,Same Princeton detector only; equality is an empirical dataset-integrity check
720575940627138306,720575940612875121,LA_R,31,31,0,Same Princeton detector only; equality is an empirical dataset-integrity check
720575940627138306,720575940619833723,LA_R,37,37,0,Same Princeton detector only; equality is an empirical dataset-integrity check
720575940627138306,720575940620490661,LA_R,48,48,0,Same Princeton detector only; equality is an empirical dataset-integrity check
720575940627138306,720575940621406447,LA_R,3,3,0,Same Princeton detector only; equality is an empirical dataset-integrity check
720575940627138306,720575940627138306,LA_R,20,0,20,Same Princeton detector only; equality is an empirical dataset-integrity check
720575940627138306,720575940637494702,LA_R,1,1,0,Same Princeton detector only; equality is an empirical dataset-integrity check
720575940627138306,720575940644899784,LA_R,1,1,0,Same Princeton detector only; equality is an empirical dataset-integrity check
720575940627138306,720575940656074145,LA_R,2,2,0,Same Princeton detector only; equality is an empirical dataset-integrity check
720575940627146268,720575940631958287,LA_L,1,1,0,Same Princeton detector only; equality is an empirical dataset-integrity check
720575940627146283,720575940625416167,LA_R,1,1,0,Same Princeton detector only; equality is an empirical dataset-integrity check
720575940627149415,720575940603891936,GNG,1,1,0,Same Princeton detector only; equality is an empirical dataset-integrity check
720575940627149415,720575940610871475,GNG,1,1,0,Same Princeton detector only; equality is an empirical dataset-integrity check
720575940627149415,720575940615385798,GNG,4,4,0,Same Princeton detector only; equality is an empirical dataset-integrity check
720575940627149415,720575940615465913,GNG,1,1,0,Same Princeton detector only; equality is an empirical dataset-integrity check
720575940627149415,720575940617225589,GNG,2,2,0,Same Princeton detector only; equality is an empirical dataset-integrity check
720575940627149415,720575940620815896,GNG,1,1,0,Same Princeton detector only; equality is an empirical dataset-integrity check
720575940627149415,720575940621534273,GNG,1,1,0,Same Princeton detector only; equality is an empirical dataset-integrity check
720575940627149415,720575940621636988,GNG,2,2,0,Same Princeton detector only; equality is an empirical dataset-integrity check
720575940627149415,720575940622786317,GNG,4,4,0,Same Princeton detector only; equality is an empirical dataset-integrity check
720575940627149415,720575940624372738,GNG,1,1,0,Same Princeton detector only; equality is an empirical dataset-integrity check
720575940627149415,720575940624719422,GNG,1,1,0,Same Princeton detector only; equality is an empirical dataset-integrity check
720575940627149415,720575940626426654,GNG,1,1,0,Same Princeton detector only; equality is an empirical dataset-integrity check
720575940627149415,720575940626710727,GNG,1,1,0,Same Princeton detector only; equality is an empirical dataset-integrity check
720575940627149415,720575940627149415,,2,0,2,Same Princeton detector only; equality is an empirical dataset-integrity check
720575940627149415,720575940627149415,GNG,7,0,7,Same Princeton detector only; equality is an empirical dataset-integrity check
720575940627149415,720575940627593978,GNG,1,1,0,Same Princeton detector only; equality is an empirical dataset-integrity check
720575940627149415,720575940627645263,GNG,1,1,0,Same Princeton detector only; equality is an empirical dataset-integrity check
720575940627149415,720575940628745209,GNG,1,1,0,Same Princeton detector only; equality is an empirical dataset-integrity check
720575940627149415,720575940631651810,GNG,1,1,0,Same Princeton detector only; equality is an empirical dataset-integrity check
720575940627149415,720575940635776760,GNG,1,1,0,Same Princeton detector only; equality is an empirical dataset-integrity check
720575940627149415,720575940641811419,GNG,1,1,0,Same Princeton detector only; equality is an empirical dataset-integrity check
720575940627166851,720575940629070155,GNG,1,1,0,Same Princeton detector only; equality is an empirical dataset-integrity check
720575940627177022,720575940627665241,LA_L,1,1,0,Same Princeton detector only; equality is an empirical dataset-integrity check
720575940627177022,720575940629716779,LA_L,1,1,0,Same Princeton detector only; equality is an empirical dataset-integrity check
720575940627181828,720575940621103269,LA_R,2,2,0,Same Princeton detector only; equality is an empirical dataset-integrity check
720575940627181828,720575940630485626,LA_R,1,1,0,Same Princeton detector only; equality is an empirical dataset-integrity check
720575940627203843,720575940635013020,LA_R,1,1,0,Same Princeton detector only; equality is an empirical dataset-integrity check
720575940627211522,720575940625125640,,1,0,1,Same Princeton detector only; equality is an empirical dataset-integrity check
720575940627211522,720575940625125640,UNASGD,0,1,-1,Same Princeton detector only; equality is an empirical dataset-integrity check
720575940627212644,720575940627212644,LA_L,10,0,10,Same Princeton detector only; equality is an empirical dataset-integrity check
720575940627212644,720575940628732744,LA_L,1,1,0,Same Princeton detector only; equality is an empirical dataset-integrity check
720575940627219300,720575940618712221,LA_R,1,1,0,Same Princeton detector only; equality is an empirical dataset-integrity check
720575940627223897,720575940607773314,LA_R,1,1,0,Same Princeton detector only; equality is an empirical dataset-integrity check
720575940627264002,720575940618437922,LA_R,1,1,0,Same Princeton detector only; equality is an empirical dataset-integrity check
720575940627264002,720575940624141508,LA_R,1,1,0,Same Princeton detector only; equality is an empirical dataset-integrity check
720575940627264002,720575940632581945,LA_R,1,1,0,Same Princeton detector only; equality is an empirical dataset-integrity check
720575940627264002,720575940643034765,LA_R,1,1,0,Same Princeton detector only; equality is an empirical dataset-integrity check
720575940627267842,720575940627267842,LA_L,15,0,15,Same Princeton detector only; equality is an empirical dataset-integrity check
720575940627309913,720575940627309913,LA_L,16,0,16,Same Princeton detector only; equality is an empirical dataset-integrity check
720575940627391772,720575940620797643,LA_L,1,1,0,Same Princeton detector only; equality is an empirical dataset-integrity check
720575940627436035,720575940629808911,SPS_R,1,1,0,Same Princeton detector only; equality is an empirical dataset-integrity check
720575940627455621,720575940616042508,SAD,1,1,0,Same Princeton detector only; equality is an empirical dataset-integrity check
720575940627462914,720575940626770532,LA_L,1,1,0,Same Princeton detector only; equality is an empirical dataset-integrity check
720575940627462914,720575940627462914,LA_L,7,0,7,Same Princeton detector only; equality is an empirical dataset-integrity check
720575940627462914,720575940637603952,LA_L,1,1,0,Same Princeton detector only; equality is an empirical dataset-integrity check
720575940627465609,720575940622303216,LA_R,1,1,0,Same Princeton detector only; equality is an empirical dataset-integrity check
720575940627467087,720575940616042508,SAD,3,3,0,Same Princeton detector only; equality is an empirical dataset-integrity check
720575940627517180,720575940621667462,LA_R,1,1,0,Same Princeton detector only; equality is an empirical dataset-integrity check
720575940627517180,720575940621944941,LA_R,1,1,0,Same Princeton detector only; equality is an empirical dataset-integrity check
720575940627517180,720575940632083275,LA_R,1,1,0,Same Princeton detector only; equality is an empirical dataset-integrity check
720575940627560236,720575940621949675,GNG,3,3,0,Same Princeton detector only; equality is an empirical dataset-integrity check
720575940627585688,720575940624501747,AMMC_L,1,1,0,Same Princeton detector only; equality is an empirical dataset-integrity check
720575940627618905,720575940621097748,LA_L,2,2,0,Same Princeton detector only; equality is an empirical dataset-integrity check
720575940627618905,720575940627618905,LA_L,23,0,23,Same Princeton detector only; equality is an empirical dataset-integrity check
720575940627630366,720575940638921700,LA_R,1,1,0,Same Princeton detector only; equality is an empirical dataset-integrity check
720575940627638558,720575940610106692,LA_R,38,38,0,Same Princeton detector only; equality is an empirical dataset-integrity check
720575940627638558,720575940614246559,LA_R,1,1,0,Same Princeton detector only; equality is an empirical dataset-integrity check
720575940627638558,720575940621191407,LA_R,1,1,0,Same Princeton detector only; equality is an empirical dataset-integrity check
720575940627638558,720575940622056368,LA_R,1,1,0,Same Princeton detector only; equality is an empirical dataset-integrity check
720575940627638558,720575940627638558,LA_R,13,0,13,Same Princeton detector only; equality is an empirical dataset-integrity check
720575940627638558,720575940628160004,LA_R,58,58,0,Same Princeton detector only; equality is an empirical dataset-integrity check
720575940627638558,720575940630867927,LA_R,1,1,0,Same Princeton detector only; equality is an empirical dataset-integrity check
720575940627652441,720575940627652441,LA_L,14,0,14,Same Princeton detector only; equality is an empirical dataset-integrity check
720575940627660121,720575940622413040,LA_L,1,1,0,Same Princeton detector only; equality is an empirical dataset-integrity check
720575940627660121,720575940627660121,LA_L,17,0,17,Same Princeton detector only; equality is an empirical dataset-integrity check
720575940627665241,720575940627665241,LA_L,17,0,17,Same Princeton detector only; equality is an empirical dataset-integrity check
720575940627671433,720575940615102375,LA_R,2,2,0,Same Princeton detector only; equality is an empirical dataset-integrity check
720575940627671433,720575940616593221,LA_R,45,45,0,Same Princeton detector only; equality is an empirical dataset-integrity check
720575940627671433,720575940618381012,LA_R,26,26,0,Same Princeton detector only; equality is an empirical dataset-integrity check
720575940627671433,720575940619627166,LA_R,2,2,0,Same Princeton detector only; equality is an empirical dataset-integrity check
720575940627671433,720575940627671433,LA_R,23,0,23,Same Princeton detector only; equality is an empirical dataset-integrity check
720575940627671433,720575940628499944,LA_R,2,2,0,Same Princeton detector only; equality is an empirical dataset-integrity check
720575940627671433,720575940629597169,LA_R,1,1,0,Same Princeton detector only; equality is an empirical dataset-integrity check
720575940627671433,720575940634199778,LA_R,37,37,0,Same Princeton detector only; equality is an empirical dataset-integrity check
720575940627685739,720575940624956139,LA_R,1,1,0,Same Princeton detector only; equality is an empirical dataset-integrity check
720575940627692626,720575940624956139,LA_R,2,2,0,Same Princeton detector only; equality is an empirical dataset-integrity check
720575940627692626,720575940631301883,LA_R,1,1,0,Same Princeton detector only; equality is an empirical dataset-integrity check
720575940627692626,720575940635013020,LA_R,1,1,0,Same Princeton detector only; equality is an empirical dataset-integrity check
720575940627693181,720575940627693181,LA_L,19,0,19,Same Princeton detector only; equality is an empirical dataset-integrity check
720575940627708779,720575940633773523,LA_R,1,1,0,Same Princeton detector only; equality is an empirical dataset-integrity check
720575940627713532,720575940621193051,LA_R,1,1,0,Same Princeton detector only; equality is an empirical dataset-integrity check
720575940627715102,720575940627715102,LA_L,13,0,13,Same Princeton detector only; equality is an empirical dataset-integrity check
720575940627717676,720575940618109460,GNG,1,1,0,Same Princeton detector only; equality is an empirical dataset-integrity check
720575940627718738,720575940621462511,LA_R,3,3,0,Same Princeton detector only; equality is an empirical dataset-integrity check
720575940627718738,720575940630871260,LA_R,1,1,0,Same Princeton detector only; equality is an empirical dataset-integrity check
720575940627718738,720575940631048812,LA_R,1,1,0,Same Princeton detector only; equality is an empirical dataset-integrity check
720575940627718738,720575940631845839,LA_R,1,1,0,Same Princeton detector only; equality is an empirical dataset-integrity check
720575940627720329,720575940622303216,LA_R,1,1,0,Same Princeton detector only; equality is an empirical dataset-integrity check
720575940627722234,720575940616042508,SAD,1,1,0,Same Princeton detector only; equality is an empirical dataset-integrity check
720575940627801877,720575940628335611,GNG,1,1,0,Same Princeton detector only; equality is an empirical dataset-integrity check
720575940627810581,720575940621481450,GNG,1,1,0,Same Princeton detector only; equality is an empirical dataset-integrity check
720575940627812358,720575940626216720,GNG,2,2,0,Same Princeton detector only; equality is an empirical dataset-integrity check
720575940627837010,720575940621090213,LA_R,1,1,0,Same Princeton detector only; equality is an empirical dataset-integrity check
720575940627846808,720575940620753744,LA_R,1,1,0,Same Princeton detector only; equality is an empirical dataset-integrity check
720575940627852669,720575940612888026,,1,0,1,Same Princeton detector only; equality is an empirical dataset-integrity check
720575940627852669,720575940612888026,UNASGD,0,1,-1,Same Princeton detector only; equality is an empirical dataset-integrity check
720575940627852669,720575940627852669,LA_L,8,0,8,Same Princeton detector only; equality is an empirical dataset-integrity check
720575940627852669,720575940632923207,,1,0,1,Same Princeton detector only; equality is an empirical dataset-integrity check
720575940627852669,720575940632923207,UNASGD,0,1,-1,Same Princeton detector only; equality is an empirical dataset-integrity check
720575940627853693,720575940627853693,LA_L,11,0,11,Same Princeton detector only; equality is an empirical dataset-integrity check
720575940627855768,720575940606574694,LA_R,3,3,0,Same Princeton detector only; equality is an empirical dataset-integrity check
720575940627855768,720575940617642613,LA_R,1,1,0,Same Princeton detector only; equality is an empirical dataset-integrity check
720575940627855768,720575940623253068,LA_R,59,59,0,Same Princeton detector only; equality is an empirical dataset-integrity check
720575940627855768,720575940624885687,LA_R,53,53,0,Same Princeton detector only; equality is an empirical dataset-integrity check
720575940627855768,720575940626081724,LA_R,17,17,0,Same Princeton detector only; equality is an empirical dataset-integrity check
720575940627855768,720575940627855768,LA_R,20,0,20,Same Princeton detector only; equality is an empirical dataset-integrity check
720575940627855768,720575940630445911,LA_R,1,1,0,Same Princeton detector only; equality is an empirical dataset-integrity check
720575940627873299,720575940624271556,LA_R,1,1,0,Same Princeton detector only; equality is an empirical dataset-integrity check
720575940627873299,720575940627873299,LA_R,2,0,2,Same Princeton detector only; equality is an empirical dataset-integrity check
720575940627873299,720575940628742662,LA_R,1,1,0,Same Princeton detector only; equality is an empirical dataset-integrity check
720575940627873299,720575940644733344,LA_R,2,2,0,Same Princeton detector only; equality is an empirical dataset-integrity check
720575940627873299,720575940652603126,LA_R,1,1,0,Same Princeton detector only; equality is an empirical dataset-integrity check
720575940627931544,720575940626928740,LA_R,1,1,0,Same Princeton detector only; equality is an empirical dataset-integrity check
720575940627931544,720575940629854507,LA_R,2,2,0,Same Princeton detector only; equality is an empirical dataset-integrity check
720575940627938200,720575940627938200,LA_L,11,0,11,Same Princeton detector only; equality is an empirical dataset-integrity check
720575940627941202,720575940627941202,LA_L,1,0,1,Same Princeton detector only; equality is an empirical dataset-integrity check
720575940628011602,720575940622029494,LA_R,1,1,0,Same Princeton detector only; equality is an empirical dataset-integrity check
720575940628035721,720575940628035721,LA_L,10,0,10,Same Princeton detector only; equality is an empirical dataset-integrity check
720575940628036233,720575940620890759,LA_L,1,1,0,Same Princeton detector only; equality is an empirical dataset-integrity check
720575940628036233,720575940628036233,LA_L,12,0,12,Same Princeton detector only; equality is an empirical dataset-integrity check
720575940628054397,720575940606489702,LA_R,7,7,0,Same Princeton detector only; equality is an empirical dataset-integrity check
720575940628054397,720575940610222805,LA_R,3,3,0,Same Princeton detector only; equality is an empirical dataset-integrity check
720575940628054397,720575940615315111,LA_R,1,1,0,Same Princeton detector only; equality is an empirical dataset-integrity check
720575940628054397,720575940620223326,LA_R,37,37,0,Same Princeton detector only; equality is an empirical dataset-integrity check
720575940628054397,720575940625266761,LA_R,17,17,0,Same Princeton detector only; equality is an empirical dataset-integrity check
720575940628054397,720575940628054397,LA_R,11,0,11,Same Princeton detector only; equality is an empirical dataset-integrity check
720575940628054397,720575940631721721,LA_R,1,1,0,Same Princeton detector only; equality is an empirical dataset-integrity check
720575940628054397,720575940636117359,LA_R,33,33,0,Same Princeton detector only; equality is an empirical dataset-integrity check
720575940628054397,720575940640410702,LA_R,1,1,0,Same Princeton detector only; equality is an empirical dataset-integrity check
720575940628054397,720575940643034765,LA_R,1,1,0,Same Princeton detector only; equality is an empirical dataset-integrity check
720575940628058505,720575940644276128,LA_R,1,1,0,Same Princeton detector only; equality is an empirical dataset-integrity check
720575940628089402,720575940623721496,LA_L,1,1,0,Same Princeton detector only; equality is an empirical dataset-integrity check
720575940628089402,720575940628089402,LA_L,10,0,10,Same Princeton detector only; equality is an empirical dataset-integrity check
720575940628102013,720575940606568126,LA_R,35,35,0,Same Princeton detector only; equality is an empirical dataset-integrity check
720575940628102013,720575940620629553,LA_R,2,2,0,Same Princeton detector only; equality is an empirical dataset-integrity check
720575940628102013,720575940624192973,LA_R,1,1,0,Same Princeton detector only; equality is an empirical dataset-integrity check
720575940628102013,720575940624485258,LA_R,17,17,0,Same Princeton detector only; equality is an empirical dataset-integrity check
720575940628102013,720575940628102013,LA_R,13,0,13,Same Princeton detector only; equality is an empirical dataset-integrity check
720575940628102013,720575940629979447,LA_R,1,1,0,Same Princeton detector only; equality is an empirical dataset-integrity check
720575940628102013,720575940632281359,LA_R,17,17,0,Same Princeton detector only; equality is an empirical dataset-integrity check
720575940628102013,720575940635567979,LA_R,12,12,0,Same Princeton detector only; equality is an empirical dataset-integrity check
720575940628131130,720575940622203312,LA_R,1,1,0,Same Princeton detector only; equality is an empirical dataset-integrity check
720575940628131130,720575940628131130,LA_R,6,0,6,Same Princeton detector only; equality is an empirical dataset-integrity check
720575940628131130,720575940631086636,LA_R,1,1,0,Same Princeton detector only; equality is an empirical dataset-integrity check
720575940628209801,720575940614736699,GNG,2,2,0,Same Princeton detector only; equality is an empirical dataset-integrity check
720575940628220682,720575940626928740,LA_R,1,1,0,Same Princeton detector only; equality is an empirical dataset-integrity check
720575940628240210,720575940627309913,LA_L,1,1,0,Same Princeton detector only; equality is an empirical dataset-integrity check
720575940628240210,720575940628240210,LA_L,15,0,15,Same Princeton detector only; equality is an empirical dataset-integrity check
720575940628255034,720575940626558256,LA_L,7,7,0,Same Princeton detector only; equality is an empirical dataset-integrity check
720575940628255034,720575940628255034,LA_L,13,0,13,Same Princeton detector only; equality is an empirical dataset-integrity check
720575940628301701,720575940611801976,,1,0,1,Same Princeton detector only; equality is an empirical dataset-integrity check
720575940628301701,720575940611801976,UNASGD,0,1,-1,Same Princeton detector only; equality is an empirical dataset-integrity check
720575940628307077,720575940628307077,LA_L,32,0,32,Same Princeton detector only; equality is an empirical dataset-integrity check
720575940628308613,720575940622654591,LA_L,1,1,0,Same Princeton detector only; equality is an empirical dataset-integrity check
720575940628308613,720575940628308613,,1,0,1,Same Princeton detector only; equality is an empirical dataset-integrity check
720575940628308613,720575940628308613,LA_L,16,0,16,Same Princeton detector only; equality is an empirical dataset-integrity check
720575940628335611,720575940610792290,GNG,1,1,0,Same Princeton detector only; equality is an empirical dataset-integrity check
720575940628335611,720575940617079737,GNG,2,2,0,Same Princeton detector only; equality is an empirical dataset-integrity check
720575940628335611,720575940617997396,GNG,1,1,0,Same Princeton detector only; equality is an empirical dataset-integrity check
720575940628335611,720575940620622708,GNG,3,3,0,Same Princeton detector only; equality is an empirical dataset-integrity check
720575940628335611,720575940620982966,GNG,1,1,0,Same Princeton detector only; equality is an empirical dataset-integrity check
720575940628335611,720575940621351412,GNG,3,3,0,Same Princeton detector only; equality is an empirical dataset-integrity check
720575940628335611,720575940621900981,GNG,1,1,0,Same Princeton detector only; equality is an empirical dataset-integrity check
720575940628335611,720575940622300941,GNG,1,1,0,Same Princeton detector only; equality is an empirical dataset-integrity check
720575940628335611,720575940623457535,GNG,1,1,0,Same Princeton detector only; equality is an empirical dataset-integrity check
720575940628335611,720575940624117528,GNG,5,5,0,Same Princeton detector only; equality is an empirical dataset-integrity check
720575940628335611,720575940624163303,GNG,1,1,0,Same Princeton detector only; equality is an empirical dataset-integrity check
720575940628335611,720575940624342825,GNG,1,1,0,Same Princeton detector only; equality is an empirical dataset-integrity check
720575940628335611,720575940624816115,GNG,1,1,0,Same Princeton detector only; equality is an empirical dataset-integrity check
720575940628335611,720575940628164612,,1,0,1,Same Princeton detector only; equality is an empirical dataset-integrity check
720575940628335611,720575940628164612,GNG,12,12,0,Same Princeton detector only; equality is an empirical dataset-integrity check
720575940628335611,720575940628164612,UNASGD,0,1,-1,Same Princeton detector only; equality is an empirical dataset-integrity check
720575940628335611,720575940628335611,GNG,8,0,8,Same Princeton detector only; equality is an empirical dataset-integrity check
720575940628335611,720575940628952619,GNG,1,1,0,Same Princeton detector only; equality is an empirical dataset-integrity check
720575940628335611,720575940631000740,GNG,1,1,0,Same Princeton detector only; equality is an empirical dataset-integrity check
720575940628335611,720575940631532140,,1,0,1,Same Princeton detector only; equality is an empirical dataset-integrity check
720575940628335611,720575940631532140,UNASGD,0,1,-1,Same Princeton detector only; equality is an empirical dataset-integrity check
720575940628335611,720575940643467886,,1,0,1,Same Princeton detector only; equality is an empirical dataset-integrity check
720575940628335611,720575940643467886,GNG,2,2,0,Same Princeton detector only; equality is an empirical dataset-integrity check
720575940628335611,720575940643467886,UNASGD,0,1,-1,Same Princeton detector only; equality is an empirical dataset-integrity check
720575940628346170,720575940628346170,,1,0,1,Same Princeton detector only; equality is an empirical dataset-integrity check
720575940628346170,720575940628346170,LA_L,12,0,12,Same Princeton detector only; equality is an empirical dataset-integrity check
720575940628346170,720575940639983293,,1,0,1,Same Princeton detector only; equality is an empirical dataset-integrity check
720575940628346170,720575940639983293,LA_L,2,2,0,Same Princeton detector only; equality is an empirical dataset-integrity check
720575940628346170,720575940639983293,UNASGD,0,1,-1,Same Princeton detector only; equality is an empirical dataset-integrity check
720575940628349522,720575940621481450,GNG,1,1,0,Same Princeton detector only; equality is an empirical dataset-integrity check
720575940628363283,720575940612943066,LA_R,1,1,0,Same Princeton detector only; equality is an empirical dataset-integrity check
720575940628364968,720575940609518091,LA_L,1,1,0,Same Princeton detector only; equality is an empirical dataset-integrity check
720575940628387656,720575940628387656,LA_L,1,0,1,Same Princeton detector only; equality is an empirical dataset-integrity check
720575940628388936,720575940615957215,LA_L,1,1,0,Same Princeton detector only; equality is an empirical dataset-integrity check
720575940628391240,720575940613502230,LA_L,1,1,0,Same Princeton detector only; equality is an empirical dataset-integrity check
720575940628430906,720575940637514414,LA_R,3,3,0,Same Princeton detector only; equality is an empirical dataset-integrity check
720575940628437777,720575940622029494,LA_R,2,2,0,Same Princeton detector only; equality is an empirical dataset-integrity check
720575940628442389,720575940612654771,LA_R,29,29,0,Same Princeton detector only; equality is an empirical dataset-integrity check
720575940628442389,720575940621191407,LA_R,2,2,0,Same Princeton detector only; equality is an empirical dataset-integrity check
720575940628442389,720575940622880094,LA_R,1,1,0,Same Princeton detector only; equality is an empirical dataset-integrity check
720575940628442389,720575940625155837,LA_R,8,8,0,Same Princeton detector only; equality is an empirical dataset-integrity check
720575940628442389,720575940627746393,LA_R,8,8,0,Same Princeton detector only; equality is an empirical dataset-integrity check
720575940628442389,720575940628442389,LA_R,21,0,21,Same Princeton detector only; equality is an empirical dataset-integrity check
720575940628442389,720575940628975690,LA_R,45,45,0,Same Princeton detector only; equality is an empirical dataset-integrity check
720575940628442389,720575940633176351,LA_R,1,1,0,Same Princeton detector only; equality is an empirical dataset-integrity check
720575940628442389,720575940643314061,LA_R,27,27,0,Same Princeton detector only; equality is an empirical dataset-integrity check
720575940628442389,720575940648519556,LA_R,5,5,0,Same Princeton detector only; equality is an empirical dataset-integrity check
720575940628446888,720575940612947635,LA_R,2,2,0,Same Princeton detector only; equality is an empirical dataset-integrity check
720575940628492264,720575940628492264,LA_L,6,0,6,Same Princeton detector only; equality is an empirical dataset-integrity check
720575940628494587,720575940618768806,GNG,1,1,0,Same Princeton detector only; equality is an empirical dataset-integrity check
720575940628499944,720575940627671433,LA_R,1,1,0,Same Princeton detector only; equality is an empirical dataset-integrity check
720575940628515115,720575940621481450,GNG,1,1,0,Same Princeton detector only; equality is an empirical dataset-integrity check
720575940628522152,720575940606552422,LA_R,25,25,0,Same Princeton detector only; equality is an empirical dataset-integrity check
720575940628522152,720575940613980712,LA_R,28,28,0,Same Princeton detector only; equality is an empirical dataset-integrity check
720575940628522152,720575940614420717,LA_R,1,1,0,Same Princeton detector only; equality is an empirical dataset-integrity check
720575940628522152,720575940625024775,LA_R,3,3,0,Same Princeton detector only; equality is an empirical dataset-integrity check
720575940628522152,720575940626546992,LA_R,1,1,0,Same Princeton detector only; equality is an empirical dataset-integrity check
720575940628522152,720575940628522152,LA_R,15,0,15,Same Princeton detector only; equality is an empirical dataset-integrity check
720575940628522152,720575940630879991,LA_R,9,9,0,Same Princeton detector only; equality is an empirical dataset-integrity check
720575940628564712,720575940628564712,LA_L,1,0,1,Same Princeton detector only; equality is an empirical dataset-integrity check
720575940628572648,720575940629285873,LA_R,1,1,0,Same Princeton detector only; equality is an empirical dataset-integrity check
720575940628613223,720575940621481450,GNG,1,1,0,Same Princeton detector only; equality is an empirical dataset-integrity check
720575940628628055,720575940609778289,GNG,1,1,0,Same Princeton detector only; equality is an empirical dataset-integrity check
720575940628635409,720575940609016668,LA_R,3,3,0,Same Princeton detector only; equality is an empirical dataset-integrity check
720575940628648903,720575940627138306,LA_R,1,1,0,Same Princeton detector only; equality is an empirical dataset-integrity check
720575940628648903,720575940635677887,LA_R,1,1,0,Same Princeton detector only; equality is an empirical dataset-integrity check
720575940628648936,720575940609358603,LA_R,42,42,0,Same Princeton detector only; equality is an empirical dataset-integrity check
720575940628648936,720575940614875176,LA_R,40,40,0,Same Princeton detector only; equality is an empirical dataset-integrity check
720575940628648936,720575940618066617,LA_R,1,1,0,Same Princeton detector only; equality is an empirical dataset-integrity check
720575940628648936,720575940618202013,LA_R,1,1,0,Same Princeton detector only; equality is an empirical dataset-integrity check
720575940628648936,720575940627242737,LA_R,1,1,0,Same Princeton detector only; equality is an empirical dataset-integrity check
720575940628648936,720575940628648936,,1,0,1,Same Princeton detector only; equality is an empirical dataset-integrity check
720575940628648936,720575940628648936,LA_R,16,0,16,Same Princeton detector only; equality is an empirical dataset-integrity check
720575940628648936,720575940635283903,LA_R,26,26,0,Same Princeton detector only; equality is an empirical dataset-integrity check
720575940628700904,720575940625125640,LA_R,1,1,0,Same Princeton detector only; equality is an empirical dataset-integrity check
720575940628722438,720575940623003169,LA_R,2,2,0,Same Princeton detector only; equality is an empirical dataset-integrity check
720575940628728040,720575940613757462,LA_L,1,1,0,Same Princeton detector only; equality is an empirical dataset-integrity check
720575940628728040,720575940618335449,LA_L,1,1,0,Same Princeton detector only; equality is an empirical dataset-integrity check
720575940628728040,720575940623325516,LA_L,1,1,0,Same Princeton detector only; equality is an empirical dataset-integrity check
720575940628728040,720575940628728040,LA_L,6,0,6,Same Princeton detector only; equality is an empirical dataset-integrity check
720575940628728040,720575940630201794,LA_L,3,3,0,Same Princeton detector only; equality is an empirical dataset-integrity check
720575940628728040,720575940630508794,LA_L,3,3,0,Same Princeton detector only; equality is an empirical dataset-integrity check
720575940628728040,720575940633785645,LA_L,1,1,0,Same Princeton detector only; equality is an empirical dataset-integrity check
720575940628728040,720575940635898266,LA_L,1,1,0,Same Princeton detector only; equality is an empirical dataset-integrity check
720575940628728040,720575940635946091,LA_L,40,40,0,Same Princeton detector only; equality is an empirical dataset-integrity check
720575940628728040,720575940652335862,LA_L,51,51,0,Same Princeton detector only; equality is an empirical dataset-integrity check
720575940628729256,720575940630098075,LA_L,1,1,0,Same Princeton detector only; equality is an empirical dataset-integrity check
720575940628729256,720575940630098075,ME_L,12,12,0,Same Princeton detector only; equality is an empirical dataset-integrity check
720575940628732744,720575940628732744,LA_L,9,0,9,Same Princeton detector only; equality is an empirical dataset-integrity check
720575940628732744,720575940632266258,LA_L,1,1,0,Same Princeton detector only; equality is an empirical dataset-integrity check
720575940628753640,720575940622814302,LA_R,1,1,0,Same Princeton detector only; equality is an empirical dataset-integrity check
720575940628758319,720575940628758319,LA_L,14,0,14,Same Princeton detector only; equality is an empirical dataset-integrity check
720575940628758760,720575940645837335,LA_L,1,1,0,Same Princeton detector only; equality is an empirical dataset-integrity check
720575940628763368,720575940631505260,LA_L,1,1,0,Same Princeton detector only; equality is an empirical dataset-integrity check
720575940628769768,720575940623770637,LA_R,1,1,0,Same Princeton detector only; equality is an empirical dataset-integrity check
720575940628784456,720575940633188492,LA_R,1,1,0,Same Princeton detector only; equality is an empirical dataset-integrity check
720575940628789064,720575940618381012,LA_R,31,31,0,Same Princeton detector only; equality is an empirical dataset-integrity check
720575940628789064,720575940620229236,LA_R,49,49,0,Same Princeton detector only; equality is an empirical dataset-integrity check
720575940628789064,720575940626023608,LA_R,11,11,0,Same Princeton detector only; equality is an empirical dataset-integrity check
720575940628789064,720575940626974297,LA_R,28,28,0,Same Princeton detector only; equality is an empirical dataset-integrity check
720575940628789064,720575940628128649,LA_R,16,16,0,Same Princeton detector only; equality is an empirical dataset-integrity check
720575940628789064,720575940628789064,LA_R,22,0,22,Same Princeton detector only; equality is an empirical dataset-integrity check
720575940628789064,720575940640410702,LA_R,4,4,0,Same Princeton detector only; equality is an empirical dataset-integrity check
720575940628818182,720575940621544175,ME_L,2,2,0,Same Princeton detector only; equality is an empirical dataset-integrity check
720575940628818182,720575940637390181,ME_L,1,1,0,Same Princeton detector only; equality is an empirical dataset-integrity check
720575940628849148,720575940607860169,LA_R,2,2,0,Same Princeton detector only; equality is an empirical dataset-integrity check
720575940628853992,720575940613196261,LA_R,1,1,0,Same Princeton detector only; equality is an empirical dataset-integrity check
720575940628877308,720575940628877308,LA_L,21,0,21,Same Princeton detector only; equality is an empirical dataset-integrity check
720575940628901831,720575940629636713,LA_L,1,1,0,Same Princeton detector only; equality is an empirical dataset-integrity check
720575940628909355,720575940623400216,LA_L,1,1,0,Same Princeton detector only; equality is an empirical dataset-integrity check
720575940628938314,720575940613123813,LA_L,1,1,0,Same Princeton detector only; equality is an empirical dataset-integrity check
720575940628938314,720575940628938314,LA_L,1,0,1,Same Princeton detector only; equality is an empirical dataset-integrity check
720575940628938570,720575940613123813,LA_L,1,1,0,Same Princeton detector only; equality is an empirical dataset-integrity check
720575940628938570,720575940639408198,LA_L,1,1,0,Same Princeton detector only; equality is an empirical dataset-integrity check
720575940628952619,720575940628335611,GNG,5,5,0,Same Princeton detector only; equality is an empirical dataset-integrity check
720575940628954954,720575940621481450,GNG,1,1,0,Same Princeton detector only; equality is an empirical dataset-integrity check
720575940628955722,720575940604963552,LA_L,54,54,0,Same Princeton detector only; equality is an empirical dataset-integrity check
720575940628955722,720575940605989804,LA_L,2,2,0,Same Princeton detector only; equality is an empirical dataset-integrity check
720575940628955722,720575940616404191,LA_L,3,3,0,Same Princeton detector only; equality is an empirical dataset-integrity check
720575940628955722,720575940619567483,LA_L,13,13,0,Same Princeton detector only; equality is an empirical dataset-integrity check
720575940628955722,720575940621253590,LA_L,30,30,0,Same Princeton detector only; equality is an empirical dataset-integrity check
720575940628955722,720575940621661422,LA_L,3,3,0,Same Princeton detector only; equality is an empirical dataset-integrity check
720575940628955722,720575940628955722,LA_L,15,0,15,Same Princeton detector only; equality is an empirical dataset-integrity check
720575940628964938,720575940644276128,LA_R,1,1,0,Same Princeton detector only; equality is an empirical dataset-integrity check
720575940628975690,720575940628442389,LA_R,4,4,0,Same Princeton detector only; equality is an empirical dataset-integrity check
720575940628975690,720575940639201508,LA_R,2,2,0,Same Princeton detector only; equality is an empirical dataset-integrity check
720575940629032015,720575940625929765,SAD,1,1,0,Same Princeton detector only; equality is an empirical dataset-integrity check
720575940629034799,720575940625635119,,1,0,1,Same Princeton detector only; equality is an empirical dataset-integrity check
720575940629034799,720575940625635119,UNASGD,0,1,-1,Same Princeton detector only; equality is an empirical dataset-integrity check
720575940629034799,720575940631230167,LA_L,2,2,0,Same Princeton detector only; equality is an empirical dataset-integrity check
720575940629063409,720575940629063409,LA_L,13,0,13,Same Princeton detector only; equality is an empirical dataset-integrity check
720575940629063409,720575940642186971,LA_L,1,1,0,Same Princeton detector only; equality is an empirical dataset-integrity check
720575940629070155,720575940609824369,GNG,2,2,0,Same Princeton detector only; equality is an empirical dataset-integrity check
720575940629070155,720575940610366122,GNG,1,1,0,Same Princeton detector only; equality is an empirical dataset-integrity check
720575940629070155,720575940610871475,GNG,2,2,0,Same Princeton detector only; equality is an empirical dataset-integrity check
720575940629070155,720575940615385798,GNG,1,1,0,Same Princeton detector only; equality is an empirical dataset-integrity check
720575940629070155,720575940620632369,GNG,1,1,0,Same Princeton detector only; equality is an empirical dataset-integrity check
720575940629070155,720575940621547619,GNG,1,1,0,Same Princeton detector only; equality is an empirical dataset-integrity check
720575940629070155,720575940621636988,GNG,1,1,0,Same Princeton detector only; equality is an empirical dataset-integrity check
720575940629070155,720575940622352764,GNG,1,1,0,Same Princeton detector only; equality is an empirical dataset-integrity check
720575940629070155,720575940629070155,GNG,4,0,4,Same Princeton detector only; equality is an empirical dataset-integrity check
720575940629070155,720575940629921099,GNG,1,1,0,Same Princeton detector only; equality is an empirical dataset-integrity check
720575940629070155,720575940630914733,GNG,1,1,0,Same Princeton detector only; equality is an empirical dataset-integrity check
720575940629070155,720575940642210504,GNG,1,1,0,Same Princeton detector only; equality is an empirical dataset-integrity check
720575940629105001,720575940608224178,LA_L,1,1,0,Same Princeton detector only; equality is an empirical dataset-integrity check
720575940629111626,720575940614839215,LA_R,2,2,0,Same Princeton detector only; equality is an empirical dataset-integrity check
720575940629112316,720575940612326606,ME_L,2,2,0,Same Princeton detector only; equality is an empirical dataset-integrity check
720575940629141775,720575940616042508,AMMC_L,1,1,0,Same Princeton detector only; equality is an empirical dataset-integrity check
720575940629172779,720575940624139305,LA_R,1,1,0,Same Princeton detector only; equality is an empirical dataset-integrity check
720575940629172779,720575940638616922,LA_R,1,1,0,Same Princeton detector only; equality is an empirical dataset-integrity check
720575940629200369,720575940631286636,LA_R,3,3,0,Same Princeton detector only; equality is an empirical dataset-integrity check
720575940629285873,720575940606761918,LA_R,20,20,0,Same Princeton detector only; equality is an empirical dataset-integrity check
720575940629285873,720575940608164994,LA_R,44,44,0,Same Princeton detector only; equality is an empirical dataset-integrity check
720575940629285873,720575940613675030,LA_R,58,58,0,Same Princeton detector only; equality is an empirical dataset-integrity check
720575940629285873,720575940617056724,LA_R,1,1,0,Same Princeton detector only; equality is an empirical dataset-integrity check
720575940629285873,720575940621670127,LA_R,22,22,0,Same Princeton detector only; equality is an empirical dataset-integrity check
720575940629285873,720575940629285873,LA_R,19,0,19,Same Princeton detector only; equality is an empirical dataset-integrity check
720575940629285873,720575940633284895,LA_R,12,12,0,Same Princeton detector only; equality is an empirical dataset-integrity check
720575940629285873,720575940647199779,LA_R,4,4,0,Same Princeton detector only; equality is an empirical dataset-integrity check
720575940629292842,720575940629292842,,1,0,1,Same Princeton detector only; equality is an empirical dataset-integrity check
720575940629311747,720575940610821188,LA_R,1,1,0,Same Princeton detector only; equality is an empirical dataset-integrity check
720575940629312753,720575940622064961,LA_L,1,1,0,Same Princeton detector only; equality is an empirical dataset-integrity check
720575940629320704,720575940631286636,LA_R,1,1,0,Same Princeton detector only; equality is an empirical dataset-integrity check
720575940629372009,720575940622814302,LA_R,1,1,0,Same Princeton detector only; equality is an empirical dataset-integrity check
720575940629377641,720575940628964849,LA_R,19,19,0,Same Princeton detector only; equality is an empirical dataset-integrity check
720575940629377641,720575940629377641,LA_R,24,0,24,Same Princeton detector only; equality is an empirical dataset-integrity check
720575940629377641,720575940632047631,LA_R,2,2,0,Same Princeton detector only; equality is an empirical dataset-integrity check
720575940629377641,720575940637125495,LA_R,38,38,0,Same Princeton detector only; equality is an empirical dataset-integrity check
720575940629377641,720575940638921700,LA_R,1,1,0,Same Princeton detector only; equality is an empirical dataset-integrity check
720575940629377641,720575940642565851,LA_R,7,7,0,Same Princeton detector only; equality is an empirical dataset-integrity check
720575940629377641,720575940648108164,LA_R,3,3,0,Same Princeton detector only; equality is an empirical dataset-integrity check
720575940629396841,720575940622939998,LA_R,1,1,0,Same Princeton detector only; equality is an empirical dataset-integrity check
720575940629403196,720575940625603512,LA_L,2,2,0,Same Princeton detector only; equality is an empirical dataset-integrity check
720575940629403196,720575940633220516,LA_L,3,3,0,Same Princeton detector only; equality is an empirical dataset-integrity check
720575940629411883,720575940626501578,LA_L,1,1,0,Same Princeton detector only; equality is an empirical dataset-integrity check
720575940629411883,720575940629411883,LA_L,2,0,2,Same Princeton detector only; equality is an empirical dataset-integrity check
720575940629413450,720575940627873299,LA_R,1,1,0,Same Princeton detector only; equality is an empirical dataset-integrity check
720575940629426161,720575940629426161,LA_L,11,0,11,Same Princeton detector only; equality is an empirical dataset-integrity check
720575940629438193,720575940629438193,LA_L,22,0,22,Same Princeton detector only; equality is an empirical dataset-integrity check
720575940629460071,720575940622132656,LA_L,1,1,0,Same Princeton detector only; equality is an empirical dataset-integrity check
720575940629460995,720575940625113015,LA_R,1,1,0,Same Princeton detector only; equality is an empirical dataset-integrity check
720575940629465094,720575940623940963,ME_R,1,0,1,Same Princeton detector only; equality is an empirical dataset-integrity check
720575940629486714,720575940613684274,GNG,2,2,0,Same Princeton detector only; equality is an empirical dataset-integrity check
720575940629491715,720575940626928740,LA_R,1,1,0,Same Princeton detector only; equality is an empirical dataset-integrity check
720575940629499395,720575940613532133,LA_R,26,26,0,Same Princeton detector only; equality is an empirical dataset-integrity check
720575940629499395,720575940614391347,LA_R,1,1,0,Same Princeton detector only; equality is an empirical dataset-integrity check
720575940629499395,720575940618531618,LA_R,2,2,0,Same Princeton detector only; equality is an empirical dataset-integrity check
720575940629499395,720575940620417473,LA_R,1,1,0,Same Princeton detector only; equality is an empirical dataset-integrity check
720575940629499395,720575940621509798,LA_R,1,1,0,Same Princeton detector only; equality is an empirical dataset-integrity check
720575940629499395,720575940621643457,LA_R,45,45,0,Same Princeton detector only; equality is an empirical dataset-integrity check
720575940629499395,720575940623010309,LA_R,19,19,0,Same Princeton detector only; equality is an empirical dataset-integrity check
720575940629499395,720575940623495779,LA_R,3,3,0,Same Princeton detector only; equality is an empirical dataset-integrity check
720575940629499395,720575940629499395,LA_R,8,0,8,Same Princeton detector only; equality is an empirical dataset-integrity check
720575940629499395,720575940631721721,LA_R,1,1,0,Same Princeton detector only; equality is an empirical dataset-integrity check
720575940629499395,720575940642551515,LA_R,14,14,0,Same Princeton detector only; equality is an empirical dataset-integrity check
720575940629530985,720575940618437922,LA_R,1,1,0,Same Princeton detector only; equality is an empirical dataset-integrity check
720575940629530985,720575940618531618,LA_R,1,1,0,Same Princeton detector only; equality is an empirical dataset-integrity check
720575940629530985,720575940625125640,LA_R,1,1,0,Same Princeton detector only; equality is an empirical dataset-integrity check
720575940629530985,720575940631043900,LA_R,1,1,0,Same Princeton detector only; equality is an empirical dataset-integrity check
720575940629530985,720575940632581945,LA_R,1,1,0,Same Princeton detector only; equality is an empirical dataset-integrity check
720575940629545039,720575940628789064,LA_R,1,1,0,Same Princeton detector only; equality is an empirical dataset-integrity check
720575940629569040,720575940627636569,ME_L,1,1,0,Same Princeton detector only; equality is an empirical dataset-integrity check
720575940629587011,720575940619193264,GNG,1,1,0,Same Princeton detector only; equality is an empirical dataset-integrity check
720575940629597169,720575940627671433,LA_R,1,1,0,Same Princeton detector only; equality is an empirical dataset-integrity check
720575940629615209,720575940610973252,LA_L,1,1,0,Same Princeton detector only; equality is an empirical dataset-integrity check
720575940629615209,720575940629615209,LA_L,13,0,13,Same Princeton detector only; equality is an empirical dataset-integrity check
720575940629634921,720575940629634921,LA_L,8,0,8,Same Princeton detector only; equality is an empirical dataset-integrity check
720575940629636713,720575940610489283,ME_L,1,1,0,Same Princeton detector only; equality is an empirical dataset-integrity check
720575940629636713,720575940612152418,,1,0,1,Same Princeton detector only; equality is an empirical dataset-integrity check
720575940629636713,720575940612152418,LA_L,14,14,0,Same Princeton detector only; equality is an empirical dataset-integrity check
720575940629636713,720575940612152418,ME_L,8,8,0,Same Princeton detector only; equality is an empirical dataset-integrity check
720575940629636713,720575940612152418,UNASGD,0,1,-1,Same Princeton detector only; equality is an empirical dataset-integrity check
720575940629636713,720575940618141073,ME_L,3,3,0,Same Princeton detector only; equality is an empirical dataset-integrity check
720575940629636713,720575940618977108,LA_L,1,1,0,Same Princeton detector only; equality is an empirical dataset-integrity check
720575940629636713,720575940618977108,ME_L,1,1,0,Same Princeton detector only; equality is an empirical dataset-integrity check
720575940629636713,720575940623734541,,1,0,1,Same Princeton detector only; equality is an empirical dataset-integrity check
720575940629636713,720575940623734541,LA_L,4,4,0,Same Princeton detector only; equality is an empirical dataset-integrity check
720575940629636713,720575940623734541,ME_L,8,8,0,Same Princeton detector only; equality is an empirical dataset-integrity check
720575940629636713,720575940623734541,UNASGD,0,1,-1,Same Princeton detector only; equality is an empirical dataset-integrity check
720575940629636713,720575940626298512,ME_L,2,2,0,Same Princeton detector only; equality is an empirical dataset-integrity check
720575940629636713,720575940628845288,LA_L,1,1,0,Same Princeton detector only; equality is an empirical dataset-integrity check
720575940629636713,720575940628845288,ME_L,1,1,0,Same Princeton detector only; equality is an empirical dataset-integrity check
720575940629636713,720575940629636713,,1,0,1,Same Princeton detector only; equality is an empirical dataset-integrity check
720575940629636713,720575940629636713,ME_L,1,0,1,Same Princeton detector only; equality is an empirical dataset-integrity check
720575940629636713,720575940631168983,ME_L,9,9,0,Same Princeton detector only; equality is an empirical dataset-integrity check
720575940629636713,720575940640491352,LA_L,1,1,0,Same Princeton detector only; equality is an empirical dataset-integrity check
720575940629636713,720575940640610419,ME_L,1,1,0,Same Princeton detector only; equality is an empirical dataset-integrity check
720575940629706343,720575940606503870,LA_R,1,1,0,Same Princeton detector only; equality is an empirical dataset-integrity check
720575940629706343,720575940616450626,LA_R,1,1,0,Same Princeton detector only; equality is an empirical dataset-integrity check
720575940629706343,720575940618115289,LA_R,2,2,0,Same Princeton detector only; equality is an empirical dataset-integrity check
720575940629714793,720575940605116640,LA_R,1,1,0,Same Princeton detector only; equality is an empirical dataset-integrity check
720575940629714793,720575940615223714,LA_R,4,4,0,Same Princeton detector only; equality is an empirical dataset-integrity check
720575940629714793,720575940623477628,LA_R,9,9,0,Same Princeton detector only; equality is an empirical dataset-integrity check
720575940629714793,720575940629714793,LA_R,17,0,17,Same Princeton detector only; equality is an empirical dataset-integrity check
720575940629714793,720575940629834395,LA_R,2,2,0,Same Princeton detector only; equality is an empirical dataset-integrity check
720575940629714793,720575940630884855,LA_R,41,41,0,Same Princeton detector only; equality is an empirical dataset-integrity check
720575940629714793,720575940640507533,LA_R,49,49,0,Same Princeton detector only; equality is an empirical dataset-integrity check
720575940629714793,720575940641654480,LA_R,40,40,0,Same Princeton detector only; equality is an empirical dataset-integrity check
720575940629716779,720575940629716779,LA_L,5,0,5,Same Princeton detector only; equality is an empirical dataset-integrity check
720575940629723152,720575940616450626,LA_R,1,1,0,Same Princeton detector only; equality is an empirical dataset-integrity check
720575940629752080,720575940628812008,LA_L,1,1,0,Same Princeton detector only; equality is an empirical dataset-integrity check
720575940629752080,720575940629752080,LA_L,17,0,17,Same Princeton detector only; equality is an empirical dataset-integrity check
720575940629752080,720575940629789712,LA_L,1,1,0,Same Princeton detector only; equality is an empirical dataset-integrity check
720575940629780739,720575940621458625,LA_L,2,2,0,Same Princeton detector only; equality is an empirical dataset-integrity check
720575940629805571,720575940632382994,LA_R,1,1,0,Same Princeton detector only; equality is an empirical dataset-integrity check
720575940629808911,720575940603765280,IPS_R,1,1,0,Same Princeton detector only; equality is an empirical dataset-integrity check
720575940629808911,720575940604934502,IPS_R,1,1,0,Same Princeton detector only; equality is an empirical dataset-integrity check
720575940629808911,720575940610467682,IPS_R,1,1,0,Same Princeton detector only; equality is an empirical dataset-integrity check
720575940629808911,720575940614623455,IPS_R,1,1,0,Same Princeton detector only; equality is an empirical dataset-integrity check
720575940629808911,720575940615386324,SMP_R,2,2,0,Same Princeton detector only; equality is an empirical dataset-integrity check
720575940629808911,720575940615647500,SMP_R,1,1,0,Same Princeton detector only; equality is an empirical dataset-integrity check
720575940629808911,720575940619672656,MB_CA_R,1,1,0,Same Princeton detector only; equality is an empirical dataset-integrity check
720575940629808911,720575940619845552,SPS_R,12,12,0,Same Princeton detector only; equality is an empirical dataset-integrity check
720575940629808911,720575940620332141,IPS_R,2,2,0,Same Princeton detector only; equality is an empirical dataset-integrity check
720575940629808911,720575940620503512,MB_CA_R,3,3,0,Same Princeton detector only; equality is an empirical dataset-integrity check
720575940629808911,720575940620628957,IPS_R,4,4,0,Same Princeton detector only; equality is an empirical dataset-integrity check
720575940629808911,720575940620926740,,1,0,1,Same Princeton detector only; equality is an empirical dataset-integrity check
720575940629808911,720575940620926740,SPS_R,3,3,0,Same Princeton detector only; equality is an empirical dataset-integrity check
720575940629808911,720575940620926740,UNASGD,0,1,-1,Same Princeton detector only; equality is an empirical dataset-integrity check
720575940629808911,720575940621019674,SMP_R,1,1,0,Same Princeton detector only; equality is an empirical dataset-integrity check
720575940629808911,720575940621350070,SMP_R,1,1,0,Same Princeton detector only; equality is an empirical dataset-integrity check
720575940629808911,720575940622880525,IPS_R,3,3,0,Same Princeton detector only; equality is an empirical dataset-integrity check
720575940629808911,720575940622880525,MB_CA_R,2,2,0,Same Princeton detector only; equality is an empirical dataset-integrity check
720575940629808911,720575940622880525,SPS_R,1,1,0,Same Princeton detector only; equality is an empirical dataset-integrity check
720575940629808911,720575940624041203,MB_CA_R,3,3,0,Same Princeton detector only; equality is an empirical dataset-integrity check
720575940629808911,720575940624851864,,2,0,2,Same Princeton detector only; equality is an empirical dataset-integrity check
720575940629808911,720575940624851864,UNASGD,0,2,-2,Same Princeton detector only; equality is an empirical dataset-integrity check
720575940629808911,720575940625054901,IPS_R,3,3,0,Same Princeton detector only; equality is an empirical dataset-integrity check
720575940629808911,720575940625054901,SPS_R,8,8,0,Same Princeton detector only; equality is an empirical dataset-integrity check
720575940629808911,720575940625876484,SMP_R,1,1,0,Same Princeton detector only; equality is an empirical dataset-integrity check
720575940629808911,720575940626513171,,2,0,2,Same Princeton detector only; equality is an empirical dataset-integrity check
720575940629808911,720575940626513171,UNASGD,0,2,-2,Same Princeton detector only; equality is an empirical dataset-integrity check
720575940629808911,720575940626841354,,7,0,7,Same Princeton detector only; equality is an empirical dataset-integrity check
720575940629808911,720575940626841354,ICL_R,3,3,0,Same Princeton detector only; equality is an empirical dataset-integrity check
720575940629808911,720575940626841354,IPS_R,4,4,0,Same Princeton detector only; equality is an empirical dataset-integrity check
720575940629808911,720575940626841354,SPS_R,17,17,0,Same Princeton detector only; equality is an empirical dataset-integrity check
720575940629808911,720575940626841354,UNASGD,0,7,-7,Same Princeton detector only; equality is an empirical dataset-integrity check
720575940629808911,720575940626878214,,2,0,2,Same Princeton detector only; equality is an empirical dataset-integrity check
720575940629808911,720575940626878214,UNASGD,0,2,-2,Same Princeton detector only; equality is an empirical dataset-integrity check
720575940629808911,720575940627326229,SMP_R,1,1,0,Same Princeton detector only; equality is an empirical dataset-integrity check
720575940629808911,720575940627436035,SPS_R,4,4,0,Same Princeton detector only; equality is an empirical dataset-integrity check
720575940629808911,720575940628393734,ATL_R,1,1,0,Same Princeton detector only; equality is an empirical dataset-integrity check
720575940629808911,720575940628393734,ICL_R,1,1,0,Same Princeton detector only; equality is an empirical dataset-integrity check
720575940629808911,720575940628393734,SMP_R,2,2,0,Same Princeton detector only; equality is an empirical dataset-integrity check
720575940629808911,720575940628398295,SMP_R,1,1,0,Same Princeton detector only; equality is an empirical dataset-integrity check
720575940629808911,720575940629808911,,3,0,3,Same Princeton detector only; equality is an empirical dataset-integrity check
720575940629808911,720575940629808911,IPS_R,4,0,4,Same Princeton detector only; equality is an empirical dataset-integrity check
720575940629808911,720575940629808911,MB_CA_R,1,0,1,Same Princeton detector only; equality is an empirical dataset-integrity check
720575940629808911,720575940629808911,SMP_R,20,0,20,Same Princeton detector only; equality is an empirical dataset-integrity check
720575940629808911,720575940629808911,SPS_R,3,0,3,Same Princeton detector only; equality is an empirical dataset-integrity check
720575940629808911,720575940629872971,IPS_R,1,1,0,Same Princeton detector only; equality is an empirical dataset-integrity check
720575940629808911,720575940630046506,SPS_R,1,1,0,Same Princeton detector only; equality is an empirical dataset-integrity check
720575940629808911,720575940631570380,IPS_R,1,1,0,Same Princeton detector only; equality is an empirical dataset-integrity check
720575940629808911,720575940633416275,IPS_R,6,6,0,Same Princeton detector only; equality is an empirical dataset-integrity check
720575940629808911,720575940633416275,SPS_R,4,4,0,Same Princeton detector only; equality is an empirical dataset-integrity check
720575940629808911,720575940633916333,SMP_R,1,1,0,Same Princeton detector only; equality is an empirical dataset-integrity check
720575940629808911,720575940636159039,MB_CA_R,1,1,0,Same Princeton detector only; equality is an empirical dataset-integrity check
720575940629808911,720575940636633848,SMP_R,2,2,0,Same Princeton detector only; equality is an empirical dataset-integrity check
720575940629808911,720575940636633848,SPS_R,13,13,0,Same Princeton detector only; equality is an empirical dataset-integrity check
720575940629808911,720575940637434601,,1,0,1,Same Princeton detector only; equality is an empirical dataset-integrity check
720575940629808911,720575940637434601,UNASGD,0,1,-1,Same Princeton detector only; equality is an empirical dataset-integrity check
720575940629808911,720575940639042749,SMP_R,1,1,0,Same Princeton detector only; equality is an empirical dataset-integrity check
720575940629808911,720575940642666440,MB_CA_R,1,1,0,Same Princeton detector only; equality is an empirical dataset-integrity check
720575940629808911,720575940642666440,SMP_R,1,1,0,Same Princeton detector only; equality is an empirical dataset-integrity check
720575940629808911,720575940642666440,SPS_R,1,1,0,Same Princeton detector only; equality is an empirical dataset-integrity check
720575940629825027,720575940623940963,ME_R,1,0,1,Same Princeton detector only; equality is an empirical dataset-integrity check
720575940629834768,720575940629834768,LA_L,17,0,17,Same Princeton detector only; equality is an empirical dataset-integrity check
720575940629834768,720575940632425258,LA_L,1,1,0,Same Princeton detector only; equality is an empirical dataset-integrity check
720575940629854507,720575940605621862,LA_R,32,32,0,Same Princeton detector only; equality is an empirical dataset-integrity check
720575940629854507,720575940617251670,LA_R,4,4,0,Same Princeton detector only; equality is an empirical dataset-integrity check
720575940629854507,720575940618522397,LA_R,2,2,0,Same Princeton detector only; equality is an empirical dataset-integrity check
720575940629854507,720575940626023608,LA_R,1,1,0,Same Princeton detector only; equality is an empirical dataset-integrity check
720575940629854507,720575940627264002,LA_R,1,1,0,Same Princeton detector only; equality is an empirical dataset-integrity check
720575940629854507,720575940627931544,LA_R,1,1,0,Same Princeton detector only; equality is an empirical dataset-integrity check
720575940629854507,720575940628220682,LA_R,43,43,0,Same Princeton detector only; equality is an empirical dataset-integrity check
720575940629854507,720575940629854507,LA_R,12,0,12,Same Princeton detector only; equality is an empirical dataset-integrity check
720575940629854507,720575940631721721,LA_R,27,27,0,Same Princeton detector only; equality is an empirical dataset-integrity check
720575940629870379,720575940620531761,LA_L,1,1,0,Same Princeton detector only; equality is an empirical dataset-integrity check
720575940629870379,720575940629870379,LA_L,5,0,5,Same Princeton detector only; equality is an empirical dataset-integrity check
720575940629888515,720575940609242204,LA_L,3,3,0,Same Princeton detector only; equality is an empirical dataset-integrity check
720575940629888515,720575940627609725,LA_L,1,1,0,Same Princeton detector only; equality is an empirical dataset-integrity check
720575940629888515,720575940629888515,LA_L,1,0,1,Same Princeton detector only; equality is an empirical dataset-integrity check
720575940629888515,720575940632172867,LA_L,1,1,0,Same Princeton detector only; equality is an empirical dataset-integrity check
720575940629888515,720575940633051020,LA_L,2,2,0,Same Princeton detector only; equality is an empirical dataset-integrity check
720575940629894443,720575940631301883,LA_R,1,1,0,Same Princeton detector only; equality is an empirical dataset-integrity check
720575940629919762,720575940627693181,LA_L,1,1,0,Same Princeton detector only; equality is an empirical dataset-integrity check
720575940629921099,720575940611510765,GNG,2,2,0,Same Princeton detector only; equality is an empirical dataset-integrity check
720575940629921099,720575940632460951,GNG,3,3,0,Same Princeton detector only; equality is an empirical dataset-integrity check
720575940629924091,720575940604481964,SPS_L,2,2,0,Same Princeton detector only; equality is an empirical dataset-integrity check
720575940629924091,720575940608367746,SPS_L,1,1,0,Same Princeton detector only; equality is an empirical dataset-integrity check
720575940629924091,720575940611186034,IPS_L,2,2,0,Same Princeton detector only; equality is an empirical dataset-integrity check
720575940629924091,720575940613850262,IPS_L,6,6,0,Same Princeton detector only; equality is an empirical dataset-integrity check
720575940629924091,720575940613850262,SPS_L,1,1,0,Same Princeton detector only; equality is an empirical dataset-integrity check
720575940629924091,720575940617626235,SPS_L,1,1,0,Same Princeton detector only; equality is an empirical dataset-integrity check
720575940629924091,720575940618736797,IPS_L,1,1,0,Same Princeton detector only; equality is an empirical dataset-integrity check
720575940629924091,720575940620589082,SPS_L,1,1,0,Same Princeton detector only; equality is an empirical dataset-integrity check
720575940629924091,720575940622644872,IPS_L,1,1,0,Same Princeton detector only; equality is an empirical dataset-integrity check
720575940629924091,720575940625796839,IPS_L,1,1,0,Same Princeton detector only; equality is an empirical dataset-integrity check
720575940629924091,720575940625878909,IPS_L,2,2,0,Same Princeton detector only; equality is an empirical dataset-integrity check
720575940629924091,720575940629924091,IPS_L,2,0,2,Same Princeton detector only; equality is an empirical dataset-integrity check
720575940629924091,720575940629924091,SPS_L,19,0,19,Same Princeton detector only; equality is an empirical dataset-integrity check
720575940629924091,720575940630385000,SPS_L,1,1,0,Same Princeton detector only; equality is an empirical dataset-integrity check
720575940629924091,720575940631592017,IPS_L,3,3,0,Same Princeton detector only; equality is an empirical dataset-integrity check
720575940629924091,720575940634288735,IPS_L,2,2,0,Same Princeton detector only; equality is an empirical dataset-integrity check
720575940629924091,720575940636070239,SPS_L,2,2,0,Same Princeton detector only; equality is an empirical dataset-integrity check
720575940629924091,720575940637200503,SPS_L,2,2,0,Same Princeton detector only; equality is an empirical dataset-integrity check
720575940629924091,720575940644303639,IPS_L,1,1,0,Same Princeton detector only; equality is an empirical dataset-integrity check
720575940629924091,720575940646225006,IPS_L,2,2,0,Same Princeton detector only; equality is an empirical dataset-integrity check
720575940629936378,720575940623400216,LA_L,1,1,0,Same Princeton detector only; equality is an empirical dataset-integrity check
720575940629941507,720575940628335611,GNG,1,1,0,Same Princeton detector only; equality is an empirical dataset-integrity check
720575940629943623,720575940611810001,GNG,1,1,0,Same Princeton detector only; equality is an empirical dataset-integrity check
720575940629972047,720575940623005308,LA_R,3,3,0,Same Princeton detector only; equality is an empirical dataset-integrity check
720575940629977603,720575940612899763,LA_R,1,1,0,Same Princeton detector only; equality is an empirical dataset-integrity check
720575940629977603,720575940621489243,LA_R,1,1,0,Same Princeton detector only; equality is an empirical dataset-integrity check
720575940629977603,720575940622545023,LA_R,1,1,0,Same Princeton detector only; equality is an empirical dataset-integrity check
720575940629977603,720575940627638558,LA_R,1,1,0,Same Princeton detector only; equality is an empirical dataset-integrity check
720575940630023294,720575940638556382,LA_L,1,1,0,Same Princeton detector only; equality is an empirical dataset-integrity check
720575940630046506,720575940629808911,IPS_R,1,1,0,Same Princeton detector only; equality is an empirical dataset-integrity check
720575940630060135,720575940630060135,LA_L,17,0,17,Same Princeton detector only; equality is an empirical dataset-integrity check
720575940630098075,720575940604957984,ME_L,1,1,0,Same Princeton detector only; equality is an empirical dataset-integrity check
720575940630098075,720575940609627403,ME_L,4,4,0,Same Princeton detector only; equality is an empirical dataset-integrity check
720575940630098075,720575940612057753,ME_L,1,1,0,Same Princeton detector only; equality is an empirical dataset-integrity check
720575940630098075,720575940613330917,ME_L,2,2,0,Same Princeton detector only; equality is an empirical dataset-integrity check
720575940630098075,720575940614524979,ME_L,4,4,0,Same Princeton detector only; equality is an empirical dataset-integrity check
720575940630098075,720575940618939205,ME_L,7,7,0,Same Princeton detector only; equality is an empirical dataset-integrity check
720575940630098075,720575940620201931,ME_L,7,7,0,Same Princeton detector only; equality is an empirical dataset-integrity check
720575940630098075,720575940620680798,ME_L,2,2,0,Same Princeton detector only; equality is an empirical dataset-integrity check
720575940630098075,720575940620811856,ME_L,9,9,0,Same Princeton detector only; equality is an empirical dataset-integrity check
720575940630098075,720575940621881861,LA_L,2,2,0,Same Princeton detector only; equality is an empirical dataset-integrity check
720575940630098075,720575940621881861,ME_L,2,2,0,Same Princeton detector only; equality is an empirical dataset-integrity check
720575940630098075,720575940622528801,ME_L,6,6,0,Same Princeton detector only; equality is an empirical dataset-integrity check
720575940630098075,720575940622815965,LA_L,1,1,0,Same Princeton detector only; equality is an empirical dataset-integrity check
720575940630098075,720575940623222822,ME_L,1,1,0,Same Princeton detector only; equality is an empirical dataset-integrity check
720575940630098075,720575940623406480,ME_L,1,1,0,Same Princeton detector only; equality is an empirical dataset-integrity check
720575940630098075,720575940624112787,ME_L,3,3,0,Same Princeton detector only; equality is an empirical dataset-integrity check
720575940630098075,720575940624275785,ME_L,8,8,0,Same Princeton detector only; equality is an empirical dataset-integrity check
720575940630098075,720575940624765626,ME_L,16,16,0,Same Princeton detector only; equality is an empirical dataset-integrity check
720575940630098075,720575940624891367,ME_L,3,3,0,Same Princeton detector only; equality is an empirical dataset-integrity check
720575940630098075,720575940625673959,ME_L,2,2,0,Same Princeton detector only; equality is an empirical dataset-integrity check
720575940630098075,720575940627285860,ME_L,3,3,0,Same Princeton detector only; equality is an empirical dataset-integrity check
720575940630098075,720575940627690517,ME_L,4,4,0,Same Princeton detector only; equality is an empirical dataset-integrity check
720575940630098075,720575940627873608,ME_L,1,1,0,Same Princeton detector only; equality is an empirical dataset-integrity check
720575940630098075,720575940628212742,ME_L,1,1,0,Same Princeton detector only; equality is an empirical dataset-integrity check
720575940630098075,720575940628419372,ME_L,2,2,0,Same Princeton detector only; equality is an empirical dataset-integrity check
720575940630098075,720575940628565903,ME_L,1,1,0,Same Princeton detector only; equality is an empirical dataset-integrity check
720575940630098075,720575940628729256,LA_L,1,1,0,Same Princeton detector only; equality is an empirical dataset-integrity check
720575940630098075,720575940628729256,ME_L,4,4,0,Same Princeton detector only; equality is an empirical dataset-integrity check
720575940630098075,720575940629325562,ME_L,1,1,0,Same Princeton detector only; equality is an empirical dataset-integrity check
720575940630098075,720575940629445105,LA_L,1,1,0,Same Princeton detector only; equality is an empirical dataset-integrity check
720575940630098075,720575940629445105,ME_L,1,1,0,Same Princeton detector only; equality is an empirical dataset-integrity check
720575940630098075,720575940630098075,ME_L,5,0,5,Same Princeton detector only; equality is an empirical dataset-integrity check
720575940630098075,720575940631421903,ME_L,3,3,0,Same Princeton detector only; equality is an empirical dataset-integrity check
720575940630098075,720575940631730639,ME_L,1,1,0,Same Princeton detector only; equality is an empirical dataset-integrity check
720575940630098075,720575940632542751,ME_L,1,1,0,Same Princeton detector only; equality is an empirical dataset-integrity check
720575940630098075,720575940633763492,ME_L,5,5,0,Same Princeton detector only; equality is an empirical dataset-integrity check
720575940630098075,720575940637600869,ME_L,7,7,0,Same Princeton detector only; equality is an empirical dataset-integrity check
720575940630098075,720575940641045376,ME_L,25,25,0,Same Princeton detector only; equality is an empirical dataset-integrity check
720575940630123351,720575940624870217,LA_R,1,1,0,Same Princeton detector only; equality is an empirical dataset-integrity check
720575940630152039,720575940613138674,LA_L,1,1,0,Same Princeton detector only; equality is an empirical dataset-integrity check
720575940630153978,720575940623770637,LA_R,2,2,0,Same Princeton detector only; equality is an empirical dataset-integrity check
720575940630161152,720575940630161152,AMMC_R,1,0,1,Same Princeton detector only; equality is an empirical dataset-integrity check
720575940630239327,720575940609748437,LA_L,1,1,0,Same Princeton detector only; equality is an empirical dataset-integrity check
720575940630239327,720575940630239327,LA_L,7,0,7,Same Princeton detector only; equality is an empirical dataset-integrity check
720575940630288758,720575940629714793,LA_R,2,2,0,Same Princeton detector only; equality is an empirical dataset-integrity check
720575940630288758,720575940645991278,LA_R,2,2,0,Same Princeton detector only; equality is an empirical dataset-integrity check
720575940630315740,720575940618150105,LA_R,2,2,0,Same Princeton detector only; equality is an empirical dataset-integrity check
720575940630333566,720575940613448874,LA_R,1,1,0,Same Princeton detector only; equality is an empirical dataset-integrity check
720575940630333566,720575940622727152,LA_R,6,6,0,Same Princeton detector only; equality is an empirical dataset-integrity check
720575940630333566,720575940623527059,LA_R,28,28,0,Same Princeton detector only; equality is an empirical dataset-integrity check
720575940630333566,720575940627334525,LA_R,14,14,0,Same Princeton detector only; equality is an empirical dataset-integrity check
720575940630333566,720575940630333566,LA_R,12,0,12,Same Princeton detector only; equality is an empirical dataset-integrity check
720575940630333566,720575940645102372,LA_R,33,33,0,Same Princeton detector only; equality is an empirical dataset-integrity check
720575940630351554,720575940616222879,LA_R,22,22,0,Same Princeton detector only; equality is an empirical dataset-integrity check
720575940630351554,720575940617989094,LA_R,1,1,0,Same Princeton detector only; equality is an empirical dataset-integrity check
720575940630351554,720575940618737748,LA_R,20,20,0,Same Princeton detector only; equality is an empirical dataset-integrity check
720575940630351554,720575940623010309,LA_R,1,1,0,Same Princeton detector only; equality is an empirical dataset-integrity check
720575940630351554,720575940625266761,LA_R,2,2,0,Same Princeton detector only; equality is an empirical dataset-integrity check
720575940630351554,720575940625365996,LA_R,3,3,0,Same Princeton detector only; equality is an empirical dataset-integrity check
720575940630351554,720575940626023608,LA_R,1,1,0,Same Princeton detector only; equality is an empirical dataset-integrity check
720575940630351554,720575940627264002,LA_R,3,3,0,Same Princeton detector only; equality is an empirical dataset-integrity check
720575940630351554,720575940630351554,LA_R,9,0,9,Same Princeton detector only; equality is an empirical dataset-integrity check
720575940630408898,720575940624242826,LA_L,1,1,0,Same Princeton detector only; equality is an empirical dataset-integrity check
720575940630423418,720575940609240073,LA_R,2,2,0,Same Princeton detector only; equality is an empirical dataset-integrity check
720575940630423418,720575940613706818,LA_R,38,38,0,Same Princeton detector only; equality is an empirical dataset-integrity check
720575940630423418,720575940616212934,LA_R,3,3,0,Same Princeton detector only; equality is an empirical dataset-integrity check
720575940630423418,720575940627337572,LA_R,1,1,0,Same Princeton detector only; equality is an empirical dataset-integrity check
720575940630423418,720575940628148873,LA_R,30,30,0,Same Princeton detector only; equality is an empirical dataset-integrity check
720575940630423418,720575940630423418,LA_R,15,0,15,Same Princeton detector only; equality is an empirical dataset-integrity check
720575940630423418,720575940634623388,LA_R,1,1,0,Same Princeton detector only; equality is an empirical dataset-integrity check
720575940630423418,720575940641262032,LA_R,3,3,0,Same Princeton detector only; equality is an empirical dataset-integrity check
720575940630431532,720575940610715204,LA_R,1,1,0,Same Princeton detector only; equality is an empirical dataset-integrity check
720575940630431532,720575940612735194,LA_R,1,1,0,Same Princeton detector only; equality is an empirical dataset-integrity check
720575940630431532,720575940622404991,LA_R,1,1,0,Same Princeton detector only; equality is an empirical dataset-integrity check
720575940630431532,720575940622939998,LA_R,1,1,0,Same Princeton detector only; equality is an empirical dataset-integrity check
720575940630434876,720575940631845839,LA_R,1,1,0,Same Princeton detector only; equality is an empirical dataset-integrity check
720575940630461302,720575940621463699,GNG,2,2,0,Same Princeton detector only; equality is an empirical dataset-integrity check
720575940630475134,720575940608224178,LA_L,1,1,0,Same Princeton detector only; equality is an empirical dataset-integrity check
720575940630475134,720575940628955722,LA_L,2,2,0,Same Princeton detector only; equality is an empirical dataset-integrity check
720575940630485626,720575940612970262,LA_R,42,42,0,Same Princeton detector only; equality is an empirical dataset-integrity check
720575940630485626,720575940617186677,LA_R,5,5,0,Same Princeton detector only; equality is an empirical dataset-integrity check
720575940630485626,720575940618489318,LA_R,2,2,0,Same Princeton detector only; equality is an empirical dataset-integrity check
720575940630485626,720575940621103269,LA_R,3,3,0,Same Princeton detector only; equality is an empirical dataset-integrity check
720575940630485626,720575940622788702,LA_R,29,29,0,Same Princeton detector only; equality is an empirical dataset-integrity check
720575940630485626,720575940627935058,LA_R,16,16,0,Same Princeton detector only; equality is an empirical dataset-integrity check
720575940630485626,720575940630485626,LA_R,14,0,14,Same Princeton detector only; equality is an empirical dataset-integrity check
720575940630494208,720575940631505260,LA_L,1,1,0,Same Princeton detector only; equality is an empirical dataset-integrity check
720575940630505334,720575940618768806,GNG,1,1,0,Same Princeton detector only; equality is an empirical dataset-integrity check
720575940630508794,720575940628728040,LA_L,1,1,0,Same Princeton detector only; equality is an empirical dataset-integrity check
720575940630544250,720575940613466853,LA_L,1,1,0,Same Princeton detector only; equality is an empirical dataset-integrity check
720575940630544250,720575940630544250,LA_L,16,0,16,Same Princeton detector only; equality is an empirical dataset-integrity check
720575940630569978,720575940631043900,LA_R,1,1,0,Same Princeton detector only; equality is an empirical dataset-integrity check
720575940630581564,720575940630581564,LA_L,14,0,14,Same Princeton detector only; equality is an empirical dataset-integrity check
720575940630581754,720575940630581754,LA_L,13,0,13,Same Princeton detector only; equality is an empirical dataset-integrity check
720575940630611582,720575940625621518,LA_L,1,1,0,Same Princeton detector only; equality is an empirical dataset-integrity check
720575940630611582,720575940627660440,LA_L,1,1,0,Same Princeton detector only; equality is an empirical dataset-integrity check
720575940630648576,720575940616710412,LA_L,1,1,0,Same Princeton detector only; equality is an empirical dataset-integrity check
720575940630657792,720575940615927263,LA_L,1,1,0,Same Princeton detector only; equality is an empirical dataset-integrity check
720575940630660034,720575940630660034,LA_L,33,0,33,Same Princeton detector only; equality is an empirical dataset-integrity check
720575940630664062,720575940623242108,,1,0,1,Same Princeton detector only; equality is an empirical dataset-integrity check
720575940630664062,720575940623242108,UNASGD,0,1,-1,Same Princeton detector only; equality is an empirical dataset-integrity check
720575940630664062,720575940630664062,,2,0,2,Same Princeton detector only; equality is an empirical dataset-integrity check
720575940630664062,720575940630664062,LA_L,21,0,21,Same Princeton detector only; equality is an empirical dataset-integrity check
720575940630712442,720575940630712442,LA_L,11,0,11,Same Princeton detector only; equality is an empirical dataset-integrity check
720575940630714562,720575940630714562,LA_L,10,0,10,Same Princeton detector only; equality is an empirical dataset-integrity check
720575940630726956,720575940631184246,LA_L,2,2,0,Same Princeton detector only; equality is an empirical dataset-integrity check
720575940630727212,720575940625564860,LA_L,2,2,0,Same Princeton detector only; equality is an empirical dataset-integrity check
720575940630727212,720575940630727212,LA_L,7,0,7,Same Princeton detector only; equality is an empirical dataset-integrity check
720575940630746924,720575940620843261,LA_L,1,1,0,Same Princeton detector only; equality is an empirical dataset-integrity check
720575940630758014,720575940626896145,ICL_L,1,1,0,Same Princeton detector only; equality is an empirical dataset-integrity check
720575940630768707,720575940621157887,GNG,1,1,0,Same Princeton detector only; equality is an empirical dataset-integrity check
720575940630776108,720575940619065664,LA_R,3,3,0,Same Princeton detector only; equality is an empirical dataset-integrity check
720575940630782764,720575940615951839,LA_R,1,1,0,Same Princeton detector only; equality is an empirical dataset-integrity check
720575940630787388,720575940630787388,LA_L,1,0,1,Same Princeton detector only; equality is an empirical dataset-integrity check
720575940630797047,720575940625511572,LA_R,1,1,0,Same Princeton detector only; equality is an empirical dataset-integrity check
720575940630846125,720575940606375772,GNG,1,1,0,Same Princeton detector only; equality is an empirical dataset-integrity check
720575940630846125,720575940614776262,GNG,2,2,0,Same Princeton detector only; equality is an empirical dataset-integrity check
720575940630846125,720575940617113501,GNG,1,1,0,Same Princeton detector only; equality is an empirical dataset-integrity check
720575940630846125,720575940622630069,GNG,1,1,0,Same Princeton detector only; equality is an empirical dataset-integrity check
720575940630846125,720575940623854276,GNG,1,1,0,Same Princeton detector only; equality is an empirical dataset-integrity check
720575940630846125,720575940626993950,GNG,3,3,0,Same Princeton detector only; equality is an empirical dataset-integrity check
720575940630846125,720575940630846125,GNG,9,0,9,Same Princeton detector only; equality is an empirical dataset-integrity check
720575940630846125,720575940632898105,GNG,5,5,0,Same Princeton detector only; equality is an empirical dataset-integrity check
720575940630846125,720575940642061709,GNG,2,2,0,Same Princeton detector only; equality is an empirical dataset-integrity check
720575940630846711,720575940622270273,LA_R,1,1,0,Same Princeton detector only; equality is an empirical dataset-integrity check
720575940630869548,720575940610692676,LA_R,23,23,0,Same Princeton detector only; equality is an empirical dataset-integrity check
720575940630869548,720575940612306382,LA_R,30,30,0,Same Princeton detector only; equality is an empirical dataset-integrity check
720575940630869548,720575940618816340,LA_R,6,6,0,Same Princeton detector only; equality is an empirical dataset-integrity check
720575940630869548,720575940621683951,LA_R,36,36,0,Same Princeton detector only; equality is an empirical dataset-integrity check
720575940630869548,720575940624634295,LA_R,1,1,0,Same Princeton detector only; equality is an empirical dataset-integrity check
720575940630869548,720575940630869548,LA_R,12,0,12,Same Princeton detector only; equality is an empirical dataset-integrity check
720575940630869548,720575940631057679,LA_R,2,2,0,Same Princeton detector only; equality is an empirical dataset-integrity check
720575940630869760,720575940625511572,LA_R,2,2,0,Same Princeton detector only; equality is an empirical dataset-integrity check
720575940630871260,720575940613410802,LA_R,1,1,0,Same Princeton detector only; equality is an empirical dataset-integrity check
720575940630871260,720575940617293398,LA_R,54,54,0,Same Princeton detector only; equality is an empirical dataset-integrity check
720575940630871260,720575940620711115,LA_R,34,34,0,Same Princeton detector only; equality is an empirical dataset-integrity check
720575940630871260,720575940622583284,LA_R,2,2,0,Same Princeton detector only; equality is an empirical dataset-integrity check
720575940630871260,720575940627905566,LA_R,12,12,0,Same Princeton detector only; equality is an empirical dataset-integrity check
720575940630871260,720575940630871260,LA_R,24,0,24,Same Princeton detector only; equality is an empirical dataset-integrity check
720575940630871260,720575940631048812,LA_R,2,2,0,Same Princeton detector only; equality is an empirical dataset-integrity check
720575940630871260,720575940631522811,LA_R,5,5,0,Same Princeton detector only; equality is an empirical dataset-integrity check
720575940630871260,720575940640383054,LA_R,24,24,0,Same Princeton detector only; equality is an empirical dataset-integrity check
720575940630873548,720575940625717747,LA_R,3,3,0,Same Princeton detector only; equality is an empirical dataset-integrity check
720575940630884855,720575940625113015,LA_R,1,1,0,Same Princeton detector only; equality is an empirical dataset-integrity check
720575940630884855,720575940629714793,LA_R,2,2,0,Same Princeton detector only; equality is an empirical dataset-integrity check
720575940630884855,720575940645991278,LA_R,1,1,0,Same Princeton detector only; equality is an empirical dataset-integrity check
720575940630910070,720575940620666315,LA_R,1,1,0,Same Princeton detector only; equality is an empirical dataset-integrity check
720575940630927222,720575940632083275,LA_R,1,1,0,Same Princeton detector only; equality is an empirical dataset-integrity check
720575940630937704,720575940620785869,GNG,1,1,0,Same Princeton detector only; equality is an empirical dataset-integrity check
720575940630942428,720575940630942428,LA_L,16,0,16,Same Princeton detector only; equality is an empirical dataset-integrity check
720575940630942428,720575940642527451,LA_L,1,1,0,Same Princeton detector only; equality is an empirical dataset-integrity check
720575940630982495,720575940630982495,LA_L,1,0,1,Same Princeton detector only; equality is an empirical dataset-integrity check
720575940630984655,720575940632280338,ME_L,1,1,0,Same Princeton detector only; equality is an empirical dataset-integrity check
720575940630997292,720575940623003169,LA_R,2,2,0,Same Princeton detector only; equality is an empirical dataset-integrity check
720575940631042620,720575940618531618,LA_R,1,1,0,Same Princeton detector only; equality is an empirical dataset-integrity check
720575940631043900,720575940613532133,LA_R,24,24,0,Same Princeton detector only; equality is an empirical dataset-integrity check
720575940631043900,720575940614391347,LA_R,3,3,0,Same Princeton detector only; equality is an empirical dataset-integrity check
720575940631043900,720575940621643457,LA_R,36,36,0,Same Princeton detector only; equality is an empirical dataset-integrity check
720575940631043900,720575940623924248,LA_R,2,2,0,Same Princeton detector only; equality is an empirical dataset-integrity check
720575940631043900,720575940631043900,LA_R,7,0,7,Same Princeton detector only; equality is an empirical dataset-integrity check
720575940631043900,720575940632396875,LA_R,1,1,0,Same Princeton detector only; equality is an empirical dataset-integrity check
720575940631043900,720575940637677230,LA_R,1,1,0,Same Princeton detector only; equality is an empirical dataset-integrity check
720575940631043900,720575940642551515,LA_R,8,8,0,Same Princeton detector only; equality is an empirical dataset-integrity check
720575940631048812,720575940613410802,LA_R,3,3,0,Same Princeton detector only; equality is an empirical dataset-integrity check
720575940631048812,720575940617293398,LA_R,40,40,0,Same Princeton detector only; equality is an empirical dataset-integrity check
720575940631048812,720575940620711115,LA_R,27,27,0,Same Princeton detector only; equality is an empirical dataset-integrity check
720575940631048812,720575940627905566,LA_R,15,15,0,Same Princeton detector only; equality is an empirical dataset-integrity check
720575940631048812,720575940630871260,LA_R,2,2,0,Same Princeton detector only; equality is an empirical dataset-integrity check
720575940631048812,720575940631048812,LA_R,23,0,23,Same Princeton detector only; equality is an empirical dataset-integrity check
720575940631048812,720575940631433027,LA_R,1,1,0,Same Princeton detector only; equality is an empirical dataset-integrity check
720575940631048812,720575940631522811,LA_R,4,4,0,Same Princeton detector only; equality is an empirical dataset-integrity check
720575940631048812,720575940635455130,LA_R,1,1,0,Same Princeton detector only; equality is an empirical dataset-integrity check
720575940631048812,720575940640383054,LA_R,19,19,0,Same Princeton detector only; equality is an empirical dataset-integrity check
720575940631079900,720575940627852669,LA_L,2,2,0,Same Princeton detector only; equality is an empirical dataset-integrity check
720575940631079900,720575940631079900,LA_L,12,0,12,Same Princeton detector only; equality is an empirical dataset-integrity check
720575940631095296,720575940627652441,LA_L,1,1,0,Same Princeton detector only; equality is an empirical dataset-integrity check
720575940631095296,720575940631095296,LA_L,11,0,11,Same Princeton detector only; equality is an empirical dataset-integrity check
720575940631100160,720575940616281311,LA_L,1,1,0,Same Princeton detector only; equality is an empirical dataset-integrity check
720575940631100160,720575940621514667,LA_L,1,1,0,Same Princeton detector only; equality is an empirical dataset-integrity check
720575940631100160,720575940631100160,LA_L,12,0,12,Same Princeton detector only; equality is an empirical dataset-integrity check
720575940631102684,720575940623337251,LA_L,1,1,0,Same Princeton detector only; equality is an empirical dataset-integrity check
720575940631105847,720575940617499765,LA_L,1,1,0,Same Princeton detector only; equality is an empirical dataset-integrity check
720575940631106767,720575940618768806,GNG,1,1,0,Same Princeton detector only; equality is an empirical dataset-integrity check
720575940631113180,720575940615951839,LA_R,2,2,0,Same Princeton detector only; equality is an empirical dataset-integrity check
720575940631113180,720575940631186550,LA_R,1,1,0,Same Princeton detector only; equality is an empirical dataset-integrity check
720575940631127158,720575940622270273,LA_R,1,1,0,Same Princeton detector only; equality is an empirical dataset-integrity check
720575940631143020,720575940631143020,LA_L,9,0,9,Same Princeton detector only; equality is an empirical dataset-integrity check
720575940631149372,720575940625644775,LA_L,3,3,0,Same Princeton detector only; equality is an empirical dataset-integrity check
720575940631149372,720575940631149372,LA_L,15,0,15,Same Princeton detector only; equality is an empirical dataset-integrity check
720575940631157308,720575940661099137,LA_L,1,1,0,Same Princeton detector only; equality is an empirical dataset-integrity check
720575940631184246,720575940631184246,LA_L,7,0,7,Same Princeton detector only; equality is an empirical dataset-integrity check
720575940631186550,720575940609182556,LA_R,5,5,0,Same Princeton detector only; equality is an empirical dataset-integrity check
720575940631186550,720575940614441965,LA_R,1,1,0,Same Princeton detector only; equality is an empirical dataset-integrity check
720575940631186550,720575940617537117,LA_R,42,42,0,Same Princeton detector only; equality is an empirical dataset-integrity check
720575940631186550,720575940624485258,LA_R,1,1,0,Same Princeton detector only; equality is an empirical dataset-integrity check
720575940631186550,720575940625282488,LA_R,52,52,0,Same Princeton detector only; equality is an empirical dataset-integrity check
720575940631186550,720575940631186550,LA_R,21,0,21,Same Princeton detector only; equality is an empirical dataset-integrity check
720575940631186550,720575940631729103,LA_R,1,1,0,Same Princeton detector only; equality is an empirical dataset-integrity check
720575940631186550,720575940633443923,LA_R,2,2,0,Same Princeton detector only; equality is an empirical dataset-integrity check
720575940631186550,720575940633646637,LA_R,14,14,0,Same Princeton detector only; equality is an empirical dataset-integrity check
720575940631220284,720575940622404991,LA_R,1,1,0,Same Princeton detector only; equality is an empirical dataset-integrity check
720575940631230167,720575940613019354,LA_L,1,1,0,Same Princeton detector only; equality is an empirical dataset-integrity check
720575940631230167,720575940613409172,LA_L,1,1,0,Same Princeton detector only; equality is an empirical dataset-integrity check
720575940631230167,720575940625635119,,1,0,1,Same Princeton detector only; equality is an empirical dataset-integrity check
720575940631230167,720575940625635119,UNASGD,0,1,-1,Same Princeton detector only; equality is an empirical dataset-integrity check
720575940631230167,720575940631230167,,1,0,1,Same Princeton detector only; equality is an empirical dataset-integrity check
720575940631230167,720575940631230167,LA_L,23,0,23,Same Princeton detector only; equality is an empirical dataset-integrity check
720575940631230167,720575940641571024,LA_L,1,1,0,Same Princeton detector only; equality is an empirical dataset-integrity check
720575940631242235,720575940633773523,LA_R,1,1,0,Same Princeton detector only; equality is an empirical dataset-integrity check
720575940631246636,720575940625416167,LA_R,2,2,0,Same Princeton detector only; equality is an empirical dataset-integrity check
720575940631286636,720575940611348178,LA_R,1,1,0,Same Princeton detector only; equality is an empirical dataset-integrity check
720575940631286636,720575940614200722,LA_R,54,54,0,Same Princeton detector only; equality is an empirical dataset-integrity check
720575940631286636,720575940624293578,LA_R,43,43,0,Same Princeton detector only; equality is an empirical dataset-integrity check
720575940631286636,720575940629102974,LA_R,1,1,0,Same Princeton detector only; equality is an empirical dataset-integrity check
720575940631286636,720575940629200369,LA_R,3,3,0,Same Princeton detector only; equality is an empirical dataset-integrity check
720575940631286636,720575940630250139,LA_R,2,2,0,Same Princeton detector only; equality is an empirical dataset-integrity check
720575940631286636,720575940631286636,LA_R,23,0,23,Same Princeton detector only; equality is an empirical dataset-integrity check
720575940631286636,720575940631639627,LA_R,10,10,0,Same Princeton detector only; equality is an empirical dataset-integrity check
720575940631292892,720575940631292892,LA_L,8,0,8,Same Princeton detector only; equality is an empirical dataset-integrity check
720575940631301883,720575940607554434,LA_R,1,1,0,Same Princeton detector only; equality is an empirical dataset-integrity check
720575940631301883,720575940609698254,LA_R,2,2,0,Same Princeton detector only; equality is an empirical dataset-integrity check
720575940631301883,720575940613865586,LA_R,42,42,0,Same Princeton detector only; equality is an empirical dataset-integrity check
720575940631301883,720575940614574511,LA_R,44,44,0,Same Princeton detector only; equality is an empirical dataset-integrity check
720575940631301883,720575940620543323,LA_R,2,2,0,Same Princeton detector only; equality is an empirical dataset-integrity check
720575940631301883,720575940623732991,LA_R,1,1,0,Same Princeton detector only; equality is an empirical dataset-integrity check
720575940631301883,720575940631301883,LA_R,20,0,20,Same Princeton detector only; equality is an empirical dataset-integrity check
720575940631301883,720575940641045888,LA_R,16,16,0,Same Princeton detector only; equality is an empirical dataset-integrity check
720575940631329128,720575940614839215,LA_R,1,1,0,Same Princeton detector only; equality is an empirical dataset-integrity check
720575940631337721,720575940637514414,LA_R,1,1,0,Same Princeton detector only; equality is an empirical dataset-integrity check
720575940631349878,720575940622703640,LA_R,2,2,0,Same Princeton detector only; equality is an empirical dataset-integrity check
720575940631364828,720575940621443206,LA_R,1,1,0,Same Princeton detector only; equality is an empirical dataset-integrity check
720575940631388887,720575940624495630,LA_R,10,10,0,Same Princeton detector only; equality is an empirical dataset-integrity check
720575940631388887,720575940626380365,LA_R,39,39,0,Same Princeton detector only; equality is an empirical dataset-integrity check
720575940631388887,720575940628710933,LA_R,13,13,0,Same Princeton detector only; equality is an empirical dataset-integrity check
720575940631388887,720575940631388887,LA_R,17,0,17,Same Princeton detector only; equality is an empirical dataset-integrity check
720575940631388887,720575940633343825,LA_R,3,3,0,Same Princeton detector only; equality is an empirical dataset-integrity check
720575940631388887,720575940634019027,LA_R,1,1,0,Same Princeton detector only; equality is an empirical dataset-integrity check
720575940631388887,720575940636561838,LA_R,36,36,0,Same Princeton detector only; equality is an empirical dataset-integrity check
720575940631401698,720575940625652879,GNG,1,1,0,Same Princeton detector only; equality is an empirical dataset-integrity check
720575940631419991,720575940625113015,LA_R,1,1,0,Same Princeton detector only; equality is an empirical dataset-integrity check
720575940631419991,720575940635013020,LA_R,2,2,0,Same Princeton detector only; equality is an empirical dataset-integrity check
720575940631505260,720575940608340060,LA_L,40,40,0,Same Princeton detector only; equality is an empirical dataset-integrity check
720575940631505260,720575940621969761,LA_L,33,33,0,Same Princeton detector only; equality is an empirical dataset-integrity check
720575940631505260,720575940625272252,LA_L,2,2,0,Same Princeton detector only; equality is an empirical dataset-integrity check
720575940631505260,720575940625615508,LA_L,57,57,0,Same Princeton detector only; equality is an empirical dataset-integrity check
720575940631505260,720575940626568906,LA_L,37,37,0,Same Princeton detector only; equality is an empirical dataset-integrity check
720575940631505260,720575940631505260,LA_L,12,0,12,Same Princeton detector only; equality is an empirical dataset-integrity check
720575940631505260,720575940632007887,LA_L,1,1,0,Same Princeton detector only; equality is an empirical dataset-integrity check
720575940631505260,720575940640893312,LA_L,1,1,0,Same Princeton detector only; equality is an empirical dataset-integrity check
720575940631515643,720575940628404783,LA_L,5,5,0,Same Princeton detector only; equality is an empirical dataset-integrity check
720575940631515643,720575940631515643,LA_L,13,0,13,Same Princeton detector only; equality is an empirical dataset-integrity check
720575940631515643,720575940639983293,LA_L,1,1,0,Same Princeton detector only; equality is an empirical dataset-integrity check
720575940631530348,720575940625721118,SPS_L,1,1,0,Same Princeton detector only; equality is an empirical dataset-integrity check
720575940631538294,720575940631149372,LA_L,1,1,0,Same Princeton detector only; equality is an empirical dataset-integrity check
720575940631539574,720575940637125239,LA_L,1,1,0,Same Princeton detector only; equality is an empirical dataset-integrity check
720575940631549125,720575940618223419,LA_R,1,1,0,Same Princeton detector only; equality is an empirical dataset-integrity check
720575940631549125,720575940621090213,LA_R,2,2,0,Same Princeton detector only; equality is an empirical dataset-integrity check
720575940631549125,720575940622799898,LA_R,2,2,0,Same Princeton detector only; equality is an empirical dataset-integrity check
720575940631590393,720575940618238681,LA_L,1,1,0,Same Princeton detector only; equality is an empirical dataset-integrity check
720575940631590393,720575940631590393,LA_L,12,0,12,Same Princeton detector only; equality is an empirical dataset-integrity check
720575940631592017,720575940607790916,ICL_L,1,1,0,Same Princeton detector only; equality is an empirical dataset-integrity check
720575940631592017,720575940609268316,IPS_L,1,1,0,Same Princeton detector only; equality is an empirical dataset-integrity check
720575940631592017,720575940611186034,IPS_L,1,1,0,Same Princeton detector only; equality is an empirical dataset-integrity check
720575940631592017,720575940611186034,SPS_L,6,6,0,Same Princeton detector only; equality is an empirical dataset-integrity check
720575940631592017,720575940613850262,IPS_L,1,1,0,Same Princeton detector only; equality is an empirical dataset-integrity check
720575940631592017,720575940613887742,SPS_L,1,1,0,Same Princeton detector only; equality is an empirical dataset-integrity check
720575940631592017,720575940614254534,SPS_L,2,2,0,Same Princeton detector only; equality is an empirical dataset-integrity check
720575940631592017,720575940616133337,SPS_L,1,1,0,Same Princeton detector only; equality is an empirical dataset-integrity check
720575940631592017,720575940617626235,SPS_L,1,1,0,Same Princeton detector only; equality is an empirical dataset-integrity check
720575940631592017,720575940622644872,IPS_L,1,1,0,Same Princeton detector only; equality is an empirical dataset-integrity check
720575940631592017,720575940625721118,IPS_L,2,2,0,Same Princeton detector only; equality is an empirical dataset-integrity check
720575940631592017,720575940625796839,SPS_L,2,2,0,Same Princeton detector only; equality is an empirical dataset-integrity check
720575940631592017,720575940625878909,SPS_L,1,1,0,Same Princeton detector only; equality is an empirical dataset-integrity check
720575940631592017,720575940628362993,SPS_L,2,2,0,Same Princeton detector only; equality is an empirical dataset-integrity check
720575940631592017,720575940629924091,IPS_L,1,1,0,Same Princeton detector only; equality is an empirical dataset-integrity check
720575940631592017,720575940629924091,SPS_L,1,1,0,Same Princeton detector only; equality is an empirical dataset-integrity check
720575940631592017,720575940631530348,SPS_L,1,1,0,Same Princeton detector only; equality is an empirical dataset-integrity check
720575940631592017,720575940631592017,,1,0,1,Same Princeton detector only; equality is an empirical dataset-integrity check
720575940631592017,720575940631592017,ICL_L,3,0,3,Same Princeton detector only; equality is an empirical dataset-integrity check
720575940631592017,720575940631592017,IPS_L,2,0,2,Same Princeton detector only; equality is an empirical dataset-integrity check
720575940631592017,720575940631592017,SPS_L,17,0,17,Same Princeton detector only; equality is an empirical dataset-integrity check
720575940631592017,720575940643347616,SPS_L,1,1,0,Same Princeton detector only; equality is an empirical dataset-integrity check
720575940631592017,720575940644303639,IPS_L,1,1,0,Same Princeton detector only; equality is an empirical dataset-integrity check
720575940631647173,720575940607124707,LA_R,2,2,0,Same Princeton detector only; equality is an empirical dataset-integrity check
720575940631647173,720575940612977834,LA_R,54,54,0,Same Princeton detector only; equality is an empirical dataset-integrity check
720575940631647173,720575940619290944,LA_R,1,1,0,Same Princeton detector only; equality is an empirical dataset-integrity check
720575940631647173,720575940621418155,LA_R,1,1,0,Same Princeton detector only; equality is an empirical dataset-integrity check
720575940631647173,720575940626013112,LA_R,55,55,0,Same Princeton detector only; equality is an empirical dataset-integrity check
720575940631647173,720575940631647173,LA_R,20,0,20,Same Princeton detector only; equality is an empirical dataset-integrity check
720575940631647173,720575940632215594,LA_R,1,1,0,Same Princeton detector only; equality is an empirical dataset-integrity check
720575940631647173,720575940632854423,LA_R,7,7,0,Same Princeton detector only; equality is an empirical dataset-integrity check
720575940631647173,720575940633656365,LA_R,19,19,0,Same Princeton detector only; equality is an empirical dataset-integrity check
720575940631647173,720575940634712545,LA_R,3,3,0,Same Princeton detector only; equality is an empirical dataset-integrity check
720575940631647173,720575940634797724,LA_R,40,40,0,Same Princeton detector only; equality is an empirical dataset-integrity check
720575940631647173,720575940637651086,LA_R,1,1,0,Same Princeton detector only; equality is an empirical dataset-integrity check
720575940631705339,720575940624139305,LA_R,1,1,0,Same Princeton detector only; equality is an empirical dataset-integrity check
720575940631721721,720575940626928740,LA_R,2,2,0,Same Princeton detector only; equality is an empirical dataset-integrity check
720575940631721721,720575940638616922,LA_R,1,1,0,Same Princeton detector only; equality is an empirical dataset-integrity check
720575940631728121,720575940613474474,LA_R,1,1,0,Same Princeton detector only; equality is an empirical dataset-integrity check
720575940631728335,720575940638712127,LA_L,1,1,0,Same Princeton detector only; equality is an empirical dataset-integrity check
720575940631729103,720575940623239133,LA_R,1,1,0,Same Princeton detector only; equality is an empirical dataset-integrity check
720575940631748427,720575940622799137,LA_R,1,1,0,Same Princeton detector only; equality is an empirical dataset-integrity check
720575940631750095,720575940610106692,LA_R,31,31,0,Same Princeton detector only; equality is an empirical dataset-integrity check
720575940631750095,720575940614246559,LA_R,8,8,0,Same Princeton detector only; equality is an empirical dataset-integrity check
720575940631750095,720575940620263384,LA_R,1,1,0,Same Princeton detector only; equality is an empirical dataset-integrity check
720575940631750095,720575940622879770,LA_R,1,1,0,Same Princeton detector only; equality is an empirical dataset-integrity check
720575940631750095,720575940628160004,LA_R,47,47,0,Same Princeton detector only; equality is an empirical dataset-integrity check
720575940631750095,720575940629002502,LA_R,2,2,0,Same Princeton detector only; equality is an empirical dataset-integrity check
720575940631750095,720575940631750095,LA_R,16,0,16,Same Princeton detector only; equality is an empirical dataset-integrity check
720575940631750095,720575940642191323,LA_R,1,1,0,Same Princeton detector only; equality is an empirical dataset-integrity check
720575940631787095,720575940608224178,LA_L,1,1,0,Same Princeton detector only; equality is an empirical dataset-integrity check
720575940631809867,720575940635168407,LA_R,1,1,0,Same Princeton detector only; equality is an empirical dataset-integrity check
720575940631827256,720575940647229219,LA_R,1,1,0,Same Princeton detector only; equality is an empirical dataset-integrity check
720575940631845839,720575940612717461,LA_R,17,17,0,Same Princeton detector only; equality is an empirical dataset-integrity check
720575940631845839,720575940621462511,LA_R,1,1,0,Same Princeton detector only; equality is an empirical dataset-integrity check
720575940631845839,720575940624706567,LA_R,3,3,0,Same Princeton detector only; equality is an empirical dataset-integrity check
720575940631845839,720575940625514023,LA_R,42,42,0,Same Princeton detector only; equality is an empirical dataset-integrity check
720575940631845839,720575940627718738,LA_R,1,1,0,Same Princeton detector only; equality is an empirical dataset-integrity check
720575940631845839,720575940631278031,LA_R,41,41,0,Same Princeton detector only; equality is an empirical dataset-integrity check
720575940631845839,720575940631845839,LA_R,23,0,23,Same Princeton detector only; equality is an empirical dataset-integrity check
720575940631845839,720575940633224237,LA_R,1,1,0,Same Princeton detector only; equality is an empirical dataset-integrity check
720575940631866508,720575940620320193,SAD,1,1,0,Same Princeton detector only; equality is an empirical dataset-integrity check
720575940631873743,720575940622814302,LA_R,1,1,0,Same Princeton detector only; equality is an empirical dataset-integrity check
720575940631907279,720575940609622281,LA_L,1,1,0,Same Princeton detector only; equality is an empirical dataset-integrity check
720575940631959826,720575940634246626,,1,0,1,Same Princeton detector only; equality is an empirical dataset-integrity check
720575940631959826,720575940634246626,UNASGD,0,1,-1,Same Princeton detector only; equality is an empirical dataset-integrity check
720575940632011983,720575940629426161,LA_L,1,1,0,Same Princeton detector only; equality is an empirical dataset-integrity check
720575940632011983,720575940661099137,LA_L,1,1,0,Same Princeton detector only; equality is an empirical dataset-integrity check
720575940632047631,720575940629377641,LA_R,3,3,0,Same Princeton detector only; equality is an empirical dataset-integrity check
720575940632083275,720575940605544736,LA_R,1,1,0,Same Princeton detector only; equality is an empirical dataset-integrity check
720575940632083275,720575940605763040,LA_R,15,15,0,Same Princeton detector only; equality is an empirical dataset-integrity check
720575940632083275,720575940612179042,LA_R,2,2,0,Same Princeton detector only; equality is an empirical dataset-integrity check
720575940632083275,720575940617330772,LA_R,32,32,0,Same Princeton detector only; equality is an empirical dataset-integrity check
720575940632083275,720575940626023608,LA_R,1,1,0,Same Princeton detector only; equality is an empirical dataset-integrity check
720575940632083275,720575940628811082,LA_R,2,2,0,Same Princeton detector only; equality is an empirical dataset-integrity check
720575940632083275,720575940632083275,LA_R,15,0,15,Same Princeton detector only; equality is an empirical dataset-integrity check
720575940632083275,720575940636065588,LA_R,36,36,0,Same Princeton detector only; equality is an empirical dataset-integrity check
720575940632127530,720575940618061661,LA_L,2,2,0,Same Princeton detector only; equality is an empirical dataset-integrity check
720575940632163923,720575940619193264,GNG,4,4,0,Same Princeton detector only; equality is an empirical dataset-integrity check
720575940632163923,720575940619381108,GNG,2,2,0,Same Princeton detector only; equality is an empirical dataset-integrity check
720575940632172867,720575940629888515,LA_L,1,1,0,Same Princeton detector only; equality is an empirical dataset-integrity check
720575940632182058,720575940621090213,LA_R,1,1,0,Same Princeton detector only; equality is an empirical dataset-integrity check
720575940632189970,720575940618278868,LA_R,42,42,0,Same Princeton detector only; equality is an empirical dataset-integrity check
720575940632189970,720575940631086636,LA_R,35,35,0,Same Princeton detector only; equality is an empirical dataset-integrity check
720575940632189970,720575940632189970,LA_R,22,0,22,Same Princeton detector only; equality is an empirical dataset-integrity check
720575940632189970,720575940636401400,LA_R,1,1,0,Same Princeton detector only; equality is an empirical dataset-integrity check
720575940632189970,720575940636615160,LA_R,23,23,0,Same Princeton detector only; equality is an empirical dataset-integrity check
720575940632189970,720575940648383364,LA_R,7,7,0,Same Princeton detector only; equality is an empirical dataset-integrity check
720575940632215594,720575940613474474,LA_R,1,1,0,Same Princeton detector only; equality is an empirical dataset-integrity check
720575940632257091,720575940632257091,LA_L,8,0,8,Same Princeton detector only; equality is an empirical dataset-integrity check
720575940632257091,720575940639884622,LA_L,5,5,0,Same Princeton detector only; equality is an empirical dataset-integrity check
720575940632266258,720575940632266258,LA_L,10,0,10,Same Princeton detector only; equality is an empirical dataset-integrity check
720575940632280338,720575940608386140,ME_L,1,1,0,Same Princeton detector only; equality is an empirical dataset-integrity check
720575940632280338,720575940614210088,ME_L,3,3,0,Same Princeton detector only; equality is an empirical dataset-integrity check
720575940632280338,720575940618165341,ME_L,1,1,0,Same Princeton detector only; equality is an empirical dataset-integrity check
720575940632280338,720575940621433014,LA_L,1,1,0,Same Princeton detector only; equality is an empirical dataset-integrity check
720575940632280338,720575940621532276,ME_L,1,1,0,Same Princeton detector only; equality is an empirical dataset-integrity check
720575940632280338,720575940623509956,ME_L,1,1,0,Same Princeton detector only; equality is an empirical dataset-integrity check
720575940632280338,720575940624411283,ME_L,1,1,0,Same Princeton detector only; equality is an empirical dataset-integrity check
720575940632280338,720575940625892284,LA_L,1,1,0,Same Princeton detector only; equality is an empirical dataset-integrity check
720575940632280338,720575940625892284,ME_L,7,7,0,Same Princeton detector only; equality is an empirical dataset-integrity check
720575940632280338,720575940627117699,ME_L,2,2,0,Same Princeton detector only; equality is an empirical dataset-integrity check
720575940632280338,720575940629810219,LA_L,1,1,0,Same Princeton detector only; equality is an empirical dataset-integrity check
720575940632280338,720575940630984655,LA_L,1,1,0,Same Princeton detector only; equality is an empirical dataset-integrity check
720575940632280338,720575940630984655,ME_L,2,2,0,Same Princeton detector only; equality is an empirical dataset-integrity check
720575940632280338,720575940631329017,ME_L,1,1,0,Same Princeton detector only; equality is an empirical dataset-integrity check
720575940632280338,720575940632280338,ME_L,1,0,1,Same Princeton detector only; equality is an empirical dataset-integrity check
720575940632280338,720575940638977257,ME_L,1,1,0,Same Princeton detector only; equality is an empirical dataset-integrity check
720575940632280338,720575940643622048,ME_L,1,1,0,Same Princeton detector only; equality is an empirical dataset-integrity check
720575940632314955,720575940632314955,LA_L,14,0,14,Same Princeton detector only; equality is an empirical dataset-integrity check
720575940632332586,720575940628388936,LA_L,1,1,0,Same Princeton detector only; equality is an empirical dataset-integrity check
720575940632346666,720575940632346666,LA_L,24,0,24,Same Princeton detector only; equality is an empirical dataset-integrity check
720575940632350511,720575940637390181,ME_L,1,1,0,Same Princeton detector only; equality is an empirical dataset-integrity check
720575940632352104,720575940624873480,LA_L,1,1,0,Same Princeton detector only; equality is an empirical dataset-integrity check
720575940632357480,720575940620886181,LA_L,1,1,0,Same Princeton detector only; equality is an empirical dataset-integrity check
720575940632358504,720575940632358504,LA_L,1,0,1,Same Princeton detector only; equality is an empirical dataset-integrity check
720575940632374632,720575940635440235,,2,0,2,Same Princeton detector only; equality is an empirical dataset-integrity check
720575940632374632,720575940635440235,UNASGD,0,2,-2,Same Princeton detector only; equality is an empirical dataset-integrity check
720575940632382994,720575940609928971,LA_R,12,12,0,Same Princeton detector only; equality is an empirical dataset-integrity check
720575940632382994,720575940621692251,LA_R,25,25,0,Same Princeton detector only; equality is an empirical dataset-integrity check
720575940632382994,720575940624835476,LA_R,40,40,0,Same Princeton detector only; equality is an empirical dataset-integrity check
720575940632382994,720575940628493992,LA_R,2,2,0,Same Princeton detector only; equality is an empirical dataset-integrity check
720575940632382994,720575940629805571,LA_R,1,1,0,Same Princeton detector only; equality is an empirical dataset-integrity check
720575940632382994,720575940632382994,LA_R,13,0,13,Same Princeton detector only; equality is an empirical dataset-integrity check
720575940632382994,720575940635339694,LA_R,4,4,0,Same Princeton detector only; equality is an empirical dataset-integrity check
720575940632382994,720575940639179236,LA_R,4,4,0,Same Princeton detector only; equality is an empirical dataset-integrity check
720575940632384313,720575940620236593,LA_L,1,1,0,Same Princeton detector only; equality is an empirical dataset-integrity check
720575940632408121,720575940616346822,LA_R,1,1,0,Same Princeton detector only; equality is an empirical dataset-integrity check
720575940632412333,720575940633816986,GNG,1,1,0,Same Princeton detector only; equality is an empirical dataset-integrity check
720575940632425002,720575940632425002,LA_L,31,0,31,Same Princeton detector only; equality is an empirical dataset-integrity check
720575940632425258,720575940632425258,LA_L,21,0,21,Same Princeton detector only; equality is an empirical dataset-integrity check
720575940632436803,720575940632436803,LA_L,11,0,11,Same Princeton detector only; equality is an empirical dataset-integrity check
720575940632460951,720575940611552370,GNG,1,1,0,Same Princeton detector only; equality is an empirical dataset-integrity check
720575940632460951,720575940612066223,GNG,1,1,0,Same Princeton detector only; equality is an empirical dataset-integrity check
720575940632460951,720575940620601008,GNG,1,1,0,Same Princeton detector only; equality is an empirical dataset-integrity check
720575940632460951,720575940620869717,GNG,1,1,0,Same Princeton detector only; equality is an empirical dataset-integrity check
720575940632460951,720575940623854276,GNG,1,1,0,Same Princeton detector only; equality is an empirical dataset-integrity check
720575940632460951,720575940627585730,GNG,1,1,0,Same Princeton detector only; equality is an empirical dataset-integrity check
720575940632460951,720575940631051065,GNG,1,1,0,Same Princeton detector only; equality is an empirical dataset-integrity check
720575940632460951,720575940632045839,GNG,1,1,0,Same Princeton detector only; equality is an empirical dataset-integrity check
720575940632460951,720575940632460951,GNG,2,0,2,Same Princeton detector only; equality is an empirical dataset-integrity check
720575940632460951,720575940635242126,GNG,2,2,0,Same Princeton detector only; equality is an empirical dataset-integrity check
720575940632460951,720575940639022707,GNG,1,1,0,Same Princeton detector only; equality is an empirical dataset-integrity check
720575940632505898,720575940635013020,LA_R,1,1,0,Same Princeton detector only; equality is an empirical dataset-integrity check
720575940632517191,720575940637390181,ME_L,1,1,0,Same Princeton detector only; equality is an empirical dataset-integrity check
720575940632565059,720575940621193051,LA_R,5,5,0,Same Princeton detector only; equality is an empirical dataset-integrity check
720575940632574946,720575940618109460,GNG,1,1,0,Same Princeton detector only; equality is an empirical dataset-integrity check
720575940632581945,720575940613706818,LA_R,1,1,0,Same Princeton detector only; equality is an empirical dataset-integrity check
720575940632581945,720575940615600690,LA_R,2,2,0,Same Princeton detector only; equality is an empirical dataset-integrity check
720575940632581945,720575940616222879,LA_R,46,46,0,Same Princeton detector only; equality is an empirical dataset-integrity check
720575940632581945,720575940618437922,LA_R,1,1,0,Same Princeton detector only; equality is an empirical dataset-integrity check
720575940632581945,720575940618737748,LA_R,40,40,0,Same Princeton detector only; equality is an empirical dataset-integrity check
720575940632581945,720575940621555137,LA_R,2,2,0,Same Princeton detector only; equality is an empirical dataset-integrity check
720575940632581945,720575940621905729,LA_R,2,2,0,Same Princeton detector only; equality is an empirical dataset-integrity check
720575940632581945,720575940623010309,LA_R,1,1,0,Same Princeton detector only; equality is an empirical dataset-integrity check
720575940632581945,720575940624434922,LA_R,1,1,0,Same Princeton detector only; equality is an empirical dataset-integrity check
720575940632581945,720575940625266761,LA_R,2,2,0,Same Princeton detector only; equality is an empirical dataset-integrity check
720575940632581945,720575940625365996,LA_R,18,18,0,Same Princeton detector only; equality is an empirical dataset-integrity check
720575940632581945,720575940626023608,LA_R,27,27,0,Same Princeton detector only; equality is an empirical dataset-integrity check
720575940632581945,720575940627264002,LA_R,1,1,0,Same Princeton detector only; equality is an empirical dataset-integrity check
720575940632581945,720575940627921937,LA_R,1,1,0,Same Princeton detector only; equality is an empirical dataset-integrity check
720575940632581945,720575940632581945,LA_R,20,0,20,Same Princeton detector only; equality is an empirical dataset-integrity check
720575940632581945,720575940639473280,LA_R,2,2,0,Same Princeton detector only; equality is an empirical dataset-integrity check
720575940632589880,720575940633176351,LA_R,2,2,0,Same Princeton detector only; equality is an empirical dataset-integrity check
720575940632609420,720575940622918012,LA_R,1,1,0,Same Princeton detector only; equality is an empirical dataset-integrity check
720575940632634252,720575940622918012,LA_R,1,1,0,Same Princeton detector only; equality is an empirical dataset-integrity check
720575940632674444,720575940624881093,LA_L,1,1,0,Same Princeton detector only; equality is an empirical dataset-integrity check
720575940632674444,720575940627146268,LA_L,4,4,0,Same Princeton detector only; equality is an empirical dataset-integrity check
720575940632674444,720575940632674444,LA_L,7,0,7,Same Princeton detector only; equality is an empirical dataset-integrity check
720575940632676833,720575940617816661,GNG,1,1,0,Same Princeton detector only; equality is an empirical dataset-integrity check
720575940632676833,720575940619381108,GNG,1,1,0,Same Princeton detector only; equality is an empirical dataset-integrity check
720575940632676833,720575940627149415,GNG,1,1,0,Same Princeton detector only; equality is an empirical dataset-integrity check
720575940632687672,720575940618248221,LA_L,9,9,0,Same Princeton detector only; equality is an empirical dataset-integrity check
720575940632687672,720575940621573211,LA_L,1,1,0,Same Princeton detector only; equality is an empirical dataset-integrity check
720575940632687672,720575940625808627,LA_L,31,31,0,Same Princeton detector only; equality is an empirical dataset-integrity check
720575940632687672,720575940626927290,LA_L,26,26,0,Same Princeton detector only; equality is an empirical dataset-integrity check
720575940632687672,720575940632687672,LA_L,5,0,5,Same Princeton detector only; equality is an empirical dataset-integrity check
720575940632691999,720575940606578790,LA_L,1,1,0,Same Princeton detector only; equality is an empirical dataset-integrity check
720575940632702035,720575940618115289,LA_R,1,1,0,Same Princeton detector only; equality is an empirical dataset-integrity check
720575940632702035,720575940622545023,LA_R,1,1,0,Same Princeton detector only; equality is an empirical dataset-integrity check
720575940632702035,720575940636401400,LA_R,1,1,0,Same Princeton detector only; equality is an empirical dataset-integrity check
720575940632704303,720575940632704303,LA_L,13,0,13,Same Princeton detector only; equality is an empirical dataset-integrity check
720575940632719683,720575940628387656,LA_L,1,1,0,Same Princeton detector only; equality is an empirical dataset-integrity check
720575940632786792,720575940618150105,LA_R,1,1,0,Same Princeton detector only; equality is an empirical dataset-integrity check
720575940632839727,720575940617499765,ME_L,1,1,0,Same Princeton detector only; equality is an empirical dataset-integrity check
720575940632884792,720575940632884792,LA_L,1,0,1,Same Princeton detector only; equality is an empirical dataset-integrity check
720575940632888135,720575940633188492,LA_R,1,1,0,Same Princeton detector only; equality is an empirical dataset-integrity check
720575940632975052,720575940620797643,LA_L,2,2,0,Same Princeton detector only; equality is an empirical dataset-integrity check
720575940633040097,720575940616042508,AMMC_L,1,1,0,Same Princeton detector only; equality is an empirical dataset-integrity check
720575940633040943,720575940622703640,LA_R,1,1,0,Same Princeton detector only; equality is an empirical dataset-integrity check
720575940633100871,720575940608224178,LA_L,1,1,0,Same Princeton detector only; equality is an empirical dataset-integrity check
720575940633166929,720575940619984798,LA_L,1,1,0,Same Princeton detector only; equality is an empirical dataset-integrity check
720575940633176351,720575940605240544,LA_R,5,5,0,Same Princeton detector only; equality is an empirical dataset-integrity check
720575940633176351,720575940617044018,LA_R,50,50,0,Same Princeton detector only; equality is an empirical dataset-integrity check
720575940633176351,720575940625601468,LA_R,5,5,0,Same Princeton detector only; equality is an empirical dataset-integrity check
720575940633176351,720575940632495585,LA_R,13,13,0,Same Princeton detector only; equality is an empirical dataset-integrity check
720575940633176351,720575940632589880,LA_R,1,1,0,Same Princeton detector only; equality is an empirical dataset-integrity check
720575940633176351,720575940633176351,LA_R,18,0,18,Same Princeton detector only; equality is an empirical dataset-integrity check
720575940633176351,720575940652575222,LA_R,47,47,0,Same Princeton detector only; equality is an empirical dataset-integrity check
720575940633188492,720575940612970262,LA_R,52,52,0,Same Princeton detector only; equality is an empirical dataset-integrity check
720575940633188492,720575940616572063,LA_R,6,6,0,Same Princeton detector only; equality is an empirical dataset-integrity check
720575940633188492,720575940618489318,LA_R,1,1,0,Same Princeton detector only; equality is an empirical dataset-integrity check
720575940633188492,720575940622788702,LA_R,36,36,0,Same Princeton detector only; equality is an empirical dataset-integrity check
720575940633188492,720575940624763796,LA_R,2,2,0,Same Princeton detector only; equality is an empirical dataset-integrity check
720575940633188492,720575940627935058,LA_R,15,15,0,Same Princeton detector only; equality is an empirical dataset-integrity check
720575940633188492,720575940633188492,LA_R,24,0,24,Same Princeton detector only; equality is an empirical dataset-integrity check
720575940633188492,720575940640122421,LA_R,1,1,0,Same Princeton detector only; equality is an empirical dataset-integrity check
720575940633188492,720575940641404624,LA_R,1,1,0,Same Princeton detector only; equality is an empirical dataset-integrity check
720575940633192991,720575940618743709,LA_R,1,1,0,Same Princeton detector only; equality is an empirical dataset-integrity check
720575940633220516,720575940633220516,LA_L,19,0,19,Same Princeton detector only; equality is an empirical dataset-integrity check
720575940633224237,720575940606503870,LA_R,1,1,0,Same Princeton detector only; equality is an empirical dataset-integrity check
720575940633224237,720575940611550840,LA_R,1,1,0,Same Princeton detector only; equality is an empirical dataset-integrity check
720575940633224237,720575940618115289,LA_R,1,1,0,Same Princeton detector only; equality is an empirical dataset-integrity check
720575940633224237,720575940621462511,LA_R,1,1,0,Same Princeton detector only; equality is an empirical dataset-integrity check
720575940633224237,720575940622939998,LA_R,3,3,0,Same Princeton detector only; equality is an empirical dataset-integrity check
720575940633224237,720575940631845839,LA_R,1,1,0,Same Princeton detector only; equality is an empirical dataset-integrity check
720575940633256017,720575940612326606,LA_L,4,4,0,Same Princeton detector only; equality is an empirical dataset-integrity check
720575940633284435,720575940633773523,LA_R,1,1,0,Same Princeton detector only; equality is an empirical dataset-integrity check
720575940633296804,720575940618115289,LA_R,1,1,0,Same Princeton detector only; equality is an empirical dataset-integrity check
720575940633345567,720575940623770637,LA_R,1,1,0,Same Princeton detector only; equality is an empirical dataset-integrity check
720575940633416275,720575940629808911,SPS_R,1,1,0,Same Princeton detector only; equality is an empirical dataset-integrity check
720575940633422623,720575940615556498,LA_L,1,1,0,Same Princeton detector only; equality is an empirical dataset-integrity check
720575940633457709,720575940633457709,LA_L,19,0,19,Same Princeton detector only; equality is an empirical dataset-integrity check
720575940633512908,720575940633512908,LA_L,18,0,18,Same Princeton detector only; equality is an empirical dataset-integrity check
720575940633512908,720575940642539995,LA_L,1,1,0,Same Princeton detector only; equality is an empirical dataset-integrity check
720575940633517260,720575940633517260,LA_L,8,0,8,Same Princeton detector only; equality is an empirical dataset-integrity check
720575940633533900,720575940630581754,,1,0,1,Same Princeton detector only; equality is an empirical dataset-integrity check
720575940633533900,720575940630581754,UNASGD,0,1,-1,Same Princeton detector only; equality is an empirical dataset-integrity check
720575940633561887,720575940624495630,LA_R,8,8,0,Same Princeton detector only; equality is an empirical dataset-integrity check
720575940633561887,720575940626380365,LA_R,44,44,0,Same Princeton detector only; equality is an empirical dataset-integrity check
720575940633561887,720575940628710933,LA_R,19,19,0,Same Princeton detector only; equality is an empirical dataset-integrity check
720575940633561887,720575940633561887,LA_R,17,0,17,Same Princeton detector only; equality is an empirical dataset-integrity check
720575940633561887,720575940636561838,LA_R,37,37,0,Same Princeton detector only; equality is an empirical dataset-integrity check
720575940633568031,720575940620722000,LA_R,1,1,0,Same Princeton detector only; equality is an empirical dataset-integrity check
720575940633592996,720575940633592996,LA_L,9,0,9,Same Princeton detector only; equality is an empirical dataset-integrity check
720575940633646637,720575940623239133,LA_R,1,1,0,Same Princeton detector only; equality is an empirical dataset-integrity check
720575940633668179,720575940613474474,LA_R,2,2,0,Same Princeton detector only; equality is an empirical dataset-integrity check
720575940633705560,720575940615659521,GNG,1,1,0,Same Princeton detector only; equality is an empirical dataset-integrity check
720575940633705560,720575940619904380,GNG,1,1,0,Same Princeton detector only; equality is an empirical dataset-integrity check
720575940633705560,720575940626580794,GNG,1,1,0,Same Princeton detector only; equality is an empirical dataset-integrity check
720575940633705560,720575940633705560,GNG,2,0,2,Same Princeton detector only; equality is an empirical dataset-integrity check
720575940633705560,720575940661335681,GNG,1,1,0,Same Princeton detector only; equality is an empirical dataset-integrity check
720575940633773523,720575940617689995,LA_R,1,1,0,Same Princeton detector only; equality is an empirical dataset-integrity check
720575940633773523,720575940621013185,LA_R,39,39,0,Same Princeton detector only; equality is an empirical dataset-integrity check
720575940633773523,720575940623661261,LA_R,1,1,0,Same Princeton detector only; equality is an empirical dataset-integrity check
720575940633773523,720575940624179917,LA_R,32,32,0,Same Princeton detector only; equality is an empirical dataset-integrity check
720575940633773523,720575940624274824,LA_R,1,1,0,Same Princeton detector only; equality is an empirical dataset-integrity check
720575940633773523,720575940628424335,LA_R,4,4,0,Same Princeton detector only; equality is an empirical dataset-integrity check
720575940633773523,720575940633773523,LA_R,10,0,10,Same Princeton detector only; equality is an empirical dataset-integrity check
720575940633773523,720575940634332697,LA_R,38,38,0,Same Princeton detector only; equality is an empirical dataset-integrity check
720575940633785645,720575940620665680,LA_L,1,1,0,Same Princeton detector only; equality is an empirical dataset-integrity check
720575940633785645,720575940628728040,LA_L,2,2,0,Same Princeton detector only; equality is an empirical dataset-integrity check
720575940633816986,720575940606224318,GNG,17,17,0,Same Princeton detector only; equality is an empirical dataset-integrity check
720575940633816986,720575940610231509,GNG,1,1,0,Same Princeton detector only; equality is an empirical dataset-integrity check
720575940633816986,720575940611802595,GNG,1,1,0,Same Princeton detector only; equality is an empirical dataset-integrity check
720575940633816986,720575940615023535,GNG,1,1,0,Same Princeton detector only; equality is an empirical dataset-integrity check
720575940633816986,720575940618086535,GNG,1,1,0,Same Princeton detector only; equality is an empirical dataset-integrity check
720575940633816986,720575940618238523,GNG,1,1,0,Same Princeton detector only; equality is an empirical dataset-integrity check
720575940633816986,720575940619024542,GNG,1,1,0,Same Princeton detector only; equality is an empirical dataset-integrity check
720575940633816986,720575940620082598,,1,0,1,Same Princeton detector only; equality is an empirical dataset-integrity check
720575940633816986,720575940620082598,UNASGD,0,1,-1,Same Princeton detector only; equality is an empirical dataset-integrity check
720575940633816986,720575940622944196,GNG,2,2,0,Same Princeton detector only; equality is an empirical dataset-integrity check
720575940633816986,720575940623854276,GNG,2,2,0,Same Princeton detector only; equality is an empirical dataset-integrity check
720575940633816986,720575940625653029,GNG,1,1,0,Same Princeton detector only; equality is an empirical dataset-integrity check
720575940633816986,720575940626413370,GNG,1,1,0,Same Princeton detector only; equality is an empirical dataset-integrity check
720575940633816986,720575940626888250,GNG,1,1,0,Same Princeton detector only; equality is an empirical dataset-integrity check
720575940633816986,720575940627286088,GNG,7,7,0,Same Princeton detector only; equality is an empirical dataset-integrity check
720575940633816986,720575940628306114,GNG,2,2,0,Same Princeton detector only; equality is an empirical dataset-integrity check
720575940633816986,720575940628372613,GNG,1,1,0,Same Princeton detector only; equality is an empirical dataset-integrity check
720575940633816986,720575940628441862,GNG,1,1,0,Same Princeton detector only; equality is an empirical dataset-integrity check
720575940633816986,720575940630514959,GNG,1,1,0,Same Princeton detector only; equality is an empirical dataset-integrity check
720575940633816986,720575940630788882,GNG,2,2,0,Same Princeton detector only; equality is an empirical dataset-integrity check
720575940633816986,720575940633816986,,2,0,2,Same Princeton detector only; equality is an empirical dataset-integrity check
720575940633816986,720575940633816986,GNG,13,0,13,Same Princeton detector only; equality is an empirical dataset-integrity check
720575940633816986,720575940634290913,GNG,2,2,0,Same Princeton detector only; equality is an empirical dataset-integrity check
720575940633816986,720575940636053678,GNG,1,1,0,Same Princeton detector only; equality is an empirical dataset-integrity check
720575940633816986,720575940636333710,GNG,1,1,0,Same Princeton detector only; equality is an empirical dataset-integrity check
720575940633816986,720575940639314229,GNG,1,1,0,Same Princeton detector only; equality is an empirical dataset-integrity check
720575940633816986,720575940647755641,GNG,1,1,0,Same Princeton detector only; equality is an empirical dataset-integrity check
720575940633816986,720575940661335681,GNG,15,15,0,Same Princeton detector only; equality is an empirical dataset-integrity check
720575940633817569,720575940624956139,LA_R,2,2,0,Same Princeton detector only; equality is an empirical dataset-integrity check
720575940633848531,720575940620666315,LA_R,1,1,0,Same Princeton detector only; equality is an empirical dataset-integrity check
720575940633870818,720575940623400216,LA_L,2,2,0,Same Princeton detector only; equality is an empirical dataset-integrity check
720575940633957271,720575940623151565,AMMC_R,1,1,0,Same Princeton detector only; equality is an empirical dataset-integrity check
720575940634019027,720575940631388887,LA_R,2,2,0,Same Princeton detector only; equality is an empirical dataset-integrity check
720575940634087287,720575940618109460,GNG,1,1,0,Same Princeton detector only; equality is an empirical dataset-integrity check
720575940634203603,720575940625511572,LA_R,1,1,0,Same Princeton detector only; equality is an empirical dataset-integrity check
720575940634246626,720575940634246626,,1,0,1,Same Princeton detector only; equality is an empirical dataset-integrity check
720575940634583694,720575940633816986,GNG,1,1,0,Same Princeton detector only; equality is an empirical dataset-integrity check
720575940634623388,720575940628648936,LA_R,1,1,0,Same Princeton detector only; equality is an empirical dataset-integrity check
720575940634623388,720575940630423418,LA_R,2,2,0,Same Princeton detector only; equality is an empirical dataset-integrity check
720575940634655513,720575940639201508,LA_R,2,2,0,Same Princeton detector only; equality is an empirical dataset-integrity check
720575940634717153,720575940615951839,LA_R,3,3,0,Same Princeton detector only; equality is an empirical dataset-integrity check
720575940634837343,720575940625929765,SAD,1,1,0,Same Princeton detector only; equality is an empirical dataset-integrity check
720575940634857884,720575940634857884,LA_L,17,0,17,Same Princeton detector only; equality is an empirical dataset-integrity check
720575940634947484,720575940634947484,,2,0,2,Same Princeton detector only; equality is an empirical dataset-integrity check
720575940634947484,720575940634947484,LA_L,28,0,28,Same Princeton detector only; equality is an empirical dataset-integrity check
720575940634947484,720575940637994352,,1,0,1,Same Princeton detector only; equality is an empirical dataset-integrity check
720575940634947484,720575940637994352,UNASGD,0,1,-1,Same Princeton detector only; equality is an empirical dataset-integrity check
720575940635013020,720575940605411244,LA_R,1,1,0,Same Princeton detector only; equality is an empirical dataset-integrity check
720575940635013020,720575940608985867,LA_R,1,1,0,Same Princeton detector only; equality is an empirical dataset-integrity check
720575940635013020,720575940609239051,LA_R,1,1,0,Same Princeton detector only; equality is an empirical dataset-integrity check
720575940635013020,720575940627203843,LA_R,45,45,0,Same Princeton detector only; equality is an empirical dataset-integrity check
720575940635013020,720575940627692626,LA_R,1,1,0,Same Princeton detector only; equality is an empirical dataset-integrity check
720575940635013020,720575940631250939,LA_R,3,3,0,Same Princeton detector only; equality is an empirical dataset-integrity check
720575940635013020,720575940631419991,LA_R,2,2,0,Same Princeton detector only; equality is an empirical dataset-integrity check
720575940635013020,720575940632505898,LA_R,59,59,0,Same Princeton detector only; equality is an empirical dataset-integrity check
720575940635013020,720575940635013020,LA_R,21,0,21,Same Princeton detector only; equality is an empirical dataset-integrity check
720575940635013020,720575940637114743,LA_R,23,23,0,Same Princeton detector only; equality is an empirical dataset-integrity check
720575940635029273,720575940623940963,ME_R,1,0,1,Same Princeton detector only; equality is an empirical dataset-integrity check
720575940635048811,720575940622799137,LA_R,1,1,0,Same Princeton detector only; equality is an empirical dataset-integrity check
720575940635096672,720575940618712221,LA_R,1,1,0,Same Princeton detector only; equality is an empirical dataset-integrity check
720575940635143068,720575940609016668,LA_R,1,1,0,Same Princeton detector only; equality is an empirical dataset-integrity check
720575940635168407,720575940604213937,LA_R,2,2,0,Same Princeton detector only; equality is an empirical dataset-integrity check
720575940635168407,720575940607738754,LA_R,1,1,0,Same Princeton detector only; equality is an empirical dataset-integrity check
720575940635168407,720575940607781554,LA_R,1,1,0,Same Princeton detector only; equality is an empirical dataset-integrity check
720575940635168407,720575940613867235,LA_R,1,1,0,Same Princeton detector only; equality is an empirical dataset-integrity check
720575940635168407,720575940613877151,LA_R,34,34,0,Same Princeton detector only; equality is an empirical dataset-integrity check
720575940635168407,720575940614219518,LA_R,18,18,0,Same Princeton detector only; equality is an empirical dataset-integrity check
720575940635168407,720575940620778516,LA_R,48,48,0,Same Princeton detector only; equality is an empirical dataset-integrity check
720575940635168407,720575940622213289,LA_R,2,2,0,Same Princeton detector only; equality is an empirical dataset-integrity check
720575940635168407,720575940626802480,LA_R,1,1,0,Same Princeton detector only; equality is an empirical dataset-integrity check
720575940635168407,720575940635168407,LA_R,18,0,18,Same Princeton detector only; equality is an empirical dataset-integrity check
720575940635168407,720575940636655215,LA_R,2,2,0,Same Princeton detector only; equality is an empirical dataset-integrity check
720575940635168407,720575940640620349,LA_R,48,48,0,Same Princeton detector only; equality is an empirical dataset-integrity check
720575940635179359,720575940610183154,GNG,1,1,0,Same Princeton detector only; equality is an empirical dataset-integrity check
720575940635283903,720575940628648936,LA_R,1,1,0,Same Princeton detector only; equality is an empirical dataset-integrity check
720575940635439807,720575940620236593,LA_L,2,2,0,Same Princeton detector only; equality is an empirical dataset-integrity check
720575940635455130,720575940630871260,LA_R,1,1,0,Same Princeton detector only; equality is an empirical dataset-integrity check
720575940635455130,720575940631048812,LA_R,2,2,0,Same Princeton detector only; equality is an empirical dataset-integrity check
720575940635470443,720575940607773314,LA_R,2,2,0,Same Princeton detector only; equality is an empirical dataset-integrity check
720575940635516058,720575940635516058,LA_R,1,0,1,Same Princeton detector only; equality is an empirical dataset-integrity check
720575940635553434,720575940608224178,LA_L,1,1,0,Same Princeton detector only; equality is an empirical dataset-integrity check
720575940635609975,720575940608898005,AL_R,1,1,0,Same Princeton detector only; equality is an empirical dataset-integrity check
720575940635609975,720575940614757974,AL_R,2,2,0,Same Princeton detector only; equality is an empirical dataset-integrity check
720575940635609975,720575940617642832,AL_R,1,1,0,Same Princeton detector only; equality is an empirical dataset-integrity check
720575940635609975,720575940620814463,AL_R,1,1,0,Same Princeton detector only; equality is an empirical dataset-integrity check
720575940635609975,720575940623650823,AL_R,1,1,0,Same Princeton detector only; equality is an empirical dataset-integrity check
720575940635609975,720575940624834697,AL_R,4,4,0,Same Princeton detector only; equality is an empirical dataset-integrity check
720575940635609975,720575940625732196,AL_R,2,2,0,Same Princeton detector only; equality is an empirical dataset-integrity check
720575940635609975,720575940625977802,AL_R,1,1,0,Same Princeton detector only; equality is an empirical dataset-integrity check
720575940635609975,720575940629587671,AL_R,1,1,0,Same Princeton detector only; equality is an empirical dataset-integrity check
720575940635609975,720575940630003472,AL_R,1,1,0,Same Princeton detector only; equality is an empirical dataset-integrity check
720575940635677887,720575940606552422,LA_R,21,21,0,Same Princeton detector only; equality is an empirical dataset-integrity check
720575940635677887,720575940613980712,LA_R,43,43,0,Same Princeton detector only; equality is an empirical dataset-integrity check
720575940635677887,720575940614420717,LA_R,1,1,0,Same Princeton detector only; equality is an empirical dataset-integrity check
720575940635677887,720575940619808926,LA_R,1,1,0,Same Princeton detector only; equality is an empirical dataset-integrity check
720575940635677887,720575940626546992,LA_R,10,10,0,Same Princeton detector only; equality is an empirical dataset-integrity check
720575940635677887,720575940630879991,LA_R,1,1,0,Same Princeton detector only; equality is an empirical dataset-integrity check
720575940635677887,720575940635677887,LA_R,13,0,13,Same Princeton detector only; equality is an empirical dataset-integrity check
720575940635677887,720575940636655864,LA_R,1,1,0,Same Princeton detector only; equality is an empirical dataset-integrity check
720575940635697380,720575940638909429,GNG,1,1,0,Same Princeton detector only; equality is an empirical dataset-integrity check
720575940635776760,720575940610183154,GNG,1,1,0,Same Princeton detector only; equality is an empirical dataset-integrity check
720575940635776760,720575940617816661,GNG,2,2,0,Same Princeton detector only; equality is an empirical dataset-integrity check
720575940635831647,720575940616346822,LA_R,2,2,0,Same Princeton detector only; equality is an empirical dataset-integrity check
720575940635886682,720575940623758669,GNG,1,1,0,Same Princeton detector only; equality is an empirical dataset-integrity check
720575940636021855,720575940636021855,,1,0,1,Same Princeton detector only; equality is an empirical dataset-integrity check
720575940636021855,720575940636021855,LA_L,16,0,16,Same Princeton detector only; equality is an empirical dataset-integrity check
720575940636044143,720575940621481450,GNG,2,2,0,Same Princeton detector only; equality is an empirical dataset-integrity check
720575940636059060,720575940627873299,LA_R,8,8,0,Same Princeton detector only; equality is an empirical dataset-integrity check
720575940636065588,720575940632083275,LA_R,2,2,0,Same Princeton detector only; equality is an empirical dataset-integrity check
720575940636117359,720575940624141508,LA_R,1,1,0,Same Princeton detector only; equality is an empirical dataset-integrity check
720575940636124084,720575940622939998,LA_R,1,1,0,Same Princeton detector only; equality is an empirical dataset-integrity check
720575940636144820,720575940621944941,LA_R,2,2,0,Same Princeton detector only; equality is an empirical dataset-integrity check
720575940636156596,720575940636156596,LA_L,1,0,1,Same Princeton detector only; equality is an empirical dataset-integrity check
720575940636168116,720575940636168116,LA_L,7,0,7,Same Princeton detector only; equality is an empirical dataset-integrity check
720575940636168116,720575940638713407,LA_L,1,1,0,Same Princeton detector only; equality is an empirical dataset-integrity check
720575940636169464,720575940636169464,LA_L,15,0,15,Same Princeton detector only; equality is an empirical dataset-integrity check
720575940636176888,720575940636176888,LA_L,10,0,10,Same Princeton detector only; equality is an empirical dataset-integrity check
720575940636192363,720575940628938314,LA_L,1,1,0,Same Princeton detector only; equality is an empirical dataset-integrity check
720575940636307960,720575940606761918,LA_R,16,16,0,Same Princeton detector only; equality is an empirical dataset-integrity check
720575940636307960,720575940610278724,LA_R,1,1,0,Same Princeton detector only; equality is an empirical dataset-integrity check
720575940636307960,720575940630869760,LA_R,1,1,0,Same Princeton detector only; equality is an empirical dataset-integrity check
720575940636307960,720575940634203603,LA_R,33,33,0,Same Princeton detector only; equality is an empirical dataset-integrity check
720575940636307960,720575940636307960,LA_R,14,0,14,Same Princeton detector only; equality is an empirical dataset-integrity check
720575940636307960,720575940637570222,LA_R,2,2,0,Same Princeton detector only; equality is an empirical dataset-integrity check
720575940636307960,720575940638926938,LA_R,11,11,0,Same Princeton detector only; equality is an empirical dataset-integrity check
720575940636307960,720575940639236836,LA_R,42,42,0,Same Princeton detector only; equality is an empirical dataset-integrity check
720575940636401400,720575940618278868,LA_R,32,32,0,Same Princeton detector only; equality is an empirical dataset-integrity check
720575940636401400,720575940631086636,LA_R,24,24,0,Same Princeton detector only; equality is an empirical dataset-integrity check
720575940636401400,720575940632189970,LA_R,6,6,0,Same Princeton detector only; equality is an empirical dataset-integrity check
720575940636401400,720575940636401400,LA_R,12,0,12,Same Princeton detector only; equality is an empirical dataset-integrity check
720575940636401400,720575940636615160,LA_R,32,32,0,Same Princeton detector only; equality is an empirical dataset-integrity check
720575940636524280,720575940640193614,LA_L,2,2,0,Same Princeton detector only; equality is an empirical dataset-integrity check
720575940636527727,720575940626585744,LA_R,1,1,0,Same Princeton detector only; equality is an empirical dataset-integrity check
720575940636527727,720575940655596193,LA_R,2,2,0,Same Princeton detector only; equality is an empirical dataset-integrity check
720575940636536439,720575940606578790,LA_L,1,1,0,Same Princeton detector only; equality is an empirical dataset-integrity check
720575940636537663,720575940616042508,AMMC_L,1,1,0,Same Princeton detector only; equality is an empirical dataset-integrity check
720575940636559534,720575940624501747,AMMC_L,1,1,0,Same Princeton detector only; equality is an empirical dataset-integrity check
720575940636615160,720575940621489243,LA_R,2,2,0,Same Princeton detector only; equality is an empirical dataset-integrity check
720575940636615160,720575940632189970,LA_R,4,4,0,Same Princeton detector only; equality is an empirical dataset-integrity check
720575940636615160,720575940636401400,LA_R,1,1,0,Same Princeton detector only; equality is an empirical dataset-integrity check
720575940636633848,720575940629808911,SPS_R,2,2,0,Same Princeton detector only; equality is an empirical dataset-integrity check
720575940636648334,720575940623347414,LA_L,1,1,0,Same Princeton detector only; equality is an empirical dataset-integrity check
720575940636674190,720575940621481450,GNG,1,1,0,Same Princeton detector only; equality is an empirical dataset-integrity check
720575940636690551,720575940630423418,LA_R,1,1,0,Same Princeton detector only; equality is an empirical dataset-integrity check
720575940636798575,720575940616206658,LA_L,1,1,0,Same Princeton detector only; equality is an empirical dataset-integrity check
720575940636805958,720575940612294311,GNG,1,1,0,Same Princeton detector only; equality is an empirical dataset-integrity check
720575940636893303,720575940636893303,LA_L,1,0,1,Same Princeton detector only; equality is an empirical dataset-integrity check
720575940636916599,720575940624139305,LA_R,1,1,0,Same Princeton detector only; equality is an empirical dataset-integrity check
720575940636985934,720575940619381108,GNG,1,1,0,Same Princeton detector only; equality is an empirical dataset-integrity check
720575940637073775,720575940622703640,LA_R,2,2,0,Same Princeton detector only; equality is an empirical dataset-integrity check
720575940637125239,720575940616855820,LA_L,2,2,0,Same Princeton detector only; equality is an empirical dataset-integrity check
720575940637125239,720575940637125239,LA_L,10,0,10,Same Princeton detector only; equality is an empirical dataset-integrity check
720575940637210542,720575940628789064,LA_R,1,1,0,Same Princeton detector only; equality is an empirical dataset-integrity check
720575940637280430,720575940622814302,LA_R,1,1,0,Same Princeton detector only; equality is an empirical dataset-integrity check
720575940637390181,720575940610931576,ME_L,2,2,0,Same Princeton detector only; equality is an empirical dataset-integrity check
720575940637390181,720575940616879302,ME_L,2,2,0,Same Princeton detector only; equality is an empirical dataset-integrity check
720575940637390181,720575940617066290,ME_L,6,6,0,Same Princeton detector only; equality is an empirical dataset-integrity check
720575940637390181,720575940618875190,ME_L,1,1,0,Same Princeton detector only; equality is an empirical dataset-integrity check
720575940637390181,720575940618939205,ME_L,41,41,0,Same Princeton detector only; equality is an empirical dataset-integrity check
720575940637390181,720575940619561014,ME_L,2,2,0,Same Princeton detector only; equality is an empirical dataset-integrity check
720575940637390181,720575940620201931,ME_L,7,7,0,Same Princeton detector only; equality is an empirical dataset-integrity check
720575940637390181,720575940621544175,ME_L,1,1,0,Same Princeton detector only; equality is an empirical dataset-integrity check
720575940637390181,720575940622528801,ME_L,11,11,0,Same Princeton detector only; equality is an empirical dataset-integrity check
720575940637390181,720575940623329160,ME_L,1,1,0,Same Princeton detector only; equality is an empirical dataset-integrity check
720575940637390181,720575940623329416,ME_L,1,1,0,Same Princeton detector only; equality is an empirical dataset-integrity check
720575940637390181,720575940624112787,ME_L,1,1,0,Same Princeton detector only; equality is an empirical dataset-integrity check
720575940637390181,720575940624275785,ME_L,2,2,0,Same Princeton detector only; equality is an empirical dataset-integrity check
720575940637390181,720575940624765626,ME_L,18,18,0,Same Princeton detector only; equality is an empirical dataset-integrity check
720575940637390181,720575940628818182,ME_L,2,2,0,Same Princeton detector only; equality is an empirical dataset-integrity check
720575940637390181,720575940629495803,ME_L,3,3,0,Same Princeton detector only; equality is an empirical dataset-integrity check
720575940637390181,720575940630789058,ME_L,1,1,0,Same Princeton detector only; equality is an empirical dataset-integrity check
720575940637390181,720575940632427112,ME_L,2,2,0,Same Princeton detector only; equality is an empirical dataset-integrity check
720575940637390181,720575940635703988,ME_L,1,1,0,Same Princeton detector only; equality is an empirical dataset-integrity check
720575940637390181,720575940636053087,ME_L,1,1,0,Same Princeton detector only; equality is an empirical dataset-integrity check
720575940637390181,720575940637390181,ME_L,11,0,11,Same Princeton detector only; equality is an empirical dataset-integrity check
720575940637390181,720575940638164190,ME_L,4,4,0,Same Princeton detector only; equality is an empirical dataset-integrity check
720575940637390181,720575940638916515,ME_L,2,2,0,Same Princeton detector only; equality is an empirical dataset-integrity check
720575940637390181,720575940639090921,ME_L,5,5,0,Same Princeton detector only; equality is an empirical dataset-integrity check
720575940637390181,720575940639834995,ME_L,1,1,0,Same Princeton detector only; equality is an empirical dataset-integrity check
720575940637390181,720575940639871651,ME_L,1,1,0,Same Princeton detector only; equality is an empirical dataset-integrity check
720575940637390181,720575940640529616,LA_L,1,1,0,Same Princeton detector only; equality is an empirical dataset-integrity check
720575940637390181,720575940640529616,ME_L,2,2,0,Same Princeton detector only; equality is an empirical dataset-integrity check
720575940637390181,720575940650548726,ME_L,11,11,0,Same Princeton detector only; equality is an empirical dataset-integrity check
720575940637431982,720575940638872553,LA_L,2,2,0,Same Princeton detector only; equality is an empirical dataset-integrity check
720575940637470627,720575940637470627,GNG,1,0,1,Same Princeton detector only; equality is an empirical dataset-integrity check
720575940637470627,720575940639654352,GNG,1,1,0,Same Princeton detector only; equality is an empirical dataset-integrity check
720575940637491934,720575940620665680,LA_L,1,1,0,Same Princeton detector only; equality is an empirical dataset-integrity check
720575940637494373,720575940621482667,LA_L,2,2,0,Same Princeton detector only; equality is an empirical dataset-integrity check
720575940637494702,720575940627138306,LA_R,1,1,0,Same Princeton detector only; equality is an empirical dataset-integrity check
720575940637514414,720575940614557663,LA_R,34,34,0,Same Princeton detector only; equality is an empirical dataset-integrity check
720575940637514414,720575940617027014,LA_R,2,2,0,Same Princeton detector only; equality is an empirical dataset-integrity check
720575940637514414,720575940617734976,LA_R,31,31,0,Same Princeton detector only; equality is an empirical dataset-integrity check
720575940637514414,720575940624446652,LA_R,20,20,0,Same Princeton detector only; equality is an empirical dataset-integrity check
720575940637514414,720575940628430906,LA_R,14,14,0,Same Princeton detector only; equality is an empirical dataset-integrity check
720575940637514414,720575940630183931,LA_R,2,2,0,Same Princeton detector only; equality is an empirical dataset-integrity check
720575940637514414,720575940637073775,LA_R,1,1,0,Same Princeton detector only; equality is an empirical dataset-integrity check
720575940637514414,720575940637514414,LA_R,13,0,13,Same Princeton detector only; equality is an empirical dataset-integrity check
720575940637514414,720575940638829646,LA_R,5,5,0,Same Princeton detector only; equality is an empirical dataset-integrity check
720575940637546341,720575940612137895,GNG,1,1,0,Same Princeton detector only; equality is an empirical dataset-integrity check
720575940637570222,720575940636307960,LA_R,2,2,0,Same Princeton detector only; equality is an empirical dataset-integrity check
720575940637590128,720575940624956139,LA_R,2,2,0,Same Princeton detector only; equality is an empirical dataset-integrity check
720575940637603952,720575940626770532,LA_L,4,4,0,Same Princeton detector only; equality is an empirical dataset-integrity check
720575940637603952,720575940627462914,LA_L,1,1,0,Same Princeton detector only; equality is an empirical dataset-integrity check
720575940637659749,720575940618863553,GNG,1,1,0,Same Princeton detector only; equality is an empirical dataset-integrity check
720575940637677230,720575940618531618,LA_R,1,1,0,Same Princeton detector only; equality is an empirical dataset-integrity check
720575940637698478,720575940618663069,LA_R,3,3,0,Same Princeton detector only; equality is an empirical dataset-integrity check
720575940637782958,720575940630544250,LA_L,1,1,0,Same Princeton detector only; equality is an empirical dataset-integrity check
720575940637782958,720575940637782958,LA_L,7,0,7,Same Princeton detector only; equality is an empirical dataset-integrity check
720575940638004080,720575940638004080,LA_L,8,0,8,Same Princeton detector only; equality is an empirical dataset-integrity check
720575940638011760,720575940620797643,LA_L,2,2,0,Same Princeton detector only; equality is an empirical dataset-integrity check
720575940638078832,720575940630179962,LA_L,1,1,0,Same Princeton detector only; equality is an empirical dataset-integrity check
720575940638078832,720575940638078832,LA_L,13,0,13,Same Princeton detector only; equality is an empirical dataset-integrity check
720575940638128198,720575940610183154,GNG,1,1,0,Same Princeton detector only; equality is an empirical dataset-integrity check
720575940638128496,720575940609221900,LA_L,1,1,0,Same Princeton detector only; equality is an empirical dataset-integrity check
720575940638332494,720575940623325993,SAD,1,1,0,Same Princeton detector only; equality is an empirical dataset-integrity check
720575940638508510,720575940631286636,LA_R,1,1,0,Same Princeton detector only; equality is an empirical dataset-integrity check
720575940638523994,720575940638523994,LA_L,7,0,7,Same Princeton detector only; equality is an empirical dataset-integrity check
720575940638556382,720575940609347779,LA_L,34,34,0,Same Princeton detector only; equality is an empirical dataset-integrity check
720575940638556382,720575940622889989,LA_L,1,1,0,Same Princeton detector only; equality is an empirical dataset-integrity check
720575940638556382,720575940629882667,LA_L,1,1,0,Same Princeton detector only; equality is an empirical dataset-integrity check
720575940638556382,720575940630023294,LA_L,60,60,0,Same Princeton detector only; equality is an empirical dataset-integrity check
720575940638556382,720575940630584531,LA_L,1,1,0,Same Princeton detector only; equality is an empirical dataset-integrity check
720575940638556382,720575940631033285,LA_L,7,7,0,Same Princeton detector only; equality is an empirical dataset-integrity check
720575940638556382,720575940633981395,LA_L,1,1,0,Same Princeton detector only; equality is an empirical dataset-integrity check
720575940638556382,720575940637169008,LA_L,48,48,0,Same Princeton detector only; equality is an empirical dataset-integrity check
720575940638556382,720575940638556382,LA_L,25,0,25,Same Princeton detector only; equality is an empirical dataset-integrity check
720575940638616922,720575940614600755,LA_R,1,1,0,Same Princeton detector only; equality is an empirical dataset-integrity check
720575940638616922,720575940616158530,LA_R,43,43,0,Same Princeton detector only; equality is an empirical dataset-integrity check
720575940638616922,720575940618381012,LA_R,1,1,0,Same Princeton detector only; equality is an empirical dataset-integrity check
720575940638616922,720575940622108225,LA_R,19,19,0,Same Princeton detector only; equality is an empirical dataset-integrity check
720575940638616922,720575940627715764,LA_R,1,1,0,Same Princeton detector only; equality is an empirical dataset-integrity check
720575940638616922,720575940631721721,LA_R,28,28,0,Same Princeton detector only; equality is an empirical dataset-integrity check
720575940638616922,720575940634781852,LA_R,10,10,0,Same Princeton detector only; equality is an empirical dataset-integrity check
720575940638616922,720575940638616922,LA_R,12,0,12,Same Princeton detector only; equality is an empirical dataset-integrity check
720575940638616922,720575940647118883,LA_R,28,28,0,Same Princeton detector only; equality is an empirical dataset-integrity check
720575940638646335,720575940622703640,LA_R,3,3,0,Same Princeton detector only; equality is an empirical dataset-integrity check
720575940638684649,720575940617361494,LA_L,1,1,0,Same Princeton detector only; equality is an empirical dataset-integrity check
720575940638711359,720575940638711359,LA_L,14,0,14,Same Princeton detector only; equality is an empirical dataset-integrity check
720575940638713407,720575940623892579,LA_L,1,1,0,Same Princeton detector only; equality is an empirical dataset-integrity check
720575940638713407,720575940636168116,LA_L,1,1,0,Same Princeton detector only; equality is an empirical dataset-integrity check
720575940638713407,720575940638713407,LA_L,17,0,17,Same Princeton detector only; equality is an empirical dataset-integrity check
720575940638733109,720575940618663069,LA_R,1,1,0,Same Princeton detector only; equality is an empirical dataset-integrity check
720575940638759999,720575940638759999,LA_L,10,0,10,Same Princeton detector only; equality is an empirical dataset-integrity check
720575940638820442,720575940636143211,,1,0,1,Same Princeton detector only; equality is an empirical dataset-integrity check
720575940638820442,720575940636143211,UNASGD,0,1,-1,Same Princeton detector only; equality is an empirical dataset-integrity check
720575940638820442,720575940638820442,LA_L,11,0,11,Same Princeton detector only; equality is an empirical dataset-integrity check
720575940638872553,720575940620698048,LA_L,58,58,0,Same Princeton detector only; equality is an empirical dataset-integrity check
720575940638872553,720575940622536662,LA_L,21,21,0,Same Princeton detector only; equality is an empirical dataset-integrity check
720575940638872553,720575940637431982,LA_L,1,1,0,Same Princeton detector only; equality is an empirical dataset-integrity check
720575940638872553,720575940638872553,LA_L,22,0,22,Same Princeton detector only; equality is an empirical dataset-integrity check
720575940638872553,720575940645643118,LA_L,41,41,0,Same Princeton detector only; equality is an empirical dataset-integrity check
720575940638909429,720575940611367282,GNG,1,1,0,Same Princeton detector only; equality is an empirical dataset-integrity check
720575940638909429,720575940621071017,GNG,1,1,0,Same Princeton detector only; equality is an empirical dataset-integrity check
720575940638920164,720575940622056368,LA_R,1,1,0,Same Princeton detector only; equality is an empirical dataset-integrity check
720575940638921700,720575940625812408,LA_R,1,1,0,Same Princeton detector only; equality is an empirical dataset-integrity check
720575940638921700,720575940628964849,LA_R,11,11,0,Same Princeton detector only; equality is an empirical dataset-integrity check
720575940638921700,720575940632047631,LA_R,2,2,0,Same Princeton detector only; equality is an empirical dataset-integrity check
720575940638921700,720575940637125495,LA_R,44,44,0,Same Princeton detector only; equality is an empirical dataset-integrity check
720575940638921700,720575940638921700,LA_R,11,0,11,Same Princeton detector only; equality is an empirical dataset-integrity check
720575940638921700,720575940642565851,LA_R,12,12,0,Same Princeton detector only; equality is an empirical dataset-integrity check
720575940638921700,720575940648108164,LA_R,6,6,0,Same Princeton detector only; equality is an empirical dataset-integrity check
720575940638926938,720575940636307960,LA_R,1,1,0,Same Princeton detector only; equality is an empirical dataset-integrity check
720575940638936639,720575940622939998,LA_R,3,3,0,Same Princeton detector only; equality is an empirical dataset-integrity check
720575940639041443,720575940623325993,AMMC_R,1,1,0,Same Princeton detector only; equality is an empirical dataset-integrity check
720575940639049193,720575940609688329,LA_L,1,1,0,Same Princeton detector only; equality is an empirical dataset-integrity check
720575940639049193,720575940616834502,LA_L,1,1,0,Same Princeton detector only; equality is an empirical dataset-integrity check
720575940639049193,720575940639049193,LA_L,11,0,11,Same Princeton detector only; equality is an empirical dataset-integrity check
720575940639059782,720575940623400216,LA_L,2,2,0,Same Princeton detector only; equality is an empirical dataset-integrity check
720575940639166197,720575940619539777,GNG,1,1,0,Same Princeton detector only; equality is an empirical dataset-integrity check
720575940639166197,720575940621339713,GNG,1,1,0,Same Princeton detector only; equality is an empirical dataset-integrity check
720575940639166197,720575940626426654,GNG,1,1,0,Same Princeton detector only; equality is an empirical dataset-integrity check
720575940639166197,720575940630759755,GNG,1,1,0,Same Princeton detector only; equality is an empirical dataset-integrity check
720575940639166197,720575940634290913,GNG,8,8,0,Same Princeton detector only; equality is an empirical dataset-integrity check
720575940639166197,720575940639166197,GNG,4,0,4,Same Princeton detector only; equality is an empirical dataset-integrity check
720575940639179236,720575940632382994,LA_R,1,1,0,Same Princeton detector only; equality is an empirical dataset-integrity check
720575940639201508,720575940611921762,LA_R,1,1,0,Same Princeton detector only; equality is an empirical dataset-integrity check
720575940639201508,720575940612654771,LA_R,23,23,0,Same Princeton detector only; equality is an empirical dataset-integrity check
720575940639201508,720575940619297600,LA_R,1,1,0,Same Princeton detector only; equality is an empirical dataset-integrity check
720575940639201508,720575940622895885,LA_R,1,1,0,Same Princeton detector only; equality is an empirical dataset-integrity check
720575940639201508,720575940627746393,LA_R,10,10,0,Same Princeton detector only; equality is an empirical dataset-integrity check
720575940639201508,720575940628442389,LA_R,1,1,0,Same Princeton detector only; equality is an empirical dataset-integrity check
720575940639201508,720575940628975690,LA_R,38,38,0,Same Princeton detector only; equality is an empirical dataset-integrity check
720575940639201508,720575940634655513,LA_R,1,1,0,Same Princeton detector only; equality is an empirical dataset-integrity check
720575940639201508,720575940639201508,LA_R,21,0,21,Same Princeton detector only; equality is an empirical dataset-integrity check
720575940639236836,720575940625511572,LA_R,3,3,0,Same Princeton detector only; equality is an empirical dataset-integrity check
720575940639236836,720575940636307960,LA_R,1,1,0,Same Princeton detector only; equality is an empirical dataset-integrity check
720575940639460467,720575940620647760,LA_R,2,2,0,Same Princeton detector only; equality is an empirical dataset-integrity check
720575940639521902,720575940629292842,GNG,1,1,0,Same Princeton detector only; equality is an empirical dataset-integrity check
720575940639546438,720575940618061661,LA_L,1,1,0,Same Princeton detector only; equality is an empirical dataset-integrity check
720575940639608390,720575940632581945,LA_R,1,1,0,Same Princeton detector only; equality is an empirical dataset-integrity check
720575940639655238,720575940625711548,LA_L,1,1,0,Same Princeton detector only; equality is an empirical dataset-integrity check
720575940639655238,720575940626983370,LA_L,1,1,0,Same Princeton detector only; equality is an empirical dataset-integrity check
720575940639655238,720575940632314955,LA_L,1,1,0,Same Princeton detector only; equality is an empirical dataset-integrity check
720575940639655238,720575940639655238,LA_L,13,0,13,Same Princeton detector only; equality is an empirical dataset-integrity check
720575940639657661,720575940623866248,LA_L,1,1,0,Same Princeton detector only; equality is an empirical dataset-integrity check
720575940639657661,720575940639657661,LA_L,1,0,1,Same Princeton detector only; equality is an empirical dataset-integrity check
720575940639659197,720575940615650666,LA_L,2,2,0,Same Princeton detector only; equality is an empirical dataset-integrity check
720575940639668688,720575940633816986,GNG,1,1,0,Same Princeton detector only; equality is an empirical dataset-integrity check
720575940639729085,720575940621338246,ME_L,1,1,0,Same Princeton detector only; equality is an empirical dataset-integrity check
720575940639783989,720575940614197229,,1,0,1,Same Princeton detector only; equality is an empirical dataset-integrity check
720575940639783989,720575940614197229,UNASGD,0,1,-1,Same Princeton detector only; equality is an empirical dataset-integrity check
720575940639783989,720575940639884622,,2,0,2,Same Princeton detector only; equality is an empirical dataset-integrity check
720575940639783989,720575940639884622,UNASGD,0,2,-2,Same Princeton detector only; equality is an empirical dataset-integrity check
720575940639787061,720575940620487504,LA_L,1,1,0,Same Princeton detector only; equality is an empirical dataset-integrity check
720575940639787061,720575940639787061,LA_L,15,0,15,Same Princeton detector only; equality is an empirical dataset-integrity check
720575940639815989,720575940614218989,,1,0,1,Same Princeton detector only; equality is an empirical dataset-integrity check
720575940639815989,720575940614218989,UNASGD,0,1,-1,Same Princeton detector only; equality is an empirical dataset-integrity check
720575940639884622,720575940639884622,LA_L,15,0,15,Same Princeton detector only; equality is an empirical dataset-integrity check
720575940639886755,720575940607860169,LA_R,2,2,0,Same Princeton detector only; equality is an empirical dataset-integrity check
720575940639975733,720575940620647760,LA_R,1,1,0,Same Princeton detector only; equality is an empirical dataset-integrity check
720575940639981109,720575940621349285,LA_R,2,2,0,Same Princeton detector only; equality is an empirical dataset-integrity check
720575940639983293,720575940631079900,,1,0,1,Same Princeton detector only; equality is an empirical dataset-integrity check
720575940639983293,720575940631079900,UNASGD,0,1,-1,Same Princeton detector only; equality is an empirical dataset-integrity check
720575940639983293,720575940631515643,LA_L,1,1,0,Same Princeton detector only; equality is an empirical dataset-integrity check
720575940640017597,720575940613146866,LA_R,1,1,0,Same Princeton detector only; equality is an empirical dataset-integrity check
720575940640017597,720575940613671594,LA_R,1,1,0,Same Princeton detector only; equality is an empirical dataset-integrity check
720575940640017597,720575940620637776,LA_R,27,27,0,Same Princeton detector only; equality is an empirical dataset-integrity check
720575940640017597,720575940620753744,LA_R,2,2,0,Same Princeton detector only; equality is an empirical dataset-integrity check
720575940640017597,720575940622638106,LA_R,44,44,0,Same Princeton detector only; equality is an empirical dataset-integrity check
720575940640017597,720575940630250139,LA_R,13,13,0,Same Princeton detector only; equality is an empirical dataset-integrity check
720575940640017597,720575940640017597,LA_R,29,0,29,Same Princeton detector only; equality is an empirical dataset-integrity check
720575940640017597,720575940644555168,LA_R,56,56,0,Same Princeton detector only; equality is an empirical dataset-integrity check
720575940640048974,720575940614567855,LA_L,1,1,0,Same Princeton detector only; equality is an empirical dataset-integrity check
720575940640122421,720575940621103269,LA_R,1,1,0,Same Princeton detector only; equality is an empirical dataset-integrity check
720575940640122421,720575940621489243,LA_R,1,1,0,Same Princeton detector only; equality is an empirical dataset-integrity check
720575940640122421,720575940630485626,LA_R,1,1,0,Same Princeton detector only; equality is an empirical dataset-integrity check
720575940640141965,720575940632460951,GNG,1,1,0,Same Princeton detector only; equality is an empirical dataset-integrity check
720575940640142141,720575940645264260,GNG,1,1,0,Same Princeton detector only; equality is an empirical dataset-integrity check
720575940640142901,720575940623400216,LA_L,1,1,0,Same Princeton detector only; equality is an empirical dataset-integrity check
720575940640193614,720575940640193614,LA_L,15,0,15,Same Princeton detector only; equality is an empirical dataset-integrity check
720575940640194392,720575940627138306,LA_R,2,2,0,Same Princeton detector only; equality is an empirical dataset-integrity check
720575940640196413,720575940613466134,LA_L,1,1,0,Same Princeton detector only; equality is an empirical dataset-integrity check
720575940640196413,720575940632436803,LA_L,1,1,0,Same Princeton detector only; equality is an empirical dataset-integrity check
720575940640196413,720575940640196413,LA_L,23,0,23,Same Princeton detector only; equality is an empirical dataset-integrity check
720575940640197949,720575940622001268,LA_L,1,1,0,Same Princeton detector only; equality is an empirical dataset-integrity check
720575940640197949,720575940629411883,LA_L,1,1,0,Same Princeton detector only; equality is an empirical dataset-integrity check
720575940640197949,720575940640197949,LA_L,1,0,1,Same Princeton detector only; equality is an empirical dataset-integrity check
720575940640255139,720575940630871260,LA_R,1,1,0,Same Princeton detector only; equality is an empirical dataset-integrity check
720575940640287310,720575940640287310,LA_L,10,0,10,Same Princeton detector only; equality is an empirical dataset-integrity check
720575940640297075,720575940620909989,,1,0,1,Same Princeton detector only; equality is an empirical dataset-integrity check
720575940640297075,720575940620909989,UNASGD,0,1,-1,Same Princeton detector only; equality is an empirical dataset-integrity check
720575940640305998,720575940627941202,LA_L,1,1,0,Same Princeton detector only; equality is an empirical dataset-integrity check
720575940640372277,720575940640372277,,5,0,5,Same Princeton detector only; equality is an empirical dataset-integrity check
720575940640383054,720575940631048812,LA_R,1,1,0,Same Princeton detector only; equality is an empirical dataset-integrity check
720575940640410702,720575940655596193,LA_R,3,3,0,Same Princeton detector only; equality is an empirical dataset-integrity check
720575940640507533,720575940645991278,LA_R,1,1,0,Same Princeton detector only; equality is an empirical dataset-integrity check
720575940640512419,720575940622270273,LA_R,1,1,0,Same Princeton detector only; equality is an empirical dataset-integrity check
720575940640525144,720575940640525144,LA_L,20,0,20,Same Princeton detector only; equality is an empirical dataset-integrity check
720575940640620349,720575940635168407,LA_R,2,2,0,Same Princeton detector only; equality is an empirical dataset-integrity check
720575940640719861,720575940620320193,,1,0,1,Same Princeton detector only; equality is an empirical dataset-integrity check
720575940640719861,720575940620320193,UNASGD,0,1,-1,Same Princeton detector only; equality is an empirical dataset-integrity check
720575940640731555,720575940646392942,LA_L,1,1,0,Same Princeton detector only; equality is an empirical dataset-integrity check
720575940640802904,720575940612839793,LA_R,1,1,0,Same Princeton detector only; equality is an empirical dataset-integrity check
720575940640893312,720575940631505260,LA_L,2,2,0,Same Princeton detector only; equality is an empirical dataset-integrity check
720575940641249232,720575940641249232,LA_L,14,0,14,Same Princeton detector only; equality is an empirical dataset-integrity check
720575940641395163,720575940616042508,AMMC_L,4,4,0,Same Princeton detector only; equality is an empirical dataset-integrity check
720575940641571024,720575940631230167,LA_L,1,1,0,Same Princeton detector only; equality is an empirical dataset-integrity check
720575940641599184,720575940640287310,LA_L,1,1,0,Same Princeton detector only; equality is an empirical dataset-integrity check
720575940641599184,720575940641599184,LA_L,14,0,14,Same Princeton detector only; equality is an empirical dataset-integrity check
720575940641656283,720575940620320193,SAD,1,1,0,Same Princeton detector only; equality is an empirical dataset-integrity check
720575940641793440,720575940612755050,GNG,1,1,0,Same Princeton detector only; equality is an empirical dataset-integrity check
720575940641793440,720575940618768806,GNG,1,1,0,Same Princeton detector only; equality is an empirical dataset-integrity check
720575940641811419,720575940619381108,GNG,1,1,0,Same Princeton detector only; equality is an empirical dataset-integrity check
720575940641833869,720575940621481450,GNG,3,3,0,Same Princeton detector only; equality is an empirical dataset-integrity check
720575940642163957,720575940618743709,LA_R,2,2,0,Same Princeton detector only; equality is an empirical dataset-integrity check
720575940642191323,720575940631750095,LA_R,1,1,0,Same Princeton detector only; equality is an empirical dataset-integrity check
720575940642334965,720575940646459502,LA_R,1,1,0,Same Princeton detector only; equality is an empirical dataset-integrity check
720575940642446069,720575940627618905,LA_L,1,1,0,Same Princeton detector only; equality is an empirical dataset-integrity check
720575940642527451,720575940630942428,LA_L,1,1,0,Same Princeton detector only; equality is an empirical dataset-integrity check
720575940642527451,720575940642527451,LA_L,21,0,21,Same Princeton detector only; equality is an empirical dataset-integrity check
720575940642532827,720575940642532827,LA_L,20,0,20,Same Princeton detector only; equality is an empirical dataset-integrity check
720575940642539995,720575940642539995,LA_L,16,0,16,Same Princeton detector only; equality is an empirical dataset-integrity check
720575940642650331,720575940623940963,ME_R,39,0,39,Same Princeton detector only; equality is an empirical dataset-integrity check
720575940642666440,720575940629808911,MB_CA_R,1,1,0,Same Princeton detector only; equality is an empirical dataset-integrity check
720575940643023501,720575940618531618,LA_R,1,1,0,Same Princeton detector only; equality is an empirical dataset-integrity check
720575940643023501,720575940621349285,LA_R,1,1,0,Same Princeton detector only; equality is an empirical dataset-integrity check
720575940643023501,720575940621944941,LA_R,1,1,0,Same Princeton detector only; equality is an empirical dataset-integrity check
720575940643023501,720575940624870217,LA_R,1,1,0,Same Princeton detector only; equality is an empirical dataset-integrity check
720575940643023501,720575940643034765,LA_R,1,1,0,Same Princeton detector only; equality is an empirical dataset-integrity check
720575940643034765,720575940606489702,LA_R,10,10,0,Same Princeton detector only; equality is an empirical dataset-integrity check
720575940643034765,720575940610222805,LA_R,6,6,0,Same Princeton detector only; equality is an empirical dataset-integrity check
720575940643034765,720575940612375002,LA_R,2,2,0,Same Princeton detector only; equality is an empirical dataset-integrity check
720575940643034765,720575940620223326,LA_R,38,38,0,Same Princeton detector only; equality is an empirical dataset-integrity check
720575940643034765,720575940627264002,LA_R,1,1,0,Same Princeton detector only; equality is an empirical dataset-integrity check
720575940643034765,720575940627785853,LA_R,1,1,0,Same Princeton detector only; equality is an empirical dataset-integrity check
720575940643034765,720575940629491715,LA_R,1,1,0,Same Princeton detector only; equality is an empirical dataset-integrity check
720575940643034765,720575940631721721,LA_R,2,2,0,Same Princeton detector only; equality is an empirical dataset-integrity check
720575940643034765,720575940634536858,LA_R,1,1,0,Same Princeton detector only; equality is an empirical dataset-integrity check
720575940643034765,720575940636117359,LA_R,26,26,0,Same Princeton detector only; equality is an empirical dataset-integrity check
720575940643034765,720575940643034765,,1,0,1,Same Princeton detector only; equality is an empirical dataset-integrity check
720575940643034765,720575940643034765,LA_R,6,0,6,Same Princeton detector only; equality is an empirical dataset-integrity check
720575940643079309,720575940617513589,LA_L,2,2,0,Same Princeton detector only; equality is an empirical dataset-integrity check
720575940643079309,720575940643079309,,2,0,2,Same Princeton detector only; equality is an empirical dataset-integrity check
720575940643079309,720575940643079309,LA_L,21,0,21,Same Princeton detector only; equality is an empirical dataset-integrity check
720575940643314061,720575940628442389,LA_R,3,3,0,Same Princeton detector only; equality is an empirical dataset-integrity check
720575940643642932,720575940618712221,LA_R,1,1,0,Same Princeton detector only; equality is an empirical dataset-integrity check
720575940643863092,720575940616346822,LA_R,1,1,0,Same Princeton detector only; equality is an empirical dataset-integrity check
720575940644199840,720575940631301883,LA_R,1,1,0,Same Princeton detector only; equality is an empirical dataset-integrity check
720575940644260768,720575940626770532,,1,0,1,Same Princeton detector only; equality is an empirical dataset-integrity check
720575940644260768,720575940626770532,UNASGD,0,1,-1,Same Princeton detector only; equality is an empirical dataset-integrity check
720575940644276128,720575940605376224,LA_R,41,41,0,Same Princeton detector only; equality is an empirical dataset-integrity check
720575940644276128,720575940606554558,LA_R,3,3,0,Same Princeton detector only; equality is an empirical dataset-integrity check
720575940644276128,720575940613410802,LA_R,1,1,0,Same Princeton detector only; equality is an empirical dataset-integrity check
720575940644276128,720575940618381012,LA_R,1,1,0,Same Princeton detector only; equality is an empirical dataset-integrity check
720575940644276128,720575940621193051,LA_R,1,1,0,Same Princeton detector only; equality is an empirical dataset-integrity check
720575940644276128,720575940622074790,LA_R,59,59,0,Same Princeton detector only; equality is an empirical dataset-integrity check
720575940644276128,720575940622732272,LA_R,17,17,0,Same Princeton detector only; equality is an empirical dataset-integrity check
720575940644276128,720575940623721741,LA_R,2,2,0,Same Princeton detector only; equality is an empirical dataset-integrity check
720575940644276128,720575940624297608,LA_R,1,1,0,Same Princeton detector only; equality is an empirical dataset-integrity check
720575940644276128,720575940628058505,LA_R,1,1,0,Same Princeton detector only; equality is an empirical dataset-integrity check
720575940644276128,720575940640410702,LA_R,21,21,0,Same Princeton detector only; equality is an empirical dataset-integrity check
720575940644276128,720575940644276128,LA_R,16,0,16,Same Princeton detector only; equality is an empirical dataset-integrity check
720575940644303639,720575940625721118,IPS_L,1,1,0,Same Princeton detector only; equality is an empirical dataset-integrity check
720575940644303639,720575940625721118,SPS_L,1,1,0,Same Princeton detector only; equality is an empirical dataset-integrity check
720575940644444104,720575940635168407,LA_R,1,1,0,Same Princeton detector only; equality is an empirical dataset-integrity check
720575940644555168,720575940620753744,LA_R,1,1,0,Same Princeton detector only; equality is an empirical dataset-integrity check
720575940644555168,720575940645941027,LA_R,1,1,0,Same Princeton detector only; equality is an empirical dataset-integrity check
720575940644695860,720575940629070155,GNG,1,1,0,Same Princeton detector only; equality is an empirical dataset-integrity check
720575940644899784,720575940627138306,LA_R,2,2,0,Same Princeton detector only; equality is an empirical dataset-integrity check
720575940645102372,720575940615167742,LA_R,2,2,0,Same Princeton detector only; equality is an empirical dataset-integrity check
720575940645102372,720575940630333566,LA_R,2,2,0,Same Princeton detector only; equality is an empirical dataset-integrity check
720575940645264260,720575940606222014,GNG,1,1,0,Same Princeton detector only; equality is an empirical dataset-integrity check
720575940645264260,720575940614776262,GNG,2,2,0,Same Princeton detector only; equality is an empirical dataset-integrity check
720575940645264260,720575940614985878,GNG,2,2,0,Same Princeton detector only; equality is an empirical dataset-integrity check
720575940645264260,720575940616786433,GNG,1,1,0,Same Princeton detector only; equality is an empirical dataset-integrity check
720575940645264260,720575940617997396,GNG,2,2,0,Same Princeton detector only; equality is an empirical dataset-integrity check
720575940645264260,720575940618092965,GNG,3,3,0,Same Princeton detector only; equality is an empirical dataset-integrity check
720575940645264260,720575940619905916,GNG,1,1,0,Same Princeton detector only; equality is an empirical dataset-integrity check
720575940645264260,720575940623051544,GNG,1,1,0,Same Princeton detector only; equality is an empirical dataset-integrity check
720575940645264260,720575940623386918,GNG,3,3,0,Same Princeton detector only; equality is an empirical dataset-integrity check
720575940645264260,720575940624863896,GNG,1,1,0,Same Princeton detector only; equality is an empirical dataset-integrity check
720575940645264260,720575940645264260,GNG,2,0,2,Same Princeton detector only; equality is an empirical dataset-integrity check
720575940645348900,720575940627618905,,1,0,1,Same Princeton detector only; equality is an empirical dataset-integrity check
720575940645348900,720575940627618905,UNASGD,0,1,-1,Same Princeton detector only; equality is an empirical dataset-integrity check
720575940645413940,720575940633816986,GNG,1,1,0,Same Princeton detector only; equality is an empirical dataset-integrity check
720575940645803630,720575940620666315,LA_R,2,2,0,Same Princeton detector only; equality is an empirical dataset-integrity check
720575940645807726,720575940624956139,LA_R,1,1,0,Same Princeton detector only; equality is an empirical dataset-integrity check
720575940645837335,720575940645837335,LA_L,15,0,15,Same Princeton detector only; equality is an empirical dataset-integrity check
720575940645937431,720575940621884854,LA_L,1,1,0,Same Princeton detector only; equality is an empirical dataset-integrity check
720575940645941027,720575940605891756,LA_R,1,1,0,Same Princeton detector only; equality is an empirical dataset-integrity check
720575940645941027,720575940613410802,LA_R,3,3,0,Same Princeton detector only; equality is an empirical dataset-integrity check
720575940645941027,720575940620637776,LA_R,28,28,0,Same Princeton detector only; equality is an empirical dataset-integrity check
720575940645941027,720575940622638106,LA_R,52,52,0,Same Princeton detector only; equality is an empirical dataset-integrity check
720575940645941027,720575940637698734,LA_R,1,1,0,Same Princeton detector only; equality is an empirical dataset-integrity check
720575940645941027,720575940644555168,LA_R,53,53,0,Same Princeton detector only; equality is an empirical dataset-integrity check
720575940645941027,720575940645941027,LA_R,19,0,19,Same Princeton detector only; equality is an empirical dataset-integrity check
720575940645991278,720575940621062986,LA_R,1,1,0,Same Princeton detector only; equality is an empirical dataset-integrity check
720575940645991278,720575940629714793,LA_R,4,4,0,Same Princeton detector only; equality is an empirical dataset-integrity check
720575940645991278,720575940629834395,LA_R,4,4,0,Same Princeton detector only; equality is an empirical dataset-integrity check
720575940645991278,720575940630288758,LA_R,1,1,0,Same Princeton detector only; equality is an empirical dataset-integrity check
720575940645991278,720575940630884855,LA_R,19,19,0,Same Princeton detector only; equality is an empirical dataset-integrity check
720575940645991278,720575940632056079,LA_R,1,1,0,Same Princeton detector only; equality is an empirical dataset-integrity check
720575940645991278,720575940640507533,LA_R,53,53,0,Same Princeton detector only; equality is an empirical dataset-integrity check
720575940645991278,720575940641654480,LA_R,41,41,0,Same Princeton detector only; equality is an empirical dataset-integrity check
720575940645991278,720575940645991278,LA_R,17,0,17,Same Princeton detector only; equality is an empirical dataset-integrity check
720575940646062115,720575940622811903,,1,0,1,Same Princeton detector only; equality is an empirical dataset-integrity check
720575940646062115,720575940622811903,UNASGD,0,1,-1,Same Princeton detector only; equality is an empirical dataset-integrity check
720575940646194798,720575940611550840,LA_R,3,3,0,Same Princeton detector only; equality is an empirical dataset-integrity check
720575940646253422,720575940618140987,LA_L,1,1,0,Same Princeton detector only; equality is an empirical dataset-integrity check
720575940646253422,720575940646253422,LA_L,10,0,10,Same Princeton detector only; equality is an empirical dataset-integrity check
720575940646392942,720575940625759719,LA_L,27,27,0,Same Princeton detector only; equality is an empirical dataset-integrity check
720575940646392942,720575940627604739,LA_L,3,3,0,Same Princeton detector only; equality is an empirical dataset-integrity check
720575940646392942,720575940627814040,LA_L,1,1,0,Same Princeton detector only; equality is an empirical dataset-integrity check
720575940646392942,720575940627895315,LA_L,2,2,0,Same Princeton detector only; equality is an empirical dataset-integrity check
720575940646392942,720575940634963481,LA_L,2,2,0,Same Princeton detector only; equality is an empirical dataset-integrity check
720575940646392942,720575940639274659,LA_L,4,4,0,Same Princeton detector only; equality is an empirical dataset-integrity check
720575940646392942,720575940640731555,LA_L,24,24,0,Same Princeton detector only; equality is an empirical dataset-integrity check
720575940646392942,720575940646392942,LA_L,6,0,6,Same Princeton detector only; equality is an empirical dataset-integrity check
720575940646459502,720575940623730957,LA_R,2,2,0,Same Princeton detector only; equality is an empirical dataset-integrity check
720575940646459502,720575940624487108,LA_R,29,29,0,Same Princeton detector only; equality is an empirical dataset-integrity check
720575940646459502,720575940625666796,LA_R,1,1,0,Same Princeton detector only; equality is an empirical dataset-integrity check
720575940646459502,720575940630879991,LA_R,5,5,0,Same Princeton detector only; equality is an empirical dataset-integrity check
720575940646459502,720575940642334965,LA_R,32,32,0,Same Princeton detector only; equality is an empirical dataset-integrity check
720575940646459502,720575940646459502,LA_R,15,0,15,Same Princeton detector only; equality is an empirical dataset-integrity check
720575940646668323,720575940618531618,LA_R,1,1,0,Same Princeton detector only; equality is an empirical dataset-integrity check
720575940646668323,720575940629499395,LA_R,1,1,0,Same Princeton detector only; equality is an empirical dataset-integrity check
720575940646668323,720575940631043900,LA_R,1,1,0,Same Princeton detector only; equality is an empirical dataset-integrity check
720575940646803747,720575940646803747,LA_L,2,0,2,Same Princeton detector only; equality is an empirical dataset-integrity check
720575940646929204,720575940622811903,SAD,1,1,0,Same Princeton detector only; equality is an empirical dataset-integrity check
720575940647077411,720575940647077411,LA_L,12,0,12,Same Princeton detector only; equality is an empirical dataset-integrity check
720575940647118883,720575940638616922,LA_R,1,1,0,Same Princeton detector only; equality is an empirical dataset-integrity check
720575940647199779,720575940629285873,LA_R,4,4,0,Same Princeton detector only; equality is an empirical dataset-integrity check
720575940647229219,720575940608031154,LA_R,1,1,0,Same Princeton detector only; equality is an empirical dataset-integrity check
720575940647229219,720575940609769941,LA_R,1,1,0,Same Princeton detector only; equality is an empirical dataset-integrity check
720575940647229219,720575940613032854,LA_R,12,12,0,Same Princeton detector only; equality is an empirical dataset-integrity check
720575940647229219,720575940616984374,LA_R,2,2,0,Same Princeton detector only; equality is an empirical dataset-integrity check
720575940647229219,720575940620346840,LA_R,30,30,0,Same Princeton detector only; equality is an empirical dataset-integrity check
720575940647229219,720575940620724160,LA_R,49,49,0,Same Princeton detector only; equality is an empirical dataset-integrity check
720575940647229219,720575940629191942,LA_R,1,1,0,Same Princeton detector only; equality is an empirical dataset-integrity check
720575940647229219,720575940631410939,LA_R,3,3,0,Same Princeton detector only; equality is an empirical dataset-integrity check
720575940647229219,720575940631827256,LA_R,1,1,0,Same Princeton detector only; equality is an empirical dataset-integrity check
720575940647229219,720575940647229219,,1,0,1,Same Princeton detector only; equality is an empirical dataset-integrity check
720575940647229219,720575940647229219,LA_R,10,0,10,Same Princeton detector only; equality is an empirical dataset-integrity check
720575940647328889,720575940615121501,,1,0,1,Same Princeton detector only; equality is an empirical dataset-integrity check
720575940647328889,720575940615121501,UNASGD,0,1,-1,Same Princeton detector only; equality is an empirical dataset-integrity check
720575940647404932,720575940627825923,GNG,1,1,0,Same Princeton detector only; equality is an empirical dataset-integrity check
720575940647428643,720575940618663069,LA_R,4,4,0,Same Princeton detector only; equality is an empirical dataset-integrity check
720575940647580468,720575940623940963,ME_R,1,0,1,Same Princeton detector only; equality is an empirical dataset-integrity check
720575940647663748,720575940627138306,LA_R,1,1,0,Same Princeton detector only; equality is an empirical dataset-integrity check
720575940647673721,720575940614957115,GNG,1,1,0,Same Princeton detector only; equality is an empirical dataset-integrity check
720575940647960628,720575940609016668,LA_R,1,1,0,Same Princeton detector only; equality is an empirical dataset-integrity check
720575940647962500,720575940612013717,,1,0,1,Same Princeton detector only; equality is an empirical dataset-integrity check
720575940647962500,720575940612013717,UNASGD,0,1,-1,Same Princeton detector only; equality is an empirical dataset-integrity check
720575940647962500,720575940626926629,LA_L,1,1,0,Same Princeton detector only; equality is an empirical dataset-integrity check
720575940647962500,720575940647962500,,4,0,4,Same Princeton detector only; equality is an empirical dataset-integrity check
720575940647962500,720575940647962500,LA_L,1,0,1,Same Princeton detector only; equality is an empirical dataset-integrity check
720575940648098948,720575940626770532,LA_L,1,1,0,Same Princeton detector only; equality is an empirical dataset-integrity check
720575940648108164,720575940638921700,LA_R,1,1,0,Same Princeton detector only; equality is an empirical dataset-integrity check
720575940648141444,720575940630239327,LA_L,2,2,0,Same Princeton detector only; equality is an empirical dataset-integrity check
720575940648141956,720575940618090129,LA_L,1,1,0,Same Princeton detector only; equality is an empirical dataset-integrity check
720575940648141956,720575940639787061,,1,0,1,Same Princeton detector only; equality is an empirical dataset-integrity check
720575940648141956,720575940639787061,UNASGD,0,1,-1,Same Princeton detector only; equality is an empirical dataset-integrity check
720575940648163972,720575940638711359,LA_L,2,2,0,Same Princeton detector only; equality is an empirical dataset-integrity check
720575940648163972,720575940648163972,LA_L,11,0,11,Same Princeton detector only; equality is an empirical dataset-integrity check
720575940648383364,720575940618278868,LA_R,28,28,0,Same Princeton detector only; equality is an empirical dataset-integrity check
720575940648383364,720575940631086636,LA_R,35,35,0,Same Princeton detector only; equality is an empirical dataset-integrity check
720575940648383364,720575940632189970,LA_R,2,2,0,Same Princeton detector only; equality is an empirical dataset-integrity check
720575940648383364,720575940636615160,LA_R,1,1,0,Same Princeton detector only; equality is an empirical dataset-integrity check
720575940648383364,720575940648383364,LA_R,19,0,19,Same Princeton detector only; equality is an empirical dataset-integrity check
720575940648429700,720575940618864724,LA_L,1,1,0,Same Princeton detector only; equality is an empirical dataset-integrity check
720575940648484228,720575940617499765,ME_L,2,2,0,Same Princeton detector only; equality is an empirical dataset-integrity check
720575940648702084,720575940612195170,LA_R,5,5,0,Same Princeton detector only; equality is an empirical dataset-integrity check
720575940648702084,720575940614341551,ME_R,2,2,0,Same Princeton detector only; equality is an empirical dataset-integrity check
720575940648702084,720575940620417473,LA_R,2,2,0,Same Princeton detector only; equality is an empirical dataset-integrity check
720575940648702084,720575940620702155,ME_R,2,2,0,Same Princeton detector only; equality is an empirical dataset-integrity check
720575940648702084,720575940642551515,ME_R,1,1,0,Same Princeton detector only; equality is an empirical dataset-integrity check
720575940649812857,720575940616042508,SAD,1,1,0,Same Princeton detector only; equality is an empirical dataset-integrity check
720575940650447993,720575940650447993,LA_L,1,0,1,Same Princeton detector only; equality is an empirical dataset-integrity check
720575940652335862,720575940620665680,LA_L,1,1,0,Same Princeton detector only; equality is an empirical dataset-integrity check
720575940653052662,720575940622303216,LA_R,1,1,0,Same Princeton detector only; equality is an empirical dataset-integrity check
720575940653564918,720575940621458625,LA_L,1,1,0,Same Princeton detector only; equality is an empirical dataset-integrity check
720575940653564918,720575940623347414,LA_L,1,1,0,Same Princeton detector only; equality is an empirical dataset-integrity check
720575940653564918,720575940632687672,LA_L,1,1,0,Same Princeton detector only; equality is an empirical dataset-integrity check
720575940653620470,720575940625635119,LA_L,1,1,0,Same Princeton detector only; equality is an empirical dataset-integrity check
720575940655596193,720575940607755721,LA_R,29,29,0,Same Princeton detector only; equality is an empirical dataset-integrity check
720575940655596193,720575940621292992,LA_R,47,47,0,Same Princeton detector only; equality is an empirical dataset-integrity check
720575940655596193,720575940626585744,LA_R,1,1,0,Same Princeton detector only; equality is an empirical dataset-integrity check
720575940655596193,720575940640410702,LA_R,37,37,0,Same Princeton detector only; equality is an empirical dataset-integrity check
720575940655596193,720575940655596193,LA_R,14,0,14,Same Princeton detector only; equality is an empirical dataset-integrity check
720575940655781025,720575940614792623,LA_R,2,2,0,Same Princeton detector only; equality is an empirical dataset-integrity check
720575940655861665,720575940647229219,LA_R,2,2,0,Same Princeton detector only; equality is an empirical dataset-integrity check
720575940656055457,720575940638556382,LA_L,1,1,0,Same Princeton detector only; equality is an empirical dataset-integrity check
720575940660914049,720575940606245822,LA_L,2,2,0,Same Princeton detector only; equality is an empirical dataset-integrity check
720575940660975233,720575940620797643,LA_L,1,1,0,Same Princeton detector only; equality is an empirical dataset-integrity check
720575940661019521,720575940625717747,LA_R,1,1,0,Same Princeton detector only; equality is an empirical dataset-integrity check
720575940661057665,720575940624139305,LA_R,1,1,0,Same Princeton detector only; equality is an empirical dataset-integrity check
720575940661099137,720575940661099137,LA_L,18,0,18,Same Princeton detector only; equality is an empirical dataset-integrity check
720575940661304449,720575940609748437,LA_L,1,1,0,Same Princeton detector only; equality is an empirical dataset-integrity check
