review_rank,evidence_class,pre_root_id,post_root_id,neuropil,selected_root_ids,Princeton_2025_synapse_count,Princeton_2025_point_source_rows,Princeton_2025_nt_type_labels,appears_in_Codex_ge5_pair_export,Buhmann_original_v783_aggregate_edge_exists,interpretation
1,P_alternate_automated_detector_same_specimen,720575940622545023,720575940616982614,LA_R,720575940622545023,76,1881297;2664883;2821500;3292123;6341827;6968620;7439518;9241731;12845280;13706852;14646690;15272886;15899739;16918107;17623652;18798222;19973420;20833521;21381515;21459974;21694503;24277563;25765634;25844097;26157393;26314251;26783845;28037825;28508010;29212449;29761512;29761530;29995831;32578555;33987207;35477368;35713347;35792090;38062733;38769651;39475067;39709896;41354970;42609641;43237082;44019691;45115294;45743195;46997255;47309891;51069145;55377615;55691254;56239589;57491642;58353565;59138714;60077704;60390626;60626294;63056032;64545378;65092844;65484252;67991275;69404835;71051679;73324501;74108686;74421765;75908502;76770028;77160905;77552010;78805097;80137352,ACH:76,yes,no,Exact alternative detector pair with point-row provenance; not added to original v783 graph or physiologically validated
2,P_alternate_automated_detector_same_specimen,720575940620647760,720575940620491712,LA_R,720575940620647760,61,2743022;4072041;8144626;9554969;9947098;11592735;12610713;14255123;14333244;16447715;16839532;17231715;17388802;18013955;20051590;21224505;22162840;22868220;26000365;26392273;27254543;29917811;30465884;33047564;33047566;35085165;35085334;36418644;36967314;39318597;39397003;40884696;41198055;43784521;44019670;45899579;46919109;48484644;50990146;51225727;52635348;54280994;54907597;55222084;58196788;60077492;65014311;65093022;65484467;65562940;66501822;68699279;69718760;70190284;70895233;72462880;74421980;75986656;76222362;78179863;79510616,ACH:61,yes,no,Exact alternative detector pair with point-row provenance; not added to original v783 graph or physiologically validated
3,P_alternate_automated_detector_same_specimen,720575940621489243,720575940617822438,LA_R,720575940621489243,61,783139;861547;4228180;4384079;4931258;5088408;7282628;9006685;10966975;11359140;12923455;17466547;17544967;18798072;18954758;20989827;21068462;25451659;25687235;25922473;27489069;27489519;28978213;29291251;30778660;31248014;31248015;31403577;32421857;35399209;36652838;39943622;43392231;43705858;43862518;46997385;47153520;49189134;51696474;51853265;54280531;55143560;55456009;58666633;59842645;61253945;63446621;63524819;63917740;65327362;65953677;66267526;67442371;68698826;69248353;70112116;72149101;73167526;75594982;77473812;78414411,ACH:61,yes,no,Exact alternative detector pair with point-row provenance; not added to original v783 graph or physiologically validated
4,P_alternate_automated_detector_same_specimen,720575940609016668,720575940628635409,LA_R,720575940609016668,60,1802834;2271905;2743050;3213515;7516866;7673513;9006350;10182060;10261122;11984135;13158451;13393965;15978045;16290599;16291110;16995642;17310426;19659140;20911815;22084489;22946516;23024326;25451757;28507362;29056082;32030079;32108420;33282266;35948522;37671596;39083559;42374480;43470817;44488640;45115521;46369556;46370040;48093350;50677422;51303118;51538696;56161287;58117904;58510394;61723795;64857719;65719219;66579326;68699184;69012585;69012858;69954925;74343004;74655954;75830026;75987270;76222538;77004541;78257339;79431886,ACH:60,yes,no,Exact alternative detector pair with point-row provenance; not added to original v783 graph or physiologically validated
5,P_alternate_automated_detector_same_specimen,720575940638556382,720575940630023294,LA_L,720575940638556382,60,2353087;5795018;7126493;7832394;8224551;11985513;12220442;14100283;15666710;16841042;18956311;19974712;19974887;21461752;21540032;22869538;24513677;26550180;28666129;31718244;33205694;34067269;34617272;35950255;37516404;37516405;37516407;38771314;44021513;47155409;47233126;48094733;50835332;50835333;51854678;53185734;53185735;53812601;56789038;57179921;58825223;61568150;61725777;62038747;62274026;63841261;65251156;69171365;69328678;69484767;69485321;72698770;73247409;73639202;74423791;74423805;77240740;77397085;78806626;79433861,ACH:60,yes,no,Exact alternative detector pair with point-row provenance; not added to original v783 graph or physiologically validated
6,P_alternate_automated_detector_same_specimen,720575940607773314,720575940620941038,LA_R,720575940607773314,59,234266;312327;782963;1254411;5558026;5558479;6106629;8849692;12296923;14254625;15350953;16760707;16917493;17623285;18326797;19189270;20989599;22477486;23024027;25372849;27488833;28037567;28115262;30073730;32499450;32968405;35713289;36339765;39161582;40021826;41197941;41354339;41590054;46840516;46918614;49580875;53967070;54280475;57960349;61253425;61410437;61801901;62115075;62899220;64230714;64387852;65484240;65875879;66345832;66501691;66736691;67285025;68305817;69797689;75125960;76769495;78179643;78413872;79431750,ACH:59,yes,no,Exact alternative detector pair with point-row provenance; not added to original v783 graph or physiologically validated
7,P_alternate_automated_detector_same_specimen,720575940627855768,720575940623253068,LA_R,720575940627855768,59,627100;1332308;4306480;5245024;7125274;8065876;10339483;10575166;12062408;12766748;16291184;16291293;18170843;18798198;22162904;23181966;23338443;24590467;25844372;28743141;29995926;31092024;37593483;37671562;37906525;42060829;45350878;45428872;47075476;47623042;48093314;48093369;49189635;51696452;52870899;52870900;53810859;54986173;55222178;55848370;57491602;60234531;60626167;62115699;64388208;64623728;64858394;67520767;68384602;68463729;70346408;70816561;71992248;74422038;74969436;76769964;77944798;78336282;79353160,ACH:59,yes,no,Exact alternative detector pair with point-row provenance; not added to original v783 graph or physiologically validated
8,P_alternate_automated_detector_same_specimen,720575940635013020,720575940632505898,LA_R,720575940635013020,59,469645;3525600;3759560;5009931;6575898;9006546;10339239;11436659;12062265;12296965;13472068;18249103;18797909;20286557;22789979;22946033;23259096;23650235;28350413;29917730;32264768;32969025;34379452;35085171;36966832;37749289;41590263;42609153;43001511;43862968;44019560;44488726;44488727;44567084;47075399;48562948;49423615;50364153;54437742;55143129;56396305;58510373;59843109;59921150;61802004;62115605;63368063;63682502;66423866;69404718;69876647;70346555;71521775;72462693;73167581;73873115;78179418;79902366;80058828,ACH:59,yes,no,Exact alternative detector pair with point-row provenance; not added to original v783 graph or physiologically validated
9,P_alternate_automated_detector_same_specimen,720575940644276128,720575940622074790,LA_R,720575940644276128,59,861748;2665052;2743324;4931729;7987159;8928543;10496322;11201788;11515287;11828152;12454084;12689244;13785655;17153298;17388939;17780201;19424769;20051847;21068515;23181962;26314147;26862408;27489547;27645977;27724425;28429385;28743191;29056795;32734931;33595715;33752069;36339837;36497036;40885006;40963505;41511797;44410337;44567289;46370277;46684128;48641525;50755846;56005159;56709329;57647752;60312902;61566440;64936539;70424833;71287221;71756555;72463029;72775722;74969390;75126369;76143760;78023032;78257952;78336361,ACH:59,yes,no,Exact alternative detector pair with point-row provenance; not added to original v783 graph or physiologically validated
10,P_alternate_automated_detector_same_specimen,720575940627638558,720575940628160004,LA_R,720575940627638558,58,6497885;7439474;10496483;11280177;12532277;12610702;12689046;14568710;18092439;21772894;22790282;24120414;24903717;24903921;25373631;29212766;30934941;36183502;37202025;37593470;40022484;40885023;43706068;44802030;45037244;45429056;46762626;47075481;47936266;49424226;50599133;52792588;55143687;57021857;58981239;59217287;60156210;60547791;62429378;62664455;63134273;65797310;66032834;66189294;66346240;66894161;67128677;67285752;68306312;69170258;69640534;69719398;70816486;71522354;72149128;73089321;79981267;79981268,ACH:58,yes,no,Exact alternative detector pair with point-row provenance; not added to original v783 graph or physiologically validated
11,P_alternate_automated_detector_same_specimen,720575940629285873,720575940613675030,LA_R,720575940629285873,58,156669;156845;1646279;5558806;7987143;8614928;10496387;12218799;13863659;16369254;17858316;18327140;18405414;18483836;19189319;19189527;20208521;20208614;20364967;23494433;23964128;24511732;26627373;28115639;29604396;29995856;32891159;34537294;36105707;37436857;40806689;41981900;42922888;43158339;46997534;49816605;50990694;51775588;52400325;52635469;58275367;63211790;63525045;63917493;65092827;65093035;65562793;66972493;68699070;69955138;70268539;70581449;71208243;71286853;74812975;75047649;75987102;79274956,ACH:58,yes,no,Exact alternative detector pair with point-row provenance; not added to original v783 graph or physiologically validated
12,P_alternate_automated_detector_same_specimen,720575940638872553,720575940620698048,LA_L,720575940638872553,58,2508721;4072597;6342559;7283176;7674335;8771959;10417806;10575665;12141176;12297654;16761781;16996650;18171255;18955248;19973913;20521643;20755817;20755894;20755895;21929298;22946967;23338988;23495071;25766310;29213291;32735348;36889121;38299292;39084013;39162276;40963886;41277079;41825664;42297060;46292072;47388715;47545050;48328690;48485405;48876722;49112011;54124751;56631433;57100757;58119026;60469740;62507977;62900259;65014846;65563370;65719658;67207537;68778136;76301085;77945338;78180303;79197145;79589511,ACH:58,yes,no,Exact alternative detector pair with point-row provenance; not added to original v783 graph or physiologically validated
13,P_alternate_automated_detector_same_specimen,720575940631505260,720575940625615508,LA_L,720575940631505260,57,1019686;1176674;3995095;5402672;7518264;8458928;9164478;10261957;12689985;13551738;14725483;15978817;17311352;18014985;21617131;22478499;23729683;24904548;25061055;26393147;27098464;27803795;28430199;29683753;37828808;40650704;43942100;44020509;48329137;49581738;50834704;51853969;54281898;58589600;60391475;61803342;62195155;63056823;65407048;65641884;66346934;67207895;67678459;68149988;68464464;68464465;72071712;72228059;72854956;73011718;74344498;75283068;76770762;78102332;78415348;78727567;80060200,ACH:57,yes,no,Exact alternative detector pair with point-row provenance; not added to original v783 graph or physiologically validated
14,P_alternate_automated_detector_same_specimen,720575940618150105,720575940616129642,LA_R,720575940618150105,56,704471;1097137;1802416;3057058;3447287;3915794;4462868;12374949;13706507;14724066;15037645;18092063;19424410;20364045;20520198;20676370;23102713;26313636;28585854;28977693;29056369;30073316;30622224;36652407;36731596;37280285;40021886;40649605;41276020;43392421;45271900;45350405;47387911;48014750;48249661;50832929;53496020;54906917;55533729;56396216;57334565;59294407;59998757;60546660;62585808;63760639;63917469;65171264;65405916;69876278;72226879;72383948;76143218;77004368;78335370;79352742,ACH:56,yes,no,Exact alternative detector pair with point-row provenance; not added to original v783 graph or physiologically validated
15,P_alternate_automated_detector_same_specimen,720575940618864724,720575940636916910,LA_L,720575940618864724,56,783817;1098311;1255275;2351841;3526966;4463817;4776114;5794175;5873018;6029386;9477461;13002919;14412609;14491384;15430771;15822566;16526713;16605498;17074890;17153828;17232615;23182494;23886171;25687906;26628218;30779340;30779584;34851467;35949465;36340926;38927374;39945025;40258293;41904056;42061668;43393361;47858837;48876937;49581776;52950246;54908684;55535360;56709964;57414754;58119159;58824650;58982122;59687662;64310251;68621682;70739223;71444760;75205396;76144414;77396315;78884500,ACH:56,yes,no,Exact alternative detector pair with point-row provenance; not added to original v783 graph or physiologically validated
16,P_alternate_automated_detector_same_specimen,720575940625717747,720575940630873548,LA_R,720575940625717747,56,939557;5245073;5558641;6889657;9555108;10417250;13393556;16055817;17544625;20051318;22555082;25060075;28115749;29055827;30934676;32968951;36260655;36653204;36888250;39630570;40414145;41903023;46370071;46683975;49345731;50285433;50677024;51931466;52478809;52635373;53183713;55769299;56552243;56786419;57178302;59529929;59764640;59998400;61097097;62272324;62664415;63445824;63446335;65013964;71208101;71286938;73558976;73872758;75047531;75986780;76847469;77238949;78883785;79824328;80137247;80137520,ACH:56,yes,no,Exact alternative detector pair with point-row provenance; not added to original v783 graph or physiologically validated
17,P_alternate_automated_detector_same_specimen,720575940640017597,720575940644555168,LA_R,720575940640017597,56,548213;2272309;3760004;7204324;7831140;8065884;11123435;12375265;12532008;14881912;16682955;17231724;17388733;19581703;22320284;23103610;23572521;24903556;25373462;29291276;29682986;29761329;32578546;34458276;36575246;36575321;36888691;39161920;39865818;40649899;40806703;40806715;42296273;45272005;46684390;48093277;52322060;53654174;54516507;60469220;61645430;62036772;62977768;63446477;63446687;64545675;64623949;66815100;66972508;67363902;69248857;74421815;74578538;74813032;77004758;77709509,ACH:56,yes,no,Exact alternative detector pair with point-row provenance; not added to original v783 graph or physiologically validated
18,P_alternate_automated_detector_same_specimen,720575940631647173,720575940626013112,LA_R,720575940631647173,55,2115400;3368799;5166159;8144245;9789426;10496124;10809736;12453408;13550612;13941385;14332850;16760776;17623021;19267553;19972944;20286266;20520619;24981665;25059702;27959083;28977735;29212152;29525137;30308196;32029699;33203277;34457987;35084870;37045229;38847870;40021921;40962859;43627477;44331448;48327709;49110522;49737278;51616621;52791510;55534210;56786803;57099250;57413357;58588281;61958411;64309125;64857835;65405705;66110196;67363368;68542054;69876291;74264720;75281780;79117874,ACH:55,yes,no,Exact alternative detector pair with point-row provenance; not added to original v783 graph or physiologically validated
19,P_alternate_automated_detector_same_specimen,720575940623003169,720575940620734544,LA_R,720575940623003169,54,2115710;2193518;2508179;3292094;4149895;6263088;8380001;10654076;16447656;17231748;18248946;18876044;20989663;24355422;24433661;24746027;25216805;25217118;25451374;25687065;28664124;29134270;31560395;35477349;35948387;37123912;41354413;42609434;42922904;49189136;50363675;52478416;55769834;57413635;57804658;58902272;59373689;61018215;62821263;63134117;64387928;64701271;65092544;65171071;66032570;66893914;68305575;70267985;70346076;74734538;74813041;74969386;75829394;77630267,ACH:54,yes,no,Exact alternative detector pair with point-row provenance; not added to original v783 graph or physiologically validated
20,P_alternate_automated_detector_same_specimen,720575940628955722,720575940604963552,LA_L,720575940628955722,54,157213;4619536;7047294;7204634;11359630;11359699;11593614;13472606;15194956;16056536;20130519;20755827;20833944;21146892;24825352;24904181;27646328;29370246;32186818;32657242;33048069;33517974;34694642;35714032;36340399;37750177;41433782;41512160;43784844;43941806;45665288;45743601;47075950;47153883;50442651;52714386;53106213;54202945;57726969;59843596;63290639;66502294;66502430;66972942;68070890;68621494;68699659;70190662;72697710;75126613;76222899;76301167;79197228;79353814,ACH:54,yes,no,Exact alternative detector pair with point-row provenance; not added to original v783 graph or physiologically validated
21,P_alternate_automated_detector_same_specimen,720575940630871260,720575940617293398,LA_R,720575940630871260,54,1097513;1802936;1958926;6654745;8065767;8301366;8379707;8928336;9319621;9711727;10339410;12923789;15665253;15743898;15743991;17858018;18249105;19895005;20443323;20598909;21146532;22319706;23181701;23885233;24590588;28429352;29526118;30778542;31717017;33204142;33517556;36496711;36496720;39004769;39709855;41041606;45821204;45977532;50599148;50833688;51460635;51538321;53575752;55613010;57491632;58823838;65640540;66579919;69326700;69955035;70738331;73089211;73402376;74813096,ACH:54,yes,no,Exact alternative detector pair with point-row provenance; not added to original v783 graph or physiologically validated
22,P_alternate_automated_detector_same_specimen,720575940631286636,720575940614200722,LA_R,720575940631286636,54,1802556;2821464;4931563;6419798;8693070;10810311;14646193;15272891;15743636;19894925;22398777;24120092;24120203;27097547;29447640;31560228;32812822;34850423;35477249;37827616;39240172;39318431;39553128;39631243;42922954;46055874;48171177;49659380;49738276;53732232;53889036;54594494;57647909;57804186;59138670;63055553;63760750;65327655;66032563;66501569;66815106;67363483;67912291;68070424;70895187;71129908;72226992;72697168;72932593;73402030;76378191;76378506;76612834;79196503,ACH:54,yes,no,Exact alternative detector pair with point-row provenance; not added to original v783 graph or physiologically validated
23,P_alternate_automated_detector_same_specimen,720575940631647173,720575940612977834,LA_R,720575940631647173,54,469457;1880987;1880988;8692343;9398305;10260576;14176210;14803125;19110408;19267567;19581482;19816470;20910853;26783356;28271843;28742699;31716827;32890656;33595090;35634781;36104649;36652830;39083317;39239332;41746066;42060480;42687415;43392202;43862515;45427912;46683811;47543617;48327212;50050444;50755176;55064997;56004554;57569211;59060057;61566125;62036769;63055429;64152143;64623346;66110227;66579726;67519784;69013000;69562347;71286554;72148631;73088818;76221500;76534874,ACH:54,yes,no,Exact alternative detector pair with point-row provenance; not added to original v783 graph or physiologically validated
24,P_alternate_automated_detector_same_specimen,720575940616346822,720575940623621414,LA_R,720575940616346822,53,234558;783006;2821472;4931904;5872421;6419906;7595677;7987257;10654229;12689056;13158495;15116880;16134299;17310545;18719983;18720106;19032640;21772682;23964241;24120311;26078745;27254383;30622463;33673522;33909084;34850784;36810032;37984897;39866127;42609785;44410618;45428890;45977541;46370124;49111465;49189677;50207119;52321851;55691491;56161615;58823961;60077865;60156217;67677792;70190279;70424973;74265307;74969364;75516395;75673882;77787995;77944735;78492161,ACH:53,yes,no,Exact alternative detector pair with point-row provenance; not added to original v783 graph or physiologically validated
25,P_alternate_automated_detector_same_specimen,720575940618437922,720575940616222879,LA_R,720575940618437922,53,940425;3838411;5402040;6342054;9320010;10889194;11671636;14412167;14724599;22006986;23103809;25373659;29448012;29448204;33909236;35399385;36653324;40728297;41041945;41590423;42061109;43471273;45115665;45586522;45821517;51460791;52244478;53967325;54124198;55456053;55926902;56474407;56552471;57414040;57491779;58039793;58275387;60390988;61488620;62429499;62664624;64309332;64624047;67285706;71444107;71992388;72932811;75360462;75438379;75595343;76535252;78492343;80059490,ACH:53,yes,no,Exact alternative detector pair with point-row provenance; not added to original v783 graph or physiologically validated
26,P_alternate_automated_detector_same_specimen,720575940618663069,720575940647428643,LA_R,720575940618663069,53,234737;2350668;3682114;4696939;5323490;7595095;9711869;9946736;10339417;10654089;13941822;15899939;17231920;18562886;19816788;22399064;24511743;29290737;30465976;32264734;33047661;34928846;35791929;36027052;36183363;37905885;38847859;39553329;40179134;41668616;41747021;41825336;43471245;44253979;45664745;52244122;52478900;53261348;53496940;54750894;55065292;57804187;63682619;64309306;64779926;68149179;69562371;69876737;72306146;76847723;77160736;77317736;78257926,ACH:53,yes,no,Exact alternative detector pair with point-row provenance; not added to original v783 graph or physiologically validated
27,P_alternate_automated_detector_same_specimen,720575940621193051,720575940622074790,LA_R,720575940621193051,53,390580;1489671;2586660;10417411;12297167;14176727;14568643;14724596;16369269;17074088;19581495;21850629;23494456;24511980;26236007;27175951;37358517;38141682;39083527;40414526;41119764;42687687;45272220;45743246;47153370;47231867;48250035;49424212;49502621;50364175;50599164;50911673;50911865;55143751;55613317;58118517;58275566;59999443;61880791;61880792;62350838;63839224;64466709;64936459;67834516;68384731;69404827;75752077;76143836;76847969;78805297;78884020;79746050,ACH:53,yes,no,Exact alternative detector pair with point-row provenance; not added to original v783 graph or physiologically validated
28,P_alternate_automated_detector_same_specimen,720575940621462511,720575940625514023,LA_R,720575940621462511,53,1097529;2508186;3369788;5714884;6890016;13393430;13629148;14881779;17388908;18092230;19032532;20443202;24433700;27332672;27489414;27724408;29134600;29761393;30857171;32030062;32264767;34143761;34772206;35477355;36261616;36888562;38376994;42452958;43001506;43549293;44410401;49423936;51617699;53027467;53183807;54907673;55926698;56630427;59452142;60705143;61723870;62272179;65484345;65641026;66423858;67128588;67756476;69955028;72853945;76378567;77866242;77866341;78101338,ACH:53,yes,no,Exact alternative detector pair with point-row provenance; not added to original v783 graph or physiologically validated
29,P_alternate_automated_detector_same_specimen,720575940625717747,720575940647662388,LA_R,720575940625717747,53,626892;3916252;9085361;10025095;13158118;13315063;14490418;17623419;18562453;19267699;19581349;22084738;23885198;26391548;28429289;31560259;33830368;34222721;35399189;37201596;39631104;44723865;46369808;46840932;47544196;47544261;49737926;50050876;50520555;53967231;54437428;55143274;55770074;56396407;56786921;57177817;58039498;60312837;62115302;62507443;64701603;65092974;65562891;66972319;67598972;68227376;69170010;69797855;70659864;72618875;73089275;77473748;79431932,ACH:53,yes,no,Exact alternative detector pair with point-row provenance; not added to original v783 graph or physiologically validated
30,P_alternate_automated_detector_same_specimen,720575940627855768,720575940624885687,LA_R,720575940627855768,53,2115936;2743020;3213710;5167119;5950788;6889900;6968371;8380281;10575074;10575165;10889076;11437195;11828018;13002388;13472127;19346358;19503237;19973374;23885132;25451974;26078799;26470497;31404089;32186462;35399297;35635176;37202034;37984892;38062894;40414368;41511828;41590256;41825318;44254139;44567370;45037055;45272075;46055947;46997402;54672717;55143480;56787322;58275474;58510369;58981323;61410751;65014362;73167575;73794701;74186875;74343694;74969522;77866342,ACH:53,yes,no,Exact alternative detector pair with point-row provenance; not added to original v783 graph or physiologically validated
31,P_alternate_automated_detector_same_specimen,720575940645941027,720575940644555168,LA_R,720575940645941027,53,312684;1411035;1568051;4228238;4306211;4619080;5480388;6968518;7439527;9006470;10025494;11045488;11828201;13314970;13706844;14176528;14333381;15116699;15117001;16447351;16526072;19346072;20989648;24120302;25530398;25765836;31169743;31404015;32891262;33908573;35948894;38298830;49032543;49033030;51225755;52009969;52478920;55143618;57804692;57882989;58039660;58510579;62193796;62429305;63211808;65249455;65484003;68856110;69876755;70424668;72697334;73089417;79510642,ACH:53,yes,no,Exact alternative detector pair with point-row provenance; not added to original v783 graph or physiologically validated
32,P_alternate_automated_detector_same_specimen,720575940645991278,720575940640507533,LA_R,720575940645991278,53,312850;5245123;5480381;5558797;7125128;7987236;8458157;8693209;9006756;10575154;12218932;16369234;17310254;19503228;23024723;24042196;25922429;26940542;28900108;33047612;36575208;37280110;38691297;39239817;39709719;46055872;46605688;47701535;48249908;48719052;52478865;53105773;57648017;58275323;58666627;60077655;60390332;62115179;62743182;63760993;65406291;65876176;69326757;72227264;72462959;73010970;73716012;73794757;77473907;77866190;78179972;78492131;79510142,ACH:53,yes,no,Exact alternative detector pair with point-row provenance; not added to original v783 graph or physiologically validated
33,P_alternate_automated_detector_same_specimen,720575940618150105,720575940624227366,LA_R,720575940618150105,52,5479375;5792980;6732446;7281765;7438996;8536481;8692434;8928171;9476481;10496031;11827612;12218693;18013284;18719530;18797805;21850100;21927991;22240252;27097297;29447715;30856904;33751536;35634743;35870085;37984315;38847436;40884509;41824949;43078812;43157848;44488452;44723458;50206744;54515944;56630430;57178345;57491116;58509508;60077151;62193444;64074402;65092501;65326955;65875244;70033382;71050976;73010353;74421706;74499540;75516075;77160611;78648311,ACH:52,yes,no,Exact alternative detector pair with point-row provenance; not added to original v783 graph or physiologically validated
34,P_alternate_automated_detector_same_specimen,720575940618712221,720575940625075453,LA_R,720575940618712221,52,4071709;4384340;4462953;5950274;9084951;11279986;12610199;13471788;17231718;18719509;20676430;21537972;23884832;25529782;26078462;27880876;28037615;30544115;31403826;31638396;34222539;37592850;39161638;40178817;40335762;40571582;41119454;41746848;42765898;43392189;46840572;49345599;51537830;53496754;53732215;55534230;56004536;58039126;58980960;59452071;60625809;62977254;65249117;69248350;70346348;71365462;71834484;75125725;77395466;77709005;78961656;79510143,ACH:52,yes,no,Exact alternative detector pair with point-row provenance; not added to original v783 graph or physiologically validated
35,P_alternate_automated_detector_same_specimen,720575940631186550,720575940625282488,LA_R,720575940631186550,52,2978956;3292083;5558689;6263645;7125405;12610608;13472222;15116986;15194817;18483936;19738407;21538032;21616246;22006948;22241282;25373526;27097455;33204340;33987398;34851021;36418808;38455639;40257802;41511861;41982247;44880511;45821295;46213295;48641327;48798279;51696653;53105753;53732533;54359586;56318186;56943265;59295559;59452345;59999486;61332345;61645596;62586066;63917726;66658750;70346750;71600383;74265377;76770088;77944629;78022983;78180094;80215752,ACH:52,yes,no,Exact alternative detector pair with point-row provenance; not added to original v783 graph or physiologically validated
36,P_alternate_automated_detector_same_specimen,720575940633188492,720575940612970262,LA_R,720575940633188492,52,1646248;1646261;4306199;6263536;10260581;11593011;13158400;15508278;16212511;16525587;18640689;20051522;20364419;21537700;22398921;23650226;24119741;24824665;25217090;28585946;29134531;30856991;34928661;36183512;37514878;37593349;38298266;40178815;41198144;41668577;42843965;45507241;46997242;52792304;54515992;57178620;57257449;59452232;60390613;61018189;62977257;67285563;69483399;70816180;72462687;72775679;74891016;76690960;76769967;78648310;79117829;79667303,ACH:52,yes,no,Exact alternative detector pair with point-row provenance; not added to original v783 graph or physiologically validated
37,P_alternate_automated_detector_same_specimen,720575940645941027,720575940622638106,LA_R,720575940645941027,52,156923;390559;1724524;1881473;2351197;3916121;4463238;6575874;11045393;13707044;15430231;15821961;16683023;17936386;18483257;20051795;20208354;21616090;22241221;23494255;23807329;23885265;32578545;33673554;34301582;34694179;34694258;39083612;43001307;43941100;45821140;46840845;47153551;47936274;48328218;52087758;52321859;53418108;53732536;54907801;57569652;62429391;62664293;68149195;68149273;68542498;68777441;71287065;79040171;79902809;80059297;80137082,ACH:52,yes,no,Exact alternative detector pair with point-row provenance; not added to original v783 graph or physiologically validated
38,P_alternate_automated_detector_same_specimen,720575940623239133,720575940625282488,LA_R,720575940623239133,51,940375;2272455;2508175;4306617;6811769;8536971;9006840;9947394;10810807;11045357;11045358;12689237;15351696;15822113;19738338;21772906;21850816;23650213;25452036;25608237;29447974;33439351;34301648;35085328;37984782;38063075;42688053;43079981;44410689;48015218;48876453;50833994;51460839;55377831;57569841;57882949;58353828;58588910;59530245;60390986;61254145;61332390;62194495;63917730;64388273;68777709;70112112;72384452;72463022;78805467;79118526,ACH:51,yes,no,Exact alternative detector pair with point-row provenance; not added to original v783 graph or physiologically validated
39,P_alternate_automated_detector_same_specimen,720575940625781692,720575940613253874,LA_R,720575940625781692,51,2351246;6497854;8457896;8850269;10575283;13314973;13785275;15508289;17074079;17779994;17780265;21694206;22634419;25608542;26705132;28193500;28586224;29526207;31013112;31404055;32030238;35870680;36496959;38533746;38926551;41982134;43862804;44019740;44254034;44332223;46291490;53575939;53575974;54437503;61410722;63996214;64780039;64858395;65327924;66032815;67912633;68699084;69248631;72384288;73872888;74656359;75673586;76222514;77317750;78414527;80137384,ACH:51,yes,no,Exact alternative detector pair with point-row provenance; not added to original v783 graph or physiologically validated
40,P_alternate_automated_detector_same_specimen,720575940628728040,720575940652335862,LA_L,720575940628728040,51,1569567;6187097;7518926;8616645;12925540;14882955;16370788;16684535;17233502;23651832;25923995;25923997;29135809;30075787;34538846;35715047;36968883;39085123;41826706;41983660;42689434;43550932;44412107;45509261;46057446;46842587;48485852;48799762;49425088;49896381;50130441;51698024;52011487;55144662;55928216;60079277;60157800;60784549;61019463;61646476;64076313;64310409;64467887;64625400;66112208;66503451;66660030;66816409;73482422;74657639;78571797,ACH:51,yes,no,Exact alternative detector pair with point-row provenance; not added to original v783 graph or physiologically validated
41,P_alternate_automated_detector_same_specimen,720575940609016668,720575940628695751,LA_R,720575940609016668,50,77717;2037358;2428917;14255296;14333257;15821611;20051393;20364311;21538058;22319603;22555843;23259470;24590261;27097264;32578435;32969083;33204314;33987491;34772457;37905816;39005125;39865428;42922752;43392120;44645145;45036988;47779869;49424092;49580788;49816226;52949735;56161679;62429199;62821495;63995799;66579325;67128667;69169801;71835071;72619253;72696998;72775759;73558733;73716098;75360198;75908269;76378100;79039565;79588348;79823803,ACH:50,yes,no,Exact alternative detector pair with point-row provenance; not added to original v783 graph or physiologically validated
42,P_alternate_automated_detector_same_specimen,720575940610821188,720575940613459314,LA_R,720575940610821188,50,940272;1097787;4697390;6890184;9241919;11123602;13393863;16839513;19581551;20676911;20833378;21068486;21928805;22946604;23572480;24277612;24903611;25373413;28743321;30309024;30700653;39318677;41982218;43237023;43392676;44019545;45037057;45586278;46527132;46840903;47075479;53105538;56552277;57178516;58510493;61958887;62977731;65641181;66267442;66736813;67520864;68227314;69797807;70503454;70738310;71365636;71834880;74969527;76378660;79510607,ACH:50,yes,no,Exact alternative detector pair with point-row provenance; not added to original v783 graph or physiologically validated
43,P_alternate_automated_detector_same_specimen,720575940612735194,720575940625590460,LA_R,720575940612735194,50,940274;1646250;3369964;4541175;6263418;8223385;9398496;10339402;10966960;11123604;11280173;13629142;13629247;15430277;16604799;19424799;23728670;26940676;28037681;29134691;34065852;34850776;35556306;37045591;38455337;39318777;40335824;41590424;44019556;45115622;47544458;48328179;53654135;53810916;58432566;59686965;61566604;63446804;64545547;65014297;65641008;67677826;71051837;71678768;72306293;73246006;76378558;79353230;79431852;80059259,ACH:50,yes,no,Exact alternative detector pair with point-row provenance; not added to original v783 graph or physiologically validated
44,P_alternate_automated_detector_same_specimen,720575940621482667,720575940630327040,LA_L,720575940621482667,50,159067;785397;2666466;10890452;11203376;12690572;15824135;16058442;17154769;18094582;18251352;19505329;20053877;20210811;22869913;24201382;25767279;25924678;31641018;32892796;34538828;35165330;41122098;44568932;45117703;45745279;46528864;46920600;49191015;50914187;54047872;54831807;61647055;62038395;65798810;66112284;68307782;69328301;69406492;69878956;70035389;71053956;71757935;72073011;72150625;72856251;76302805;76772126;79042327;80060969,ACH:50,yes,no,Exact alternative detector pair with point-row provenance; not added to original v783 graph or physiologically validated
45,P_alternate_automated_detector_same_specimen,720575940622545023,720575940627311491,LA_R,720575940622545023,50,156664;312881;390773;1959209;2978803;3369944;4931512;5245161;6263371;11436946;12845182;13785502;16682758;17623303;17623540;19189339;19581827;20130112;22320308;22712374;23259583;26940489;31092048;33360836;35399271;35556344;36888401;37593502;38848397;48954459;49111598;49816626;50677461;51538610;51538817;60077689;60861543;63525346;65876109;67912933;67991474;70346658;71287176;74500225;74656541;77083051;77787701;78962016;80059424;80215407,ACH:50,yes,no,Exact alternative detector pair with point-row provenance; not added to original v783 graph or physiologically validated
46,P_alternate_automated_detector_same_specimen,720575940633176351,720575940617044018,LA_R,720575940633176351,50,1724897;3135660;5872481;6263544;6419813;7831325;9006689;9085602;12454077;12532182;14255462;20051840;20286908;20755446;21224709;23259569;23885249;25217468;30857335;33361024;34223256;34850963;35163879;37280571;38298894;40257563;42218118;42609828;43158502;44097952;44098166;45037233;45429087;47153684;48171513;49895086;50285959;51225733;55534693;64388307;65171546;66737156;67677692;68384863;70112128;71678610;72932774;75282421;76065422;76456980,ACH:50,yes,no,Exact alternative detector pair with point-row provenance; not added to original v783 graph or physiologically validated
47,P_alternate_automated_detector_same_specimen,720575940618864724,720575940614519021,LA_L,720575940618864724,49,7596269;15978652;16213194;19503793;19739248;19974315;20521801;22478358;23886170;24121116;24669582;25923132;26079337;27803571;29448621;30231545;33283014;34616020;36732565;38221029;40101016;40493888;41277224;42532030;44724670;44959765;45900493;48407132;50912561;52322724;53576794;56475309;57336107;57492560;57805343;59843806;60391518;60784164;61646063;62116499;63056596;63368904;64467748;65641680;69563154;72385145;73716718;75517534;78805957,ACH:49,yes,no,Exact alternative detector pair with point-row provenance; not added to original v783 graph or physiologically validated
48,P_alternate_automated_detector_same_specimen,720575940621349285,720575940639020122,LA_R,720575940621349285,49,1175847;2586548;6576440;7439346;7909182;12610801;16056276;18327443;19973521;20208694;20364950;21381805;22084959;23963959;25530133;28350718;29604727;33126251;33282524;34223131;34458546;34772389;35163850;38063040;38298920;39005312;39944223;40571323;40728197;40884939;42531457;42687957;44645844;46919184;49345899;51147526;55691575;58118679;60390970;64936548;65327908;66110520;66894177;69092043;71600234;72619302;73324599;75595270;79510775,ACH:49,yes,no,Exact alternative detector pair with point-row provenance; not added to original v783 graph or physiologically validated
49,P_alternate_automated_detector_same_specimen,720575940622132656,720575940618174292,LA_L,720575940622132656,49,1490116;7125919;7283410;10733121;17467744;18249721;20444113;21773460;21851364;23885873;25060817;25530915;27646413;27725151;27882103;29135347;29370458;29996710;30701507;31248658;33361591;33752694;35164372;37202554;37437459;40728733;42688469;44254702;44332961;44489355;53419235;53889649;55456770;55848929;56552871;57883547;58746364;58982071;61489364;62900487;65015095;66268150;67599852;68778349;74422720;74501026;75126800;79432682;80138272,ACH:49,yes,no,Exact alternative detector pair with point-row provenance; not added to original v783 graph or physiologically validated
50,P_alternate_automated_detector_same_specimen,720575940623005308,720575940625274772,LA_R,720575940623005308,49,1175940;1254767;2586426;3292173;5088653;6419988;6497969;8536942;10575148;10889174;13237093;13394073;13629441;14803492;20521062;22555898;23807432;24356051;27567605;27724470;28193749;28978446;31795232;33047862;33830829;35399306;35635453;36888773;39397171;40257631;45428951;47780154;48093221;48171487;48484828;49581298;52478993;52557329;54829639;57491809;59608950;62037126;62350878;63212070;64231363;66972570;70738395;71130257;74265374,ACH:49,yes,no,Exact alternative detector pair with point-row provenance; not added to original v783 graph or physiologically validated
51,P_alternate_automated_detector_same_specimen,720575940624139305,720575940613866098,LA_R,720575940624139305,49,234823;861813;4541122;7909205;9947200;14960054;15430151;16682918;19503236;21694481;21850632;22555913;24903762;25138937;26236006;30700969;30778770;31326205;31404086;32969198;34380065;37124208;37201955;40336011;40414692;40649967;41825395;45821414;47936461;51696505;53418800;53967486;57257475;58039666;59921816;61566646;63996208;66110727;67991538;68227606;69404828;71600492;72070981;75204487;75595388;76770092;76847903;80059123;80059306,ACH:49,yes,no,Exact alternative detector pair with point-row provenance; not added to original v783 graph or physiologically validated
52,P_alternate_automated_detector_same_specimen,720575940628789064,720575940620229236,LA_R,720575940628789064,49,3135648;3760139;7673972;9633572;11906587;12297286;13315297;13551060;14255424;16369416;17466972;19817143;22084974;24669036;25765975;26940660;28272444;29604744;31092074;32108527;33517705;34694325;38298692;39318947;44410679;51069003;51617752;53889029;54045820;54437937;55377999;55456023;56083229;57100398;57257646;58823949;59060742;59295521;60469380;62350988;62821596;68384860;69249001;70346724;70503641;73089315;78726774;79431969;79432144,ACH:49,yes,no,Exact alternative detector pair with point-row provenance; not added to original v783 graph or physiologically validated
53,P_alternate_automated_detector_same_specimen,720575940629714793,720575940640507533,LA_R,720575940629714793,49,1254131;1254439;3369891;6497324;7125265;9789852;12689160;13315247;14881859;16133726;16291273;16996156;17780151;22398437;24824373;27881313;27959105;29761592;30152100;31404069;35713590;36261018;36339992;36418729;36967273;37592890;38612538;40963291;41747124;45037046;45507554;53888590;55691470;57647456;61175635;63839341;66110513;67128561;67912887;68934556;69248816;70346629;72462716;73010853;73402063;73715983;75594698;77395621;79981132,ACH:49,yes,no,Exact alternative detector pair with point-row provenance; not added to original v783 graph or physiologically validated
54,P_alternate_automated_detector_same_specimen,720575940647229219,720575940620724160,LA_R,720575940647229219,49,1332491;1959536;7517454;7595640;10182225;12689261;14568603;14568725;17467064;20599090;23807434;32891216;33047888;34458530;34458531;35870648;37437058;39161974;41747101;41825292;43001583;44332572;44567460;45115642;45115689;46448513;46605755;48328385;48719674;50207109;53889248;54516592;57804841;59843204;59921833;60390960;61332239;64858350;66502072;67756543;69013327;72227390;73246091;73951603;76300787;78492224;78648993;79510788;79510789,ACH:49,yes,no,Exact alternative detector pair with point-row provenance; not added to original v783 graph or physiologically validated
55,P_alternate_automated_detector_same_specimen,720575940613474474,720575940612708010,LA_R,720575940613474474,48,1880986;4696949;5009418;6341555;6732837;8065289;8222719;9006158;9006159;10731468;12688563;13001725;13863377;15585884;19737845;21772484;27332214;30308197;30464983;32499519;33751654;37592870;39708907;41040754;42922572;43000993;43157882;43157898;46369180;47075000;48249476;48640337;49423101;50441342;56317624;56786779;59608568;60390305;63055698;65405221;66814282;67206592;72226764;72305618;77395164;78022495;79352756;79587969,ACH:48,yes,no,Exact alternative detector pair with point-row provenance; not added to original v783 graph or physiologically validated
56,P_alternate_automated_detector_same_specimen,720575940618531618,720575940621643457,LA_R,720575940618531618,48,313056;548544;1332580;3760182;6576450;8536972;8771544;10654433;11906634;13002273;14255449;14960116;18014341;22162920;23416373;25608327;26392550;28037984;28743230;31012931;31403892;34694227;35163914;37984994;38141505;38377060;39318696;39710052;46370031;48015171;51069218;51225800;52010032;52166253;54124344;55848388;56630909;57100310;57178817;59687056;61018581;62507712;63368407;67128745;71208642;75360472;75360504;77787948,ACH:48,yes,no,Exact alternative detector pair with point-row provenance; not added to original v783 graph or physiologically validated
57,P_alternate_automated_detector_same_specimen,720575940618712221,720575940627707529,LA_R,720575940618712221,48,1802412;2978616;4775301;5009728;10416832;15037682;15116692;15351344;16839026;17466523;17779724;18013670;18326816;18405135;19345755;20443110;22711774;25843330;26313935;27489331;28507488;29839384;32578073;32890955;33125618;35399084;41041267;41903152;44567086;45114967;45428411;49894693;50833615;51774990;52243767;58509967;58823780;59998793;60783283;60861267;62036770;64936193;68148996;69012724;71207918;76534580;77866081;79274419,ACH:48,yes,no,Exact alternative detector pair with point-row provenance; not added to original v783 graph or physiologically validated
58,P_alternate_automated_detector_same_specimen,720575940620753744,720575940644555168,LA_R,720575940620753744,48,469751;1332228;2115696;8223049;9476769;9555190;9868740;13393904;15665409;16134210;16526056;16761301;16996233;18954586;19111373;20833234;25217102;25765834;26157398;30230628;31091950;31325937;31717137;35320624;35713342;36027212;39396940;39475351;41747045;52244093;54359407;55299885;55926517;56005177;59999083;61566732;61880472;63134319;63446688;65562967;66267587;67442397;69798013;70033917;70972956;72854099;75594981;76065056,ACH:48,yes,no,Exact alternative detector pair with point-row provenance; not added to original v783 graph or physiologically validated
59,P_alternate_automated_detector_same_specimen,720575940621944941,720575940655593889,LA_R,720575940621944941,48,156972;6576520;6811801;7517399;7987039;8144670;10496317;11201900;13629423;14724591;14960109;16291328;17467006;19424835;20051703;21146673;21616398;23964134;27881500;28115997;30387771;30934691;32422323;32969206;35870526;39162008;40022401;44332312;47936454;53261797;53418759;53418813;54045816;57021774;64231423;64623854;65249792;65563083;65876246;67442574;68227446;70112144;74029955;75752191;75830014;77239293;78414674;79667465,ACH:48,yes,no,Exact alternative detector pair with point-row provenance; not added to original v783 graph or physiologically validated
60,P_alternate_automated_detector_same_specimen,720575940627138306,720575940620490661,LA_R,720575940627138306,48,1881268;3213388;8457071;9085005;9398281;16055942;20911591;21537955;21772481;27096524;27254360;29995845;30308940;32264686;34065774;34222859;34693693;35399064;35713315;37592354;37984375;39396928;39709441;41590074;42452657;45193465;48406046;49345577;51538583;51853104;52321033;57099198;58980976;61018174;61958687;62820974;63603518;65171074;66658095;66893875;68227237;71051392;71834536;74029739;78335773;79588702;79667135;79824170,ACH:48,yes,no,Exact alternative detector pair with point-row provenance; not added to original v783 graph or physiologically validated
61,P_alternate_automated_detector_same_specimen,720575940635168407,720575940620778516,LA_R,720575940635168407,48,860140;1722987;4929995;7515834;7829565;8691683;9788327;13862231;15820307;19971761;22083190;23648608;26782216;27409579;27957922;30386151;31168255;31246361;34378249;37904744;39081842;39551932;41510231;47073870;48561371;49500898;49815158;51380961;52790854;54749302;55298430;56159959;58822255;59919959;61330643;65012694;67362232;67519140;67911142;68068793;69325231;70579967;72852387;73714348;73950294;75280597;77472141;77943069,ACH:48,yes,no,Exact alternative detector pair with point-row provenance; not added to original v783 graph or physiologically validated
62,P_alternate_automated_detector_same_specimen,720575940635168407,720575940640620349,LA_R,720575940635168407,48,3290415;5557037;6027105;8535137;9553615;11669741;14645105;14801650;18169171;18561134;19423661;19501440;19815329;19971762;21066879;22944849;24823248;29133077;32967500;34378326;35633632;35711887;39238635;39473637;40020739;40883175;43078107;44096307;45192177;45819684;47621579;48326505;53574169;54122550;55689832;57255786;58037944;59685347;63916156;65874454;67676037;67832766;71677080;72695729;73949960;74576920;75593504;76142021,ACH:48,yes,no,Exact alternative detector pair with point-row provenance; not added to original v783 graph or physiologically validated
63,P_alternate_automated_detector_same_specimen,720575940638556382,720575940637169008,LA_L,720575940638556382,48,1569900;2744615;3371767;3996065;4776919;6343366;6499091;7518700;13004098;15509963;16684452;18250985;19347614;20757177;21852524;24043451;28430676;28901902;30780150;32266756;32970871;33910636;34773625;35479189;36185051;37438192;38849772;40415821;41356236;46920562;51227567;53185733;53263354;54282375;55301346;55379683;56162965;56711134;60470717;60471111;60548916;62587533;62979221;65486386;66347375;67757945;68465536;70897227,ACH:48,yes,no,Exact alternative detector pair with point-row provenance; not added to original v783 graph or physiologically validated
64,P_alternate_automated_detector_same_specimen,720575940610715204,720575940625590460,LA_R,720575940610715204,47,78289;940530;1489477;2586600;3447637;5872437;10654220;10888899;14176681;16839512;18876351;19738441;21459922;23650130;27881232;27881324;29526099;35791960;38769839;39318776;39397086;39865885;40022367;41120026;43705809;44959246;45586277;46448353;49267439;51460619;53888938;54751018;61332320;61566602;62743198;64309289;65719262;66893960;67442261;68463629;69092051;71287020;74656517;75908526;76456933;78492145;79745881,ACH:47,yes,no,Exact alternative detector pair with point-row provenance; not added to original v783 graph or physiologically validated
65,P_alternate_automated_detector_same_specimen,720575940618115289,720575940629706343,LA_R,720575940618115289,47,1332456;1489525;2429493;2978819;4697244;5558528;7203993;7908877;8223262;9789897;15665207;20364895;20520884;21850639;23494420;24042129;29604616;34694186;35713298;38533747;39943911;41198172;43314612;43549314;50990623;53654183;53967178;54516270;54516451;59921450;60312693;62977560;63446487;63996137;64388132;65562777;66815164;66893905;67050566;67128603;68148957;73167708;73951533;74500224;76848012;78962015;79981011,ACH:47,yes,no,Exact alternative detector pair with point-row provenance; not added to original v783 graph or physiologically validated
66,P_alternate_automated_detector_same_specimen,720575940618849537,720575940609236060,LA_L,720575940618849537,47,2039237;3917299;4073131;5089960;5638017;6891551;8537749;9948259;11046839;12611747;14178270;15666430;17546511;17702487;21539646;21851660;24513269;24592111;25218322;26079658;26315175;28587642;30935873;31327540;33674617;37750760;38300275;40415513;45273162;46998488;47310882;47937426;53028583;54203612;57101289;58904273;61177096;65172534;67913843;69171094;69956058;71679661;74657583;74658076;77240742;79903883;79982146,ACH:47,yes,no,Exact alternative detector pair with point-row provenance; not added to original v783 graph or physiologically validated
67,P_alternate_automated_detector_same_specimen,720575940620666315,720575940626014734,LA_R,720575940620666315,47,77933;2899620;4463117;6185541;6811581;8850019;10417118;15272868;15430113;16212518;16447377;19659503;19973211;21146513;21538137;22006567;27175733;30778464;34771837;36888556;39005019;40492772;42609589;43627326;44019465;46134576;46605462;46683855;46840575;46997412;48797838;48876112;49502310;50364132;54124154;54750554;55847998;60782993;64466875;66501584;67520512;67991284;68934584;71992167;72384115;73873097;76534860,ACH:47,yes,no,Exact alternative detector pair with point-row provenance; not added to original v783 graph or physiologically validated
68,P_alternate_automated_detector_same_specimen,720575940622303216,720575940625274772,LA_R,720575940622303216,47,2351335;4697497;7204127;8928602;10104229;11749421;13002386;13237073;18641351;22556031;27489708;29369754;29996098;30622654;31717123;33595705;35948982;36731988;36888667;37045908;37906441;40649960;42452990;43001712;43862895;47466383;51931618;53339913;56396671;58510626;66815191;66894244;67128770;68463829;68699365;69405010;69719142;69876911;70738513;71130256;72070706;73324566;76613189;78101357;78101479;78570606;80137665,ACH:47,yes,no,Exact alternative detector pair with point-row provenance; not added to original v783 graph or physiologically validated
69,P_alternate_automated_detector_same_specimen,720575940631750095,720575940628160004,LA_R,720575940631750095,47,234919;312846;4619254;5714984;6342117;10104124;10182343;11123827;14568636;16369233;17544948;18562734;22241186;25451965;30778865;31795254;31795255;33361039;34143964;35477341;36027370;36967405;39397292;41354941;43941254;44019885;44645808;44724068;46762866;46841000;47075709;47388264;49111459;52635582;57883062;59295438;61332377;62115583;62272828;65797412;65876181;68306336;69483518;73559399;75595389;75751967;76300587,ACH:47,yes,no,Exact alternative detector pair with point-row provenance; not added to original v783 graph or physiologically validated
70,P_alternate_automated_detector_same_specimen,720575940633176351,720575940652575222,LA_R,720575940633176351,47,1724707;2743368;3135692;3447973;4541030;6107335;8536987;9947225;10339421;11828309;12453896;13707187;16212690;16369408;18014159;20130221;20443537;21538324;21538355;22163056;23494657;24277721;27724629;30466150;32264890;38848375;39475414;41668792;42374826;46134754;48250113;49972732;50129097;53576124;56318101;60077675;62586268;62743081;62977961;63212172;63603917;65171710;65406415;66737158;67912999;71913848;72070966,ACH:47,yes,no,Exact alternative detector pair with point-row provenance; not added to original v783 graph or physiologically validated
71,P_alternate_automated_detector_same_specimen,720575940655596193,720575940621292992,LA_R,720575940655596193,47,5167271;9555165;10025470;10654422;10810832;14960065;16604631;16604851;22634551;23338553;25139112;25373516;25765908;28429435;31795351;32343565;33126250;37202040;38376995;39083723;40493322;41590358;42218113;43392773;43627783;43627785;45977668;46527238;49424111;51069206;55222298;56005176;56709414;57257547;59687069;60861820;61097260;63368325;63603853;64623947;67442491;69326900;70973230;73324552;75438364;78101636;78726984,ACH:47,yes,no,Exact alternative detector pair with point-row provenance; not added to original v783 graph or physiologically validated
72,P_alternate_automated_detector_same_specimen,720575940612899763,720575940623441151,LA_R,720575940612899763,46,2351355;3994322;11280026;11359156;13551199;13785302;19189504;19425022;20521243;22320035;23650107;24120336;26157494;26627390;27489379;28508069;35556458;36496847;36653284;37280692;39943943;41825069;42296461;44332245;48249924;49423902;49424159;50207020;50364000;50990457;52321903;61254068;63525455;64388102;64623845;64623955;65719133;66972575;67599148;68934722;71835188;72149143;74265337;75752175;79040151;79589020,ACH:46,yes,no,Exact alternative detector pair with point-row provenance; not added to original v783 graph or physiologically validated
73,P_alternate_automated_detector_same_specimen,720575940621193051,720575940605376224,LA_R,720575940621193051,46,627106;3447799;4384556;5950783;10575284;11358972;11984092;12140811;12453913;14881978;16604745;17701443;22946628;23494457;23572525;24355898;24746584;27411115;28115976;29369513;29761521;35399338;35477202;36261543;36732083;37202103;40414311;45586327;46448613;47388004;48093431;48563097;52556960;53810784;56396655;57883148;59295441;59608797;62899820;62977930;64231442;67285591;69248999;71365478;71365817;76222298,ACH:46,yes,no,Exact alternative detector pair with point-row provenance; not added to original v783 graph or physiologically validated
74,P_alternate_automated_detector_same_specimen,720575940632581945,720575940616222879,LA_R,720575940632581945,46,2116072;2193987;3292300;3682215;5088633;7125330;9947369;11593200;15194628;15194811;15822064;16839756;17780311;18092374;19268135;21694526;22006968;26000736;31639064;33673674;35792223;37671843;38926774;39397138;43549477;49111667;54281201;54672692;56552435;56787367;57100441;57726651;60077893;61959063;65484499;65954315;67207215;68699458;69405018;77083067;77239460;77395843;78023153;78414622;79824528;79981382,ACH:46,yes,no,Exact alternative detector pair with point-row provenance; not added to original v783 graph or physiologically validated
75,P_alternate_automated_detector_same_specimen,720575940606503870,720575940629706343,LA_R,720575940606503870,45,3525868;7439328;7986921;8144570;10417307;10654066;11827959;12375271;14020160;14176534;14255045;17858302;20286570;20598944;21146520;21616097;22241227;23024636;23338494;24668906;25217326;30387560;30544361;33126194;37436673;38141403;40571304;44958909;45350512;45899622;50833627;53183840;55926499;56474411;56630692;59842932;62664489;66972200;69326836;69719310;70190322;71600425;72462704;73402531;74578551,ACH:45,yes,no,Exact alternative detector pair with point-row provenance; not added to original v783 graph or physiologically validated
76,P_alternate_automated_detector_same_specimen,720575940617920827,720575940624468809,LA_R,720575940617920827,45,4384479;5872439;7517341;7987323;9319749;11906392;12532130;13315147;15430252;18483870;19111348;21850738;23338572;25687171;27097506;27567426;30152125;31638976;33752178;40257705;40884827;41276665;43079897;43784466;45507707;45743023;45821253;47388120;47623324;48014976;49189537;50990578;59374255;60783408;61802608;62586071;66110809;66737068;67442507;69013106;70581607;70738268;74343537;74578462;76847862,ACH:45,yes,no,Exact alternative detector pair with point-row provenance; not added to original v783 graph or physiologically validated
77,P_alternate_automated_detector_same_specimen,720575940618849537,720575940618219067,LA_L,720575940618849537,45,628407;1098639;7205246;8929909;9242930;11516149;14021611;18328894;18484785;18877501;20444859;21304673;22163879;24200667;24983150;25767240;30466999;30779693;31170937;31718009;32187854;33205230;35165276;36419644;38299820;40337477;41512770;41669618;43864008;44489776;45666342;49190970;50991606;55849177;58511468;63840418;64702733;66112132;66190167;69798929;70896866;73169173;73874596;78806344;79903884,ACH:45,yes,no,Exact alternative detector pair with point-row provenance; not added to original v783 graph or physiologically validated
78,P_alternate_automated_detector_same_specimen,720575940620722000,720575940624038340,LA_R,720575940620722000,45,1018797;9711552;13471986;15586595;18327148;20598728;21224224;21381514;22006448;22084615;26157206;26548650;26862560;27175753;29604309;32578236;32968868;34143692;34458176;34458177;35477336;35635105;36105431;38533638;39240103;42765805;43627392;44958851;46213113;54124152;54516182;55848009;59686955;59921344;64623651;64623652;64701525;67285554;69248624;71365642;74108520;76378668;77630418;77865981;78022819,ACH:45,yes,no,Exact alternative detector pair with point-row provenance; not added to original v783 graph or physiologically validated
79,P_alternate_automated_detector_same_specimen,720575940622056368,720575940628160004,LA_R,720575940622056368,45,234727;1803130;2978957;3057319;3916478;5480478;5637106;9789850;10104123;10182344;14176790;18327596;20130067;20521194;21928925;22868214;25295482;25451845;25687218;27332872;28664445;29448072;29526104;30778765;35242235;49111457;49189659;49424124;50599239;52166162;54516411;56083440;57335523;61018473;61958896;62350800;65014492;68621082;72306235;72541092;74343586;74422170;75360290;77552328;79824478,ACH:45,yes,no,Exact alternative detector pair with point-row provenance; not added to original v783 graph or physiologically validated
80,P_alternate_automated_detector_same_specimen,720575940622799137,720575940625282488,LA_R,720575940622799137,45,1646252;4853751;5714985;6107260;6576308;6890002;10339408;10417130;12140909;13629082;13629083;18327571;18562855;19189712;20989925;21068666;21850597;22163055;27097542;29996155;31013143;32734817;34928828;35948769;36261710;37280759;39553677;40884926;43706105;52244265;53732649;53810749;54986320;57569619;58039797;59530451;65641121;65641224;68856081;69876828;71365641;76300810;77630891;79040124;79353238,ACH:45,yes,no,Exact alternative detector pair with point-row provenance; not added to original v783 graph or physiologically validated
81,P_alternate_automated_detector_same_specimen,720575940624870217,720575940630123351,LA_R,720575940624870217,45,469663;6497714;7909222;8693165;9633525;9633526;11906622;13002229;14020049;16447847;16761334;22556077;23259644;23572520;26078570;27411208;28193886;28272379;30934776;31717051;32734949;33047871;33360820;35085488;36105809;42687866;43392820;44019688;44645793;47153643;51931608;52087959;55613246;55926836;60156251;61332253;62821535;69562638;70973154;73794733;73873016;77083044;77788013;79746223;80059291,ACH:45,yes,no,Exact alternative detector pair with point-row provenance; not added to original v783 graph or physiologically validated
82,P_alternate_automated_detector_same_specimen,720575940627671433,720575940616593221,LA_R,720575940627671433,45,1646222;3916277;7204212;12297074;13236845;14882012;15978080;16212473;16291187;17074228;19895089;20286740;20598903;23024586;23338571;27724400;29761488;31952089;32578513;35399240;39944083;43001639;44253964;44254088;44880283;49189538;49345915;50990544;51382221;55534804;56083237;56083388;56709225;62037083;67520834;70581568;71992477;72149123;73324415;74108479;75047794;76535040;78492279;78570812;78570813,ACH:45,yes,no,Exact alternative detector pair with point-row provenance; not added to original v783 graph or physiologically validated
83,P_alternate_automated_detector_same_specimen,720575940628442389,720575940628975690,LA_R,720575940628442389,45,1724898;3213805;5010119;10417197;15038382;17232133;18405478;20051580;23650212;25451844;26627733;27724628;28978409;30857384;32108523;33673684;35163795;35477340;35477511;37201807;39944245;41198229;42061118;42218263;43314951;46370014;50364350;51931724;52244493;57413980;60547506;60705352;61802645;63211987;65406354;67363752;67677900;67913001;68699456;73402702;74343582;76143725;78648997;79431967;79667310,ACH:45,yes,no,Exact alternative detector pair with point-row provenance; not added to original v783 graph or physiologically validated
84,P_alternate_automated_detector_same_specimen,720575940629499395,720575940621643457,LA_R,720575940629499395,45,1646333;2272631;4931867;6185460;6576477;11984249;13002378;13629433;17074379;18483886;21068627;22163017;29996238;30934819;32813151;33047571;33595666;34301637;36967507;37045942;39475404;41747236;42766230;44880406;45977620;50364348;55143733;56474456;56709461;56943381;57413972;58667318;60547750;62821321;65641219;67991511;69013345;69013366;69170147;70581830;70895405;71287260;73246189;74343783;77788040,ACH:45,yes,no,Exact alternative detector pair with point-row provenance; not added to original v783 graph or physiologically validated
85,P_alternate_automated_detector_same_specimen,720575940635013020,720575940627203843,LA_R,720575940635013020,45,5323359;6106700;7360644;7439385;8615008;9711547;13080106;15037992;18326861;18641196;18719871;19346261;19973398;23649827;23728799;23885133;25059710;26235745;30934763;31951990;35242237;35477186;37201732;38533812;38769860;41433394;45350495;46134106;50833616;51146966;51853119;54202124;57491512;59842647;67128591;69091439;70895338;72853591;72932158;73167684;73480894;75751984;76300424;78962086;80137464,ACH:45,yes,no,Exact alternative detector pair with point-row provenance; not added to original v783 graph or physiologically validated
86,P_alternate_automated_detector_same_specimen,720575940609221900,720575940615179094,LA_L,720575940609221900,44,157462;1176440;1333026;3370487;3760621;7518245;9007546;9399340;9869329;10340048;14177394;15587739;16213160;17780838;20209137;21773352;21773353;25923103;31717634;34459101;34694805;36810713;42218759;42218966;46213932;46998098;52166724;52714846;53419478;53576501;56631480;58354401;58589585;59765585;59922300;61097820;62273244;62900410;65172149;66111298;67286392;71757013;77318655;77396282,ACH:44,yes,no,Exact alternative detector pair with point-row provenance; not added to original v783 graph or physiologically validated
87,P_alternate_automated_detector_same_specimen,720575940612839793,720575940613675030,LA_R,720575940612839793,44,3447779;5793129;6185412;6263192;6263386;7282762;8301488;8850053;16761211;18954881;20208166;22084627;22712251;22790095;23963952;25059824;25765811;31560629;32264895;33751878;34537116;36261144;37045724;37749561;37984651;38298822;40414314;40806523;42374410;45115562;45664883;48093018;54124006;56161714;60547458;61253955;63917751;64309143;65796957;70659773;72775528;72775697;76534889;77317742,ACH:44,yes,no,Exact alternative detector pair with point-row provenance; not added to original v783 graph or physiologically validated
88,P_alternate_automated_detector_same_specimen,720575940613971683,720575940630863104,LA_R,720575940613971683,44,940254;2743002;3291883;4071743;6811625;10181722;10654120;14333209;17231771;17544991;19659722;20286628;24668722;26940519;27097584;27097592;29604455;30074257;30309122;30465855;31560564;33517578;35241831;38769851;44723512;46134431;47153384;48562938;48641185;49345672;51225325;55300074;56709160;59060387;59686826;64466727;64858292;67442239;74500280;76143607;76847902;79196525;79588766;79667344,ACH:44,yes,no,Exact alternative detector pair with point-row provenance; not added to original v783 graph or physiologically validated
89,P_alternate_automated_detector_same_specimen,720575940618663069,720575940606810889,LA_R,720575940618663069,44,1724699;3135370;3447231;7752599;9006495;9163101;13551086;14411782;14646194;17623638;19581675;21616124;22320171;23572497;23572500;24355379;24981979;29369786;31716866;35163700;36027299;39787857;41433515;43237039;45193177;46527150;47779959;49972573;50364264;53339520;54437602;54672548;56161456;56786771;58432533;59138686;63289762;65797327;66579758;67677689;68542324;68699283;75437987;76612853,ACH:44,yes,no,Exact alternative detector pair with point-row provenance; not added to original v783 graph or physiologically validated
90,P_alternate_automated_detector_same_specimen,720575940618712221,720575940626912787,LA_R,720575940618712221,44,4931506;5322999;5401317;7282165;7439320;7908919;8223044;8849743;9006181;10496121;10810208;12688608;18326847;18719462;18719515;19502684;19894911;21224325;21302700;22006549;26470119;29682375;36731689;36967103;38298527;38376818;38533735;40414290;40649693;50598947;50990414;51146906;51146948;51146961;53496445;62036465;66579443;72305603;73558807;75047409;76925459;77787679;78648612;79431792,ACH:44,yes,no,Exact alternative detector pair with point-row provenance; not added to original v783 graph or physiologically validated
91,P_alternate_automated_detector_same_specimen,720575940620665680,720575940635946091,LA_L,720575940620665680,44,785315;1647829;3527627;3995736;6734861;6891604;9321357;11908548;12925531;12925541;17075801;18642833;19347888;20523260;21226092;23183367;24121783;24279280;33206291;36498383;41200322;41278138;44177480;44333928;44333934;45901142;50678856;54047157;54909898;58668725;59610334;61882176;64154682;65329397;66348181;66816852;69406409;69956576;72934846;73953064;74032093;75049331;79512136;79668924,ACH:44,yes,no,Exact alternative detector pair with point-row provenance; not added to original v783 graph or physiologically validated
92,P_alternate_automated_detector_same_specimen,720575940621090213,720575940621292992,LA_R,720575940621090213,44,390948;1018913;2821435;2978862;7909317;8615217;8771699;11123824;19268104;21616226;22946541;24746595;25138991;25452074;27646013;27803112;28116003;32108440;33360924;33752155;34615458;35007180;37515162;37749692;39083752;43863087;43941477;48328422;50677426;51069096;52166175;57648141;57726500;60705225;61097358;64780025;66658613;68227542;68621073;71208556;73559388;74891349;77083015;77709604,ACH:44,yes,no,Exact alternative detector pair with point-row provenance; not added to original v783 graph or physiologically validated
93,P_alternate_automated_detector_same_specimen,720575940621482667,720575940624227210,LA_L,720575940621482667,44,863399;2667020;5795757;6421437;7519035;8303745;10812366;11517354;14021639;14256945;15979511;20445570;21774845;24514079;26316390;29920141;36107210;36734078;37517357;38850536;39399371;40651508;41592477;42532877;42845754;46136126;49583254;50287269;52011573;52794056;54361634;59688513;60627823;61568878;61803993;61804111;64860560;66660032;70974761;71680141;71680143;73013068;75439731;77476106,ACH:44,yes,no,Exact alternative detector pair with point-row provenance; not added to original v783 graph or physiologically validated
94,P_alternate_automated_detector_same_specimen,720575940622270273,720575940629222087,LA_R,720575940622270273,44,4695809;6810746;8535691;9475711;10181181;12217970;12688035;14254189;15976896;18640196;21771673;22397326;25450830;27566428;28192672;29916922;35162738;35398292;36495817;36809037;38690332;40021366;41667616;42059998;45976315;47308910;48327171;50284726;51381221;52321028;52791444;62193276;64230236;67676686;68541482;69247822;70815635;71833971;72305110;72305111;73872043;75750958;79666330;80214566,ACH:44,yes,no,Exact alternative detector pair with point-row provenance; not added to original v783 graph or physiologically validated
95,P_alternate_automated_detector_same_specimen,720575940625113015,720575940626023568,LA_R,720575940625113015,44,1724701;2664684;6889904;9163634;11123427;11828023;12374997;15272876;17310546;17310713;18405420;19267838;21302970;23259386;23572317;24277548;37123978;37592914;39709695;39865543;41903218;44332367;46291497;48093149;48327981;49502324;49972400;50441821;54594322;57257355;57257467;58823776;58823952;59608758;61253835;62821313;66110573;67442190;67599182;69091717;69091799;69169670;74969368;77787681,ACH:44,yes,no,Exact alternative detector pair with point-row provenance; not added to original v783 graph or physiologically validated
96,P_alternate_automated_detector_same_specimen,720575940626928740,720575940628220682,LA_R,720575940626928740,44,78311;783172;2351174;2900009;4463289;4931689;7046868;8301651;9633586;14255386;14724573;15117031;16212666;17545164;18170929;19268197;19346410;23650232;24120405;24277716;25373428;27254723;36027324;37827950;39709866;44254103;44410706;46762832;47780095;50129075;51775625;53654157;58118670;58588882;64388297;68463647;68934754;70190432;73559449;74578517;75047845;76300600;77788028;78805430,ACH:44,yes,no,Exact alternative detector pair with point-row provenance; not added to original v783 graph or physiologically validated
97,P_alternate_automated_detector_same_specimen,720575940629285873,720575940608164994,LA_R,720575940629285873,44,548199;5558713;6889738;8928283;14098216;18170882;18249192;20599004;23572599;24277542;25451648;26783637;27254646;28429158;29056733;29212460;29212776;30934767;32108458;32264894;33751855;35007052;37827799;37984801;38062744;38769673;40335978;40727927;40728089;42217920;43627771;47231528;49738296;52166055;56474211;58197251;62821423;65249643;66815114;67442386;73637818;75126202;77944581;79274955,ACH:44,yes,no,Exact alternative detector pair with point-row provenance; not added to original v783 graph or physiologically validated
98,P_alternate_automated_detector_same_specimen,720575940631301883,720575940614574511,LA_R,720575940631301883,44,3056832;5323267;7124985;10339238;12140505;13080361;15272537;15899990;17857972;19581172;20443098;21693892;21850097;23338278;24041604;24199032;24981950;28507725;32499508;34065792;36027029;37984622;41354685;46291491;48484560;49580917;49972090;50363957;57021565;60939682;61488425;62507306;62821238;67442436;69719027;71443574;72070615;72148940;75829839;76065029;78883879;79353082;79666858;80137386,ACH:44,yes,no,Exact alternative detector pair with point-row provenance; not added to original v783 graph or physiologically validated
99,P_alternate_automated_detector_same_specimen,720575940633561887,720575940626380365,LA_R,720575940633561887,44,234715;312965;7046635;9947189;11045478;12297240;18798001;18798086;19032516;19346326;21538254;22162960;23024739;24199307;28743140;29839667;31482118;33126137;35085321;36339922;36888547;41198237;41511871;47544684;48641450;50364123;52087920;53732542;54907715;55456132;56552385;57726521;58118587;60077647;62429349;68856173;74265151;74578497;74813304;76691411;76847806;78648909;79118332;80059389,ACH:44,yes,no,Exact alternative detector pair with point-row provenance; not added to original v783 graph or physiologically validated
100,P_alternate_automated_detector_same_specimen,720575940638921700,720575940637125495,LA_R,720575940638921700,44,1175881;7046793;7517444;9085609;9398650;13393993;15430176;16212590;18876615;21146592;21538208;21929005;22399057;25451725;26157547;26705204;36261686;40022446;41903393;43158235;43627722;49345908;53654216;54045719;54986007;56005110;56005183;56552341;58275416;58432586;59060600;60861883;63134355;64231319;64701578;67207132;70581778;71678787;73951624;75204587;76613119;76926067;78023119;79118420,ACH:44,yes,no,Exact alternative detector pair with point-row provenance; not added to original v783 graph or physiologically validated
101,P_alternate_automated_detector_same_specimen,720575940640017597,720575940622638106,LA_R,720575940640017597,44,3681821;6028477;6497605;6654864;7517406;8771499;10260866;11515016;12845254;13707047;16761224;18249205;21381712;22946567;24277733;24511701;26000574;26862693;27018933;27332505;27567455;28900050;29761616;30544116;32186369;33126284;35635320;38455565;39866134;40571500;40806506;41825328;49894701;52400346;53889070;56396318;57021781;57413626;60861737;62899622;69483453;71287066;74578341;78257947,ACH:44,yes,no,Exact alternative detector pair with point-row provenance; not added to original v783 graph or physiologically validated
102,P_alternate_automated_detector_same_specimen,720575940607773314,720575940617338683,LA_R,720575940607773314,43,548164;2507708;4696863;4697194;6106579;11827565;11983513;12140448;12531583;16290963;16525470;19973177;21067932;23338228;25608226;27332189;27410752;30230367;30856625;33047448;37436146;40727544;42609039;44332163;44488495;47075291;47935945;51617350;51696254;54594272;54750385;63211742;64466375;64623601;65327590;65718573;66423653;66893566;68148675;68541982;71286773;76690853;77395130,ACH:43,yes,no,Exact alternative detector pair with point-row provenance; not added to original v783 graph or physiologically validated
103,P_alternate_automated_detector_same_specimen,720575940611550840,720575940625514023,LA_R,720575940611550840,43,234734;312855;861290;1018824;2193959;3369680;4618933;5088447;9476637;15977835;19032534;19503030;20130077;21146521;21772575;25843837;27959451;28272264;29995931;30309034;30465973;33830642;35477354;37827945;38769854;39943980;40728076;42453077;44488626;45428793;46997426;51931519;57647804;58197236;59686979;65092908;66894068;67677684;70346545;71208441;73716018;74891210;77709486,ACH:43,yes,no,Exact alternative detector pair with point-row provenance; not added to original v783 graph or physiologically validated
104,P_alternate_automated_detector_same_specimen,720575940612943066,720575940606811657,LA_R,720575940612943066,43,78321;3369794;3838070;4775483;5245150;7046272;7046576;8771486;9632918;10025401;11671427;11906276;13785480;16761047;19581680;22946457;26548837;28193172;30308963;30308994;31012897;31951945;37827812;38376847;41511582;45899426;52087455;52478709;57804208;57804674;58432222;58902764;59608635;61566130;63289775;63289776;64779933;65484279;68226959;68698795;71678418;71913674;77395659,ACH:43,yes,no,Exact alternative detector pair with point-row provenance; not added to original v783 graph or physiologically validated
105,P_alternate_automated_detector_same_specimen,720575940615167742,720575940645102372,LA_R,720575940615167742,43,861717;861719;6263480;7046850;10104015;14333339;15273051;15351377;17623648;18405588;18405733;19032407;20208458;20443445;20755415;20989966;22868338;27959670;28507886;30544450;32812946;34458593;34928978;35163842;37124091;40884954;42139488;42374579;45350678;47623143;48798319;49502463;52244390;55770237;57257456;61566806;63368373;65014265;65641019;67442328;70190270;70738317;74969682,ACH:43,yes,no,Exact alternative detector pair with point-row provenance; not added to original v783 graph or physiologically validated
106,P_alternate_automated_detector_same_specimen,720575940620665680,720575940652335862,LA_L,720575940620665680,43,79875;706575;1412578;2431066;3995744;9008258;10105594;11047585;17233501;17468531;20913265;20991310;22635931;24044251;31093480;31875190;32580083;34303617;36185119;38849854;41904914;42297995;44412099;47546850;48173492;51070609;53263433;57884497;58747144;59531799;61804022;62274065;65329421;66973991;67758015;68700843;71680166;73404081;73874668;75988659;79512138;79512722;79825853,ACH:43,yes,no,Exact alternative detector pair with point-row provenance; not added to original v783 graph or physiologically validated
107,P_alternate_automated_detector_same_specimen,720575940622404991,720575940625590460,LA_R,720575940622404991,43,3838132;9006830;16134057;18641173;19424892;22320329;22946337;23885399;26705196;28429225;28978218;29839453;30387925;30700912;33909240;35556190;39397088;45664857;49502493;50128782;53105537;54045529;57960857;58275530;58667249;59608752;62585958;63290139;66345946;66972362;68542629;69248693;70033878;70112108;70190155;70190156;70268426;72854045;73637786;74969528;75204449;75516567;75908348,ACH:43,yes,no,Exact alternative detector pair with point-row provenance; not added to original v783 graph or physiologically validated
108,P_alternate_automated_detector_same_specimen,720575940625717747,720575940625652272,LA_R,720575940625717747,43,156778;1331568;1881370;5558642;5950400;6107120;9475897;10888695;14411599;15116034;19424068;20129986;20755193;21146187;21459611;24590252;25922146;27332611;28585809;32343101;36261165;37280189;37906071;38455361;40806586;42531053;45350647;46605751;49816487;52713146;52713905;56473526;57335324;57882868;58275054;61410342;61565792;62821102;65092973;66501874;72462555;74421654;78413589,ACH:43,yes,no,Exact alternative detector pair with point-row provenance; not added to original v783 graph or physiologically validated
109,P_alternate_automated_detector_same_specimen,720575940629854507,720575940628220682,LA_R,720575940629854507,43,3604112;5637148;6107309;7909235;8223411;9006854;11671411;12375453;13080706;14255234;17701618;21303326;24433810;25295603;28429358;29448152;30387749;32108355;33282358;33517681;35320821;38534097;40022384;40963324;45664875;48093405;52244277;55456159;59921772;60861710;61253950;61802449;63134292;63603750;64701835;69798096;70816680;71208589;71287259;75673959;77944745;79667452;80137707,ACH:43,yes,no,Exact alternative detector pair with point-row provenance; not added to original v783 graph or physiologically validated
110,P_alternate_automated_detector_same_specimen,720575940631286636,720575940624293578,LA_R,720575940631286636,43,783164;2821300;3135351;4384166;8693071;9711557;10810627;11670863;11749338;11983911;12140516;15821923;16212411;17701293;17936096;18249090;21772509;28585965;30230478;31951729;33203885;38612438;39709404;40649526;41746865;42139536;44488568;46605451;48092757;48327998;49737732;51852935;52087769;55770121;57257290;58275196;64545196;70581441;70659433;74891205;77709155;78179369;79824375,ACH:43,yes,no,Exact alternative detector pair with point-row provenance; not added to original v783 graph or physiologically validated
111,P_alternate_automated_detector_same_specimen,720575940635677887,720575940613980712,LA_R,720575940635677887,43,2428551;5401619;6106673;6107152;9398485;9868527;10731500;13314939;14646206;15899447;18641142;20129617;21850412;24590543;26313909;26313910;28742676;29604083;32264615;32656339;33047468;34694127;35791590;37201895;38690844;39240070;39318295;40571013;40728051;47387280;48718573;49111007;54123681;61096287;67206559;70346037;70737418;72697108;72932121;73324007;75908146;76847843;78648327,ACH:43,yes,no,Exact alternative detector pair with point-row provenance; not added to original v783 graph or physiologically validated
112,P_alternate_automated_detector_same_specimen,720575940638616922,720575940616158530,LA_R,720575940638616922,43,940586;6576306;7282643;7673902;9319895;11045467;11437094;13080544;15665362;17310796;20208682;23181794;28821615;28978428;30857161;31717127;31873792;32186456;34772293;36653471;36967295;37280445;37515217;39318778;41119893;47153503;48250031;54751069;56318072;56552453;57882840;57961035;60861799;61880794;64545746;65171649;66110686;66815443;69798093;70346696;70895432;74343684;74578716,ACH:43,yes,no,Exact alternative detector pair with point-row provenance; not added to original v783 graph or physiologically validated
113,P_alternate_automated_detector_same_specimen,720575940607860169,720575940639886755,LA_R,720575940607860169,42,4228373;8223268;8850235;11749688;12375249;15978120;17623330;17623531;19502948;20364868;20755493;24120250;25373606;25687270;26470561;27959557;28115910;32735035;35870677;37436659;38376809;38926948;42531472;44332370;44959160;46527186;47858342;49581289;52244438;57178641;60939916;61332197;62115614;62899969;63917749;65719347;65876120;68699375;71756402;72384507;72462913;73010916,ACH:42,yes,no,Exact alternative detector pair with point-row provenance; not added to original v783 graph or physiologically validated
114,P_alternate_automated_detector_same_specimen,720575940618718977,720575940618067161,LA_R,720575940618718977,42,1175319;1410886;4149943;4775026;7986969;8065635;12766407;13158284;18170666;27723939;28429326;28743041;29682733;32108218;33126125;34771851;37436400;42139409;44645685;45428868;45977118;46997398;48405815;48876284;50285319;51303287;55455923;55612995;57335302;58039441;60312485;61802015;62428841;62977274;62977283;64231132;66423428;68620863;73951398;75673328;75986977;78101324,ACH:42,yes,no,Exact alternative detector pair with point-row provenance; not added to original v783 graph or physiologically validated
115,P_alternate_automated_detector_same_specimen,720575940620232920,720575940625075453,LA_R,720575940620232920,42,156374;939924;2350714;3837812;4540556;4853105;7517230;10654058;11827659;12296688;12610258;14176518;15429680;18719788;20286565;21068304;23024449;23103166;24433382;25372955;25607991;28350412;29134265;35870409;36574798;38848164;39474785;41746847;42843709;43079577;43705669;44410024;55064990;55926247;56474189;59060059;61644960;63838937;67598849;71992184;73794613;75594700,ACH:42,yes,no,Exact alternative detector pair with point-row provenance; not added to original v783 graph or physiologically validated
116,P_alternate_automated_detector_same_specimen,720575940620666315,720575940612877937,LA_R,720575940620666315,42,548357;5871880;7986718;12140495;13863515;18013674;18405239;18876479;19894747;26000392;26078629;26314109;29917717;31638843;34222864;35242063;37201724;37671667;38220002;38376803;39318589;40022374;43470769;43940928;44253613;45115120;45193518;47701035;48876113;48876300;52400047;53418600;56552281;57100049;58039545;63055702;63760724;63995660;74343588;75204455;76456795;77709477,ACH:42,yes,no,Exact alternative detector pair with point-row provenance; not added to original v783 graph or physiologically validated
117,P_alternate_automated_detector_same_specimen,720575940622132656,720575940620413679,LA_L,720575940622132656,42,3448552;7517999;8693956;10733089;10811404;11828759;12063236;14412670;15117519;15900670;25609049;26314750;26941455;33361567;33831374;35556931;35871308;37515667;39084185;40415258;43002133;45900332;46449020;53184563;54360142;56240450;57648659;59296116;63291023;63526043;63918496;68935210;69092591;69484049;71522871;72227774;73873853;75595805;75987699;77396390;77788682;78727344,ACH:42,yes,no,Exact alternative detector pair with point-row provenance; not added to original v783 graph or physiologically validated
118,P_alternate_automated_detector_same_specimen,720575940622814302,720575940627265176,LA_R,720575940622814302,42,626970;1646446;4384715;4775636;5714938;7125194;8065965;8380334;8457876;9006842;9163423;10417532;12531997;15038216;19424944;21772863;24277745;27802705;29683099;30074049;30857369;31639009;32030367;33047488;33126395;40100192;42609776;47466332;50911871;54281026;54672573;54672707;58353941;58588556;59374328;60861526;62664635;63290453;64701897;69955064;73167868;75752159,ACH:42,yes,no,Exact alternative detector pair with point-row provenance; not added to original v783 graph or physiologically validated
119,P_alternate_automated_detector_same_specimen,720575940624139305,720575940625798332,LA_R,720575940624139305,42,1646292;5010096;5088488;5167265;5480393;5714882;8615112;12062456;14020224;20365061;22320359;23103696;24825040;27019209;29604688;31482229;32264913;37515078;37906522;39318886;41825400;43237241;44802165;47075515;47231881;52087964;53418705;53810596;54202590;55613331;56552308;58118672;58353765;60469392;61332265;62821611;63839477;67128683;67991462;69326658;78101473;78492337,ACH:42,yes,no,Exact alternative detector pair with point-row provenance; not added to original v783 graph or physiologically validated
120,P_alternate_automated_detector_same_specimen,720575940628648936,720575940609358603,LA_R,720575940628648936,42,390964;705183;1332579;2821645;2978975;3682156;4228397;4306547;7361252;7831296;10732505;14490593;30230761;35635501;39397246;41590425;41982113;43001714;43079930;45193884;46841165;48406435;49111686;49502741;56161809;56552466;58432571;59921858;64467066;64545724;65249836;65327979;67599420;69955202;70112304;71287202;73324633;76222601;77083138;77630881;78258101;78883989,ACH:42,yes,no,Exact alternative detector pair with point-row provenance; not added to original v783 graph or physiologically validated
121,P_alternate_automated_detector_same_specimen,720575940630485626,720575940612970262,LA_R,720575940630485626,42,3057146;6419636;6654668;8457880;9163429;10732325;14490432;21928790;22477682;22868197;25687209;27254380;28664263;29134687;30230579;30544303;32186165;33830305;39865808;40257357;42452887;42687671;44253795;49267436;51147224;51303374;53418139;55926250;55926669;56004997;66110679;67520519;67990997;68070391;70972714;72697124;75595163;75908165;75908342;78414434;78491977;78961717,ACH:42,yes,no,Exact alternative detector pair with point-row provenance; not added to original v783 graph or physiologically validated
122,P_alternate_automated_detector_same_specimen,720575940631186550,720575940617537117,LA_R,720575940631186550,42,1489596;3214059;3838250;7673803;7752804;7986981;8693318;9242076;16056308;16291360;17936258;18641293;18720180;19111571;22712420;24903934;27411382;28351082;29526103;30074331;33909178;34850873;35163682;36810137;42609699;49111665;49345978;53496925;54359471;56474612;57491720;59608870;61566807;67599262;67912783;67912981;69013373;69719211;70659935;71051956;78492318;79589119,ACH:42,yes,no,Exact alternative detector pair with point-row provenance; not added to original v783 graph or physiologically validated
123,P_alternate_automated_detector_same_specimen,720575940631301883,720575940613865586,LA_R,720575940631301883,42,1489310;5636479;6419635;9163425;9163426;9476243;12766670;14959800;16604443;16760724;21537963;23806740;23807056;24668686;25687043;26940183;29839378;30073744;34222870;41119744;41197986;41824717;46134051;48563119;51303232;51382066;51538601;61802244;62507311;63603221;64309119;64623894;65171025;66110492;67912619;69562342;70659934;71600443;72697125;74029439;74421802;76612817,ACH:42,yes,no,Exact alternative detector pair with point-row provenance; not added to original v783 graph or physiologically validated
124,P_alternate_automated_detector_same_specimen,720575940631845839,720575940625514023,LA_R,720575940631845839,42,2429460;3681547;3838149;6263091;8065874;16683028;16839418;17231913;18719870;19032427;20364855;20989712;21303039;21459833;25687233;25922553;29134705;31482203;33987415;34928842;36027194;39240176;40335962;40963214;41511768;41903219;43941164;45193659;45899580;48719396;49894860;50285304;50598704;57960870;61253836;61566497;62350813;62507499;64231155;71756239;75360301;77160881,ACH:42,yes,no,Exact alternative detector pair with point-row provenance; not added to original v783 graph or physiologically validated
125,P_alternate_automated_detector_same_specimen,720575940632189970,720575940618278868,LA_R,720575940632189970,42,9711700;10339413;12689093;13551076;13551077;13941818;14020159;15586847;18170775;18798073;24199189;27410814;27881342;28743167;28743169;29682878;30543817;31326077;33673496;33987410;34223089;36967317;38062442;40806683;41982099;44959082;45821346;47544571;50128933;50598699;54594468;55613089;59999252;60705108;65092989;65406230;66658542;68699245;69326774;74578513;75126154;78257890,ACH:42,yes,no,Exact alternative detector pair with point-row provenance; not added to original v783 graph or physiologically validated
126,P_alternate_automated_detector_same_specimen,720575940636307960,720575940639236836,LA_R,720575940636307960,42,390765;627057;3681826;4462961;6654856;8693247;20676766;21068312;23259401;24042130;24199235;25922487;28507738;32890962;38691161;39083522;40022402;40022529;40179141;42139368;42687970;51696311;52322055;54202582;55300180;56161741;57100374;59764724;62194420;63446488;65562963;65562964;65875935;66032871;67520743;69326613;69640740;71756509;72932630;75360121;76456642;79980967,ACH:42,yes,no,Exact alternative detector pair with point-row provenance; not added to original v783 graph or physiologically validated
127,P_alternate_automated_detector_same_specimen,720575940606245822,720575940629949519,LA_L,720575940606245822,41,313205;3994599;5559143;5951016;6812198;7753023;8693606;12141082;15822319;20755652;23338873;24746813;25530602;27724733;29683267;32186705;33282765;33439500;34066291;34537660;34615676;34772611;35635779;35949190;36575650;41355166;42609927;43158677;44410872;51931857;53576203;55848520;60156589;62429648;62586541;65641376;65641377;66502301;69719613;73873400;79589381,ACH:41,yes,no,Exact alternative detector pair with point-row provenance; not added to original v783 graph or physiologically validated
128,P_alternate_automated_detector_same_specimen,720575940612735194,720575940614592175,LA_R,720575940612735194,41,2899770;5714766;7673801;10417293;13158286;16447815;20911660;21146505;22712398;26392262;26548999;26627524;31482186;31952263;34615341;35163604;37749592;40571471;46527131;47388307;48171301;48484748;53027556;53575851;54359368;58353893;58823947;60313026;62115485;62350690;62899960;63134290;63682651;65797304;66110681;66658424;67128709;72227154;73481045;74108716;78414318,ACH:41,yes,no,Exact alternative detector pair with point-row provenance; not added to original v783 graph or physiologically validated
129,P_alternate_automated_detector_same_specimen,720575940613196261,720575940635530687,LA_R,720575940613196261,41,2037550;2272058;3135376;3993759;4384382;6732900;7517284;10574769;11592765;15664949;18013703;18405453;21850500;22006590;25530170;26156957;27018692;27959411;28193240;28272147;34222621;38298304;38926619;40884378;45820899;48328031;49737812;50441848;52478442;55926559;57021624;57257347;58197127;58902308;62977300;63603776;64387670;65640903;66658427;66736495;76925491,ACH:41,yes,no,Exact alternative detector pair with point-row provenance; not added to original v783 graph or physiologically validated
130,P_alternate_automated_detector_same_specimen,720575940624141508,720575940620223326,LA_R,720575940624141508,41,2429692;2821515;2978993;6497936;8065788;8928599;9947260;10732494;11593315;19032737;19895130;21224724;22399093;23807256;27254697;34537320;36027388;37515212;39083687;40100524;41903553;45272338;46684309;48249963;53889063;55377850;57021913;57648082;58353945;59217341;63603782;64153076;65797350;68856105;70190487;75908398;75908525;75987307;77160904;78962235;79667337,ACH:41,yes,no,Exact alternative detector pair with point-row provenance; not added to original v783 graph or physiologically validated
131,P_alternate_automated_detector_same_specimen,720575940629714793,720575940630884855,LA_R,720575940629714793,41,4853102;4931650;12688606;12689022;14098377;15586395;15821777;16604601;16604734;16839493;22399033;22477663;23103541;23416042;25529828;28351000;29604566;30934726;32890680;32968995;36339838;37514601;40493181;48093352;49894716;54594471;55534237;61253913;62977249;63133817;63838932;64231230;66501459;66501997;69719049;70659772;72618730;74265287;75126279;76378774;78179971,ACH:41,yes,no,Exact alternative detector pair with point-row provenance; not added to original v783 graph or physiologically validated
132,P_alternate_automated_detector_same_specimen,720575940631845839,720575940631278031,LA_R,720575940631845839,41,940391;3135505;5087966;11123622;11593078;12688955;14803312;18249007;22946447;23650133;23806790;23807126;24590698;24982130;26000448;27411275;29447871;29761392;33047652;36418550;40571362;42687843;43001379;43627668;44488721;44880325;45428794;45977549;50442169;54907880;62977633;65563042;65876085;66736829;68542464;69640602;76847971;77160883;78805160;78962087;79667218,ACH:41,yes,no,Exact alternative detector pair with point-row provenance; not added to original v783 graph or physiologically validated
133,P_alternate_automated_detector_same_specimen,720575940637390181,720575940618939205,ME_L,720575940637390181,41,1028116;5881560;9799059;11602272;11993186;12463032;13794716;17319831;17710621;22565106;22643667;25382685;30944136;32744057;34310835;34781482;37133345;41521086;41677871;42305779;42853570;46300841;49198784;50295075;50608218;51234789;51705799;52097298;52175393;53349274;58990770;61106247;62438409;62595274;64084071;67059697;75369468;76231725;77326901;79441315;79441316,ACH:41,yes,no,Exact alternative detector pair with point-row provenance; not added to original v783 graph or physiologically validated
134,P_alternate_automated_detector_same_specimen,720575940638872553,720575940645643118,LA_L,720575940638872553,41,1803592;8693766;9164136;9947780;10967597;13707488;14255904;18249573;20833935;23104201;24591182;24904343;25922897;27176514;27960086;29370161;36575699;38534404;41042302;43002051;49190010;53497385;53811250;53967824;55927284;57022244;57100756;59530793;59687459;63056446;64780602;69327445;71130567;72384905;73325002;73716496;77005129;78258351;78414989;79589438;79589440,ACH:41,yes,no,Exact alternative detector pair with point-row provenance; not added to original v783 graph or physiologically validated
135,P_alternate_automated_detector_same_specimen,720575940644276128,720575940605376224,LA_R,720575940644276128,41,469674;5010091;8065934;9711768;10496467;11593334;12689246;13002387;14803147;15194769;15899959;19111377;21694572;21772877;22320200;22946626;29056796;33204082;38533957;42218138;42766102;45193837;46527336;48093430;52635497;57335451;58981617;61959101;62899981;63917580;64858117;65954131;68542655;69092072;70033920;70346728;71287070;71913854;73246120;73716048;76065386,ACH:41,yes,no,Exact alternative detector pair with point-row provenance; not added to original v783 graph or physiologically validated
136,P_alternate_automated_detector_same_specimen,720575940645991278,720575940641654480,LA_R,720575940645991278,41,2351145;5166613;5322997;5950772;7908647;8693187;8928414;9398590;11044939;11593120;11906515;13472208;14803409;14881970;15586812;22399031;22477571;24199048;29995550;30857258;31952191;32264848;32813087;33987378;34223144;45350238;47466287;48015113;48406127;51617581;53654120;58432495;62742616;68306053;70112094;71678567;72227159;73402493;76769924;77082874;79902773,ACH:41,yes,no,Exact alternative detector pair with point-row provenance; not added to original v783 graph or physiologically validated
137,P_alternate_automated_detector_same_specimen,720575940612947635,720575940612198513,LA_R,720575940612947635,40,234731;1567838;5793470;8457907;11045350;11436767;12375258;17780175;19032530;21302820;21928655;22398545;25530098;27411262;28037461;28664107;29917552;30622311;32499996;34143686;34850630;36731864;37358494;39161806;40022216;40178667;44253612;44645513;45586272;47153516;53654150;54359217;62115286;63603740;64466526;65092854;67050564;68148990;70268435;72070611,ACH:40,yes,no,Exact alternative detector pair with point-row provenance; not added to original v783 graph or physiologically validated
138,P_alternate_automated_detector_same_specimen,720575940614792623,720575940617822438,LA_R,720575940614792623,40,2664865;4775467;8457631;10810599;13472078;14176666;14646237;19346255;22319705;24433388;29134269;31873597;32969016;33204218;34223058;37280518;37593335;37984641;38220312;39709703;40962863;41511769;41746548;41902894;46918947;50285573;53967289;54280997;56317938;58667101;60861675;64074678;64545562;65719125;66423859;66501914;70112086;71286558;75751949;78570660,ACH:40,yes,no,Exact alternative detector pair with point-row provenance; not added to original v783 graph or physiologically validated
139,P_alternate_automated_detector_same_specimen,720575940615951839,720575940628310794,LA_R,720575940615951839,40,1959526;2351338;3681991;5480481;7595565;9085612;11201906;12219137;13237130;15351682;16056309;16134363;16839715;18249279;18483908;20443297;22320335;23338448;26470731;28429562;32186521;33047817;34772466;36653502;36888738;39005401;45743221;46605787;48328365;51069177;51303580;59530243;62821565;64466868;65797308;68306293;70738474;74343802;74578693;74578750,ACH:40,yes,no,Exact alternative detector pair with point-row provenance; not added to original v783 graph or physiologically validated
140,P_alternate_automated_detector_same_specimen,720575940618437922,720575940618737748,LA_R,720575940618437922,40,390882;2115911;9398633;12454109;17858507;19581708;24042303;24511908;26314346;27645951;28115841;29448203;29683031;29918057;33047800;34144021;35399436;37984942;39005257;42296668;42296669;44723989;47544809;48093412;50755876;51382429;52166236;52714000;55848231;56865635;59060573;61724020;62194497;64231484;70268462;70346684;72541298;73559323;76143877;77395860,ACH:40,yes,no,Exact alternative detector pair with point-row provenance; not added to original v783 graph or physiologically validated
141,P_alternate_automated_detector_same_specimen,720575940619065664,720575940613866098,LA_R,720575940619065664,40,2115906;3135682;8928544;10339516;11906604;12845123;15194589;15273147;17936392;21538249;26940768;31638879;37045517;38455651;41668715;43001706;43941306;46762662;48954534;53027558;53418638;54359477;55456051;55926815;56239650;57647953;64231293;64701688;66189201;67677524;68934803;70895171;72541204;73167851;74108567;75360410;75752078;77395745;77473916;79667348,ACH:40,yes,no,Exact alternative detector pair with point-row provenance; not added to original v783 graph or physiologically validated
142,P_alternate_automated_detector_same_specimen,720575940622404991,720575940614592175,LA_R,720575940622404991,40,2508169;2899656;3916278;10025514;13863845;14176682;17701320;19268138;19581858;22163007;22555818;22634329;27019092;28900002;32578504;32578505;32813123;34615241;38298691;38534052;41433547;42923205;45899569;47623132;53339877;54437734;56709268;57178513;60390691;60390780;61175561;63290135;64153219;65093006;66815275;69013141;70581492;75438146;77082889;77239144,ACH:40,yes,no,Exact alternative detector pair with point-row provenance; not added to original v783 graph or physiologically validated
143,P_alternate_automated_detector_same_specimen,720575940622939998,720575940629396841,LA_R,720575940622939998,40,1097680;3760109;4619054;6028681;6576323;10103852;10732343;11280236;11827960;11827961;22477823;23103604;26078667;26862467;27097394;28978240;32030162;36027093;36888400;37436980;37671505;39944212;41276562;46291644;46840848;48249929;51853130;57257288;60547450;64387864;65562965;65641047;66110703;66423882;67128589;67285345;74969383;77709504;78023001;79824512,ACH:40,yes,no,Exact alternative detector pair with point-row provenance; not added to original v783 graph or physiologically validated
144,P_alternate_automated_detector_same_specimen,720575940625511572,720575940639236836,LA_R,720575940625511572,40,390348;1175361;3135525;3292277;4853379;10416917;13785277;15273066;19895119;20364746;21538171;23885425;24825033;25530177;25687254;31638751;33673353;34143469;34458342;38533484;39318808;39865829;42766092;44488905;45428479;48641213;53810583;54280833;54672461;60234451;60705012;61959085;67207053;67991618;70895526;71600220;71600413;72226990;74734822;74734876,ACH:40,yes,no,Exact alternative detector pair with point-row provenance; not added to original v783 graph or physiologically validated
145,P_alternate_automated_detector_same_specimen,720575940628648936,720575940614875176,LA_R,720575940628648936,40,1646486;4150196;8144923;11593319;13942025;14176915;17467215;18249293;18955005;19817160;21224672;29839727;31248254;31482417;32264938;32578673;36967502;36967504;37749915;42218274;44645755;47153736;48719637;52635720;54751086;54751107;56239973;57021916;58667315;58745797;60313031;62350968;63446861;64153226;66658581;67442538;76300765;78805405;78805438;79903028,ACH:40,yes,no,Exact alternative detector pair with point-row provenance; not added to original v783 graph or physiologically validated
146,P_alternate_automated_detector_same_specimen,720575940628728040,720575940635946091,LA_L,720575940628728040,40,157913;1412112;1882961;2666384;3683066;8694279;11360191;13473804;13943446;18015215;19504658;20991311;22947992;23182867;28352452;29292335;32736357;35086915;38535520;39085129;39398688;44490316;45509262;48016586;51697995;51854430;53577437;54752414;60079249;60549189;64547167;64781597;67757988;67835983;70426377;73482421;74814696;75439760;76457897;78024586,ACH:40,yes,no,Exact alternative detector pair with point-row provenance; not added to original v783 graph or physiologically validated
147,P_alternate_automated_detector_same_specimen,720575940629714793,720575940641654480,LA_R,720575940629714793,40,2037177;8457626;8928412;9006676;9319891;12689024;17388447;17780126;20129637;22790038;26940757;27019195;28272353;30152228;32500085;35320341;35713044;44253936;46996964;49424118;50677316;53183768;53418576;53810732;55534776;57491465;57960842;58588697;59843076;61410497;62821498;64153149;64545554;69482961;69562363;70190380;71287004;73245991;74186286;76378669,ACH:40,yes,no,Exact alternative detector pair with point-row provenance; not added to original v783 graph or physiologically validated
148,P_alternate_automated_detector_same_specimen,720575940631048812,720575940617293398,LA_R,720575940631048812,40,78308;1175875;1802801;2193969;4384410;6419806;6654830;9633373;9947092;10810643;12923790;20364861;22241075;22868128;23181797;23885240;24511778;44253851;44801938;49424026;49424036;49502405;49738291;50990591;51225721;53105653;55534688;57491625;59138682;63055896;63995984;64936466;65719012;66815148;68463527;74500278;74969437;76143631;76378680;78101329,ACH:40,yes,no,Exact alternative detector pair with point-row provenance; not added to original v783 graph or physiologically validated
149,P_alternate_automated_detector_same_specimen,720575940631505260,720575940608340060,LA_L,720575940631505260,40,1019687;2038519;4541883;5167953;6655618;10026219;11437953;11907323;12376361;15744597;16213415;17702288;20130903;20209383;21538813;21695228;23651162;27646622;27646678;29683752;31483142;33126817;36576081;42140405;42688750;44724873;44881185;45194488;52557974;57648741;59139501;64624704;65328719;66894934;67600113;70504331;73873973;75987722;78806204;79119275,ACH:40,yes,no,Exact alternative detector pair with point-row provenance; not added to original v783 graph or physiologically validated
150,P_alternate_automated_detector_same_specimen,720575940631647173,720575940634797724,LA_R,720575940631647173,40,1958940;2429016;5322957;5479847;8692771;8692794;10731922;11044415;11827632;14411467;14881400;16212062;18248933;21067975;25529799;30229655;34536781;35398808;36027035;45585821;46290692;50990139;53027114;54045131;54358441;54829080;55064705;63446470;63681582;63682050;66500897;69796942;71834825;73715008;76300109;76690957;76925439;77473635;79431499;79902618,ACH:40,yes,no,Exact alternative detector pair with point-row provenance; not added to original v783 graph or physiologically validated
151,P_alternate_automated_detector_same_specimen,720575940632382994,720575940624835476,LA_R,720575940632382994,40,78286;626789;783155;1567992;8536746;13706877;14097882;16212280;16604616;16917797;20520832;23259051;31169782;31638709;31873614;34065955;36418405;37671524;44723805;48797916;51225465;51538635;53105499;53183651;53575362;54280726;55691369;57335271;59138393;63368236;64152807;64231109;64545401;66423572;67677551;68149024;71129875;75047690;75751834;80137422,ACH:40,yes,no,Exact alternative detector pair with point-row provenance; not added to original v783 graph or physiologically validated
152,P_alternate_automated_detector_same_specimen,720575940632581945,720575940618737748,LA_R,720575940632581945,40,3760128;3838412;3994338;4228403;4306614;8380204;9006881;11123812;13551244;14724819;18170941;22006967;25373645;27489718;28037987;30074448;31952258;32343480;34929073;36105810;39866172;41433418;46134784;48641542;49189722;51225926;51382313;51538812;55143782;55613162;56318249;60469402;61018596;61254150;62350962;65249791;68384733;70973351;73481094;77004858,ACH:40,yes,no,Exact alternative detector pair with point-row provenance; not added to original v783 graph or physiologically validated
153,P_alternate_automated_detector_same_specimen,720575940610821188,720575940627819338,LA_R,720575940610821188,39,1489476;1567998;4619218;8144730;8536653;11984054;12140695;12453778;14176680;14568537;16682812;17701410;21303125;21850595;24277699;25451838;27567432;30622618;31638835;32891021;36105591;41276527;43862860;45037058;45899568;47623031;49659416;50050800;55222075;59452132;61410664;63446803;64153037;67834582;67991428;68227413;75126181;76378657;76925776,ACH:39,yes,no,Exact alternative detector pair with point-row provenance; not added to original v783 graph or physiologically validated
154,P_alternate_automated_detector_same_specimen,720575940615708066,720575940621289236,LA_R,720575940615708066,39,2351169;3760087;5950791;8850372;9241912;9633388;11123722;13158540;15430122;23259677;27411398;29682978;31404097;33126154;34929056;35006959;36418634;37671803;37828060;39944087;41668724;41982061;42766186;44723956;46997543;49659628;51382263;52322027;57100420;58275570;58510589;61332163;63368254;66580086;69640710;77004847;77160880;80059391;80137679,ACH:39,yes,no,Exact alternative detector pair with point-row provenance; not added to original v783 graph or physiologically validated
155,P_alternate_automated_detector_same_specimen,720575940616710412,720575940625000701,LA_L,720575940616710412,39,313203;2038060;2665246;2821848;3838686;6812199;8301824;9085822;9555595;10496753;11906749;12611091;12845491;14960369;15665819;17780592;18484094;26314504;26862990;29291590;29448278;31717315;39710229;39866360;42218508;45977892;49267855;50599557;52635927;60862079;64153432;66346411;68621502;69327234;69719520;71914040;76535384;79353587;79824730,ACH:39,yes,no,Exact alternative detector pair with point-row provenance; not added to original v783 graph or physiologically validated
156,P_alternate_automated_detector_same_specimen,720575940618531618,720575940623010309,LA_R,720575940618531618,39,861914;1646331;6576384;7282821;8223298;9085584;10496455;12845218;13629329;15273243;17467062;19503046;19895247;20208659;21460101;23259628;25844525;27881414;33909148;38455660;40414663;42061120;42296664;43627808;43705937;49111535;51147322;52166244;52714033;53497129;53576093;53967458;60234591;62429347;63603906;63917898;66658440;72541177;76456864,ACH:39,yes,no,Exact alternative detector pair with point-row provenance; not added to original v783 graph or physiologically validated
157,P_alternate_automated_detector_same_specimen,720575940618718977,720575940617112321,LA_R,720575940618718977,39,626815;1567898;1646147;1959350;3525607;6968358;8928016;9947088;16682504;25687201;26391963;29761369;30230459;40414468;41041293;44801909;45428429;46526709;46605674;50833779;50833780;55065150;56552185;59060409;60077543;61331713;62664029;63995680;66815241;67363847;71678177;72306100;74186629;75595045;77004206;77473684;80058833;80215149;80215445,ACH:39,yes,no,Exact alternative detector pair with point-row provenance; not added to original v783 graph or physiologically validated
158,P_alternate_automated_detector_same_specimen,720575940620753744,720575940622638106,LA_R,720575940620753744,39,78333;3916120;6185578;7360892;9711551;10339242;10417334;10654260;12766890;16761313;19032556;21694201;21928653;27803005;34694177;34772133;36496876;41433494;41982091;43627786;46527279;52713995;55065000;56552378;56709323;58745616;65092833;65954233;66189123;68384531;68542496;69483514;70581434;74969377;75595208;76691441;77473655;77709510;78414483,ACH:39,yes,no,Exact alternative detector pair with point-row provenance; not added to original v783 graph or physiologically validated
159,P_alternate_automated_detector_same_specimen,720575940621462511,720575940631278031,LA_R,720575940621462511,39,234732;390622;940507;1489050;3916294;4463015;7046300;13002097;14881885;15273055;19346252;24041990;28586028;28664283;29291256;31795263;34458344;40178999;40335835;42609490;48641216;49345795;50990586;51538778;51853300;54045655;54594392;54672464;56474488;58588719;61410548;65954106;68934470;72541006;72541008;73324466;75360303;76769993;77866240,ACH:39,yes,no,Exact alternative detector pair with point-row provenance; not added to original v783 graph or physiologically validated
160,P_alternate_automated_detector_same_specimen,720575940621489243,720575940637773486,LA_R,720575940621489243,39,2115867;2272311;2821006;6576320;7831115;8065297;13236895;14019681;18014110;19111354;20364418;21303108;24982092;27175890;27723929;29839565;32968606;33282317;34379885;34379886;36105157;37749287;37749694;42296453;48563061;49894862;58902271;60156221;65014286;66032742;67207006;67520710;70659751;71444079;71678167;72148955;77004193;78883398;78883827,ACH:39,yes,no,Exact alternative detector pair with point-row provenance; not added to original v783 graph or physiologically validated
161,P_alternate_automated_detector_same_specimen,720575940622029494,720575940617401601,LA_R,720575940622029494,39,1018644;2115681;2586240;3213635;4306196;4384330;7909162;7909216;10025455;13551192;15194408;16134258;18327427;21381502;22555998;22634140;24511690;25217290;25295406;30074242;35085162;43079568;44410513;49972393;50833610;51147483;51303228;51853312;54594312;56004790;59921636;64074811;64309112;68777428;70816686;71287047;72854085;75516590;78257739,ACH:39,yes,no,Exact alternative detector pair with point-row provenance; not added to original v783 graph or physiologically validated
162,P_alternate_automated_detector_same_specimen,720575940623347414,720575940630529836,LA_L,720575940623347414,39,3370360;9477386;9477387;9790471;18484272;18955318;19111893;23338986;24434356;28038299;29918445;31248574;33987984;34066500;35242780;36575768;37046267;38220946;41747669;42610158;44489261;45194266;47623697;50521178;51932063;55927283;57883463;58197758;59139246;59843649;64546126;65641549;66346635;66502491;67678160;75438741;75595797;76770462;78336793,ACH:39,yes,no,Exact alternative detector pair with point-row provenance; not added to original v783 graph or physiologically validated
163,P_alternate_automated_detector_same_specimen,720575940624870217,720575940623521003,LA_R,720575940624870217,39,469661;3838182;8771492;9085343;9319908;10654252;10732359;11437040;17858604;23024568;25060201;25530472;26000671;37201856;40571495;41668634;41903412;43392819;43392821;43784638;46370196;46527289;47858179;50911857;52010079;52244207;52871013;54829662;54829751;55456046;56396506;56552406;58745724;67050496;69091918;69091920;69326835;71287168;71678808,ACH:39,yes,no,Exact alternative detector pair with point-row provenance; not added to original v783 graph or physiologically validated
164,P_alternate_automated_detector_same_specimen,720575940625125640,720575940620223326,LA_R,720575940625125640,39,2037867;2821596;6968645;8615321;9163852;9790003;10889157;13315292;15116905;16212553;16839692;19111454;19659916;19973595;23416691;25451882;27646014;29683104;30230626;33517758;35792089;37906537;40885054;47075706;51303435;53810914;54359593;54516542;55377919;58118707;58745757;61802652;61880768;69640739;70190504;73402657;74813404;77787903;78258058,ACH:39,yes,no,Exact alternative detector pair with point-row provenance; not added to original v783 graph or physiologically validated
165,P_alternate_automated_detector_same_specimen,720575940631388887,720575940626380365,LA_R,720575940631388887,39,1175833;2508263;2899893;3838368;4306309;7204277;8458137;10654306;15978057;19189434;20208586;24433741;29369767;29761611;37436952;41276609;42687917;44801968;46997504;47544681;50442351;51696581;51931597;53340070;53967352;57335241;58981532;59295409;66893884;68542287;70033955;70424914;71208552;72148934;73873169;76222265;76613069;76691485;78336010,ACH:39,yes,no,Exact alternative detector pair with point-row provenance; not added to original v783 graph or physiologically validated
166,P_alternate_automated_detector_same_specimen,720575940633773523,720575940621013185,LA_R,720575940633773523,39,156311;3368749;4540445;7673295;9319278;11670795;14176136;14881324;15429093;20129574;21459425;22867719;27097053;28977165;29995475;34222526;35084797;37123069;37279521;37280033;38375974;39239724;42060427;44958592;45506694;47700481;48327165;48562009;51616569;53183308;55926188;59059939;59059989;59607791;66188106;67050046;67911829;71755856;78100945,ACH:39,yes,no,Exact alternative detector pair with point-row provenance; not added to original v783 graph or physiologically validated
167,P_alternate_automated_detector_same_specimen,720575940619065664,720575940625798332,LA_R,720575940619065664,38,861906;1018936;2193790;2742959;6890225;9163651;11045473;11749317;24277901;24355690;28115908;33282448;36418738;38769844;39475430;43549279;44488828;44802164;46841031;47388192;47780054;47780140;50207042;53183642;54907877;57100241;61254043;62899817;69876762;69954827;71756479;74969572;75204296;75829844;76222296;76848083;79980997;79981272,ACH:38,yes,no,Exact alternative detector pair with point-row provenance; not added to original v783 graph or physiologically validated
168,P_alternate_automated_detector_same_specimen,720575940621443206,720575940606568126,LA_R,720575940621443206,38,6733510;8380296;11984286;13864008;16447832;19817099;20755273;20755502;21616375;22790236;23259562;23416614;24590738;28586272;33595764;37984988;41276688;41355033;41355035;41982291;44253978;48171502;52479037;53105665;54986129;56318297;58118691;58588932;59060787;59921831;60939877;67599449;69798139;73402644;77630683;77866359;79432102;80215580,ACH:38,yes,no,Exact alternative detector pair with point-row provenance; not added to original v783 graph or physiologically validated
169,P_alternate_automated_detector_same_specimen,720575940622703640,720575940621102677,LA_R,720575940622703640,38,1175748;2664748;3213706;7204198;8144838;8614958;8928326;11515077;12845121;13315137;14959830;20677027;21850594;27019091;28037679;29447829;32422141;33360776;33360904;34301364;36183495;40178983;41668451;42060934;43784392;44567098;48328061;48719488;52322024;55143689;57491606;69091764;70111965;72070782;72149118;74578397;79196666;79510482,ACH:38,yes,no,Exact alternative detector pair with point-row provenance; not added to original v783 graph or physiologically validated
170,P_alternate_automated_detector_same_specimen,720575940623347414,720575940620908491,LA_L,720575940623347414,38,391336;4150573;7361652;7440104;7517902;12141249;12376007;15352019;17624104;17936821;19817578;21382199;21538699;25295885;25844864;30231141;32579135;34302004;37593983;39866657;39866658;41277143;45743659;46997982;52322563;55456541;56631432;57414429;58275906;64231836;67521236;67599758;68621618;68778131;70660500;71835756;79981678;80138082,ACH:38,yes,no,Exact alternative detector pair with point-row provenance; not added to original v783 graph or physiologically validated
171,P_alternate_automated_detector_same_specimen,720575940625416167,720575940639675480,LA_R,720575940625416167,38,390818;1018733;1489561;6263685;7125238;8065680;8144643;9242040;9947362;12140783;13629167;14490534;16133974;23103676;23885322;25373573;27411187;28900156;33517464;34143781;37045624;38533835;40571376;45428964;46527299;47153432;49972636;50833898;58824041;59608679;60705046;63289902;64074315;64231177;66501975;69797988;71365781;71365782,ACH:38,yes,no,Exact alternative detector pair with point-row provenance; not added to original v783 graph or physiologically validated
172,P_alternate_automated_detector_same_specimen,720575940627638558,720575940610106692,LA_R,720575940627638558,38,1018929;1724887;5480276;6733280;10810836;20443526;20833586;20989817;21068573;25765788;28429525;29056818;30934844;33517737;35085565;42453067;43941256;44802154;45115553;45743257;46448539;49659365;54045755;60705234;60939982;61410648;61410827;63446462;64936360;66267654;66658535;67285553;67756463;70268535;77317923;77866430;78414558;79510768,ACH:38,yes,no,Exact alternative detector pair with point-row provenance; not added to original v783 graph or physiologically validated
173,P_alternate_automated_detector_same_specimen,720575940629377641,720575940637125495,LA_R,720575940629377641,38,3369679;3604002;4931765;6107231;7360952;14098465;14803490;15273099;16369296;20364931;23650408;24511998;25844501;26470588;35870748;36183705;37045843;37671565;37671733;38691385;39161862;40414673;41119810;43079949;45507604;46919161;48406292;54437643;64779993;64936266;65954164;66189155;67520765;67912684;70346645;71051746;71208610;79981354,ACH:38,yes,no,Exact alternative detector pair with point-row provenance; not added to original v783 graph or physiologically validated
174,P_alternate_automated_detector_same_specimen,720575940630423418,720575940613706818,LA_R,720575940630423418,38,2272662;2351316;2743348;4697503;4931860;7752701;7831146;12532279;14724598;16369439;17074359;20208704;21772899;22320399;24903877;26392510;26392569;28272504;31091957;32108569;36967505;37124255;38377142;43158482;48171448;49816971;50990734;52792656;62350963;65093059;66658715;66894102;70738445;71992447;72306286;75752134;77709653;78805464,ACH:38,yes,no,Exact alternative detector pair with point-row provenance; not added to original v783 graph or physiologically validated
175,P_alternate_automated_detector_same_specimen,720575940633773523,720575940634332697,LA_R,720575940633773523,38,2428967;3213309;3681479;5871803;10888513;14645724;18248091;19581150;20286231;23649292;25216256;25607942;25921953;31481661;31638346;33281829;33986816;34536278;36104601;36418096;37200954;40962782;44096949;48484228;51381675;52712981;56238805;59059990;60077095;61096648;61175171;63133288;66109687;66267042;73088728;74343060;74655512;75829328,ACH:38,yes,no,Exact alternative detector pair with point-row provenance; not added to original v783 graph or physiologically validated
176,P_alternate_automated_detector_same_specimen,720575940639201508,720575940628975690,LA_R,720575940639201508,38,390785;1097849;2508419;7204358;7595737;7595775;8380333;11123783;14568698;16683077;20365024;20911963;21616456;22241383;22868354;22946676;26000600;28978396;40728229;42609757;49581266;52557189;54124330;54672743;56318268;58432456;60626475;63996325;64545735;64623884;65797372;68542521;70659937;73951556;74186813;76613198;79040122;79746196,ACH:38,yes,no,Exact alternative detector pair with point-row provenance; not added to original v783 graph or physiologically validated
177,P_alternate_automated_detector_same_specimen,720575940643034765,720575940620223326,LA_R,720575940643034765,38,2743334;3057334;3916319;5088623;6107360;10182262;12923917;14881887;15194693;16056222;17545088;19581673;20521213;21538342;28978317;29056767;30544328;30778695;30857314;31013234;34537481;36027368;36653437;41119908;44176122;44410509;46056031;48876381;50364177;53183999;54594642;56943286;58902752;59921731;61097160;67991642;69483565;75752057,ACH:38,yes,no,Exact alternative detector pair with point-row provenance; not added to original v783 graph or physiologically validated
178,P_alternate_automated_detector_same_specimen,720575940606578790,720575940636536439,LA_L,720575940606578790,37,4854139;6107830;8929232;9399070;10654838;12454536;14803915;14882511;16291982;17859111;18877096;20599504;24120825;33674176;35714085;37828559;41120482;41669201;41747671;46527779;48328826;48798989;52088526;52166916;56631434;59139247;65485093;66502692;67913414;67992050;68778202;68856737;69170906;69798719;70895965;73481470;79040735,ACH:37,yes,no,Exact alternative detector pair with point-row provenance; not added to original v783 graph or physiologically validated
179,P_alternate_automated_detector_same_specimen,720575940609221900,720575940619026715,LA_L,720575940609221900,37,2038289;5872973;6420432;7283310;15822542;18171427;19033429;22163468;22320830;28273146;28664896;28900670;29135376;29762367;34459084;37359292;37515944;39632276;41042402;46213934;47545219;50521295;51226382;57961485;60784127;61411469;63996763;66346677;67051194;67286417;68543125;70660600;71444721;73089960;75752621;75752879;76379555,ACH:37,yes,no,Exact alternative detector pair with point-row provenance; not added to original v783 graph or physiologically validated
180,P_alternate_automated_detector_same_specimen,720575940610715204,720575940614592175,LA_R,720575940610715204,37,548322;2978678;6497937;8850175;9633362;12062413;12297021;22241182;24982115;27254530;29604715;31482045;37201907;38063034;38691313;40100379;41982220;46213413;49345916;52165991;55299941;55770272;56005018;57100237;58039538;63446805;66110806;66736812;69562501;70034009;70034010;72227340;76456784;78179758;79746004;80059164;80215469,ACH:37,yes,no,Exact alternative detector pair with point-row provenance; not added to original v783 graph or physiologically validated
181,P_alternate_automated_detector_same_specimen,720575940612943066,720575940621032384,LA_R,720575940612943066,37,3994008;4149573;4384341;4775484;7752400;12610727;13080371;15038187;18954623;20833231;23416013;24590068;25216777;26235933;28037347;28272144;33830756;35792077;38376536;38455436;38455446;40963337;44645522;45272004;49189104;50520173;52321896;61566456;62428805;67833933;68384715;69719233;69876740;70659791;72775541;73402349;79902621,ACH:37,yes,no,Exact alternative detector pair with point-row provenance; not added to original v783 graph or physiologically validated
182,P_alternate_automated_detector_same_specimen,720575940620232920,720575940627707529,LA_R,720575940620232920,37,782716;2978615;6889811;13550636;15508039;19346070;23963642;24590401;26078177;26940228;35556128;36652842;38690872;40414288;43157899;44097477;47153342;48170862;48953960;50285568;52087755;56161425;61331706;61801998;62507310;62820968;63211512;65406014;70424658;71991909;71992179;72384275;73010392;75673308;78570508;78883641;79823915,ACH:37,yes,no,Exact alternative detector pair with point-row provenance; not added to original v783 graph or physiologically validated
183,P_alternate_automated_detector_same_specimen,720575940621526510,720575940624904887,LA_L,720575940621526510,37,3682457;5715250;6498306;8145162;10025900;12141171;13942297;25844794;27724916;28194271;29370159;31560957;33987857;36889114;38848873;40650317;45351175;46135035;46213738;46527642;46919607;50051433;50364691;57492176;57570082;57648398;57961370;62037469;62273061;63525766;63525767;66737428;67834960;69405248;76379146;79118918;79432431,ACH:37,yes,no,Exact alternative detector pair with point-row provenance; not added to original v783 graph or physiologically validated
184,P_alternate_automated_detector_same_specimen,720575940622056368,720575940610106692,LA_R,720575940622056368,37,1802915;1881533;9085405;15351499;15351500;19581666;19581890;20833384;21302969;25217388;27176140;27254719;32108337;36183500;37671870;38141749;38926833;41119989;41198228;41355030;42374575;44724070;45350899;45743156;49502616;52009967;52088018;53262062;54359369;55691473;59843089;61566718;61958897;62586069;63996091;69955232;76769975,ACH:37,yes,no,Exact alternative detector pair with point-row provenance; not added to original v783 graph or physiologically validated
185,P_alternate_automated_detector_same_specimen,720575940622270273,720575940612819370,LA_R,720575940622270273,37,77317;782178;1723700;4930690;5087456;11043750;11514217;17230909;19423891;21223458;22397904;23023619;23102663;23571523;24589589;24823805;25607480;25999533;33829762;34142881;36809038;37435813;38218703;41197134;48092242;50598154;50832770;54201568;54279973;59216216;63838374;65953113;70032812;71129020;73088296;75594129;79666331,ACH:37,yes,no,Exact alternative detector pair with point-row provenance; not added to original v783 graph or physiologically validated
186,P_alternate_automated_detector_same_specimen,720575940623005308,720575940607493065,LA_R,720575940623005308,37,156898;312922;1018792;2115977;2429536;7361036;8771442;22163031;22556137;23103670;24356049;26000616;35792245;41119991;41982133;42374660;42609700;44567333;49895045;50442348;50599205;52635547;53261838;56161786;56161787;58275321;59217361;67364065;68463610;73559481;73716079;74891424;74969616;75204646;77709676;79275040;79667292,ACH:37,yes,no,Exact alternative detector pair with point-row provenance; not added to original v783 graph or physiologically validated
187,P_alternate_automated_detector_same_specimen,720575940623239133,720575940617537117,LA_R,720575940623239133,37,1097848;1332405;4463112;14646884;18249087;19503333;19581478;19895081;20130252;24277702;26000733;27881547;29291402;33126356;33282340;34223222;35321009;35870587;37515258;38691411;41982269;43079939;43941430;47544746;49424240;49738272;49895072;50990774;54986114;55926679;57100244;60939864;61254147;69483621;71444274;73480868;74343585,ACH:37,yes,no,Exact alternative detector pair with point-row provenance; not added to original v783 graph or physiologically validated
188,P_alternate_automated_detector_same_specimen,720575940625113015,720575940630498942,LA_R,720575940625113015,37,78198;5166970;5558517;5950691;6342034;8380172;9554973;10417199;16525928;17623341;18640748;20443104;21538038;23416456;23728604;24590099;26862376;30622055;32264424;33987424;34537167;37984697;39553503;40178819;43392589;45586115;46055685;46997319;49189398;49816613;50206839;54594323;59764684;64623844;73402303;76691247;77082717,ACH:37,yes,no,Exact alternative detector pair with point-row provenance; not added to original v783 graph or physiologically validated
189,P_alternate_automated_detector_same_specimen,720575940627138306,720575940619833723,LA_R,720575940627138306,37,1959180;11749302;13080108;13706563;14490271;17388703;19345243;23024428;23416276;25687028;26235726;26940234;28350416;29212416;29917704;33517359;34458257;36339800;38062444;42452876;47544136;51302974;51775305;58510270;58745171;59842648;60783263;64231055;66267362;67363659;69247821;71051391;71756157;74029482;74420979;76456613;77865808,ACH:37,yes,no,Exact alternative detector pair with point-row provenance; not added to original v783 graph or physiologically validated
190,P_alternate_automated_detector_same_specimen,720575940627671433,720575940634199778,LA_R,720575940627671433,37,3369942;3838203;3994140;4228329;5872267;6107122;8693185;9711728;10654371;11749501;12532131;15117016;17153044;19895221;24355814;24590568;25060173;29134699;29212658;36653425;37045667;39475249;41511893;42844319;46134572;46841134;50050926;54594497;61802399;62586072;65876220;72070743;73010830;76925875;77239262;78336172;79981109,ACH:37,yes,no,Exact alternative detector pair with point-row provenance; not added to original v783 graph or physiologically validated
191,P_alternate_automated_detector_same_specimen,720575940628054397,720575940620223326,LA_R,720575940628054397,37,3526153;4463151;6028697;10496397;13080738;17544984;18014153;18092456;18249201;23807316;24120439;26078659;27489613;30074357;31248227;31795350;38220514;38533944;38769967;44254068;44723981;51853414;55143612;56552302;57257578;57491643;58432519;61488681;65093043;67207124;69013246;70660145;70895458;70973156;74030164;75908483;78570882,ACH:37,yes,no,Exact alternative detector pair with point-row provenance; not added to original v783 graph or physiologically validated
192,P_alternate_automated_detector_same_specimen,720575940631505260,720575940626568906,LA_L,720575940631505260,37,8381048;14177596;14334211;15117797;17075119;19582560;20209382;24043001;26628355;27412137;30701664;32344304;32500858;32892017;33518454;38613320;38849211;39006068;41277459;41982949;45429807;46449237;48799055;51383214;52636340;53576758;55614073;56005931;59061457;64937250;66502748;67992351;69720027;70896255;72228035;74579379;77553026,ACH:37,yes,no,Exact alternative detector pair with point-row provenance; not added to original v783 graph or physiologically validated
193,P_alternate_automated_detector_same_specimen,720575940633561887,720575940636561838,LA_R,720575940633561887,37,2272568;2743133;3603918;5401911;5872249;6107160;7752717;10575167;11828019;12375425;13785453;15116869;19659809;19816925;21772804;22555907;29291317;29448084;31092028;33595721;43001621;43784623;44488833;45821423;46448433;48250038;48328172;58197162;58432395;62350794;65249554;67363983;70190391;70816657;71051967;76847849;79588794,ACH:37,yes,no,Exact alternative detector pair with point-row provenance; not added to original v783 graph or physiologically validated
194,P_alternate_automated_detector_same_specimen,720575940655596193,720575940640410702,LA_R,720575940655596193,37,3057422;4228316;4463240;9476848;12297138;14098518;14412071;18170864;18798183;22946565;25295472;29369772;29761577;32186542;32891265;35085474;36653410;43627751;44019755;44567377;45428973;49659710;51538915;51853415;52400643;52871090;53497024;57648014;58824180;59608854;60940095;62586082;63682497;63839561;68699357;79040143;79274975,ACH:37,yes,no,Exact alternative detector pair with point-row provenance; not added to original v783 graph or physiologically validated
195,P_alternate_automated_detector_same_specimen,720575940611532664,720575940612198513,LA_R,720575940611532664,36,3526041;5088243;8065581;10966800;11906267;13629084;15899730;17074236;20520872;21146517;23807060;25138895;28037616;30387721;31013031;33360546;33439144;37358492;39553298;40649694;42609378;51931353;53575694;54672401;54750711;57413805;58588708;60626264;61253759;66579721;67285381;68699277;70190077;70190079;70738323;79431984,ACH:36,yes,no,Exact alternative detector pair with point-row provenance; not added to original v783 graph or physiologically validated
196,P_alternate_automated_detector_same_specimen,720575940613474474,720575940647679028,LA_R,720575940613474474,36,77830;2037149;2663912;6418907;7516939;9867740;10103519;11592692;15899443;18091858;20911319;25294865;27566987;27645444;28585614;31169424;33986900;43000992;49658585;52321566;57882450;57960425;60077186;63211784;64622913;66735955;67441402;69169641;69561594;73323561;73794333;73951134;75907862;76847663;78100517;80215098,ACH:36,yes,no,Exact alternative detector pair with point-row provenance; not added to original v783 graph or physiologically validated
197,P_alternate_automated_detector_same_specimen,720575940615167742,720575940623527059,LA_R,720575940615167742,36,312806;312990;1097636;1803088;4384522;5558643;11749624;14333292;14646622;15900065;17388902;18719941;20286736;27802889;29604707;36496979;38377124;39083662;40963271;43392823;47936425;50442268;51696469;56474367;57804657;59138798;62350942;62507445;67285686;67599272;68856075;70033715;70659940;74422115;77239258;80137691,ACH:36,yes,no,Exact alternative detector pair with point-row provenance; not added to original v783 graph or physiologically validated
198,P_alternate_automated_detector_same_specimen,720575940617920827,720575940636361140,LA_R,720575940617920827,36,7831223;7987120;11828232;12297126;12924027;13158359;15665518;16134376;16918034;22241147;22320119;24277833;29604716;31795110;42531311;42844375;43314770;44097936;45586431;49738279;50599280;50755845;53496882;54124107;59843056;67364009;69483600;70973129;71051849;74108523;74186748;74343715;75752106;76925843;78805256;79746016,ACH:36,yes,no,Exact alternative detector pair with point-row provenance; not added to original v783 graph or physiologically validated
199,P_alternate_automated_detector_same_specimen,720575940619877022,720575940626014734,LA_R,720575940619877022,36,626925;6106663;6733283;6889799;8615116;9085244;12062260;12923411;13707010;15665186;16369235;16996014;22241189;24824332;27802699;27881335;28900008;30308659;35084830;37593028;40178805;42609102;46605618;50363951;57804470;58902537;63995918;65014102;69404798;70268263;71286817;71834991;73167669;75829670;76456326;78648459,ACH:36,yes,no,Exact alternative detector pair with point-row provenance; not added to original v783 graph or physiologically validated
200,P_alternate_automated_detector_same_specimen,720575940620629553,720575940606568126,LA_R,720575940620629553,36,2586640;3994395;6342222;12610857;14020310;17231918;18562984;20051893;20521105;26940866;31638999;31639001;32343615;33909308;43001670;48171322;49738474;50520845;51539023;52400516;57569832;58902949;63682657;66032944;69640906;70190485;71756539;71756589;71835236;73246226;73481033;73481115;75516585;76847880;76848081;76926108,ACH:36,yes,no,Exact alternative detector pair with point-row provenance; not added to original v783 graph or physiologically validated
201,P_alternate_automated_detector_same_specimen,720575940620797643,720575940628050831,LA_L,720575940620797643,36,78966;3526633;3916886;7440103;7753209;8772102;12767500;17467603;19582310;20365479;21929442;26001139;27803509;28038360;29291865;29448566;30935379;31248653;34302095;39005841;40963961;41120488;44959697;50364778;52166682;52557724;54046293;58432988;65328421;65641619;68306734;71835641;75674374;75752603;76144341;79903454,ACH:36,yes,no,Exact alternative detector pair with point-row provenance; not added to original v783 graph or physiologically validated
202,P_alternate_automated_detector_same_specimen,720575940621489243,720575940636615160,LA_R,720575940621489243,36,1175305;2664434;3916264;4775439;5401369;7360641;10653762;14881852;16134147;17935835;21068012;22162819;23024163;27097130;32734791;34300999;35556286;38926302;44645675;46055882;55455619;62429274;64230785;65641027;66736465;67128559;67128584;67990996;68070392;69797449;71991912;73402068;76612559;77473771;79352793;80137545,ACH:36,yes,no,Exact alternative detector pair with point-row provenance; not added to original v783 graph or physiologically validated
203,P_alternate_automated_detector_same_specimen,720575940621526510,720575940614734751,LA_L,720575940621526510,36,4150575;8615578;9164130;11437578;16918530;17859027;18955245;19973910;21538629;23729248;29448478;30466488;31248499;31248572;34615832;42531883;42610040;44724424;47310380;49581646;52166595;53967764;63447199;64546070;65014777;65093501;65797789;65797790;66033216;66033290;66502347;66658986;68621547;70034340;75517063;78649257,ACH:36,yes,no,Exact alternative detector pair with point-row provenance; not added to original v783 graph or physiologically validated
204,P_alternate_automated_detector_same_specimen,720575940623400216,720575940633870818,LA_L,720575940623400216,36,2116162;14803703;16761561;18798411;27411685;28272619;28900413;28978607;29683290;29761883;30778993;31013422;33439521;37124404;37750037;40179431;40650180;44567676;46763011;47701781;49895216;52166386;57335818;60469505;60783810;62743470;62821792;65250025;67521045;67834820;69327206;70582068;72619611;74969897;77788241;78101792,ACH:36,yes,no,Exact alternative detector pair with point-row provenance; not added to original v783 graph or physiologically validated
205,P_alternate_automated_detector_same_specimen,720575940626585744,720575940640410702,LA_R,720575940626585744,36,705076;9711821;11749589;15822004;23338533;26236103;27881429;28272345;29212749;29761575;32422402;33360884;35085558;35242327;36810157;39318870;45037257;45586412;49345798;50677449;51460739;52479007;58275442;59687091;59999456;60390869;61018460;63996185;67363986;67912909;74813307;76770076;78258022;78492332;79510693;79510734,ACH:36,yes,no,Exact alternative detector pair with point-row provenance; not added to original v783 graph or physiologically validated
206,P_alternate_automated_detector_same_specimen,720575940630869548,720575940621683951,LA_R,720575940630869548,36,2664700;4697516;6028492;9085532;9163743;9398319;10261066;14568369;14959990;15116717;22789937;23181817;23728800;30857173;33360805;37201759;38220430;42531370;43237043;44253984;47544687;52400527;55222199;56630696;58353569;59999257;62350642;64936215;65406037;71051865;71208454;72384294;75437978;78179873;79510628;79981018,ACH:36,yes,no,Exact alternative detector pair with point-row provenance; not added to original v783 graph or physiologically validated
207,P_alternate_automated_detector_same_specimen,720575940631043900,720575940621643457,LA_R,720575940631043900,36,1568212;4306584;5088641;5245312;6890227;13785638;15587001;16134255;18641407;20208660;21303351;22399107;22477902;24120113;33204451;33987613;42531557;43705936;45272251;48798256;50677416;50912015;51539008;54202773;54437652;62507673;63839546;64466942;66972591;69326888;69797979;70581813;71365839;74500466;74578590;75829758,ACH:36,yes,no,Exact alternative detector pair with point-row provenance; not added to original v783 graph or physiologically validated
208,P_alternate_automated_detector_same_specimen,720575940631388887,720575940636561838,LA_R,720575940631388887,36,861817;1175832;3447682;5714887;11201553;12923968;16212449;20521169;21616323;22084877;24590704;25451937;26157489;31482285;31873442;32030090;32108469;35477177;36183585;37749544;44410586;48954507;52322103;55222293;56943280;57804472;58197349;58510555;60783567;61566728;64231327;65641132;66267484;77787994;79039956;79196750,ACH:36,yes,no,Exact alternative detector pair with point-row provenance; not added to original v783 graph or physiologically validated
209,P_alternate_automated_detector_same_specimen,720575940632083275,720575940636065588,LA_R,720575940632083275,36,1411027;3447787;3838415;7752817;10496318;13002364;14724810;16134305;20833410;22320388;22946601;24355888;29212683;30544480;37671701;38063055;38377143;42844196;42844344;46213435;47388304;52557281;55065203;56709515;61018589;61097357;65093044;67128738;67912821;71600412;71835123;72149329;73246045;77866262;78179888;80137716,ACH:36,yes,no,Exact alternative detector pair with point-row provenance; not added to original v783 graph or physiologically validated
210,P_alternate_automated_detector_same_specimen,720575940633188492,720575940622788702,LA_R,720575940633188492,36,312838;2585964;2664862;2742953;3993999;6028219;6185548;6497597;12688885;14646492;15821914;16134169;16996209;21459921;21928387;23181772;25451370;26078458;27097131;32264867;35163675;38220140;39083481;42687421;46996975;59529787;60077491;60312479;62977549;66346044;68306096;69248613;71834981;74421964;77082886;78961716,ACH:36,yes,no,Exact alternative detector pair with point-row provenance; not added to original v783 graph or physiologically validated
211,P_alternate_automated_detector_same_specimen,720575940608224178,720575940604963552,LA_L,720575940608224178,35,1176329;3214198;3838619;4385003;9398875;13158820;13551467;16605049;19738799;20287098;27803439;34144395;37515515;38770215;39005760;44411054;45272645;49972944;49973044;51539284;53497466;56631297;59139055;59295892;61018883;62194709;62351225;62664955;63683051;67207472;70034291;75360740;77318294;77709854;78414995,ACH:35,yes,no,Exact alternative detector pair with point-row provenance; not added to original v783 graph or physiologically validated
212,P_alternate_automated_detector_same_specimen,720575940612839793,720575940608164994,LA_R,720575940612839793,35,390752;626939;940405;1489332;4619064;5167085;5636875;6263191;12218970;14881715;15429787;18092445;19111181;21928678;26705145;27802734;28037804;30387757;31717039;33751797;39475265;42923071;43549409;48562693;49111326;49111327;49189667;57413820;58118497;64623663;68934704;71365746;76925739;77473912;79431995,ACH:35,yes,no,Exact alternative detector pair with point-row provenance; not added to original v783 graph or physiologically validated
213,P_alternate_automated_detector_same_specimen,720575940618061661,720575940632127530,LA_L,720575940618061661,35,390976;1959595;2429705;3214066;3604156;14960201;16212772;21381941;24669117;26470797;33517778;41041980;44098188;46370324;47231911;48563284;49189827;51225949;51382492;52322257;53418854;54751113;54751114;55300283;60547842;61097394;63682741;65328077;68070682;68463889;69013386;69013387;70973392;71913909;73951745,ACH:35,yes,no,Exact alternative detector pair with point-row provenance; not added to original v783 graph or physiologically validated
214,P_alternate_automated_detector_same_specimen,720575940621103269,720575940612970262,LA_R,720575940621103269,35,1097623;5088428;8536734;10417276;18249069;20208514;20833396;22477659;22477660;23964079;26940637;31873618;31951631;35006782;35556284;37201887;37358669;39631378;41668578;43941233;47153482;48093240;49032985;51617555;59764655;61566157;62664447;63055868;65171357;65876073;66501912;70111660;73245986;74265186;76925856,ACH:35,yes,no,Exact alternative detector pair with point-row provenance; not added to original v783 graph or physiologically validated
215,P_alternate_automated_detector_same_specimen,720575940621482667,720575940627332485,LA_L,720575940621482667,35,471809;4777610;12847396;19112925;19661262;20132218;20991987;21774844;23966388;24122414;25061706;29371891;31561991;32031677;32501553;33440770;33597220;35244493;37986438;38300995;43160600;45901217;52090144;52558755;56163925;61412131;64310879;66348267;69484970;73169295;73404172;74188989;74893447;77162451;78885278,ACH:35,yes,no,Exact alternative detector pair with point-row provenance; not added to original v783 graph or physiologically validated
216,P_alternate_automated_detector_same_specimen,720575940622799898,720575940621292992,LA_R,720575940622799898,35,2821688;4931790;5167076;8693231;9711855;9711949;10810747;12297351;16369448;16604730;17153224;18405818;19973392;21381903;26314229;28429460;33047759;36732001;37671765;39083591;40336096;45350780;47780065;52322148;53261953;53261954;56865519;57726527;66972597;69326899;69797997;70895456;77083016;77866324;79274974,ACH:35,yes,no,Exact alternative detector pair with point-row provenance; not added to original v783 graph or physiologically validated
217,P_alternate_automated_detector_same_specimen,720575940625125640,720575940626023608,LA_R,720575940625125640,35,8301685;10575209;10654397;12062449;12610867;14881995;15273253;16212672;19032738;22634374;23024652;25530396;27097708;27254698;27803024;29056840;30622484;33909300;40335998;40571636;42061111;47623372;48484778;49424147;53183823;53810912;55848348;57100445;61254162;62194488;63682517;65014519;74969714;75516809;78805455,ACH:35,yes,no,Exact alternative detector pair with point-row provenance; not added to original v783 graph or physiologically validated
218,P_alternate_automated_detector_same_specimen,720575940625125640,720575940636117359,LA_R,720575940625125640,35,705200;4150187;5245160;8065918;8850303;9790062;19659910;21224721;23494444;26236058;26470542;27019312;31092124;34223079;34694374;36340131;36810250;36967464;37593383;43784545;46134703;47075707;49033028;49424251;61958929;64231473;65249847;70738466;70816884;73873126;74969762;75048061;77317862;77395853;79432111,ACH:35,yes,no,Exact alternative detector pair with point-row provenance; not added to original v783 graph or physiologically validated
219,P_alternate_automated_detector_same_specimen,720575940626585744,720575940621292992,LA_R,720575940626585744,35,2508393;5401886;5793569;14882071;18092429;18327556;22162944;29212750;31638958;32656950;37593456;38612655;40649972;42766161;43549526;44332441;45899668;46605878;47936531;48250019;49738366;50285945;53810955;57804771;58118680;61802544;62586179;62664568;63056099;65563053;68306186;70738416;74500483;75204552;79902874,ACH:35,yes,no,Exact alternative detector pair with point-row provenance; not added to original v783 graph or physiologically validated
220,P_alternate_automated_detector_same_specimen,720575940628102013,720575940606568126,LA_R,720575940628102013,35,6497925;7046885;11280195;17153268;17231919;21224697;24434006;26470775;27019268;27803053;29526274;32813202;32891150;35320952;35320969;39161946;41982067;43862981;46762636;47153709;50677469;52400747;52635463;52635699;56083461;58039794;59921629;64231258;70034029;74500604;74891386;76300767;76926028;79353385;79432156,ACH:35,yes,no,Exact alternative detector pair with point-row provenance; not added to original v783 graph or physiologically validated
221,P_alternate_automated_detector_same_specimen,720575940632189970,720575940631086636,LA_R,720575940632189970,35,12610715;15665382;18798074;22162842;22477697;29526080;32030161;35242277;35477318;39944117;40649906;43471129;44802044;45507673;49345794;49738286;50520679;56082788;58275320;58745558;59216768;60547588;61645360;65327786;65562516;68542438;68777630;68934550;69013157;70738291;71444043;72853589;73559327;74734956;78336174,ACH:35,yes,no,Exact alternative detector pair with point-row provenance; not added to original v783 graph or physiologically validated
222,P_alternate_automated_detector_same_specimen,720575940648383364,720575940631086636,LA_R,720575940648383364,35,3681964;5872316;11749509;18092299;18483703;18719964;19424875;19659697;22790080;23885239;28037792;31560508;35085335;35320784;35399210;35635323;39005263;39474784;40571444;41825211;44488692;45271733;49816830;51538749;52713946;59530223;62194314;64858223;65249164;68070393;71287037;71913643;74108496;79902769;79981165,ACH:35,yes,no,Exact alternative detector pair with point-row provenance; not added to original v783 graph or physiologically validated
223,P_alternate_automated_detector_same_specimen,720575940613474474,720575940623465596,LA_R,720575940613474474,34,1017899;3291100;3993195;5400808;5949791;13314951;14019153;15429648;16133980;17779694;23024121;24824337;25843812;26548335;31716513;32655858;33047176;36495862;41510803;43470719;47465381;48875310;51224794;54202094;54594036;56004552;57100046;58353212;61175210;68148699;68698284;68855602;72618292;78100974,ACH:34,yes,no,Exact alternative detector pair with point-row provenance; not added to original v783 graph or physiologically validated
224,P_alternate_automated_detector_same_specimen,720575940614792623,720575940637773486,LA_R,720575940614792623,34,1097601;3526042;4463086;6341589;7673784;12844962;13863859;14098376;21928830;21928831;25451373;27254545;27802445;28115806;28899839;33595129;34379451;35242248;42452651;44959124;45586255;45664872;52165871;53418572;55613088;56004578;57178632;58118317;62036773;63603742;67441934;73324426;75438110;76534603,ACH:34,yes,no,Exact alternative detector pair with point-row provenance; not added to original v783 graph or physiologically validated
225,P_alternate_automated_detector_same_specimen,720575940614839215,720575940621391715,LA_R,720575940614839215,34,1802727;1802933;2272295;4384595;9868480;10182226;11358941;18092160;19817016;20989636;20989637;24746299;36888384;42060743;44488541;45350798;49267276;49580916;49738075;51147220;54750995;55222257;55612923;56317926;62977544;67912866;68777691;72932716;74265301;75829867;77395458;78961987;79040245;79353019,ACH:34,yes,no,Exact alternative detector pair with point-row provenance; not added to original v783 graph or physiologically validated
226,P_alternate_automated_detector_same_specimen,720575940616346822,720575940627505241,LA_R,720575940616346822,34,1881441;3759800;4150147;4150219;5714888;6733286;7987326;10810633;13863856;16526154;18249095;18798099;20051686;20598717;22790209;24668689;26157192;26392467;30387741;31404096;32030340;37984791;39397102;39553603;39631230;40179119;53496929;53496933;60705250;65641135;66736921;71678714;75908482;77866238,ACH:34,yes,no,Exact alternative detector pair with point-row provenance; not added to original v783 graph or physiologically validated
227,P_alternate_automated_detector_same_specimen,720575940620722000,720575940620827156,LA_R,720575940620722000,34,2193950;3292069;10888761;11045129;15508458;19267752;22084529;24746321;24746322;25608244;27254307;33282118;33439118;33987203;41590110;42374300;43001310;43236852;48876296;50363969;51460452;51617413;53653982;57882771;59452075;61723609;67912627;68305874;68699261;73559114;73715738;75437867;75751727;79274697,ACH:34,yes,no,Exact alternative detector pair with point-row provenance; not added to original v783 graph or physiologically validated
228,P_alternate_automated_detector_same_specimen,720575940620797643,720575940630091163,LA_L,720575940620797643,34,391349;2979399;14647284;15430711;17311321;17311322;17780791;17936899;19582311;22320812;23260236;23807853;25060819;28586748;35007614;36262177;39632022;43158970;45194265;45900180;46135175;52244840;52401157;53889636;55613789;56787803;59295964;61567294;63604378;67286161;67443012;69170679;75987689;76692020,ACH:34,yes,no,Exact alternative detector pair with point-row provenance; not added to original v783 graph or physiologically validated
229,P_alternate_automated_detector_same_specimen,720575940621349285,720575940639115608,LA_R,720575940621349285,34,627008;783255;9163461;10732417;11123460;11358985;14724426;17623712;17858557;18641389;19659845;20755125;21068342;22084890;23650320;33204325;37906257;37984903;38298549;38534034;43158447;48563135;48798268;49189708;54516504;55691497;58745682;63917592;64074848;71678683;71756457;75047687;77944920;78883912,ACH:34,yes,no,Exact alternative detector pair with point-row provenance; not added to original v783 graph or physiologically validated
230,P_alternate_automated_detector_same_specimen,720575940621944941,720575940625330931,LA_R,720575940621944941,34,2351367;6576250;7282675;7595720;17231946;18641123;20521117;24512031;24903879;28821634;29369820;29917917;30465994;30934952;31482372;33752057;36105757;41119920;41668780;41668781;43549312;44488923;46370300;50833734;54124390;54359532;54672740;61254148;64231424;64858284;65484483;72306055;77944768;79981376,ACH:34,yes,no,Exact alternative detector pair with point-row provenance; not added to original v783 graph or physiologically validated
231,P_alternate_automated_detector_same_specimen,720575940622814302,720575940628753640,LA_R,720575940622814302,34,3994223;5950534;7282834;7673635;7987169;9085646;9711776;21538368;27176128;33204418;34693963;35713336;36967519;41276341;42060988;43001555;44880498;48014853;49267600;49345953;49659564;49816867;51617393;54045831;57726457;59217243;60783685;70190454;70424963;70895521;76065377;78570860;79274682;79432171,ACH:34,yes,no,Exact alternative detector pair with point-row provenance; not added to original v783 graph or physiologically validated
232,P_alternate_automated_detector_same_specimen,720575940624141508,720575940636117359,LA_R,720575940624141508,34,940614;1332435;3447985;3838483;4931732;6028840;8301618;15038209;16996357;22006915;22556107;23572651;27254574;34380043;34537517;38926766;39083688;39944111;42139745;43158542;43237076;44567484;47309879;54124336;58432564;61802586;64309520;64701887;67207168;67520738;69170269;75204493;75204626;78101476,ACH:34,yes,no,Exact alternative detector pair with point-row provenance; not added to original v783 graph or physiologically validated
233,P_alternate_automated_detector_same_specimen,720575940630871260,720575940620711115,LA_R,720575940630871260,34,1568020;2351072;2899778;3681882;4072177;9319696;11593079;13315162;15194606;15430000;15586738;18405594;28350774;34614915;40806676;41041512;44253972;44488298;48093150;50285645;52400525;55770015;56709289;62899319;64623717;66893972;67128456;68542368;68855635;70581619;72384340;73324452;74656520;76769541,ACH:34,yes,no,Exact alternative detector pair with point-row provenance; not added to original v783 graph or physiologically validated
234,P_alternate_automated_detector_same_specimen,720575940635168407,720575940613877151,LA_R,720575940635168407,34,389116;2898009;4461460;8143054;8769817;15585171;16602971;20988183;23805660;24197655;25764291;26625879;28506266;29054998;33985754;34692494;36651633;41588748;44487529;44644067;45427273;51301947;61565087;64151440;64778707;65248041;65561341;67990239;69247202;72930952;73479224;76220823;77943068;78882195,ACH:34,yes,no,Exact alternative detector pair with point-row provenance; not added to original v783 graph or physiologically validated
235,P_alternate_automated_detector_same_specimen,720575940637514414,720575940614557663,LA_R,720575940637514414,34,2899845;6576189;7673940;10104076;13393768;18798153;23338513;24042152;28664330;31404116;31952234;33595744;33752101;34850640;38533985;40257621;40884952;44488853;45507765;47075385;51225581;54045790;55848256;56083314;58275412;58902809;64858332;67834463;71992415;73873162;76613057;76691538;76847732;78492278,ACH:34,yes,no,Exact alternative detector pair with point-row provenance; not added to original v783 graph or physiologically validated
236,P_alternate_automated_detector_same_specimen,720575940638556382,720575940609347779,LA_L,720575940638556382,34,314702;4230044;8146590;8302963;12220813;15510345;17233803;18564287;18564684;18642779;19661074;21774162;22713688;26080499;28587465;34539166;35008460;38143435;42689767;43159843;43472587;44490247;46449946;51149217;52011810;55457910;57571517;59923518;63841262;67208495;67992774;71523803;72307970;73561246,ACH:34,yes,no,Exact alternative detector pair with point-row provenance; not added to original v783 graph or physiologically validated
237,P_alternate_automated_detector_same_specimen,720575940609485579,720575940634217114,LA_R,720575940609485579,33,3135377;6576188;7046608;7125215;7360919;7830978;12610582;15430150;17623390;19895152;20911792;21616302;24903760;24982160;28350954;29369719;29917926;30934614;31482049;33752067;36105642;37515103;40022441;43001342;48328033;50442309;51775519;53183668;56630900;64779792;70424835;74500258;77709363,ACH:33,yes,no,Exact alternative detector pair with point-row provenance; not added to original v783 graph or physiologically validated
238,P_alternate_automated_detector_same_specimen,720575940612943066,720575940628363283,LA_R,720575940612943066,33,2821325;11045217;13315167;13628776;24355883;25451345;28899866;29056175;29917912;31482010;33204251;34928671;38062927;41198155;42060754;42609611;46605665;48328203;50520172;51147262;54123983;56396317;56942719;59764715;64466411;65484001;66110710;67677199;68620850;73245886;75908376;78962002;79431998,ACH:33,yes,no,Exact alternative detector pair with point-row provenance; not added to original v783 graph or physiologically validated
239,P_alternate_automated_detector_same_specimen,720575940616710412,720575940618878209,LA_L,720575940616710412,33,2429816;10417760;11123994;11828541;13942191;18955159;19189946;19503440;22399273;23964425;26314554;34929290;40414872;45351033;46762992;51147760;52244618;53732772;53967715;59687312;61332537;63604084;63682890;65328181;65563238;68777916;72071146;72619596;73873437;74108920;75595620;76613424;77945102,ACH:33,yes,no,Exact alternative detector pair with point-row provenance; not added to original v783 graph or physiologically validated
240,P_alternate_automated_detector_same_specimen,720575940618115289,720575940633296804,LA_R,720575940618115289,33,3447564;6419804;14333391;14646457;16918106;19032333;22789876;24355904;27802682;28507912;32734866;34772336;40414494;42765864;43941102;44723993;47309680;48484790;49816866;51303447;52087966;54437574;59530045;61566652;62507275;66345890;69326612;70190321;70503467;70816717;75360302;75516618;79667352,ACH:33,yes,no,Exact alternative detector pair with point-row provenance; not added to original v783 graph or physiologically validated
241,P_alternate_automated_detector_same_specimen,720575940618240401,720575940632859192,LA_L,720575940618240401,33,3682465;5323891;8537173;8693648;9947596;11202164;16134674;18563237;18955257;25530748;28822094;29839936;31326551;33126660;33909481;36418966;37593748;40336379;42688207;45665210;50286175;52635917;52871433;54359765;55222612;55535156;55691765;59139120;62586423;65328278;66658876;67834908;72619534,ACH:33,yes,no,Exact alternative detector pair with point-row provenance; not added to original v783 graph or physiologically validated
242,P_alternate_automated_detector_same_specimen,720575940619877022,720575940612877937,LA_R,720575940619877022,33,2350986;4306193;4618848;6497287;13706523;15665370;19581667;20755090;21538136;21850445;22398727;22477492;23963764;25687035;29604390;29761485;32656833;33047643;34850600;35320461;43314767;46762628;47936257;48171308;55065176;56082760;59530070;62585600;63917731;72227160;72384455;73794603;74108335,ACH:33,yes,no,Exact alternative detector pair with point-row provenance; not added to original v783 graph or physiologically validated
243,P_alternate_automated_detector_same_specimen,720575940620232920,720575940626912787,LA_R,720575940620232920,33,1331934;1724520;5793283;9554978;12844668;14019949;14724117;15037703;17152613;19189057;22712039;24824374;25295229;29917729;31638403;34300991;35870408;38769416;43548811;47857718;53575408;59294896;60783287;60861537;63917299;66579723;66971923;67991270;70190083;70894883;71913495;73402064;80137394,ACH:33,yes,no,Exact alternative detector pair with point-row provenance; not added to original v783 graph or physiologically validated
244,P_alternate_automated_detector_same_specimen,720575940622029494,720575940640153216,LA_R,720575940622029494,33,1411116;4071965;6811587;9476547;9476756;11437204;12296956;17388971;17623328;22634136;22946453;23572309;26548632;28585943;30856989;34066077;41197983;42531438;42765893;43392759;49032822;50755677;54985919;56083256;56083258;60861719;64545570;66972177;67285571;74422048;77395459;78101517;79745815,ACH:33,yes,no,Exact alternative detector pair with point-row provenance; not added to original v783 graph or physiologically validated
245,P_alternate_automated_detector_same_specimen,720575940622799137,720575940617537117,LA_R,720575940622799137,33,6263754;8615114;9868548;11906621;12140803;14490553;17153323;20443429;29369492;32422298;34144069;37828156;38063107;46291637;48093087;48876480;49659724;50520852;50911939;52478883;53654137;55534676;56396473;68542684;69013261;70346706;70581600;71678584;73246008;74891416;75908539;77630669;78258010,ACH:33,yes,no,Exact alternative detector pair with point-row provenance; not added to original v783 graph or physiologically validated
246,P_alternate_automated_detector_same_specimen,720575940625781692,720575940633188689,LA_R,720575940625781692,33,3916091;12532247;16526145;16839640;17389004;18405707;19817017;22006828;24511951;26313943;26392208;39397173;40100145;40257634;43237146;44176012;45742884;49502619;49580930;50364218;51147234;52792597;55456098;55926820;57021836;57960934;67363976;68856153;69170151;70973218;71913740;72070871;75908449,ACH:33,yes,no,Exact alternative detector pair with point-row provenance; not added to original v783 graph or physiologically validated
247,P_alternate_automated_detector_same_specimen,720575940626928740,720575940605621862,LA_R,720575940626928740,33,783306;3135633;4619055;5558902;7125158;10261059;11123626;11359325;12219142;13237055;14724779;15586851;16604789;20208646;28586127;29212669;33204434;36810037;40022540;42923198;49502520;53732587;54829765;57883176;63212221;63368428;63996304;64074901;64545761;69092045;70268589;71756522;73794956,ACH:33,yes,no,Exact alternative detector pair with point-row provenance; not added to original v783 graph or physiologically validated
248,P_alternate_automated_detector_same_specimen,720575940628054397,720575940636117359,LA_R,720575940628054397,33,7282745;7361063;13236915;18092569;23650348;26392540;29526131;29918015;31013051;35007179;35320921;39866174;40336095;41903554;45899604;46291753;47075681;49502545;49738311;55456134;55456136;56005072;57569743;59217227;59295553;64780047;64780140;65327829;68621105;70973249;71600472;74969661;75595291,ACH:33,yes,no,Exact alternative detector pair with point-row provenance; not added to original v783 graph or physiologically validated
249,P_alternate_automated_detector_same_specimen,720575940630333566,720575940645102372,LA_R,720575940630333566,33,3681939;5793615;6107293;6342018;6890009;9006801;13629207;14176654;17466979;19032523;19189464;22634492;23807362;28037742;29056809;40335943;40806786;42139540;44019618;48093393;50285742;54516408;59764693;59921753;63290411;65014306;66267505;68463762;71287032;73246017;73794759;77709479;79040263,ACH:33,yes,no,Exact alternative detector pair with point-row provenance; not added to original v783 graph or physiologically validated
250,P_alternate_automated_detector_same_specimen,720575940631505260,720575940621969761,LA_L,720575940631505260,33,862639;1490348;3917161;5794384;6498659;7283558;12846074;15900823;17153983;19425828;19739207;24042764;25217944;26001404;29996976;32031026;33048495;37672556;44881215;47545481;50207842;51148226;53419490;53655028;54281965;60000178;61019200;63134913;64702535;68464279;73559975;77474455;79668259,ACH:33,yes,no,Exact alternative detector pair with point-row provenance; not added to original v783 graph or physiologically validated
251,P_alternate_automated_detector_same_specimen,720575940636307960,720575940634203603,LA_R,720575940636307960,33,3292236;6889822;9633409;9789705;10654255;12218815;16212552;17544985;18092359;18798223;20755292;20911784;22162665;23103628;24356000;31092046;31482222;32812821;34065808;34458596;35713533;38612381;44880350;47075506;50833626;51460455;57804487;60156040;66110504;68699315;70972966;74421820;79667338,ACH:33,yes,no,Exact alternative detector pair with point-row provenance; not added to original v783 graph or physiologically validated
252,P_alternate_automated_detector_same_specimen,720575940606503870,720575940633296804,LA_R,720575940606503870,32,4306410;9241734;11280235;12062463;14411709;15194630;15351355;25373468;29761531;30387793;31169756;32968836;34065807;35320633;35870577;38141438;41119933;41433218;44097767;44958947;46055648;48798221;48876331;54202580;63211812;65797354;71130064;75047669;75595215;77944740;78179904;79274903,ACH:32,yes,no,Exact alternative detector pair with point-row provenance; not added to original v783 graph or physiologically validated
253,P_alternate_automated_detector_same_specimen,720575940615951839,720575940618408166,LA_R,720575940615951839,32,1568172;9711900;10025555;12924063;16839714;18720152;20677095;20989993;21303306;23103764;25139079;25452025;27489740;28821617;28978430;36967472;37280738;38062903;41433380;43863140;44253954;45272357;51696634;52557312;53967509;61645388;63212188;68856237;72619400;72854225;73246208;79589081,ACH:32,yes,no,Exact alternative detector pair with point-row provenance; not added to original v783 graph or physiologically validated
254,P_alternate_automated_detector_same_specimen,720575940621458625,720575940626192717,LA_L,720575940621458625,32,1489959;5951220;8301917;12063038;12532624;14333884;15587276;22399350;24746908;25530689;27959954;29448411;30466368;30466412;30701244;34929407;35556843;45899979;50912331;53654569;55613627;56318644;65250045;68149717;71208894;71835495;72933052;73795275;75752449;76301156;78336720;78962578,ACH:32,yes,no,Exact alternative detector pair with point-row provenance; not added to original v783 graph or physiologically validated
255,P_alternate_automated_detector_same_specimen,720575940622939998,720575940636124084,LA_R,720575940622939998,32,783204;2508020;4072205;4463152;5793477;7987283;9555298;10025412;14176531;15272953;21068313;22477517;26235757;36340026;38220213;39161932;39475255;44567256;48328211;49111469;50911616;51617628;52165875;58667139;59764515;60156228;67912822;70738327;70972931;71522088;73559311;77395653,ACH:32,yes,no,Exact alternative detector pair with point-row provenance; not added to original v783 graph or physiologically validated
256,P_alternate_automated_detector_same_specimen,720575940623003169,720575940611517048,LA_R,720575940623003169,32,2037502;4071717;6654693;7124718;7360898;8928278;9006201;13706863;17153101;17701278;20598436;28742702;29056489;29525638;32264875;34928573;36105444;38691167;39631242;43784354;46448020;47701036;56082791;57491461;59060346;63211708;69248639;70033695;71521773;73245876;75437687;79196262,ACH:32,yes,no,Exact alternative detector pair with point-row provenance; not added to original v783 graph or physiologically validated
257,P_alternate_automated_detector_same_specimen,720575940623770637,720575940627459642,LA_R,720575940623770637,32,5167077;5167196;5323676;20990025;23650457;27567653;27567654;30544441;32186485;35007156;35163908;36888771;37358872;39083646;44019866;47153639;47780152;48484949;52871128;53889273;53967520;54124295;57804667;62429489;63996102;69483543;70895587;73246025;76378803;77083031;77788127;77944955,ACH:32,yes,no,Exact alternative detector pair with point-row provenance; not added to original v783 graph or physiologically validated
258,P_alternate_automated_detector_same_specimen,720575940629854507,720575940605621862,LA_R,720575940629854507,32,940395;2821659;4228380;8693232;13864074;17701626;20833397;26157516;27097754;27254546;30544471;31013039;32343643;34772304;40884969;43079766;43237037;43549295;43941268;44410660;45899773;48876432;52792494;54359563;58118678;60313051;62507652;69955179;70346726;75438356;76300599;77004841,ACH:32,yes,no,Exact alternative detector pair with point-row provenance; not added to original v783 graph or physiologically validated
259,P_alternate_automated_detector_same_specimen,720575940632083275,720575940617330772,LA_R,720575940632083275,32,783365;2429626;12454117;13472252;19659717;22477722;24825076;27645829;28037992;28115957;28193830;33126179;33595614;36027337;39944303;40257787;41276561;52400538;59138698;59530406;61959016;64309459;64623855;66267710;68777646;69248849;70503697;71130202;73873127;76848047;79040164;80215606,ACH:32,yes,no,Exact alternative detector pair with point-row provenance; not added to original v783 graph or physiologically validated
260,P_alternate_automated_detector_same_specimen,720575940633773523,720575940624179917,LA_R,720575940633773523,32,5950166;7986548;8144170;9318818;17310191;19581149;23493859;24198721;24668296;24823801;25372895;34378914;36260478;36966263;37671086;38533313;41824218;42374052;46762069;47465343;52086953;52321518;55221632;60155211;61096207;63446098;64857727;71755810;73245481;74343059;79117811;79744982,ACH:32,yes,no,Exact alternative detector pair with point-row provenance; not added to original v783 graph or physiologically validated
261,P_alternate_automated_detector_same_specimen,720575940636401400,720575940618278868,LA_R,720575940636401400,32,704953;5637061;7987165;9789827;13629303;15194564;17153157;22320130;27332631;28193646;29056599;29839536;30152161;30387746;31560507;31873598;32343420;32578525;32656841;35792044;39240303;42609565;44880365;46448420;52166008;57569215;63055930;64153019;68226981;72306138;72775683;77630716,ACH:32,yes,no,Exact alternative detector pair with point-row provenance; not added to original v783 graph or physiologically validated
262,P_alternate_automated_detector_same_specimen,720575940636401400,720575940636615160,LA_R,720575940636401400,32,861693;1254554;6654804;10339386;12140209;20755241;21381721;24746485;25294903;26862605;27019074;27489520;32421856;36731884;37124063;47075493;49502483;53418647;55143561;56083282;60156274;61018399;65562909;67128618;68699246;69326811;69483379;70268468;70581583;74969505;78648763;78883397,ACH:32,yes,no,Exact alternative detector pair with point-row provenance; not added to original v783 graph or physiologically validated
263,P_alternate_automated_detector_same_specimen,720575940646459502,720575940642334965,LA_R,720575940646459502,32,5009867;6341757;7517151;8771204;8849693;11983897;14646491;18483463;18876444;21303098;24590311;26313844;28350842;37045675;40022336;42060661;46527112;47387916;49423783;55534186;60390761;61331639;63211794;64230718;65014270;65562896;69954744;74108029;74500357;74812954;76769725;79588713,ACH:32,yes,no,Exact alternative detector pair with point-row provenance; not added to original v783 graph or physiologically validated
264,P_alternate_automated_detector_same_specimen,720575940606245822,720575940631638543,LA_L,720575940606245822,31,4619490;10025740;17545333;18406031;19895493;23572863;23964515;25060575;25844811;26627906;29918247;36732332;38691713;43549672;45821681;50129213;50286182;57414240;57883358;59843435;60548023;60862174;61332496;61332582;65014669;67599709;67677988;72463213;74265533;75517019;75752401,ACH:31,yes,no,Exact alternative detector pair with point-row provenance; not added to original v783 graph or physiologically validated
265,P_alternate_automated_detector_same_specimen,720575940606578790,720575940604635616,LA_L,720575940606578790,31,4150658;10496904;11124456;12219570;15509085;16448445;22007553;25609040;27568020;30074841;39554083;41512331;49817428;50051526;50442899;53576461;54751671;56787798;56866044;57336031;61645994;65172122;65719974;68071087;69955647;72149717;75909183;79197275;79432551;79511444;79903453,ACH:31,yes,no,Exact alternative detector pair with point-row provenance; not added to original v783 graph or physiologically validated
266,P_alternate_automated_detector_same_specimen,720575940618240401,720575940621792950,LA_L,720575940618240401,31,5951175;7439874;10182540;12532538;14177089;18406084;20052053;20990303;21616602;23025002;24904120;27881739;30701139;32891553;34929242;36262009;37750176;41198497;43471572;51617925;52950047;53576289;54516747;55848516;60156591;64936725;67756866;69249276;71678979;73324871;78884292,ACH:31,yes,no,Exact alternative detector pair with point-row provenance; not added to original v783 graph or physiologically validated
267,P_alternate_automated_detector_same_specimen,720575940621667462,720575940636065588,LA_R,720575940621667462,31,1568131;3994384;4306397;5637125;8144938;10339623;12062557;12845303;17153336;20130171;21694491;22868317;26784014;33204355;35007177;37280583;41355055;50285972;53418825;54750999;56318251;56865559;57414033;57726435;59295450;61332375;66972506;70190397;71287055;75360523;76847982,ACH:31,yes,no,Exact alternative detector pair with point-row provenance; not added to original v783 graph or physiologically validated
268,P_alternate_automated_detector_same_specimen,720575940624141508,720575940626023608,LA_R,720575940624141508,31,78338;2351202;5480306;12454054;14724790;17231945;18562778;21928977;23729010;26314137;26548998;28900036;30700942;31248197;35792098;35792099;36027338;37045878;38534074;45429097;52792660;55222385;55300201;57021786;57335643;58667317;63134445;72384486;73559457;74813350;77395790,ACH:31,yes,no,Exact alternative detector pair with point-row provenance; not added to original v783 graph or physiologically validated
269,P_alternate_automated_detector_same_specimen,720575940625113015,720575940630884855,LA_R,720575940625113015,31,2664757;3603761;3838065;4462954;5793288;5950278;6968302;8850103;14881778;17858473;19189325;22712042;23650069;27411269;28899893;36496833;38141490;43549173;44880148;49502322;54829364;58981240;60861273;61958711;63055712;64935915;66815260;67834303;72306121;73637812;79353085,ACH:31,yes,no,Exact alternative detector pair with point-row provenance; not added to original v783 graph or physiologically validated
270,P_alternate_automated_detector_same_specimen,720575940627138306,720575940612875121,LA_R,720575940627138306,31,234540;782983;4306184;6576147;8928241;10888849;11749301;11983872;15037976;18092147;18719767;18954566;25138695;31247854;39631217;43862778;45428677;47779760;52244058;52713790;53888845;53888846;55534507;65875908;66345862;69169893;69326626;71051647;71913471;71992156;79353062,ACH:31,yes,no,Exact alternative detector pair with point-row provenance; not added to original v783 graph or physiologically validated
271,P_alternate_automated_detector_same_specimen,720575940628789064,720575940618381012,LA_R,720575940628789064,31,548531;3447928;6028850;9241902;10575334;10889011;11906426;14098389;14724753;16996198;25373615;30544309;31248032;34380062;35792248;36967489;37593546;38770012;46997602;47075667;48563209;52166216;53262027;57021727;60469379;66579904;70660134;72854224;74500577;74813181;77944890,ACH:31,yes,no,Exact alternative detector pair with point-row provenance; not added to original v783 graph or physiologically validated
272,P_alternate_automated_detector_same_specimen,720575940631750095,720575940610106692,LA_R,720575940631750095,31,1018811;1332526;1489595;1568225;2665093;4775569;4931799;10261039;10496514;15116873;22084916;25373531;30934745;31013024;33360911;33595823;35320903;36418832;37671783;39553586;41276756;43314874;50364131;50442378;56865414;61018355;68856269;72306119;73324448;74656620;77395639,ACH:31,yes,no,Exact alternative detector pair with point-row provenance; not added to original v783 graph or physiologically validated
273,P_alternate_automated_detector_same_specimen,720575940632687672,720575940625808627,LA_L,720575940632687672,31,313254;1098117;3448261;6498258;8850637;11515637;16448237;16761716;21851036;26314549;28822083;29761967;34302005;36497301;44020116;46763084;51931994;52871430;52871553;52949976;58903224;61645925;62037349;62664944;62978193;63447064;64936821;66033213;71835568;73559771;74500941,ACH:31,yes,no,Exact alternative detector pair with point-row provenance; not added to original v783 graph or physiologically validated
274,P_alternate_automated_detector_same_specimen,720575940637514414,720575940617734976,LA_R,720575940637514414,31,10888902;10967019;10967021;13393936;14333408;16761255;17623646;28664331;32734694;32891203;35713381;38220364;39083658;39083659;40179062;44567315;45350547;45507766;46919159;49659580;50442336;56005105;59999311;60626318;63682625;64936426;71443931;71992475;73794859;74500453;75047903,ACH:31,yes,no,Exact alternative detector pair with point-row provenance; not added to original v783 graph or physiologically validated
275,P_alternate_automated_detector_same_specimen,720575940611550840,720575940631278031,LA_R,720575940611550840,30,1332414;3681883;4228203;11749506;23103493;27724277;28429240;29212550;34065533;35399143;38062797;38062918;40257544;40728079;41354758;42531258;44880160;49189578;52792491;56630861;58588292;59060423;62507493;66423857;67834418;70424812;73010873;76847867;78022529;79667325,ACH:30,yes,no,Exact alternative detector pair with point-row provenance; not added to original v783 graph or physiologically validated
276,P_alternate_automated_detector_same_specimen,720575940613971683,720575940623364988,LA_R,720575940613971683,30,1724276;4775343;5558556;8457958;18092201;25608281;33360621;33987281;38455474;40178850;44019516;44567283;46213326;49738130;52321906;54829432;55455914;56787108;58432287;59217232;60234306;65406212;67050425;68934192;70972992;71051422;75829891;75908217;76222323;76534909,ACH:30,yes,no,Exact alternative detector pair with point-row provenance; not added to original v783 graph or physiologically validated
277,P_alternate_automated_detector_same_specimen,720575940616450626,720575940629706343,LA_R,720575940616450626,30,2429354;4775465;12766683;15116883;15743897;22946442;27959546;28900013;28978211;29761494;30074053;33360588;40728075;41119906;41276524;43705755;45428892;45664871;46919013;49032906;52009754;53575869;54280907;54750887;55065182;56787226;59530249;66110699;67912795;70895328,ACH:30,yes,no,Exact alternative detector pair with point-row provenance; not added to original v783 graph or physiologically validated
278,P_alternate_automated_detector_same_specimen,720575940618743709,720575940605546208,LA_R,720575940618743709,30,1646221;4072109;5793466;5872268;9319644;9789714;11123445;17310701;18092332;20443506;25922467;28899848;32108345;35320813;38455284;39005215;39631246;39944084;47701440;50285934;50442276;50520484;51068848;55143586;56787188;59373964;62977739;63134284;68699095;74578505,ACH:30,yes,no,Exact alternative detector pair with point-row provenance; not added to original v783 graph or physiologically validated
279,P_alternate_automated_detector_same_specimen,720575940622303216,720575940607493065,LA_R,720575940622303216,30,78232;7673733;10261155;10261262;20521012;22241280;25922614;26078558;27332830;28900111;29291338;30857325;33909109;46605825;48406328;51225639;54594657;55377748;56396577;57100161;57726644;57804573;62743242;63368170;69404832;70424997;72697458;75282350;76926045;78336375,ACH:30,yes,no,Exact alternative detector pair with point-row provenance; not added to original v783 graph or physiologically validated
280,P_alternate_automated_detector_same_specimen,720575940624956139,720575940628893937,LA_R,720575940624956139,30,2272023;4227768;6341590;10103979;10260583;16212097;17858283;18170731;19345811;23493939;24041924;26548371;27880884;29447801;30856733;34928802;41746552;42687424;51775050;54202123;55690984;56082794;59999151;60233963;61175254;63368062;66658494;70112077;77160705;79824335,ACH:30,yes,no,Exact alternative detector pair with point-row provenance; not added to original v783 graph or physiologically validated
281,P_alternate_automated_detector_same_specimen,720575940624956139,720575940633817569,LA_R,720575940624956139,30,6419417;6575900;7203765;9711299;10260584;10810590;11044947;12062388;12766391;14333298;17388873;20286705;29761320;29995559;30856732;33909035;39318596;40806220;46448021;46605626;48170863;52557084;54750452;56943073;62428835;63682455;63760488;65484031;65718702;75359833,ACH:30,yes,no,Exact alternative detector pair with point-row provenance; not added to original v783 graph or physiologically validated
282,P_alternate_automated_detector_same_specimen,720575940625416167,720575940631246636,LA_R,720575940625416167,30,1489410;4853448;5245284;6107086;7987006;15665293;16996117;18483645;20208323;21538222;22868143;25373503;31560450;31952008;32812902;44253878;44724042;48719414;49894779;49894934;51382351;55691450;58353645;60156130;60469280;63446732;63839284;67912869;71600463;79510509,ACH:30,yes,no,Exact alternative detector pair with point-row provenance; not added to original v783 graph or physiologically validated
283,P_alternate_automated_detector_same_specimen,720575940628955722,720575940621253590,LA_L,720575940628955722,30,627387;1568420;2665291;4697938;9712164;10261616;12062966;15744443;18014611;18405976;19346729;29918331;35399737;36889052;38612949;41276946;45586765;45900107;48563423;58275840;60234981;63839755;68935025;71052312;74030311;74500960;74579004;76222898;77866590;78884231,ACH:30,yes,no,Exact alternative detector pair with point-row provenance; not added to original v783 graph or physiologically validated
284,P_alternate_automated_detector_same_specimen,720575940630423418,720575940628148873,LA_R,720575940630423418,30,6812005;7046877;9085666;9789996;18327454;19189669;21068516;23338575;24434021;24512027;32813024;33673560;34694309;38220530;42218323;43158481;45665082;46997642;48171507;50364289;51069043;51069108;55691616;57491725;59921762;62899998;63525473;64466968;68463764;77709723,ACH:30,yes,no,Exact alternative detector pair with point-row provenance; not added to original v783 graph or physiologically validated
285,P_alternate_automated_detector_same_specimen,720575940630869548,720575940612306382,LA_R,720575940630869548,30,861734;2586582;2899797;3447575;5245144;8850050;11359158;14176544;17623357;23572333;24981968;29995875;30465983;30465984;40179012;40963331;43158182;47309959;47779962;48798297;59608606;60547632;64231099;64466708;65719134;70346358;71051690;75829863;76925735;79274973,ACH:30,yes,no,Exact alternative detector pair with point-row provenance; not added to original v783 graph or physiologically validated
286,P_alternate_automated_detector_same_specimen,720575940647229219,720575940620346840,LA_R,720575940647229219,30,3916363;5010114;6419894;6968699;8693291;11828179;12610894;14412154;18405804;25687419;28351108;28508083;31717096;33830935;37906654;41511961;43001584;46134664;46684347;47388333;60469415;65014511;67677752;68934787;70190460;72384645;73637883;74422178;75829928;76535127,ACH:30,yes,no,Exact alternative detector pair with point-row provenance; not added to original v783 graph or physiologically validated
287,P_alternate_automated_detector_same_specimen,720575940614839215,720575940627126458,LA_R,720575940614839215,29,861786;6341853;8693053;10417125;14020194;15822023;18640993;21381501;22634138;30309131;32968854;36418482;39005295;39475052;43549091;45350487;48641443;49738077;53340069;54594313;59060612;60312935;65406007;67285373;75204269;77473876;77709559;79039954;79040235,ACH:29,yes,no,Exact alternative detector pair with point-row provenance; not added to original v783 graph or physiologically validated
288,P_alternate_automated_detector_same_specimen,720575940618849537,720575940622444020,LA_L,720575940618849537,29,392243;784630;4385584;6656314;12533198;13473759;14491481;15431603;21852160;23260663;27882834;28273337;30467001;31640337;34538796;34695651;40729160;41904383;44803595;45352228;46842520;54595535;59609814;65564401;66580923;68150622;72542560;76457839;79747080,ACH:29,yes,no,Exact alternative detector pair with point-row provenance; not added to original v783 graph or physiologically validated
289,P_alternate_automated_detector_same_specimen,720575940621103269,720575940622788702,LA_R,720575940621103269,29,78273;469151;1175729;1567994;5558668;7673394;8144707;9711699;21459908;22634144;26235903;37827917;38062877;38376975;40022362;40414452;45507674;46055842;46997384;55613087;59686978;61488592;63603696;64936351;65954065;70581596;71130000;74813151;77082902,ACH:29,yes,no,Exact alternative detector pair with point-row provenance; not added to original v783 graph or physiologically validated
290,P_alternate_automated_detector_same_specimen,720575940621481450,720575940621351412,GNG,720575940621481450,29,1753369;2301455;3246304;7860814;8721799;12795647;13504921;15695451;16006473;20392196;22896888;29319834;30889295;33309921;37779577;40206534;40838701;42014621;49451475;53137922;54231404;57753789;58616172;65355331;66374619;71236151;71784201;78364791;79779673,ACH:29,yes,no,Exact alternative detector pair with point-row provenance; not added to original v783 graph or physiologically validated
291,P_alternate_automated_detector_same_specimen,720575940623400216,720575940640142901,LA_L,720575940623400216,29,313222;2665320;3604306;8928832;11124012;11359475;15900389;19032905;24512267;26862949;28038110;28586442;38063254;38848767;40493596;41042050;41825589;44019995;47153807;55065546;59138981;63368580;66189504;68306462;69562803;70503788;71208779;75204818;75830238,ACH:29,yes,no,Exact alternative detector pair with point-row provenance; not added to original v783 graph or physiologically validated
292,P_alternate_automated_detector_same_specimen,720575940623770637,720575940628769768,LA_R,720575940623770637,29,1803173;3682111;5558917;11515371;16134315;16212571;17623741;17936416;18327597;19424904;20521232;26236149;26314239;30934943;32108563;32500205;34380077;42923233;43705995;49267625;49424233;50912051;54751014;56865640;57883187;63682733;65641146;71444263;77317963,ACH:29,yes,no,Exact alternative detector pair with point-row provenance; not added to original v783 graph or physiologically validated
293,P_alternate_automated_detector_same_specimen,720575940628442389,720575940612654771,LA_R,720575940628442389,29,390892;5088648;8301356;12689266;13707008;13785685;14333551;14646836;18014344;21772672;27411265;31326260;33909289;39944292;40727960;43627655;43706102;44959331;50755894;51147607;64624046;65484445;65876304;69797893;70112109;70268647;77160771;78101672;78492148,ACH:29,yes,no,Exact alternative detector pair with point-row provenance; not added to original v783 graph or physiologically validated
294,P_alternate_automated_detector_same_specimen,720575940630485626,720575940622788702,LA_R,720575940630485626,29,2351157;5244942;6028663;8380138;11358696;12923708;16682889;18170312;20129906;21772495;24668855;26783787;29682679;32264864;35634787;37280537;39083309;40884606;42531332;44097752;46055843;49189395;51147406;53889010;58197218;66345877;71755904;74029477;74186725,ACH:29,yes,no,Exact alternative detector pair with point-row provenance; not added to original v783 graph or physiologically validated
295,P_alternate_automated_detector_same_specimen,720575940646459502,720575940624487108,LA_R,720575940646459502,29,2351129;3213558;8457560;8849941;9006628;10338925;18876198;21302640;23494379;26783550;28037613;28429303;35870404;40335664;47153003;49894689;50599104;53810717;56239535;57647725;58197189;59843063;64545357;65640977;66267514;71756167;77317680;78648519;79510572,ACH:29,yes,no,Exact alternative detector pair with point-row provenance; not added to original v783 graph or physiologically validated
296,P_alternate_automated_detector_same_specimen,720575940655596193,720575940607755721,LA_R,720575940655596193,29,312971;3682101;5167141;6342210;8301567;10417429;11749587;18327444;22868318;23024740;28743351;29683103;32108473;32813103;36967420;39005313;40179094;41041806;42139615;44098034;47231777;50207120;59530354;61723952;61880701;62115804;65719236;66502112;72932602,ACH:29,yes,no,Exact alternative detector pair with point-row provenance; not added to original v783 graph or physiologically validated
297,P_alternate_automated_detector_same_specimen,720575940608224178,720575940621253590,LA_L,720575940608224178,28,4463673;4775855;7204585;8615532;9477122;12611146;14098802;18249515;18955155;23417014;24512404;24590997;25139389;31639401;34694583;35556859;39944657;42061520;44020068;44254346;45429276;52479301;62429762;67129039;70112627;73795360;74578991;75204965,ACH:28,yes,no,Exact alternative detector pair with point-row provenance; not added to original v783 graph or physiologically validated
298,P_alternate_automated_detector_same_specimen,720575940610715204,720575940623277667,LA_R,720575940610715204,28,5323645;6968475;11359124;12766863;14333325;14724561;16761365;17074381;17544943;20755258;23807385;25060057;31873521;31951988;32343582;32734702;39240256;39865877;47466446;48249817;50990730;52400501;65171520;67834583;75126182;76770139;77709471;78962073,ACH:28,yes,no,Exact alternative detector pair with point-row provenance; not added to original v783 graph or physiologically validated
299,P_alternate_automated_detector_same_specimen,720575940612899763,720575940625933901,LA_R,720575940612899763,28,156934;1332555;7439632;9319796;13080561;13706889;17153123;18170916;23181816;27645813;28586250;32734976;32969024;41041863;45899723;47701455;49345637;49816664;50285606;51382118;57100373;57335280;57569624;60783588;62743249;74656527;75751844;78962207,ACH:28,yes,no,Exact alternative detector pair with point-row provenance; not added to original v783 graph or physiologically validated
300,P_alternate_automated_detector_same_specimen,720575940618223419,720575940629022972,LA_R,720575940618223419,28,1959520;3292125;7439701;7439703;15038193;17389056;18483885;18954983;19032723;27489661;30309291;32578667;33673722;39944288;41355039;41433581;48798393;51696619;56396673;60783672;62351008;63525475;67520863;73951713;77395839;77630884;79040165;79589092,ACH:28,yes,no,Exact alternative detector pair with point-row provenance; not added to original v783 graph or physiologically validated
301,P_alternate_automated_detector_same_specimen,720575940618531618,720575940613532133,LA_R,720575940618531618,28,2821650;3292299;6028852;16134364;16212726;16604835;16761266;16918133;18720200;25765868;29369838;29996200;40414698;46527320;46684475;47544727;48015215;49817025;54829749;61097299;64153261;64545628;65484660;67834480;69719407;70424870;71287204;74186976,ACH:28,yes,no,Exact alternative detector pair with point-row provenance; not added to original v783 graph or physiologically validated
302,P_alternate_automated_detector_same_specimen,720575940621349285,720575940620129950,LA_R,720575940621349285,28,2665069;2978861;11515297;13236978;15272905;17152929;18092191;18405730;20755126;21224353;22946539;25295498;28272344;33204438;51068861;51460474;51617424;54045741;60469287;60626377;62507585;64545643;65327959;65640871;65797398;69719314;72305958;79824492,ACH:28,yes,no,Exact alternative detector pair with point-row provenance; not added to original v783 graph or physiologically validated
303,P_alternate_automated_detector_same_specimen,720575940622545023,720575940628084873,LA_R,720575940622545023,28,548382;5009740;5010049;6497611;8536599;9085449;16526069;17388736;20521246;22634496;26627568;33126307;35242372;40963108;40963464;44410640;45272318;45821348;49816627;49895000;58667137;59295465;61566427;66032870;67599303;72775520;77709303;77788016,ACH:28,yes,no,Exact alternative detector pair with point-row provenance; not added to original v783 graph or physiologically validated
304,P_alternate_automated_detector_same_specimen,720575940622703640,720575940636303728,LA_R,720575940622703640,28,4149952;6654821;6654822;10182145;12375274;17623404;36105589;36261379;36418735;37671665;47858151;48171208;48249916;48876180;49111450;50677239;51460490;51538893;56552275;64309159;64387968;65093124;68856069;69719105;71051684;73324314;73480860;74186727,ACH:28,yes,no,Exact alternative detector pair with point-row provenance; not added to original v783 graph or physiologically validated
305,P_alternate_automated_detector_same_specimen,720575940625416167,720575940628116392,LA_R,720575940625416167,28,234794;6028581;7673953;8223135;8380251;11593239;19267668;19424822;20521177;20833467;27959622;29369591;30465622;32969096;36418560;38377073;38769774;40806752;42453142;43314586;48406308;50050829;50285660;50364043;57257373;62350710;64701829;71835085,ACH:28,yes,no,Exact alternative detector pair with point-row provenance; not added to original v783 graph or physiologically validated
306,P_alternate_automated_detector_same_specimen,720575940628522152,720575940613980712,LA_R,720575940628522152,28,4384503;8849729;10574706;11749034;17936236;21459473;22633790;22634316;23493903;27802422;27959088;28350867;29447517;35713017;36339488;36575211;37749258;45271702;52949092;62428801;63289773;63838907;66267531;67441902;75126157;77317701;78022505;78961686,ACH:28,yes,no,Exact alternative detector pair with point-row provenance; not added to original v783 graph or physiologically validated
307,P_alternate_automated_detector_same_specimen,720575940628789064,720575940626974297,LA_R,720575940628789064,28,5793666;7831103;10104182;13080543;18327338;20677096;24356053;28978410;34380061;34537466;41198319;42296646;44880487;47153694;52557290;55456174;56474359;56474572;57257648;59999239;61097139;65093194;69326801;69404975;74969530;76378663;78180052;79981359,ACH:28,yes,no,Exact alternative detector pair with point-row provenance; not added to original v783 graph or physiologically validated
308,P_alternate_automated_detector_same_specimen,720575940630333566,720575940623527059,LA_R,720575940630333566,28,2665005;3057326;7046894;8301597;9633380;19346450;20051644;23416594;24355999;26548814;27881484;33439285;33595552;35399229;37984921;38062853;39709827;41511758;48093392;48641336;52400507;53810745;53810746;63761030;71992321;72070930;74343592;79040132,ACH:28,yes,no,Exact alternative detector pair with point-row provenance; not added to original v783 graph or physiologically validated
309,P_alternate_automated_detector_same_specimen,720575940638616922,720575940631721721,LA_R,720575940638616922,28,1646366;1959360;2978768;3526200;6342183;18327334;18954872;19816930;22399131;23181793;24199207;26705281;31326275;34223148;35085543;38298809;41041822;44176038;51303577;54829544;54986261;57413977;58588902;60705130;66423951;72854051;73951690;78101605,ACH:28,yes,no,Exact alternative detector pair with point-row provenance; not added to original v783 graph or physiologically validated
310,P_alternate_automated_detector_same_specimen,720575940638616922,720575940647118883,LA_R,720575940638616922,28,2272557;2664842;4463109;9085611;9242075;27645957;27724495;31952271;32891131;33595580;34379988;37045704;37906508;40414590;43627763;44097931;45743155;45899682;48563224;50833918;54751068;55222365;56239988;56865505;68227530;71913658;76378874;79588888,ACH:28,yes,no,Exact alternative detector pair with point-row provenance; not added to original v783 graph or physiologically validated
311,P_alternate_automated_detector_same_specimen,720575940645941027,720575940620637776,LA_R,720575940645941027,28,2586562;4228052;4306406;8536877;8850292;10966808;11593259;20677040;32968864;38377103;40414523;41119995;43784614;44488746;45193687;46448487;48719600;49894958;50833831;51775516;56943290;60939985;61880647;61958916;69640750;72070827;74186864;74186865,ACH:28,yes,no,Exact alternative detector pair with point-row provenance; not added to original v783 graph or physiologically validated
312,P_alternate_automated_detector_same_specimen,720575940648383364,720575940618278868,LA_R,720575940648383364,28,2115866;2429426;7517412;7752563;8380163;10417306;11359142;11984039;16918050;19503106;19737880;21772684;29369641;31326109;34223023;36339998;37671677;38769856;39161809;43705826;53339991;54359347;56474339;59138680;59843104;65014287;75595145;77239268,ACH:28,yes,no,Exact alternative detector pair with point-row provenance; not added to original v783 graph or physiologically validated
313,P_alternate_automated_detector_same_specimen,720575940609016668,720575940623160865,LA_R,720575940609016668,27,1332329;6342087;10182062;15507930;19032240;21694467;23416551;24277176;28115497;29056336;29995944;33125531;37749161;46683989;48719416;49189497;49502428;55142997;62742506;64308722;65406277;68698972;70112188;71678502;73480792;74265130;75829943,ACH:27,yes,no,Exact alternative detector pair with point-row provenance; not added to original v783 graph or physiologically validated
314,P_alternate_automated_detector_same_specimen,720575940609485579,720575940621343252,LA_R,720575940609485579,27,2743001;5714812;7282520;11671252;16369100;20443159;21616275;26627391;34615225;36810064;38848421;39396976;42531218;45193538;48328220;48798049;51069066;51696344;57726299;58981455;60077530;61253801;65327871;72149191;73715890;73794666;79196735,ACH:27,yes,no,Exact alternative detector pair with point-row provenance; not added to original v783 graph or physiologically validated
315,P_alternate_automated_detector_same_specimen,720575940615951839,720575940634717153,LA_R,720575940615951839,27,17074400;17467218;18405769;22946430;23650416;24433970;27254721;27959709;30465963;31403974;32969180;34458641;37045883;37749886;42531538;46448619;48954417;54594679;56161839;56865564;64153040;67128743;68227586;70268625;71365824;72070956;77083094,ACH:27,yes,no,Exact alternative detector pair with point-row provenance; not added to original v783 graph or physiologically validated
316,P_alternate_automated_detector_same_specimen,720575940618663069,720575940641780621,LA_R,720575940618663069,27,1959382;2037654;2508193;6185558;12140717;12218832;12532179;20208631;21615750;24512005;31716865;33595737;37123924;44802051;46055885;48562897;50129010;52792498;57178481;61018226;61958744;62507503;67912645;76925897;77395506;78101439;78883671,ACH:27,yes,no,Exact alternative detector pair with point-row provenance; not added to original v783 graph or physiologically validated
317,P_alternate_automated_detector_same_specimen,720575940626585744,720575940607755721,LA_R,720575940626585744,27,2664952;3057449;3682176;4384613;5323592;5872501;6497868;7439591;7517478;11828193;14646744;23338554;23494514;23494516;27097661;28900106;35477443;47466374;57569746;60783543;61802628;62429365;63212110;64701804;68777700;74343700;79902908,ACH:27,yes,no,Exact alternative detector pair with point-row provenance; not added to original v783 graph or physiologically validated
318,P_alternate_automated_detector_same_specimen,720575940628442389,720575940643314061,LA_R,720575940628442389,27,548489;2586449;3994377;7361052;9085636;9947385;11671635;12062660;12140696;12297117;12297288;17780325;22084682;25844531;29839778;34929022;37906394;40806672;49111456;50442270;53105650;57335588;58275236;66894222;70033879;70659936;75908599,ACH:27,yes,no,Exact alternative detector pair with point-row provenance; not added to original v783 graph or physiologically validated
319,P_alternate_automated_detector_same_specimen,720575940629854507,720575940631721721,LA_R,720575940629854507,27,3526048;8928625;13002213;13158403;15508682;16212532;16291167;16526025;17936491;20521279;23181809;24903907;26862719;30152280;31639024;35792071;39083504;40335969;43079764;43314783;46448459;55377962;63134291;70112120;70503628;75438169;78962206,ACH:27,yes,no,Exact alternative detector pair with point-row provenance; not added to original v783 graph or physiologically validated
320,P_alternate_automated_detector_same_specimen,720575940631048812,720575940620711115,LA_R,720575940631048812,27,2508082;3291994;8380173;8615128;9555040;10260915;12532171;15273056;22789975;24042104;27724407;37124107;42453082;46527037;49345667;50755661;51147413;54124045;54359266;58902609;61175659;61566627;63760798;65249506;67285444;67756480;69955020,ACH:27,yes,no,Exact alternative detector pair with point-row provenance; not added to original v783 graph or physiologically validated
321,P_alternate_automated_detector_same_specimen,720575940632581945,720575940626023608,LA_R,720575940632581945,27,1803152;5402014;6733318;9555193;13707168;14020267;15194748;15430276;16604795;18483938;21538360;23494673;26470694;30700990;34223087;36967460;41433542;50364178;51617622;51617745;53732454;55691415;56709505;70503493;71678822;73402656;75673797,ACH:27,yes,no,Exact alternative detector pair with point-row provenance; not added to original v783 graph or physiologically validated
322,P_alternate_automated_detector_same_specimen,720575940640017597,720575940620637776,LA_R,720575940640017597,27,7282772;8458099;9242009;11984167;14490561;14646773;16447928;17074259;18170892;20677044;29212441;30622573;36731924;38455467;41041836;41197991;42374700;52088031;57804691;61880729;63995931;64309326;65641052;66815294;69248621;78726893;79353274,ACH:27,yes,no,Exact alternative detector pair with point-row provenance; not added to original v783 graph or physiologically validated
323,P_alternate_automated_detector_same_specimen,720575940646392942,720575940625759719,LA_L,720575940646392942,27,391152;2900218;5010330;5637421;10967443;14725022;22399311;22946818;26627911;27176305;27724808;31717360;33439597;35085803;36967771;37202390;37437224;39240721;45037457;47780455;56709703;57883315;64388522;74187244;77396032;77788328;79667704,ACH:27,yes,no,Exact alternative detector pair with point-row provenance; not added to original v783 graph or physiologically validated
324,P_alternate_automated_detector_same_specimen,720575940607860169,720575940620316632,LA_R,720575940607860169,26,156842;6576416;7282876;9241927;13236935;19581877;27489552;28743203;32891255;36105418;38926537;40179013;47858171;53497151;53732464;55300216;60626488;60861875;60939886;69248932;70268447;71992173;74969354;76378711;77160991;78805358,ACH:26,yes,no,Exact alternative detector pair with point-row provenance; not added to original v783 graph or physiologically validated
325,P_alternate_automated_detector_same_specimen,720575940611532664,720575940633313444,LA_R,720575940611532664,26,1567836;6185390;9241913;9476745;11671206;16996193;19424745;20130075;26548640;29761493;39083312;44410316;46762462;50598942;50677171;51617587;53418416;53888873;56474370;57647920;60704931;62977743;64858047;70190078;76456634;79824182,ACH:26,yes,no,Exact alternative detector pair with point-row provenance; not added to original v783 graph or physiologically validated
326,P_alternate_automated_detector_same_specimen,720575940618437922,720575940625266761,LA_R,720575940618437922,26,2194165;6890051;8065974;10496496;11437246;12219110;18641223;18876527;22477848;26627746;37045736;37671897;38533959;38534114;47544724;53497143;54986323;61645615;62586210;63996328;64545784;67050743;67442587;67599411;75282405;77788122,ACH:26,yes,no,Exact alternative detector pair with point-row provenance; not added to original v783 graph or physiologically validated
327,P_alternate_automated_detector_same_specimen,720575940618743709,720575940631261911,LA_R,720575940618743709,26,5714625;12610569;13550939;15351368;17466980;19032702;31482195;37436836;38298664;43627660;45036911;46213302;46527138;47466292;48093249;48876302;52478732;58197185;60939711;63525495;63603737;68620831;69483411;71756298;77866236;79274700,ACH:26,yes,no,Exact alternative detector pair with point-row provenance; not added to original v783 graph or physiologically validated
328,P_alternate_automated_detector_same_specimen,720575940620629553,720575940624485258,LA_R,720575940620629553,26,2586612;4072175;5323701;6263709;10654236;11593320;12453892;12845139;14411949;14412153;17074399;22241198;23728926;25844316;26392354;31326117;41668767;47231849;49972722;55065187;59687152;60783667;60939878;70190288;72384468;76222628,ACH:26,yes,no,Exact alternative detector pair with point-row provenance; not added to original v783 graph or physiologically validated
329,P_alternate_automated_detector_same_specimen,720575940621193051,720575940618381012,LA_R,720575940621193051,26,548224;2743191;5245172;7831141;9085523;9241942;10181983;13472334;13785284;14020225;14098510;28272447;33830781;39083530;42687872;44880170;56161445;56787249;58353768;59374144;59452275;63368342;64387932;65562973;66579936;67912900,ACH:26,yes,no,Exact alternative detector pair with point-row provenance; not added to original v783 graph or physiologically validated
330,P_alternate_automated_detector_same_specimen,720575940621458625,720575940618872833,LA_L,720575940621458625,26,627375;7361478;7831553;10339820;11828529;24042522;24904173;27490048;30309644;34066372;34144384;36027655;42061440;45429319;45429384;47153991;50834221;50912332;52793071;53811323;66894466;68935018;69562941;69877287;74500881;79746523,ACH:26,yes,no,Exact alternative detector pair with point-row provenance; not added to original v783 graph or physiologically validated
331,P_alternate_automated_detector_same_specimen,720575940621482667,720575940618937654,LA_L,720575940621482667,26,8382443;13631367;13787709;14178998;16370754;17860732;21383868;27569589;29919470;39476813;41122097;45039337;48564648;48800398;51698099;52951770;53186052;60315108;66817556;67601435;70270654;73875336;74110211;74188988;78885980;79277127,ACH:26,yes,no,Exact alternative detector pair with point-row provenance; not added to original v783 graph or physiologically validated
332,P_alternate_automated_detector_same_specimen,720575940621544175,720575940629495803,ME_L,720575940621544175,26,7867;400213;7995310;8389734;15594822;18493089;23659934;26086690;31723759;33604611;41285720;43323741;47007192;50608216;51545702;55231327;62749932;63456353;64005699;69412815;72785010;73177060;74429979;76779523;77014274;79362941,ACH:26,yes,no,Exact alternative detector pair with point-row provenance; not added to original v783 graph or physiologically validated
333,P_alternate_automated_detector_same_specimen,720575940623003169,720575940636090223,LA_R,720575940623003169,26,1018663;3369637;3838090;5950548;10260880;12140528;20286741;25687068;35006804;35556141;38455282;39475079;39943624;42217954;43236863;45115303;46055876;48170861;49032846;49816332;51460172;56317952;56865264;60077226;67442368;68620826,ACH:26,yes,no,Exact alternative detector pair with point-row provenance; not added to original v783 graph or physiologically validated
334,P_alternate_automated_detector_same_specimen,720575940627671433,720575940618381012,LA_R,720575940627671433,26,469599;2429605;2978902;9868679;17074198;18249232;18954906;19895222;26157373;27881325;31717010;35320812;36183457;39709824;41590270;44410501;44488710;44567246;47388165;48719489;53810712;57335551;60705093;62821405;64231217;64701681,ACH:26,yes,no,Exact alternative detector pair with point-row provenance; not added to original v783 graph or physiologically validated
335,P_alternate_automated_detector_same_specimen,720575940628648936,720575940635283903,LA_R,720575940628648936,26,2665078;15038379;20677155;22868362;23650458;29996284;30701007;31404216;31952330;33517592;34458675;38455618;39005446;40806890;44959283;51696688;53576089;57883131;58039733;58745800;61802638;62507669;66502120;68621242;72854297;75987316,ACH:26,yes,no,Exact alternative detector pair with point-row provenance; not added to original v783 graph or physiologically validated
336,P_alternate_automated_detector_same_specimen,720575940629499395,720575940613532133,LA_R,720575940629499395,26,15430285;16447890;16447969;17074378;17467146;17858537;20911958;22399154;23338522;25452026;28272472;29761554;29839770;34850942;38455661;53810658;54986318;56709365;58981490;59843171;67599413;69326976;69640887;71522461;74813362;75595398,ACH:26,yes,no,Exact alternative detector pair with point-row provenance; not added to original v783 graph or physiologically validated
337,P_alternate_automated_detector_same_specimen,720575940632687672,720575940626927290,LA_L,720575940632687672,26,705405;3292619;9712208;13551514;14490936;14725020;18563226;23807711;26079126;26627995;28508345;28822082;33439589;33831215;34066426;36653728;39553934;39866453;42844644;64153541;65093440;66972922;70425204;76848329;79511065;80138011,ACH:26,yes,no,Exact alternative detector pair with point-row provenance; not added to original v783 graph or physiologically validated
338,P_alternate_automated_detector_same_specimen,720575940643034765,720575940636117359,LA_R,720575940643034765,26,1881584;6185698;8536880;10417509;10732418;11359149;15978060;25451983;26078662;27254686;28586321;29683074;43471158;44019858;44959263;46291752;47623334;54437783;59530331;59921706;60313017;65719279;68620993;74813195;75673883;76456997,ACH:26,yes,no,Exact alternative detector pair with point-row provenance; not added to original v783 graph or physiologically validated
339,P_alternate_automated_detector_same_specimen,720575940613196261,720575940644925038,LA_R,720575940613196261,25,3213682;9163191;9241788;10416890;10966866;16134033;21303029;21538029;30465549;31169491;33751623;34379480;36339878;41119497;48328058;48797757;53888628;56161463;65249192;66658426;67756086;74890775;75126040;77473365;78022559,ACH:25,yes,no,Exact alternative detector pair with point-row provenance; not added to original v783 graph or physiologically validated
340,P_alternate_automated_detector_same_specimen,720575940621462511,720575940612717461,LA_R,720575940621462511,25,4775470;6263424;9163736;9476747;10889025;16526023;19659696;24433915;26470524;31873527;37280559;43079759;43784620;44567369;45272190;45586185;48562949;59530251;59764585;65719124;68856093;70424814;72070906;73873107;78179865,ACH:25,yes,no,Exact alternative detector pair with point-row provenance; not added to original v783 graph or physiologically validated
341,P_alternate_automated_detector_same_specimen,720575940621489243,720575940628323461,LA_R,720575940621489243,25,469640;6185550;10103546;18640744;23181650;35163693;36027195;40492773;41433351;42374544;43079761;45350691;51069013;53027565;56161579;56474372;61566620;65640554;66815271;69640676;70816640;74029934;74500397;76847868;77004643,ACH:25,yes,no,Exact alternative detector pair with point-row provenance; not added to original v783 graph or physiologically validated
342,P_alternate_automated_detector_same_specimen,720575940624870217,720575940634178751,LA_R,720575940624870217,25,940418;1881636;2429602;6107290;7517397;14881992;15665309;29448089;32500118;37124231;38926869;43158350;49111486;52792627;53497073;55300178;56865496;57021773;58039646;65014244;65484603;69798047;74969660;76222566;77395588,ACH:25,yes,no,Exact alternative detector pair with point-row provenance; not added to original v783 graph or physiologically validated
343,P_alternate_automated_detector_same_specimen,720575940625511572,720575940634203603,LA_R,720575940625511572,25,156663;390621;8144571;12218567;12767033;13236733;16055966;16056169;26078796;29056791;30622377;31325726;38062790;39866015;41590174;48798015;51852896;55691256;64858461;66658556;70816497;70816704;74186354;76456699;79745608,ACH:25,yes,no,Exact alternative detector pair with point-row provenance; not added to original v783 graph or physiologically validated
344,P_alternate_automated_detector_same_specimen,720575940628522152,720575940606552422,LA_R,720575940628522152,25,547892;5244641;6185108;12296668;12375416;14411440;22555461;23103135;23884806;27018634;28193169;29369650;29995516;35634752;36183044;38062422;39161318;42374549;44488264;45271705;46683817;55143563;60547133;65092517;75125707,ACH:25,yes,no,Exact alternative detector pair with point-row provenance; not added to original v783 graph or physiologically validated
345,P_alternate_automated_detector_same_specimen,720575940630098075,720575940641045376,ME_L,720575940630098075,25,2673999;2988010;6194773;9094742;14264502;17476224;20374022;21469428;28909282;36036485;39014600;47945737;48102375;48415374;49981854;51626846;53820050;55309317;56640164;59773905;66981833;72079987;73333527;75761419;78267133,ACH:25,yes,no,Exact alternative detector pair with point-row provenance; not added to original v783 graph or physiologically validated
346,P_alternate_automated_detector_same_specimen,720575940632382994,720575940621692251,LA_R,720575940632382994,25,5480026;6106896;8614855;10417161;12296885;16291046;17858444;19502991;26940651;33517297;40570998;41041692;41433131;41824964;52949085;55926666;57178619;60312740;60625781;64466403;65171389;66972215;67128568;73951494;78336035,ACH:25,yes,no,Exact alternative detector pair with point-row provenance; not added to original v783 graph or physiologically validated
347,P_alternate_automated_detector_same_specimen,720575940612735194,720575940623277667,LA_R,720575940612735194,24,5950831;9241920;18720148;20443296;21928806;23416628;26078780;28115786;29683035;29995927;31717009;37827937;38062901;42844345;43705842;45193559;49345773;52087819;52244160;54359533;61018264;63682487;66736914;76222437,ACH:24,yes,no,Exact alternative detector pair with point-row provenance; not added to original v783 graph or physiologically validated
348,P_alternate_automated_detector_same_specimen,720575940612947635,720575940633313444,LA_R,720575940612947635,24,2978452;7124987;11436931;11514862;11671202;13706678;17780174;18013958;20442918;20520741;23963936;23963937;24120211;31247872;33595593;34772125;40335958;56474354;58588718;58667096;62115284;77160727;79431983;79588894,ACH:24,yes,no,Exact alternative detector pair with point-row provenance; not added to original v783 graph or physiologically validated
349,P_alternate_automated_detector_same_specimen,720575940615708066,720575940609746187,LA_R,720575940615708066,24,1018946;2821453;3135507;4306489;6028783;10182261;10967072;13785467;14255232;15038284;17467102;21381681;26314223;32186342;32969009;35163680;38141584;52166046;59217207;61645507;62586245;70424813;73011063;75047839,ACH:24,yes,no,Exact alternative detector pair with point-row provenance; not added to original v783 graph or physiologically validated
350,P_alternate_automated_detector_same_specimen,720575940618743709,720575940618381012,LA_R,720575940618743709,24,3057329;3994185;4306224;5088440;20676916;29839514;35477201;37906401;43158326;48328186;51538616;52870953;54829553;58981423;59530246;59608609;61253941;64309141;69562510;73715852;74969536;77083090;77709677;78962196,ACH:24,yes,no,Exact alternative detector pair with point-row provenance; not added to original v783 graph or physiologically validated
351,P_alternate_automated_detector_same_specimen,720575940620232920,720575940622855924,LA_R,720575940620232920,24,2429028;2664682;3837813;9711289;12532006;20442818;21146053;21381242;22789629;23884831;24355414;25295231;26392200;28585949;31247599;41354406;44097479;60469021;63524818;65562768;66501461;66579724;70111663;78726616,ACH:24,yes,no,Exact alternative detector pair with point-row provenance; not added to original v783 graph or physiologically validated
352,P_alternate_automated_detector_same_specimen,720575940621090213,720575940607755721,LA_R,720575940621090213,24,940515;8144939;14020229;18720108;20599019;21694489;21928937;31638918;34772486;35635398;43079847;44019780;46056090;52479099;56631053;57726660;57804736;57804880;63056118;65171500;68384807;69876815;73246132;74891464,ACH:24,yes,no,Exact alternative detector pair with point-row provenance; not added to original v783 graph or physiologically validated
353,P_alternate_automated_detector_same_specimen,720575940621544175,720575940639834995,ME_L,720575940621544175,24,557547;2047285;2203051;3456966;4862867;9642755;11210954;12071996;12698135;14812642;26637188;28909594;42618867;43637254;46693590;52723369;54760442;55386867;65023645;65258945;66355234;66981797;71217766;73882281,ACH:24,yes,no,Exact alternative detector pair with point-row provenance; not added to original v783 graph or physiologically validated
354,P_alternate_automated_detector_same_specimen,720575940622132656,720575940630494023,LA_L,720575940622132656,24,3057936;5872954;12219577;16526781;22478438;22634992;28430098;29370457;31561231;33126945;34302093;40415127;43237657;45508303;50207749;55378573;56083860;64388847;65250413;69563086;70347324;70896101;72385231;77083607,ACH:24,yes,no,Exact alternative detector pair with point-row provenance; not added to original v783 graph or physiologically validated
355,P_alternate_automated_detector_same_specimen,720575940626928740,720575940631721721,LA_R,720575940626928740,24,2899794;3447902;4384678;7987337;15665388;18405795;21303288;24042246;27802897;31717158;31952101;34301666;35870753;41668768;43314782;44019675;45037251;49972745;52479038;54751034;65406340;70424817;72932788;75751977,ACH:24,yes,no,Exact alternative detector pair with point-row provenance; not added to original v783 graph or physiologically validated
356,P_alternate_automated_detector_same_specimen,720575940630871260,720575940640383054,LA_R,720575940630871260,24,2193493;4853533;10182042;10260929;11359021;12062435;15351399;15351513;23964011;27175924;31482202;33830288;33987275;38376982;41354840;46213173;48171316;51147313;60783455;64074595;68384591;70033898;70738199;76065097,ACH:24,yes,no,Exact alternative detector pair with point-row provenance; not added to original v783 graph or physiologically validated
357,P_alternate_automated_detector_same_specimen,720575940631043900,720575940613532133,LA_R,720575940631043900,24,390810;12689133;14020277;14490634;15116958;18092409;30074132;32578715;32969207;36418707;37515118;37906632;44724169;47858230;54202636;56474589;61175812;61802643;62351009;62899995;69955235;70738394;73872993;75908533,ACH:24,yes,no,Exact alternative detector pair with point-row provenance; not added to original v783 graph or physiologically validated
358,P_alternate_automated_detector_same_specimen,720575940636401400,720575940631086636,LA_R,720575940636401400,24,4072129;11671376;12375411;14411900;27489484;29056631;32578554;33282355;36575202;36575250;42296017;44723927;49816864;53261905;55456008;56865455;62350844;67363837;68855632;69797934;70190254;72148662;72462431;78335771,ACH:24,yes,no,Exact alternative detector pair with point-row provenance; not added to original v783 graph or physiologically validated
359,P_alternate_automated_detector_same_specimen,720575940646392942,720575940640731555,LA_L,720575940646392942,24,4306865;11045842;20912117;20912144;27176304;32030507;32500476;33595973;34772769;35635693;41042169;45429284;45429327;45977895;49895259;52166425;54124560;54516789;55770475;60156596;64936828;68621428;71130451;78336662,ACH:24,yes,no,Exact alternative detector pair with point-row provenance; not added to original v783 graph or physiologically validated
360,P_alternate_automated_detector_same_specimen,720575940618150105,720575940630024464,LA_R,720575940618150105,23,547510;2586165;5792979;6496851;17466727;18169929;19267194;19816504;23963592;24981855;29290736;29839280;35476834;35948533;45428368;48171025;61723601;63525013;65249120;74890909;75751482;76612729;76690553,ACH:23,yes,no,Exact alternative detector pair with point-row provenance; not added to original v783 graph or physiologically validated
361,P_alternate_automated_detector_same_specimen,720575940618437922,720575940625365996,LA_R,720575940618437922,23,4541255;5167238;15038383;15587070;19817164;19895302;20051828;24669090;24982163;25687266;27411479;33830975;38612690;40571632;42844419;49189780;59608799;60547817;60547820;70112310;74969769;76535253;79589097,ACH:23,yes,no,Exact alternative detector pair with point-row provenance; not added to original v783 graph or physiologically validated
362,P_alternate_automated_detector_same_specimen,720575940620647760,720575940618936221,LA_R,720575940620647760,23,626931;5480283;8615124;8771475;17466985;19816943;21538144;26862567;30465972;30700765;30857165;33282193;41590273;44645594;45664784;46762631;47622974;50990494;66815163;71051854;73794610;73951506;74108343,ACH:23,yes,no,Exact alternative detector pair with point-row provenance; not added to original v783 graph or physiologically validated
363,P_alternate_automated_detector_same_specimen,720575940620753744,720575940620637776,LA_R,720575940620753744,23,469458;3057452;3291934;11359176;15665203;22555956;24982158;29917735;29917924;31873659;32108161;50207037;51853327;56630878;58902857;61254040;62350925;62742912;67128679;70816786;75829888;78023099;78805119,ACH:23,yes,no,Exact alternative detector pair with point-row provenance; not added to original v783 graph or physiologically validated
364,P_alternate_automated_detector_same_specimen,720575940621667462,720575940617330772,LA_R,720575940621667462,23,940563;1568047;2272674;11123823;11280305;20755397;25295500;26783931;28586235;36732111;39631528;46527278;48954657;49111574;50285865;57726582;68777815;72306158;74108771;74735193;75360524;75829969;78726892,ACH:23,yes,no,Exact alternative detector pair with point-row provenance; not added to original v783 graph or physiologically validated
365,P_alternate_automated_detector_same_specimen,720575940630869548,720575940610692676,LA_R,720575940630869548,23,1254597;3682100;10575299;12766971;13785473;18327367;18876497;29447820;33204356;33439264;36653298;43079773;44097951;48484767;49111324;51225555;54829383;54986213;73637814;73873117;78414268;78492263;78962209,ACH:23,yes,no,Exact alternative detector pair with point-row provenance; not added to original v783 graph or physiologically validated
366,P_alternate_automated_detector_same_specimen,720575940632189970,720575940636615160,LA_R,720575940632189970,23,626932;9868695;11123657;13551116;19895134;22868196;26314120;33752075;34458488;34928812;37671708;38533966;43784524;44959157;46448419;47153480;51617557;56552259;65876082;68463609;69876706;71992333;76691396,ACH:23,yes,no,Exact alternative detector pair with point-row provenance; not added to original v783 graph or physiologically validated
367,P_alternate_automated_detector_same_specimen,720575940635013020,720575940637114743,LA_R,720575940635013020,23,1567913;7282467;10103832;17780182;19816847;20364420;20676753;33126166;36261524;39397112;42296460;46369683;56396494;56709173;68698830;68777431;69326638;69404644;72932589;73715534;73951414;74108537;75204468,ACH:23,yes,no,Exact alternative detector pair with point-row provenance; not added to original v783 graph or physiologically validated
368,P_alternate_automated_detector_same_specimen,720575940639201508,720575940612654771,LA_R,720575940639201508,23,6028902;14412163;17074465;17231971;24825028;25139063;32030219;41825382;44959332;52244477;55770112;59060712;59921774;65406397;65954281;67991593;70895560;71913877;72775830;73167861;75126242;77944793;79196891,ACH:23,yes,no,Exact alternative detector pair with point-row provenance; not added to original v783 graph or physiologically validated
369,P_alternate_automated_detector_same_specimen,720575940612839793,720575940606761918,LA_R,720575940612839793,22,1489501;5793313;9085427;10025241;10182256;10732216;15272707;25922315;27097567;27411118;34537293;35399027;36810051;42296294;47153532;52949587;59295185;59843113;62507328;65327663;67128217;76143582,ACH:22,yes,no,Exact alternative detector pair with point-row provenance; not added to original v783 graph or physiologically validated
370,P_alternate_automated_detector_same_specimen,720575940616346822,720575940632452626,LA_R,720575940616346822,22,1568011;1568129;2899787;3838372;6419903;8301476;9242073;12062554;13158493;19111518;27881340;31873631;32422401;34850883;44959120;46291493;53261977;62350987;63134401;65014420;65719232;79353426,ACH:22,yes,no,Exact alternative detector pair with point-row provenance; not added to original v783 graph or physiologically validated
371,P_alternate_automated_detector_same_specimen,720575940618718977,720575940620369243,LA_R,720575940618718977,22,7360926;15194473;15430099;18249073;20911737;21850494;23416348;28507502;30465950;34537143;38141474;39709745;48562925;49032895;53027455;53654124;55691297;57647890;64466746;69170072;76612884;77473786,ACH:22,yes,no,Exact alternative detector pair with point-row provenance; not added to original v783 graph or physiologically validated
372,P_alternate_automated_detector_same_specimen,720575940618864724,720575940621274689,LA_L,720575940618864724,22,313529;2116543;3994856;12846111;20912397;24121114;25766712;38849012;42297134;44098620;45665784;50912564;51069707;61332846;65093708;65172440;66737617;68778265;74814110;76613934;76926598;78180783,ACH:22,yes,no,Exact alternative detector pair with point-row provenance; not added to original v783 graph or physiologically validated
373,P_alternate_automated_detector_same_specimen,720575940622404991,720575940623277667,LA_R,720575940622404991,22,390725;2978903;3447743;4541004;5636911;12375592;15899917;16761194;23259543;28586109;29761660;37202077;45586473;47544730;51225716;51538958;54516314;58588709;59687141;64936258;70268600;74265199,ACH:22,yes,no,Exact alternative detector pair with point-row provenance; not added to original v783 graph or physiologically validated
374,P_alternate_automated_detector_same_specimen,720575940623239133,720575940633646637,LA_R,720575940623239133,22,5558956;6419993;6655005;9711936;10182250;17467163;19738470;21068637;23181954;32265098;34929090;45429045;45821515;48171477;53497142;53889252;54751059;64701891;66737138;69955212;73716170;77473819,ACH:22,yes,no,Exact alternative detector pair with point-row provenance; not added to original v783 graph or physiologically validated
375,P_alternate_automated_detector_same_specimen,720575940625113015,720575940620744430,LA_R,720575940625113015,22,3135339;4228213;11984071;13629274;14098228;19895084;25922007;26313933;33751859;34457996;36575057;47387726;53183618;57335403;58275186;63211803;66423665;67834424;68699077;72853858;73167523;79039970,ACH:22,yes,no,Exact alternative detector pair with point-row provenance; not added to original v783 graph or physiologically validated
376,P_alternate_automated_detector_same_specimen,720575940629285873,720575940621670127,LA_R,720575940629285873,22,8380180;14646675;17780264;19111442;21459944;24433814;29996165;34694261;40179015;41590089;42766082;43392537;44332371;52009694;62507303;64309115;64623664;65876094;68542577;69170177;70816777;72932612,ACH:22,yes,no,Exact alternative detector pair with point-row provenance; not added to original v783 graph or physiologically validated
377,P_alternate_automated_detector_same_specimen,720575940630351554,720575940616222879,LA_R,720575940630351554,22,234885;2429325;9085581;9319943;11437130;12219109;17466861;25451895;26940697;27881362;32891171;41198169;41747036;42766219;48328038;48798351;50520675;65249668;69013176;71208292;71208481;79981195,ACH:22,yes,no,Exact alternative detector pair with point-row provenance; not added to original v783 graph or physiologically validated
378,P_alternate_automated_detector_same_specimen,720575940610821188,720575940629929039,LA_R,720575940610821188,21,7908978;10417292;11828125;15194587;17152967;17544940;23181789;25530169;27567580;28351052;31560525;38691477;40335941;41825202;44019657;44724121;49345774;59374121;63055889;75204448;77473796,ACH:21,yes,no,Exact alternative detector pair with point-row provenance; not added to original v783 graph or physiologically validated
379,P_alternate_automated_detector_same_specimen,720575940618115289,720575940621838830,LA_R,720575940618115289,21,6107212;6733322;22398971;22868245;27724172;28350936;35792088;37593401;37749722;37984598;39866034;47858182;51931520;59687020;66267346;67599125;73794801;74813227;77239303;78023040;79510652,ACH:21,yes,no,Exact alternative detector pair with point-row provenance; not added to original v783 graph or physiologically validated
380,P_alternate_automated_detector_same_specimen,720575940620666315,720575940612075618,LA_R,720575940620666315,21,1331952;2821462;4463118;7439482;13707011;20286298;20598712;24277538;25608421;26078630;26235734;28429344;29526108;37827765;39161618;40727654;55299876;65092669;68542144;75047835;76300247,ACH:21,yes,no,Exact alternative detector pair with point-row provenance; not added to original v783 graph or physiologically validated
381,P_alternate_automated_detector_same_specimen,720575940635677887,720575940606552422,LA_R,720575940635677887,21,11749031;13863647;17466062;19738127;21303115;22319677;32578048;35163667;41668151;46291468;47388123;51068984;52870532;59451774;62428345;64152594;65249606;65796818;71913188;75908334;78022504,ACH:21,yes,no,Exact alternative detector pair with point-row provenance; not added to original v783 graph or physiologically validated
382,P_alternate_automated_detector_same_specimen,720575940638872553,720575940622536662,LA_L,720575940638872553,21,7440045;11828667;13785931;16134735;19425364;19660136;24591118;26001054;26079261;27098081;29683363;31170542;40258136;45194134;53028017;54359929;60940326;62508049;68227974;70738734;74813639,ACH:21,yes,no,Exact alternative detector pair with point-row provenance; not added to original v783 graph or physiologically validated
383,P_alternate_automated_detector_same_specimen,720575940644276128,720575940640410702,LA_R,720575940644276128,21,2743325;3682035;6107006;15508298;16526061;39631439;42296488;43314873;45272215;46684383;55065211;55691412;57100417;60783301;61566441;61959005;63446827;68934630;69170116;70738488;73480913,ACH:21,yes,no,Exact alternative detector pair with point-row provenance; not added to original v783 graph or physiologically validated
384,P_alternate_automated_detector_same_specimen,720575940609016668,720575940641678544,LA_R,720575940609016668,20,9789580;11123518;13001892;18562809;22006847;28429027;34143279;37514489;41981762;42844057;43863055;46448143;47779657;50050832;62977657;64387510;67285260;72775357;74343003;79823805,ACH:20,yes,no,Exact alternative detector pair with point-row provenance; not added to original v783 graph or physiologically validated
385,P_alternate_automated_detector_same_specimen,720575940621481450,720575940636044143,GNG,720575940621481450,20,895883;3793692;5670427;8884785;9432372;20080562;20315484;21335623;31359498;37392273;44287984;50474644;54862068;57989802;62775247;65513245;65987854;66295211;75003246;75937303,ACH:20,yes,no,Exact alternative detector pair with point-row provenance; not added to original v783 graph or physiologically validated
386,P_alternate_automated_detector_same_specimen,720575940622799898,720575940640410702,LA_R,720575940622799898,20,10339499;10889113;11515387;12140793;14176777;18170891;18483845;19032735;19503246;26157578;40022505;42139546;45899699;48328285;48484961;53027785;58745814;65876197;68777724;80059396,ACH:20,yes,no,Exact alternative detector pair with point-row provenance; not added to original v783 graph or physiologically validated
387,P_alternate_automated_detector_same_specimen,720575940626928740,720575940625266761,LA_R,720575940626928740,20,2743295;4775472;9947216;11045526;17936490;18249100;20911948;23024770;25060375;26236100;40963326;44410659;45977696;58823966;59764846;61018570;62899799;78336326;80215579;80215581,ACH:20,yes,no,Exact alternative detector pair with point-row provenance; not added to original v783 graph or physiologically validated
388,P_alternate_automated_detector_same_specimen,720575940629285873,720575940606761918,LA_R,720575940629285873,20,783269;1410844;8065870;11045373;11123635;12375462;18405598;19346059;29917911;34379727;36340007;44567105;46448542;46840768;48093081;49659359;49738074;59608579;60783223;64153160,ACH:20,yes,no,Exact alternative detector pair with point-row provenance; not added to original v783 graph or physiologically validated
389,P_alternate_automated_detector_same_specimen,720575940630351554,720575940618737748,LA_R,720575940630351554,20,4697417;6185709;8223257;10417330;12689080;16526064;27019131;33126336;47779972;49581131;50755822;53496796;54750916;57726576;59608924;61880649;69013038;69404960;78414625;79667191,ACH:20,yes,no,Exact alternative detector pair with point-row provenance; not added to original v783 graph or physiologically validated
390,P_alternate_automated_detector_same_specimen,720575940637514414,720575940624446652,LA_R,720575940637514414,20,4541076;6263598;8928574;9163758;16134244;19032581;19581729;22162901;25217347;28272397;29291300;33595652;39161858;48406289;60861765;61175774;74108591;75282302;75282383;80059330,ACH:20,yes,no,Exact alternative detector pair with point-row provenance; not added to original v783 graph or physiologically validated
391,P_alternate_automated_detector_same_specimen,720575940607773314,720575940621759215,LA_R,720575940607773314,19,6028438;8927954;9554926;9868216;10888473;27802667;35163483;36260974;44019429;49345537;53105433;55299875;55926459;66658306;67050047;68542252;71129807;73010191;78961943,ACH:19,yes,no,Exact alternative detector pair with point-row provenance; not added to original v783 graph or physiologically validated
392,P_alternate_automated_detector_same_specimen,720575940609221900,720575940626529052,LA_L,720575940609221900,19,4307057;7831740;12219591;14725470;15744830;24747156;27176577;41825848;45508322;46370729;49738931;52322867;58667759;62194920;62743725;72385089;73246941;75282863;79353911,ACH:19,yes,no,Exact alternative detector pair with point-row provenance; not added to original v783 graph or physiologically validated
393,P_alternate_automated_detector_same_specimen,720575940618223419,720575940616116330,LA_R,720575940618223419,19,2116067;3838416;7361254;27881545;28272419;30857321;34615556;39788031;43158490;51853500;54516541;57414015;58667271;58981585;59843300;60077688;61097345;63368446;75673970,ACH:19,yes,no,Exact alternative detector pair with point-row provenance; not added to original v783 graph or physiologically validated
394,P_alternate_automated_detector_same_specimen,720575940620629553,720575940632281359,LA_R,720575940620629553,19,940397;1254788;6654994;8615262;13864007;17623702;21616407;36575355;39475402;49817040;54672738;58118651;58353746;58432556;65249638;70660189;71051860;71365658;78180089,ACH:19,yes,no,Exact alternative detector pair with point-row provenance; not added to original v783 graph or physiologically validated
395,P_alternate_automated_detector_same_specimen,720575940621500070,720575940616116330,LA_R,720575940621500070,19,2821499;12689214;13941982;19111368;21616451;23650384;25765827;32891167;35006976;36888733;44098116;48015048;50520667;56396630;58824125;61488794;63917895;64780096;66110720,ACH:19,yes,no,Exact alternative detector pair with point-row provenance; not added to original v783 graph or physiologically validated
396,P_alternate_automated_detector_same_specimen,720575940629377641,720575940628964849,LA_R,720575940629377641,19,4931897;6811840;19581730;19581810;21850783;23338617;24746542;27881403;37828122;46605853;46762821;48719651;48719652;50364314;51931585;60940047;66502017;73010777;76378800,ACH:19,yes,no,Exact alternative detector pair with point-row provenance; not added to original v783 graph or physiologically validated
397,P_alternate_automated_detector_same_specimen,720575940629499395,720575940623010309,LA_R,720575940629499395,19,2978856;22477853;23181711;24590667;29604659;31952305;33673721;36497018;38220375;39866175;40571543;46213365;57726585;57804863;60547751;63212205;66032899;71287108;78258062,ACH:19,yes,no,Exact alternative detector pair with point-row provenance; not added to original v783 graph or physiologically validated
398,P_alternate_automated_detector_same_specimen,720575940631048812,720575940640383054,LA_R,720575940631048812,19,3057214;9476640;10966968;14176589;17701319;20443184;22084691;22084802;23494413;30700651;48484645;52009873;54045528;57647791;67912800;69876732;70424718;70581612;78492053,ACH:19,yes,no,Exact alternative detector pair with point-row provenance; not added to original v783 graph or physiologically validated
399,P_alternate_automated_detector_same_specimen,720575940631647173,720575940633656365,LA_R,720575940631647173,19,547923;3447250;3916119;7124990;9476299;15194093;17544764;28978028;31169426;33047177;40492741;40884303;41432898;41511295;42139033;50520469;51303237;62899621;77160426,ACH:19,yes,no,Exact alternative detector pair with point-row provenance; not added to original v783 graph or physiologically validated
400,P_alternate_automated_detector_same_specimen,720575940633561887,720575940628710933,LA_R,720575940633561887,19,10104138;10732440;14803422;16526153;24824952;43549419;51617514;54829649;55300111;64074804;64388212;65640949;69483528;70581714;72541214;74186723;74969523;78962301;79667420,ACH:19,yes,no,Exact alternative detector pair with point-row provenance; not added to original v783 graph or physiologically validated
401,P_alternate_automated_detector_same_specimen,720575940638616922,720575940622108225,LA_R,720575940638616922,19,13629442;14412140;22241400;23181968;28193842;30387945;31248142;31326257;31326277;35635461;39083713;40728182;43627761;44098146;50755757;63996200;65797478;73873275;77161065,ACH:19,yes,no,Exact alternative detector pair with point-row provenance; not added to original v783 graph or physiologically validated
402,P_alternate_automated_detector_same_specimen,720575940645991278,720575940630884855,LA_R,720575940645991278,19,1567981;2037638;4853638;22006702;23494393;32578070;44723929;50050879;56161701;56474477;57491150;57491713;58588695;59060365;60156324;64623804;68620975;70112093;79824475,ACH:19,yes,no,Exact alternative detector pair with point-row provenance; not added to original v783 graph or physiologically validated
403,P_alternate_automated_detector_same_specimen,720575940609485579,720575940620629697,LA_R,720575940609485579,18,2743003;7752444;9711767;15038200;17152947;20208541;27724429;38141461;41354904;43941309;48093279;48562907;49267320;51069065;67207073;68621027;69562380;79981193,ACH:18,yes,no,Exact alternative detector pair with point-row provenance; not added to original v783 graph or physiologically validated
404,P_alternate_automated_detector_same_specimen,720575940614792623,720575940628323461,LA_R,720575940614792623,18,3838075;11984067;24120171;25844312;30465975;31013033;33830736;46605637;48798190;49345754;50911795;56865425;63211518;64936338;66032744;72227166;76456759;78179687,ACH:18,yes,no,Exact alternative detector pair with point-row provenance; not added to original v783 graph or physiologically validated
405,P_alternate_automated_detector_same_specimen,720575940622799898,720575940607755721,LA_R,720575940622799898,18,78389;3369793;18014228;21303225;22556058;23181881;35085433;43471323;46841090;47388246;47936624;50207015;56943288;58118592;64466985;67285768;77317949;77395749,ACH:18,yes,no,Exact alternative detector pair with point-row provenance; not added to original v783 graph or physiologically validated
406,P_alternate_automated_detector_same_specimen,720575940632581945,720575940625365996,LA_R,720575940632581945,18,6498005;7987366;9790049;17623670;18327574;20208705;25608629;27724603;34615581;38770063;44567471;44959334;47936617;54359530;58510666;62037148;68149372;75830055,ACH:18,yes,no,Exact alternative detector pair with point-row provenance; not added to original v783 graph or physiologically validated
407,P_alternate_automated_detector_same_specimen,720575940635168407,720575940614219518,LA_R,720575940635168407,18,1252908;1566372;5400115;19266420;25293798;28270750;29054999;31715360;35790392;39786200;41431801;43782890;47308287;56863800;58116824;61252334;74028299;78021278,ACH:18,yes,no,Exact alternative detector pair with point-row provenance; not added to original v783 graph or physiologically validated
408,P_alternate_automated_detector_same_specimen,720575940637390181,720575940624765626,ME_L,720575940637390181,18,4550234;7055999;19277393;25304477;34075114;39797137;42227250;43558601;45046380;45830604;48102401;50060131;51705801;54681838;60792648;62281794;71687710;74352958,ACH:18,yes,no,Exact alternative detector pair with point-row provenance; not added to original v783 graph or physiologically validated
409,P_alternate_automated_detector_same_specimen,720575940609016668,720575940660133249,LA_R,720575940609016668,17,469797;6576389;6733369;6811687;9789941;10889080;24355783;25844380;26470625;29291400;32108423;33595659;35085425;41433484;52635535;59687076;63839438,ACH:17,yes,no,Exact alternative detector pair with point-row provenance; not added to original v783 graph or physiologically validated
410,P_alternate_automated_detector_same_specimen,720575940618531618,720575940642551515,LA_R,720575940618531618,17,9085632;23259627;28978452;30544532;40335848;41825409;53105867;57569530;58667252;58745804;59138577;66032953;66972590;72227397;75047755;76065416;77083077,ACH:17,yes,no,Exact alternative detector pair with point-row provenance; not added to original v783 graph or physiologically validated
411,P_alternate_automated_detector_same_specimen,720575940620647760,720575940636619621,LA_R,720575940620647760,17,9241914;9947031;12845135;13707020;15743895;15821933;16212423;24120213;27332570;31873526;32108149;46684183;49502318;50128722;62429272;65562843;78179677,ACH:17,yes,no,Exact alternative detector pair with point-row provenance; not added to original v783 graph or physiologically validated
412,P_alternate_automated_detector_same_specimen,720575940620722000,720575940612399822,LA_R,720575940620722000,17,6889709;10260868;13551066;15586596;17388890;19189487;20676760;33987402;39005210;43001499;52009857;58432224;59530084;63134110;65406155;76456766;78022988,ACH:17,yes,no,Exact alternative detector pair with point-row provenance; not added to original v783 graph or physiologically validated
413,P_alternate_automated_detector_same_specimen,720575940622703640,720575940637073775,LA_R,720575940622703640,17,2351158;11123599;20051579;22320057;22555908;26000400;26392267;29839400;35948765;41354833;52556951;57647898;59921515;72462726;72462862;76769869;77709389,ACH:17,yes,no,Exact alternative detector pair with point-row provenance; not added to original v783 graph or physiologically validated
414,P_alternate_automated_detector_same_specimen,720575940622799137,720575940625155837,LA_R,720575940622799137,17,4228196;13236884;20598892;23338450;23416454;26392567;35792060;52166161;60861798;62507597;65876077;67756300;73089317;74029926;74578741;76300700;77709726,ACH:17,yes,no,Exact alternative detector pair with point-row provenance; not added to original v783 graph or physiologically validated
415,P_alternate_automated_detector_same_specimen,720575940624139305,720575940610664601,LA_R,720575940624139305,17,156926;940503;4463329;21772797;27019288;34615446;36261613;36888677;42766250;46291812;49267534;65797417;66189202;69483516;71287227;74969746;78726963,ACH:17,yes,no,Exact alternative detector pair with point-row provenance; not added to original v783 graph or physiologically validated
416,P_alternate_automated_detector_same_specimen,720575940627855768,720575940626081724,LA_R,720575940627855768,17,2586575;3057443;5401909;11280365;21850786;22320356;34694136;37515037;39631516;42061060;44567371;45507692;53183912;54907882;70268545;76300578;77866411,ACH:17,yes,no,Exact alternative detector pair with point-row provenance; not added to original v783 graph or physiologically validated
417,P_alternate_automated_detector_same_specimen,720575940628054397,720575940625266761,LA_R,720575940628054397,17,2351294;3057451;10732444;12062447;22241215;23259772;25451881;28115832;33752156;40257579;40963346;43941295;49738388;60390815;62036960;73167781;77004811,ACH:17,yes,no,Exact alternative detector pair with point-row provenance; not added to original v783 graph or physiologically validated
418,P_alternate_automated_detector_same_specimen,720575940628102013,720575940624485258,LA_R,720575940628102013,17,1175767;1959381;6419984;10575190;14882029;18483892;33517551;46213307;48250080;50599321;54751030;55456034;58432572;62351003;68856235;73559447;78962205,ACH:17,yes,no,Exact alternative detector pair with point-row provenance; not added to original v783 graph or physiologically validated
419,P_alternate_automated_detector_same_specimen,720575940628102013,720575940632281359,LA_R,720575940628102013,17,626933;9868854;19659894;21146523;21928985;24512076;25217286;32343450;35477508;40179006;51775497;56083423;58981572;59921627;72619201;77552294;78805392,ACH:17,yes,no,Exact alternative detector pair with point-row provenance; not added to original v783 graph or physiologically validated
420,P_alternate_automated_detector_same_specimen,720575940629808911,720575940626841354,SPS_R,720575940629808911,17,6538885;8498159;14844632;28476521;32931645;38496312;42415639;42885369;50725028;53381200;54557728;57299531;58632172;59962256;61764942;68742576;69445304,ACH:17,yes,no,Exact alternative detector pair with point-row provenance; not added to original v783 graph or physiologically validated
421,P_alternate_automated_detector_same_specimen,720575940631845839,720575940612717461,LA_R,720575940631845839,17,78199;12140714;13472338;19816945;22241195;26314215;28743270;31560543;33360664;33360916;49816828;55065184;56943074;57804663;58981429;74813193;76535042,ACH:17,yes,no,Exact alternative detector pair with point-row provenance; not added to original v783 graph or physiologically validated
422,P_alternate_automated_detector_same_specimen,720575940633816986,720575940606224318,GNG,720575940633816986,17,425033;9671685;11235847;16094013;35826118;50166728;52047660;61918501;64034372;65518463;67245218;69836214;70224375;70384387;70850744;71011206;76494979,ACH:17,yes,no,Exact alternative detector pair with point-row provenance; not added to original v783 graph or physiologically validated
423,P_alternate_automated_detector_same_specimen,720575940644276128,720575940622732272,LA_R,720575940644276128,17,7282763;9242070;10181984;15978129;17310894;26549021;26627704;34301587;40884631;48328303;54281164;59452416;66737029;74500569;76456989;76535219;77944579,ACH:17,yes,no,Exact alternative detector pair with point-row provenance; not added to original v783 graph or physiologically validated
424,P_alternate_automated_detector_same_specimen,720575940607773314,720575940608573707,LA_R,720575940607773314,16,2586234;3759490;3993650;8065534;8301244;9554925;12766171;15429618;17623288;19659466;22162598;39396620;44097710;46996907;72853851;78257394,ACH:16,yes,no,Exact alternative detector pair with point-row provenance; not added to original v783 graph or physiologically validated
425,P_alternate_automated_detector_same_specimen,720575940615167742,720575940627334525,LA_R,720575940615167742,16,14176825;18014321;20443295;21538283;42687839;50051052;50128893;51069144;57569623;59608763;62037069;63603863;64936492;65876203;68070587;70190269,ACH:16,yes,no,Exact alternative detector pair with point-row provenance; not added to original v783 graph or physiologically validated
426,P_alternate_automated_detector_same_specimen,720575940619877022,720575940612075618,LA_R,720575940619877022,16,861530;4306194;14176510;17544956;21537958;24824654;25922272;30700758;37749542;38926740;46605789;60077180;66815261;73480689;78570686;79431973,ACH:16,yes,no,Exact alternative detector pair with point-row provenance; not added to original v783 graph or physiologically validated
427,P_alternate_automated_detector_same_specimen,720575940621103269,720575940616572063,LA_R,720575940621103269,16,6263501;21459909;22867788;25373386;25451821;28037377;36496794;44019633;54829084;54907774;59764700;61175253;63995661;72384431;73245987;75282218,ACH:16,yes,no,Exact alternative detector pair with point-row provenance; not added to original v783 graph or physiologically validated
428,P_alternate_automated_detector_same_specimen,720575940621481450,720575940633308371,GNG,720575940621481450,16,5508965;7310271;15145447;29946634;31276908;33467984;34173015;41697322;47810852;56895176;61048431;61596654;67786088;68182838;71000727;77345186,ACH:16,yes,no,Exact alternative detector pair with point-row provenance; not added to original v783 graph or physiologically validated
429,P_alternate_automated_detector_same_specimen,720575940621500070,720575940629022972,LA_R,720575940621500070,16,6890043;9006827;19111367;32734850;34066119;36105758;42766269;43158489;43941294;45977572;48954587;52557331;56474544;67363894;76613146;77944884,ACH:16,yes,no,Exact alternative detector pair with point-row provenance; not added to original v783 graph or physiologically validated
430,P_alternate_automated_detector_same_specimen,720575940621944941,720575940620206529,LA_R,720575940621944941,16,390940;1411030;1568046;3135643;12610924;19973584;27097580;36418825;39161956;40022602;51069223;56161818;57021955;57100394;60390999;72697497,ACH:16,yes,no,Exact alternative detector pair with point-row provenance; not added to original v783 graph or physiologically validated
431,P_alternate_automated_detector_same_specimen,720575940625416167,720575940620706543,LA_R,720575940625416167,16,3682126;4619127;9789768;14333495;16839679;16996341;34223200;42296353;46841143;51225855;52792567;56943321;64388168;73167597;77473954;77473955,ACH:16,yes,no,Exact alternative detector pair with point-row provenance; not added to original v783 graph or physiologically validated
432,P_alternate_automated_detector_same_specimen,720575940625892284,720575940632280338,ME_L,720575940632280338,16,7917441;8857386;18883627;20293894;23499271;26633638;33524786;39795076;49746816;57576852;60870381;64082019;66742999;66900082;67763625;70353762,ACH:16,yes,no,Exact alternative detector pair with point-row provenance; not added to original v783 graph or physiologically validated
433,P_alternate_automated_detector_same_specimen,720575940628789064,720575940628128649,LA_R,720575940628789064,16,234905;20365040;22399132;24982318;28429526;35399410;41903504;49267613;50755851;52010050;53027734;53967474;62429465;67677851;74108740;74500553,ACH:16,yes,no,Exact alternative detector pair with point-row provenance; not added to original v783 graph or physiologically validated
434,P_alternate_automated_detector_same_specimen,720575940630098075,720575940624765626,ME_L,720575940630098075,16,1734036;4550209;6272854;11758776;16770584;25226480;26479661;35879772;45908942;50451493;57735702;59696096;60949116;61184854;70121371;73803998,ACH:16,yes,no,Exact alternative detector pair with point-row provenance; not added to original v783 graph or physiologically validated
435,P_alternate_automated_detector_same_specimen,720575940630485626,720575940627935058,LA_R,720575940630485626,16,940372;5872301;16996196;20989809;25922459;28978194;29369488;29761475;29917892;37671493;38298515;48406061;54202366;63290073;71678578;75047826,ACH:16,yes,no,Exact alternative detector pair with point-row provenance; not added to original v783 graph or physiologically validated
436,P_alternate_automated_detector_same_specimen,720575940631301883,720575940641045888,LA_R,720575940631301883,16,2978607;6811838;7752393;9241720;16604690;27723885;29291303;44332205;52792303;57725908;58275180;60861532;66736978;68620809;68777429;75751481,ACH:16,yes,no,Exact alternative detector pair with point-row provenance; not added to original v783 graph or physiologically validated
437,P_alternate_automated_detector_same_specimen,720575940636307960,720575940606761918,LA_R,720575940636307960,16,2272484;3213652;3603961;15821955;20521118;31247881;39553516;40727908;45272012;48327993;50285577;68934617;70972967;72541129;73480707;75360120,ACH:16,yes,no,Exact alternative detector pair with point-row provenance; not added to original v783 graph or physiologically validated
438,P_alternate_automated_detector_same_specimen,720575940616710412,720575940613692994,LA_L,720575940616710412,15,5088866;10104360;10732702;11749849;23650626;23807569;26314457;31795476;34458786;42766377;58039894;61959242;74030273;75126521;75438517,ACH:15,yes,no,Exact alternative detector pair with point-row provenance; not added to original v783 graph or physiologically validated
439,P_alternate_automated_detector_same_specimen,720575940618223419,720575940623586756,LA_R,720575940618223419,15,9868897;18483757;21303352;21538353;25765993;27097735;39083689;39162005;49894886;51225871;53497094;57257620;60313071;64388305;68934809,ACH:15,yes,no,Exact alternative detector pair with point-row provenance; not added to original v783 graph or physiologically validated
440,P_alternate_automated_detector_same_specimen,720575940620665680,720575940635898266,LA_L,720575940620665680,15,10418873;13082065;15901445;35715048;40337549;41591856;43786109;53733939;62587600;64076312;66112207;66190662;70974686;73796352;78259468,ACH:15,yes,no,Exact alternative detector pair with point-row provenance; not added to original v783 graph or physiologically validated
441,P_alternate_automated_detector_same_specimen,720575940621103269,720575940627935058,LA_R,720575940621103269,15,2193945;7361047;8615086;11593149;13393881;16291168;18014125;35556285;40806654;47153481;61488559;64858225;66267563;69248808;76691395,ACH:15,yes,no,Exact alternative detector pair with point-row provenance; not added to original v783 graph or physiologically validated
442,P_alternate_automated_detector_same_specimen,720575940624956139,720575940645807726,LA_R,720575940624956139,15,3681548;4149603;6106699;7986615;23807061;26862466;32812806;34223009;38769419;39161299;49423873;56942748;66658495;71755906;79667276,ACH:15,yes,no,Exact alternative detector pair with point-row provenance; not added to original v783 graph or physiologically validated
443,P_alternate_automated_detector_same_specimen,720575940631048812,720575940627905566,LA_R,720575940631048812,15,8065647;11515194;11593080;14098413;17074144;21224516;25217168;33987298;34301374;38533923;45664880;53339993;71756339;74029927;74186760,ACH:15,yes,no,Exact alternative detector pair with point-row provenance; not added to original v783 graph or physiologically validated
444,P_alternate_automated_detector_same_specimen,720575940632083275,720575940605763040,LA_R,720575940632083275,15,4072272;5401954;5480452;23728938;24042258;30152147;32343605;33047676;37124124;40022557;56787417;60077905;60547813;64545715;72149275,ACH:15,yes,no,Exact alternative detector pair with point-row provenance; not added to original v783 graph or physiologically validated
445,P_alternate_automated_detector_same_specimen,720575940633188492,720575940627935058,LA_R,720575940633188492,15,12845119;25451837;27097536;33439130;37045700;42060931;42060932;46134569;52166023;52400498;63525290;65954086;69091886;70738308;72306113,ACH:15,yes,no,Exact alternative detector pair with point-row provenance; not added to original v783 graph or physiologically validated
446,P_alternate_automated_detector_same_specimen,720575940633816986,720575940661335681,GNG,720575940633816986,15,743074;4028175;12488096;26665301;28937835;30108195;30816766;32690798;33237953;50632977;50950249;52125787;68972463;78291985;79936871,ACH:15,yes,no,Exact alternative detector pair with point-row provenance; not added to original v783 graph or physiologically validated
447,P_alternate_automated_detector_same_specimen,720575940609622281,720575940624750823,ME_L,720575940609622281,14,2520008;4004788;8626959;12074258;15362054;28127495;31492916;45518417;52567518;58444068;58598103;59072378;65731103;72394950,ACH:14,yes,no,Exact alternative detector pair with point-row provenance; not added to original v783 graph or physiologically validated
448,P_alternate_automated_detector_same_specimen,720575940613474474,720575940641257973,LA_R,720575940613474474,14,4774984;14802837;17073738;17310222;18248622;22240719;22946002;48953945;49423578;51068539;60782960;69404371;74186262;79902331,ACH:14,yes,no,Exact alternative detector pair with point-row provenance; not added to original v783 graph or physiologically validated
449,P_alternate_automated_detector_same_specimen,720575940616450626,720575940633296804,LA_R,720575940616450626,14,2508185;4463126;12375561;19268001;24277740;29761495;35635285;47153518;53183805;55065183;58667098;62429311;65249505;70190069,ACH:14,yes,no,Exact alternative detector pair with point-row provenance; not added to original v783 graph or physiologically validated
450,P_alternate_automated_detector_same_specimen,720575940620629553,720575940635567979,LA_R,720575940620629553,14,5088670;24434045;25687418;29212889;32969226;33595812;37202154;47701663;62037115;66658747;71444265;76926107;78414698;79589112,ACH:14,yes,no,Exact alternative detector pair with point-row provenance; not added to original v783 graph or physiologically validated
451,P_alternate_automated_detector_same_specimen,720575940621443206,720575940632281359,LA_R,720575940621443206,14,11359150;11437106;18483856;18483957;38848533;49424039;54437753;57804664;59138821;74108530;76222647;76300745;78805266;79432186,ACH:14,yes,no,Exact alternative detector pair with point-row provenance; not added to original v783 graph or physiologically validated
452,P_alternate_automated_detector_same_specimen,720575940621667462,720575940605763040,LA_R,720575940621667462,14,1881649;17389019;24982351;32343657;42923247;43001624;45743170;52322147;53027786;57178827;63682717;63996218;70738531;78570898,ACH:14,yes,no,Exact alternative detector pair with point-row provenance; not added to original v783 graph or physiologically validated
453,P_alternate_automated_detector_same_specimen,720575940622270273,720575940620692562,LA_R,720575940622270273,14,1488489;2036632;5949751;19502097;23884268;30464938;48718489;56317145;59998250;65796262;65875094;75281260;75594130;78413404,ACH:14,yes,no,Exact alternative detector pair with point-row provenance; not added to original v783 graph or physiologically validated
454,P_alternate_automated_detector_same_specimen,720575940629499395,720575940642551515,LA_R,720575940629499395,14,6107329;8536674;9319990;16683084;24042259;26940849;27489668;36105509;44645777;52244338;53497139;57413970;74969612;76300807,ACH:14,yes,no,Exact alternative detector pair with point-row provenance; not added to original v783 graph or physiologically validated
455,P_alternate_automated_detector_same_specimen,720575940629636713,720575940612152418,LA_L,720575940629636713,14,1019574;1334051;2195612;5559267;16291726;16683478;17624659;24120768;26863120;27411846;35321545;45587442;61255711;75438757,ACH:14,yes,no,Exact alternative detector pair with point-row provenance; not added to original v783 graph or physiologically validated
456,P_alternate_automated_detector_same_specimen,720575940630333566,720575940627334525,LA_R,720575940630333566,14,6342143;8144737;14724717;17623518;20989965;27803045;37671821;42688015;54045850;55926843;64466878;74500525;77788015;79667319,ACH:14,yes,no,Exact alternative detector pair with point-row provenance; not added to original v783 graph or physiologically validated
457,P_alternate_automated_detector_same_specimen,720575940631186550,720575940633646637,LA_R,720575940631186550,14,18170876;28586361;32500206;32891249;37593472;39240452;45272406;55378041;55848292;56631044;68542685;70424800;74500495;79746238,ACH:14,yes,no,Exact alternative detector pair with point-row provenance; not added to original v783 graph or physiologically validated
458,P_alternate_automated_detector_same_specimen,720575940637514414,720575940628430906,LA_R,720575940637514414,14,3759832;5637076;8614980;9006508;9006800;15508322;17231975;25138960;30074287;30857224;33204305;52244321;75751845;80059142,ACH:14,yes,no,Exact alternative detector pair with point-row provenance; not added to original v783 graph or physiologically validated
459,P_alternate_automated_detector_same_specimen,720575940611532664,720575940629064188,LA_R,720575940611532664,13,2664860;8850192;14411934;24824842;31717027;44019472;50599141;59921620;62585902;63917738;65641022;68463449;78336017,ACH:13,yes,no,Exact alternative detector pair with point-row provenance; not added to original v783 graph or physiologically validated
460,P_alternate_automated_detector_same_specimen,720575940623005308,720575940623799699,LA_R,720575940623005308,13,11671492;21146694;21850805;28351106;29526287;35163780;39631476;41668826;44019738;51617790;54437953;69013229;74108737,ACH:13,yes,no,Exact alternative detector pair with point-row provenance; not added to original v783 graph or physiologically validated
461,P_alternate_automated_detector_same_specimen,720575940628955722,720575940619567483,LA_L,720575940628955722,13,940757;2743529;4463528;5872744;13394231;36027587;42296872;42296873;43706377;49581524;52479302;62037353;70346964,ACH:13,yes,no,Exact alternative detector pair with point-row provenance; not added to original v783 graph or physiologically validated
462,P_alternate_automated_detector_same_specimen,720575940629808911,720575940636633848,SPS_R,720575940629808911,13,15241641;20405822;39834508;44301001;46331714;51272245;52989467;56358034;60980148;66386600;71642857;72973996;74383723,ACH:13,yes,no,Exact alternative detector pair with point-row provenance; not added to original v783 graph or physiologically validated
463,P_alternate_automated_detector_same_specimen,720575940631388887,720575940628710933,LA_R,720575940631388887,13,2586578;3838369;6419868;10417422;11906532;28743234;32734941;39866119;40728146;58039635;61018490;71365718;79196792,ACH:13,yes,no,Exact alternative detector pair with point-row provenance; not added to original v783 graph or physiologically validated
464,P_alternate_automated_detector_same_specimen,720575940633176351,720575940632495585,LA_R,720575940633176351,13,4697579;12689277;14490599;16212729;25373605;28193849;28664473;35399432;35399460;40336180;50912072;74265389;78962353,ACH:13,yes,no,Exact alternative detector pair with point-row provenance; not added to original v783 graph or physiologically validated
465,P_alternate_automated_detector_same_specimen,720575940640017597,720575940630250139,LA_R,720575940640017597,13,4306404;8536808;8928479;13629298;22241011;23494546;24746512;30700893;37514888;41825040;49189603;51775515;74735103,ACH:13,yes,no,Exact alternative detector pair with point-row provenance; not added to original v783 graph or physiologically validated
466,P_alternate_automated_detector_same_specimen,720575940611532664,720575940618816340,LA_R,720575940611532664,12,2429284;16996207;24355692;32656839;36496631;37593184;40257555;70424659;71129849;71365458;76847684;77944558,ACH:12,yes,no,Exact alternative detector pair with point-row provenance; not added to original v783 graph or physiologically validated
467,P_alternate_automated_detector_same_specimen,720575940612943066,720575940636935494,LA_R,720575940612943066,12,15899766;18876503;24590594;32500009;34143890;35085348;39397108;41747032;59530109;62899808;69404815;79118367,ACH:12,yes,no,Exact alternative detector pair with point-row provenance; not added to original v783 graph or physiologically validated
468,P_alternate_automated_detector_same_specimen,720575940618223419,720575940628300421,LA_R,720575940618223419,12,6497997;9633598;15978153;17701647;18876657;44880478;44880541;53810913;60077887;69876749;72070951;80137583,ACH:12,yes,no,Exact alternative detector pair with point-row provenance; not added to original v783 graph or physiologically validated
469,P_alternate_automated_detector_same_specimen,720575940618718977,720575940628351570,LA_R,720575940618718977,12,16447399;18013686;18014019;24119796;34301015;35556185;42452666;51382150;64545110;66501479;73402077;76534619,ACH:12,yes,no,Exact alternative detector pair with point-row provenance; not added to original v783 graph or physiologically validated
470,P_alternate_automated_detector_same_specimen,720575940619065664,720575940618381012,LA_R,720575940619065664,12,2429567;7282493;15194444;15977979;32030270;33752144;37358733;43470978;49267474;51775523;64936398;78726884,ACH:12,yes,no,Exact alternative detector pair with point-row provenance; not added to original v783 graph or physiologically validated
471,P_alternate_automated_detector_same_specimen,720575940621443206,720575940635567979,LA_R,720575940621443206,12,3604128;7046910;19895299;24433954;44488919;45429109;47936570;50364368;59374265;61254082;65406387;67363871,ACH:12,yes,no,Exact alternative detector pair with point-row provenance; not added to original v783 graph or physiologically validated
472,P_alternate_automated_detector_same_specimen,720575940622939998,720575940619137819,LA_R,720575940622939998,12,626773;7595593;14098245;15977772;18405617;20833411;23494576;30622595;32734650;46055906;55143424;56239856,ACH:12,yes,no,Exact alternative detector pair with point-row provenance; not added to original v783 graph or physiologically validated
473,P_alternate_automated_detector_same_specimen,720575940623308108,720575940617499765,ME_L,720575940617499765,12,9792141;11361285;11908657;12378366;27100495;44178177;47860387;54675580;59220048;60158491;62196524;74424799,ACH:12,yes,no,Exact alternative detector pair with point-row provenance; not added to original v783 graph or physiologically validated
474,P_alternate_automated_detector_same_specimen,720575940628102013,720575940635567979,LA_R,720575940628102013,12,15273262;18014339;19581909;22790286;31013192;35713689;37045884;37515277;39475463;46762842;55691589;56005290,ACH:12,yes,no,Exact alternative detector pair with point-row provenance; not added to original v783 graph or physiologically validated
475,P_alternate_automated_detector_same_specimen,720575940628335611,720575940628164612,GNG,720575940628335611,12,14529352;21029091;35675496;35909530;44139087;48132149;50481423;62078567;64507201;72580034;73206895;79157637,ACH:12,yes,no,Exact alternative detector pair with point-row provenance; not added to original v783 graph or physiologically validated
476,P_alternate_automated_detector_same_specimen,720575940628729256,720575940630098075,ME_L,720575940630098075,12,7055077;29846351;36344623;43246179;45829626;48493990;49825081;52405261;63926975;67373296;73097246;75135417,ACH:12,yes,no,Exact alternative detector pair with point-row provenance; not added to original v783 graph or physiologically validated
477,P_alternate_automated_detector_same_specimen,720575940629285873,720575940633284895,LA_R,720575940629285873,12,2351285;4853559;12610818;26314130;32656937;37827798;40100481;52400625;54437763;55926708;69562364;75673563,ACH:12,yes,no,Exact alternative detector pair with point-row provenance; not added to original v783 graph or physiologically validated
478,P_alternate_automated_detector_same_specimen,720575940629808911,720575940619845552,SPS_R,720575940629808911,12,3491164;4818839;16490033;19076210;23692418;28082136;30586172;42023200;60668581;61139339;65841031;69290955,ACH:12,yes,no,Exact alternative detector pair with point-row provenance; not added to original v783 graph or physiologically validated
479,P_alternate_automated_detector_same_specimen,720575940630871260,720575940627905566,LA_R,720575940630871260,12,9319694;9398378;17936142;28350886;32734819;35870483;40335972;42453069;47935985;54516428;55300054;68777621,ACH:12,yes,no,Exact alternative detector pair with point-row provenance; not added to original v783 graph or physiologically validated
480,P_alternate_automated_detector_same_specimen,720575940632382994,720575940609928971,LA_R,720575940632382994,12,2351153;3603920;10417287;10417289;13629243;20520833;21224355;27567287;60234413;64309157;70738305;73872826,ACH:12,yes,no,Exact alternative detector pair with point-row provenance; not added to original v783 graph or physiologically validated
481,P_alternate_automated_detector_same_specimen,720575940638921700,720575940642565851,LA_R,720575940638921700,12,5714946;10732453;12532348;15273218;24511999;26548949;29839678;37906608;61645570;75360423;76691590;79275036,ACH:12,yes,no,Exact alternative detector pair with point-row provenance; not added to original v783 graph or physiologically validated
482,P_alternate_automated_detector_same_specimen,720575940647229219,720575940613032854,LA_R,720575940647229219,12,3447994;4697630;7595638;13551285;19111544;25844523;29526306;33047863;34301682;38926961;65484636;77317912,ACH:12,yes,no,Exact alternative detector pair with point-row provenance; not added to original v783 graph or physiologically validated
483,P_alternate_automated_detector_same_specimen,720575940617768587,720575940623988248,ME_L,720575940617768587,11,19349830;30551253;34385551;49194998;52173099;57654906;58358232;64157510;77480799;77637873;78499041,ACH:11,yes,no,Exact alternative detector pair with point-row provenance; not added to original v783 graph or physiologically validated
484,P_alternate_automated_detector_same_specimen,720575940619485248,720575940621338246,ME_L,720575940621338246,11,7446600;16062853;26555606;28591631;41675399;45906383;48804917;53582730;53895729;58125300;69016520,ACH:11,yes,no,Exact alternative detector pair with point-row provenance; not added to original v783 graph or physiologically validated
485,P_alternate_automated_detector_same_specimen,720575940621193051,720575940606554558,LA_R,720575940621193051,11,9947411;17389080;17858504;20911850;44254137;53262053;56787316;58039759;67442559;73637914;74343633,ACH:11,yes,no,Exact alternative detector pair with point-row provenance; not added to original v783 graph or physiologically validated
486,P_alternate_automated_detector_same_specimen,720575940621544175,720575940622981153,ME_L,720575940621544175,11,8388228;8858202;14341411;19981394;20138091;24598506;29142684;45594285;52878963;59303421;61810387,ACH:11,yes,no,Exact alternative detector pair with point-row provenance; not added to original v783 graph or physiologically validated
487,P_alternate_automated_detector_same_specimen,720575940621544175,720575940637390181,ME_L,720575940621544175;720575940637390181,11,3143530;6971427;21311325;24600060;40031643;43009541;54680691;59696056;59696421;61574714;74509887,ACH:11,yes,no,Exact alternative detector pair with point-row provenance; not added to original v783 graph or physiologically validated
488,P_alternate_automated_detector_same_specimen,720575940622270273,720575940630846711,LA_R,720575940622270273,11,782179;15506890;29055656;30308154;40178027;46683330;54123192;59216217;63210919;70032811;78725820,ACH:11,yes,no,Exact alternative detector pair with point-row provenance; not added to original v783 graph or physiologically validated
489,P_alternate_automated_detector_same_specimen,720575940625125640,720575940606489702,LA_R,720575940625125640,11,2194173;3447912;24903944;25844543;29604799;49189786;54829761;54907981;57335647;63446762;70738465,ACH:11,yes,no,Exact alternative detector pair with point-row provenance; not added to original v783 graph or physiologically validated
490,P_alternate_automated_detector_same_specimen,720575940625652879,720575940641811419,GNG,720575940625652879,11,1291695;3562855;28936976;31910980;43742413;47972918;54318190;55493635;61447432;68422390;76414911,ACH:11,yes,no,Exact alternative detector pair with point-row provenance; not added to original v783 graph or physiologically validated
491,P_alternate_automated_detector_same_specimen,720575940625717747,720575940623073050,LA_R,720575940625717747,11,6341949;19738276;28899962;41433301;42609542;47388119;55377008;61018310;63368207;67128539;75281954,ACH:11,yes,no,Exact alternative detector pair with point-row provenance; not added to original v783 graph or physiologically validated
492,P_alternate_automated_detector_same_specimen,720575940628789064,720575940626023608,LA_R,720575940628789064,11,6890188;10104181;14098567;36653455;37828105;48798364;50364294;57413976;59530431;61018560;78883988,ACH:11,yes,no,Exact alternative detector pair with point-row provenance; not added to original v783 graph or physiologically validated
493,P_alternate_automated_detector_same_specimen,720575940636307960,720575940638926938,LA_R,720575940636307960,11,10496424;11749628;18092360;35948915;38769988;57647944;67128714;67599397;74500527;76065344;79274992,ACH:11,yes,no,Exact alternative detector pair with point-row provenance; not added to original v783 graph or physiologically validated
494,P_alternate_automated_detector_same_specimen,720575940637390181,720575940622528801,ME_L,720575940637390181,11,6272640;12225836;19590707;22249229;25537015;25774883;39484896;46771909;60243617;60321014;73725251,ACH:11,yes,no,Exact alternative detector pair with point-row provenance; not added to original v783 graph or physiologically validated
495,P_alternate_automated_detector_same_specimen,720575940637390181,720575940650548726,ME_L,720575940637390181,11,13638371;19120549;22015886;51626793;57657114;62986904;64711011;76074393;76544335;76779161;78423508,ACH:11,yes,no,Exact alternative detector pair with point-row provenance; not added to original v783 graph or physiologically validated
496,P_alternate_automated_detector_same_specimen,720575940638921700,720575940628964849,LA_R,720575940638921700,11,2978682;25295564;35870688;37436969;45977677;53261985;65092905;65562996;73089447;74969435;78101336,ACH:11,yes,no,Exact alternative detector pair with point-row provenance; not added to original v783 graph or physiologically validated
497,P_alternate_automated_detector_same_specimen,720575940606578790,720575940625955274,LA_L,720575940606578790,10,11280762;25844951;26236502;39710459;49033693;49346393;53106275;61881229;70660593;74657171,ACH:10,yes,no,Exact alternative detector pair with point-row provenance; not added to original v783 graph or physiologically validated
498,P_alternate_automated_detector_same_specimen,720575940609622281,720575940606851249,ME_L,720575940609622281,10,18962742;19435377;21852774;41358216;50531072;53038128;59770233;63850988;69880242;71924099,ACH:10,yes,no,Exact alternative detector pair with point-row provenance; not added to original v783 graph or physiologically validated
499,P_alternate_automated_detector_same_specimen,720575940609622281,720575940627393082,ME_L,720575940609622281,10,5412437;5412440;6743701;17478776;19828532;22879971;49667671;52724703;65103531;72473393,ACH:10,yes,no,Exact alternative detector pair with point-row provenance; not added to original v783 graph or physiologically validated
500,P_alternate_automated_detector_same_specimen,720575940615708066,720575940622732272,LA_R,720575940615708066,10,30387742;34615361;45821308;48171213;51303410;53496932;73167674;74813305;77317731;78101435,ACH:10,yes,no,Exact alternative detector pair with point-row provenance; not added to original v783 graph or physiologically validated
501,P_alternate_automated_detector_same_specimen,720575940616346822,720575940644719520,LA_R,720575940616346822,10,6576156;12375571;20911858;30230594;35163690;38534030;39709974;47779783;48798188;50911829,ACH:10,yes,no,Exact alternative detector pair with point-row provenance; not added to original v783 graph or physiologically validated
502,P_alternate_automated_detector_same_specimen,720575940617499765,720575940629722191,ME_L,720575940617499765,10,5326414;34774562;39477525;39555713;40964998;43473327;48330590;52012175;61804776;62196525,ACH:10,yes,no,Exact alternative detector pair with point-row provenance; not added to original v783 graph or physiologically validated
503,P_alternate_automated_detector_same_specimen,720575940617920827,720575940618519953,LA_R,720575940617920827,10,4619006;17858458;21538140;22790074;36183656;41198102;45193619;56318046;59060531;74265334,ACH:10,yes,no,Exact alternative detector pair with point-row provenance; not added to original v783 graph or physiologically validated
504,P_alternate_automated_detector_same_specimen,720575940619065664,720575940610664601,LA_R,720575940619065664,10,1568125;5323671;5401903;11123715;21303340;25295488;30934849;41511951;43627772;65093225,ACH:10,yes,no,Exact alternative detector pair with point-row provenance; not added to original v783 graph or physiologically validated
505,P_alternate_automated_detector_same_specimen,720575940621157887,720575940630768707,GNG,720575940621157887,10,1682797;6848201;9826431;20634998;26036739;41626292;54082053;64972671;74144930;75788221,ACH:10,yes,no,Exact alternative detector pair with point-row provenance; not added to original v783 graph or physiologically validated
506,P_alternate_automated_detector_same_specimen,720575940621338246,720575940619485248,ME_L,720575940621338246,10,631414;14964421;20681457;44335893;49431970;58361862;66823410;67213799;70352097;70665547,ACH:10,yes,no,Exact alternative detector pair with point-row provenance; not added to original v783 graph or physiologically validated
507,P_alternate_automated_detector_same_specimen,720575940622303216,720575940623799699,LA_R,720575940622303216,10,705082;5714874;11045465;20755476;31795071;54594694;69013328;69483612;79118512;80215765,ACH:10,yes,no,Exact alternative detector pair with point-row provenance; not added to original v783 graph or physiologically validated
508,P_alternate_automated_detector_same_specimen,720575940623400216,720575940639285045,LA_L,720575940623400216,10,1411346;12141006;18484063;19503449;36261906;38220623;41747370;41903674;43549726;47388459,ACH:10,yes,no,Exact alternative detector pair with point-row provenance; not added to original v783 graph or physiologically validated
509,P_alternate_automated_detector_same_specimen,720575940623988248,720575940617768587,ME_L,720575940617768587,10,1962157;12382420;15040924;17473636;21545151;28904447;34698652;45906620;51861357;61805220,ACH:10,yes,no,Exact alternative detector pair with point-row provenance; not added to original v783 graph or physiologically validated
510,P_alternate_automated_detector_same_specimen,720575940624141508,720575940606489702,LA_R,720575940624141508,10,7046926;14724808;19268137;20208532;25608582;30622675;38612734;47936578;49972786;77395666,ACH:10,yes,no,Exact alternative detector pair with point-row provenance; not added to original v783 graph or physiologically validated
511,P_alternate_automated_detector_same_specimen,720575940631286636,720575940631639627,LA_R,720575940631286636,10,12453883;22320159;34850622;36967303;41119898;45507705;52322032;56317947;63682341;66423684,ACH:10,yes,no,Exact alternative detector pair with point-row provenance; not added to original v783 graph or physiologically validated
512,P_alternate_automated_detector_same_specimen,720575940631388887,720575940624495630,LA_R,720575940631388887,10,5793587;12689177;32186467;33047718;44880408;52244371;63839449;67991543;68149236;76535141,ACH:10,yes,no,Exact alternative detector pair with point-row provenance; not added to original v783 graph or physiologically validated
513,P_alternate_automated_detector_same_specimen,720575940635677887,720575940626546992,LA_R,720575940635677887,10,2115659;8850014;11044916;12062241;49032976;62350612;67285537;67363841;74500372;76222249,ACH:10,yes,no,Exact alternative detector pair with point-row provenance; not added to original v783 graph or physiologically validated
514,P_alternate_automated_detector_same_specimen,720575940638616922,720575940634781852,LA_R,720575940638616922,10,6497884;11280176;16761195;27802884;32186454;54281145;60626255;66346049;74343581;77239251,ACH:10,yes,no,Exact alternative detector pair with point-row provenance; not added to original v783 graph or physiologically validated
515,P_alternate_automated_detector_same_specimen,720575940639201508,720575940627746393,LA_R,720575940639201508,10,4384761;15665575;17780385;22946594;23650379;33595774;34380035;38141729;50520854;72932588,ACH:10,yes,no,Exact alternative detector pair with point-row provenance; not added to original v783 graph or physiologically validated
516,P_alternate_automated_detector_same_specimen,720575940643034765,720575940606489702,LA_R,720575940643034765,10,16839720;27019292;30544433;35556436;43079963;43549467;53497060;54594687;76770127;78648940,ACH:10,yes,no,Exact alternative detector pair with point-row provenance; not added to original v783 graph or physiologically validated
517,P_alternate_automated_detector_same_specimen,720575940612152418,720575940629636713,LA_L,720575940629636713,9,15745142;28509557;29216546;33048438;33440358;39633065;60941542;65719933;74188480,ACH:9,yes,no,Exact alternative detector pair with point-row provenance; not added to original v783 graph or physiologically validated
518,P_alternate_automated_detector_same_specimen,720575940612839793,720575940621670127,LA_R,720575940612839793,9,3213928;9085428;24199299;28507986;39709963;46134602;59374229;67912899;70268541,ACH:9,yes,no,Exact alternative detector pair with point-row provenance; not added to original v783 graph or physiologically validated
519,P_alternate_automated_detector_same_specimen,720575940616042508,720575940627535742,SAD,720575940616042508,9,9740008;12403756;23600965;25950638;41853730;64495284;66374365;73979870;76251051,ACH:9,yes,no,Exact alternative detector pair with point-row provenance; not added to original v783 graph or physiologically validated
520,P_alternate_automated_detector_same_specimen,720575940616450626,720575940621838830,LA_R,720575940616450626,9,1018648;9163624;9476746;24120105;26470559;40806680;47309956;53967288;67834393,ACH:9,yes,no,Exact alternative detector pair with point-row provenance; not added to original v783 graph or physiologically validated
521,P_alternate_automated_detector_same_specimen,720575940619381108,720575940630768707,GNG,720575940619381108,9,1682904;12566039;33945323;39355284;61917682;65126997;66537939;67478690;75471945,ACH:9,yes,no,Exact alternative detector pair with point-row provenance; not added to original v783 graph or physiologically validated
522,P_alternate_automated_detector_same_specimen,720575940620797643,720575940632092367,LA_L,720575940620797643,9,19111986;25374062;25766378;37202550;48798785;67913408;68543088;74970195;75438817,ACH:9,yes,no,Exact alternative detector pair with point-row provenance; not added to original v783 graph or physiologically validated
523,P_alternate_automated_detector_same_specimen,720575940621349285,720575940632671336,LA_R,720575940621349285,9,7909291;15117076;19111189;31248229;32890980;49581311;49581312;69562621;74108659,ACH:9,yes,no,Exact alternative detector pair with point-row provenance; not added to original v783 graph or physiologically validated
524,P_alternate_automated_detector_same_specimen,720575940621544175,720575940628730372,ME_L,720575940621544175,9,2517734;6819822;9014667;17632695;20294702;32588022;45203381;64866292;65023643,ACH:9,yes,no,Exact alternative detector pair with point-row provenance; not added to original v783 graph or physiologically validated
525,P_alternate_automated_detector_same_specimen,720575940622132656,720575940620001334,LA_L,720575940622132656,9,1568773;3994953;17859119;20130659;20834027;36497581;47623780;54046295;62351569,ACH:9,yes,no,Exact alternative detector pair with point-row provenance; not added to original v783 graph or physiologically validated
526,P_alternate_automated_detector_same_specimen,720575940622703640,720575940627846404,LA_R,720575940622703640,9,3681988;15430213;17544939;35242227;63682591;64545658;69248929;76222435;78805246,ACH:9,yes,no,Exact alternative detector pair with point-row provenance; not added to original v783 graph or physiologically validated
527,P_alternate_automated_detector_same_specimen,720575940628522152,720575940630879991,LA_R,720575940628522152,9,14333312;14490439;26077724;40335449;46762153;58353223;59686508;68384232;73245993,ACH:9,yes,no,Exact alternative detector pair with point-row provenance; not added to original v783 graph or physiologically validated
528,P_alternate_automated_detector_same_specimen,720575940629636713,720575940631168983,ME_L,720575940629636713,9,4228838;10262006;17545684;30074925;31404646;39319403;39711092;44254602;44333528,ACH:9,yes,no,Exact alternative detector pair with point-row provenance; not added to original v783 graph or physiologically validated
529,P_alternate_automated_detector_same_specimen,720575940629714793,720575940623477628,LA_R,720575940629714793,9,14959945;23338434;25138871;29369647;36261480;43549399;56005001;72853587;75516683,ACH:9,yes,no,Exact alternative detector pair with point-row provenance; not added to original v783 graph or physiologically validated
530,P_alternate_automated_detector_same_specimen,720575940630098075,720575940620811856,ME_L,720575940630098075,9,5646197;22172157;28752454;29457327;35486756;36114840;61811613;68315414;74196107,ACH:9,yes,no,Exact alternative detector pair with point-row provenance; not added to original v783 graph or physiologically validated
531,P_alternate_automated_detector_same_specimen,720575940632687672,720575940618248221,LA_L,720575940632687672,9,10811063;36105995;41433827;44959566;52635909;53497456;54908164;61097627;76926455,ACH:9,yes,no,Exact alternative detector pair with point-row provenance; not added to original v783 graph or physiologically validated
532,P_alternate_automated_detector_same_specimen,720575940606503870,720575940621838830,LA_R,720575940606503870,8,20208363;23572493;28900049;43549334;57178667;61410490;64309340;80215616,ACH:8,yes,no,Exact alternative detector pair with point-row provenance; not added to original v783 graph or physiologically validated
533,P_alternate_automated_detector_same_specimen,720575940609778289,720575940616570966,GNG,720575940609778289,8,1844525;11635812;26669861;38654096;60982702;68661260;78926455;79945491,ACH:8,yes,no,Exact alternative detector pair with point-row provenance; not added to original v783 graph or physiologically validated
534,P_alternate_automated_detector_same_specimen,720575940612152418,720575940629636713,ME_L,720575940629636713,8,705949;1255528;17702662;33127400;38063456;57805285;59688234;69484054,ACH:8,yes,no,Exact alternative detector pair with point-row provenance; not added to original v783 graph or physiologically validated
535,P_alternate_automated_detector_same_specimen,720575940612947635,720575940629064188,LA_R,720575940612947635,8,6341860;16839509;18327144;23650210;34301299;49502323;49738281;70268422,ACH:8,yes,no,Exact alternative detector pair with point-row provenance; not added to original v783 graph or physiologically validated
536,P_alternate_automated_detector_same_specimen,720575940618240401,720575940632212527,LA_L,720575940618240401,8,3057708;19895448;29526476;44176289;50286076;55065575;55378227;56161979,ACH:8,yes,no,Exact alternative detector pair with point-row provenance; not added to original v783 graph or physiologically validated
537,P_alternate_automated_detector_same_specimen,720575940620320193,720575940622579967,SAD,720575940620320193,8,11935075;17650919;26343841;37230690;51097645;69357680;73586767;76173669,ACH:8,yes,no,Exact alternative detector pair with point-row provenance; not added to original v783 graph or physiologically validated
538,P_alternate_automated_detector_same_specimen,720575940621500070,720575940623586756,LA_R,720575940621500070,8,12140860;15508668;22477723;42766223;44175970;61488613;63839532;68149330,ACH:8,yes,no,Exact alternative detector pair with point-row provenance; not added to original v783 graph or physiologically validated
539,P_alternate_automated_detector_same_specimen,720575940621526510,720575940627172741,LA_L,720575940621526510,8,2665338;15587403;33987856;42375142;49424500;63683043;63839855;72776182,ACH:8,yes,no,Exact alternative detector pair with point-row provenance; not added to original v783 graph or physiologically validated
540,P_alternate_automated_detector_same_specimen,720575940621544175,720575940628818182,ME_L,720575940621544175,8,20529087;37757880;39561400;45514606;52800493;61183599;68864124;79125266,ACH:8,yes,no,Exact alternative detector pair with point-row provenance; not added to original v783 graph or physiologically validated
541,P_alternate_automated_detector_same_specimen,720575940621949675,720575940614985878,GNG,720575940621949675,8,13900991;16563477;32692849;33867675;38649854;57527451;67950186;74770972,ACH:8,yes,no,Exact alternative detector pair with point-row provenance; not added to original v783 graph or physiologically validated
542,P_alternate_automated_detector_same_specimen,720575940622029494,720575940621170968,LA_R,720575940622029494,8,29604696;36967089;37202039;41590282;52714035;57647931;63917747;75516591,ACH:8,yes,no,Exact alternative detector pair with point-row provenance; not added to original v783 graph or physiologically validated
543,P_alternate_automated_detector_same_specimen,720575940622799137,720575940633646637,LA_R,720575940622799137,8,5558929;19189713;29526308;30778839;43392791;50599240;67442575;75516797,ACH:8,yes,no,Exact alternative detector pair with point-row provenance; not added to original v783 graph or physiologically validated
544,P_alternate_automated_detector_same_specimen,720575940622814302,720575940613154739,LA_R,720575940622814302,8,469801;861881;56943216;60861874;63055932;73872918;75830030;78570729,ACH:8,yes,no,Exact alternative detector pair with point-row provenance; not added to original v783 graph or physiologically validated
545,P_alternate_automated_detector_same_specimen,720575940623239133,720575940624485258,LA_R,720575940623239133,8,4306588;4463336;39710034;40257746;57804866;60705353;62115794;76691583,ACH:8,yes,no,Exact alternative detector pair with point-row provenance; not added to original v783 graph or physiologically validated
546,P_alternate_automated_detector_same_specimen,720575940628442389,720575940625155837,LA_R,720575940628442389,8,312743;9085635;12767060;18092440;22555910;34615343;39866109;54359543,ACH:8,yes,no,Exact alternative detector pair with point-row provenance; not added to original v783 graph or physiologically validated
547,P_alternate_automated_detector_same_specimen,720575940628442389,720575940627746393,LA_R,720575940628442389,8,5245020;12140935;28115789;38612747;48798395;49111663;59374322;79824262,ACH:8,yes,no,Exact alternative detector pair with point-row provenance; not added to original v783 graph or physiologically validated
548,P_alternate_automated_detector_same_specimen,720575940629636713,720575940612152418,ME_L,720575940629636713,8,2979473;22241856;37515681;38691941;49268074;50051527;56865981;63447298,ACH:8,yes,no,Exact alternative detector pair with point-row provenance; not added to original v783 graph or physiologically validated
549,P_alternate_automated_detector_same_specimen,720575940629636713,720575940623734541,ME_L,720575940629636713,8,5010623;16761736;16918716;26628164;43863530;49738832;49973191;52010512,ACH:8,yes,no,Exact alternative detector pair with point-row provenance; not added to original v783 graph or physiologically validated
550,P_alternate_automated_detector_same_specimen,720575940629808911,720575940625054901,SPS_R,720575940629808911,8,4041654;15945886;16258584;19389920;21741390;48139812;51113783;65766242,ACH:8,yes,no,Exact alternative detector pair with point-row provenance; not added to original v783 graph or physiologically validated
551,P_alternate_automated_detector_same_specimen,720575940630098075,720575940624275785,ME_L,720575940630098075,8,2438823;4550224;4628279;5646198;12071879;57578936;63299481;68158304,ACH:8,yes,no,Exact alternative detector pair with point-row provenance; not added to original v783 graph or physiologically validated
552,P_alternate_automated_detector_same_specimen,720575940631043900,720575940642551515,LA_R,720575940631043900,8,2665080;14176909;16448021;29291429;30387961;35713695;38455654;55378012,ACH:8,yes,no,Exact alternative detector pair with point-row provenance; not added to original v783 graph or physiologically validated
553,P_alternate_automated_detector_same_specimen,720575940631750095,720575940614246559,LA_R,720575940631750095,8,2978999;3526133;16212514;21772918;23494664;29839790;36418833;58118576,ACH:8,yes,no,Exact alternative detector pair with point-row provenance; not added to original v783 graph or physiologically validated
554,P_alternate_automated_detector_same_specimen,720575940633561887,720575940624495630,LA_R,720575940633561887,8,1018944;22084928;49502438;49972560;53105769;56552387;67207021;68149285,ACH:8,yes,no,Exact alternative detector pair with point-row provenance; not added to original v783 graph or physiologically validated
555,P_alternate_automated_detector_same_specimen,720575940636059060,720575940627873299,LA_R,720575940627873299,8,3603948;27489133;34301413;48328204;58902766;61723811;69876676;72384069,ACH:8,yes,no,Exact alternative detector pair with point-row provenance; not added to original v783 graph or physiologically validated
556,P_alternate_automated_detector_same_specimen,720575940639166197,720575940634290913,GNG,720575940639166197,8,26274073;27292401;39121390;52987364;56903095;61056627;66853656;68265798,ACH:8,yes,no,Exact alternative detector pair with point-row provenance; not added to original v783 graph or physiologically validated
557,P_alternate_automated_detector_same_specimen,720575940606375772,720575940632898105,GNG,720575940606375772,7,10533770;15702731;23453770;31285222;34574193;65913581;73753438,ACH:7,yes,no,Exact alternative detector pair with point-row provenance; not added to original v783 graph or physiologically validated
558,P_alternate_automated_detector_same_specimen,720575940609307854,720575940632898105,GNG,720575940609307854,7,6144431;17738650;31128883;48991949;49931872;71403250;76885147,ACH:7,yes,no,Exact alternative detector pair with point-row provenance; not added to original v783 graph or physiologically validated
559,P_alternate_automated_detector_same_specimen,720575940609485579,720575940619763847,LA_R,720575940609485579,7,1411040;5480346;51931393;52009922;55065040;60234459;60469226,ACH:7,yes,no,Exact alternative detector pair with point-row provenance; not added to original v783 graph or physiologically validated
560,P_alternate_automated_detector_same_specimen,720575940609778289,720575940627236629,GNG,720575940609778289,7,19229908;21424442;23928141;27297118;36148081;47116860;74540380,ACH:7,yes,no,Exact alternative detector pair with point-row provenance; not added to original v783 graph or physiologically validated
561,P_alternate_automated_detector_same_specimen,720575940611550840,720575940612717461,LA_R,720575940611550840,7,5793474;11749512;20989711;32578520;39005220;60390793;71678594,ACH:7,yes,no,Exact alternative detector pair with point-row provenance; not added to original v783 graph or physiologically validated
562,P_alternate_automated_detector_same_specimen,720575940611934562,720575940613971683,LA_R,720575940613971683,7,5793324;12297125;20286605;30230191;35242269;37905971;68698858,ACH:7,yes,no,Exact alternative detector pair with point-row provenance; not added to original v783 graph or physiologically validated
563,P_alternate_automated_detector_same_specimen,720575940615951839,720575940605762528,LA_R,720575940615951839,7,21694542;37984974;41590444;46919278;58275539;61566607;74343801,ACH:7,yes,no,Exact alternative detector pair with point-row provenance; not added to original v783 graph or physiologically validated
564,P_alternate_automated_detector_same_specimen,720575940618718977,720575940624842760,LA_R,720575940618718977,7,5636897;12689029;15665348;21068465;39944062;56864992;62272629,ACH:7,yes,no,Exact alternative detector pair with point-row provenance; not added to original v783 graph or physiologically validated
565,P_alternate_automated_detector_same_specimen,720575940618864724,720575940615453602,LA_L,720575940618864724,7,8223933;43941960;52871924;61411517;62978435;69719885;79040807,ACH:7,yes,no,Exact alternative detector pair with point-row provenance; not added to original v783 graph or physiologically validated
566,P_alternate_automated_detector_same_specimen,720575940619065664,720575940626023608,LA_R,720575940619065664,7,234575;3369906;12610540;20129908;31482004;44332209;58432216,ACH:7,yes,no,Exact alternative detector pair with point-row provenance; not added to original v783 graph or physiologically validated
567,P_alternate_automated_detector_same_specimen,720575940619381108,720575940621821787,GNG,720575940619381108,7,7319047;9747823;10690572;41548227;44760227;55963139;75004281,ACH:7,yes,no,Exact alternative detector pair with point-row provenance; not added to original v783 graph or physiologically validated
568,P_alternate_automated_detector_same_specimen,720575940621338246,720575940606050238,ME_L,720575940621338246,7,867273;12145170;26713274;30630393;40029116;49508010;55304426,ACH:7,yes,no,Exact alternative detector pair with point-row provenance; not added to original v783 graph or physiologically validated
569,P_alternate_automated_detector_same_specimen,720575940621458625,720575940620640097,LA_L,720575940621458625,7,42531783;42531828;46919493;47780451;53184225;54751349;78884287,ACH:7,yes,no,Exact alternative detector pair with point-row provenance; not added to original v783 graph or physiologically validated
570,P_alternate_automated_detector_same_specimen,720575940622270273,720575940625545624,LA_R,720575940622270273,7,19423890;19423892;22240194;32968114;49971616;70894326;74420980,ACH:7,yes,no,Exact alternative detector pair with point-row provenance; not added to original v783 graph or physiologically validated
571,P_alternate_automated_detector_same_specimen,720575940622799137,720575940624485258,LA_R,720575940622799137,7,5010085;5558928;38377204;39710033;41119988;55613352;75595363,ACH:7,yes,no,Exact alternative detector pair with point-row provenance; not added to original v783 graph or physiologically validated
572,P_alternate_automated_detector_same_specimen,720575940622811903,720575940634657632,SAD,720575940622811903,7,3710789;7702664;13344005;33467977;38562732;52899816;59402726,ACH:7,yes,no,Exact alternative detector pair with point-row provenance; not added to original v783 graph or physiologically validated
573,P_alternate_automated_detector_same_specimen,720575940623211852,720575940622545023,LA_R,720575940622545023,7,3603960;33282375;34772325;42609625;54202581;59138498;76769817,ACH:7,yes,no,Exact alternative detector pair with point-row provenance; not added to original v783 graph or physiologically validated
574,P_alternate_automated_detector_same_specimen,720575940624048275,720575940623335715,LA_L,720575940623335715;720575940624048275,7,16369478;39944328;43001754;44332581;57491894;62900037;71522496,ACH:7,yes,no,Exact alternative detector pair with point-row provenance; not added to original v783 graph or physiologically validated
575,P_alternate_automated_detector_same_specimen,720575940625781692,720575940606761918,LA_R,720575940625781692,7,12219034;20364940;23494249;26313942;42374661;50598957;51225802,ACH:7,yes,no,Exact alternative detector pair with point-row provenance; not added to original v783 graph or physiologically validated
576,P_alternate_automated_detector_same_specimen,720575940627138306,720575940611620046,LA_R,720575940627138306,7,2742930;14646241;22946287;38298504;53183602;57257245;63524825,ACH:7,yes,no,Exact alternative detector pair with point-row provenance; not added to original v783 graph or physiologically validated
577,P_alternate_automated_detector_same_specimen,720575940628054397,720575940606489702,LA_R,720575940628054397,7,9790064;10104212;23416690;34066170;37515161;63761102;78414577,ACH:7,yes,no,Exact alternative detector pair with point-row provenance; not added to original v783 graph or physiologically validated
578,P_alternate_automated_detector_same_specimen,720575940628255034,720575940626558256,LA_L,720575940628255034,7,3370283;5480745;12532621;17232404;22007208;61489063;63212437,ACH:7,yes,no,Exact alternative detector pair with point-row provenance; not added to original v783 graph or physiologically validated
579,P_alternate_automated_detector_same_specimen,720575940629377641,720575940642565851,LA_R,720575940629377641,7,14960132;16447933;45193836;51696648;55534848;77239427;77395756,ACH:7,yes,no,Exact alternative detector pair with point-row provenance; not added to original v783 graph or physiologically validated
580,P_alternate_automated_detector_same_specimen,720575940629808911,720575940626841354,UNASGD,720575940629808911,7,744679;8420147;10300854;17898126;28233380;61529343;77357578,ACH:7,yes,no,Exact alternative detector pair with point-row provenance; not added to original v783 graph or physiologically validated
581,P_alternate_automated_detector_same_specimen,720575940630098075,720575940618939205,ME_L,720575940630098075,7,24287121;49904076;54054982;60008712;69964437;75839107;78345239,ACH:7,yes,no,Exact alternative detector pair with point-row provenance; not added to original v783 graph or physiologically validated
582,P_alternate_automated_detector_same_specimen,720575940630098075,720575940620201931,ME_L,720575940630098075,7,12619926;37289590;40188273;43167736;44263137;67922010;77170097,ACH:7,yes,no,Exact alternative detector pair with point-row provenance; not added to original v783 graph or physiologically validated
583,P_alternate_automated_detector_same_specimen,720575940630098075,720575940637600869,ME_L,720575940630098075,7,479001;2674000;20842753;24286934;35565628;51469876;77875659,ACH:7,yes,no,Exact alternative detector pair with point-row provenance; not added to original v783 graph or physiologically validated
584,P_alternate_automated_detector_same_specimen,720575940631647173,720575940632854423,LA_R,720575940631647173,7,18797633;23963940;39161635;52556943;56630394;68227263;68384255,ACH:7,yes,no,Exact alternative detector pair with point-row provenance; not added to original v783 graph or physiologically validated
585,P_alternate_automated_detector_same_specimen,720575940632189970,720575940648383364,LA_R,720575940632189970;720575940648383364,7,1411048;23338430;49345753;60783429;61645359;68384702;77552123,ACH:7,yes,no,Exact alternative detector pair with point-row provenance; not added to original v783 graph or physiologically validated
586,P_alternate_automated_detector_same_specimen,720575940632280338,720575940625892284,ME_L,720575940632280338,7,787979;8228076;9873405;10971754;31408838;37128967;76383499,ACH:7,yes,no,Exact alternative detector pair with point-row provenance; not added to original v783 graph or physiologically validated
587,P_alternate_automated_detector_same_specimen,720575940633816986,720575940627286088,GNG,720575940633816986,7,4106026;4340348;12722930;40056461;43661818;50162784;65674770,ACH:7,yes,no,Exact alternative detector pair with point-row provenance; not added to original v783 graph or physiologically validated
588,P_alternate_automated_detector_same_specimen,720575940637390181,720575940620201931,ME_L,720575940637390181,7,14812644;17319788;26793211;41442567;46457745;53820011;57187890,ACH:7,yes,no,Exact alternative detector pair with point-row provenance; not added to original v783 graph or physiologically validated
589,P_alternate_automated_detector_same_specimen,720575940638556382,720575940631033285,LA_L,720575940638556382,7,20913202;21226013;23495710;27490981;35714962;38064459;73874979,ACH:7,yes,no,Exact alternative detector pair with point-row provenance; not added to original v783 graph or physiologically validated
590,P_alternate_automated_detector_same_specimen,720575940607860169,720575940613545586,LA_R,720575940607860169,6,5088497;13315195;42531396;64701733;66815307;76770000,ACH:6,yes,no,Exact alternative detector pair with point-row provenance; not added to original v783 graph or physiologically validated
591,P_alternate_automated_detector_same_specimen,720575940607860169,720575940625971642,LA_R,720575940607860169,6,8850236;14724679;36027221;36183523;58197439;79196721,ACH:6,yes,no,Exact alternative detector pair with point-row provenance; not added to original v783 graph or physiologically validated
592,P_alternate_automated_detector_same_specimen,720575940609221900,720575940631496310,LA_L,720575940609221900,6,8850813;18641870;40258488;59922285;60784108;61489480,ACH:6,yes,no,Exact alternative detector pair with point-row provenance; not added to original v783 graph or physiologically validated
593,P_alternate_automated_detector_same_specimen,720575940609413641,720575940622814302,LA_R,720575940622814302,6,28821796;29917938;36888386;41903373;62507540;65641191,ACH:6,yes,no,Exact alternative detector pair with point-row provenance; not added to original v783 graph or physiologically validated
594,P_alternate_automated_detector_same_specimen,720575940610183154,720575940606083273,GNG,720575940610183154,6,3169459;11000959;13039693;33006435;44601156;48596905,ACH:6,yes,no,Exact alternative detector pair with point-row provenance; not added to original v783 graph or physiologically validated
595,P_alternate_automated_detector_same_specimen,720575940610715204,720575940639054707,LA_R,720575940610715204,6,1175894;2115742;54045792;54672535;55613281;55848066,ACH:6,yes,no,Exact alternative detector pair with point-row provenance; not added to original v783 graph or physiologically validated
596,P_alternate_automated_detector_same_specimen,720575940612839793,720575940628572648,LA_R,720575940612839793,6,12062287;12610381;14255243;27254553;56630521;74891230,ACH:6,yes,no,Exact alternative detector pair with point-row provenance; not added to original v783 graph or physiologically validated
597,P_alternate_automated_detector_same_specimen,720575940617816661,720575940632045839,GNG,720575940617816661,6,6144575;19775595;26273509;33946415;43978781;62623575,ACH:6,yes,no,Exact alternative detector pair with point-row provenance; not added to original v783 graph or physiologically validated
598,P_alternate_automated_detector_same_specimen,720575940618150105,720575940625084413,LA_R,720575940618150105,6,3213547;24277461;29917401;42843664;50911312;52792216,ACH:6,yes,no,Exact alternative detector pair with point-row provenance; not added to original v783 graph or physiologically validated
599,P_alternate_automated_detector_same_specimen,720575940619423216,720575940624943084,GNG,720575940619423216,6,816991;6063789;6453719;30030886;33942820;79779893,ACH:6,yes,no,Exact alternative detector pair with point-row provenance; not added to original v783 graph or physiologically validated
600,P_alternate_automated_detector_same_specimen,720575940620320193,720575940631706107,SAD,720575940620320193,6,1752114;7704784;12638355;51647535;59874160;60342744,ACH:6,yes,no,Exact alternative detector pair with point-row provenance; not added to original v783 graph or physiologically validated
601,P_alternate_automated_detector_same_specimen,720575940621090213,720575940632182058,LA_R,720575940621090213,6,13472320;18876578;22868297;29056714;66658614;70033969,ACH:6,yes,no,Exact alternative detector pair with point-row provenance; not added to original v783 graph or physiologically validated
602,P_alternate_automated_detector_same_specimen,720575940621090213,720575940640410702,LA_R,720575940621090213,6,14412172;23650448;25922561;37202011;60940096;67677793,ACH:6,yes,no,Exact alternative detector pair with point-row provenance; not added to original v783 graph or physiologically validated
603,P_alternate_automated_detector_same_specimen,720575940621157887,720575940621477312,GNG,720575940621157887,6,7240508;8259342;12098725;27055505;34965127;71402190,ACH:6,yes,no,Exact alternative detector pair with point-row provenance; not added to original v783 graph or physiologically validated
604,P_alternate_automated_detector_same_specimen,720575940622132656,720575940640024893,LA_L,720575940622132656,6,6029470;11124397;36497450;40885607;52322649;58511089,ACH:6,yes,no,Exact alternative detector pair with point-row provenance; not added to original v783 graph or physiologically validated
605,P_alternate_automated_detector_same_specimen,720575940622811903,720575940622579967,SAD,720575940622811903,6,26186184;29085039;32215186;40129363;41775629;54152885,ACH:6,yes,no,Exact alternative detector pair with point-row provenance; not added to original v783 graph or physiologically validated
606,P_alternate_automated_detector_same_specimen,720575940623308108,720575940617499765,LA_L,720575940617499765,6,20677850;35086290;46920313;55849082;60627512;72697965,ACH:6,yes,no,Exact alternative detector pair with point-row provenance; not added to original v783 graph or physiologically validated
607,P_alternate_automated_detector_same_specimen,720575940623854276,720575940630846125,GNG,720575940630846125,6,1840215;7241608;32302406;32772100;52986660;69913984,GABA:6,yes,no,Exact alternative detector pair with point-row provenance; not added to original v783 graph or physiologically validated
608,P_alternate_automated_detector_same_specimen,720575940625721118,720575940610895474,SPS_L,720575940625721118,6,7472599;22976609;41071928;48674733;51179320;54861690,ACH:6,yes,no,Exact alternative detector pair with point-row provenance; not added to original v783 graph or physiologically validated
609,P_alternate_automated_detector_same_specimen,720575940629808911,720575940633416275,IPS_R,720575940629808911,6,275568;13669536;28156614;35674863;43355403;61529506,ACH:6,yes,no,Exact alternative detector pair with point-row provenance; not added to original v783 graph or physiologically validated
610,P_alternate_automated_detector_same_specimen,720575940629924091,720575940613850262,IPS_L,720575940629924091,6,15856457;21650741;42800543;55883275;65284478;78919762,ACH:6,yes,no,Exact alternative detector pair with point-row provenance; not added to original v783 graph or physiologically validated
611,P_alternate_automated_detector_same_specimen,720575940630098075,720575940622528801,ME_L,720575940630098075,6,4078993;10662415;36584479;64159780;64317531;70277776,ACH:6,yes,no,Exact alternative detector pair with point-row provenance; not added to original v783 graph or physiologically validated
612,P_alternate_automated_detector_same_specimen,720575940630333566,720575940622727152,LA_R,720575940630333566,6,20989776;23728738;28664227;33517543;43079707;76691375,ACH:6,yes,no,Exact alternative detector pair with point-row provenance; not added to original v783 graph or physiologically validated
613,P_alternate_automated_detector_same_specimen,720575940630869548,720575940618816340,LA_R,720575940630869548,6,8771482;9398516;31717035;45350700;57178465;68463474,ACH:6,yes,no,Exact alternative detector pair with point-row provenance; not added to original v783 graph or physiologically validated
614,P_alternate_automated_detector_same_specimen,720575940631592017,720575940611186034,SPS_L,720575940631592017,6,4963345;7314572;46009383;55176788;56038291;76019057,ACH:6,yes,no,Exact alternative detector pair with point-row provenance; not added to original v783 graph or physiologically validated
615,P_alternate_automated_detector_same_specimen,720575940633188492,720575940616572063,LA_R,720575940633188492,6,548204;20832935;26157191;54280489;59998797;74186240,ACH:6,yes,no,Exact alternative detector pair with point-row provenance; not added to original v783 graph or physiologically validated
616,P_alternate_automated_detector_same_specimen,720575940636401400,720575940632189970,LA_R,720575940632189970;720575940636401400,6,6497820;25765771;31638818;38298736;43079292;78492128,ACH:6,yes,no,Exact alternative detector pair with point-row provenance; not added to original v783 graph or physiologically validated
617,P_alternate_automated_detector_same_specimen,720575940637390181,720575940617066290,ME_L,720575940637390181,6,2438781;16848805;22408170;22565107;38700635;46928270,ACH:6,yes,no,Exact alternative detector pair with point-row provenance; not added to original v783 graph or physiologically validated
618,P_alternate_automated_detector_same_specimen,720575940638921700,720575940648108164,LA_R,720575940638921700,6,11984119;34772365;42374652;48954311;49659587;79353358,ACH:6,yes,no,Exact alternative detector pair with point-row provenance; not added to original v783 graph or physiologically validated
619,P_alternate_automated_detector_same_specimen,720575940643034765,720575940610222805,LA_R,720575940643034765,6,7439500;11515272;11671582;47623182;49816964;58981635,ACH:6,yes,no,Exact alternative detector pair with point-row provenance; not added to original v783 graph or physiologically validated
620,P_alternate_automated_detector_same_specimen,720575940609023068,720575940619065664,LA_R,720575940619065664,5,9555192;39866030;52244264;55926678;67520697,ACH:5,yes,no,Exact alternative detector pair with point-row provenance; not added to original v783 graph or physiologically validated
621,P_alternate_automated_detector_same_specimen,720575940609212508,720575940623111593,LA_L,720575940623111593,5,19503560;37515506;39944565;60391280;63918199,ACH:5,yes,no,Exact alternative detector pair with point-row provenance; not added to original v783 graph or physiologically validated
622,P_alternate_automated_detector_same_specimen,720575940609622281,720575940630207703,ME_L,720575940609622281,5,6508279;21464352;32510459;42380149;47552659,ACH:5,yes,no,Exact alternative detector pair with point-row provenance; not added to original v783 graph or physiologically validated
623,P_alternate_automated_detector_same_specimen,720575940612735194,720575940639054707,LA_R,720575940612735194,5,4463108;15978102;55613110;58745759;77944725,ACH:5,yes,no,Exact alternative detector pair with point-row provenance; not added to original v783 graph or physiologically validated
624,P_alternate_automated_detector_same_specimen,720575940612755050,720575940629921099,GNG,720575940612755050,5,13666707;16328836;31129599;42725984;54240630,ACH:5,yes,no,Exact alternative detector pair with point-row provenance; not added to original v783 graph or physiologically validated
625,P_alternate_automated_detector_same_specimen,720575940612899763,720575940623392904,LA_R,720575940612899763,5,17466990;27802902;31795280;39866150;42139664,ACH:5,yes,no,Exact alternative detector pair with point-row provenance; not added to original v783 graph or physiologically validated
626,P_alternate_automated_detector_same_specimen,720575940612943066,720575940623950600,LA_R,720575940612943066,5,7046752;7439323;16604143;52792341;74343612,ACH:5,yes,no,Exact alternative detector pair with point-row provenance; not added to original v783 graph or physiologically validated
627,P_alternate_automated_detector_same_specimen,720575940616042508,720575940612523571,SAD,720575940616042508,5,16789888;51332218;53917187;76563302;79538971,ACH:5,yes,no,Exact alternative detector pair with point-row provenance; not added to original v783 graph or physiologically validated
628,P_alternate_automated_detector_same_specimen,720575940616042508,720575940618440000,SAD,720575940616042508,5,23678611;29084749;65278400;67706588;78208210,ACH:5,yes,no,Exact alternative detector pair with point-row provenance; not added to original v783 graph or physiologically validated
629,P_alternate_automated_detector_same_specimen,720575940617816661,720575940629921099,GNG,720575940617816661,5,14292580;25881695;56667423;61682942;63720037,ACH:5,yes,no,Exact alternative detector pair with point-row provenance; not added to original v783 graph or physiologically validated
630,P_alternate_automated_detector_same_specimen,720575940618150105,720575940612849045,LA_R,720575940618150105,5,1175472;16995940;51147133;55534200;71443218,ACH:5,yes,no,Exact alternative detector pair with point-row provenance; not added to original v783 graph or physiologically validated
631,P_alternate_automated_detector_same_specimen,720575940618685853,720575940625113015,LA_R,720575940625113015,5,22398928;41903330;49424024;56943175;63211990,ACH:5,yes,no,Exact alternative detector pair with point-row provenance; not added to original v783 graph or physiologically validated
632,P_alternate_automated_detector_same_specimen,720575940619381108,720575940629921099,GNG,720575940619381108,5,13270605;36373777;41075467;76490738;79154880,ACH:5,yes,no,Exact alternative detector pair with point-row provenance; not added to original v783 graph or physiologically validated
633,P_alternate_automated_detector_same_specimen,720575940619877022,720575940605838560,LA_R,720575940619877022,5,13314957;52243780;68620494;77944552;78804766,ACH:5,yes,no,Exact alternative detector pair with point-row provenance; not added to original v783 graph or physiologically validated
634,P_alternate_automated_detector_same_specimen,720575940620556117,720575940627146268,LA_L,720575940620556117,5,28038009;67756722;73559546;76926126;77004920,ACH:5,yes,no,Exact alternative detector pair with point-row provenance; not added to original v783 graph or physiologically validated
635,P_alternate_automated_detector_same_specimen,720575940620785869,720575940635776760,GNG,720575940620785869,5,4499146;7553342;19695951;32770996;65520692,ACH:5,yes,no,Exact alternative detector pair with point-row provenance; not added to original v783 graph or physiologically validated
636,P_alternate_automated_detector_same_specimen,720575940621103269,720575940618489318,LA_R,720575940621103269,5,13393861;24433389;48406203;53732385;56005017,ACH:5,yes,no,Exact alternative detector pair with point-row provenance; not added to original v783 graph or physiologically validated
637,P_alternate_automated_detector_same_specimen,720575940621157887,720575940621821787,GNG,720575940621157887,5,49696306;49696416;52593437;68421427;75240579,ACH:5,yes,no,Exact alternative detector pair with point-row provenance; not added to original v783 graph or physiologically validated
638,P_alternate_automated_detector_same_specimen,720575940621338246,720575940615740172,ME_L,720575940621338246,5,14106454;15359559;36035227;63142151;76777922,ACH:5,yes,no,Exact alternative detector pair with point-row provenance; not added to original v783 graph or physiologically validated
639,P_alternate_automated_detector_same_specimen,720575940621338246,720575940621952636,ME_L,720575940621338246,5,7447438;20685002;50685450;52094787;60634339,ACH:5,yes,no,Exact alternative detector pair with point-row provenance; not added to original v783 graph or physiologically validated
640,P_alternate_automated_detector_same_specimen,720575940621338246,720575940626604955,ME_L,720575940621338246,5,2280556;6349918;23972136;47709626;67607165,ACH:5,yes,no,Exact alternative detector pair with point-row provenance; not added to original v783 graph or physiologically validated
641,P_alternate_automated_detector_same_specimen,720575940621481450,720575940622248453,GNG,720575940621481450,5,25557755;31432914;46946543;57049757;71160164,ACH:5,yes,no,Exact alternative detector pair with point-row provenance; not added to original v783 graph or physiologically validated
642,P_alternate_automated_detector_same_specimen,720575940621481450,720575940624163303,GNG,720575940621481450,5,10131245;19452226;51802635;74605933;79538136,ACH:5,yes,no,Exact alternative detector pair with point-row provenance; not added to original v783 graph or physiologically validated
643,P_alternate_automated_detector_same_specimen,720575940621568490,720575940624679463,GNG,720575940621568490,5,9514025;13666060;56433650;70305591;73988804,ACH:5,yes,no,Exact alternative detector pair with point-row provenance; not added to original v783 graph or physiologically validated
644,P_alternate_automated_detector_same_specimen,720575940621840297,720575940609307854,GNG,720575940609307854,5,9670995;29955174;40608652;75867330;79077069,ACH:5,yes,no,Exact alternative detector pair with point-row provenance; not added to original v783 graph or physiologically validated
645,P_alternate_automated_detector_same_specimen,720575940622190452,720575940624139305,LA_R,720575940624139305,5,16056238;43079864;46213327;71130059;76925990,ACH:5,yes,no,Exact alternative detector pair with point-row provenance; not added to original v783 graph or physiologically validated
646,P_alternate_automated_detector_same_specimen,720575940622879770,720575940627638558,LA_R,720575940627638558,5,9711724;20130156;22555914;30857266;54437739,ACH:5,yes,no,Exact alternative detector pair with point-row provenance; not added to original v783 graph or physiologically validated
647,P_alternate_automated_detector_same_specimen,720575940623237731,720575940622270273,LA_R,720575940622270273,5,3914821;6967043;7045724;20988400;79273423,ACH:5,yes,no,Exact alternative detector pair with point-row provenance; not added to original v783 graph or physiologically validated
648,P_alternate_automated_detector_same_specimen,720575940623239133,720575940609182556,LA_R,720575940623239133,5,3838430;12532374;29604755;30622626;56396676,ACH:5,yes,no,Exact alternative detector pair with point-row provenance; not added to original v783 graph or physiologically validated
649,P_alternate_automated_detector_same_specimen,720575940623770637,720575940633345567,LA_R,720575940623770637,5,2743341;10104227;21772902;49972794;73010878,ACH:5,yes,no,Exact alternative detector pair with point-row provenance; not added to original v783 graph or physiologically validated
650,P_alternate_automated_detector_same_specimen,720575940626013112,720575940631647173,LA_R,720575940631647173,5,3213347;11827631;25372962;37279568;76691252,GABA:5,yes,no,Exact alternative detector pair with point-row provenance; not added to original v783 graph or physiologically validated
651,P_alternate_automated_detector_same_specimen,720575940626023608,720575940625125640,LA_R,720575940625125640,5,1646287;11828256;12453905;46448657;52871164,ACH:5,yes,no,Exact alternative detector pair with point-row provenance; not added to original v783 graph or physiologically validated
652,P_alternate_automated_detector_same_specimen,720575940628335611,720575940624117528,GNG,720575940628335611,5,16801678;25963593;41944591;44061167;66699873,ACH:5,yes,no,Exact alternative detector pair with point-row provenance; not added to original v783 graph or physiologically validated
653,P_alternate_automated_detector_same_specimen,720575940628442389,720575940648519556,LA_R,720575940628442389,5,5323688;56474556;57335589;57569617;80059260,ACH:5,yes,no,Exact alternative detector pair with point-row provenance; not added to original v783 graph or physiologically validated
654,P_alternate_automated_detector_same_specimen,720575940628952619,720575940628335611,GNG,720575940628335611,5,5756359;8969405;52990723;55028077;66857034,GABA:5,yes,no,Exact alternative detector pair with point-row provenance; not added to original v783 graph or physiologically validated
655,P_alternate_automated_detector_same_specimen,720575940630098075,720575940633763492,ME_L,720575940630098075,5,15282280;15674787;35722813;47553949;60322324,ACH:5,yes,no,Exact alternative detector pair with point-row provenance; not added to original v783 graph or physiologically validated
656,P_alternate_automated_detector_same_specimen,720575940630485626,720575940617186677,LA_R,720575940630485626,5,17466827;19738141;23807057;38848156;76378486,ACH:5,yes,no,Exact alternative detector pair with point-row provenance; not added to original v783 graph or physiologically validated
657,P_alternate_automated_detector_same_specimen,720575940630846125,720575940632898105,GNG,720575940630846125,5,11396003;19775407;24079387;45623744;48835220,ACH:5,yes,no,Exact alternative detector pair with point-row provenance; not added to original v783 graph or physiologically validated
658,P_alternate_automated_detector_same_specimen,720575940630871260,720575940631522811,LA_R,720575940630871260,5,3838267;4540902;10103926;40022283;60077547,ACH:5,yes,no,Exact alternative detector pair with point-row provenance; not added to original v783 graph or physiologically validated
659,P_alternate_automated_detector_same_specimen,720575940631186550,720575940609182556,LA_R,720575940631186550,5,8380350;14098390;24120298;45350680;70503662,ACH:5,yes,no,Exact alternative detector pair with point-row provenance; not added to original v783 graph or physiologically validated
660,P_alternate_automated_detector_same_specimen,720575940631515643,720575940628404783,LA_L,720575940631515643,5,1959971;6029301;27724911;52950095;76065801,ACH:5,yes,no,Exact alternative detector pair with point-row provenance; not added to original v783 graph or physiologically validated
661,P_alternate_automated_detector_same_specimen,720575940632257091,720575940639884622,LA_L,720575940632257091;720575940639884622,5,4541267;56083504;66032999;75674014;79746273,ACH:5,yes,no,Exact alternative detector pair with point-row provenance; not added to original v783 graph or physiologically validated
662,P_alternate_automated_detector_same_specimen,720575940632565059,720575940621193051,LA_R,720575940621193051,5,10339255;26940500;38533760;62036789;62194121,ACH:5,yes,no,Exact alternative detector pair with point-row provenance; not added to original v783 graph or physiologically validated
663,P_alternate_automated_detector_same_specimen,720575940633176351,720575940605240544,LA_R,720575940633176351,5,12297144;30074459;49502529;56474384;68463802,ACH:5,yes,no,Exact alternative detector pair with point-row provenance; not added to original v783 graph or physiologically validated
664,P_alternate_automated_detector_same_specimen,720575940633176351,720575940625601468,LA_R,720575940633176351,5,24042301;49738437;57257634;65406396;66110868,ACH:5,yes,no,Exact alternative detector pair with point-row provenance; not added to original v783 graph or physiologically validated
665,P_alternate_automated_detector_same_specimen,720575940637390181,720575940639090921,ME_L,720575940637390181,5,6899360;60556826;63143348;74665721;77640125,ACH:5,yes,no,Exact alternative detector pair with point-row provenance; not added to original v783 graph or physiologically validated
666,P_alternate_automated_detector_same_specimen,720575940637514414,720575940638829646,LA_R,720575940637514414,5,5872368;24355996;44488854;60313000;78883878,ACH:5,yes,no,Exact alternative detector pair with point-row provenance; not added to original v783 graph or physiologically validated
667,P_alternate_automated_detector_same_specimen,720575940646459502,720575940630879991,LA_R,720575940646459502,5,24119950;44097901;46684242;62036892;75360253,ACH:5,yes,no,Exact alternative detector pair with point-row provenance; not added to original v783 graph or physiologically validated
668,P_alternate_automated_detector_same_specimen,720575940648702084,720575940612195170,LA_R,720575940648702084,5,1723113;2820928;29447439;53653693;64229946,ACH:5,yes,no,Exact alternative detector pair with point-row provenance; not added to original v783 graph or physiologically validated
669,P_alternate_automated_detector_same_specimen,720575940608224178,720575940619567483,LA_L,720575940608224178,4,48171673;56943612;74578897;75360739,ACH:4,no,no,Exact alternative detector pair with point-row provenance; not added to original v783 graph or physiologically validated
670,P_alternate_automated_detector_same_specimen,720575940608998236,720575940612735194,LA_R,720575940612735194,4,27489502;34066121;36418781;62429438,GLUT:4,no,no,Exact alternative detector pair with point-row provenance; not added to original v783 graph or physiologically validated
671,P_alternate_automated_detector_same_specimen,720575940609268316,720575940631592017,IPS_L,720575940631592017,4,4576907;25016689;42879964;47189238,ACH:4,no,no,Exact alternative detector pair with point-row provenance; not added to original v783 graph or physiologically validated
672,P_alternate_automated_detector_same_specimen,720575940611289976,720575940640017597,LA_R,720575940640017597,4,9006781;10654353;36888690;43705988,ACH:4,no,no,Exact alternative detector pair with point-row provenance; not added to original v783 graph or physiologically validated
673,P_alternate_automated_detector_same_specimen,720575940611510765,720575940642369736,GNG,720575940611510765,4,31676622;31990010;68894049;75789866,ACH:4,no,no,Exact alternative detector pair with point-row provenance; not added to original v783 graph or physiologically validated
674,P_alternate_automated_detector_same_specimen,720575940611532664,720575940612947635,LA_R,720575940611532664;720575940612947635,4,30700588;53575868;64466686;71208439,ACH:4,no,no,Exact alternative detector pair with point-row provenance; not added to original v783 graph or physiologically validated
675,P_alternate_automated_detector_same_specimen,720575940612947635,720575940618816340,LA_R,720575940612947635,4,28742972;38455266;55299882;63525117,ACH:4,no,no,Exact alternative detector pair with point-row provenance; not added to original v783 graph or physiologically validated
676,P_alternate_automated_detector_same_specimen,720575940613196261,720575940628853992,LA_R,720575940613196261,4,6185447;7124747;43001055;70738200,ACH:4,no,no,Exact alternative detector pair with point-row provenance; not added to original v783 graph or physiologically validated
677,P_alternate_automated_detector_same_specimen,720575940613474474,720575940626566986,LA_R,720575940613474474,4,21067973;50285373;60939395;76847664,ACH:4,no,no,Exact alternative detector pair with point-row provenance; not added to original v783 graph or physiologically validated
678,P_alternate_automated_detector_same_specimen,720575940613866098,720575940619065664,LA_R,720575940619065664,4,14803419;19268030;67520737;71208246,ACH:4,no,no,Exact alternative detector pair with point-row provenance; not added to original v783 graph or physiologically validated
679,P_alternate_automated_detector_same_specimen,720575940613971683,720575940610375492,LA_R,720575940613971683,4,4618903;13472100;49580986;61488173,ACH:4,no,no,Exact alternative detector pair with point-row provenance; not added to original v783 graph or physiologically validated
680,P_alternate_automated_detector_same_specimen,720575940614839215,720575940631329128,LA_R,720575940614839215,4,29056467;44176044;67991254;78101450,ACH:4,no,no,Exact alternative detector pair with point-row provenance; not added to original v783 graph or physiologically validated
681,P_alternate_automated_detector_same_specimen,720575940614959923,720575940623003169,LA_R,720575940623003169,4,17780020;28272128;54515995;80215126,ACH:4,no,no,Exact alternative detector pair with point-row provenance; not added to original v783 graph or physiologically validated
682,P_alternate_automated_detector_same_specimen,720575940615121501,720575940628164612,GNG,720575940615121501,4,14610451;41395165;75167479;79238339,ACH:4,no,no,Exact alternative detector pair with point-row provenance; not added to original v783 graph or physiologically validated
683,P_alternate_automated_detector_same_specimen,720575940615167742,720575940622727152,LA_R,720575940615167742,4,10888979;22946401;63211947;70738269,ACH:4,no,no,Exact alternative detector pair with point-row provenance; not added to original v783 graph or physiologically validated
684,P_alternate_automated_detector_same_specimen,720575940615268915,720575940622545023,LA_R,720575940622545023,4,28193446;32186174;37906189;38141608,ACH:4,no,no,Exact alternative detector pair with point-row provenance; not added to original v783 graph or physiologically validated
685,P_alternate_automated_detector_same_specimen,720575940616222879,720575940632581945,LA_R,720575940632581945,4,20365087;36418778;43001722;66189135,ACH:4,no,no,Exact alternative detector pair with point-row provenance; not added to original v783 graph or physiologically validated
686,P_alternate_automated_detector_same_specimen,720575940616346822,720575940618381012,LA_R,720575940616346822,4,17780343;33908885;49738454;79667422,ACH:4,no,no,Exact alternative detector pair with point-row provenance; not added to original v783 graph or physiologically validated
687,P_alternate_automated_detector_same_specimen,720575940616346822,720575940622732272,LA_R,720575940616346822,4,8144739;25451858;42531360;73089329,ACH:4,no,no,Exact alternative detector pair with point-row provenance; not added to original v783 graph or physiologically validated
688,P_alternate_automated_detector_same_specimen,720575940616591372,720575940627146268,LA_L,720575940616591372,4,10417561;11671675;55534904;68306377,ACH:4,no,no,Exact alternative detector pair with point-row provenance; not added to original v783 graph or physiologically validated
689,P_alternate_automated_detector_same_specimen,720575940616629260,720575940612899763,LA_R,720575940612899763,4,2821489;14646671;18405721;55769975,ACH:4,no,no,Exact alternative detector pair with point-row provenance; not added to original v783 graph or physiologically validated
690,P_alternate_automated_detector_same_specimen,720575940617499765,720575940631882514,ME_L,720575940617499765,4,10970731;15355279;64078533;72936389,ACH:4,no,no,Exact alternative detector pair with point-row provenance; not added to original v783 graph or physiologically validated
691,P_alternate_automated_detector_same_specimen,720575940617768587,720575940630088183,ME_L,720575940617768587,4,18644792;26633118;41125471;55852690,ACH:4,no,no,Exact alternative detector pair with point-row provenance; not added to original v783 graph or physiologically validated
692,P_alternate_automated_detector_same_specimen,720575940618150105,720575940615387815,LA_R,720575940618150105,4,3525778;13785017;16447544;49659073,ACH:4,no,no,Exact alternative detector pair with point-row provenance; not added to original v783 graph or physiologically validated
693,P_alternate_automated_detector_same_specimen,720575940618219067,720575940618849537,LA_L,720575940618849537,4,32423718;36341478;71993835;72150577,ACH:4,no,no,Exact alternative detector pair with point-row provenance; not added to original v783 graph or physiologically validated
694,P_alternate_automated_detector_same_specimen,720575940618381012,720575940628789064,LA_R,720575940628789064,4,13941988;14176884;18954743;36575396,GABA:4,no,no,Exact alternative detector pair with point-row provenance; not added to original v783 graph or physiologically validated
695,P_alternate_automated_detector_same_specimen,720575940618849537,720575940609659145,LA_L,720575940618849537,4,24512877;32031194;64937371;78493629,ACH:4,no,no,Exact alternative detector pair with point-row provenance; not added to original v783 graph or physiologically validated
696,P_alternate_automated_detector_same_specimen,720575940619423216,720575940605287358,GNG,720575940619423216,4,23059732;32143076;51887333;70303024,ACH:4,no,no,Exact alternative detector pair with point-row provenance; not added to original v783 graph or physiologically validated
697,P_alternate_automated_detector_same_specimen,720575940619423216,720575940641811419,GNG,720575940619423216,4,22826072;31831384;34336597;57605695,ACH:4,no,no,Exact alternative detector pair with point-row provenance; not added to original v783 graph or physiologically validated
698,P_alternate_automated_detector_same_specimen,720575940620232920,720575940627219300,LA_R,720575940620232920,4,38298517;44410321;62194097;75829682,ACH:4,no,no,Exact alternative detector pair with point-row provenance; not added to original v783 graph or physiologically validated
699,P_alternate_automated_detector_same_specimen,720575940620320193,720575940660235649,SAD,720575940620320193,4,16556117;19219535;43500834;73354206,ACH:4,no,no,Exact alternative detector pair with point-row provenance; not added to original v783 graph or physiologically validated
700,P_alternate_automated_detector_same_specimen,720575940620722000,720575940613213682,LA_R,720575940620722000,4,10261041;16682919;37749713;56161586,ACH:4,no,no,Exact alternative detector pair with point-row provenance; not added to original v783 graph or physiologically validated
701,P_alternate_automated_detector_same_specimen,720575940620785869,720575940625996677,GNG,720575940620785869,4,6689955;30344408;57682992;59878319,ACH:4,no,no,Exact alternative detector pair with point-row provenance; not added to original v783 graph or physiologically validated
702,P_alternate_automated_detector_same_specimen,720575940621193051,720575940632565059,LA_R,720575940621193051,4,21537992;24120242;44645732;63290296,ACH:4,no,no,Exact alternative detector pair with point-row provenance; not added to original v783 graph or physiologically validated
703,P_alternate_automated_detector_same_specimen,720575940621338246,720575940631404997,ME_L,720575940621338246,4,7602446;46927051;76777923;79282954,ACH:4,no,no,Exact alternative detector pair with point-row provenance; not added to original v783 graph or physiologically validated
704,P_alternate_automated_detector_same_specimen,720575940621338246,720575940632760680,ME_L,720575940621338246,4,16377242;36035225;60242424;63376417,ACH:4,no,no,Exact alternative detector pair with point-row provenance; not added to original v783 graph or physiologically validated
705,P_alternate_automated_detector_same_specimen,720575940621349285,720575940640215504,LA_R,720575940621349285,4,11749635;13472319;35163901;55534766,ACH:4,no,no,Exact alternative detector pair with point-row provenance; not added to original v783 graph or physiologically validated
706,P_alternate_automated_detector_same_specimen,720575940621463699,720575940653617910,UNASGD,720575940621463699,4,35044536;49853989;60428286;78529635,ACH:4,no,no,Exact alternative detector pair with point-row provenance; not added to original v783 graph or physiologically validated
707,P_alternate_automated_detector_same_specimen,720575940621481450,720575940616647483,IPS_L,720575940621481450,4,4803110;38482855;41069188;56267337,ACH:4,no,no,Exact alternative detector pair with point-row provenance; not added to original v783 graph or physiologically validated
708,P_alternate_automated_detector_same_specimen,720575940621481450,720575940641811419,GNG,720575940621481450,4,24858983;31046966;59562552;79778263,ACH:4,no,no,Exact alternative detector pair with point-row provenance; not added to original v783 graph or physiologically validated
709,P_alternate_automated_detector_same_specimen,720575940621481450,720575940642071712,IPS_L,720575940621481450,4,1674055;3709610;11229426;55562257,ACH:4,yes,no,Exact alternative detector pair with point-row provenance; not added to original v783 graph or physiologically validated
710,P_alternate_automated_detector_same_specimen,720575940621489243,720575940630879991,LA_R,720575940621489243,4,20364857;39397106;46527144;50442247,ACH:4,no,no,Exact alternative detector pair with point-row provenance; not added to original v783 graph or physiologically validated
711,P_alternate_automated_detector_same_specimen,720575940621526510,720575940621484481,LA_L,720575940621526510,4,11437579;35949306;46841525;57883410,ACH:4,no,no,Exact alternative detector pair with point-row provenance; not added to original v783 graph or physiologically validated
712,P_alternate_automated_detector_same_specimen,720575940621568490,720575940635776760,GNG,720575940621568490,4,9984227;29877265;60271840;63798333,ACH:4,no,no,Exact alternative detector pair with point-row provenance; not added to original v783 graph or physiologically validated
713,P_alternate_automated_detector_same_specimen,720575940622404991,720575940639054707,LA_R,720575940622404991,4,7752467;9789748;22946336;73402487,ACH:4,no,no,Exact alternative detector pair with point-row provenance; not added to original v783 graph or physiologically validated
714,P_alternate_automated_detector_same_specimen,720575940622545023,720575940615268915,LA_R,720575940622545023,4,4306398;18562590;19503155;27019135,ACH:4,no,no,Exact alternative detector pair with point-row provenance; not added to original v783 graph or physiologically validated
715,P_alternate_automated_detector_same_specimen,720575940622811903,720575940660235649,SAD,720575940622811903,4,8486912;28067518;31432942;31902708,ACH:4,no,no,Exact alternative detector pair with point-row provenance; not added to original v783 graph or physiologically validated
716,P_alternate_automated_detector_same_specimen,720575940622814302,720575940623970147,LA_R,720575940622814302,4,37202094;49189391;53889220;79667357,ACH:4,no,no,Exact alternative detector pair with point-row provenance; not added to original v783 graph or physiologically validated
717,P_alternate_automated_detector_same_specimen,720575940623151565,720575940611057506,GNG,720575940623151565,4,1928881;6311119;39913620;40619028,ACH:4,no,no,Exact alternative detector pair with point-row provenance; not added to original v783 graph or physiologically validated
718,P_alternate_automated_detector_same_specimen,720575940623335715,720575940624048275,LA_L,720575940623335715;720575940624048275,4,30857394;33830986;35163957;44567498,ACH:4,no,no,Exact alternative detector pair with point-row provenance; not added to original v783 graph or physiologically validated
719,P_alternate_automated_detector_same_specimen,720575940623948841,720575940618743709,LA_R,720575940618743709,4,18719988;28272263;60783459;79196675,ACH:4,no,no,Exact alternative detector pair with point-row provenance; not added to original v783 graph or physiologically validated
720,P_alternate_automated_detector_same_specimen,720575940624139305,720575940616412127,LA_R,720575940624139305,4,3369823;28272256;34615347;78648826,ACH:4,no,no,Exact alternative detector pair with point-row provenance; not added to original v783 graph or physiologically validated
721,P_alternate_automated_detector_same_specimen,720575940624139305,720575940622190452,LA_R,720575940624139305,4,2193984;64074800;64388206;79589082,ACH:4,no,no,Exact alternative detector pair with point-row provenance; not added to original v783 graph or physiologically validated
722,P_alternate_automated_detector_same_specimen,720575940624139305,720575940630776108,LA_R,720575940624139305,4,18170808;29917931;35477462;77239297,ACH:4,no,no,Exact alternative detector pair with point-row provenance; not added to original v783 graph or physiologically validated
723,P_alternate_automated_detector_same_specimen,720575940624485258,720575940628102013,LA_R,720575940628102013,4,13394024;19581868;27803063;28900158,ACH:4,no,no,Exact alternative detector pair with point-row provenance; not added to original v783 graph or physiologically validated
724,P_alternate_automated_detector_same_specimen,720575940624811784,720575940623495693,LA_L,720575940623495693,4,5637265;27959801;56396717;58510719,ACH:4,no,no,Exact alternative detector pair with point-row provenance; not added to original v783 graph or physiologically validated
725,P_alternate_automated_detector_same_specimen,720575940624870217,720575940612797146,LA_R,720575940624870217,4,52010003;53654171;62664589;70738346,ACH:4,no,no,Exact alternative detector pair with point-row provenance; not added to original v783 graph or physiologically validated
726,P_alternate_automated_detector_same_specimen,720575940624870217,720575940613315993,LA_R,720575940624870217,4,2586684;3838469;40179095;64858283,ACH:4,no,no,Exact alternative detector pair with point-row provenance; not added to original v783 graph or physiologically validated
727,P_alternate_automated_detector_same_specimen,720575940625416167,720575940632905263,LA_R,720575940625416167,4,13002280;45428965;46684355;58432481,ACH:4,no,no,Exact alternative detector pair with point-row provenance; not added to original v783 graph or physiologically validated
728,P_alternate_automated_detector_same_specimen,720575940625511572,720575940638926938,LA_R,720575940625511572,4,13237090;16761382;37358852;68384870,ACH:4,no,no,Exact alternative detector pair with point-row provenance; not added to original v783 graph or physiologically validated
729,P_alternate_automated_detector_same_specimen,720575940625721118,720575940609268316,SPS_L,720575940625721118,4,4570325;38406328;45459909;73120269,ACH:4,no,no,Exact alternative detector pair with point-row provenance; not added to original v783 graph or physiologically validated
730,P_alternate_automated_detector_same_specimen,720575940625721118,720575940625796839,IPS_L,720575940625721118,4,18597537;31986645;51025027;68812230,ACH:4,no,no,Exact alternative detector pair with point-row provenance; not added to original v783 graph or physiologically validated
731,P_alternate_automated_detector_same_specimen,720575940626585744,720575940628054397,LA_R,720575940626585744;720575940628054397,4,4306616;11593379;30622685;74500628,ACH:4,no,no,Exact alternative detector pair with point-row provenance; not added to original v783 graph or physiologically validated
732,P_alternate_automated_detector_same_specimen,720575940626702159,720575940632898105,GNG,720575940626702159,4,4343340;14292574;17347594;42881614,ACH:4,no,no,Exact alternative detector pair with point-row provenance; not added to original v783 graph or physiologically validated
733,P_alternate_automated_detector_same_specimen,720575940626747578,720575940616710412,LA_L,720575940616710412,4,34772713;62900172;67128993;75126568,ACH:4,no,no,Exact alternative detector pair with point-row provenance; not added to original v783 graph or physiologically validated
734,P_alternate_automated_detector_same_specimen,720575940627149415,720575940615385798,GNG,720575940627149415,4,24002039;45545118;68737117;72656514,ACH:4,no,no,Exact alternative detector pair with point-row provenance; not added to original v783 graph or physiologically validated
735,P_alternate_automated_detector_same_specimen,720575940627149415,720575940622786317,GNG,720575940627149415,4,20402704;41627309;58940203;73049091,ACH:4,no,no,Exact alternative detector pair with point-row provenance; not added to original v783 graph or physiologically validated
736,P_alternate_automated_detector_same_specimen,720575940628789064,720575940640410702,LA_R,720575940628789064,4,18249085;50912013;55065169;65171717,ACH:4,no,no,Exact alternative detector pair with point-row provenance; not added to original v783 graph or physiologically validated
737,P_alternate_automated_detector_same_specimen,720575940628975690,720575940628442389,LA_R,720575940628442389,4,7360946;19425057;19816839;26078622,ACH:4,no,no,Exact alternative detector pair with point-row provenance; not added to original v783 graph or physiologically validated
738,P_alternate_automated_detector_same_specimen,720575940629285873,720575940647199779,LA_R,720575940629285873,4,24746493;46055625;61018183;67363677,ACH:4,no,no,Exact alternative detector pair with point-row provenance; not added to original v783 graph or physiologically validated
739,P_alternate_automated_detector_same_specimen,720575940629636713,720575940623734541,LA_L,720575940629636713,4,6890580;12455656;40886528;63684229,ACH:4,yes,no,Exact alternative detector pair with point-row provenance; not added to original v783 graph or physiologically validated
740,P_alternate_automated_detector_same_specimen,720575940629714793,720575940615223714,LA_R,720575940629714793,4,3603504;22790056;29682371;64153023,ACH:4,no,no,Exact alternative detector pair with point-row provenance; not added to original v783 graph or physiologically validated
741,P_alternate_automated_detector_same_specimen,720575940629808911,720575940620628957,IPS_R,720575940629808911,4,6930098;9516565;13276913;49620898,ACH:4,no,no,Exact alternative detector pair with point-row provenance; not added to original v783 graph or physiologically validated
742,P_alternate_automated_detector_same_specimen,720575940629808911,720575940626841354,IPS_R,720575940629808911,4,1138130;16567141;27216928;47507003,ACH:4,yes,no,Exact alternative detector pair with point-row provenance; not added to original v783 graph or physiologically validated
743,P_alternate_automated_detector_same_specimen,720575940629808911,720575940627436035,SPS_R,720575940629808911,4,2156559;15078809;18056424;57773308,ACH:4,no,no,Exact alternative detector pair with point-row provenance; not added to original v783 graph or physiologically validated
744,P_alternate_automated_detector_same_specimen,720575940629808911,720575940633416275,SPS_R,720575940629808911,4,9439851;15470223;34184396;71876195,ACH:4,yes,no,Exact alternative detector pair with point-row provenance; not added to original v783 graph or physiologically validated
745,P_alternate_automated_detector_same_specimen,720575940629854507,720575940617251670,LA_R,720575940629854507,4,18327589;19581901;39553628;63761145,ACH:4,no,no,Exact alternative detector pair with point-row provenance; not added to original v783 graph or physiologically validated
746,P_alternate_automated_detector_same_specimen,720575940630098075,720575940609627403,ME_L,720575940630098075,4,2124837;36976542;42697218;43323786,ACH:4,no,no,Exact alternative detector pair with point-row provenance; not added to original v783 graph or physiologically validated
747,P_alternate_automated_detector_same_specimen,720575940630098075,720575940614524979,ME_L,720575940630098075,4,18101550;40737613;53427926;59773906,ACH:4,no,no,Exact alternative detector pair with point-row provenance; not added to original v783 graph or physiologically validated
748,P_alternate_automated_detector_same_specimen,720575940630098075,720575940627690517,ME_L,720575940630098075,4,15282297;21155868;56796501;57657154,ACH:4,no,no,Exact alternative detector pair with point-row provenance; not added to original v783 graph or physiologically validated
749,P_alternate_automated_detector_same_specimen,720575940630098075,720575940628729256,ME_L,720575940630098075,4,14105197;34702284;53898195;73643426,ACH:4,yes,no,Exact alternative detector pair with point-row provenance; not added to original v783 graph or physiologically validated
750,P_alternate_automated_detector_same_specimen,720575940631048812,720575940631522811,LA_R,720575940631048812,4,23416468;24199094;62194282;64309193,ACH:4,no,no,Exact alternative detector pair with point-row provenance; not added to original v783 graph or physiologically validated
751,P_alternate_automated_detector_same_specimen,720575940632163923,720575940619193264,GNG,720575940619193264,4,2231037;4265446;15153855;70382715,ACH:4,no,no,Exact alternative detector pair with point-row provenance; not added to original v783 graph or physiologically validated
752,P_alternate_automated_detector_same_specimen,720575940632382994,720575940635339694,LA_R,720575940632382994,4,626914;30074079;60312868;73167659,ACH:4,no,no,Exact alternative detector pair with point-row provenance; not added to original v783 graph or physiologically validated
753,P_alternate_automated_detector_same_specimen,720575940632382994,720575940639179236,LA_R,720575940632382994,4,78135;6028511;54202399;63211719,ACH:4,no,no,Exact alternative detector pair with point-row provenance; not added to original v783 graph or physiologically validated
754,P_alternate_automated_detector_same_specimen,720575940632674444,720575940627146268,LA_L,720575940632674444,4,3135720;8380391;21460160;43080011,ACH:4,no,no,Exact alternative detector pair with point-row provenance; not added to original v783 graph or physiologically validated
755,P_alternate_automated_detector_same_specimen,720575940633256017,720575940612326606,LA_L,720575940612326606,4,2666283;25923889;34538751;38928124,ACH:4,no,no,Exact alternative detector pair with point-row provenance; not added to original v783 graph or physiologically validated
756,P_alternate_automated_detector_same_specimen,720575940633773523,720575940628424335,LA_R,720575940633773523,4,3993647;45507185;64465881;70502434,ACH:4,no,no,Exact alternative detector pair with point-row provenance; not added to original v783 graph or physiologically validated
757,P_alternate_automated_detector_same_specimen,720575940635609975,720575940624834697,AL_R,720575940635609975,4,20331565;53620604;68272764;73918287,ACH:4,no,no,Exact alternative detector pair with point-row provenance; not added to original v783 graph or physiologically validated
758,P_alternate_automated_detector_same_specimen,720575940636615160,720575940632189970,LA_R,720575940632189970,4,22555967;26000515;51382234;73167707,GABA:4,no,no,Exact alternative detector pair with point-row provenance; not added to original v783 graph or physiologically validated
759,P_alternate_automated_detector_same_specimen,720575940637390181,720575940638164190,ME_L,720575940637390181,4,20373973;36584445;36741109;61263360,ACH:4,no,no,Exact alternative detector pair with point-row provenance; not added to original v783 graph or physiologically validated
760,P_alternate_automated_detector_same_specimen,720575940637603952,720575940626770532,LA_L,720575940626770532,4,16604894;38534200;58353997;64545846,ACH:4,no,no,Exact alternative detector pair with point-row provenance; not added to original v783 graph or physiologically validated
761,P_alternate_automated_detector_same_specimen,720575940641395163,720575940616042508,AMMC_L,720575940616042508,4,8407425;36758980;47102770;75935827,ACH:4,no,no,Exact alternative detector pair with point-row provenance; not added to original v783 graph or physiologically validated
762,P_alternate_automated_detector_same_specimen,720575940645991278,720575940629714793,LA_R,720575940629714793;720575940645991278,4,8928413;49737784;68463613;70659475,ACH:4,no,no,Exact alternative detector pair with point-row provenance; not added to original v783 graph or physiologically validated
763,P_alternate_automated_detector_same_specimen,720575940645991278,720575940629834395,LA_R,720575940645991278,4,28429342;51303501;70033372;71678691,ACH:4,no,no,Exact alternative detector pair with point-row provenance; not added to original v783 graph or physiologically validated
764,P_alternate_automated_detector_same_specimen,720575940646392942,720575940639274659,LA_L,720575940646392942,4,5715145;25766185;34537708;70973545,ACH:4,no,no,Exact alternative detector pair with point-row provenance; not added to original v783 graph or physiologically validated
765,P_alternate_automated_detector_same_specimen,720575940647199779,720575940629285873,LA_R,720575940629285873,4,42374322;51382287;61645413;72384211,ACH:4,no,no,Exact alternative detector pair with point-row provenance; not added to original v783 graph or physiologically validated
766,P_alternate_automated_detector_same_specimen,720575940647428643,720575940618663069,LA_R,720575940618663069,4,5558706;24903235;26470071;64936376,ACH:4,no,no,Exact alternative detector pair with point-row provenance; not added to original v783 graph or physiologically validated
767,P_alternate_automated_detector_same_specimen,720575940605213100,720575940616042508,AMMC_L,720575940616042508,3,14673793;25087666;79930132,ACH:3,no,no,Exact alternative detector pair with point-row provenance; not added to original v783 graph or physiologically validated
768,P_alternate_automated_detector_same_specimen,720575940606245822,720575940633366701,LA_L,720575940606245822,3,43471582;69877100;79118735,ACH:3,no,no,Exact alternative detector pair with point-row provenance; not added to original v783 graph or physiologically validated
769,P_alternate_automated_detector_same_specimen,720575940606295486,720575940624139305,LA_R,720575940624139305,3,41825417;60313090;75516811,ACH:3,no,no,Exact alternative detector pair with point-row provenance; not added to original v783 graph or physiologically validated
770,P_alternate_automated_detector_same_specimen,720575940607773314,720575940636346036,LA_R,720575940607773314,3,5401298;8300957;73637608,ACH:3,no,no,Exact alternative detector pair with point-row provenance; not added to original v783 graph or physiologically validated
771,P_alternate_automated_detector_same_specimen,720575940607773314,720575940644654280,LA_R,720575940607773314,3,7908543;35870067;39082977,ACH:3,no,no,Exact alternative detector pair with point-row provenance; not added to original v783 graph or physiologically validated
772,P_alternate_automated_detector_same_specimen,720575940607860169,720575940611607854,LA_R,720575940607860169,3,8065800;57726456;68070484,ACH:3,no,no,Exact alternative detector pair with point-row provenance; not added to original v783 graph or physiologically validated
773,P_alternate_automated_detector_same_specimen,720575940609016668,720575940619538486,LA_R,720575940609016668,3,9711182;74343485;80137253,ACH:3,no,no,Exact alternative detector pair with point-row provenance; not added to original v783 graph or physiologically validated
774,P_alternate_automated_detector_same_specimen,720575940609622281,720575940630267803,ME_L,720575940609622281,3,3615517;10350101;54919474,ACH:3,no,no,Exact alternative detector pair with point-row provenance; not added to original v783 graph or physiologically validated
775,P_alternate_automated_detector_same_specimen,720575940609703179,720575940635195804,LA_R,720575940609703179,3,62189772;69165646;78019645,ACH:3,no,no,Exact alternative detector pair with point-row provenance; not added to original v783 graph or physiologically validated
776,P_alternate_automated_detector_same_specimen,720575940609778289,720575940611025874,GNG,720575940609778289,3,10539460;21424339;39595904,ACH:3,no,no,Exact alternative detector pair with point-row provenance; not added to original v783 graph or physiologically validated
777,P_alternate_automated_detector_same_specimen,720575940609778289,720575940621900981,GNG,720575940609778289,3,48525127;52835277;71014834,ACH:3,no,no,Exact alternative detector pair with point-row provenance; not added to original v783 graph or physiologically validated
778,P_alternate_automated_detector_same_specimen,720575940609778289,720575940629062162,GNG,720575940609778289,3,7872227;64508503;78455549,ACH:3,no,no,Exact alternative detector pair with point-row provenance; not added to original v783 graph or physiologically validated
779,P_alternate_automated_detector_same_specimen,720575940609778289,720575940631715896,GNG,720575940609778289,3,29020902;46648599;68741973,ACH:3,no,no,Exact alternative detector pair with point-row provenance; not added to original v783 graph or physiologically validated
780,P_alternate_automated_detector_same_specimen,720575940610183154,720575940635776760,GNG,720575940610183154,3,7864839;29090138;60036871,ACH:3,no,no,Exact alternative detector pair with point-row provenance; not added to original v783 graph or physiologically validated
781,P_alternate_automated_detector_same_specimen,720575940610821188,720575940627823741,LA_R,720575940610821188,3,39944074;45272163;64387966,ACH:3,no,no,Exact alternative detector pair with point-row provenance; not added to original v783 graph or physiologically validated
782,P_alternate_automated_detector_same_specimen,720575940610821188,720575940628429841,LA_R,720575940610821188,3,30778649;44175942;64701699,ACH:3,no,no,Exact alternative detector pair with point-row provenance; not added to original v783 graph or physiologically validated
783,P_alternate_automated_detector_same_specimen,720575940611348178,720575940631286636,LA_R,720575940631286636,3,2508024;35555799;54280640,ACH:3,no,no,Exact alternative detector pair with point-row provenance; not added to original v783 graph or physiologically validated
784,P_alternate_automated_detector_same_specimen,720575940611532664,720575940622521323,LA_R,720575940611532664,3,11593168;21850606;67834413,ACH:3,no,no,Exact alternative detector pair with point-row provenance; not added to original v783 graph or physiologically validated
785,P_alternate_automated_detector_same_specimen,720575940611727058,720575940620722000,LA_R,720575940620722000,3,7752315;21616092;29917737,ACH:3,no,no,Exact alternative detector pair with point-row provenance; not added to original v783 graph or physiologically validated
786,P_alternate_automated_detector_same_specimen,720575940611801976,720575940618422929,LA_L,720575940611801976;720575940618422929,3,15430430;31873908;70503775,ACH:3,no,no,Exact alternative detector pair with point-row provenance; not added to original v783 graph or physiologically validated
787,P_alternate_automated_detector_same_specimen,720575940611810001,720575940634813536,GNG,720575940611810001,3,35361280;46410418;61920817,ACH:3,no,no,Exact alternative detector pair with point-row provenance; not added to original v783 graph or physiologically validated
788,P_alternate_automated_detector_same_specimen,720575940612152418,720575940629636713,UNASGD,720575940629636713,3,52793083;65250199;69327364,ACH:3,yes,no,Exact alternative detector pair with point-row provenance; not added to original v783 graph or physiologically validated
789,P_alternate_automated_detector_same_specimen,720575940612195170,720575940648702084,LA_R,720575940648702084,3,27880034;74810068;76221165,ACH:3,yes,no,Exact alternative detector pair with point-row provenance; not added to original v783 graph or physiologically validated
790,P_alternate_automated_detector_same_specimen,720575940612294311,720575940636805958,GNG,720575940612294311,3,7399820;14998220;24942354,ACH:3,no,no,Exact alternative detector pair with point-row provenance; not added to original v783 graph or physiologically validated
791,P_alternate_automated_detector_same_specimen,720575940612943066,720575940611971170,LA_R,720575940612943066,3,45428710;58667121;67912814,ACH:3,no,no,Exact alternative detector pair with point-row provenance; not added to original v783 graph or physiologically validated
792,P_alternate_automated_detector_same_specimen,720575940612947635,720575940622521323,LA_R,720575940612947635,3,35084959;39553320;58666750,ACH:3,no,no,Exact alternative detector pair with point-row provenance; not added to original v783 graph or physiologically validated
793,P_alternate_automated_detector_same_specimen,720575940612970262,720575940633188492,LA_R,720575940633188492,3,39865968;46526686;67756041,ACH:3,no,no,Exact alternative detector pair with point-row provenance; not added to original v783 graph or physiologically validated
794,P_alternate_automated_detector_same_specimen,720575940613146866,720575940640017597,LA_R,720575940640017597,3,861746;5323513;36183543,ACH:3,no,no,Exact alternative detector pair with point-row provenance; not added to original v783 graph or physiologically validated
795,P_alternate_automated_detector_same_specimen,720575940613196261,720575940607641801,LA_R,720575940613196261,3,21459808;43862557;68620565,ACH:3,no,no,Exact alternative detector pair with point-row provenance; not added to original v783 graph or physiologically validated
796,P_alternate_automated_detector_same_specimen,720575940613474474,720575940637651086,LA_R,720575940613474474,3,8692342;28507457;42922571,ACH:3,no,no,Exact alternative detector pair with point-row provenance; not added to original v783 graph or physiologically validated
797,P_alternate_automated_detector_same_specimen,720575940613684274,720575940636479863,GNG,720575940613684274,3,6377885;15152790;77667204,ACH:3,no,no,Exact alternative detector pair with point-row provenance; not added to original v783 graph or physiologically validated
798,P_alternate_automated_detector_same_specimen,720575940613684274,720575940639021757,GNG,720575940613684274,3,33709638;68970881;71950046,ACH:3,no,no,Exact alternative detector pair with point-row provenance; not added to original v783 graph or physiologically validated
799,P_alternate_automated_detector_same_specimen,720575940614792623,720575940655781025,LA_R,720575940614792623,3,4306345;7987082;39709839,ACH:3,no,no,Exact alternative detector pair with point-row provenance; not added to original v783 graph or physiologically validated
800,P_alternate_automated_detector_same_specimen,720575940614839215,720575940633583443,LA_R,720575940614839215,3,28586133;38848377;53340103,ACH:3,no,no,Exact alternative detector pair with point-row provenance; not added to original v783 graph or physiologically validated
801,P_alternate_automated_detector_same_specimen,720575940615121501,720575940623457535,GNG,720575940615121501,3,34342019;43824794;58079938,ACH:3,no,no,Exact alternative detector pair with point-row provenance; not added to original v783 graph or physiologically validated
802,P_alternate_automated_detector_same_specimen,720575940615167742,720575940630333566,LA_R,720575940615167742;720575940630333566,3,9398462;14490420;72775628,ACH:3,no,no,Exact alternative detector pair with point-row provenance; not added to original v783 graph or physiologically validated
803,P_alternate_automated_detector_same_specimen,720575940615223714,720575940629714793,LA_R,720575940629714793,3,31716994;31952060;45115438,ACH:3,no,no,Exact alternative detector pair with point-row provenance; not added to original v783 graph or physiologically validated
804,P_alternate_automated_detector_same_specimen,720575940615541810,720575940616042508,AMMC_L,720575940616042508,3,32291211;32605074;57440871,GABA:3,no,no,Exact alternative detector pair with point-row provenance; not added to original v783 graph or physiologically validated
805,P_alternate_automated_detector_same_specimen,720575940615951839,720575940631113180,LA_R,720575940615951839,3,14568692;37906588;59999448,ACH:3,no,no,Exact alternative detector pair with point-row provenance; not added to original v783 graph or physiologically validated
806,P_alternate_automated_detector_same_specimen,720575940616042508,720575940611588835,AMMC_L,720575940616042508,3,3395976;58693455;63788301,ACH:3,no,no,Exact alternative detector pair with point-row provenance; not added to original v783 graph or physiologically validated
807,P_alternate_automated_detector_same_specimen,720575940616042508,720575940624704393,SAD,720575940616042508,3,2771445;3085468;39425368,ACH:3,no,no,Exact alternative detector pair with point-row provenance; not added to original v783 graph or physiologically validated
808,P_alternate_automated_detector_same_specimen,720575940616042508,720575940625483962,AMMC_L,720575940616042508,3,3006395;30962055;57127694,ACH:3,no,no,Exact alternative detector pair with point-row provenance; not added to original v783 graph or physiologically validated
809,P_alternate_automated_detector_same_specimen,720575940616042508,720575940629866283,AMMC_L,720575940616042508,3,61672954;69275038;76640896,ACH:3,yes,no,Exact alternative detector pair with point-row provenance; not added to original v783 graph or physiologically validated
810,P_alternate_automated_detector_same_specimen,720575940616042508,720575940629866283,SAD,720575940616042508,3,15066437;16476289;62614510,ACH:3,yes,no,Exact alternative detector pair with point-row provenance; not added to original v783 graph or physiologically validated
811,P_alternate_automated_detector_same_specimen,720575940616412127,720575940624139305,LA_R,720575940624139305,3,2899888;28272368;29369763,ACH:3,no,no,Exact alternative detector pair with point-row provenance; not added to original v783 graph or physiologically validated
812,P_alternate_automated_detector_same_specimen,720575940616984374,720575940622303216,LA_R,720575940622303216,3,10025326;35477456;66032654,ACH:3,no,no,Exact alternative detector pair with point-row provenance; not added to original v783 graph or physiologically validated
813,P_alternate_automated_detector_same_specimen,720575940616984374,720575940647229219,LA_R,720575940647229219,3,26862651;66189171;76691482,ACH:3,no,no,Exact alternative detector pair with point-row provenance; not added to original v783 graph or physiologically validated
814,P_alternate_automated_detector_same_specimen,720575940617251670,720575940629854507,LA_R,720575940629854507,3,26549027;48876308;79196908,ACH:3,no,no,Exact alternative detector pair with point-row provenance; not added to original v783 graph or physiologically validated
815,P_alternate_automated_detector_same_specimen,720575940617414005,720575940625511572,LA_R,720575940625511572,3,7282676;19738475;69718806,ACH:3,no,no,Exact alternative detector pair with point-row provenance; not added to original v783 graph or physiologically validated
816,P_alternate_automated_detector_same_specimen,720575940617499765,720575940623308108,ME_L,720575940617499765,3,19114282;31328301;61100070,ACH:3,yes,no,Exact alternative detector pair with point-row provenance; not added to original v783 graph or physiologically validated
817,P_alternate_automated_detector_same_specimen,720575940617816661,720575940629369642,GNG,720575940617816661,3,10140057;16720269;24628038,ACH:3,no,no,Exact alternative detector pair with point-row provenance; not added to original v783 graph or physiologically validated
818,P_alternate_automated_detector_same_specimen,720575940617816661,720575940639172585,GNG,720575940617816661,3,585885;19462409;70071423,ACH:3,no,no,Exact alternative detector pair with point-row provenance; not added to original v783 graph or physiologically validated
819,P_alternate_automated_detector_same_specimen,720575940617920827,720575940628964938,LA_R,720575940617920827,3,43001445;51225673;63917688,ACH:3,no,no,Exact alternative detector pair with point-row provenance; not added to original v783 graph or physiologically validated
820,P_alternate_automated_detector_same_specimen,720575940618109460,720575940611765201,GNG,720575940618109460,3,27451742;39202148;78220247,ACH:3,no,no,Exact alternative detector pair with point-row provenance; not added to original v783 graph or physiologically validated
821,P_alternate_automated_detector_same_specimen,720575940618278868,720575940632189970,LA_R,720575940632189970,3,39709895;61723872;62977744,ACH:3,no,no,Exact alternative detector pair with point-row provenance; not added to original v783 graph or physiologically validated
822,P_alternate_automated_detector_same_specimen,720575940618381012,720575940618743709,LA_R,720575940618743709,3,27332520;28429347;48641165,GABA:3,no,no,Exact alternative detector pair with point-row provenance; not added to original v783 graph or physiologically validated
823,P_alternate_automated_detector_same_specimen,720575940618663069,720575940613201834,LA_R,720575940618663069,3,12062430;16212379;25922325,ACH:3,no,no,Exact alternative detector pair with point-row provenance; not added to original v783 graph or physiologically validated
824,P_alternate_automated_detector_same_specimen,720575940618712221,720575940615131699,LA_R,720575940618712221,3,12766336;23181306;63917245,ACH:3,no,no,Exact alternative detector pair with point-row provenance; not added to original v783 graph or physiologically validated
825,P_alternate_automated_detector_same_specimen,720575940618712221,720575940627219300,LA_R,720575940618712221,3,19894607;24355693;40727901,ACH:3,no,no,Exact alternative detector pair with point-row provenance; not added to original v783 graph or physiologically validated
826,P_alternate_automated_detector_same_specimen,720575940618743709,720575940632958946,LA_R,720575940618743709,3,5558695;50285741;70503463,ACH:3,no,no,Exact alternative detector pair with point-row provenance; not added to original v783 graph or physiologically validated
827,P_alternate_automated_detector_same_specimen,720575940619193264,720575940612012207,GNG,720575940619193264,3,8886989;16093109;71089032,ACH:3,no,no,Exact alternative detector pair with point-row provenance; not added to original v783 graph or physiologically validated
828,P_alternate_automated_detector_same_specimen,720575940619193264,720575940632898105,GNG,720575940619193264,3,4734666;24862502;72185980,ACH:3,no,no,Exact alternative detector pair with point-row provenance; not added to original v783 graph or physiologically validated
829,P_alternate_automated_detector_same_specimen,720575940619193264,720575940642369736,GNG,720575940619193264,3,4187299;39668749;59958706,ACH:3,no,no,Exact alternative detector pair with point-row provenance; not added to original v783 graph or physiologically validated
830,P_alternate_automated_detector_same_specimen,720575940619381108,720575940624007694,GNG,720575940619381108,3,26504385;65205193;78604639,ACH:3,no,no,Exact alternative detector pair with point-row provenance; not added to original v783 graph or physiologically validated
831,P_alternate_automated_detector_same_specimen,720575940619381108,720575940626710727,GNG,720575940619381108,3,9201579;13194951;18678826,ACH:3,no,no,Exact alternative detector pair with point-row provenance; not added to original v783 graph or physiologically validated
832,P_alternate_automated_detector_same_specimen,720575940619381108,720575940630788882,GNG,720575940619381108,3,34966042;53999630;80014660,ACH:3,no,no,Exact alternative detector pair with point-row provenance; not added to original v783 graph or physiologically validated
833,P_alternate_automated_detector_same_specimen,720575940619504507,720575940638616922,LA_R,720575940638616922,3,64309463;66502000;71444242,ACH:3,no,no,Exact alternative detector pair with point-row provenance; not added to original v783 graph or physiologically validated
834,P_alternate_automated_detector_same_specimen,720575940620119974,720575940638872553,LA_L,720575940638872553,3,16761784;46213876;64388650,ACH:3,no,no,Exact alternative detector pair with point-row provenance; not added to original v783 graph or physiologically validated
835,P_alternate_automated_detector_same_specimen,720575940620236593,720575940621149793,LA_L,720575940620236593,3,2586829;59999655;60626855,ACH:3,no,no,Exact alternative detector pair with point-row provenance; not added to original v783 graph or physiologically validated
836,P_alternate_automated_detector_same_specimen,720575940620263384,720575940631750095,LA_R,720575940631750095,3,30934939;36418815;41198344,ACH:3,no,no,Exact alternative detector pair with point-row provenance; not added to original v783 graph or physiologically validated
837,P_alternate_automated_detector_same_specimen,720575940620320193,720575940621351412,SAD,720575940620320193,3,24775475;30653442;62301403,ACH:3,no,no,Exact alternative detector pair with point-row provenance; not added to original v783 graph or physiologically validated
838,P_alternate_automated_detector_same_specimen,720575940620320193,720575940627454730,SAD,720575940620320193,3,19141103;22428921;72881458,ACH:3,no,no,Exact alternative detector pair with point-row provenance; not added to original v783 graph or physiologically validated
839,P_alternate_automated_detector_same_specimen,720575940620491712,720575940620647760,LA_R,720575940620647760,3,2272461;31638851;43862874,ACH:3,no,no,Exact alternative detector pair with point-row provenance; not added to original v783 graph or physiologically validated
840,P_alternate_automated_detector_same_specimen,720575940620629553,720575940618557953,LA_R,720575940620629553,3,27332862;62586253;66267754,ACH:3,no,no,Exact alternative detector pair with point-row provenance; not added to original v783 graph or physiologically validated
841,P_alternate_automated_detector_same_specimen,720575940620647760,720575940639460467,LA_R,720575940620647760,3,23416465;30544322;75673759,ACH:3,no,no,Exact alternative detector pair with point-row provenance; not added to original v783 graph or physiologically validated
842,P_alternate_automated_detector_same_specimen,720575940620665680,720575940606072748,LA_L,720575940620665680,3,31093449;35872095;77397153,ACH:3,no,no,Exact alternative detector pair with point-row provenance; not added to original v783 graph or physiologically validated
843,P_alternate_automated_detector_same_specimen,720575940620665680,720575940630201794,LA_L,720575940620665680,3,28979741;36498376;61412157,ACH:3,no,no,Exact alternative detector pair with point-row provenance; not added to original v783 graph or physiologically validated
844,P_alternate_automated_detector_same_specimen,720575940620666315,720575940653304566,LA_R,720575940620666315,3,6811291;25451371;32186031,ACH:3,no,no,Exact alternative detector pair with point-row provenance; not added to original v783 graph or physiologically validated
845,P_alternate_automated_detector_same_specimen,720575940620992165,720575940624870217,LA_R,720575940624870217,3,12375672;55222387;73481093,ACH:3,no,no,Exact alternative detector pair with point-row provenance; not added to original v783 graph or physiologically validated
846,P_alternate_automated_detector_same_specimen,720575940621157887,720575940613814971,GNG,720575940621157887,3,898439;26742167;73047417,ACH:3,no,no,Exact alternative detector pair with point-row provenance; not added to original v783 graph or physiologically validated
847,P_alternate_automated_detector_same_specimen,720575940621157887,720575940634525303,GNG,720575940621157887,3,1290776;10533088;70382875,ACH:3,no,no,Exact alternative detector pair with point-row provenance; not added to original v783 graph or physiologically validated
848,P_alternate_automated_detector_same_specimen,720575940621157887,720575940647029556,GNG,720575940621157887,3,39119860;52593436;69520056,ACH:3,no,no,Exact alternative detector pair with point-row provenance; not added to original v783 graph or physiologically validated
849,P_alternate_automated_detector_same_specimen,720575940621338246,720575940615079786,ME_L,720575940621338246,3,22795496;25847792;51622008,ACH:3,no,no,Exact alternative detector pair with point-row provenance; not added to original v783 graph or physiologically validated
850,P_alternate_automated_detector_same_specimen,720575940621338246,720575940622536662,ME_L,720575940621338246,3,18488283;39636951;49901496,ACH:3,no,no,Exact alternative detector pair with point-row provenance; not added to original v783 graph or physiologically validated
851,P_alternate_automated_detector_same_specimen,720575940621338246,720575940627285860,ME_L,720575940621338246,3,30082305;45045184;59929679,ACH:3,no,no,Exact alternative detector pair with point-row provenance; not added to original v783 graph or physiologically validated
852,P_alternate_automated_detector_same_specimen,720575940621338246,720575940641742069,ME_L,720575940621338246,3,1026949;45829351;79832401,ACH:3,no,no,Exact alternative detector pair with point-row provenance; not added to original v783 graph or physiologically validated
853,P_alternate_automated_detector_same_specimen,720575940621418155,720575940631647173,LA_R,720575940631647173,3,25059214;51616623;57256989,ACH:3,no,no,Exact alternative detector pair with point-row provenance; not added to original v783 graph or physiologically validated
854,P_alternate_automated_detector_same_specimen,720575940621466048,720575940628758319,LA_L,720575940621466048;720575940628758319,3,30778886;54437995;74030189,ACH:3,no,no,Exact alternative detector pair with point-row provenance; not added to original v783 graph or physiologically validated
855,P_alternate_automated_detector_same_specimen,720575940621481450,720575940610501730,GNG,720575940621481450,3,40835215;48668989;49844223,ACH:3,no,no,Exact alternative detector pair with point-row provenance; not added to original v783 graph or physiologically validated
856,P_alternate_automated_detector_same_specimen,720575940621481450,720575940611008718,GNG,720575940621481450,3,11938485;41230538;54941571,ACH:3,no,no,Exact alternative detector pair with point-row provenance; not added to original v783 graph or physiologically validated
857,P_alternate_automated_detector_same_specimen,720575940621481450,720575940628515115,GNG,720575940621481450,3,10210994;33312488;39504200,ACH:3,no,no,Exact alternative detector pair with point-row provenance; not added to original v783 graph or physiologically validated
858,P_alternate_automated_detector_same_specimen,720575940621481450,720575940628653199,IPS_L,720575940621481450,3,21643707;41774441;43342343,ACH:3,no,no,Exact alternative detector pair with point-row provenance; not added to original v783 graph or physiologically validated
859,P_alternate_automated_detector_same_specimen,720575940621481450,720575940628911671,IPS_L,720575940621481450,3,34329160;59323144;76875378,ACH:3,yes,no,Exact alternative detector pair with point-row provenance; not added to original v783 graph or physiologically validated
860,P_alternate_automated_detector_same_specimen,720575940621481450,720575940635211768,GNG,720575940621481450,3,40912319;77893726;78050397,ACH:3,no,no,Exact alternative detector pair with point-row provenance; not added to original v783 graph or physiologically validated
861,P_alternate_automated_detector_same_specimen,720575940621544175,720575940610931576,ME_L,720575940621544175,3,27812333;54760105;56405605,ACH:3,no,no,Exact alternative detector pair with point-row provenance; not added to original v783 graph or physiologically validated
862,P_alternate_automated_detector_same_specimen,720575940621544175,720575940620880878,ME_L,720575940621544175,3,15047787;52175322;70826205,ACH:3,no,no,Exact alternative detector pair with point-row provenance; not added to original v783 graph or physiologically validated
863,P_alternate_automated_detector_same_specimen,720575940621544175,720575940629532315,ME_L,720575940621544175,3,8859387;18807679;77403718,ACH:3,no,no,Exact alternative detector pair with point-row provenance; not added to original v783 graph or physiologically validated
864,P_alternate_automated_detector_same_specimen,720575940621544175,720575940637390181,LA_L,720575940621544175;720575940637390181,3,24825909;39319827;58120607,ACH:3,yes,no,Exact alternative detector pair with point-row provenance; not added to original v783 graph or physiologically validated
865,P_alternate_automated_detector_same_specimen,720575940621544175,720575940640529616,LA_L,720575940621544175,3,5559718;9007695;60940913,ACH:3,no,no,Exact alternative detector pair with point-row provenance; not added to original v783 graph or physiologically validated
866,P_alternate_automated_detector_same_specimen,720575940621544175,720575940655210657,ME_L,720575940621544175,3,28124972;34624667;65806621,ACH:3,no,no,Exact alternative detector pair with point-row provenance; not added to original v783 graph or physiologically validated
867,P_alternate_automated_detector_same_specimen,720575940621949675,720575940616786433,GNG,720575940621949675,3,18992034;69835460;69913983,ACH:3,no,no,Exact alternative detector pair with point-row provenance; not added to original v783 graph or physiologically validated
868,P_alternate_automated_detector_same_specimen,720575940622056368,720575940627638558,LA_R,720575940622056368;720575940627638558,3,312679;33282336;39083610,ACH:3,no,no,Exact alternative detector pair with point-row provenance; not added to original v783 graph or physiologically validated
869,P_alternate_automated_detector_same_specimen,720575940622132656,720575940622271414,LA_L,720575940622132656,3,12767616;25374175;56083973,ACH:3,no,no,Exact alternative detector pair with point-row provenance; not added to original v783 graph or physiologically validated
870,P_alternate_automated_detector_same_specimen,720575940622225648,720575940623495693,LA_L,720575940623495693,3,19189807;32969264;56318391,ACH:3,no,no,Exact alternative detector pair with point-row provenance; not added to original v783 graph or physiologically validated
871,P_alternate_automated_detector_same_specimen,720575940622270273,720575940625666796,LA_R,720575940622270273,3,14566955;19737350;23102664,ACH:3,no,no,Exact alternative detector pair with point-row provenance; not added to original v783 graph or physiologically validated
872,P_alternate_automated_detector_same_specimen,720575940622303216,720575940621181830,LA_R,720575940622303216,3,1175684;11593092;70346632,ACH:3,no,no,Exact alternative detector pair with point-row provenance; not added to original v783 graph or physiologically validated
873,P_alternate_automated_detector_same_specimen,720575940622545023,720575940625109995,LA_R,720575940622545023,3,21537985;41041526;74265039,ACH:3,no,no,Exact alternative detector pair with point-row provenance; not added to original v783 graph or physiologically validated
874,P_alternate_automated_detector_same_specimen,720575940622718028,720575940628728040,LA_L,720575940628728040,3,6969994;14099967;45194760,ACH:3,no,no,Exact alternative detector pair with point-row provenance; not added to original v783 graph or physiologically validated
875,P_alternate_automated_detector_same_specimen,720575940622811903,720575940606667622,SAD,720575940622811903,3,31354539;66608797;73666644,ACH:3,no,no,Exact alternative detector pair with point-row provenance; not added to original v783 graph or physiologically validated
876,P_alternate_automated_detector_same_specimen,720575940622814302,720575940609413641,LA_R,720575940622814302,3,1646299;38298512;74735025,ACH:3,no,no,Exact alternative detector pair with point-row provenance; not added to original v783 graph or physiologically validated
877,P_alternate_automated_detector_same_specimen,720575940622814302,720575940631873743,LA_R,720575940622814302,3,9242105;11359353;61097352,ACH:3,no,no,Exact alternative detector pair with point-row provenance; not added to original v783 graph or physiologically validated
878,P_alternate_automated_detector_same_specimen,720575940622939998,720575940638936639,LA_R,720575940622939998,3,18954760;41825215;68149202,ACH:3,no,no,Exact alternative detector pair with point-row provenance; not added to original v783 graph or physiologically validated
879,P_alternate_automated_detector_same_specimen,720575940623253068,720575940627855768,LA_R,720575940627855768,3,17858575;45977446;55848075,ACH:3,no,no,Exact alternative detector pair with point-row provenance; not added to original v783 graph or physiologically validated
880,P_alternate_automated_detector_same_specimen,720575940623796041,720575940618663069,LA_R,720575940618663069,3,18798105;35713010;77552025,ACH:3,no,no,Exact alternative detector pair with point-row provenance; not added to original v783 graph or physiologically validated
881,P_alternate_automated_detector_same_specimen,720575940623991236,720575940622404991,LA_R,720575940622404991,3,1254488;24903715;44254085,ACH:3,no,no,Exact alternative detector pair with point-row provenance; not added to original v783 graph or physiologically validated
882,P_alternate_automated_detector_same_specimen,720575940624082532,720575940615121501,GNG,720575940615121501,3,354137;32540080;64507244,ACH:3,no,no,Exact alternative detector pair with point-row provenance; not added to original v783 graph or physiologically validated
883,P_alternate_automated_detector_same_specimen,720575940624179917,720575940633773523,LA_R,720575940633773523,3,15821420;56942191;70737818,ACH:3,no,no,Exact alternative detector pair with point-row provenance; not added to original v783 graph or physiologically validated
884,P_alternate_automated_detector_same_specimen,720575940624706567,720575940631845839,LA_R,720575940631845839,3,11671291;64779460;65327724,ACH:3,no,no,Exact alternative detector pair with point-row provenance; not added to original v783 graph or physiologically validated
885,P_alternate_automated_detector_same_specimen,720575940624763796,720575940620647760,LA_R,720575940620647760,3,2272367;32499907;43470659,ACH:3,no,no,Exact alternative detector pair with point-row provenance; not added to original v783 graph or physiologically validated
886,P_alternate_automated_detector_same_specimen,720575940624870217,720575940612332750,LA_R,720575940624870217,3,59295540;60390987;69955239,ACH:3,no,no,Exact alternative detector pair with point-row provenance; not added to original v783 graph or physiologically validated
887,P_alternate_automated_detector_same_specimen,720575940624956139,720575940628090184,LA_R,720575940624956139,3,3135054;67834355;70424717,ACH:3,no,no,Exact alternative detector pair with point-row provenance; not added to original v783 graph or physiologically validated
888,P_alternate_automated_detector_same_specimen,720575940625113015,720575940619803697,LA_R,720575940625113015,3,19738145;21850430;29761391,ACH:3,no,no,Exact alternative detector pair with point-row provenance; not added to original v783 graph or physiologically validated
889,P_alternate_automated_detector_same_specimen,720575940625721118,720575940644303639,IPS_L,720575940625721118,3,21572781;32142941;62463923,ACH:3,no,no,Exact alternative detector pair with point-row provenance; not added to original v783 graph or physiologically validated
890,P_alternate_automated_detector_same_specimen,720575940627061022,720575940620753744,LA_R,720575940620753744,3,25451349;31325938;76065042,ACH:3,no,no,Exact alternative detector pair with point-row provenance; not added to original v783 graph or physiologically validated
891,P_alternate_automated_detector_same_specimen,720575940627138306,720575940621406447,LA_R,720575940627138306,3,12062253;23416272;63367777,ACH:3,no,no,Exact alternative detector pair with point-row provenance; not added to original v783 graph or physiologically validated
892,P_alternate_automated_detector_same_specimen,720575940627467087,720575940616042508,SAD,720575940616042508,3,7859388;29398004;29867938,GABA:3,no,no,Exact alternative detector pair with point-row provenance; not added to original v783 graph or physiologically validated
893,P_alternate_automated_detector_same_specimen,720575940627560236,720575940621949675,GNG,720575940621949675,3,51184693;53769496;78060183,ACH:3,no,no,Exact alternative detector pair with point-row provenance; not added to original v783 graph or physiologically validated
894,P_alternate_automated_detector_same_specimen,720575940627718738,720575940621462511,LA_R,720575940621462511,3,34379454;50364029;73872977,ACH:3,no,no,Exact alternative detector pair with point-row provenance; not added to original v783 graph or physiologically validated
895,P_alternate_automated_detector_same_specimen,720575940627855768,720575940606574694,LA_R,720575940627855768,3,3759965;27881447;55456016,ACH:3,no,no,Exact alternative detector pair with point-row provenance; not added to original v783 graph or physiologically validated
896,P_alternate_automated_detector_same_specimen,720575940628054397,720575940610222805,LA_R,720575940628054397,3,27489612;46056093;55456160,ACH:3,no,no,Exact alternative detector pair with point-row provenance; not added to original v783 graph or physiologically validated
897,P_alternate_automated_detector_same_specimen,720575940628335611,720575940620622708,GNG,720575940628335611,3,27998775;28938945;70464183,ACH:3,no,no,Exact alternative detector pair with point-row provenance; not added to original v783 graph or physiologically validated
898,P_alternate_automated_detector_same_specimen,720575940628335611,720575940621351412,GNG,720575940628335611,3,48679989;69130422;73676220,ACH:3,no,no,Exact alternative detector pair with point-row provenance; not added to original v783 graph or physiologically validated
899,P_alternate_automated_detector_same_specimen,720575940628430906,720575940637514414,LA_R,720575940637514414,3,42844238;62272701;64388155,ACH:3,no,no,Exact alternative detector pair with point-row provenance; not added to original v783 graph or physiologically validated
900,P_alternate_automated_detector_same_specimen,720575940628522152,720575940625024775,LA_R,720575940628522152,3,26391908;56082769;69013125,ACH:3,no,no,Exact alternative detector pair with point-row provenance; not added to original v783 graph or physiologically validated
901,P_alternate_automated_detector_same_specimen,720575940628635409,720575940609016668,LA_R,720575940609016668,3,234216;28507363;69954469,ACH:3,no,no,Exact alternative detector pair with point-row provenance; not added to original v783 graph or physiologically validated
902,P_alternate_automated_detector_same_specimen,720575940628728040,720575940630201794,LA_L,720575940628728040,3,1647336;36889690;68622541,ACH:3,no,no,Exact alternative detector pair with point-row provenance; not added to original v783 graph or physiologically validated
903,P_alternate_automated_detector_same_specimen,720575940628728040,720575940630508794,LA_L,720575940628728040,3,20366410;49739836;74188318,ACH:3,no,no,Exact alternative detector pair with point-row provenance; not added to original v783 graph or physiologically validated
904,P_alternate_automated_detector_same_specimen,720575940628955722,720575940616404191,LA_L,720575940628955722,3,43863377;58039994;64388586,ACH:3,no,no,Exact alternative detector pair with point-row provenance; not added to original v783 graph or physiologically validated
905,P_alternate_automated_detector_same_specimen,720575940628955722,720575940621661422,LA_L,720575940628955722,3,13002647;36497216;52400965,ACH:3,no,no,Exact alternative detector pair with point-row provenance; not added to original v783 graph or physiologically validated
906,P_alternate_automated_detector_same_specimen,720575940629200369,720575940631286636,LA_R,720575940631286636,3,31012872;42296284;51538614,ACH:3,no,no,Exact alternative detector pair with point-row provenance; not added to original v783 graph or physiologically validated
907,P_alternate_automated_detector_same_specimen,720575940629377641,720575940648108164,LA_R,720575940629377641,3,6497676;14724762;63996233,ACH:3,no,no,Exact alternative detector pair with point-row provenance; not added to original v783 graph or physiologically validated
908,P_alternate_automated_detector_same_specimen,720575940629403196,720575940633220516,LA_L,720575940633220516,3,3994444;48093509;68542724,ACH:3,no,no,Exact alternative detector pair with point-row provenance; not added to original v783 graph or physiologically validated
909,P_alternate_automated_detector_same_specimen,720575940629499395,720575940623495779,LA_R,720575940629499395,3,6497998;35792274;47153714,ACH:3,no,no,Exact alternative detector pair with point-row provenance; not added to original v783 graph or physiologically validated
910,P_alternate_automated_detector_same_specimen,720575940629636713,720575940618141073,ME_L,720575940629636713,3,549291;40650804;59687941,ACH:3,no,no,Exact alternative detector pair with point-row provenance; not added to original v783 graph or physiologically validated
911,P_alternate_automated_detector_same_specimen,720575940629808911,720575940620503512,MB_CA_R,720575940629808911,3,10307005;44378093;59575870,ACH:3,no,no,Exact alternative detector pair with point-row provenance; not added to original v783 graph or physiologically validated
912,P_alternate_automated_detector_same_specimen,720575940629808911,720575940620926740,SPS_R,720575940629808911,3,12573171;13904727;24945960,ACH:3,no,no,Exact alternative detector pair with point-row provenance; not added to original v783 graph or physiologically validated
913,P_alternate_automated_detector_same_specimen,720575940629808911,720575940622880525,IPS_R,720575940629808911,3,22830756;55967542;62235018,ACH:3,yes,no,Exact alternative detector pair with point-row provenance; not added to original v783 graph or physiologically validated
914,P_alternate_automated_detector_same_specimen,720575940629808911,720575940624041203,MB_CA_R,720575940629808911,3,43830116;47199223;56910800,ACH:3,no,no,Exact alternative detector pair with point-row provenance; not added to original v783 graph or physiologically validated
915,P_alternate_automated_detector_same_specimen,720575940629808911,720575940625054901,IPS_R,720575940629808911,3,15940799;25179818;36302547,ACH:3,yes,no,Exact alternative detector pair with point-row provenance; not added to original v783 graph or physiologically validated
916,P_alternate_automated_detector_same_specimen,720575940629808911,720575940626841354,ICL_R,720575940629808911,3,10779213;76347348;76425625,ACH:3,yes,no,Exact alternative detector pair with point-row provenance; not added to original v783 graph or physiologically validated
917,P_alternate_automated_detector_same_specimen,720575940629888515,720575940609242204,LA_L,720575940629888515,3,22085082;60626550;74813442,ACH:3,no,no,Exact alternative detector pair with point-row provenance; not added to original v783 graph or physiologically validated
918,P_alternate_automated_detector_same_specimen,720575940629921099,720575940632460951,GNG,720575940632460951,3,4813066;55024084;77903811,GLUT:3,no,no,Exact alternative detector pair with point-row provenance; not added to original v783 graph or physiologically validated
919,P_alternate_automated_detector_same_specimen,720575940629924091,720575940631592017,IPS_L,720575940629924091;720575940631592017,3,11470086;29325667;62700569,ACH:3,no,no,Exact alternative detector pair with point-row provenance; not added to original v783 graph or physiologically validated
920,P_alternate_automated_detector_same_specimen,720575940629972047,720575940623005308,LA_R,720575940623005308,3,18092547;46056079;79275059,ACH:3,no,no,Exact alternative detector pair with point-row provenance; not added to original v783 graph or physiologically validated
921,P_alternate_automated_detector_same_specimen,720575940630098075,720575940624112787,ME_L,720575940630098075,3,6977690;38857677;49668932,ACH:3,no,no,Exact alternative detector pair with point-row provenance; not added to original v783 graph or physiologically validated
922,P_alternate_automated_detector_same_specimen,720575940630098075,720575940624891367,ME_L,720575940630098075,3,8702475;47710954;66198426,ACH:3,no,no,Exact alternative detector pair with point-row provenance; not added to original v783 graph or physiologically validated
923,P_alternate_automated_detector_same_specimen,720575940630098075,720575940627285860,ME_L,720575940630098075,3,50608248;66824824;79755329,ACH:3,no,no,Exact alternative detector pair with point-row provenance; not added to original v783 graph or physiologically validated
924,P_alternate_automated_detector_same_specimen,720575940630098075,720575940631421903,ME_L,720575940630098075,3,20452432;49198819;59930897,ACH:3,no,no,Exact alternative detector pair with point-row provenance; not added to original v783 graph or physiologically validated
925,P_alternate_automated_detector_same_specimen,720575940630351554,720575940625365996,LA_R,720575940630351554,3,19346419;54359529;72306289,ACH:3,no,no,Exact alternative detector pair with point-row provenance; not added to original v783 graph or physiologically validated
926,P_alternate_automated_detector_same_specimen,720575940630351554,720575940627264002,LA_R,720575940630351554,3,48719529;59530121;77082932,ACH:3,no,no,Exact alternative detector pair with point-row provenance; not added to original v783 graph or physiologically validated
927,P_alternate_automated_detector_same_specimen,720575940630423418,720575940616212934,LA_R,720575940630423418,3,7752753;23259763;36183732,ACH:3,no,no,Exact alternative detector pair with point-row provenance; not added to original v783 graph or physiologically validated
928,P_alternate_automated_detector_same_specimen,720575940630423418,720575940641262032,LA_R,720575940630423418,3,2978982;22790316;29291438,ACH:3,no,no,Exact alternative detector pair with point-row provenance; not added to original v783 graph or physiologically validated
929,P_alternate_automated_detector_same_specimen,720575940630485626,720575940621103269,LA_R,720575940621103269;720575940630485626,3,14254750;65327363;70190070,ACH:3,no,no,Exact alternative detector pair with point-row provenance; not added to original v783 graph or physiologically validated
930,P_alternate_automated_detector_same_specimen,720575940630776108,720575940619065664,LA_R,720575940619065664,3,3292206;63996207;66346162,ACH:3,no,no,Exact alternative detector pair with point-row provenance; not added to original v783 graph or physiologically validated
931,P_alternate_automated_detector_same_specimen,720575940630846125,720575940626993950,GNG,720575940630846125,3,4500014;26194515;77041954,ACH:3,no,no,Exact alternative detector pair with point-row provenance; not added to original v783 graph or physiologically validated
932,P_alternate_automated_detector_same_specimen,720575940630873548,720575940625717747,LA_R,720575940625717747,3,12296829;41981743;76769190,ACH:3,no,no,Exact alternative detector pair with point-row provenance; not added to original v783 graph or physiologically validated
933,P_alternate_automated_detector_same_specimen,720575940631043900,720575940614391347,LA_R,720575940631043900,3,17388969;49738348;59217267,ACH:3,no,no,Exact alternative detector pair with point-row provenance; not added to original v783 graph or physiologically validated
934,P_alternate_automated_detector_same_specimen,720575940631048812,720575940613410802,LA_R,720575940631048812,3,20989700;61488481;63760800,ACH:3,no,no,Exact alternative detector pair with point-row provenance; not added to original v783 graph or physiologically validated
935,P_alternate_automated_detector_same_specimen,720575940631149372,720575940625644775,LA_L,720575940631149372,3,19817369;33204661;77866623,ACH:3,no,no,Exact alternative detector pair with point-row provenance; not added to original v783 graph or physiologically validated
936,P_alternate_automated_detector_same_specimen,720575940631286636,720575940629200369,LA_R,720575940631286636,3,16761199;36731733;47623140,ACH:3,no,no,Exact alternative detector pair with point-row provenance; not added to original v783 graph or physiologically validated
937,P_alternate_automated_detector_same_specimen,720575940631388887,720575940633343825,LA_R,720575940631388887,3,5245210;36105718;45977623,ACH:3,no,no,Exact alternative detector pair with point-row provenance; not added to original v783 graph or physiologically validated
938,P_alternate_automated_detector_same_specimen,720575940631647173,720575940634712545,LA_R,720575940631647173,3,10888566;46762148;48953944,ACH:3,no,no,Exact alternative detector pair with point-row provenance; not added to original v783 graph or physiologically validated
939,P_alternate_automated_detector_same_specimen,720575940631845839,720575940624706567,LA_R,720575940631845839,3,3915845;62429271;63055460,ACH:3,no,no,Exact alternative detector pair with point-row provenance; not added to original v783 graph or physiologically validated
940,P_alternate_automated_detector_same_specimen,720575940632047631,720575940629377641,LA_R,720575940629377641,3,6733464;10025445;38848431,ACH:3,no,no,Exact alternative detector pair with point-row provenance; not added to original v783 graph or physiologically validated
941,P_alternate_automated_detector_same_specimen,720575940632280338,720575940614210088,ME_L,720575940632280338,3,35720711;63611019;74037148,ACH:3,no,no,Exact alternative detector pair with point-row provenance; not added to original v783 graph or physiologically validated
942,P_alternate_automated_detector_same_specimen,720575940633224237,720575940622939998,LA_R,720575940622939998,3,4853376;23572287;45193508,ACH:3,no,no,Exact alternative detector pair with point-row provenance; not added to original v783 graph or physiologically validated
943,P_alternate_automated_detector_same_specimen,720575940634717153,720575940615951839,LA_R,720575940615951839,3,3447748;17936464;44410678,ACH:3,no,no,Exact alternative detector pair with point-row provenance; not added to original v783 graph or physiologically validated
944,P_alternate_automated_detector_same_specimen,720575940635013020,720575940631250939,LA_R,720575940635013020,3,4696971;6654844;40335834,ACH:3,no,no,Exact alternative detector pair with point-row provenance; not added to original v783 graph or physiologically validated
945,P_alternate_automated_detector_same_specimen,720575940637390181,720575940629495803,ME_L,720575940637390181,3,34546342;39406514;56640139,ACH:3,no,no,Exact alternative detector pair with point-row provenance; not added to original v783 graph or physiologically validated
946,P_alternate_automated_detector_same_specimen,720575940637698478,720575940618663069,LA_R,720575940618663069,3,13080540;14646791;60312888,ACH:3,no,no,Exact alternative detector pair with point-row provenance; not added to original v783 graph or physiologically validated
947,P_alternate_automated_detector_same_specimen,720575940638646335,720575940622703640,LA_R,720575940622703640,3,27332653;49345842;64545544,ACH:3,no,no,Exact alternative detector pair with point-row provenance; not added to original v783 graph or physiologically validated
948,P_alternate_automated_detector_same_specimen,720575940638936639,720575940622939998,LA_R,720575940622939998,3,50050729;56709175;62977747,ACH:3,no,no,Exact alternative detector pair with point-row provenance; not added to original v783 graph or physiologically validated
949,P_alternate_automated_detector_same_specimen,720575940639236836,720575940625511572,LA_R,720575940625511572,3,5793617;22556134;53105479,ACH:3,no,no,Exact alternative detector pair with point-row provenance; not added to original v783 graph or physiologically validated
950,P_alternate_automated_detector_same_specimen,720575940640410702,720575940655596193,LA_R,720575940655596193,3,9085535;13551278;55143696,ACH:3,no,no,Exact alternative detector pair with point-row provenance; not added to original v783 graph or physiologically validated
951,P_alternate_automated_detector_same_specimen,720575940641833869,720575940621481450,GNG,720575940621481450,3,28695279;61831097;68808612,ACH:3,no,no,Exact alternative detector pair with point-row provenance; not added to original v783 graph or physiologically validated
952,P_alternate_automated_detector_same_specimen,720575940643314061,720575940628442389,LA_R,720575940628442389,3,1489654;32578408;52870896,ACH:3,no,no,Exact alternative detector pair with point-row provenance; not added to original v783 graph or physiologically validated
953,P_alternate_automated_detector_same_specimen,720575940644276128,720575940606554558,LA_R,720575940644276128,3,20365055;79118540;79432143,ACH:3,no,no,Exact alternative detector pair with point-row provenance; not added to original v783 graph or physiologically validated
954,P_alternate_automated_detector_same_specimen,720575940645264260,720575940618092965,GNG,720575940618092965;720575940645264260,3,19854627;45859108;61370157,ACH:3,no,no,Exact alternative detector pair with point-row provenance; not added to original v783 graph or physiologically validated
955,P_alternate_automated_detector_same_specimen,720575940645264260,720575940623386918,GNG,720575940645264260,3,13274107;24627820;71167394,ACH:3,no,no,Exact alternative detector pair with point-row provenance; not added to original v783 graph or physiologically validated
956,P_alternate_automated_detector_same_specimen,720575940645941027,720575940613410802,LA_R,720575940645941027,3,19816768;40806187;48484568,ACH:3,no,no,Exact alternative detector pair with point-row provenance; not added to original v783 graph or physiologically validated
957,P_alternate_automated_detector_same_specimen,720575940646194798,720575940611550840,LA_R,720575940611550840,3,26548721;49738166;77004642,ACH:3,no,no,Exact alternative detector pair with point-row provenance; not added to original v783 graph or physiologically validated
958,P_alternate_automated_detector_same_specimen,720575940646392942,720575940627604739,LA_L,720575940646392942,3,27097920;28743528;28822009,ACH:3,no,no,Exact alternative detector pair with point-row provenance; not added to original v783 graph or physiologically validated
959,P_alternate_automated_detector_same_specimen,720575940647229219,720575940631410939,LA_R,720575940647229219,3,19189614;43079976;63525391,ACH:3,no,no,Exact alternative detector pair with point-row provenance; not added to original v783 graph or physiologically validated
960,P_alternate_automated_detector_same_specimen,720575940603461478,720575940609778289,GNG,720575940609778289,2,37714409;67720757,GABA:2,no,no,Exact alternative detector pair with point-row provenance; not added to original v783 graph or physiologically validated
961,P_alternate_automated_detector_same_specimen,720575940603511584,720575940619381108,GNG,720575940619381108,2,54475912;77982646,ACH:2,no,no,Exact alternative detector pair with point-row provenance; not added to original v783 graph or physiologically validated
962,P_alternate_automated_detector_same_specimen,720575940604963552,720575940628955722,LA_L,720575940628955722,2,8928909;39866595,ACH:2,no,no,Exact alternative detector pair with point-row provenance; not added to original v783 graph or physiologically validated
963,P_alternate_automated_detector_same_specimen,720575940606245822,720575940620457852,LA_L,720575940606245822,2,37906781;42531733,ACH:2,no,no,Exact alternative detector pair with point-row provenance; not added to original v783 graph or physiologically validated
964,P_alternate_automated_detector_same_specimen,720575940606503870,720575940624155528,LA_R,720575940606503870,2,12845179;69562353,ACH:2,no,no,Exact alternative detector pair with point-row provenance; not added to original v783 graph or physiologically validated
965,P_alternate_automated_detector_same_specimen,720575940606503870,720575940633224237,LA_R,720575940606503870,2,13080376;75673584,ACH:2,no,no,Exact alternative detector pair with point-row provenance; not added to original v783 graph or physiologically validated
966,P_alternate_automated_detector_same_specimen,720575940606530406,720575940636401400,LA_R,720575940636401400,2,40336018;68149149,ACH:2,no,no,Exact alternative detector pair with point-row provenance; not added to original v783 graph or physiologically validated
967,P_alternate_automated_detector_same_specimen,720575940606568126,720575940620629553,LA_R,720575940620629553,2,20833531;45037248,ACH:2,no,no,Exact alternative detector pair with point-row provenance; not added to original v783 graph or physiologically validated
968,P_alternate_automated_detector_same_specimen,720575940606760038,720575940645837335,LA_L,720575940645837335,2,38691751;65171975,ACH:2,no,no,Exact alternative detector pair with point-row provenance; not added to original v783 graph or physiologically validated
969,P_alternate_automated_detector_same_specimen,720575940606851249,720575940609622281,ME_L,720575940609622281,2,4701872;74192384,ACH:2,no,no,Exact alternative detector pair with point-row provenance; not added to original v783 graph or physiologically validated
970,P_alternate_automated_detector_same_specimen,720575940607124707,720575940631647173,LA_R,720575940631647173,2,13471769;53575374,ACH:2,no,no,Exact alternative detector pair with point-row provenance; not added to original v783 graph or physiologically validated
971,P_alternate_automated_detector_same_specimen,720575940607554434,720575940631301883,LA_R,720575940631301883,2,8223290;48093312,ACH:2,no,no,Exact alternative detector pair with point-row provenance; not added to original v783 graph or physiologically validated
972,P_alternate_automated_detector_same_specimen,720575940607773314,720575940627223897,LA_R,720575940607773314,2,4697195;24668640,ACH:2,no,no,Exact alternative detector pair with point-row provenance; not added to original v783 graph or physiologically validated
973,P_alternate_automated_detector_same_specimen,720575940607773314,720575940629380938,LA_R,720575940607773314,2,43157853;50050380,ACH:2,no,no,Exact alternative detector pair with point-row provenance; not added to original v783 graph or physiologically validated
974,P_alternate_automated_detector_same_specimen,720575940607824050,720575940621500070,LA_R,720575940621500070,2,32734998;74813351,ACH:2,no,no,Exact alternative detector pair with point-row provenance; not added to original v783 graph or physiologically validated
975,P_alternate_automated_detector_same_specimen,720575940608031154,720575940647229219,LA_R,720575940647229219,2,22163016;67834604,ACH:2,no,no,Exact alternative detector pair with point-row provenance; not added to original v783 graph or physiologically validated
976,P_alternate_automated_detector_same_specimen,720575940608224178,720575940621661422,LA_L,720575940608224178,2,9947792;70112626,ACH:2,no,no,Exact alternative detector pair with point-row provenance; not added to original v783 graph or physiologically validated
977,P_alternate_automated_detector_same_specimen,720575940608985867,720575940620647760,LA_R,720575940620647760,2,15194489;55455944,ACH:2,no,no,Exact alternative detector pair with point-row provenance; not added to original v783 graph or physiologically validated
978,P_alternate_automated_detector_same_specimen,720575940608985867,720575940631048812,LA_R,720575940631048812,2,65014199;76691307,ACH:2,no,no,Exact alternative detector pair with point-row provenance; not added to original v783 graph or physiologically validated
979,P_alternate_automated_detector_same_specimen,720575940609016668,720575940616675259,LA_R,720575940609016668,2,21068566;70895418,ACH:2,no,no,Exact alternative detector pair with point-row provenance; not added to original v783 graph or physiologically validated
980,P_alternate_automated_detector_same_specimen,720575940609016668,720575940626761008,LA_R,720575940609016668,2,31873343;74265132,ACH:2,no,no,Exact alternative detector pair with point-row provenance; not added to original v783 graph or physiologically validated
981,P_alternate_automated_detector_same_specimen,720575940609221900,720575940625422228,LA_L,720575940609221900,2,26706155;77867087,ACH:2,no,no,Exact alternative detector pair with point-row provenance; not added to original v783 graph or physiologically validated
982,P_alternate_automated_detector_same_specimen,720575940609268316,720575940629924091,IPS_L,720575940629924091,2,36610672;43820103,ACH:2,no,no,Exact alternative detector pair with point-row provenance; not added to original v783 graph or physiologically validated
983,P_alternate_automated_detector_same_specimen,720575940609268316,720575940629924091,SPS_L,720575940629924091,2,24858422;40133802,ACH:2,no,no,Exact alternative detector pair with point-row provenance; not added to original v783 graph or physiologically validated
984,P_alternate_automated_detector_same_specimen,720575940609307854,720575940621235276,GNG,720575940609307854,2,23297152;52125048,ACH:2,no,no,Exact alternative detector pair with point-row provenance; not added to original v783 graph or physiologically validated
985,P_alternate_automated_detector_same_specimen,720575940609307854,720575940630788882,GNG,720575940609307854,2,31285391;55023807,ACH:2,no,no,Exact alternative detector pair with point-row provenance; not added to original v783 graph or physiologically validated
986,P_alternate_automated_detector_same_specimen,720575940609307854,720575940631051065,GNG,720575940609307854,2,21887911;28231049,ACH:2,no,no,Exact alternative detector pair with point-row provenance; not added to original v783 graph or physiologically validated
987,P_alternate_automated_detector_same_specimen,720575940609485579,720575940627786136,LA_R,720575940609485579,2,33909132;46527210,ACH:2,no,no,Exact alternative detector pair with point-row provenance; not added to original v783 graph or physiologically validated
988,P_alternate_automated_detector_same_specimen,720575940609485579,720575940632750879,LA_R,720575940609485579,2,31248073;55222219,ACH:2,no,no,Exact alternative detector pair with point-row provenance; not added to original v783 graph or physiologically validated
989,P_alternate_automated_detector_same_specimen,720575940609622281,720575940613409763,ME_L,720575940609622281,2,10265460;74348085,ACH:2,no,no,Exact alternative detector pair with point-row provenance; not added to original v783 graph or physiologically validated
990,P_alternate_automated_detector_same_specimen,720575940609622281,720575940619983665,ME_L,720575940609622281,2,29138226;30936982,ACH:2,no,no,Exact alternative detector pair with point-row provenance; not added to original v783 graph or physiologically validated
991,P_alternate_automated_detector_same_specimen,720575940609622281,720575940624974572,ME_L,720575940609622281,2,53978941;78815733,ACH:2,no,no,Exact alternative detector pair with point-row provenance; not added to original v783 graph or physiologically validated
992,P_alternate_automated_detector_same_specimen,720575940609622281,720575940627651736,ME_L,720575940609622281,2,52881411;56399957,ACH:2,no,no,Exact alternative detector pair with point-row provenance; not added to original v783 graph or physiologically validated
993,P_alternate_automated_detector_same_specimen,720575940609622281,720575940628346122,ME_L,720575940609622281,2,34939352;51079599,ACH:2,no,no,Exact alternative detector pair with point-row provenance; not added to original v783 graph or physiologically validated
994,P_alternate_automated_detector_same_specimen,720575940609703179,720575940628039250,LA_R,720575940609703179,2,48245530;61797945,ACH:2,no,no,Exact alternative detector pair with point-row provenance; not added to original v783 graph or physiologically validated
995,P_alternate_automated_detector_same_specimen,720575940609778289,720575940624574717,GNG,720575940609778289,2,15002347;46334295,ACH:2,no,no,Exact alternative detector pair with point-row provenance; not added to original v783 graph or physiologically validated
996,P_alternate_automated_detector_same_specimen,720575940609778289,720575940627801877,GNG,720575940609778289,2,50641896;73132070,ACH:2,no,no,Exact alternative detector pair with point-row provenance; not added to original v783 graph or physiologically validated
997,P_alternate_automated_detector_same_specimen,720575940609778289,720575940640686837,GNG,720575940609778289,2,14686685;16566586,ACH:2,no,no,Exact alternative detector pair with point-row provenance; not added to original v783 graph or physiologically validated
998,P_alternate_automated_detector_same_specimen,720575940610073940,720575940623537629,LA_L,720575940610073940,2,2116095;36653520,ACH:2,no,no,Exact alternative detector pair with point-row provenance; not added to original v783 graph or physiologically validated
999,P_alternate_automated_detector_same_specimen,720575940610183154,720575940623848388,GNG,720575940610183154,2,71556323;73045119,ACH:2,no,no,Exact alternative detector pair with point-row provenance; not added to original v783 graph or physiologically validated
1000,P_alternate_automated_detector_same_specimen,720575940610183154,720575940626982181,GNG,720575940610183154,2,53530899;75550560,ACH:2,no,no,Exact alternative detector pair with point-row provenance; not added to original v783 graph or physiologically validated
1001,P_alternate_automated_detector_same_specimen,720575940610183154,720575940639758909,GNG,720575940610183154,2,41780685;49772114,ACH:2,no,no,Exact alternative detector pair with point-row provenance; not added to original v783 graph or physiologically validated
1002,P_alternate_automated_detector_same_specimen,720575940610715204,720575940623991236,LA_R,720575940610715204,2,33126302;65876219,ACH:2,no,no,Exact alternative detector pair with point-row provenance; not added to original v783 graph or physiologically validated
1003,P_alternate_automated_detector_same_specimen,720575940611539666,720575940623537629,LA_L,720575940611539666,2,6420025;56943413,ACH:2,no,no,Exact alternative detector pair with point-row provenance; not added to original v783 graph or physiologically validated
1004,P_alternate_automated_detector_same_specimen,720575940611541939,720575940617920827,LA_R,720575940617920827,2,34065922;44880280,ACH:2,no,no,Exact alternative detector pair with point-row provenance; not added to original v783 graph or physiologically validated
1005,P_alternate_automated_detector_same_specimen,720575940611607854,720575940607860169,LA_R,720575940607860169,2,66110709;73637849,ACH:2,no,no,Exact alternative detector pair with point-row provenance; not added to original v783 graph or physiologically validated
1006,P_alternate_automated_detector_same_specimen,720575940611810001,720575940624943084,GNG,720575940611810001,2,7714246;29488136,ACH:2,no,no,Exact alternative detector pair with point-row provenance; not added to original v783 graph or physiologically validated
1007,P_alternate_automated_detector_same_specimen,720575940611810001,720575940628164612,GNG,720575940611810001,2,29566594;62155049,ACH:2,no,no,Exact alternative detector pair with point-row provenance; not added to original v783 graph or physiologically validated
1008,P_alternate_automated_detector_same_specimen,720575940611810001,720575940644226084,GNG,720575940611810001,2,25570602;56592430,ACH:2,no,no,Exact alternative detector pair with point-row provenance; not added to original v783 graph or physiologically validated
1009,P_alternate_automated_detector_same_specimen,720575940612195170,720575940648702084,ME_R,720575940648702084,2,50047001;59134843,ACH:2,yes,no,Exact alternative detector pair with point-row provenance; not added to original v783 graph or physiologically validated
1010,P_alternate_automated_detector_same_specimen,720575940612326606,720575940614837544,ME_L,720575940612326606,2,9399920;35636756,ACH:2,no,no,Exact alternative detector pair with point-row provenance; not added to original v783 graph or physiologically validated
1011,P_alternate_automated_detector_same_specimen,720575940612338289,720575940631647173,LA_R,720575940631647173,2,63602763;72461926,ACH:2,no,no,Exact alternative detector pair with point-row provenance; not added to original v783 graph or physiologically validated
1012,P_alternate_automated_detector_same_specimen,720575940612375002,720575940624141508,LA_R,720575940624141508,2,71756392;75516612,ACH:2,no,no,Exact alternative detector pair with point-row provenance; not added to original v783 graph or physiologically validated
1013,P_alternate_automated_detector_same_specimen,720575940612606899,720575940628789064,LA_R,720575940628789064,2,49659503;57804648,ACH:2,no,no,Exact alternative detector pair with point-row provenance; not added to original v783 graph or physiologically validated
1014,P_alternate_automated_detector_same_specimen,720575940612708010,720575940613474474,LA_R,720575940613474474,2,15586366;79666869,ACH:2,no,no,Exact alternative detector pair with point-row provenance; not added to original v783 graph or physiologically validated
1015,P_alternate_automated_detector_same_specimen,720575940612755050,720575940609824369,GNG,720575940612755050,2,19149094;57373486,ACH:2,no,no,Exact alternative detector pair with point-row provenance; not added to original v783 graph or physiologically validated
1016,P_alternate_automated_detector_same_specimen,720575940612899763,720575940622348214,LA_R,720575940612899763,2,5793322;6028527,ACH:2,no,no,Exact alternative detector pair with point-row provenance; not added to original v783 graph or physiologically validated
1017,P_alternate_automated_detector_same_specimen,720575940613391845,720575940622132656,LA_L,720575940622132656,2,13786049;50207603,ACH:2,no,no,Exact alternative detector pair with point-row provenance; not added to original v783 graph or physiologically validated
1018,P_alternate_automated_detector_same_specimen,720575940613409172,720575940631230167,LA_L,720575940631230167,2,20366965;41984181,ACH:2,no,no,Exact alternative detector pair with point-row provenance; not added to original v783 graph or physiologically validated
1019,P_alternate_automated_detector_same_specimen,720575940613474474,720575940633668179,LA_R,720575940613474474,2,33908565;77238784,ACH:2,no,no,Exact alternative detector pair with point-row provenance; not added to original v783 graph or physiologically validated
1020,P_alternate_automated_detector_same_specimen,720575940613587609,720575940626866020,LA_R,720575940613587609,2,939702;30778208,ACH:2,no,no,Exact alternative detector pair with point-row provenance; not added to original v783 graph or physiologically validated
1021,P_alternate_automated_detector_same_specimen,720575940613675030,720575940629285873,LA_R,720575940629285873,2,60468950;76534891,ACH:2,no,no,Exact alternative detector pair with point-row provenance; not added to original v783 graph or physiologically validated
1022,P_alternate_automated_detector_same_specimen,720575940613684274,720575940624245176,GNG,720575940613684274,2,35043320;35043321,ACH:2,no,no,Exact alternative detector pair with point-row provenance; not added to original v783 graph or physiologically validated
1023,P_alternate_automated_detector_same_specimen,720575940613878459,720575940623051544,GNG,720575940613878459,2,55810286;63644499,ACH:2,no,no,Exact alternative detector pair with point-row provenance; not added to original v783 graph or physiologically validated
1024,P_alternate_automated_detector_same_specimen,720575940614194925,720575940635558495,LA_L,720575940614194925,2,26157595;55300280,ACH:2,no,no,Exact alternative detector pair with point-row provenance; not added to original v783 graph or physiologically validated
1025,P_alternate_automated_detector_same_specimen,720575940614441965,720575940623239133,LA_R,720575940623239133,2,53340205;62977952,ACH:2,no,no,Exact alternative detector pair with point-row provenance; not added to original v783 graph or physiologically validated
1026,P_alternate_automated_detector_same_specimen,720575940614721110,720575940606375772,GNG,720575940606375772,2,3641072;7790436,ACH:2,no,no,Exact alternative detector pair with point-row provenance; not added to original v783 graph or physiologically validated
1027,P_alternate_automated_detector_same_specimen,720575940614732798,720575940628054397,LA_R,720575940628054397,2,62586180;75829967,ACH:2,no,no,Exact alternative detector pair with point-row provenance; not added to original v783 graph or physiologically validated
1028,P_alternate_automated_detector_same_specimen,720575940614732798,720575940643034765,LA_R,720575940643034765,2,59764723;75047844,ACH:2,no,no,Exact alternative detector pair with point-row provenance; not added to original v783 graph or physiologically validated
1029,P_alternate_automated_detector_same_specimen,720575940614792623,720575940621489243,LA_R,720575940614792623;720575940621489243,2,8850194;76847869,ACH:2,no,no,Exact alternative detector pair with point-row provenance; not added to original v783 graph or physiologically validated
1030,P_alternate_automated_detector_same_specimen,720575940614839215,720575940605861310,LA_R,720575940614839215,2,33909190;65406300,ACH:2,no,no,Exact alternative detector pair with point-row provenance; not added to original v783 graph or physiologically validated
1031,P_alternate_automated_detector_same_specimen,720575940614856042,720575940616042508,AMMC_L,720575940616042508,2,9505263;32136962,ACH:2,no,no,Exact alternative detector pair with point-row provenance; not added to original v783 graph or physiologically validated
1032,P_alternate_automated_detector_same_specimen,720575940614957115,720575940625596647,GNG,720575940614957115,2,19618918;65834985,ACH:2,no,no,Exact alternative detector pair with point-row provenance; not added to original v783 graph or physiologically validated
1033,P_alternate_automated_detector_same_specimen,720575940615121501,720575940626398601,GNG,720575940615121501,2,15470436;39515770,ACH:2,no,no,Exact alternative detector pair with point-row provenance; not added to original v783 graph or physiologically validated
1034,P_alternate_automated_detector_same_specimen,720575940615121501,720575940628487153,GNG,720575940615121501,2,824811;15550158,ACH:2,no,no,Exact alternative detector pair with point-row provenance; not added to original v783 graph or physiologically validated
1035,P_alternate_automated_detector_same_specimen,720575940615248546,720575940630098075,LA_L,720575940630098075,2,26314452;79197008,ACH:2,no,no,Exact alternative detector pair with point-row provenance; not added to original v783 graph or physiologically validated
1036,P_alternate_automated_detector_same_specimen,720575940615301538,720575940628388936,LA_L,720575940628388936,2,9242139;29839818,ACH:2,no,no,Exact alternative detector pair with point-row provenance; not added to original v783 graph or physiologically validated
1037,P_alternate_automated_detector_same_specimen,720575940615553467,720575940640017597,LA_R,720575940640017597,2,55065279;55770230,ACH:2,no,no,Exact alternative detector pair with point-row provenance; not added to original v783 graph or physiologically validated
1038,P_alternate_automated_detector_same_specimen,720575940615708066,720575940630647746,LA_R,720575940615708066,2,28743160;74734977,ACH:2,no,no,Exact alternative detector pair with point-row provenance; not added to original v783 graph or physiologically validated
1039,P_alternate_automated_detector_same_specimen,720575940616042508,720575940607923721,SAD,720575940616042508,2,2301173;3320182,ACH:2,no,no,Exact alternative detector pair with point-row provenance; not added to original v783 graph or physiologically validated
1040,P_alternate_automated_detector_same_specimen,720575940616042508,720575940612146174,AMMC_L,720575940616042508,2,12088726;62221692,ACH:2,no,no,Exact alternative detector pair with point-row provenance; not added to original v783 graph or physiologically validated
1041,P_alternate_automated_detector_same_specimen,720575940616042508,720575940612146174,SAD,720575940616042508,2,23288249;42951703,ACH:2,no,no,Exact alternative detector pair with point-row provenance; not added to original v783 graph or physiologically validated
1042,P_alternate_automated_detector_same_specimen,720575940616042508,720575940613311151,SAD,720575940616042508,2,31589110;78990799,ACH:2,no,no,Exact alternative detector pair with point-row provenance; not added to original v783 graph or physiologically validated
1043,P_alternate_automated_detector_same_specimen,720575940616042508,720575940618440000,AMMC_L,720575940616042508,2,1987012;79379722,ACH:2,yes,no,Exact alternative detector pair with point-row provenance; not added to original v783 graph or physiologically validated
1044,P_alternate_automated_detector_same_specimen,720575940616042508,720575940620541099,SAD,720575940616042508,2,17181683;54623185,ACH:2,no,no,Exact alternative detector pair with point-row provenance; not added to original v783 graph or physiologically validated
1045,P_alternate_automated_detector_same_specimen,720575940616042508,720575940620731631,SAD,720575940616042508,2,18121028;75702184,ACH:2,no,no,Exact alternative detector pair with point-row provenance; not added to original v783 graph or physiologically validated
1046,P_alternate_automated_detector_same_specimen,720575940616042508,720575940625984528,SAD,720575940616042508,2,2143847;49296133,ACH:2,no,no,Exact alternative detector pair with point-row provenance; not added to original v783 graph or physiologically validated
1047,P_alternate_automated_detector_same_specimen,720575940616042508,720575940626901136,AMMC_L,720575940616042508,2,22738155;64885752,ACH:2,no,no,Exact alternative detector pair with point-row provenance; not added to original v783 graph or physiologically validated
1048,P_alternate_automated_detector_same_specimen,720575940616042508,720575940627467087,SAD,720575940616042508,2,890410;1282717,ACH:2,no,no,Exact alternative detector pair with point-row provenance; not added to original v783 graph or physiologically validated
1049,P_alternate_automated_detector_same_specimen,720575940616042508,720575940629065154,AMMC_L,720575940616042508,2,27203366;65041861,ACH:2,no,no,Exact alternative detector pair with point-row provenance; not added to original v783 graph or physiologically validated
1050,P_alternate_automated_detector_same_specimen,720575940616042508,720575940631553453,AMMC_L,720575940616042508,2,48903558;71157603,ACH:2,no,no,Exact alternative detector pair with point-row provenance; not added to original v783 graph or physiologically validated
1051,P_alternate_automated_detector_same_specimen,720575940616855820,720575940637125239,LA_L,720575940637125239,2,37906967;72697829,ACH:2,no,no,Exact alternative detector pair with point-row provenance; not added to original v783 graph or physiologically validated
1052,P_alternate_automated_detector_same_specimen,720575940617293398,720575940631048812,LA_R,720575940631048812,2,53967165;58197138,ACH:2,no,no,Exact alternative detector pair with point-row provenance; not added to original v783 graph or physiologically validated
1053,P_alternate_automated_detector_same_specimen,720575940617341270,720575940620320193,SAD,720575940620320193,2,44987866;58695829,ACH:2,no,no,Exact alternative detector pair with point-row provenance; not added to original v783 graph or physiologically validated
1054,P_alternate_automated_detector_same_specimen,720575940617358965,720575940613971683,LA_R,720575940613971683,2,18326906;41589856,ACH:2,no,no,Exact alternative detector pair with point-row provenance; not added to original v783 graph or physiologically validated
1055,P_alternate_automated_detector_same_specimen,720575940617484248,720575940619423216,GNG,720575940619423216,2,54785052;75239049,ACH:2,no,no,Exact alternative detector pair with point-row provenance; not added to original v783 graph or physiologically validated
1056,P_alternate_automated_detector_same_specimen,720575940617499765,720575940606194622,ME_L,720575940617499765,2,2745357;53263528,ACH:2,no,no,Exact alternative detector pair with point-row provenance; not added to original v783 graph or physiologically validated
1057,P_alternate_automated_detector_same_specimen,720575940617499765,720575940613143794,ME_L,720575940617499765,2,17548788;71212284,ACH:2,no,no,Exact alternative detector pair with point-row provenance; not added to original v783 graph or physiologically validated
1058,P_alternate_automated_detector_same_specimen,720575940617499765,720575940623308108,LA_L,720575940617499765,2,18564476;51070283,ACH:2,yes,no,Exact alternative detector pair with point-row provenance; not added to original v783 graph or physiologically validated
1059,P_alternate_automated_detector_same_specimen,720575940617499765,720575940625891002,ME_L,720575940617499765,2,23888224;32111283,ACH:2,no,no,Exact alternative detector pair with point-row provenance; not added to original v783 graph or physiologically validated
1060,P_alternate_automated_detector_same_specimen,720575940617499765,720575940627428124,ME_L,720575940617499765,2,21148746;65486767,ACH:2,no,no,Exact alternative detector pair with point-row provenance; not added to original v783 graph or physiologically validated
1061,P_alternate_automated_detector_same_specimen,720575940617499765,720575940628685333,LA_L,720575940617499765,2,7988062;15666337,ACH:2,no,no,Exact alternative detector pair with point-row provenance; not added to original v783 graph or physiologically validated
1062,P_alternate_automated_detector_same_specimen,720575940617768587,720575940606390374,ME_L,720575940617768587,2,30472866;37913426,ACH:2,no,no,Exact alternative detector pair with point-row provenance; not added to original v783 graph or physiologically validated
1063,P_alternate_automated_detector_same_specimen,720575940617768587,720575940609805835,ME_L,720575940617768587,2,24047695;72467237,ACH:2,no,no,Exact alternative detector pair with point-row provenance; not added to original v783 graph or physiologically validated
1064,P_alternate_automated_detector_same_specimen,720575940617768587,720575940611862990,ME_L,720575940617768587,2,15201553;48178125,ACH:2,no,no,Exact alternative detector pair with point-row provenance; not added to original v783 graph or physiologically validated
1065,P_alternate_automated_detector_same_specimen,720575940617768587,720575940624887019,ME_L,720575940617768587,2,56950126;73253045,ACH:2,no,no,Exact alternative detector pair with point-row provenance; not added to original v783 graph or physiologically validated
1066,P_alternate_automated_detector_same_specimen,720575940617822438,720575940621489243,LA_R,720575940621489243,2,61253477;76064772,ACH:2,no,no,Exact alternative detector pair with point-row provenance; not added to original v783 graph or physiologically validated
1067,P_alternate_automated_detector_same_specimen,720575940618067161,720575940618718977,LA_R,720575940618718977,2,54985987;64152650,ACH:2,no,no,Exact alternative detector pair with point-row provenance; not added to original v783 graph or physiologically validated
1068,P_alternate_automated_detector_same_specimen,720575940618090129,720575940622550878,LA_L,720575940618090129;720575940622550878,2,45665141;60705399,ACH:2,no,no,Exact alternative detector pair with point-row provenance; not added to original v783 graph or physiologically validated
1069,P_alternate_automated_detector_same_specimen,720575940618109460,720575940614959675,GNG,720575940618109460,2,68896569;75870397,ACH:2,no,no,Exact alternative detector pair with point-row provenance; not added to original v783 graph or physiologically validated
1070,P_alternate_automated_detector_same_specimen,720575940618109460,720575940624117528,GNG,720575940618109460,2,41578;49622499,ACH:2,no,no,Exact alternative detector pair with point-row provenance; not added to original v783 graph or physiologically validated
1071,P_alternate_automated_detector_same_specimen,720575940618115289,720575940606503870,LA_R,720575940606503870;720575940618115289,2,20833424;71208483,ACH:2,no,no,Exact alternative detector pair with point-row provenance; not added to original v783 graph or physiologically validated
1072,P_alternate_automated_detector_same_specimen,720575940618174292,720575940622132656,LA_L,720575940622132656,2,40493835;42061726,ACH:2,no,no,Exact alternative detector pair with point-row provenance; not added to original v783 graph or physiologically validated
1073,P_alternate_automated_detector_same_specimen,720575940618240401,720575940623343117,LA_L,720575940618240401,2,26000944;65171887,ACH:2,no,no,Exact alternative detector pair with point-row provenance; not added to original v783 graph or physiologically validated
1074,P_alternate_automated_detector_same_specimen,720575940618718977,720575940608278914,LA_R,720575940618718977,2,1881045;43392246,ACH:2,no,no,Exact alternative detector pair with point-row provenance; not added to original v783 graph or physiologically validated
1075,P_alternate_automated_detector_same_specimen,720575940618718977,720575940629158140,LA_R,720575940618718977,2,10575061;48876171,ACH:2,no,no,Exact alternative detector pair with point-row provenance; not added to original v783 graph or physiologically validated
1076,P_alternate_automated_detector_same_specimen,720575940618718977,720575940654890145,LA_R,720575940618718977,2,20129650;64545111,ACH:2,no,no,Exact alternative detector pair with point-row provenance; not added to original v783 graph or physiologically validated
1077,P_alternate_automated_detector_same_specimen,720575940618743709,720575940623948841,LA_R,720575940618743709,2,26548778;79588743,ACH:2,no,no,Exact alternative detector pair with point-row provenance; not added to original v783 graph or physiologically validated
1078,P_alternate_automated_detector_same_specimen,720575940618768806,720575940621821787,GNG,720575940618768806,2,7633308;25098267,ACH:2,no,no,Exact alternative detector pair with point-row provenance; not added to original v783 graph or physiologically validated
1079,P_alternate_automated_detector_same_specimen,720575940618768806,720575940624518328,GNG,720575940618768806,2,15859438;46485912,ACH:2,no,no,Exact alternative detector pair with point-row provenance; not added to original v783 graph or physiologically validated
1080,P_alternate_automated_detector_same_specimen,720575940618816340,720575940611532664,LA_R,720575940611532664,2,11201561;42453075,ACH:2,no,no,Exact alternative detector pair with point-row provenance; not added to original v783 graph or physiologically validated
1081,P_alternate_automated_detector_same_specimen,720575940618864724,720575940625615847,LA_L,720575940618864724,2,4228891;75438878,ACH:2,no,no,Exact alternative detector pair with point-row provenance; not added to original v783 graph or physiologically validated
1082,P_alternate_automated_detector_same_specimen,720575940618878209,720575940616710412,LA_L,720575940616710412,2,17153479;45665291,GABA:2,no,no,Exact alternative detector pair with point-row provenance; not added to original v783 graph or physiologically validated
1083,P_alternate_automated_detector_same_specimen,720575940618916125,720575940626559280,UNASGD,720575940618916125,2,58824338;65563264,ACH:2,no,no,Exact alternative detector pair with point-row provenance; not added to original v783 graph or physiologically validated
1084,P_alternate_automated_detector_same_specimen,720575940619290944,720575940631647173,LA_R,720575940631647173,2,46290691;62428829,ACH:2,no,no,Exact alternative detector pair with point-row provenance; not added to original v783 graph or physiologically validated
1085,P_alternate_automated_detector_same_specimen,720575940619381108,720575940621477312,GNG,720575940619381108,2,51107012;65596625,ACH:2,no,no,Exact alternative detector pair with point-row provenance; not added to original v783 graph or physiologically validated
1086,P_alternate_automated_detector_same_specimen,720575940619381108,720575940621636988,GNG,720575940619381108,2,9513063;65520706,ACH:2,no,no,Exact alternative detector pair with point-row provenance; not added to original v783 graph or physiologically validated
1087,P_alternate_automated_detector_same_specimen,720575940619381108,720575940624082931,GNG,720575940619381108,2,16716748;74377488,ACH:2,no,no,Exact alternative detector pair with point-row provenance; not added to original v783 graph or physiologically validated
1088,P_alternate_automated_detector_same_specimen,720575940619381108,720575940632725708,GNG,720575940619381108,2,4262021;68892441,ACH:2,no,no,Exact alternative detector pair with point-row provenance; not added to original v783 graph or physiologically validated
1089,P_alternate_automated_detector_same_specimen,720575940619381108,720575940643817888,GNG,720575940619381108,2,49693609;63873157,ACH:2,no,no,Exact alternative detector pair with point-row provenance; not added to original v783 graph or physiologically validated
1090,P_alternate_automated_detector_same_specimen,720575940619423216,720575940626993950,GNG,720575940619423216,2,38334780;48910897,ACH:2,no,no,Exact alternative detector pair with point-row provenance; not added to original v783 graph or physiologically validated
1091,P_alternate_automated_detector_same_specimen,720575940619423216,720575940632898105,GNG,720575940619423216,2,2622677;10690339,ACH:2,no,no,Exact alternative detector pair with point-row provenance; not added to original v783 graph or physiologically validated
1092,P_alternate_automated_detector_same_specimen,720575940619552054,720575940627873299,LA_R,720575940627873299,2,17467155;61566634,ACH:2,no,no,Exact alternative detector pair with point-row provenance; not added to original v783 graph or physiologically validated
1093,P_alternate_automated_detector_same_specimen,720575940619753057,720575940618718977,LA_R,720575940618718977,2,26783368;51775059,ACH:2,no,no,Exact alternative detector pair with point-row provenance; not added to original v783 graph or physiologically validated
1094,P_alternate_automated_detector_same_specimen,720575940619877022,720575940612672986,LA_R,720575940619877022,2,57413608;78414243,ACH:2,no,no,Exact alternative detector pair with point-row provenance; not added to original v783 graph or physiologically validated
1095,P_alternate_automated_detector_same_specimen,720575940619877022,720575940622681950,LA_R,720575940619877022,2,10732334;16369056,ACH:2,no,no,Exact alternative detector pair with point-row provenance; not added to original v783 graph or physiologically validated
1096,P_alternate_automated_detector_same_specimen,720575940619904380,720575940632898105,GNG,720575940619904380,2,45702135;80018205,ACH:2,no,no,Exact alternative detector pair with point-row provenance; not added to original v783 graph or physiologically validated
1097,P_alternate_automated_detector_same_specimen,720575940619921310,720575940606631102,UNASGD,720575940606631102,2,32265586;50834526,ACH:2,no,no,Exact alternative detector pair with point-row provenance; not added to original v783 graph or physiologically validated
1098,P_alternate_automated_detector_same_specimen,720575940620232920,720575940618712221,LA_R,720575940618712221;720575940620232920,2,49345319;66658076,ACH:2,no,no,Exact alternative detector pair with point-row provenance; not added to original v783 graph or physiologically validated
1099,P_alternate_automated_detector_same_specimen,720575940620320193,720575940616738390,SAD,720575940620320193,2,33233863;79305023,ACH:2,no,no,Exact alternative detector pair with point-row provenance; not added to original v783 graph or physiologically validated
1100,P_alternate_automated_detector_same_specimen,720575940620320193,720575940621010352,AMMC_L,720575940620320193,2,36680977;71628040,ACH:2,no,no,Exact alternative detector pair with point-row provenance; not added to original v783 graph or physiologically validated
1101,P_alternate_automated_detector_same_specimen,720575940620320193,720575940621533867,SAD,720575940620320193,2,27594903;49923376,ACH:2,no,no,Exact alternative detector pair with point-row provenance; not added to original v783 graph or physiologically validated
1102,P_alternate_automated_detector_same_specimen,720575940620320193,720575940624706062,SAD,720575940620320193,2,20004212;66765818,ACH:2,no,no,Exact alternative detector pair with point-row provenance; not added to original v783 graph or physiologically validated
1103,P_alternate_automated_detector_same_specimen,720575940620320193,720575940634020508,SAD,720575940620320193,2,23991697;55092974,ACH:2,no,no,Exact alternative detector pair with point-row provenance; not added to original v783 graph or physiologically validated
1104,P_alternate_automated_detector_same_specimen,720575940620531761,720575940634451169,LA_L,720575940620531761,2,3526278;33752293,ACH:2,no,no,Exact alternative detector pair with point-row provenance; not added to original v783 graph or physiologically validated
1105,P_alternate_automated_detector_same_specimen,720575940620609262,720575940607773314,LA_R,720575940607773314,2,16604404;31716799,GABA:2,no,no,Exact alternative detector pair with point-row provenance; not added to original v783 graph or physiologically validated
1106,P_alternate_automated_detector_same_specimen,720575940620629553,720575940628102013,LA_R,720575940620629553;720575940628102013,2,5009927;66815278,ACH:2,no,no,Exact alternative detector pair with point-row provenance; not added to original v783 graph or physiologically validated
1107,P_alternate_automated_detector_same_specimen,720575940620647760,720575940608985867,LA_R,720575940620647760,2,50677246;63134164,ACH:2,no,no,Exact alternative detector pair with point-row provenance; not added to original v783 graph or physiologically validated
1108,P_alternate_automated_detector_same_specimen,720575940620647760,720575940626242864,LA_R,720575940620647760,2,22162645;29447870,ACH:2,no,no,Exact alternative detector pair with point-row provenance; not added to original v783 graph or physiologically validated
1109,P_alternate_automated_detector_same_specimen,720575940620647760,720575940640383054,LA_R,720575940620647760,2,49111466;61723412,ACH:2,no,no,Exact alternative detector pair with point-row provenance; not added to original v783 graph or physiologically validated
1110,P_alternate_automated_detector_same_specimen,720575940620665680,720575940620762758,LA_L,720575940620665680,2,3918426;26942889,ACH:2,no,no,Exact alternative detector pair with point-row provenance; not added to original v783 graph or physiologically validated
1111,P_alternate_automated_detector_same_specimen,720575940620666315,720575940630910070,LA_R,720575940620666315,2,6185230;14568168,ACH:2,no,no,Exact alternative detector pair with point-row provenance; not added to original v783 graph or physiologically validated
1112,P_alternate_automated_detector_same_specimen,720575940620753744,720575940630250139,LA_R,720575940620753744,2,13863881;68934623,ACH:2,no,no,Exact alternative detector pair with point-row provenance; not added to original v783 graph or physiologically validated
1113,P_alternate_automated_detector_same_specimen,720575940620753744,720575940645941027,LA_R,720575940620753744;720575940645941027,2,469670;61723980,ACH:2,no,no,Exact alternative detector pair with point-row provenance; not added to original v783 graph or physiologically validated
1114,P_alternate_automated_detector_same_specimen,720575940620785869,720575940624679463,GNG,720575940620785869,2,34337865;55806226,ACH:2,no,no,Exact alternative detector pair with point-row provenance; not added to original v783 graph or physiologically validated
1115,P_alternate_automated_detector_same_specimen,720575940620785869,720575940626639259,GNG,720575940620785869,2,32615139;57136510,ACH:2,no,no,Exact alternative detector pair with point-row provenance; not added to original v783 graph or physiologically validated
1116,P_alternate_automated_detector_same_specimen,720575940620785869,720575940631651810,GNG,720575940620785869,2,27604879;34574996,ACH:2,no,no,Exact alternative detector pair with point-row provenance; not added to original v783 graph or physiologically validated
1117,P_alternate_automated_detector_same_specimen,720575940620910774,720575940616042508,AMMC_L,720575940616042508,2,26496794;32918347,GABA:2,no,no,Exact alternative detector pair with point-row provenance; not added to original v783 graph or physiologically validated
1118,P_alternate_automated_detector_same_specimen,720575940620941038,720575940607773314,LA_R,720575940607773314,2,28507379;77004416,ACH:2,no,no,Exact alternative detector pair with point-row provenance; not added to original v783 graph or physiologically validated
1119,P_alternate_automated_detector_same_specimen,720575940621062986,720575940645991278,LA_R,720575940645991278,2,36731761;52009382,ACH:2,no,no,Exact alternative detector pair with point-row provenance; not added to original v783 graph or physiologically validated
1120,P_alternate_automated_detector_same_specimen,720575940621103269,720575940628358662,LA_R,720575940621103269,2,43237081;61488573,ACH:2,no,no,Exact alternative detector pair with point-row provenance; not added to original v783 graph or physiologically validated
1121,P_alternate_automated_detector_same_specimen,720575940621157887,720575940610309034,GNG,720575940621157887,2,193030;73517402,ACH:2,no,no,Exact alternative detector pair with point-row provenance; not added to original v783 graph or physiologically validated
1122,P_alternate_automated_detector_same_specimen,720575940621157887,720575940621534273,GNG,720575940621157887,2,45622839;51418574,ACH:2,no,no,Exact alternative detector pair with point-row provenance; not added to original v783 graph or physiologically validated
1123,P_alternate_automated_detector_same_specimen,720575940621157887,720575940627645263,GNG,720575940621157887,2,63248225;78841678,ACH:2,no,no,Exact alternative detector pair with point-row provenance; not added to original v783 graph or physiologically validated
1124,P_alternate_automated_detector_same_specimen,720575940621191407,720575940620629553,LA_R,720575940620629553,2,26157586;77788123,ACH:2,no,no,Exact alternative detector pair with point-row provenance; not added to original v783 graph or physiologically validated
1125,P_alternate_automated_detector_same_specimen,720575940621193051,720575940624297608,LA_R,720575940621193051,2,9868570;77473833,ACH:2,no,no,Exact alternative detector pair with point-row provenance; not added to original v783 graph or physiologically validated
1126,P_alternate_automated_detector_same_specimen,720575940621204941,720575940620753744,LA_R,720575940620753744,2,20443116;29604408,ACH:2,no,no,Exact alternative detector pair with point-row provenance; not added to original v783 graph or physiologically validated
1127,P_alternate_automated_detector_same_specimen,720575940621338246,720575940620201931,ME_L,720575940621338246,2,9484711;13637158,ACH:2,no,no,Exact alternative detector pair with point-row provenance; not added to original v783 graph or physiologically validated
1128,P_alternate_automated_detector_same_specimen,720575940621338246,720575940629045507,ME_L,720575940621338246,2,62751068;68470429,ACH:2,no,no,Exact alternative detector pair with point-row provenance; not added to original v783 graph or physiologically validated
1129,P_alternate_automated_detector_same_specimen,720575940621338246,720575940645643118,ME_L,720575940621338246,2,65884195;72622739,ACH:2,no,no,Exact alternative detector pair with point-row provenance; not added to original v783 graph or physiologically validated
1130,P_alternate_automated_detector_same_specimen,720575940621344238,720575940608224178,LA_L,720575940608224178,2,3135867;36340350,ACH:2,no,no,Exact alternative detector pair with point-row provenance; not added to original v783 graph or physiologically validated
1131,P_alternate_automated_detector_same_specimen,720575940621458625,720575940621526510,LA_L,720575940621458625;720575940621526510,2,20130455;24434232,ACH:2,no,no,Exact alternative detector pair with point-row provenance; not added to original v783 graph or physiologically validated
1132,P_alternate_automated_detector_same_specimen,720575940621459393,720575940632687672,LA_L,720575940632687672,2,18720461;65563371,ACH:2,no,no,Exact alternative detector pair with point-row provenance; not added to original v783 graph or physiologically validated
1133,P_alternate_automated_detector_same_specimen,720575940621481450,720575940615500030,GNG,720575940621481450,2,54309750;62928389,ACH:2,no,no,Exact alternative detector pair with point-row provenance; not added to original v783 graph or physiologically validated
1134,P_alternate_automated_detector_same_specimen,720575940621481450,720575940618816054,IPS_L,720575940621481450,2,21878105;78911393,ACH:2,no,no,Exact alternative detector pair with point-row provenance; not added to original v783 graph or physiologically validated
1135,P_alternate_automated_detector_same_specimen,720575940621481450,720575940624679463,GNG,720575940621481450,2,37627019;60817143,ACH:2,no,no,Exact alternative detector pair with point-row provenance; not added to original v783 graph or physiologically validated
1136,P_alternate_automated_detector_same_specimen,720575940621481450,720575940627810581,GNG,720575940621481450,2,17259459;44752529,ACH:2,no,no,Exact alternative detector pair with point-row provenance; not added to original v783 graph or physiologically validated
1137,P_alternate_automated_detector_same_specimen,720575940621481450,720575940628911671,GNG,720575940621481450,2,21800223;65824863,ACH:2,yes,no,Exact alternative detector pair with point-row provenance; not added to original v783 graph or physiologically validated
1138,P_alternate_automated_detector_same_specimen,720575940621481450,720575940631342073,GNG,720575940621481450,2,24697598;28066402,ACH:2,no,no,Exact alternative detector pair with point-row provenance; not added to original v783 graph or physiologically validated
1139,P_alternate_automated_detector_same_specimen,720575940621481450,720575940634290913,GNG,720575940621481450,2,17181828;69432338,ACH:2,no,no,Exact alternative detector pair with point-row provenance; not added to original v783 graph or physiologically validated
1140,P_alternate_automated_detector_same_specimen,720575940621481450,720575940635776760,GNG,720575940621481450,2,71943810;75785632,ACH:2,no,no,Exact alternative detector pair with point-row provenance; not added to original v783 graph or physiologically validated
1141,P_alternate_automated_detector_same_specimen,720575940621481450,720575940637501784,GNG,720575940621481450,2,20471892;42484665,ACH:2,no,no,Exact alternative detector pair with point-row provenance; not added to original v783 graph or physiologically validated
1142,P_alternate_automated_detector_same_specimen,720575940621482667,720575940621517677,LA_L,720575940621482667,2,6421436;60941492,ACH:2,no,no,Exact alternative detector pair with point-row provenance; not added to original v783 graph or physiologically validated
1143,P_alternate_automated_detector_same_specimen,720575940621500070,720575940618723653,LA_R,720575940621500070,2,15117040;45507731,ACH:2,no,no,Exact alternative detector pair with point-row provenance; not added to original v783 graph or physiologically validated
1144,P_alternate_automated_detector_same_specimen,720575940621526510,720575940644399008,LA_L,720575940621526510,2,1725146;55378342,ACH:2,no,no,Exact alternative detector pair with point-row provenance; not added to original v783 graph or physiologically validated
1145,P_alternate_automated_detector_same_specimen,720575940621544175,720575940612114274,ME_L,720575940621544175,2,15126439;60714361,ACH:2,no,no,Exact alternative detector pair with point-row provenance; not added to original v783 graph or physiologically validated
1146,P_alternate_automated_detector_same_specimen,720575940621800795,720575940618864724,LA_L,720575940618864724,2,34537980;44176589,ACH:2,no,no,Exact alternative detector pair with point-row provenance; not added to original v783 graph or physiologically validated
1147,P_alternate_automated_detector_same_specimen,720575940621840297,720575940611510765,GNG,720575940611510765,2,50637010;65600673,ACH:2,no,no,Exact alternative detector pair with point-row provenance; not added to original v783 graph or physiologically validated
1148,P_alternate_automated_detector_same_specimen,720575940621949675,720575940632045839,GNG,720575940621949675,2,34260102;76807195,ACH:2,no,no,Exact alternative detector pair with point-row provenance; not added to original v783 graph or physiologically validated
1149,P_alternate_automated_detector_same_specimen,720575940621949675,720575940632898105,GNG,720575940621949675,2,3094288;49147657,ACH:2,no,no,Exact alternative detector pair with point-row provenance; not added to original v783 graph or physiologically validated
1150,P_alternate_automated_detector_same_specimen,720575940621962081,720575940622798836,LA_L,720575940621962081;720575940622798836,2,21772945;74108785,ACH:2,no,no,Exact alternative detector pair with point-row provenance; not added to original v783 graph or physiologically validated
1151,P_alternate_automated_detector_same_specimen,720575940621962337,720575940632704303,LA_L,720575940621962337;720575940632704303,2,20599138;35792294,ACH:2,no,no,Exact alternative detector pair with point-row provenance; not added to original v783 graph or physiologically validated
1152,P_alternate_automated_detector_same_specimen,720575940622029494,720575940628011602,LA_R,720575940622029494,2,26705053;28193478,ACH:2,no,no,Exact alternative detector pair with point-row provenance; not added to original v783 graph or physiologically validated
1153,P_alternate_automated_detector_same_specimen,720575940622029494,720575940628437777,LA_R,720575940622029494,2,15351335;77160700,ACH:2,no,no,Exact alternative detector pair with point-row provenance; not added to original v783 graph or physiologically validated
1154,P_alternate_automated_detector_same_specimen,720575940622056368,720575940614246559,LA_R,720575940622056368,2,7595749;50755849,ACH:2,no,no,Exact alternative detector pair with point-row provenance; not added to original v783 graph or physiologically validated
1155,P_alternate_automated_detector_same_specimen,720575940622073270,720575940638556382,LA_L,720575940638556382,2,16997555;46842518,ACH:2,no,no,Exact alternative detector pair with point-row provenance; not added to original v783 graph or physiologically validated
1156,P_alternate_automated_detector_same_specimen,720575940622074790,720575940621193051,LA_R,720575940621193051,2,17701449;67128612,ACH:2,no,no,Exact alternative detector pair with point-row provenance; not added to original v783 graph or physiologically validated
1157,P_alternate_automated_detector_same_specimen,720575940622138209,720575940625564860,LA_L,720575940625564860,2,14724829;37124325,ACH:2,no,no,Exact alternative detector pair with point-row provenance; not added to original v783 graph or physiologically validated
1158,P_alternate_automated_detector_same_specimen,720575940622190452,720575940619065664,LA_R,720575940619065664,2,56709326;76847905,ACH:2,no,no,Exact alternative detector pair with point-row provenance; not added to original v783 graph or physiologically validated
1159,P_alternate_automated_detector_same_specimen,720575940622404991,720575940623991236,LA_R,720575940622404991,2,2821360;17936456,ACH:2,no,no,Exact alternative detector pair with point-row provenance; not added to original v783 graph or physiologically validated
1160,P_alternate_automated_detector_same_specimen,720575940622433780,720575940623867016,LA_L,720575940623867016,2,21772932;29134931,ACH:2,no,no,Exact alternative detector pair with point-row provenance; not added to original v783 graph or physiologically validated
1161,P_alternate_automated_detector_same_specimen,720575940622480408,720575940621443206,LA_R,720575940621443206,2,5950874;75047991,GABA:2,no,no,Exact alternative detector pair with point-row provenance; not added to original v783 graph or physiologically validated
1162,P_alternate_automated_detector_same_specimen,720575940622545023,720575940623211852,LA_R,720575940622545023,2,26548844;74890986,ACH:2,no,no,Exact alternative detector pair with point-row provenance; not added to original v783 graph or physiologically validated
1163,P_alternate_automated_detector_same_specimen,720575940622561063,720575940626668443,GNG,720575940626668443,2,35357143;54395437,ACH:2,no,no,Exact alternative detector pair with point-row provenance; not added to original v783 graph or physiologically validated
1164,P_alternate_automated_detector_same_specimen,720575940622799137,720575940609182556,LA_R,720575940622799137,2,40414668;41041821,ACH:2,no,no,Exact alternative detector pair with point-row provenance; not added to original v783 graph or physiologically validated
1165,P_alternate_automated_detector_same_specimen,720575940622799898,720575940621090213,LA_R,720575940621090213;720575940622799898,2,6655043;64309410,ACH:2,no,no,Exact alternative detector pair with point-row provenance; not added to original v783 graph or physiologically validated
1166,P_alternate_automated_detector_same_specimen,720575940622811903,720575940615541810,SAD,720575940622811903,2,12482924;45928115,ACH:2,no,no,Exact alternative detector pair with point-row provenance; not added to original v783 graph or physiologically validated
1167,P_alternate_automated_detector_same_specimen,720575940622811903,720575940617434086,SAD,720575940622811903,2,30101742;49373254,ACH:2,no,no,Exact alternative detector pair with point-row provenance; not added to original v783 graph or physiologically validated
1168,P_alternate_automated_detector_same_specimen,720575940622811903,720575940621533867,SAD,720575940622811903,2,11152534;74685390,ACH:2,no,no,Exact alternative detector pair with point-row provenance; not added to original v783 graph or physiologically validated
1169,P_alternate_automated_detector_same_specimen,720575940622811903,720575940627585874,SAD,720575940622811903,2,1440000;76094064,ACH:2,no,no,Exact alternative detector pair with point-row provenance; not added to original v783 graph or physiologically validated
1170,P_alternate_automated_detector_same_specimen,720575940622811903,720575940631706107,SAD,720575940622811903,2,1988340;46556164,ACH:2,no,no,Exact alternative detector pair with point-row provenance; not added to original v783 graph or physiologically validated
1171,P_alternate_automated_detector_same_specimen,720575940622889310,720575940625717747,LA_R,720575940625717747,2,51696153;70816348,ACH:2,no,no,Exact alternative detector pair with point-row provenance; not added to original v783 graph or physiologically validated
1172,P_alternate_automated_detector_same_specimen,720575940622920197,720575940621349285,LA_R,720575940621349285,2,13080713;41747230,ACH:2,no,no,Exact alternative detector pair with point-row provenance; not added to original v783 graph or physiologically validated
1173,P_alternate_automated_detector_same_specimen,720575940622939998,720575940630431532,LA_R,720575940622939998,2,18954594;43549111,ACH:2,no,no,Exact alternative detector pair with point-row provenance; not added to original v783 graph or physiologically validated
1174,P_alternate_automated_detector_same_specimen,720575940623003169,720575940625486996,LA_R,720575940623003169,2,23494265;56239364,ACH:2,no,no,Exact alternative detector pair with point-row provenance; not added to original v783 graph or physiologically validated
1175,P_alternate_automated_detector_same_specimen,720575940623005308,720575940614625320,LA_R,720575940623005308,2,11593236;70973216,ACH:2,no,no,Exact alternative detector pair with point-row provenance; not added to original v783 graph or physiologically validated
1176,P_alternate_automated_detector_same_specimen,720575940623010309,720575940618531618,LA_R,720575940618531618,2,21616400;45821471,GABA:2,no,no,Exact alternative detector pair with point-row provenance; not added to original v783 graph or physiologically validated
1177,P_alternate_automated_detector_same_specimen,720575940623103843,720575940615167742,LA_R,720575940615167742,2,156685;36183509,ACH:2,no,no,Exact alternative detector pair with point-row provenance; not added to original v783 graph or physiologically validated
1178,P_alternate_automated_detector_same_specimen,720575940623160865,720575940609016668,LA_R,720575940609016668,2,5480354;75047766,ACH:2,no,no,Exact alternative detector pair with point-row provenance; not added to original v783 graph or physiologically validated
1179,P_alternate_automated_detector_same_specimen,720575940623188830,720575940623005308,LA_R,720575940623005308,2,54124131;56709497,ACH:2,no,no,Exact alternative detector pair with point-row provenance; not added to original v783 graph or physiologically validated
1180,P_alternate_automated_detector_same_specimen,720575940623325993,720575940619035003,AMMC_R,720575940623325993,2,21350859;22681973,ACH:2,no,no,Exact alternative detector pair with point-row provenance; not added to original v783 graph or physiologically validated
1181,P_alternate_automated_detector_same_specimen,720575940623347414,720575940613990111,LA_L,720575940623347414,2,9007210;60156754,ACH:2,no,no,Exact alternative detector pair with point-row provenance; not added to original v783 graph or physiologically validated
1182,P_alternate_automated_detector_same_specimen,720575940623347414,720575940635639706,LA_L,720575940623347414,2,29057140;63290861,ACH:2,no,no,Exact alternative detector pair with point-row provenance; not added to original v783 graph or physiologically validated
1183,P_alternate_automated_detector_same_specimen,720575940623400216,720575940622769740,LA_L,720575940623400216,2,78679;38691735,ACH:2,no,no,Exact alternative detector pair with point-row provenance; not added to original v783 graph or physiologically validated
1184,P_alternate_automated_detector_same_specimen,720575940623400216,720575940622877398,LA_L,720575940623400216,2,5323818;73324839,ACH:2,no,no,Exact alternative detector pair with point-row provenance; not added to original v783 graph or physiologically validated
1185,P_alternate_automated_detector_same_specimen,720575940623458915,720575940607773314,LA_R,720575940607773314,2,34850231;70424280,ACH:2,no,no,Exact alternative detector pair with point-row provenance; not added to original v783 graph or physiologically validated
1186,P_alternate_automated_detector_same_specimen,720575940623495693,720575940622225648,LA_L,720575940623495693,2,27254793;77866475,ACH:2,no,no,Exact alternative detector pair with point-row provenance; not added to original v783 graph or physiologically validated
1187,P_alternate_automated_detector_same_specimen,720575940623495779,720575940629499395,LA_R,720575940629499395,2,63917935;68621215,ACH:2,no,no,Exact alternative detector pair with point-row provenance; not added to original v783 graph or physiologically validated
1188,P_alternate_automated_detector_same_specimen,720575940623537629,720575940610073940,LA_L,720575940610073940,2,1411239;6107408,ACH:2,no,no,Exact alternative detector pair with point-row provenance; not added to original v783 graph or physiologically validated
1189,P_alternate_automated_detector_same_specimen,720575940623663715,720575940609221900,LA_L,720575940609221900,2,37359304;43706555,GABA:2,no,no,Exact alternative detector pair with point-row provenance; not added to original v783 graph or physiologically validated
1190,P_alternate_automated_detector_same_specimen,720575940623730314,720575940629377641,LA_R,720575940629377641,2,45586357;63212058,ACH:2,no,no,Exact alternative detector pair with point-row provenance; not added to original v783 graph or physiologically validated
1191,P_alternate_automated_detector_same_specimen,720575940623758669,720575940638719807,GNG,720575940623758669,2,9747874;79469500,ACH:2,no,no,Exact alternative detector pair with point-row provenance; not added to original v783 graph or physiologically validated
1192,P_alternate_automated_detector_same_specimen,720575940623770637,720575940630153978,LA_R,720575940623770637,2,1568065;25765844,ACH:2,no,no,Exact alternative detector pair with point-row provenance; not added to original v783 graph or physiologically validated
1193,P_alternate_automated_detector_same_specimen,720575940623779071,720575940627873299,LA_R,720575940627873299,2,9947232;63917669,ACH:2,no,no,Exact alternative detector pair with point-row provenance; not added to original v783 graph or physiologically validated
1194,P_alternate_automated_detector_same_specimen,720575940623924248,720575940631043900,LA_R,720575940631043900,2,14568602;16291247,ACH:2,no,no,Exact alternative detector pair with point-row provenance; not added to original v783 graph or physiologically validated
1195,P_alternate_automated_detector_same_specimen,720575940623991236,720575940610715204,LA_R,720575940610715204,2,55377706;74500279,ACH:2,no,no,Exact alternative detector pair with point-row provenance; not added to original v783 graph or physiologically validated
1196,P_alternate_automated_detector_same_specimen,720575940624114985,720575940621458625,LA_L,720575940621458625,2,43080268;59295806,ACH:2,no,no,Exact alternative detector pair with point-row provenance; not added to original v783 graph or physiologically validated
1197,P_alternate_automated_detector_same_specimen,720575940624139305,720575940618381012,LA_R,720575940624139305,2,28350929;56787061,ACH:2,no,no,Exact alternative detector pair with point-row provenance; not added to original v783 graph or physiologically validated
1198,P_alternate_automated_detector_same_specimen,720575940624141508,720575940610222805,LA_R,720575940624141508,2,13080739;27097747,ACH:2,no,no,Exact alternative detector pair with point-row provenance; not added to original v783 graph or physiologically validated
1199,P_alternate_automated_detector_same_specimen,720575940624141508,720575940625266761,LA_R,720575940624141508,2,21772705;71992552,ACH:2,no,no,Exact alternative detector pair with point-row provenance; not added to original v783 graph or physiologically validated
1200,P_alternate_automated_detector_same_specimen,720575940624274824,720575940633773523,LA_R,720575940633773523,2,6419356;23024080,ACH:2,no,no,Exact alternative detector pair with point-row provenance; not added to original v783 graph or physiologically validated
1201,P_alternate_automated_detector_same_specimen,720575940624468809,720575940617920827,LA_R,720575940617920827,2,6185721;75360440,ACH:2,no,no,Exact alternative detector pair with point-row provenance; not added to original v783 graph or physiologically validated
1202,P_alternate_automated_detector_same_specimen,720575940624522986,720575940630485626,LA_R,720575940630485626,2,52478879;77082885,ACH:2,no,no,Exact alternative detector pair with point-row provenance; not added to original v783 graph or physiologically validated
1203,P_alternate_automated_detector_same_specimen,720575940624763796,720575940611550840,LA_R,720575940611550840,2,47935996;62193834,ACH:2,no,no,Exact alternative detector pair with point-row provenance; not added to original v783 graph or physiologically validated
1204,P_alternate_automated_detector_same_specimen,720575940624766700,720575940633816986,GNG,720575940633816986,2,49694997;50477418,ACH:2,no,no,Exact alternative detector pair with point-row provenance; not added to original v783 graph or physiologically validated
1205,P_alternate_automated_detector_same_specimen,720575940624870217,720575940617027014,LA_R,720575940624870217,2,59999469;74422181,ACH:2,no,no,Exact alternative detector pair with point-row provenance; not added to original v783 graph or physiologically validated
1206,P_alternate_automated_detector_same_specimen,720575940624870217,720575940632058451,LA_R,720575940624870217,2,13315347;31092111,ACH:2,no,no,Exact alternative detector pair with point-row provenance; not added to original v783 graph or physiologically validated
1207,P_alternate_automated_detector_same_specimen,720575940624870217,720575940637073775,LA_R,720575940624870217,2,9163841;17545181,ACH:2,no,no,Exact alternative detector pair with point-row provenance; not added to original v783 graph or physiologically validated
1208,P_alternate_automated_detector_same_specimen,720575940624956139,720575940637590128,LA_R,720575940624956139,2,44175523;69797406,ACH:2,no,no,Exact alternative detector pair with point-row provenance; not added to original v783 graph or physiologically validated
1209,P_alternate_automated_detector_same_specimen,720575940625067243,720575940629063409,LA_L,720575940625067243;720575940629063409,2,56943434;67913023,ACH:2,no,no,Exact alternative detector pair with point-row provenance; not added to original v783 graph or physiologically validated
1210,P_alternate_automated_detector_same_specimen,720575940625075453,720575940618712221,LA_R,720575940618712221,2,24511420;43470959,ACH:2,no,no,Exact alternative detector pair with point-row provenance; not added to original v783 graph or physiologically validated
1211,P_alternate_automated_detector_same_specimen,720575940625113015,720575940618685853,LA_R,720575940625113015,2,20051527;26470360,ACH:2,no,no,Exact alternative detector pair with point-row provenance; not added to original v783 graph or physiologically validated
1212,P_alternate_automated_detector_same_specimen,720575940625113015,720575940620463855,LA_R,720575940625113015,2,28115814;58902759,ACH:2,no,no,Exact alternative detector pair with point-row provenance; not added to original v783 graph or physiologically validated
1213,P_alternate_automated_detector_same_specimen,720575940625125640,720575940610222805,LA_R,720575940625125640,2,35399259;70346763,ACH:2,no,no,Exact alternative detector pair with point-row provenance; not added to original v783 graph or physiologically validated
1214,P_alternate_automated_detector_same_specimen,720575940625155837,720575940622799137,LA_R,720575940622799137,2,24042205;32734816,ACH:2,no,no,Exact alternative detector pair with point-row provenance; not added to original v783 graph or physiologically validated
1215,P_alternate_automated_detector_same_specimen,720575940625266761,720575940628054397,LA_R,720575940628054397,2,17780274;77787998,ACH:2,no,no,Exact alternative detector pair with point-row provenance; not added to original v783 graph or physiologically validated
1216,P_alternate_automated_detector_same_specimen,720575940625282488,720575940631186550,LA_R,720575940631186550,2,42218093;64153244,ACH:2,no,no,Exact alternative detector pair with point-row provenance; not added to original v783 graph or physiologically validated
1217,P_alternate_automated_detector_same_specimen,720575940625416167,720575940611101230,LA_R,720575940625416167,2,11906088;46840925,ACH:2,no,no,Exact alternative detector pair with point-row provenance; not added to original v783 graph or physiologically validated
1218,P_alternate_automated_detector_same_specimen,720575940625416167,720575940635664279,LA_R,720575940625416167,2,35006871;73010794,ACH:2,no,no,Exact alternative detector pair with point-row provenance; not added to original v783 graph or physiologically validated
1219,P_alternate_automated_detector_same_specimen,720575940625511572,720575940630869760,LA_R,720575940625511572,2,43392862;69326838,ACH:2,no,no,Exact alternative detector pair with point-row provenance; not added to original v783 graph or physiologically validated
1220,P_alternate_automated_detector_same_specimen,720575940625615508,720575940631505260,LA_L,720575940631505260,2,41669499;60078591,ACH:2,no,no,Exact alternative detector pair with point-row provenance; not added to original v783 graph or physiologically validated
1221,P_alternate_automated_detector_same_specimen,720575940625615847,720575940618864724,LA_L,720575940618864724,2,70582585;78023706,ACH:2,no,no,Exact alternative detector pair with point-row provenance; not added to original v783 graph or physiologically validated
1222,P_alternate_automated_detector_same_specimen,720575940625652272,720575940625717747,LA_R,720575940625717747,2,24746164;37045665,GLUT:2,no,no,Exact alternative detector pair with point-row provenance; not added to original v783 graph or physiologically validated
1223,P_alternate_automated_detector_same_specimen,720575940625652879,720575940609347595,GNG,720575940625652879,2,35122708;51027708,ACH:2,no,no,Exact alternative detector pair with point-row provenance; not added to original v783 graph or physiologically validated
1224,P_alternate_automated_detector_same_specimen,720575940625721118,720575940610895474,IPS_L,720575940625721118,2,2854562;71476979,ACH:2,yes,no,Exact alternative detector pair with point-row provenance; not added to original v783 graph or physiologically validated
1225,P_alternate_automated_detector_same_specimen,720575940625721118,720575940614254534,SPS_L,720575940625721118,2,31355919;45773825,ACH:2,no,no,Exact alternative detector pair with point-row provenance; not added to original v783 graph or physiologically validated
1226,P_alternate_automated_detector_same_specimen,720575940625721118,720575940628362993,SPS_L,720575940625721118,2,29948067;32608071,ACH:2,no,no,Exact alternative detector pair with point-row provenance; not added to original v783 graph or physiologically validated
1227,P_alternate_automated_detector_same_specimen,720575940625781692,720575940619139653,LA_R,720575940625781692,2,7595641;78648874,ACH:2,no,no,Exact alternative detector pair with point-row provenance; not added to original v783 graph or physiologically validated
1228,P_alternate_automated_detector_same_specimen,720575940625798332,720575940624139305,LA_R,720575940624139305,2,39553593;40022416,GABA:2,no,no,Exact alternative detector pair with point-row provenance; not added to original v783 graph or physiologically validated
1229,P_alternate_automated_detector_same_specimen,720575940625892284,720575940632280338,LA_L,720575940632280338,2,5011571;60942658,ACH:2,yes,no,Exact alternative detector pair with point-row provenance; not added to original v783 graph or physiologically validated
1230,P_alternate_automated_detector_same_specimen,720575940626014734,720575940620666315,LA_R,720575940620666315,2,20520650;31012720,ACH:2,no,no,Exact alternative detector pair with point-row provenance; not added to original v783 graph or physiologically validated
1231,P_alternate_automated_detector_same_specimen,720575940626023608,720575940624141508,LA_R,720575940624141508,2,13551298;26392385,ACH:2,no,no,Exact alternative detector pair with point-row provenance; not added to original v783 graph or physiologically validated
1232,P_alternate_automated_detector_same_specimen,720575940626529052,720575940609221900,LA_L,720575940609221900,2,12532803;71679277,ACH:2,no,no,Exact alternative detector pair with point-row provenance; not added to original v783 graph or physiologically validated
1233,P_alternate_automated_detector_same_specimen,720575940626585744,720575940655596193,LA_R,720575940626585744;720575940655596193,2,28821732;48641430,ACH:2,no,no,Exact alternative detector pair with point-row provenance; not added to original v783 graph or physiologically validated
1234,P_alternate_automated_detector_same_specimen,720575940626702159,720575940616786433,GNG,720575940626702159,2,21183360;31519720,ACH:2,no,no,Exact alternative detector pair with point-row provenance; not added to original v783 graph or physiologically validated
1235,P_alternate_automated_detector_same_specimen,720575940626702159,720575940631651810,GNG,720575940626702159,2,31519721;63641402,ACH:2,no,no,Exact alternative detector pair with point-row provenance; not added to original v783 graph or physiologically validated
1236,P_alternate_automated_detector_same_specimen,720575940626702159,720575940638203881,GNG,720575940626702159,2,40530216;76728763,ACH:2,no,no,Exact alternative detector pair with point-row provenance; not added to original v783 graph or physiologically validated
1237,P_alternate_automated_detector_same_specimen,720575940626702159,720575940640998875,GNG,720575940626702159,2,10140867;23609756,ACH:2,no,no,Exact alternative detector pair with point-row provenance; not added to original v783 graph or physiologically validated
1238,P_alternate_automated_detector_same_specimen,720575940626770532,720575940627462914,LA_L,720575940626770532;720575940627462914,2,38063174;75516846,ACH:2,no,no,Exact alternative detector pair with point-row provenance; not added to original v783 graph or physiologically validated
1239,P_alternate_automated_detector_same_specimen,720575940626896145,720575940623474412,PB,720575940626896145,2,13661953;63323105,ACH:2,no,no,Exact alternative detector pair with point-row provenance; not added to original v783 graph or physiologically validated
1240,P_alternate_automated_detector_same_specimen,720575940626896145,720575940646126644,PB,720575940626896145,2,4808679;71868319,ACH:2,no,no,Exact alternative detector pair with point-row provenance; not added to original v783 graph or physiologically validated
1241,P_alternate_automated_detector_same_specimen,720575940627052802,720575940632674444,LA_L,720575940632674444,2,39240507;45586538,ACH:2,no,no,Exact alternative detector pair with point-row provenance; not added to original v783 graph or physiologically validated
1242,P_alternate_automated_detector_same_specimen,720575940627138306,720575940656074145,LA_R,720575940627138306,2,26470494;63525287,ACH:2,no,no,Exact alternative detector pair with point-row provenance; not added to original v783 graph or physiologically validated
1243,P_alternate_automated_detector_same_specimen,720575940627149415,720575940617225589,GNG,720575940627149415,2,49618348;59723927,ACH:2,no,no,Exact alternative detector pair with point-row provenance; not added to original v783 graph or physiologically validated
1244,P_alternate_automated_detector_same_specimen,720575940627149415,720575940621636988,GNG,720575940627149415,2,39356095;60115697,ACH:2,no,no,Exact alternative detector pair with point-row provenance; not added to original v783 graph or physiologically validated
1245,P_alternate_automated_detector_same_specimen,720575940627181828,720575940621103269,LA_R,720575940621103269,2,12923854;40099945,ACH:2,no,no,Exact alternative detector pair with point-row provenance; not added to original v783 graph or physiologically validated
1246,P_alternate_automated_detector_same_specimen,720575940627618905,720575940621097748,LA_L,720575940627618905,2,1176809;78180874,ACH:2,no,no,Exact alternative detector pair with point-row provenance; not added to original v783 graph or physiologically validated
1247,P_alternate_automated_detector_same_specimen,720575940627671433,720575940615102375,LA_R,720575940627671433,2,64388230;66189225,ACH:2,no,no,Exact alternative detector pair with point-row provenance; not added to original v783 graph or physiologically validated
1248,P_alternate_automated_detector_same_specimen,720575940627671433,720575940619627166,LA_R,720575940627671433,2,41825341;42218244,ACH:2,no,no,Exact alternative detector pair with point-row provenance; not added to original v783 graph or physiologically validated
1249,P_alternate_automated_detector_same_specimen,720575940627671433,720575940628499944,LA_R,720575940627671433,2,44723945;53967234,ACH:2,no,no,Exact alternative detector pair with point-row provenance; not added to original v783 graph or physiologically validated
1250,P_alternate_automated_detector_same_specimen,720575940627692626,720575940624956139,LA_R,720575940624956139,2,45820877;67912341,ACH:2,no,no,Exact alternative detector pair with point-row provenance; not added to original v783 graph or physiologically validated
1251,P_alternate_automated_detector_same_specimen,720575940627812358,720575940626216720,GNG,720575940626216720,2,10692909;30817299,ACH:2,no,no,Exact alternative detector pair with point-row provenance; not added to original v783 graph or physiologically validated
1252,P_alternate_automated_detector_same_specimen,720575940627873299,720575940644733344,LA_R,720575940627873299,2,23416398;54123773,ACH:2,no,no,Exact alternative detector pair with point-row provenance; not added to original v783 graph or physiologically validated
1253,P_alternate_automated_detector_same_specimen,720575940627931544,720575940629854507,LA_R,720575940629854507,2,39944272;72932783,ACH:2,no,no,Exact alternative detector pair with point-row provenance; not added to original v783 graph or physiologically validated
1254,P_alternate_automated_detector_same_specimen,720575940628102013,720575940620629553,LA_R,720575940620629553;720575940628102013,2,57491765;73402643,ACH:2,no,no,Exact alternative detector pair with point-row provenance; not added to original v783 graph or physiologically validated
1255,P_alternate_automated_detector_same_specimen,720575940628209801,720575940614736699,GNG,720575940614736699,2,44684058;67011025,DA:2,no,no,Exact alternative detector pair with point-row provenance; not added to original v783 graph or physiologically validated
1256,P_alternate_automated_detector_same_specimen,720575940628335611,720575940617079737,GNG,720575940628335611,2,27059487;50639260,ACH:2,no,no,Exact alternative detector pair with point-row provenance; not added to original v783 graph or physiologically validated
1257,P_alternate_automated_detector_same_specimen,720575940628335611,720575940643467886,GNG,720575940628335611,2,42569814;53457147,ACH:2,no,no,Exact alternative detector pair with point-row provenance; not added to original v783 graph or physiologically validated
1258,P_alternate_automated_detector_same_specimen,720575940628346170,720575940639983293,LA_L,720575940628346170,2,39632017;48093853,ACH:2,no,no,Exact alternative detector pair with point-row provenance; not added to original v783 graph or physiologically validated
1259,P_alternate_automated_detector_same_specimen,720575940628437777,720575940622029494,LA_R,720575940622029494,2,23024442;42531165,ACH:2,no,no,Exact alternative detector pair with point-row provenance; not added to original v783 graph or physiologically validated
1260,P_alternate_automated_detector_same_specimen,720575940628442389,720575940621191407,LA_R,720575940628442389,2,45665113;73795047,ACH:2,no,no,Exact alternative detector pair with point-row provenance; not added to original v783 graph or physiologically validated
1261,P_alternate_automated_detector_same_specimen,720575940628446888,720575940612947635,LA_R,720575940612947635,2,14333455;49424122,GABA:2,no,no,Exact alternative detector pair with point-row provenance; not added to original v783 graph or physiologically validated
1262,P_alternate_automated_detector_same_specimen,720575940628722438,720575940623003169,LA_R,720575940623003169,2,47465857;63446202,ACH:2,no,no,Exact alternative detector pair with point-row provenance; not added to original v783 graph or physiologically validated
1263,P_alternate_automated_detector_same_specimen,720575940628818182,720575940621544175,ME_L,720575940621544175,2,22797937;45829330,GABA:2,no,no,Exact alternative detector pair with point-row provenance; not added to original v783 graph or physiologically validated
1264,P_alternate_automated_detector_same_specimen,720575940628849148,720575940607860169,LA_R,720575940607860169,2,23103594;36810073,ACH:2,no,no,Exact alternative detector pair with point-row provenance; not added to original v783 graph or physiologically validated
1265,P_alternate_automated_detector_same_specimen,720575940628955722,720575940605989804,LA_L,720575940628955722,2,45351123;67129040,ACH:2,no,no,Exact alternative detector pair with point-row provenance; not added to original v783 graph or physiologically validated
1266,P_alternate_automated_detector_same_specimen,720575940628975690,720575940639201508,LA_R,720575940639201508,2,41276711;47153683,ACH:2,no,no,Exact alternative detector pair with point-row provenance; not added to original v783 graph or physiologically validated
1267,P_alternate_automated_detector_same_specimen,720575940629034799,720575940631230167,LA_L,720575940631230167,2,25924505;45509833,ACH:2,no,no,Exact alternative detector pair with point-row provenance; not added to original v783 graph or physiologically validated
1268,P_alternate_automated_detector_same_specimen,720575940629070155,720575940609824369,GNG,720575940629070155,2,11159770;29797308,ACH:2,no,no,Exact alternative detector pair with point-row provenance; not added to original v783 graph or physiologically validated
1269,P_alternate_automated_detector_same_specimen,720575940629070155,720575940610871475,GNG,720575940629070155,2,27057294;35280337,ACH:2,no,no,Exact alternative detector pair with point-row provenance; not added to original v783 graph or physiologically validated
1270,P_alternate_automated_detector_same_specimen,720575940629111626,720575940614839215,LA_R,720575940614839215,2,30309203;79981238,ACH:2,no,no,Exact alternative detector pair with point-row provenance; not added to original v783 graph or physiologically validated
1271,P_alternate_automated_detector_same_specimen,720575940629112316,720575940612326606,ME_L,720575940612326606,2,7676486;48487465,GLUT:2,no,no,Exact alternative detector pair with point-row provenance; not added to original v783 graph or physiologically validated
1272,P_alternate_automated_detector_same_specimen,720575940629377641,720575940632047631,LA_R,720575940629377641,2,19738430;60469323,ACH:2,no,no,Exact alternative detector pair with point-row provenance; not added to original v783 graph or physiologically validated
1273,P_alternate_automated_detector_same_specimen,720575940629403196,720575940625603512,LA_L,720575940625603512,2,3994443;54202808,ACH:2,no,no,Exact alternative detector pair with point-row provenance; not added to original v783 graph or physiologically validated
1274,P_alternate_automated_detector_same_specimen,720575940629486714,720575940613684274,GNG,720575940613684274,2,1055005;26350100,GABA:2,no,no,Exact alternative detector pair with point-row provenance; not added to original v783 graph or physiologically validated
1275,P_alternate_automated_detector_same_specimen,720575940629499395,720575940618531618,LA_R,720575940618531618;720575940629499395,2,22163053;22790248,ACH:2,no,no,Exact alternative detector pair with point-row provenance; not added to original v783 graph or physiologically validated
1276,P_alternate_automated_detector_same_specimen,720575940629636713,720575940626298512,ME_L,720575940629636713,2,6577252;73874020,ACH:2,no,no,Exact alternative detector pair with point-row provenance; not added to original v783 graph or physiologically validated
1277,P_alternate_automated_detector_same_specimen,720575940629706343,720575940618115289,LA_R,720575940618115289,2,53654182;62194281,ACH:2,no,no,Exact alternative detector pair with point-row provenance; not added to original v783 graph or physiologically validated
1278,P_alternate_automated_detector_same_specimen,720575940629714793,720575940629834395,LA_R,720575940629714793,2,65484026;75359824,ACH:2,no,no,Exact alternative detector pair with point-row provenance; not added to original v783 graph or physiologically validated
1279,P_alternate_automated_detector_same_specimen,720575940629780739,720575940621458625,LA_L,720575940621458625,2,627376;53027962,ACH:2,no,no,Exact alternative detector pair with point-row provenance; not added to original v783 graph or physiologically validated
1280,P_alternate_automated_detector_same_specimen,720575940629808911,720575940615386324,SMP_R,720575940629808911,2,9834518;50017173,ACH:2,no,no,Exact alternative detector pair with point-row provenance; not added to original v783 graph or physiologically validated
1281,P_alternate_automated_detector_same_specimen,720575940629808911,720575940620332141,IPS_R,720575940629808911,2,8889759;46411049,ACH:2,no,no,Exact alternative detector pair with point-row provenance; not added to original v783 graph or physiologically validated
1282,P_alternate_automated_detector_same_specimen,720575940629808911,720575940622880525,MB_CA_R,720575940629808911,2,30589801;70862427,ACH:2,yes,no,Exact alternative detector pair with point-row provenance; not added to original v783 graph or physiologically validated
1283,P_alternate_automated_detector_same_specimen,720575940629808911,720575940624851864,UNASGD,720575940629808911,2,12262866;55109680,ACH:2,no,no,Exact alternative detector pair with point-row provenance; not added to original v783 graph or physiologically validated
1284,P_alternate_automated_detector_same_specimen,720575940629808911,720575940626513171,UNASGD,720575940629808911,2,52210264;69057451,ACH:2,no,no,Exact alternative detector pair with point-row provenance; not added to original v783 graph or physiologically validated
1285,P_alternate_automated_detector_same_specimen,720575940629808911,720575940626878214,UNASGD,720575940629808911,2,15861625;70151704,ACH:2,no,no,Exact alternative detector pair with point-row provenance; not added to original v783 graph or physiologically validated
1286,P_alternate_automated_detector_same_specimen,720575940629808911,720575940628393734,SMP_R,720575940629808911,2,11481229;50173099,ACH:2,no,no,Exact alternative detector pair with point-row provenance; not added to original v783 graph or physiologically validated
1287,P_alternate_automated_detector_same_specimen,720575940629808911,720575940636633848,SMP_R,720575940629808911,2,10621309;57459037,ACH:2,yes,no,Exact alternative detector pair with point-row provenance; not added to original v783 graph or physiologically validated
1288,P_alternate_automated_detector_same_specimen,720575940629854507,720575940618522397,LA_R,720575940629854507,2,18798104;54516424,ACH:2,no,no,Exact alternative detector pair with point-row provenance; not added to original v783 graph or physiologically validated
1289,P_alternate_automated_detector_same_specimen,720575940629888515,720575940633051020,LA_L,720575940629888515,2,47936675;68463898,ACH:2,no,no,Exact alternative detector pair with point-row provenance; not added to original v783 graph or physiologically validated
1290,P_alternate_automated_detector_same_specimen,720575940629921099,720575940611510765,GNG,720575940611510765,2,5674687;20481012,GLUT:2,no,no,Exact alternative detector pair with point-row provenance; not added to original v783 graph or physiologically validated
1291,P_alternate_automated_detector_same_specimen,720575940629924091,720575940604481964,SPS_L,720575940629924091,2,1282680;43187191,ACH:2,no,no,Exact alternative detector pair with point-row provenance; not added to original v783 graph or physiologically validated
1292,P_alternate_automated_detector_same_specimen,720575940629924091,720575940611186034,IPS_L,720575940629924091,2,15776788;18990745,ACH:2,no,no,Exact alternative detector pair with point-row provenance; not added to original v783 graph or physiologically validated
1293,P_alternate_automated_detector_same_specimen,720575940629924091,720575940625878909,IPS_L,720575940629924091,2,18127185;54318068,ACH:2,no,no,Exact alternative detector pair with point-row provenance; not added to original v783 graph or physiologically validated
1294,P_alternate_automated_detector_same_specimen,720575940629924091,720575940634288735,IPS_L,720575940629924091,2,1760653;35749138,ACH:2,no,no,Exact alternative detector pair with point-row provenance; not added to original v783 graph or physiologically validated
1295,P_alternate_automated_detector_same_specimen,720575940629924091,720575940636070239,SPS_L,720575940629924091,2,2301845;43420529,ACH:2,no,no,Exact alternative detector pair with point-row provenance; not added to original v783 graph or physiologically validated
1296,P_alternate_automated_detector_same_specimen,720575940629924091,720575940637200503,SPS_L,720575940629924091,2,17102123;43107607,ACH:2,no,no,Exact alternative detector pair with point-row provenance; not added to original v783 graph or physiologically validated
1297,P_alternate_automated_detector_same_specimen,720575940629924091,720575940646225006,IPS_L,720575940629924091,2,31671880;32769338,ACH:2,no,no,Exact alternative detector pair with point-row provenance; not added to original v783 graph or physiologically validated
1298,P_alternate_automated_detector_same_specimen,720575940630098075,720575940613330917,ME_L,720575940630098075,2,3223122;16065398,ACH:2,no,no,Exact alternative detector pair with point-row provenance; not added to original v783 graph or physiologically validated
1299,P_alternate_automated_detector_same_specimen,720575940630098075,720575940620680798,ME_L,720575940630098075,2,32273862;59618197,ACH:2,no,no,Exact alternative detector pair with point-row provenance; not added to original v783 graph or physiologically validated
1300,P_alternate_automated_detector_same_specimen,720575940630098075,720575940621881861,LA_L,720575940630098075,2,3526743;31328976,ACH:2,no,no,Exact alternative detector pair with point-row provenance; not added to original v783 graph or physiologically validated
1301,P_alternate_automated_detector_same_specimen,720575940630098075,720575940621881861,ME_L,720575940630098075,2,30002888;80065980,ACH:2,no,no,Exact alternative detector pair with point-row provenance; not added to original v783 graph or physiologically validated
1302,P_alternate_automated_detector_same_specimen,720575940630098075,720575940625673959,ME_L,720575940630098075,2,29065780;35722812,ACH:2,no,no,Exact alternative detector pair with point-row provenance; not added to original v783 graph or physiologically validated
1303,P_alternate_automated_detector_same_specimen,720575940630098075,720575940628419372,ME_L,720575940630098075,2,46300868;51862649,ACH:2,no,no,Exact alternative detector pair with point-row provenance; not added to original v783 graph or physiologically validated
1304,P_alternate_automated_detector_same_specimen,720575940630153978,720575940623770637,LA_R,720575940623770637,2,37749764;59138802,ACH:2,no,no,Exact alternative detector pair with point-row provenance; not added to original v783 graph or physiologically validated
1305,P_alternate_automated_detector_same_specimen,720575940630288758,720575940629714793,LA_R,720575940629714793,2,14802836;52166011,ACH:2,no,no,Exact alternative detector pair with point-row provenance; not added to original v783 graph or physiologically validated
1306,P_alternate_automated_detector_same_specimen,720575940630288758,720575940645991278,LA_R,720575940645991278,2,46605335;57178174,ACH:2,no,no,Exact alternative detector pair with point-row provenance; not added to original v783 graph or physiologically validated
1307,P_alternate_automated_detector_same_specimen,720575940630315740,720575940618150105,LA_R,720575940618150105,2,13940917;14411052,ACH:2,no,no,Exact alternative detector pair with point-row provenance; not added to original v783 graph or physiologically validated
1308,P_alternate_automated_detector_same_specimen,720575940630351554,720575940625266761,LA_R,720575940630351554,2,40571336;72854095,ACH:2,no,no,Exact alternative detector pair with point-row provenance; not added to original v783 graph or physiologically validated
1309,P_alternate_automated_detector_same_specimen,720575940630423418,720575940609240073,LA_R,720575940630423418,2,313059;37202061,ACH:2,no,no,Exact alternative detector pair with point-row provenance; not added to original v783 graph or physiologically validated
1310,P_alternate_automated_detector_same_specimen,720575940630461302,720575940621463699,GNG,720575940621463699,2,32381803;65914273,ACH:2,no,no,Exact alternative detector pair with point-row provenance; not added to original v783 graph or physiologically validated
1311,P_alternate_automated_detector_same_specimen,720575940630475134,720575940628955722,LA_L,720575940628955722,2,43863439;75048318,ACH:2,no,no,Exact alternative detector pair with point-row provenance; not added to original v783 graph or physiologically validated
1312,P_alternate_automated_detector_same_specimen,720575940630485626,720575940618489318,LA_R,720575940630485626,2,12923869;21302968,ACH:2,no,no,Exact alternative detector pair with point-row provenance; not added to original v783 graph or physiologically validated
1313,P_alternate_automated_detector_same_specimen,720575940630726956,720575940631184246,LA_L,720575940631184246,2,47623390;70973378,ACH:2,no,no,Exact alternative detector pair with point-row provenance; not added to original v783 graph or physiologically validated
1314,P_alternate_automated_detector_same_specimen,720575940630727212,720575940625564860,LA_L,720575940625564860;720575940630727212,2,39240508;40100588,ACH:2,no,no,Exact alternative detector pair with point-row provenance; not added to original v783 graph or physiologically validated
1315,P_alternate_automated_detector_same_specimen,720575940630846125,720575940614776262,GNG,720575940630846125,2,37786936;68579748,ACH:2,no,no,Exact alternative detector pair with point-row provenance; not added to original v783 graph or physiologically validated
1316,P_alternate_automated_detector_same_specimen,720575940630846125,720575940642061709,GNG,720575940630846125,2,54396535;55023909,ACH:2,no,no,Exact alternative detector pair with point-row provenance; not added to original v783 graph or physiologically validated
1317,P_alternate_automated_detector_same_specimen,720575940630869548,720575940631057679,LA_R,720575940630869548,2,45428991;52792606,ACH:2,no,no,Exact alternative detector pair with point-row provenance; not added to original v783 graph or physiologically validated
1318,P_alternate_automated_detector_same_specimen,720575940630869760,720575940625511572,LA_R,720575940625511572,2,66423681;77944568,ACH:2,no,no,Exact alternative detector pair with point-row provenance; not added to original v783 graph or physiologically validated
1319,P_alternate_automated_detector_same_specimen,720575940630871260,720575940622583284,LA_R,720575940630871260,2,17858475;24903741,ACH:2,no,no,Exact alternative detector pair with point-row provenance; not added to original v783 graph or physiologically validated
1320,P_alternate_automated_detector_same_specimen,720575940630871260,720575940631048812,LA_R,720575940630871260;720575940631048812,2,37827948;65092898,ACH:2,no,no,Exact alternative detector pair with point-row provenance; not added to original v783 graph or physiologically validated
1321,P_alternate_automated_detector_same_specimen,720575940630884855,720575940629714793,LA_R,720575940629714793,2,11749062;39161904,GABA:2,no,no,Exact alternative detector pair with point-row provenance; not added to original v783 graph or physiologically validated
1322,P_alternate_automated_detector_same_specimen,720575940630997292,720575940623003169,LA_R,720575940623003169,2,17152917;19032110,ACH:2,no,no,Exact alternative detector pair with point-row provenance; not added to original v783 graph or physiologically validated
1323,P_alternate_automated_detector_same_specimen,720575940631043900,720575940623924248,LA_R,720575940631043900,2,37828021;58118550,ACH:2,no,no,Exact alternative detector pair with point-row provenance; not added to original v783 graph or physiologically validated
1324,P_alternate_automated_detector_same_specimen,720575940631048812,720575940630871260,LA_R,720575940630871260;720575940631048812,2,39397107;62350816,ACH:2,no,no,Exact alternative detector pair with point-row provenance; not added to original v783 graph or physiologically validated
1325,P_alternate_automated_detector_same_specimen,720575940631079900,720575940627852669,LA_L,720575940627852669;720575940631079900,2,18641728;80059803,ACH:2,no,no,Exact alternative detector pair with point-row provenance; not added to original v783 graph or physiologically validated
1326,P_alternate_automated_detector_same_specimen,720575940631113180,720575940615951839,LA_R,720575940615951839,2,16526008;54202738,ACH:2,no,no,Exact alternative detector pair with point-row provenance; not added to original v783 graph or physiologically validated
1327,P_alternate_automated_detector_same_specimen,720575940631186550,720575940633443923,LA_R,720575940631186550,2,38691412;63055893,ACH:2,no,no,Exact alternative detector pair with point-row provenance; not added to original v783 graph or physiologically validated
1328,P_alternate_automated_detector_same_specimen,720575940631246636,720575940625416167,LA_R,720575940625416167,2,49502592;64858176,ACH:2,no,no,Exact alternative detector pair with point-row provenance; not added to original v783 graph or physiologically validated
1329,P_alternate_automated_detector_same_specimen,720575940631286636,720575940630250139,LA_R,720575940631286636,2,67912290;68384206,ACH:2,no,no,Exact alternative detector pair with point-row provenance; not added to original v783 graph or physiologically validated
1330,P_alternate_automated_detector_same_specimen,720575940631301883,720575940609698254,LA_R,720575940631301883,2,32890943;63211805,ACH:2,no,no,Exact alternative detector pair with point-row provenance; not added to original v783 graph or physiologically validated
1331,P_alternate_automated_detector_same_specimen,720575940631301883,720575940620543323,LA_R,720575940631301883,2,71992416;79745822,ACH:2,no,no,Exact alternative detector pair with point-row provenance; not added to original v783 graph or physiologically validated
1332,P_alternate_automated_detector_same_specimen,720575940631349878,720575940622703640,LA_R,720575940622703640,2,15194481;75673647,ACH:2,no,no,Exact alternative detector pair with point-row provenance; not added to original v783 graph or physiologically validated
1333,P_alternate_automated_detector_same_specimen,720575940631419991,720575940635013020,LA_R,720575940635013020,2,28193205;75516129,ACH:2,no,no,Exact alternative detector pair with point-row provenance; not added to original v783 graph or physiologically validated
1334,P_alternate_automated_detector_same_specimen,720575940631505260,720575940625272252,LA_L,720575940631505260,2,21617080;34144732,ACH:2,no,no,Exact alternative detector pair with point-row provenance; not added to original v783 graph or physiologically validated
1335,P_alternate_automated_detector_same_specimen,720575940631549125,720575940621090213,LA_R,720575940621090213,2,46448528;58353819,ACH:2,no,no,Exact alternative detector pair with point-row provenance; not added to original v783 graph or physiologically validated
1336,P_alternate_automated_detector_same_specimen,720575940631549125,720575940622799898,LA_R,720575940622799898,2,5558703;19817031,ACH:2,no,no,Exact alternative detector pair with point-row provenance; not added to original v783 graph or physiologically validated
1337,P_alternate_automated_detector_same_specimen,720575940631592017,720575940614254534,SPS_L,720575940631592017,2,24934222;47653389,ACH:2,no,no,Exact alternative detector pair with point-row provenance; not added to original v783 graph or physiologically validated
1338,P_alternate_automated_detector_same_specimen,720575940631592017,720575940625721118,IPS_L,720575940625721118;720575940631592017,2,59799250;71635263,ACH:2,no,no,Exact alternative detector pair with point-row provenance; not added to original v783 graph or physiologically validated
1339,P_alternate_automated_detector_same_specimen,720575940631592017,720575940625796839,SPS_L,720575940631592017,2,53216443;67864861,ACH:2,no,no,Exact alternative detector pair with point-row provenance; not added to original v783 graph or physiologically validated
1340,P_alternate_automated_detector_same_specimen,720575940631592017,720575940628362993,SPS_L,720575940631592017,2,35743824;41619428,ACH:2,no,no,Exact alternative detector pair with point-row provenance; not added to original v783 graph or physiologically validated
1341,P_alternate_automated_detector_same_specimen,720575940631647173,720575940607124707,LA_R,720575940631647173,2,32029994;78022014,ACH:2,no,no,Exact alternative detector pair with point-row provenance; not added to original v783 graph or physiologically validated
1342,P_alternate_automated_detector_same_specimen,720575940631721721,720575940626928740,LA_R,720575940626928740,2,19895229;36575356,ACH:2,no,no,Exact alternative detector pair with point-row provenance; not added to original v783 graph or physiologically validated
1343,P_alternate_automated_detector_same_specimen,720575940631750095,720575940629002502,LA_R,720575940631750095,2,42453278;76612988,ACH:2,no,no,Exact alternative detector pair with point-row provenance; not added to original v783 graph or physiologically validated
1344,P_alternate_automated_detector_same_specimen,720575940632083275,720575940612179042,LA_R,720575940632083275,2,19268023;64388118,ACH:2,no,no,Exact alternative detector pair with point-row provenance; not added to original v783 graph or physiologically validated
1345,P_alternate_automated_detector_same_specimen,720575940632083275,720575940628811082,LA_R,720575940632083275,2,37436998;53497095,ACH:2,no,no,Exact alternative detector pair with point-row provenance; not added to original v783 graph or physiologically validated
1346,P_alternate_automated_detector_same_specimen,720575940632127530,720575940618061661,LA_L,720575940618061661,2,2272706;41120121,ACH:2,no,no,Exact alternative detector pair with point-row provenance; not added to original v783 graph or physiologically validated
1347,P_alternate_automated_detector_same_specimen,720575940632163923,720575940619381108,GNG,720575940619381108,2,45309390;75789140,ACH:2,no,no,Exact alternative detector pair with point-row provenance; not added to original v783 graph or physiologically validated
1348,P_alternate_automated_detector_same_specimen,720575940632280338,720575940627117699,ME_L,720575940632280338,2,50136053;57811906,ACH:2,no,no,Exact alternative detector pair with point-row provenance; not added to original v783 graph or physiologically validated
1349,P_alternate_automated_detector_same_specimen,720575940632280338,720575940630984655,ME_L,720575940632280338,2,17393712;44493564,ACH:2,no,no,Exact alternative detector pair with point-row provenance; not added to original v783 graph or physiologically validated
1350,P_alternate_automated_detector_same_specimen,720575940632374632,720575940635440235,UNASGD,720575940635440235,2,39944326;72149345,ACH:2,no,no,Exact alternative detector pair with point-row provenance; not added to original v783 graph or physiologically validated
1351,P_alternate_automated_detector_same_specimen,720575940632382994,720575940628493992,LA_R,720575940632382994,2,47466277;75438130,ACH:2,no,no,Exact alternative detector pair with point-row provenance; not added to original v783 graph or physiologically validated
1352,P_alternate_automated_detector_same_specimen,720575940632460951,720575940635242126,GNG,720575940632460951,2,31989559;73126790,ACH:2,no,no,Exact alternative detector pair with point-row provenance; not added to original v783 graph or physiologically validated
1353,P_alternate_automated_detector_same_specimen,720575940632581945,720575940615600690,LA_R,720575940632581945,2,5872343;50285911,ACH:2,no,no,Exact alternative detector pair with point-row provenance; not added to original v783 graph or physiologically validated
1354,P_alternate_automated_detector_same_specimen,720575940632581945,720575940621555137,LA_R,720575940632581945,2,24825087;36261731,ACH:2,no,no,Exact alternative detector pair with point-row provenance; not added to original v783 graph or physiologically validated
1355,P_alternate_automated_detector_same_specimen,720575940632581945,720575940621905729,LA_R,720575940632581945,2,33204400;63368395,ACH:2,no,no,Exact alternative detector pair with point-row provenance; not added to original v783 graph or physiologically validated
1356,P_alternate_automated_detector_same_specimen,720575940632581945,720575940625266761,LA_R,720575940632581945,2,11593358;19817162,ACH:2,no,no,Exact alternative detector pair with point-row provenance; not added to original v783 graph or physiologically validated
1357,P_alternate_automated_detector_same_specimen,720575940632581945,720575940639473280,LA_R,720575940632581945,2,34301634;48798217,ACH:2,no,no,Exact alternative detector pair with point-row provenance; not added to original v783 graph or physiologically validated
1358,P_alternate_automated_detector_same_specimen,720575940632589880,720575940633176351,LA_R,720575940633176351,2,2194128;30544491,ACH:2,no,no,Exact alternative detector pair with point-row provenance; not added to original v783 graph or physiologically validated
1359,P_alternate_automated_detector_same_specimen,720575940632975052,720575940620797643,LA_L,720575940620797643,2,43785109;70112699,ACH:2,no,no,Exact alternative detector pair with point-row provenance; not added to original v783 graph or physiologically validated
1360,P_alternate_automated_detector_same_specimen,720575940633188492,720575940624763796,LA_R,720575940633188492,2,60312715;70111922,ACH:2,no,no,Exact alternative detector pair with point-row provenance; not added to original v783 graph or physiologically validated
1361,P_alternate_automated_detector_same_specimen,720575940633668179,720575940613474474,LA_R,720575940613474474,2,24590059;62428799,GLUT:2,no,no,Exact alternative detector pair with point-row provenance; not added to original v783 graph or physiologically validated
1362,P_alternate_automated_detector_same_specimen,720575940633785645,720575940628728040,LA_L,720575940628728040,2,68779105;79747123,ACH:2,no,no,Exact alternative detector pair with point-row provenance; not added to original v783 graph or physiologically validated
1363,P_alternate_automated_detector_same_specimen,720575940633816986,720575940622944196,GNG,720575940633816986,2,69129947;77825983,ACH:2,no,no,Exact alternative detector pair with point-row provenance; not added to original v783 graph or physiologically validated
1364,P_alternate_automated_detector_same_specimen,720575940633816986,720575940623854276,GNG,720575940633816986,2,47034816;75632804,ACH:2,no,no,Exact alternative detector pair with point-row provenance; not added to original v783 graph or physiologically validated
1365,P_alternate_automated_detector_same_specimen,720575940633816986,720575940628306114,GNG,720575940633816986,2,66301774;68733225,ACH:2,no,no,Exact alternative detector pair with point-row provenance; not added to original v783 graph or physiologically validated
1366,P_alternate_automated_detector_same_specimen,720575940633816986,720575940630788882,GNG,720575940633816986,2,2624364;41001398,ACH:2,no,no,Exact alternative detector pair with point-row provenance; not added to original v783 graph or physiologically validated
1367,P_alternate_automated_detector_same_specimen,720575940633816986,720575940634290913,GNG,720575940633816986,2,18443573;58702209,ACH:2,no,no,Exact alternative detector pair with point-row provenance; not added to original v783 graph or physiologically validated
1368,P_alternate_automated_detector_same_specimen,720575940633817569,720575940624956139,LA_R,720575940624956139,2,41041274;51696296,ACH:2,no,no,Exact alternative detector pair with point-row provenance; not added to original v783 graph or physiologically validated
1369,P_alternate_automated_detector_same_specimen,720575940633870818,720575940623400216,LA_L,720575940623400216,2,9633807;42609933,ACH:2,no,no,Exact alternative detector pair with point-row provenance; not added to original v783 graph or physiologically validated
1370,P_alternate_automated_detector_same_specimen,720575940634019027,720575940631388887,LA_R,720575940631388887,2,59608836;73794607,ACH:2,no,no,Exact alternative detector pair with point-row provenance; not added to original v783 graph or physiologically validated
1371,P_alternate_automated_detector_same_specimen,720575940634623388,720575940630423418,LA_R,720575940630423418,2,21381910;24120452,ACH:2,no,no,Exact alternative detector pair with point-row provenance; not added to original v783 graph or physiologically validated
1372,P_alternate_automated_detector_same_specimen,720575940634655513,720575940639201508,LA_R,720575940639201508,2,43627822;74578499,ACH:2,no,no,Exact alternative detector pair with point-row provenance; not added to original v783 graph or physiologically validated
1373,P_alternate_automated_detector_same_specimen,720575940635013020,720575940631419991,LA_R,720575940635013020,2,8850179;42844180,ACH:2,no,no,Exact alternative detector pair with point-row provenance; not added to original v783 graph or physiologically validated
1374,P_alternate_automated_detector_same_specimen,720575940635168407,720575940604213937,LA_R,720575940635168407,2,59997666;68540936,ACH:2,no,no,Exact alternative detector pair with point-row provenance; not added to original v783 graph or physiologically validated
1375,P_alternate_automated_detector_same_specimen,720575940635168407,720575940622213289,LA_R,720575940635168407,2,30073035;58822708,ACH:2,no,no,Exact alternative detector pair with point-row provenance; not added to original v783 graph or physiologically validated
1376,P_alternate_automated_detector_same_specimen,720575940635168407,720575940636655215,LA_R,720575940635168407,2,44644158;59763043,ACH:2,no,no,Exact alternative detector pair with point-row provenance; not added to original v783 graph or physiologically validated
1377,P_alternate_automated_detector_same_specimen,720575940635439807,720575940620236593,LA_L,720575940620236593,2,45665293;71835465,ACH:2,no,no,Exact alternative detector pair with point-row provenance; not added to original v783 graph or physiologically validated
1378,P_alternate_automated_detector_same_specimen,720575940635455130,720575940631048812,LA_R,720575940631048812,2,13551080;76769877,ACH:2,no,no,Exact alternative detector pair with point-row provenance; not added to original v783 graph or physiologically validated
1379,P_alternate_automated_detector_same_specimen,720575940635470443,720575940607773314,LA_R,720575940607773314,2,20676302;69169547,ACH:2,no,no,Exact alternative detector pair with point-row provenance; not added to original v783 graph or physiologically validated
1380,P_alternate_automated_detector_same_specimen,720575940635609975,720575940614757974,AL_R,720575940635609975,2,42810825;64824930,ACH:2,no,no,Exact alternative detector pair with point-row provenance; not added to original v783 graph or physiologically validated
1381,P_alternate_automated_detector_same_specimen,720575940635609975,720575940625732196,AL_R,720575940635609975,2,46179732;69607516,ACH:2,no,no,Exact alternative detector pair with point-row provenance; not added to original v783 graph or physiologically validated
1382,P_alternate_automated_detector_same_specimen,720575940635776760,720575940617816661,GNG,720575940617816661,2,5673037;48599385,ACH:2,no,no,Exact alternative detector pair with point-row provenance; not added to original v783 graph or physiologically validated
1383,P_alternate_automated_detector_same_specimen,720575940635831647,720575940616346822,LA_R,720575940616346822,2,34693968;66658540,ACH:2,no,no,Exact alternative detector pair with point-row provenance; not added to original v783 graph or physiologically validated
1384,P_alternate_automated_detector_same_specimen,720575940636044143,720575940621481450,GNG,720575940621481450,2,49536135;70929099,ACH:2,no,no,Exact alternative detector pair with point-row provenance; not added to original v783 graph or physiologically validated
1385,P_alternate_automated_detector_same_specimen,720575940636065588,720575940632083275,LA_R,720575940632083275,2,20677147;47623072,ACH:2,no,no,Exact alternative detector pair with point-row provenance; not added to original v783 graph or physiologically validated
1386,P_alternate_automated_detector_same_specimen,720575940636144820,720575940621944941,LA_R,720575940621944941,2,34929014;69013175,ACH:2,no,no,Exact alternative detector pair with point-row provenance; not added to original v783 graph or physiologically validated
1387,P_alternate_automated_detector_same_specimen,720575940636307960,720575940637570222,LA_R,720575940636307960,2,28664308;35006990,ACH:2,no,no,Exact alternative detector pair with point-row provenance; not added to original v783 graph or physiologically validated
1388,P_alternate_automated_detector_same_specimen,720575940636524280,720575940640193614,LA_L,720575940640193614,2,33126710;73873609,ACH:2,no,no,Exact alternative detector pair with point-row provenance; not added to original v783 graph or physiologically validated
1389,P_alternate_automated_detector_same_specimen,720575940636527727,720575940655596193,LA_R,720575940655596193,2,30074437;61410822,ACH:2,no,no,Exact alternative detector pair with point-row provenance; not added to original v783 graph or physiologically validated
1390,P_alternate_automated_detector_same_specimen,720575940636615160,720575940621489243,LA_R,720575940621489243,2,19189478;78413979,GABA:2,no,no,Exact alternative detector pair with point-row provenance; not added to original v783 graph or physiologically validated
1391,P_alternate_automated_detector_same_specimen,720575940636633848,720575940629808911,SPS_R,720575940629808911,2,27536216;42337427,ACH:2,no,no,Exact alternative detector pair with point-row provenance; not added to original v783 graph or physiologically validated
1392,P_alternate_automated_detector_same_specimen,720575940637073775,720575940622703640,LA_R,720575940622703640,2,29761476;56787056,ACH:2,no,no,Exact alternative detector pair with point-row provenance; not added to original v783 graph or physiologically validated
1393,P_alternate_automated_detector_same_specimen,720575940637125239,720575940616855820,LA_L,720575940637125239,2,36027719;41198664,ACH:2,no,no,Exact alternative detector pair with point-row provenance; not added to original v783 graph or physiologically validated
1394,P_alternate_automated_detector_same_specimen,720575940637390181,720575940610931576,ME_L,720575940637390181,2,29692040;34859901,ACH:2,no,no,Exact alternative detector pair with point-row provenance; not added to original v783 graph or physiologically validated
1395,P_alternate_automated_detector_same_specimen,720575940637390181,720575940616879302,ME_L,720575940637390181,2,7291947;7291948,ACH:2,no,no,Exact alternative detector pair with point-row provenance; not added to original v783 graph or physiologically validated
1396,P_alternate_automated_detector_same_specimen,720575940637390181,720575940619561014,ME_L,720575940637390181,2,23503750;68551779,ACH:2,no,no,Exact alternative detector pair with point-row provenance; not added to original v783 graph or physiologically validated
1397,P_alternate_automated_detector_same_specimen,720575940637390181,720575940624275785,ME_L,720575940637390181,2,8780798;22955654,ACH:2,no,no,Exact alternative detector pair with point-row provenance; not added to original v783 graph or physiologically validated
1398,P_alternate_automated_detector_same_specimen,720575940637390181,720575940628818182,ME_L,720575940637390181,2,8780743;46142555,ACH:2,no,no,Exact alternative detector pair with point-row provenance; not added to original v783 graph or physiologically validated
1399,P_alternate_automated_detector_same_specimen,720575940637390181,720575940632427112,ME_L,720575940637390181,2,49354987;72863281,ACH:2,no,no,Exact alternative detector pair with point-row provenance; not added to original v783 graph or physiologically validated
1400,P_alternate_automated_detector_same_specimen,720575940637390181,720575940638916515,ME_L,720575940637390181,2,17554180;46693632,ACH:2,no,no,Exact alternative detector pair with point-row provenance; not added to original v783 graph or physiologically validated
1401,P_alternate_automated_detector_same_specimen,720575940637390181,720575940640529616,ME_L,720575940637390181,2,631407;11444974,ACH:2,no,no,Exact alternative detector pair with point-row provenance; not added to original v783 graph or physiologically validated
1402,P_alternate_automated_detector_same_specimen,720575940637431982,720575940638872553,LA_L,720575940638872553,2,26314772;50677916,ACH:2,no,no,Exact alternative detector pair with point-row provenance; not added to original v783 graph or physiologically validated
1403,P_alternate_automated_detector_same_specimen,720575940637494373,720575940621482667,LA_L,720575940621482667,2,22558163;24357521,ACH:2,no,no,Exact alternative detector pair with point-row provenance; not added to original v783 graph or physiologically validated
1404,P_alternate_automated_detector_same_specimen,720575940637514414,720575940617027014,LA_R,720575940637514414,2,26783885;44645763,ACH:2,no,no,Exact alternative detector pair with point-row provenance; not added to original v783 graph or physiologically validated
1405,P_alternate_automated_detector_same_specimen,720575940637514414,720575940630183931,LA_R,720575940637514414,2,32656886;44019696,ACH:2,no,no,Exact alternative detector pair with point-row provenance; not added to original v783 graph or physiologically validated
1406,P_alternate_automated_detector_same_specimen,720575940637570222,720575940636307960,LA_R,720575940636307960,2,8693248;75437968,ACH:2,no,no,Exact alternative detector pair with point-row provenance; not added to original v783 graph or physiologically validated
1407,P_alternate_automated_detector_same_specimen,720575940637590128,720575940624956139,LA_R,720575940624956139,2,14724127;29056194,ACH:2,no,no,Exact alternative detector pair with point-row provenance; not added to original v783 graph or physiologically validated
1408,P_alternate_automated_detector_same_specimen,720575940638011760,720575940620797643,LA_L,720575940620797643,2,41747682;54438379,GABA:2,no,no,Exact alternative detector pair with point-row provenance; not added to original v783 graph or physiologically validated
1409,P_alternate_automated_detector_same_specimen,720575940638921700,720575940632047631,LA_R,720575940638921700,2,46291758;57726533,ACH:2,no,no,Exact alternative detector pair with point-row provenance; not added to original v783 graph or physiologically validated
1410,P_alternate_automated_detector_same_specimen,720575940639059782,720575940623400216,LA_L,720575940623400216,2,5793773;44098340,ACH:2,no,no,Exact alternative detector pair with point-row provenance; not added to original v783 graph or physiologically validated
1411,P_alternate_automated_detector_same_specimen,720575940639460467,720575940620647760,LA_R,720575940620647760,2,72070608;74343399,GABA:2,no,no,Exact alternative detector pair with point-row provenance; not added to original v783 graph or physiologically validated
1412,P_alternate_automated_detector_same_specimen,720575940639659197,720575940615650666,LA_L,720575940615650666,2,42061222;45743311,ACH:2,no,no,Exact alternative detector pair with point-row provenance; not added to original v783 graph or physiologically validated
1413,P_alternate_automated_detector_same_specimen,720575940639783989,720575940639884622,UNASGD,720575940639783989;720575940639884622,2,54751108;79589122,ACH:2,no,no,Exact alternative detector pair with point-row provenance; not added to original v783 graph or physiologically validated
1414,P_alternate_automated_detector_same_specimen,720575940639886755,720575940607860169,LA_R,720575940607860169,2,67050603;68777718,ACH:2,no,no,Exact alternative detector pair with point-row provenance; not added to original v783 graph or physiologically validated
1415,P_alternate_automated_detector_same_specimen,720575940639981109,720575940621349285,LA_R,720575940621349285,2,55456108;63917593,ACH:2,no,no,Exact alternative detector pair with point-row provenance; not added to original v783 graph or physiologically validated
1416,P_alternate_automated_detector_same_specimen,720575940640017597,720575940620753744,LA_R,720575940620753744;720575940640017597,2,11671439;62977767,ACH:2,no,no,Exact alternative detector pair with point-row provenance; not added to original v783 graph or physiologically validated
1417,P_alternate_automated_detector_same_specimen,720575940640194392,720575940627138306,LA_R,720575940627138306,2,19894064;42452656,ACH:2,no,no,Exact alternative detector pair with point-row provenance; not added to original v783 graph or physiologically validated
1418,P_alternate_automated_detector_same_specimen,720575940640620349,720575940635168407,LA_R,720575940635168407,2,17934648;27017510,GABA:2,no,no,Exact alternative detector pair with point-row provenance; not added to original v783 graph or physiologically validated
1419,P_alternate_automated_detector_same_specimen,720575940640893312,720575940631505260,LA_L,720575940631505260,2,13237765;52793414,ACH:2,no,no,Exact alternative detector pair with point-row provenance; not added to original v783 graph or physiologically validated
1420,P_alternate_automated_detector_same_specimen,720575940642163957,720575940618743709,LA_R,720575940618743709,2,16134014;19502979,ACH:2,no,no,Exact alternative detector pair with point-row provenance; not added to original v783 graph or physiologically validated
1421,P_alternate_automated_detector_same_specimen,720575940643034765,720575940612375002,LA_R,720575940643034765,2,19581674;73402613,ACH:2,no,no,Exact alternative detector pair with point-row provenance; not added to original v783 graph or physiologically validated
1422,P_alternate_automated_detector_same_specimen,720575940643034765,720575940631721721,LA_R,720575940643034765,2,57883108;73559493,ACH:2,no,no,Exact alternative detector pair with point-row provenance; not added to original v783 graph or physiologically validated
1423,P_alternate_automated_detector_same_specimen,720575940643079309,720575940617513589,LA_L,720575940617513589;720575940643079309,2,32735411;79825062,ACH:2,no,no,Exact alternative detector pair with point-row provenance; not added to original v783 graph or physiologically validated
1424,P_alternate_automated_detector_same_specimen,720575940644276128,720575940623721741,LA_R,720575940644276128,2,31326273;49972747,ACH:2,no,no,Exact alternative detector pair with point-row provenance; not added to original v783 graph or physiologically validated
1425,P_alternate_automated_detector_same_specimen,720575940644899784,720575940627138306,LA_R,720575940627138306,2,44801073;66501470,ACH:2,no,no,Exact alternative detector pair with point-row provenance; not added to original v783 graph or physiologically validated
1426,P_alternate_automated_detector_same_specimen,720575940645102372,720575940615167742,LA_R,720575940615167742,2,12845278;51303523,ACH:2,no,no,Exact alternative detector pair with point-row provenance; not added to original v783 graph or physiologically validated
1427,P_alternate_automated_detector_same_specimen,720575940645102372,720575940630333566,LA_R,720575940630333566,2,15665327;73715966,ACH:2,no,no,Exact alternative detector pair with point-row provenance; not added to original v783 graph or physiologically validated
1428,P_alternate_automated_detector_same_specimen,720575940645264260,720575940614776262,GNG,720575940645264260,2,14919188;72185917,ACH:2,no,no,Exact alternative detector pair with point-row provenance; not added to original v783 graph or physiologically validated
1429,P_alternate_automated_detector_same_specimen,720575940645264260,720575940614985878,GNG,720575940645264260,2,55414944;73675041,ACH:2,no,no,Exact alternative detector pair with point-row provenance; not added to original v783 graph or physiologically validated
1430,P_alternate_automated_detector_same_specimen,720575940645264260,720575940617997396,GNG,720575940645264260,2,20714203;42098385,ACH:2,no,no,Exact alternative detector pair with point-row provenance; not added to original v783 graph or physiologically validated
1431,P_alternate_automated_detector_same_specimen,720575940645803630,720575940620666315,LA_R,720575940620666315,2,13471915;54516090,ACH:2,no,no,Exact alternative detector pair with point-row provenance; not added to original v783 graph or physiologically validated
1432,P_alternate_automated_detector_same_specimen,720575940646392942,720575940627895315,LA_L,720575940646392942,2,30074638;77474221,ACH:2,no,no,Exact alternative detector pair with point-row provenance; not added to original v783 graph or physiologically validated
1433,P_alternate_automated_detector_same_specimen,720575940646392942,720575940634963481,LA_L,720575940646392942,2,39240720;50834226,ACH:2,no,no,Exact alternative detector pair with point-row provenance; not added to original v783 graph or physiologically validated
1434,P_alternate_automated_detector_same_specimen,720575940646459502,720575940623730957,LA_R,720575940646459502,2,13080046;18797606,ACH:2,no,no,Exact alternative detector pair with point-row provenance; not added to original v783 graph or physiologically validated
1435,P_alternate_automated_detector_same_specimen,720575940647229219,720575940616984374,LA_R,720575940647229219,2,44488789;46134663,ACH:2,no,no,Exact alternative detector pair with point-row provenance; not added to original v783 graph or physiologically validated
1436,P_alternate_automated_detector_same_specimen,720575940648141444,720575940630239327,LA_L,720575940630239327,2,26705554;50990848,ACH:2,no,no,Exact alternative detector pair with point-row provenance; not added to original v783 graph or physiologically validated
1437,P_alternate_automated_detector_same_specimen,720575940648163972,720575940638711359,LA_L,720575940638711359;720575940648163972,2,11359378;78492370,ACH:2,no,no,Exact alternative detector pair with point-row provenance; not added to original v783 graph or physiologically validated
1438,P_alternate_automated_detector_same_specimen,720575940648383364,720575940632189970,LA_R,720575940632189970;720575940648383364,2,469639;57021740,ACH:2,no,no,Exact alternative detector pair with point-row provenance; not added to original v783 graph or physiologically validated
1439,P_alternate_automated_detector_same_specimen,720575940648484228,720575940617499765,ME_L,720575940617499765,2,20133823;62589889,ACH:2,no,no,Exact alternative detector pair with point-row provenance; not added to original v783 graph or physiologically validated
1440,P_alternate_automated_detector_same_specimen,720575940648702084,720575940614341551,ME_R,720575940648702084,2,12293199;23881414,ACH:2,no,no,Exact alternative detector pair with point-row provenance; not added to original v783 graph or physiologically validated
1441,P_alternate_automated_detector_same_specimen,720575940648702084,720575940620417473,LA_R,720575940648702084,2,26391073;76847311,ACH:2,no,no,Exact alternative detector pair with point-row provenance; not added to original v783 graph or physiologically validated
1442,P_alternate_automated_detector_same_specimen,720575940648702084,720575940620702155,ME_R,720575940648702084,2,24664908;57331532,ACH:2,no,no,Exact alternative detector pair with point-row provenance; not added to original v783 graph or physiologically validated
1443,P_alternate_automated_detector_same_specimen,720575940655781025,720575940614792623,LA_R,720575940614792623,2,10888866;78101274,ACH:2,no,no,Exact alternative detector pair with point-row provenance; not added to original v783 graph or physiologically validated
1444,P_alternate_automated_detector_same_specimen,720575940655861665,720575940647229219,LA_R,720575940647229219,2,21068663;53183873,ACH:2,no,no,Exact alternative detector pair with point-row provenance; not added to original v783 graph or physiologically validated
1445,P_alternate_automated_detector_same_specimen,720575940660914049,720575940606245822,LA_L,720575940606245822,2,28586503;51147852,ACH:2,no,no,Exact alternative detector pair with point-row provenance; not added to original v783 graph or physiologically validated
1446,P_alternate_automated_detector_same_specimen,720575940603511584,720575940629070155,GNG,720575940629070155,1,5126452,ACH:1,no,no,Exact alternative detector pair with point-row provenance; not added to original v783 graph or physiologically validated
1447,P_alternate_automated_detector_same_specimen,720575940603765280,720575940629808911,IPS_R,720575940629808911,1,12415444,ACH:1,no,no,Exact alternative detector pair with point-row provenance; not added to original v783 graph or physiologically validated
1448,P_alternate_automated_detector_same_specimen,720575940604810668,720575940622811903,UNASGD,720575940622811903,1,42793539,ACH:1,no,no,Exact alternative detector pair with point-row provenance; not added to original v783 graph or physiologically validated
1449,P_alternate_automated_detector_same_specimen,720575940604839200,720575940616042508,AMMC_L,720575940616042508,1,64886919,ACH:1,no,no,Exact alternative detector pair with point-row provenance; not added to original v783 graph or physiologically validated
1450,P_alternate_automated_detector_same_specimen,720575940605116640,720575940645991278,LA_R,720575940645991278,1,45977434,ACH:1,no,no,Exact alternative detector pair with point-row provenance; not added to original v783 graph or physiologically validated
1451,P_alternate_automated_detector_same_specimen,720575940605634220,720575940638711359,LA_L,720575940605634220;720575940638711359,1,31013275,ACH:1,no,no,Exact alternative detector pair with point-row provenance; not added to original v783 graph or physiologically validated
1452,P_alternate_automated_detector_same_specimen,720575940605838560,720575940619877022,LA_R,720575940619877022,1,18092327,ACH:1,no,no,Exact alternative detector pair with point-row provenance; not added to original v783 graph or physiologically validated
1453,P_alternate_automated_detector_same_specimen,720575940605838560,720575940627138306,LA_R,720575940627138306,1,70190045,ACH:1,no,no,Exact alternative detector pair with point-row provenance; not added to original v783 graph or physiologically validated
1454,P_alternate_automated_detector_same_specimen,720575940605989804,720575940628955722,LA_L,720575940628955722,1,25530749,ACH:1,no,no,Exact alternative detector pair with point-row provenance; not added to original v783 graph or physiologically validated
1455,P_alternate_automated_detector_same_specimen,720575940606015776,720575940628648936,LA_R,720575940628648936,1,38848552,ACH:1,no,no,Exact alternative detector pair with point-row provenance; not added to original v783 graph or physiologically validated
1456,P_alternate_automated_detector_same_specimen,720575940606022128,720575940630657792,LA_L,720575940606022128;720575940630657792,1,75987323,ACH:1,no,no,Exact alternative detector pair with point-row provenance; not added to original v783 graph or physiologically validated
1457,P_alternate_automated_detector_same_specimen,720575940606200352,720575940626928740,LA_R,720575940626928740,1,18249101,ACH:1,no,no,Exact alternative detector pair with point-row provenance; not added to original v783 graph or physiologically validated
1458,P_alternate_automated_detector_same_specimen,720575940606224318,720575940633816986,GNG,720575940633816986,1,38018678,ACH:1,no,no,Exact alternative detector pair with point-row provenance; not added to original v783 graph or physiologically validated
1459,P_alternate_automated_detector_same_specimen,720575940606245822,720575940616041066,LA_L,720575940606245822,1,8928718,ACH:1,no,no,Exact alternative detector pair with point-row provenance; not added to original v783 graph or physiologically validated
1460,P_alternate_automated_detector_same_specimen,720575940606245822,720575940630778167,LA_L,720575940606245822,1,22556294,ACH:1,no,no,Exact alternative detector pair with point-row provenance; not added to original v783 graph or physiologically validated
1461,P_alternate_automated_detector_same_specimen,720575940606245822,720575940640959696,LA_L,720575940606245822,1,19346738,ACH:1,no,no,Exact alternative detector pair with point-row provenance; not added to original v783 graph or physiologically validated
1462,P_alternate_automated_detector_same_specimen,720575940606245822,720575940660914049,LA_L,720575940606245822,1,65328175,ACH:1,no,no,Exact alternative detector pair with point-row provenance; not added to original v783 graph or physiologically validated
1463,P_alternate_automated_detector_same_specimen,720575940606292582,720575940609748437,LA_L,720575940606292582;720575940609748437,1,1175997,ACH:1,no,no,Exact alternative detector pair with point-row provenance; not added to original v783 graph or physiologically validated
1464,P_alternate_automated_detector_same_specimen,720575940606292582,720575940620545616,LA_L,720575940606292582;720575940620545616,1,53889288,ACH:1,no,no,Exact alternative detector pair with point-row provenance; not added to original v783 graph or physiologically validated
1465,P_alternate_automated_detector_same_specimen,720575940606367422,720575940613196261,LA_R,720575940613196261,1,33204107,ACH:1,no,no,Exact alternative detector pair with point-row provenance; not added to original v783 graph or physiologically validated
1466,P_alternate_automated_detector_same_specimen,720575940606375772,720575940615063711,GNG,720575940606375772,1,13273992,ACH:1,no,no,Exact alternative detector pair with point-row provenance; not added to original v783 graph or physiologically validated
1467,P_alternate_automated_detector_same_specimen,720575940606375772,720575940630382075,GNG,720575940606375772,1,12961087,ACH:1,no,no,Exact alternative detector pair with point-row provenance; not added to original v783 graph or physiologically validated
1468,P_alternate_automated_detector_same_specimen,720575940606375772,720575940630846125,GNG,720575940606375772;720575940630846125,1,68343486,ACH:1,no,no,Exact alternative detector pair with point-row provenance; not added to original v783 graph or physiologically validated
1469,P_alternate_automated_detector_same_specimen,720575940606453950,720575940627267842,LA_L,720575940627267842,1,68542861,ACH:1,no,no,Exact alternative detector pair with point-row provenance; not added to original v783 graph or physiologically validated
1470,P_alternate_automated_detector_same_specimen,720575940606477246,720575940640017597,LA_R,720575940640017597,1,47623329,ACH:1,no,no,Exact alternative detector pair with point-row provenance; not added to original v783 graph or physiologically validated
1471,P_alternate_automated_detector_same_specimen,720575940606503870,720575940618115289,LA_R,720575940606503870;720575940618115289,1,6419648,ACH:1,no,no,Exact alternative detector pair with point-row provenance; not added to original v783 graph or physiologically validated
1472,P_alternate_automated_detector_same_specimen,720575940606568126,720575940628102013,LA_R,720575940628102013,1,60626268,ACH:1,no,no,Exact alternative detector pair with point-row provenance; not added to original v783 graph or physiologically validated
1473,P_alternate_automated_detector_same_specimen,720575940606578790,720575940621083557,LA_L,720575940606578790,1,4541661,ACH:1,no,no,Exact alternative detector pair with point-row provenance; not added to original v783 graph or physiologically validated
1474,P_alternate_automated_detector_same_specimen,720575940606630590,720575940606631102,LA_L,720575940606630590;720575940606631102,1,41198737,ACH:1,no,no,Exact alternative detector pair with point-row provenance; not added to original v783 graph or physiologically validated
1475,P_alternate_automated_detector_same_specimen,720575940606725553,720575940614849967,LA_L,720575940614849967,1,23416883,ACH:1,no,no,Exact alternative detector pair with point-row provenance; not added to original v783 graph or physiologically validated
1476,P_alternate_automated_detector_same_specimen,720575940606811657,720575940612943066,LA_R,720575940612943066,1,54672407,ACH:1,no,no,Exact alternative detector pair with point-row provenance; not added to original v783 graph or physiologically validated
1477,P_alternate_automated_detector_same_specimen,720575940606851249,720575940609622281,LA_L,720575940609622281,1,55300768,ACH:1,no,no,Exact alternative detector pair with point-row provenance; not added to original v783 graph or physiologically validated
1478,P_alternate_automated_detector_same_specimen,720575940607332873,720575940627638558,LA_R,720575940627638558,1,38769944,GABA:1,no,no,Exact alternative detector pair with point-row provenance; not added to original v783 graph or physiologically validated
1479,P_alternate_automated_detector_same_specimen,720575940607554434,720575940607773314,LA_R,720575940607773314,1,72775132,ACH:1,no,no,Exact alternative detector pair with point-row provenance; not added to original v783 graph or physiologically validated
1480,P_alternate_automated_detector_same_specimen,720575940607554434,720575940627671433,LA_R,720575940627671433,1,49816951,ACH:1,no,no,Exact alternative detector pair with point-row provenance; not added to original v783 graph or physiologically validated
1481,P_alternate_automated_detector_same_specimen,720575940607554434,720575940630485626,LA_R,720575940630485626,1,62194262,ACH:1,no,no,Exact alternative detector pair with point-row provenance; not added to original v783 graph or physiologically validated
1482,P_alternate_automated_detector_same_specimen,720575940607773314,720575940618492417,LA_R,720575940607773314,1,33360106,ACH:1,no,no,Exact alternative detector pair with point-row provenance; not added to original v783 graph or physiologically validated
1483,P_alternate_automated_detector_same_specimen,720575940607773314,720575940632453674,LA_R,720575940607773314,1,30151464,ACH:1,no,no,Exact alternative detector pair with point-row provenance; not added to original v783 graph or physiologically validated
1484,P_alternate_automated_detector_same_specimen,720575940607773314,720575940635470443,LA_R,720575940607773314,1,30308597,ACH:1,no,no,Exact alternative detector pair with point-row provenance; not added to original v783 graph or physiologically validated
1485,P_alternate_automated_detector_same_specimen,720575940607824050,720575940621944941,LA_R,720575940621944941,1,30152066,ACH:1,no,no,Exact alternative detector pair with point-row provenance; not added to original v783 graph or physiologically validated
1486,P_alternate_automated_detector_same_specimen,720575940607860169,720575940628849148,LA_R,720575940607860169,1,60077707,ACH:1,no,no,Exact alternative detector pair with point-row provenance; not added to original v783 graph or physiologically validated
1487,P_alternate_automated_detector_same_specimen,720575940607860169,720575940630496503,LA_R,720575940607860169,1,71913886,ACH:1,no,no,Exact alternative detector pair with point-row provenance; not added to original v783 graph or physiologically validated
1488,P_alternate_automated_detector_same_specimen,720575940608224178,720575940630475134,LA_L,720575940608224178,1,56005519,ACH:1,no,no,Exact alternative detector pair with point-row provenance; not added to original v783 graph or physiologically validated
1489,P_alternate_automated_detector_same_specimen,720575940608746588,720575940611532664,LA_R,720575940611532664,1,9711715,DA:1,no,no,Exact alternative detector pair with point-row provenance; not added to original v783 graph or physiologically validated
1490,P_alternate_automated_detector_same_specimen,720575940608746588,720575940612947635,LA_R,720575940612947635,1,19738313,DA:1,no,no,Exact alternative detector pair with point-row provenance; not added to original v783 graph or physiologically validated
1491,P_alternate_automated_detector_same_specimen,720575940608985867,720575940635013020,LA_R,720575940635013020,1,39943625,ACH:1,no,no,Exact alternative detector pair with point-row provenance; not added to original v783 graph or physiologically validated
1492,P_alternate_automated_detector_same_specimen,720575940609016668,720575940613868771,LA_R,720575940609016668,1,24198662,ACH:1,no,no,Exact alternative detector pair with point-row provenance; not added to original v783 graph or physiologically validated
1493,P_alternate_automated_detector_same_specimen,720575940609016668,720575940617613017,LA_R,720575940609016668,1,58039006,ACH:1,no,no,Exact alternative detector pair with point-row provenance; not added to original v783 graph or physiologically validated
1494,P_alternate_automated_detector_same_specimen,720575940609016668,720575940623793290,LA_R,720575940609016668,1,41746429,ACH:1,no,no,Exact alternative detector pair with point-row provenance; not added to original v783 graph or physiologically validated
1495,P_alternate_automated_detector_same_specimen,720575940609016668,720575940645053732,LA_R,720575940609016668,1,5950154,ACH:1,no,no,Exact alternative detector pair with point-row provenance; not added to original v783 graph or physiologically validated
1496,P_alternate_automated_detector_same_specimen,720575940609034761,720575940628522152,LA_R,720575940628522152,1,71443591,ACH:1,no,no,Exact alternative detector pair with point-row provenance; not added to original v783 graph or physiologically validated
1497,P_alternate_automated_detector_same_specimen,720575940609212508,720575940628255034,LA_L,720575940628255034,1,24746968,ACH:1,no,no,Exact alternative detector pair with point-row provenance; not added to original v783 graph or physiologically validated
1498,P_alternate_automated_detector_same_specimen,720575940609221900,720575940623663715,LA_L,720575940609221900,1,7831738,ACH:1,no,no,Exact alternative detector pair with point-row provenance; not added to original v783 graph or physiologically validated
1499,P_alternate_automated_detector_same_specimen,720575940609221900,720575940628182282,LA_L,720575940609221900,1,29996740,ACH:1,no,no,Exact alternative detector pair with point-row provenance; not added to original v783 graph or physiologically validated
1500,P_alternate_automated_detector_same_specimen,720575940609239051,720575940625113015,LA_R,720575940625113015,1,50128890,ACH:1,no,no,Exact alternative detector pair with point-row provenance; not added to original v783 graph or physiologically validated
1501,P_alternate_automated_detector_same_specimen,720575940609307854,720575940605450342,GNG,720575940609307854,1,48756888,ACH:1,no,no,Exact alternative detector pair with point-row provenance; not added to original v783 graph or physiologically validated
1502,P_alternate_automated_detector_same_specimen,720575940609307854,720575940611875503,GNG,720575940609307854,1,74459490,ACH:1,no,no,Exact alternative detector pair with point-row provenance; not added to original v783 graph or physiologically validated
1503,P_alternate_automated_detector_same_specimen,720575940609307854,720575940614046395,GNG,720575940609307854,1,10769607,ACH:1,no,no,Exact alternative detector pair with point-row provenance; not added to original v783 graph or physiologically validated
1504,P_alternate_automated_detector_same_specimen,720575940609307854,720575940617997396,GNG,720575940609307854,1,73518280,ACH:1,no,no,Exact alternative detector pair with point-row provenance; not added to original v783 graph or physiologically validated
1505,P_alternate_automated_detector_same_specimen,720575940609307854,720575940642369736,GNG,720575940609307854,1,43586721,ACH:1,no,no,Exact alternative detector pair with point-row provenance; not added to original v783 graph or physiologically validated
1506,P_alternate_automated_detector_same_specimen,720575940609485579,720575940618086356,LA_R,720575940609485579,1,43158201,ACH:1,no,no,Exact alternative detector pair with point-row provenance; not added to original v783 graph or physiologically validated
1507,P_alternate_automated_detector_same_specimen,720575940609485579,720575940628361491,LA_R,720575940609485579,1,52321917,ACH:1,no,no,Exact alternative detector pair with point-row provenance; not added to original v783 graph or physiologically validated
1508,P_alternate_automated_detector_same_specimen,720575940609622281,720575940606851249,LA_L,720575940609622281,1,79903561,ACH:1,yes,no,Exact alternative detector pair with point-row provenance; not added to original v783 graph or physiologically validated
1509,P_alternate_automated_detector_same_specimen,720575940609622281,720575940606851249,UNASGD,720575940609622281,1,62038350,ACH:1,yes,no,Exact alternative detector pair with point-row provenance; not added to original v783 graph or physiologically validated
1510,P_alternate_automated_detector_same_specimen,720575940609622281,720575940614254130,ME_L,720575940609622281,1,62597874,ACH:1,no,no,Exact alternative detector pair with point-row provenance; not added to original v783 graph or physiologically validated
1511,P_alternate_automated_detector_same_specimen,720575940609622281,720575940615729567,ME_L,720575940609622281,1,11758934,ACH:1,no,no,Exact alternative detector pair with point-row provenance; not added to original v783 graph or physiologically validated
1512,P_alternate_automated_detector_same_specimen,720575940609622281,720575940621793780,ME_L,720575940609622281,1,45829300,ACH:1,no,no,Exact alternative detector pair with point-row provenance; not added to original v783 graph or physiologically validated
1513,P_alternate_automated_detector_same_specimen,720575940609622281,720575940622793054,ME_L,720575940609622281,1,23974655,ACH:1,no,no,Exact alternative detector pair with point-row provenance; not added to original v783 graph or physiologically validated
1514,P_alternate_automated_detector_same_specimen,720575940609622281,720575940622893336,ME_L,720575940609622281,1,44030217,ACH:1,no,no,Exact alternative detector pair with point-row provenance; not added to original v783 graph or physiologically validated
1515,P_alternate_automated_detector_same_specimen,720575940609622281,720575940623081449,ME_L,720575940609622281,1,31414669,ACH:1,no,no,Exact alternative detector pair with point-row provenance; not added to original v783 graph or physiologically validated
1516,P_alternate_automated_detector_same_specimen,720575940609622281,720575940624112787,ME_L,720575940609622281,1,25227720,ACH:1,no,no,Exact alternative detector pair with point-row provenance; not added to original v783 graph or physiologically validated
1517,P_alternate_automated_detector_same_specimen,720575940609622281,720575940625786004,ME_L,720575940609622281,1,13399273,ACH:1,no,no,Exact alternative detector pair with point-row provenance; not added to original v783 graph or physiologically validated
1518,P_alternate_automated_detector_same_specimen,720575940609622281,720575940627188324,ME_L,720575940609622281,1,8705025,ACH:1,no,no,Exact alternative detector pair with point-row provenance; not added to original v783 graph or physiologically validated
1519,P_alternate_automated_detector_same_specimen,720575940609622281,720575940627665048,ME_L,720575940609622281,1,47709588,ACH:1,no,no,Exact alternative detector pair with point-row provenance; not added to original v783 graph or physiologically validated
1520,P_alternate_automated_detector_same_specimen,720575940609622281,720575940630207703,UNASGD,720575940609622281,1,39476767,ACH:1,yes,no,Exact alternative detector pair with point-row provenance; not added to original v783 graph or physiologically validated
1521,P_alternate_automated_detector_same_specimen,720575940609622281,720575940635673592,ME_L,720575940609622281,1,35174209,ACH:1,no,no,Exact alternative detector pair with point-row provenance; not added to original v783 graph or physiologically validated
1522,P_alternate_automated_detector_same_specimen,720575940609703179,720575940608182485,ME_R,720575940609703179,1,27482607,ACH:1,no,no,Exact alternative detector pair with point-row provenance; not added to original v783 graph or physiologically validated
1523,P_alternate_automated_detector_same_specimen,720575940609703179,720575940623914851,LA_R,720575940609703179,1,79741530,ACH:1,no,no,Exact alternative detector pair with point-row provenance; not added to original v783 graph or physiologically validated
1524,P_alternate_automated_detector_same_specimen,720575940609703179,720575940628037016,LA_R,720575940609703179,1,11042091,ACH:1,no,no,Exact alternative detector pair with point-row provenance; not added to original v783 graph or physiologically validated
1525,P_alternate_automated_detector_same_specimen,720575940609778289,720575940603461478,GNG,720575940609778289,1,47509029,ACH:1,no,no,Exact alternative detector pair with point-row provenance; not added to original v783 graph or physiologically validated
1526,P_alternate_automated_detector_same_specimen,720575940609778289,720575940611792168,GNG,720575940609778289,1,78064524,ACH:1,no,no,Exact alternative detector pair with point-row provenance; not added to original v783 graph or physiologically validated
1527,P_alternate_automated_detector_same_specimen,720575940609778289,720575940615700820,GNG,720575940609778289,1,63803760,ACH:1,no,no,Exact alternative detector pair with point-row provenance; not added to original v783 graph or physiologically validated
1528,P_alternate_automated_detector_same_specimen,720575940609778289,720575940617497437,GNG,720575940609778289,1,4971829,ACH:1,no,no,Exact alternative detector pair with point-row provenance; not added to original v783 graph or physiologically validated
1529,P_alternate_automated_detector_same_specimen,720575940609778289,720575940622385703,GNG,720575940609778289,1,59338486,ACH:1,no,no,Exact alternative detector pair with point-row provenance; not added to original v783 graph or physiologically validated
1530,P_alternate_automated_detector_same_specimen,720575940609778289,720575940624095172,GNG,720575940609778289,1,22677096,ACH:1,no,no,Exact alternative detector pair with point-row provenance; not added to original v783 graph or physiologically validated
1531,P_alternate_automated_detector_same_specimen,720575940609778289,720575940624327572,GNG,720575940609778289,1,17666216,ACH:1,no,no,Exact alternative detector pair with point-row provenance; not added to original v783 graph or physiologically validated
1532,P_alternate_automated_detector_same_specimen,720575940609778289,720575940624863896,GNG,720575940609778289,1,28626270,ACH:1,no,no,Exact alternative detector pair with point-row provenance; not added to original v783 graph or physiologically validated
1533,P_alternate_automated_detector_same_specimen,720575940609778289,720575940629993007,GNG,720575940609778289,1,55498979,ACH:1,no,no,Exact alternative detector pair with point-row provenance; not added to original v783 graph or physiologically validated
1534,P_alternate_automated_detector_same_specimen,720575940609778289,720575940632863639,GNG,720575940609778289,1,2393797,ACH:1,no,no,Exact alternative detector pair with point-row provenance; not added to original v783 graph or physiologically validated
1535,P_alternate_automated_detector_same_specimen,720575940609778289,720575940633198615,GNG,720575940609778289,1,7325245,ACH:1,no,no,Exact alternative detector pair with point-row provenance; not added to original v783 graph or physiologically validated
1536,P_alternate_automated_detector_same_specimen,720575940609778289,720575940633199383,GNG,720575940609778289,1,29412176,ACH:1,no,no,Exact alternative detector pair with point-row provenance; not added to original v783 graph or physiologically validated
1537,P_alternate_automated_detector_same_specimen,720575940609778289,720575940637511743,GNG,720575940609778289,1,46725798,ACH:1,no,no,Exact alternative detector pair with point-row provenance; not added to original v783 graph or physiologically validated
1538,P_alternate_automated_detector_same_specimen,720575940609778289,720575940645150852,GNG,720575940609778289,1,5676971,ACH:1,no,no,Exact alternative detector pair with point-row provenance; not added to original v783 graph or physiologically validated
1539,P_alternate_automated_detector_same_specimen,720575940609865227,720575940621667462,LA_R,720575940621667462,1,33204479,ACH:1,no,no,Exact alternative detector pair with point-row provenance; not added to original v783 graph or physiologically validated
1540,P_alternate_automated_detector_same_specimen,720575940609960899,720575940638711359,LA_L,720575940638711359,1,30544562,ACH:1,no,no,Exact alternative detector pair with point-row provenance; not added to original v783 graph or physiologically validated
1541,P_alternate_automated_detector_same_specimen,720575940610073940,720575940628240210,LA_L,720575940610073940;720575940628240210,1,65563155,ACH:1,no,no,Exact alternative detector pair with point-row provenance; not added to original v783 graph or physiologically validated
1542,P_alternate_automated_detector_same_specimen,720575940610100419,720575940620665680,LA_L,720575940620665680,1,52558652,ACH:1,no,no,Exact alternative detector pair with point-row provenance; not added to original v783 graph or physiologically validated
1543,P_alternate_automated_detector_same_specimen,720575940610106692,720575940631750095,LA_R,720575940631750095,1,36810025,GABA:1,no,no,Exact alternative detector pair with point-row provenance; not added to original v783 graph or physiologically validated
1544,P_alternate_automated_detector_same_specimen,720575940610157181,720575940632358504,UNASGD,720575940632358504,1,37437095,ACH:1,no,no,Exact alternative detector pair with point-row provenance; not added to original v783 graph or physiologically validated
1545,P_alternate_automated_detector_same_specimen,720575940610183154,720575940605950496,GNG,720575940610183154,1,28074991,ACH:1,no,no,Exact alternative detector pair with point-row provenance; not added to original v783 graph or physiologically validated
1546,P_alternate_automated_detector_same_specimen,720575940610183154,720575940614985878,GNG,720575940610183154,1,43196027,ACH:1,no,no,Exact alternative detector pair with point-row provenance; not added to original v783 graph or physiologically validated
1547,P_alternate_automated_detector_same_specimen,720575940610183154,720575940621761293,GNG,720575940610183154,1,80018242,ACH:1,no,no,Exact alternative detector pair with point-row provenance; not added to original v783 graph or physiologically validated
1548,P_alternate_automated_detector_same_specimen,720575940610183154,720575940625090997,GNG,720575940610183154,1,52829851,ACH:1,no,no,Exact alternative detector pair with point-row provenance; not added to original v783 graph or physiologically validated
1549,P_alternate_automated_detector_same_specimen,720575940610183154,720575940629147703,GNG,720575940610183154,1,13584908,ACH:1,no,no,Exact alternative detector pair with point-row provenance; not added to original v783 graph or physiologically validated
1550,P_alternate_automated_detector_same_specimen,720575940610183154,720575940632788025,GNG,720575940610183154,1,8099777,ACH:1,no,no,Exact alternative detector pair with point-row provenance; not added to original v783 graph or physiologically validated
1551,P_alternate_automated_detector_same_specimen,720575940610183154,720575940635179359,GNG,720575940610183154,1,74144835,ACH:1,no,no,Exact alternative detector pair with point-row provenance; not added to original v783 graph or physiologically validated
1552,P_alternate_automated_detector_same_specimen,720575940610183154,720575940640613339,GNG,720575940610183154,1,14761145,ACH:1,no,no,Exact alternative detector pair with point-row provenance; not added to original v783 graph or physiologically validated
1553,P_alternate_automated_detector_same_specimen,720575940610188669,720575940611490258,UNASGD,720575940610188669,1,34615585,ACH:1,no,no,Exact alternative detector pair with point-row provenance; not added to original v783 graph or physiologically validated
1554,P_alternate_automated_detector_same_specimen,720575940610198442,720575940629292842,UNASGD,720575940629292842,1,23610480,SER:1,no,no,Exact alternative detector pair with point-row provenance; not added to original v783 graph or physiologically validated
1555,P_alternate_automated_detector_same_specimen,720575940610346030,720575940631647173,LA_R,720575940631647173,1,56239333,GABA:1,no,no,Exact alternative detector pair with point-row provenance; not added to original v783 graph or physiologically validated
1556,P_alternate_automated_detector_same_specimen,720575940610482883,720575940621481450,GNG,720575940621481450,1,63554125,SER:1,no,no,Exact alternative detector pair with point-row provenance; not added to original v783 graph or physiologically validated
1557,P_alternate_automated_detector_same_specimen,720575940610612337,720575940626896145,UNASGD,720575940626896145,1,3168581,DA:1,no,no,Exact alternative detector pair with point-row provenance; not added to original v783 graph or physiologically validated
1558,P_alternate_automated_detector_same_specimen,720575940610638434,720575940616042508,SAD,720575940616042508,1,42481887,ACH:1,no,no,Exact alternative detector pair with point-row provenance; not added to original v783 graph or physiologically validated
1559,P_alternate_automated_detector_same_specimen,720575940610715204,720575940608998236,LA_R,720575940610715204,1,7752730,ACH:1,no,no,Exact alternative detector pair with point-row provenance; not added to original v783 graph or physiologically validated
1560,P_alternate_automated_detector_same_specimen,720575940610715204,720575940611541939,LA_R,720575940610715204,1,74578394,ACH:1,no,no,Exact alternative detector pair with point-row provenance; not added to original v783 graph or physiologically validated
1561,P_alternate_automated_detector_same_specimen,720575940610715204,720575940630431532,LA_R,720575940610715204,1,6341928,ACH:1,no,no,Exact alternative detector pair with point-row provenance; not added to original v783 graph or physiologically validated
1562,P_alternate_automated_detector_same_specimen,720575940610759764,720575940633080972,LA_L,720575940610759764,1,47780188,ACH:1,no,no,Exact alternative detector pair with point-row provenance; not added to original v783 graph or physiologically validated
1563,P_alternate_automated_detector_same_specimen,720575940610821188,720575940622732272,LA_R,720575940610821188,1,16996089,ACH:1,no,no,Exact alternative detector pair with point-row provenance; not added to original v783 graph or physiologically validated
1564,P_alternate_automated_detector_same_specimen,720575940610821188,720575940645498647,LA_R,720575940610821188,1,20286737,ACH:1,no,no,Exact alternative detector pair with point-row provenance; not added to original v783 graph or physiologically validated
1565,P_alternate_automated_detector_same_specimen,720575940610948164,720575940623320652,LA_L,720575940610948164,1,46606354,ACH:1,no,no,Exact alternative detector pair with point-row provenance; not added to original v783 graph or physiologically validated
1566,P_alternate_automated_detector_same_specimen,720575940610949700,720575940628346170,LA_L,720575940628346170,1,20521721,ACH:1,no,no,Exact alternative detector pair with point-row provenance; not added to original v783 graph or physiologically validated
1567,P_alternate_automated_detector_same_specimen,720575940610949700,720575940628346170,UNASGD,720575940628346170,1,15038850,ACH:1,no,no,Exact alternative detector pair with point-row provenance; not added to original v783 graph or physiologically validated
1568,P_alternate_automated_detector_same_specimen,720575940611082564,720575940633561887,LA_R,720575940633561887,1,75516558,ACH:1,no,no,Exact alternative detector pair with point-row provenance; not added to original v783 graph or physiologically validated
1569,P_alternate_automated_detector_same_specimen,720575940611101230,720575940625416167,LA_R,720575940625416167,1,15430262,ACH:1,no,no,Exact alternative detector pair with point-row provenance; not added to original v783 graph or physiologically validated
1570,P_alternate_automated_detector_same_specimen,720575940611477229,720575940608887235,UNASGD,720575940611477229,1,69288043,ACH:1,no,no,Exact alternative detector pair with point-row provenance; not added to original v783 graph or physiologically validated
1571,P_alternate_automated_detector_same_specimen,720575940611477229,720575940618203707,UNASGD,720575940611477229,1,48836622,ACH:1,no,no,Exact alternative detector pair with point-row provenance; not added to original v783 graph or physiologically validated
1572,P_alternate_automated_detector_same_specimen,720575940611477229,720575940627490459,UNASGD,720575940611477229,1,8576039,ACH:1,no,no,Exact alternative detector pair with point-row provenance; not added to original v783 graph or physiologically validated
1573,P_alternate_automated_detector_same_specimen,720575940611477229,720575940644050376,UNASGD,720575940611477229,1,59021025,ACH:1,no,no,Exact alternative detector pair with point-row provenance; not added to original v783 graph or physiologically validated
1574,P_alternate_automated_detector_same_specimen,720575940611510765,720575940614296938,GNG,720575940611510765,1,14058024,ACH:1,no,no,Exact alternative detector pair with point-row provenance; not added to original v783 graph or physiologically validated
1575,P_alternate_automated_detector_same_specimen,720575940611510765,720575940618768806,GNG,720575940611510765;720575940618768806,1,50950183,ACH:1,no,no,Exact alternative detector pair with point-row provenance; not added to original v783 graph or physiologically validated
1576,P_alternate_automated_detector_same_specimen,720575940611510765,720575940623498483,GNG,720575940611510765,1,28075514,ACH:1,no,no,Exact alternative detector pair with point-row provenance; not added to original v783 graph or physiologically validated
1577,P_alternate_automated_detector_same_specimen,720575940611510765,720575940628506871,GNG,720575940611510765,1,41471241,ACH:1,no,no,Exact alternative detector pair with point-row provenance; not added to original v783 graph or physiologically validated
1578,P_alternate_automated_detector_same_specimen,720575940611510765,720575940634279543,GNG,720575940611510765,1,47974564,ACH:1,no,no,Exact alternative detector pair with point-row provenance; not added to original v783 graph or physiologically validated
1579,P_alternate_automated_detector_same_specimen,720575940611510765,720575940634290913,GNG,720575940611510765,1,3953709,ACH:1,no,no,Exact alternative detector pair with point-row provenance; not added to original v783 graph or physiologically validated
1580,P_alternate_automated_detector_same_specimen,720575940611541939,720575940610715204,LA_R,720575940610715204,1,44880214,ACH:1,no,no,Exact alternative detector pair with point-row provenance; not added to original v783 graph or physiologically validated
1581,P_alternate_automated_detector_same_specimen,720575940611541939,720575940612735194,LA_R,720575940612735194,1,29525992,ACH:1,no,no,Exact alternative detector pair with point-row provenance; not added to original v783 graph or physiologically validated
1582,P_alternate_automated_detector_same_specimen,720575940611541939,720575940627671433,LA_R,720575940627671433,1,72462821,ACH:1,no,no,Exact alternative detector pair with point-row provenance; not added to original v783 graph or physiologically validated
1583,P_alternate_automated_detector_same_specimen,720575940611550840,720575940633224237,LA_R,720575940611550840,1,69326395,ACH:1,no,no,Exact alternative detector pair with point-row provenance; not added to original v783 graph or physiologically validated
1584,P_alternate_automated_detector_same_specimen,720575940611597298,720575940616042508,AMMC_L,720575940616042508,1,1986789,GABA:1,no,no,Exact alternative detector pair with point-row provenance; not added to original v783 graph or physiologically validated
1585,P_alternate_automated_detector_same_specimen,720575940611810001,720575940611765201,GNG,720575940611810001,1,20717280,ACH:1,no,no,Exact alternative detector pair with point-row provenance; not added to original v783 graph or physiologically validated
1586,P_alternate_automated_detector_same_specimen,720575940611810001,720575940618051237,GNG,720575940611810001,1,41160162,ACH:1,no,no,Exact alternative detector pair with point-row provenance; not added to original v783 graph or physiologically validated
1587,P_alternate_automated_detector_same_specimen,720575940611810001,720575940620858606,GNG,720575940611810001,1,10144122,ACH:1,no,no,Exact alternative detector pair with point-row provenance; not added to original v783 graph or physiologically validated
1588,P_alternate_automated_detector_same_specimen,720575940611810001,720575940620882603,GNG,720575940611810001,1,24395958,ACH:1,no,no,Exact alternative detector pair with point-row provenance; not added to original v783 graph or physiologically validated
1589,P_alternate_automated_detector_same_specimen,720575940611810001,720575940632815780,GNG,720575940611810001,1,13747562,ACH:1,no,no,Exact alternative detector pair with point-row provenance; not added to original v783 graph or physiologically validated
1590,P_alternate_automated_detector_same_specimen,720575940611875503,720575940619193264,GNG,720575940619193264,1,39120547,GABA:1,no,no,Exact alternative detector pair with point-row provenance; not added to original v783 graph or physiologically validated
1591,P_alternate_automated_detector_same_specimen,720575940611875503,720575940626702159,GNG,720575940626702159,1,45623745,GABA:1,no,no,Exact alternative detector pair with point-row provenance; not added to original v783 graph or physiologically validated
1592,P_alternate_automated_detector_same_specimen,720575940611900968,720575940627149415,GNG,720575940627149415,1,30815968,ACH:1,no,no,Exact alternative detector pair with point-row provenance; not added to original v783 graph or physiologically validated
1593,P_alternate_automated_detector_same_specimen,720575940611937967,720575940618395205,UNASGD,720575940611937967,1,68973015,ACH:1,no,no,Exact alternative detector pair with point-row provenance; not added to original v783 graph or physiologically validated
1594,P_alternate_automated_detector_same_specimen,720575940611937967,720575940625345328,GNG,720575940611937967,1,65992793,ACH:1,no,no,Exact alternative detector pair with point-row provenance; not added to original v783 graph or physiologically validated
1595,P_alternate_automated_detector_same_specimen,720575940611937967,720575940626216720,UNASGD,720575940611937967;720575940626216720,1,25412152,ACH:1,no,no,Exact alternative detector pair with point-row provenance; not added to original v783 graph or physiologically validated
1596,P_alternate_automated_detector_same_specimen,720575940611937967,720575940626295396,GNG,720575940611937967,1,15311709,ACH:1,no,no,Exact alternative detector pair with point-row provenance; not added to original v783 graph or physiologically validated
1597,P_alternate_automated_detector_same_specimen,720575940611982690,720575940621588207,LA_L,720575940611982690,1,17232246,ACH:1,no,no,Exact alternative detector pair with point-row provenance; not added to original v783 graph or physiologically validated
1598,P_alternate_automated_detector_same_specimen,720575940612012207,720575940619193264,GNG,720575940619193264,1,45231063,ACH:1,no,no,Exact alternative detector pair with point-row provenance; not added to original v783 graph or physiologically validated
1599,P_alternate_automated_detector_same_specimen,720575940612058543,720575940615121501,GNG,720575940615121501,1,48369845,ACH:1,no,no,Exact alternative detector pair with point-row provenance; not added to original v783 graph or physiologically validated
1600,P_alternate_automated_detector_same_specimen,720575940612294311,720575940617611921,GNG,720575940612294311,1,13040781,ACH:1,no,no,Exact alternative detector pair with point-row provenance; not added to original v783 graph or physiologically validated
1601,P_alternate_automated_detector_same_specimen,720575940612294311,720575940620860654,GNG,720575940612294311,1,18131112,ACH:1,no,no,Exact alternative detector pair with point-row provenance; not added to original v783 graph or physiologically validated
1602,P_alternate_automated_detector_same_specimen,720575940612294311,720575940622830836,GNG,720575940612294311,1,9044041,ACH:1,no,no,Exact alternative detector pair with point-row provenance; not added to original v783 graph or physiologically validated
1603,P_alternate_automated_detector_same_specimen,720575940612294311,720575940629413962,GNG,720575940612294311,1,38021801,ACH:1,no,no,Exact alternative detector pair with point-row provenance; not added to original v783 graph or physiologically validated
1604,P_alternate_automated_detector_same_specimen,720575940612294311,720575940630689388,GNG,720575940612294311,1,79156984,ACH:1,no,no,Exact alternative detector pair with point-row provenance; not added to original v783 graph or physiologically validated
1605,P_alternate_automated_detector_same_specimen,720575940612294311,720575940632805983,GNG,720575940612294311,1,77669612,ACH:1,no,no,Exact alternative detector pair with point-row provenance; not added to original v783 graph or physiologically validated
1606,P_alternate_automated_detector_same_specimen,720575940612294311,720575940637629016,GNG,720575940612294311,1,24315763,ACH:1,no,no,Exact alternative detector pair with point-row provenance; not added to original v783 graph or physiologically validated
1607,P_alternate_automated_detector_same_specimen,720575940612294311,720575940660229505,UNASGD,720575940612294311,1,62073725,ACH:1,no,no,Exact alternative detector pair with point-row provenance; not added to original v783 graph or physiologically validated
1608,P_alternate_automated_detector_same_specimen,720575940612326606,720575940625507308,ME_L,720575940612326606,1,18799520,ACH:1,no,no,Exact alternative detector pair with point-row provenance; not added to original v783 graph or physiologically validated
1609,P_alternate_automated_detector_same_specimen,720575940612332750,720575940621090213,LA_R,720575940621090213,1,14646875,ACH:1,no,no,Exact alternative detector pair with point-row provenance; not added to original v783 graph or physiologically validated
1610,P_alternate_automated_detector_same_specimen,720575940612332750,720575940624870217,LA_R,720575940624870217,1,58432539,ACH:1,no,no,Exact alternative detector pair with point-row provenance; not added to original v783 graph or physiologically validated
1611,P_alternate_automated_detector_same_specimen,720575940612332750,720575940629714793,LA_R,720575940629714793,1,48015020,ACH:1,no,no,Exact alternative detector pair with point-row provenance; not added to original v783 graph or physiologically validated
1612,P_alternate_automated_detector_same_specimen,720575940612332750,720575940637514414,LA_R,720575940637514414,1,39005352,ACH:1,no,no,Exact alternative detector pair with point-row provenance; not added to original v783 graph or physiologically validated
1613,P_alternate_automated_detector_same_specimen,720575940612335539,720575940613878459,GNG,720575940613878459,1,15548753,ACH:1,no,no,Exact alternative detector pair with point-row provenance; not added to original v783 graph or physiologically validated
1614,P_alternate_automated_detector_same_specimen,720575940612345698,720575940623770637,LA_R,720575940623770637,1,74500542,ACH:1,no,no,Exact alternative detector pair with point-row provenance; not added to original v783 graph or physiologically validated
1615,P_alternate_automated_detector_same_specimen,720575940612365937,720575940618712221,LA_R,720575940618712221,1,22789618,ACH:1,no,no,Exact alternative detector pair with point-row provenance; not added to original v783 graph or physiologically validated
1616,P_alternate_automated_detector_same_specimen,720575940612375002,720575940631043900,LA_R,720575940631043900,1,5009975,ACH:1,no,no,Exact alternative detector pair with point-row provenance; not added to original v783 graph or physiologically validated
1617,P_alternate_automated_detector_same_specimen,720575940612375002,720575940643034765,LA_R,720575940643034765,1,59060536,ACH:1,no,no,Exact alternative detector pair with point-row provenance; not added to original v783 graph or physiologically validated
1618,P_alternate_automated_detector_same_specimen,720575940612385971,720575940638556382,LA_L,720575940638556382,1,35322128,ACH:1,no,no,Exact alternative detector pair with point-row provenance; not added to original v783 graph or physiologically validated
1619,P_alternate_automated_detector_same_specimen,720575940612523571,720575940616042508,SAD,720575940616042508,1,41697151,ACH:1,no,no,Exact alternative detector pair with point-row provenance; not added to original v783 graph or physiologically validated
1620,P_alternate_automated_detector_same_specimen,720575940612606899,720575940626585744,LA_R,720575940626585744,1,14646741,ACH:1,no,no,Exact alternative detector pair with point-row provenance; not added to original v783 graph or physiologically validated
1621,P_alternate_automated_detector_same_specimen,720575940612683670,720575940619381108,GNG,720575940619381108,1,20635056,ACH:1,no,no,Exact alternative detector pair with point-row provenance; not added to original v783 graph or physiologically validated
1622,P_alternate_automated_detector_same_specimen,720575940612688789,720575940625830072,LA_L,720575940612688789,1,6655279,ACH:1,no,no,Exact alternative detector pair with point-row provenance; not added to original v783 graph or physiologically validated
1623,P_alternate_automated_detector_same_specimen,720575940612706778,720575940627319171,LA_L,720575940612706778,1,10182483,ACH:1,no,no,Exact alternative detector pair with point-row provenance; not added to original v783 graph or physiologically validated
1624,P_alternate_automated_detector_same_specimen,720575940612708775,720575940618712221,LA_R,720575940618712221,1,5244176,ACH:1,no,no,Exact alternative detector pair with point-row provenance; not added to original v783 graph or physiologically validated
1625,P_alternate_automated_detector_same_specimen,720575940612718563,720575940630846125,GNG,720575940630846125,1,4031398,GABA:1,no,no,Exact alternative detector pair with point-row provenance; not added to original v783 graph or physiologically validated
1626,P_alternate_automated_detector_same_specimen,720575940612735194,720575940608998236,LA_R,720575940612735194,1,45350573,ACH:1,no,no,Exact alternative detector pair with point-row provenance; not added to original v783 graph or physiologically validated
1627,P_alternate_automated_detector_same_specimen,720575940612735194,720575940611541939,LA_R,720575940612735194,1,73324358,ACH:1,no,no,Exact alternative detector pair with point-row provenance; not added to original v783 graph or physiologically validated
1628,P_alternate_automated_detector_same_specimen,720575940612735194,720575940623103843,LA_R,720575940612735194,1,1175654,ACH:1,no,no,Exact alternative detector pair with point-row provenance; not added to original v783 graph or physiologically validated
1629,P_alternate_automated_detector_same_specimen,720575940612735194,720575940632440936,LA_R,720575940612735194,1,42844036,ACH:1,no,no,Exact alternative detector pair with point-row provenance; not added to original v783 graph or physiologically validated
1630,P_alternate_automated_detector_same_specimen,720575940612755050,720575940602534112,GNG,720575940612755050,1,53692151,ACH:1,no,no,Exact alternative detector pair with point-row provenance; not added to original v783 graph or physiologically validated
1631,P_alternate_automated_detector_same_specimen,720575940612755050,720575940611510765,GNG,720575940611510765;720575940612755050,1,4735247,ACH:1,no,no,Exact alternative detector pair with point-row provenance; not added to original v783 graph or physiologically validated
1632,P_alternate_automated_detector_same_specimen,720575940612755050,720575940611552370,GNG,720575940612755050,1,30816765,ACH:1,no,no,Exact alternative detector pair with point-row provenance; not added to original v783 graph or physiologically validated
1633,P_alternate_automated_detector_same_specimen,720575940612755050,720575940623225549,GNG,720575940612755050,1,65287827,ACH:1,no,no,Exact alternative detector pair with point-row provenance; not added to original v783 graph or physiologically validated
1634,P_alternate_automated_detector_same_specimen,720575940612813461,720575940620623320,LA_L,720575940620623320,1,3604157,ACH:1,no,no,Exact alternative detector pair with point-row provenance; not added to original v783 graph or physiologically validated
1635,P_alternate_automated_detector_same_specimen,720575940612839793,720575940615206055,LA_R,720575940612839793,1,312502,ACH:1,no,no,Exact alternative detector pair with point-row provenance; not added to original v783 graph or physiologically validated
1636,P_alternate_automated_detector_same_specimen,720575940612839793,720575940626772154,LA_R,720575940612839793,1,54437760,ACH:1,no,no,Exact alternative detector pair with point-row provenance; not added to original v783 graph or physiologically validated
1637,P_alternate_automated_detector_same_specimen,720575940612839793,720575940633284895,LA_R,720575940612839793,1,70581448,ACH:1,no,no,Exact alternative detector pair with point-row provenance; not added to original v783 graph or physiologically validated
1638,P_alternate_automated_detector_same_specimen,720575940612839793,720575940647199779,LA_R,720575940612839793,1,73167536,ACH:1,no,no,Exact alternative detector pair with point-row provenance; not added to original v783 graph or physiologically validated
1639,P_alternate_automated_detector_same_specimen,720575940612899763,720575940618519953,LA_R,720575940612899763,1,39396975,ACH:1,no,no,Exact alternative detector pair with point-row provenance; not added to original v783 graph or physiologically validated
1640,P_alternate_automated_detector_same_specimen,720575940612899763,720575940629977603,LA_R,720575940612899763,1,50207187,ACH:1,no,no,Exact alternative detector pair with point-row provenance; not added to original v783 graph or physiologically validated
1641,P_alternate_automated_detector_same_specimen,720575940612927155,720575940622879521,LA_L,720575940622879521,1,31092931,ACH:1,no,no,Exact alternative detector pair with point-row provenance; not added to original v783 graph or physiologically validated
1642,P_alternate_automated_detector_same_specimen,720575940612943066,720575940625837242,LA_R,720575940612943066,1,67677200,ACH:1,no,no,Exact alternative detector pair with point-row provenance; not added to original v783 graph or physiologically validated
1643,P_alternate_automated_detector_same_specimen,720575940612943066,720575940626800933,LA_R,720575940612943066,1,51068879,ACH:1,no,no,Exact alternative detector pair with point-row provenance; not added to original v783 graph or physiologically validated
1644,P_alternate_automated_detector_same_specimen,720575940612943066,720575940630250139,LA_R,720575940612943066,1,13393398,ACH:1,no,no,Exact alternative detector pair with point-row provenance; not added to original v783 graph or physiologically validated
1645,P_alternate_automated_detector_same_specimen,720575940612947635,720575940632394380,LA_R,720575940612947635,1,22633956,ACH:1,no,no,Exact alternative detector pair with point-row provenance; not added to original v783 graph or physiologically validated
1646,P_alternate_automated_detector_same_specimen,720575940612947635,720575940633316004,LA_R,720575940612947635,1,63134288,ACH:1,no,no,Exact alternative detector pair with point-row provenance; not added to original v783 graph or physiologically validated
1647,P_alternate_automated_detector_same_specimen,720575940612970202,720575940625789112,LA_L,720575940612970202,1,8066015,ACH:1,no,no,Exact alternative detector pair with point-row provenance; not added to original v783 graph or physiologically validated
1648,P_alternate_automated_detector_same_specimen,720575940612970262,720575940621103269,LA_R,720575940621103269,1,77004599,ACH:1,no,no,Exact alternative detector pair with point-row provenance; not added to original v783 graph or physiologically validated
1649,P_alternate_automated_detector_same_specimen,720575940612971925,720575940621443206,LA_R,720575940621443206,1,10261192,ACH:1,no,no,Exact alternative detector pair with point-row provenance; not added to original v783 graph or physiologically validated
1650,P_alternate_automated_detector_same_specimen,720575940612977834,720575940631647173,LA_R,720575940631647173,1,43000551,ACH:1,no,no,Exact alternative detector pair with point-row provenance; not added to original v783 graph or physiologically validated
1651,P_alternate_automated_detector_same_specimen,720575940613055194,720575940615855510,LA_L,720575940613055194;720575940615855510,1,63996348,ACH:1,no,no,Exact alternative detector pair with point-row provenance; not added to original v783 graph or physiologically validated
1652,P_alternate_automated_detector_same_specimen,720575940613138674,720575940621978534,LA_L,720575940613138674;720575940621978534,1,60469493,ACH:1,no,no,Exact alternative detector pair with point-row provenance; not added to original v783 graph or physiologically validated
1653,P_alternate_automated_detector_same_specimen,720575940613154730,720575940629636713,ME_L,720575940629636713,1,21773330,GABA:1,no,no,Exact alternative detector pair with point-row provenance; not added to original v783 graph or physiologically validated
1654,P_alternate_automated_detector_same_specimen,720575940613196261,720575940611716570,LA_R,720575940613196261,1,29917482,ACH:1,no,no,Exact alternative detector pair with point-row provenance; not added to original v783 graph or physiologically validated
1655,P_alternate_automated_detector_same_specimen,720575940613196261,720575940624479379,LA_R,720575940613196261,1,75673620,ACH:1,no,no,Exact alternative detector pair with point-row provenance; not added to original v783 graph or physiologically validated
1656,P_alternate_automated_detector_same_specimen,720575940613196261,720575940625022707,LA_R,720575940613196261,1,78962048,ACH:1,no,no,Exact alternative detector pair with point-row provenance; not added to original v783 graph or physiologically validated
1657,P_alternate_automated_detector_same_specimen,720575940613196261,720575940631966777,LA_R,720575940613196261,1,65093116,ACH:1,no,no,Exact alternative detector pair with point-row provenance; not added to original v783 graph or physiologically validated
1658,P_alternate_automated_detector_same_specimen,720575940613302431,720575940619381108,GNG,720575940619381108,1,80014663,ACH:1,no,no,Exact alternative detector pair with point-row provenance; not added to original v783 graph or physiologically validated
1659,P_alternate_automated_detector_same_specimen,720575940613351842,720575940621544175,ME_L,720575940621544175,1,8623175,GABA:1,no,no,Exact alternative detector pair with point-row provenance; not added to original v783 graph or physiologically validated
1660,P_alternate_automated_detector_same_specimen,720575940613409763,720575940609622281,ME_L,720575940609622281,1,60552051,ACH:1,no,no,Exact alternative detector pair with point-row provenance; not added to original v783 graph or physiologically validated
1661,P_alternate_automated_detector_same_specimen,720575940613410802,720575940645941027,LA_R,720575940645941027,1,4071974,ACH:1,no,no,Exact alternative detector pair with point-row provenance; not added to original v783 graph or physiologically validated
1662,P_alternate_automated_detector_same_specimen,720575940613474474,720575940634712545,LA_R,720575940613474474,1,31716512,ACH:1,no,no,Exact alternative detector pair with point-row provenance; not added to original v783 graph or physiologically validated
1663,P_alternate_automated_detector_same_specimen,720575940613486762,720575940630726956,LA_L,720575940613486762,1,10967195,ACH:1,no,no,Exact alternative detector pair with point-row provenance; not added to original v783 graph or physiologically validated
1664,P_alternate_automated_detector_same_specimen,720575940613532133,720575940648702084,LA_R,720575940648702084,1,47857885,GABA:1,no,no,Exact alternative detector pair with point-row provenance; not added to original v783 graph or physiologically validated
1665,P_alternate_automated_detector_same_specimen,720575940613545586,720575940607860169,LA_R,720575940607860169,1,19973553,GABA:1,no,no,Exact alternative detector pair with point-row provenance; not added to original v783 graph or physiologically validated
1666,P_alternate_automated_detector_same_specimen,720575940613582996,720575940618782036,UNASGD,720575940613582996,1,24748035,ACH:1,no,no,Exact alternative detector pair with point-row provenance; not added to original v783 graph or physiologically validated
1667,P_alternate_automated_detector_same_specimen,720575940613582996,720575940621411237,LA_L,720575940613582996,1,74657578,ACH:1,no,no,Exact alternative detector pair with point-row provenance; not added to original v783 graph or physiologically validated
1668,P_alternate_automated_detector_same_specimen,720575940613587609,720575940624870217,LA_R,720575940613587609;720575940624870217,1,70034075,ACH:1,no,no,Exact alternative detector pair with point-row provenance; not added to original v783 graph or physiologically validated
1669,P_alternate_automated_detector_same_specimen,720575940613587609,720575940629900843,LA_R,720575940613587609,1,32029468,ACH:1,no,no,Exact alternative detector pair with point-row provenance; not added to original v783 graph or physiologically validated
1670,P_alternate_automated_detector_same_specimen,720575940613626738,720575940615103998,LA_L,720575940615103998,1,74656777,ACH:1,no,no,Exact alternative detector pair with point-row provenance; not added to original v783 graph or physiologically validated
1671,P_alternate_automated_detector_same_specimen,720575940613668210,720575940620753744,LA_R,720575940620753744,1,79275074,ACH:1,no,no,Exact alternative detector pair with point-row provenance; not added to original v783 graph or physiologically validated
1672,P_alternate_automated_detector_same_specimen,720575940613671594,720575940620753744,LA_R,720575940620753744,1,71756492,GABA:1,no,no,Exact alternative detector pair with point-row provenance; not added to original v783 graph or physiologically validated
1673,P_alternate_automated_detector_same_specimen,720575940613671594,720575940640017597,LA_R,720575940640017597,1,68777652,GABA:1,no,no,Exact alternative detector pair with point-row provenance; not added to original v783 graph or physiologically validated
1674,P_alternate_automated_detector_same_specimen,720575940613671594,720575940645941027,LA_R,720575940645941027,1,6576347,GABA:1,no,no,Exact alternative detector pair with point-row provenance; not added to original v783 graph or physiologically validated
1675,P_alternate_automated_detector_same_specimen,720575940613684274,720575940629486714,GNG,720575940613684274,1,23842979,ACH:1,no,no,Exact alternative detector pair with point-row provenance; not added to original v783 graph or physiologically validated
1676,P_alternate_automated_detector_same_specimen,720575940613684274,720575940632045839,GNG,720575940613684274,1,27603546,ACH:1,no,no,Exact alternative detector pair with point-row provenance; not added to original v783 graph or physiologically validated
1677,P_alternate_automated_detector_same_specimen,720575940613706818,720575940630423418,LA_R,720575940630423418,1,11749629,ACH:1,no,no,Exact alternative detector pair with point-row provenance; not added to original v783 graph or physiologically validated
1678,P_alternate_automated_detector_same_specimen,720575940613757462,720575940628728040,LA_L,720575940628728040,1,47781517,ACH:1,no,no,Exact alternative detector pair with point-row provenance; not added to original v783 graph or physiologically validated
1679,P_alternate_automated_detector_same_specimen,720575940613878459,720575940627236629,GNG,720575940613878459,1,56358245,ACH:1,no,no,Exact alternative detector pair with point-row provenance; not added to original v783 graph or physiologically validated
1680,P_alternate_automated_detector_same_specimen,720575940613878459,720575940627303699,GNG,720575940613878459,1,67090374,ACH:1,no,no,Exact alternative detector pair with point-row provenance; not added to original v783 graph or physiologically validated
1681,P_alternate_automated_detector_same_specimen,720575940613878459,720575940630268483,GNG,720575940613878459,1,74540319,ACH:1,no,no,Exact alternative detector pair with point-row provenance; not added to original v783 graph or physiologically validated
1682,P_alternate_automated_detector_same_specimen,720575940613878459,720575940636098367,GNG,720575940613878459,1,77279661,ACH:1,no,no,Exact alternative detector pair with point-row provenance; not added to original v783 graph or physiologically validated
1683,P_alternate_automated_detector_same_specimen,720575940613971683,720575940616860859,LA_R,720575940613971683,1,37358741,ACH:1,no,no,Exact alternative detector pair with point-row provenance; not added to original v783 graph or physiologically validated
1684,P_alternate_automated_detector_same_specimen,720575940613971683,720575940617358965,LA_R,720575940613971683,1,66032313,ACH:1,no,no,Exact alternative detector pair with point-row provenance; not added to original v783 graph or physiologically validated
1685,P_alternate_automated_detector_same_specimen,720575940613971683,720575940628361491,LA_R,720575940613971683,1,1959239,ACH:1,no,no,Exact alternative detector pair with point-row provenance; not added to original v783 graph or physiologically validated
1686,P_alternate_automated_detector_same_specimen,720575940614174435,720575940618864724,LA_L,720575940618864724,1,53576549,ACH:1,no,no,Exact alternative detector pair with point-row provenance; not added to original v783 graph or physiologically validated
1687,P_alternate_automated_detector_same_specimen,720575940614191023,720575940617768587,ME_L,720575940617768587,1,18095218,GLUT:1,no,no,Exact alternative detector pair with point-row provenance; not added to original v783 graph or physiologically validated
1688,P_alternate_automated_detector_same_specimen,720575940614200557,720575940615103998,LA_L,720575940614200557;720575940615103998,1,69405058,ACH:1,no,no,Exact alternative detector pair with point-row provenance; not added to original v783 graph or physiologically validated
1689,P_alternate_automated_detector_same_specimen,720575940614200557,720575940623495693,LA_L,720575940614200557;720575940623495693,1,6655074,ACH:1,no,no,Exact alternative detector pair with point-row provenance; not added to original v783 graph or physiologically validated
1690,P_alternate_automated_detector_same_specimen,720575940614200557,720575940638078832,LA_L,720575940614200557;720575940638078832,1,29056876,ACH:1,no,no,Exact alternative detector pair with point-row provenance; not added to original v783 graph or physiologically validated
1691,P_alternate_automated_detector_same_specimen,720575940614246559,720575940622056368,LA_R,720575940622056368,1,47231871,ACH:1,no,no,Exact alternative detector pair with point-row provenance; not added to original v783 graph or physiologically validated
1692,P_alternate_automated_detector_same_specimen,720575940614276845,720575940622056368,LA_R,720575940622056368,1,42453068,ACH:1,no,no,Exact alternative detector pair with point-row provenance; not added to original v783 graph or physiologically validated
1693,P_alternate_automated_detector_same_specimen,720575940614309992,720575940630787388,LA_L,720575940630787388,1,77004898,ACH:1,no,no,Exact alternative detector pair with point-row provenance; not added to original v783 graph or physiologically validated
1694,P_alternate_automated_detector_same_specimen,720575940614335151,720575940630423418,LA_R,720575940630423418,1,42139759,ACH:1,no,no,Exact alternative detector pair with point-row provenance; not added to original v783 graph or physiologically validated
1695,P_alternate_automated_detector_same_specimen,720575940614342381,720575940618150105,LA_R,720575940618150105,1,79745126,ACH:1,no,no,Exact alternative detector pair with point-row provenance; not added to original v783 graph or physiologically validated
1696,P_alternate_automated_detector_same_specimen,720575940614441965,720575940631186550,LA_R,720575940631186550,1,71678696,ACH:1,no,no,Exact alternative detector pair with point-row provenance; not added to original v783 graph or physiologically validated
1697,P_alternate_automated_detector_same_specimen,720575940614529186,720575940625929765,SAD,720575940625929765,1,18139029,ACH:1,no,no,Exact alternative detector pair with point-row provenance; not added to original v783 graph or physiologically validated
1698,P_alternate_automated_detector_same_specimen,720575940614567855,720575940615812246,LA_L,720575940614567855,1,73481127,ACH:1,no,no,Exact alternative detector pair with point-row provenance; not added to original v783 graph or physiologically validated
1699,P_alternate_automated_detector_same_specimen,720575940614567855,720575940626770532,LA_L,720575940614567855;720575940626770532,1,3135769,ACH:1,no,no,Exact alternative detector pair with point-row provenance; not added to original v783 graph or physiologically validated
1700,P_alternate_automated_detector_same_specimen,720575940614592175,720575940610715204,LA_R,720575940610715204,1,69797806,GLUT:1,no,no,Exact alternative detector pair with point-row provenance; not added to original v783 graph or physiologically validated
1701,P_alternate_automated_detector_same_specimen,720575940614641000,720575940629873451,LA_L,720575940614641000,1,48641591,ACH:1,no,no,Exact alternative detector pair with point-row provenance; not added to original v783 graph or physiologically validated
1702,P_alternate_automated_detector_same_specimen,720575940614660263,720575940618863553,UNASGD,720575940618863553,1,76343184,GLUT:1,no,no,Exact alternative detector pair with point-row provenance; not added to original v783 graph or physiologically validated
1703,P_alternate_automated_detector_same_specimen,720575940614694609,720575940638820442,LA_L,720575940638820442,1,67679088,ACH:1,no,no,Exact alternative detector pair with point-row provenance; not added to original v783 graph or physiologically validated
1704,P_alternate_automated_detector_same_specimen,720575940614721110,720575940626702159,GNG,720575940626702159,1,51262854,ACH:1,no,no,Exact alternative detector pair with point-row provenance; not added to original v783 graph or physiologically validated
1705,P_alternate_automated_detector_same_specimen,720575940614732798,720575940624141508,LA_R,720575940624141508,1,11906456,ACH:1,no,no,Exact alternative detector pair with point-row provenance; not added to original v783 graph or physiologically validated
1706,P_alternate_automated_detector_same_specimen,720575940614792623,720575940636615160,LA_R,720575940614792623,1,65797287,ACH:1,no,no,Exact alternative detector pair with point-row provenance; not added to original v783 graph or physiologically validated
1707,P_alternate_automated_detector_same_specimen,720575940614849967,720575940606725553,LA_L,720575940614849967,1,52557528,ACH:1,no,no,Exact alternative detector pair with point-row provenance; not added to original v783 graph or physiologically validated
1708,P_alternate_automated_detector_same_specimen,720575940614849967,720575940632780857,LA_L,720575940614849967,1,42218553,ACH:1,no,no,Exact alternative detector pair with point-row provenance; not added to original v783 graph or physiologically validated
1709,P_alternate_automated_detector_same_specimen,720575940614875176,720575940628648936,LA_R,720575940628648936,1,32265090,GLUT:1,no,no,Exact alternative detector pair with point-row provenance; not added to original v783 graph or physiologically validated
1710,P_alternate_automated_detector_same_specimen,720575940614890642,720575940619434689,AL_L,720575940614890642,1,29091815,ACH:1,no,no,Exact alternative detector pair with point-row provenance; not added to original v783 graph or physiologically validated
1711,P_alternate_automated_detector_same_specimen,720575940614890642,720575940623636701,LAL_L,720575940614890642,1,47499977,ACH:1,no,no,Exact alternative detector pair with point-row provenance; not added to original v783 graph or physiologically validated
1712,P_alternate_automated_detector_same_specimen,720575940614890642,720575940625990277,AL_L,720575940614890642,1,53846281,ACH:1,no,no,Exact alternative detector pair with point-row provenance; not added to original v783 graph or physiologically validated
1713,P_alternate_automated_detector_same_specimen,720575940614957115,720575940621351412,GNG,720575940614957115,1,50166144,ACH:1,no,no,Exact alternative detector pair with point-row provenance; not added to original v783 graph or physiologically validated
1714,P_alternate_automated_detector_same_specimen,720575940614957115,720575940627383614,GNG,720575940614957115,1,9436086,ACH:1,no,no,Exact alternative detector pair with point-row provenance; not added to original v783 graph or physiologically validated
1715,P_alternate_automated_detector_same_specimen,720575940614957115,720575940629921099,GNG,720575940614957115,1,51812541,ACH:1,no,no,Exact alternative detector pair with point-row provenance; not added to original v783 graph or physiologically validated
1716,P_alternate_automated_detector_same_specimen,720575940614957115,720575940634525303,GNG,720575940614957115,1,4265748,ACH:1,no,no,Exact alternative detector pair with point-row provenance; not added to original v783 graph or physiologically validated
1717,P_alternate_automated_detector_same_specimen,720575940614957115,720575940635776760,GNG,720575940614957115,1,30033449,ACH:1,no,no,Exact alternative detector pair with point-row provenance; not added to original v783 graph or physiologically validated
1718,P_alternate_automated_detector_same_specimen,720575940615060478,720575940633773523,LA_R,720575940633773523,1,14019614,ACH:1,no,no,Exact alternative detector pair with point-row provenance; not added to original v783 graph or physiologically validated
1719,P_alternate_automated_detector_same_specimen,720575940615102375,720575940627671433,LA_R,720575940627671433,1,11359086,ACH:1,no,no,Exact alternative detector pair with point-row provenance; not added to original v783 graph or physiologically validated
1720,P_alternate_automated_detector_same_specimen,720575940615103998,720575940614200557,LA_L,720575940614200557;720575940615103998,1,1959604,ACH:1,no,no,Exact alternative detector pair with point-row provenance; not added to original v783 graph or physiologically validated
1721,P_alternate_automated_detector_same_specimen,720575940615108714,720575940621949675,GNG,720575940621949675,1,35515017,GLUT:1,no,no,Exact alternative detector pair with point-row provenance; not added to original v783 graph or physiologically validated
1722,P_alternate_automated_detector_same_specimen,720575940615121501,720575940619050149,GNG,720575940615121501,1,8498400,ACH:1,no,no,Exact alternative detector pair with point-row provenance; not added to original v783 graph or physiologically validated
1723,P_alternate_automated_detector_same_specimen,720575940615121501,720575940620721286,GNG,720575940615121501,1,43903232,ACH:1,no,no,Exact alternative detector pair with point-row provenance; not added to original v783 graph or physiologically validated
1724,P_alternate_automated_detector_same_specimen,720575940615121501,720575940622906189,UNASGD,720575940615121501,1,48367289,ACH:1,no,no,Exact alternative detector pair with point-row provenance; not added to original v783 graph or physiologically validated
1725,P_alternate_automated_detector_same_specimen,720575940615121501,720575940624117528,GNG,720575940615121501,1,51499586,ACH:1,no,no,Exact alternative detector pair with point-row provenance; not added to original v783 graph or physiologically validated
1726,P_alternate_automated_detector_same_specimen,720575940615121501,720575940624854474,GNG,720575940615121501,1,71564031,ACH:1,no,no,Exact alternative detector pair with point-row provenance; not added to original v783 graph or physiologically validated
1727,P_alternate_automated_detector_same_specimen,720575940615121501,720575940625881672,GNG,720575940615121501,1,32305458,ACH:1,no,no,Exact alternative detector pair with point-row provenance; not added to original v783 graph or physiologically validated
1728,P_alternate_automated_detector_same_specimen,720575940615121501,720575940628825348,GNG,720575940615121501,1,40140921,ACH:1,no,no,Exact alternative detector pair with point-row provenance; not added to original v783 graph or physiologically validated
1729,P_alternate_automated_detector_same_specimen,720575940615121501,720575940630169764,GNG,720575940615121501,1,58943378,ACH:1,no,no,Exact alternative detector pair with point-row provenance; not added to original v783 graph or physiologically validated
1730,P_alternate_automated_detector_same_specimen,720575940615121501,720575940631821891,GNG,720575940615121501,1,61922095,ACH:1,no,no,Exact alternative detector pair with point-row provenance; not added to original v783 graph or physiologically validated
1731,P_alternate_automated_detector_same_specimen,720575940615121501,720575940632101583,GNG,720575940615121501,1,23689565,ACH:1,no,no,Exact alternative detector pair with point-row provenance; not added to original v783 graph or physiologically validated
1732,P_alternate_automated_detector_same_specimen,720575940615121501,720575940636186463,GNG,720575940615121501,1,27609102,ACH:1,no,no,Exact alternative detector pair with point-row provenance; not added to original v783 graph or physiologically validated
1733,P_alternate_automated_detector_same_specimen,720575940615121501,720575940647328889,GNG,720575940615121501,1,75321279,ACH:1,no,no,Exact alternative detector pair with point-row provenance; not added to original v783 graph or physiologically validated
1734,P_alternate_automated_detector_same_specimen,720575940615131699,720575940618712221,LA_R,720575940618712221,1,44097021,GABA:1,no,no,Exact alternative detector pair with point-row provenance; not added to original v783 graph or physiologically validated
1735,P_alternate_automated_detector_same_specimen,720575940615167742,720575940623103843,LA_R,720575940615167742,1,29995893,ACH:1,no,no,Exact alternative detector pair with point-row provenance; not added to original v783 graph or physiologically validated
1736,P_alternate_automated_detector_same_specimen,720575940615206055,720575940625781692,LA_R,720575940625781692,1,71913499,GLUT:1,no,no,Exact alternative detector pair with point-row provenance; not added to original v783 graph or physiologically validated
1737,P_alternate_automated_detector_same_specimen,720575940615234001,720575940610395843,LA_L,720575940615234001,1,34066317,ACH:1,no,no,Exact alternative detector pair with point-row provenance; not added to original v783 graph or physiologically validated
1738,P_alternate_automated_detector_same_specimen,720575940615263188,720575940610183154,GNG,720575940610183154,1,39356376,ACH:1,no,no,Exact alternative detector pair with point-row provenance; not added to original v783 graph or physiologically validated
1739,P_alternate_automated_detector_same_specimen,720575940615263188,720575940620785869,GNG,720575940620785869,1,39199174,ACH:1,no,no,Exact alternative detector pair with point-row provenance; not added to original v783 graph or physiologically validated
1740,P_alternate_automated_detector_same_specimen,720575940615263188,720575940638909429,GNG,720575940638909429,1,24314995,ACH:1,no,no,Exact alternative detector pair with point-row provenance; not added to original v783 graph or physiologically validated
1741,P_alternate_automated_detector_same_specimen,720575940615301538,720575940615957215,LA_L,720575940615957215,1,68542722,ACH:1,no,no,Exact alternative detector pair with point-row provenance; not added to original v783 graph or physiologically validated
1742,P_alternate_automated_detector_same_specimen,720575940615315111,720575940628054397,LA_R,720575940628054397,1,23964323,ACH:1,no,no,Exact alternative detector pair with point-row provenance; not added to original v783 graph or physiologically validated
1743,P_alternate_automated_detector_same_specimen,720575940615322514,720575940627309913,LA_L,720575940615322514;720575940627309913,1,76926128,ACH:1,no,no,Exact alternative detector pair with point-row provenance; not added to original v783 graph or physiologically validated
1744,P_alternate_automated_detector_same_specimen,720575940615346617,720575940639166197,UNASGD,720575940639166197,1,59567684,ACH:1,no,no,Exact alternative detector pair with point-row provenance; not added to original v783 graph or physiologically validated
1745,P_alternate_automated_detector_same_specimen,720575940615408490,720575940622029494,LA_R,720575940622029494,1,57257579,ACH:1,no,no,Exact alternative detector pair with point-row provenance; not added to original v783 graph or physiologically validated
1746,P_alternate_automated_detector_same_specimen,720575940615450854,720575940620785869,GNG,720575940620785869,1,11786122,ACH:1,no,no,Exact alternative detector pair with point-row provenance; not added to original v783 graph or physiologically validated
1747,P_alternate_automated_detector_same_specimen,720575940615500030,720575940621481450,GNG,720575940621481450,1,59172756,ACH:1,no,no,Exact alternative detector pair with point-row provenance; not added to original v783 graph or physiologically validated
1748,P_alternate_automated_detector_same_specimen,720575940615502604,720575940618092965,GNG,720575940618092965,1,52203431,ACH:1,no,no,Exact alternative detector pair with point-row provenance; not added to original v783 graph or physiologically validated
1749,P_alternate_automated_detector_same_specimen,720575940615520159,720575940618548244,GNG,720575940618548244,1,8976073,ACH:1,no,no,Exact alternative detector pair with point-row provenance; not added to original v783 graph or physiologically validated
1750,P_alternate_automated_detector_same_specimen,720575940615541810,720575940622811903,SAD,720575940622811903,1,72256032,GABA:1,no,no,Exact alternative detector pair with point-row provenance; not added to original v783 graph or physiologically validated
1751,P_alternate_automated_detector_same_specimen,720575940615553467,720575940645941027,LA_R,720575940645941027,1,67677794,ACH:1,no,no,Exact alternative detector pair with point-row provenance; not added to original v783 graph or physiologically validated
1752,P_alternate_automated_detector_same_specimen,720575940615553467,720575940645991278,LA_R,720575940645991278,1,58902740,ACH:1,no,no,Exact alternative detector pair with point-row provenance; not added to original v783 graph or physiologically validated
1753,P_alternate_automated_detector_same_specimen,720575940615556498,720575940623285628,LA_L,720575940615556498,1,43863453,ACH:1,no,no,Exact alternative detector pair with point-row provenance; not added to original v783 graph or physiologically validated
1754,P_alternate_automated_detector_same_specimen,720575940615577490,720575940619984798,LA_L,720575940619984798,1,57259520,ACH:1,no,no,Exact alternative detector pair with point-row provenance; not added to original v783 graph or physiologically validated
1755,P_alternate_automated_detector_same_specimen,720575940615600690,720575940632581945,LA_R,720575940632581945,1,9242049,GABA:1,no,no,Exact alternative detector pair with point-row provenance; not added to original v783 graph or physiologically validated
1756,P_alternate_automated_detector_same_specimen,720575940615612050,720575940620886693,UNASGD,720575940620886693,1,47466511,ACH:1,no,no,Exact alternative detector pair with point-row provenance; not added to original v783 graph or physiologically validated
1757,P_alternate_automated_detector_same_specimen,720575940615659521,720575940638909429,GNG,720575940638909429,1,53534954,ACH:1,no,no,Exact alternative detector pair with point-row provenance; not added to original v783 graph or physiologically validated
1758,P_alternate_automated_detector_same_specimen,720575940615671106,720575940633816986,GNG,720575940633816986,1,27442792,ACH:1,no,no,Exact alternative detector pair with point-row provenance; not added to original v783 graph or physiologically validated
1759,P_alternate_automated_detector_same_specimen,720575940615708066,720575940633350943,LA_R,720575940615708066,1,44254066,ACH:1,no,no,Exact alternative detector pair with point-row provenance; not added to original v783 graph or physiologically validated
1760,P_alternate_automated_detector_same_specimen,720575940615708066,720575940635831647,LA_R,720575940615708066,1,24746475,ACH:1,no,no,Exact alternative detector pair with point-row provenance; not added to original v783 graph or physiologically validated
1761,P_alternate_automated_detector_same_specimen,720575940615708066,720575940638141040,LA_R,720575940615708066,1,49738466,ACH:1,no,no,Exact alternative detector pair with point-row provenance; not added to original v783 graph or physiologically validated
1762,P_alternate_automated_detector_same_specimen,720575940615708066,720575940640410702,LA_R,720575940615708066,1,24355858,ACH:1,no,no,Exact alternative detector pair with point-row provenance; not added to original v783 graph or physiologically validated
1763,P_alternate_automated_detector_same_specimen,720575940615790658,720575940623325993,AMMC_R,720575940623325993,1,39757211,GABA:1,no,no,Exact alternative detector pair with point-row provenance; not added to original v783 graph or physiologically validated
1764,P_alternate_automated_detector_same_specimen,720575940615841247,720575940616346822,LA_R,720575940616346822,1,77317730,ACH:1,no,no,Exact alternative detector pair with point-row provenance; not added to original v783 graph or physiologically validated
1765,P_alternate_automated_detector_same_specimen,720575940615855510,720575940629615209,LA_L,720575940615855510;720575940629615209,1,16604878,ACH:1,no,no,Exact alternative detector pair with point-row provenance; not added to original v783 graph or physiologically validated
1766,P_alternate_automated_detector_same_specimen,720575940615927263,720575940621374629,LA_L,720575940615927263,1,70190523,ACH:1,no,no,Exact alternative detector pair with point-row provenance; not added to original v783 graph or physiologically validated
1767,P_alternate_automated_detector_same_specimen,720575940615948182,720575940621489243,LA_R,720575940621489243,1,49738285,ACH:1,no,no,Exact alternative detector pair with point-row provenance; not added to original v783 graph or physiologically validated
1768,P_alternate_automated_detector_same_specimen,720575940615951839,720575940630782764,LA_R,720575940615951839,1,25217518,ACH:1,no,no,Exact alternative detector pair with point-row provenance; not added to original v783 graph or physiologically validated
1769,P_alternate_automated_detector_same_specimen,720575940615958971,720575940627138306,LA_R,720575940627138306,1,31794962,ACH:1,no,no,Exact alternative detector pair with point-row provenance; not added to original v783 graph or physiologically validated
1770,P_alternate_automated_detector_same_specimen,720575940616042508,720575940604839200,AMMC_L,720575940616042508,1,72647760,ACH:1,no,no,Exact alternative detector pair with point-row provenance; not added to original v783 graph or physiologically validated
1771,P_alternate_automated_detector_same_specimen,720575940616042508,720575940607923721,AMMC_L,720575940616042508,1,54230064,ACH:1,no,no,Exact alternative detector pair with point-row provenance; not added to original v783 graph or physiologically validated
1772,P_alternate_automated_detector_same_specimen,720575940616042508,720575940612599215,SAD,720575940616042508,1,9192193,ACH:1,no,no,Exact alternative detector pair with point-row provenance; not added to original v783 graph or physiologically validated
1773,P_alternate_automated_detector_same_specimen,720575940616042508,720575940614856042,AMMC_L,720575940616042508,1,36447048,ACH:1,no,no,Exact alternative detector pair with point-row provenance; not added to original v783 graph or physiologically validated
1774,P_alternate_automated_detector_same_specimen,720575940616042508,720575940615541810,AMMC_L,720575940616042508,1,35504051,ACH:1,no,no,Exact alternative detector pair with point-row provenance; not added to original v783 graph or physiologically validated
1775,P_alternate_automated_detector_same_specimen,720575940616042508,720575940619405812,SAD,720575940616042508,1,38955351,ACH:1,no,no,Exact alternative detector pair with point-row provenance; not added to original v783 graph or physiologically validated
1776,P_alternate_automated_detector_same_specimen,720575940616042508,720575940621865479,SAD,720575940616042508,1,79381879,ACH:1,no,no,Exact alternative detector pair with point-row provenance; not added to original v783 graph or physiologically validated
1777,P_alternate_automated_detector_same_specimen,720575940616042508,720575940622112353,SAD,720575940616042508,1,1125757,ACH:1,no,no,Exact alternative detector pair with point-row provenance; not added to original v783 graph or physiologically validated
1778,P_alternate_automated_detector_same_specimen,720575940616042508,720575940622329212,AMMC_L,720575940616042508,1,58382614,ACH:1,no,no,Exact alternative detector pair with point-row provenance; not added to original v783 graph or physiologically validated
1779,P_alternate_automated_detector_same_specimen,720575940616042508,720575940623820787,SAD,720575940616042508,1,32919475,ACH:1,no,no,Exact alternative detector pair with point-row provenance; not added to original v783 graph or physiologically validated
1780,P_alternate_automated_detector_same_specimen,720575940616042508,720575940627096957,SAD,720575940616042508,1,10760663,ACH:1,no,no,Exact alternative detector pair with point-row provenance; not added to original v783 graph or physiologically validated
1781,P_alternate_automated_detector_same_specimen,720575940616042508,720575940627535742,AMMC_L,720575940616042508,1,39423301,ACH:1,yes,no,Exact alternative detector pair with point-row provenance; not added to original v783 graph or physiologically validated
1782,P_alternate_automated_detector_same_specimen,720575940616042508,720575940629065154,SAD,720575940616042508,1,35741961,ACH:1,no,no,Exact alternative detector pair with point-row provenance; not added to original v783 graph or physiologically validated
1783,P_alternate_automated_detector_same_specimen,720575940616042508,720575940630020968,AMMC_L,720575940616042508,1,7543509,ACH:1,no,no,Exact alternative detector pair with point-row provenance; not added to original v783 graph or physiologically validated
1784,P_alternate_automated_detector_same_specimen,720575940616042508,720575940630277175,SAD,720575940616042508,1,733432,ACH:1,no,no,Exact alternative detector pair with point-row provenance; not added to original v783 graph or physiologically validated
1785,P_alternate_automated_detector_same_specimen,720575940616042508,720575940640993664,AMMC_L,720575940616042508,1,7700209,ACH:1,no,no,Exact alternative detector pair with point-row provenance; not added to original v783 graph or physiologically validated
1786,P_alternate_automated_detector_same_specimen,720575940616042508,720575940642943176,SAD,720575940616042508,1,78912254,ACH:1,no,no,Exact alternative detector pair with point-row provenance; not added to original v783 graph or physiologically validated
1787,P_alternate_automated_detector_same_specimen,720575940616158530,720575940638616922,LA_R,720575940638616922,1,32969007,ACH:1,no,no,Exact alternative detector pair with point-row provenance; not added to original v783 graph or physiologically validated
1788,P_alternate_automated_detector_same_specimen,720575940616235423,720575940631647173,LA_R,720575940631647173,1,15351034,ACH:1,no,no,Exact alternative detector pair with point-row provenance; not added to original v783 graph or physiologically validated
1789,P_alternate_automated_detector_same_specimen,720575940616346822,720575940615841247,LA_R,720575940616346822,1,39005216,ACH:1,no,no,Exact alternative detector pair with point-row provenance; not added to original v783 graph or physiologically validated
1790,P_alternate_automated_detector_same_specimen,720575940616346822,720575940643863092,LA_R,720575940616346822,1,15351508,ACH:1,no,no,Exact alternative detector pair with point-row provenance; not added to original v783 graph or physiologically validated
1791,P_alternate_automated_detector_same_specimen,720575940616375199,720575940615556498,LA_L,720575940615556498,1,10339986,GABA:1,no,no,Exact alternative detector pair with point-row provenance; not added to original v783 graph or physiologically validated
1792,P_alternate_automated_detector_same_specimen,720575940616388550,720575940626499018,LA_L,720575940616388550,1,14333598,ACH:1,no,no,Exact alternative detector pair with point-row provenance; not added to original v783 graph or physiologically validated
1793,P_alternate_automated_detector_same_specimen,720575940616414859,720575940621481450,GNG,720575940621481450,1,29169882,ACH:1,no,no,Exact alternative detector pair with point-row provenance; not added to original v783 graph or physiologically validated
1794,P_alternate_automated_detector_same_specimen,720575940616450626,720575940618115289,LA_R,720575940616450626;720575940618115289,1,51617627,ACH:1,no,no,Exact alternative detector pair with point-row provenance; not added to original v783 graph or physiologically validated
1795,P_alternate_automated_detector_same_specimen,720575940616548416,720575940627149415,GNG,720575940627149415,1,22593749,ACH:1,no,no,Exact alternative detector pair with point-row provenance; not added to original v783 graph or physiologically validated
1796,P_alternate_automated_detector_same_specimen,720575940616572063,720575940621103269,LA_R,720575940621103269,1,54907336,ACH:1,no,no,Exact alternative detector pair with point-row provenance; not added to original v783 graph or physiologically validated
1797,P_alternate_automated_detector_same_specimen,720575940616591372,720575940633232548,LA_L,720575940616591372,1,12297368,ACH:1,no,no,Exact alternative detector pair with point-row provenance; not added to original v783 graph or physiologically validated
1798,P_alternate_automated_detector_same_specimen,720575940616710412,720575940617879553,LA_L,720575940616710412,1,2429861,ACH:1,no,no,Exact alternative detector pair with point-row provenance; not added to original v783 graph or physiologically validated
1799,P_alternate_automated_detector_same_specimen,720575940616773682,720575940621349285,LA_R,720575940621349285,1,30074075,ACH:1,no,no,Exact alternative detector pair with point-row provenance; not added to original v783 graph or physiologically validated
1800,P_alternate_automated_detector_same_specimen,720575940616925819,720575940621157887,GNG,720575940621157887,1,36376314,ACH:1,no,no,Exact alternative detector pair with point-row provenance; not added to original v783 graph or physiologically validated
1801,P_alternate_automated_detector_same_specimen,720575940617056724,720575940614839215,LA_R,720575940614839215,1,28350676,ACH:1,no,no,Exact alternative detector pair with point-row provenance; not added to original v783 graph or physiologically validated
1802,P_alternate_automated_detector_same_specimen,720575940617084673,720575940611937967,UNASGD,720575940611937967,1,47504803,ACH:1,no,no,Exact alternative detector pair with point-row provenance; not added to original v783 graph or physiologically validated
1803,P_alternate_automated_detector_same_specimen,720575940617112321,720575940618718977,LA_R,720575940618718977,1,62115575,GLUT:1,no,no,Exact alternative detector pair with point-row provenance; not added to original v783 graph or physiologically validated
1804,P_alternate_automated_detector_same_specimen,720575940617146454,720575940613474474,LA_R,720575940613474474,1,49737277,GLUT:1,no,no,Exact alternative detector pair with point-row provenance; not added to original v783 graph or physiologically validated
1805,P_alternate_automated_detector_same_specimen,720575940617186677,720575940630485626,LA_R,720575940630485626,1,17310692,ACH:1,no,no,Exact alternative detector pair with point-row provenance; not added to original v783 graph or physiologically validated
1806,P_alternate_automated_detector_same_specimen,720575940617195147,720575940632382994,LA_R,720575940632382994,1,69404332,ACH:1,no,no,Exact alternative detector pair with point-row provenance; not added to original v783 graph or physiologically validated
1807,P_alternate_automated_detector_same_specimen,720575940617293398,720575940630871260,LA_R,720575940630871260,1,10182165,ACH:1,no,no,Exact alternative detector pair with point-row provenance; not added to original v783 graph or physiologically validated
1808,P_alternate_automated_detector_same_specimen,720575940617338683,720575940607773314,LA_R,720575940607773314,1,73951293,GLUT:1,no,no,Exact alternative detector pair with point-row provenance; not added to original v783 graph or physiologically validated
1809,P_alternate_automated_detector_same_specimen,720575940617401601,720575940622029494,LA_R,720575940622029494,1,33987192,ACH:1,no,no,Exact alternative detector pair with point-row provenance; not added to original v783 graph or physiologically validated
1810,P_alternate_automated_detector_same_specimen,720575940617407929,720575940616042508,AL_L,720575940616042508,1,72881207,ACH:1,no,no,Exact alternative detector pair with point-row provenance; not added to original v783 graph or physiologically validated
1811,P_alternate_automated_detector_same_specimen,720575940617499765,720575940606194622,LA_L,720575940617499765,1,56162883,ACH:1,no,no,Exact alternative detector pair with point-row provenance; not added to original v783 graph or physiologically validated
1812,P_alternate_automated_detector_same_specimen,720575940617499765,720575940613096362,ME_L,720575940617499765,1,70350321,ACH:1,no,no,Exact alternative detector pair with point-row provenance; not added to original v783 graph or physiologically validated
1813,P_alternate_automated_detector_same_specimen,720575940617499765,720575940616957494,ME_L,720575940617499765,1,34303726,ACH:1,no,no,Exact alternative detector pair with point-row provenance; not added to original v783 graph or physiologically validated
1814,P_alternate_automated_detector_same_specimen,720575940617499765,720575940619890742,ME_L,720575940617499765,1,18566564,ACH:1,no,no,Exact alternative detector pair with point-row provenance; not added to original v783 graph or physiologically validated
1815,P_alternate_automated_detector_same_specimen,720575940617499765,720575940626037948,ME_L,720575940617499765,1,72856974,ACH:1,no,no,Exact alternative detector pair with point-row provenance; not added to original v783 graph or physiologically validated
1816,P_alternate_automated_detector_same_specimen,720575940617499765,720575940629837306,ME_L,720575940617499765,1,40259847,ACH:1,no,no,Exact alternative detector pair with point-row provenance; not added to original v783 graph or physiologically validated
1817,P_alternate_automated_detector_same_specimen,720575940617499765,720575940630718146,ME_L,720575940617499765,1,18016393,ACH:1,no,no,Exact alternative detector pair with point-row provenance; not added to original v783 graph or physiologically validated
1818,P_alternate_automated_detector_same_specimen,720575940617499765,720575940631032059,LA_L,720575940617499765,1,68228655,ACH:1,no,no,Exact alternative detector pair with point-row provenance; not added to original v783 graph or physiologically validated
1819,P_alternate_automated_detector_same_specimen,720575940617499765,720575940632839727,ME_L,720575940617499765,1,46451327,ACH:1,no,no,Exact alternative detector pair with point-row provenance; not added to original v783 graph or physiologically validated
1820,P_alternate_automated_detector_same_specimen,720575940617499765,720575940633662372,LA_L,720575940617499765,1,60236177,ACH:1,no,no,Exact alternative detector pair with point-row provenance; not added to original v783 graph or physiologically validated
1821,P_alternate_automated_detector_same_specimen,720575940617499765,720575940648484228,ME_L,720575940617499765,1,62589882,ACH:1,no,no,Exact alternative detector pair with point-row provenance; not added to original v783 graph or physiologically validated
1822,P_alternate_automated_detector_same_specimen,720575940617505629,720575940616042508,AMMC_L,720575940616042508,1,6995876,GABA:1,no,no,Exact alternative detector pair with point-row provenance; not added to original v783 graph or physiologically validated
1823,P_alternate_automated_detector_same_specimen,720575940617513589,720575940644672968,UNASGD,720575940617513589,1,26941711,ACH:1,no,no,Exact alternative detector pair with point-row provenance; not added to original v783 graph or physiologically validated
1824,P_alternate_automated_detector_same_specimen,720575940617525177,720575940631048812,LA_R,720575940631048812,1,66815273,GABA:1,no,no,Exact alternative detector pair with point-row provenance; not added to original v783 graph or physiologically validated
1825,P_alternate_automated_detector_same_specimen,720575940617540582,720575940632382994,LA_R,720575940632382994,1,8301317,GABA:1,no,no,Exact alternative detector pair with point-row provenance; not added to original v783 graph or physiologically validated
1826,P_alternate_automated_detector_same_specimen,720575940617641077,720575940620785869,GNG,720575940620785869,1,28544158,GABA:1,no,no,Exact alternative detector pair with point-row provenance; not added to original v783 graph or physiologically validated
1827,P_alternate_automated_detector_same_specimen,720575940617649238,720575940620085115,ME_R,720575940617649238,1,6252617,ACH:1,no,no,Exact alternative detector pair with point-row provenance; not added to original v783 graph or physiologically validated
1828,P_alternate_automated_detector_same_specimen,720575940617649238,720575940638348095,ME_R,720575940617649238,1,13467778,ACH:1,no,no,Exact alternative detector pair with point-row provenance; not added to original v783 graph or physiologically validated
1829,P_alternate_automated_detector_same_specimen,720575940617689995,720575940633773523,LA_R,720575940633773523,1,37592788,ACH:1,no,no,Exact alternative detector pair with point-row provenance; not added to original v783 graph or physiologically validated
1830,P_alternate_automated_detector_same_specimen,720575940617768587,720575940614356461,ME_L,720575940617768587,1,9482230,ACH:1,no,no,Exact alternative detector pair with point-row provenance; not added to original v783 graph or physiologically validated
1831,P_alternate_automated_detector_same_specimen,720575940617768587,720575940619978968,ME_L,720575940617768587,1,54287993,ACH:1,no,no,Exact alternative detector pair with point-row provenance; not added to original v783 graph or physiologically validated
1832,P_alternate_automated_detector_same_specimen,720575940617768587,720575940623954058,ME_L,720575940617768587,1,70666702,ACH:1,no,no,Exact alternative detector pair with point-row provenance; not added to original v783 graph or physiologically validated
1833,P_alternate_automated_detector_same_specimen,720575940617768587,720575940629334534,ME_L,720575940617768587,1,40497689,ACH:1,no,no,Exact alternative detector pair with point-row provenance; not added to original v783 graph or physiologically validated
1834,P_alternate_automated_detector_same_specimen,720575940617782233,720575940630351554,LA_R,720575940630351554,1,76222478,ACH:1,no,no,Exact alternative detector pair with point-row provenance; not added to original v783 graph or physiologically validated
1835,P_alternate_automated_detector_same_specimen,720575940617816661,720575940624679463,GNG,720575940617816661,1,2622836,ACH:1,no,no,Exact alternative detector pair with point-row provenance; not added to original v783 graph or physiologically validated
1836,P_alternate_automated_detector_same_specimen,720575940617816661,720575940635776760,GNG,720575940617816661,1,62545318,ACH:1,no,no,Exact alternative detector pair with point-row provenance; not added to original v783 graph or physiologically validated
1837,P_alternate_automated_detector_same_specimen,720575940617816661,720575940647673721,GNG,720575940617816661,1,62231654,ACH:1,no,no,Exact alternative detector pair with point-row provenance; not added to original v783 graph or physiologically validated
1838,P_alternate_automated_detector_same_specimen,720575940617817915,720575940628893514,LA_L,720575940628893514,1,66815494,ACH:1,no,no,Exact alternative detector pair with point-row provenance; not added to original v783 graph or physiologically validated
1839,P_alternate_automated_detector_same_specimen,720575940617896921,720575940615167742,LA_R,720575940615167742,1,25765751,ACH:1,no,no,Exact alternative detector pair with point-row provenance; not added to original v783 graph or physiologically validated
1840,P_alternate_automated_detector_same_specimen,720575940617918091,720575940621481450,GNG,720575940621481450,1,67866808,ACH:1,no,no,Exact alternative detector pair with point-row provenance; not added to original v783 graph or physiologically validated
1841,P_alternate_automated_detector_same_specimen,720575940617920827,720575940611541939,LA_R,720575940617920827,1,37045668,ACH:1,no,no,Exact alternative detector pair with point-row provenance; not added to original v783 graph or physiologically validated
1842,P_alternate_automated_detector_same_specimen,720575940617920827,720575940618381012,LA_R,720575940617920827,1,30700717,ACH:1,no,no,Exact alternative detector pair with point-row provenance; not added to original v783 graph or physiologically validated
1843,P_alternate_automated_detector_same_specimen,720575940617920827,720575940631411983,LA_R,720575940617920827,1,63290458,ACH:1,no,no,Exact alternative detector pair with point-row provenance; not added to original v783 graph or physiologically validated
1844,P_alternate_automated_detector_same_specimen,720575940617920827,720575940639836349,LA_R,720575940617920827,1,10182153,ACH:1,no,no,Exact alternative detector pair with point-row provenance; not added to original v783 graph or physiologically validated
1845,P_alternate_automated_detector_same_specimen,720575940617989094,720575940618437922,LA_R,720575940618437922,1,24903763,ACH:1,no,no,Exact alternative detector pair with point-row provenance; not added to original v783 graph or physiologically validated
1846,P_alternate_automated_detector_same_specimen,720575940618086356,720575940609485579,LA_R,720575940609485579,1,13393934,ACH:1,no,no,Exact alternative detector pair with point-row provenance; not added to original v783 graph or physiologically validated
1847,P_alternate_automated_detector_same_specimen,720575940618092965,720575940606756309,GNG,720575940618092965,1,75397308,ACH:1,no,no,Exact alternative detector pair with point-row provenance; not added to original v783 graph or physiologically validated
1848,P_alternate_automated_detector_same_specimen,720575940618092965,720575940645264260,GNG,720575940618092965;720575940645264260,1,42882309,ACH:1,no,no,Exact alternative detector pair with point-row provenance; not added to original v783 graph or physiologically validated
1849,P_alternate_automated_detector_same_specimen,720575940618109460,720575940609733582,GNG,720575940618109460,1,22909289,ACH:1,no,no,Exact alternative detector pair with point-row provenance; not added to original v783 graph or physiologically validated
1850,P_alternate_automated_detector_same_specimen,720575940618109460,720575940620862051,GNG,720575940618109460,1,27373423,ACH:1,no,no,Exact alternative detector pair with point-row provenance; not added to original v783 graph or physiologically validated
1851,P_alternate_automated_detector_same_specimen,720575940618109460,720575940624154604,GNG,720575940618109460,1,42022732,ACH:1,no,no,Exact alternative detector pair with point-row provenance; not added to original v783 graph or physiologically validated
1852,P_alternate_automated_detector_same_specimen,720575940618109460,720575940628164612,GNG,720575940618109460,1,3020455,ACH:1,no,no,Exact alternative detector pair with point-row provenance; not added to original v783 graph or physiologically validated
1853,P_alternate_automated_detector_same_specimen,720575940618109460,720575940630682361,GNG,720575940618109460,1,35832544,ACH:1,no,no,Exact alternative detector pair with point-row provenance; not added to original v783 graph or physiologically validated
1854,P_alternate_automated_detector_same_specimen,720575940618115289,720575940616450626,LA_R,720575940616450626;720575940618115289,1,20989656,ACH:1,no,no,Exact alternative detector pair with point-row provenance; not added to original v783 graph or physiologically validated
1855,P_alternate_automated_detector_same_specimen,720575940618150105,720575940620482753,LA_R,720575940618150105,1,7908816,ACH:1,no,no,Exact alternative detector pair with point-row provenance; not added to original v783 graph or physiologically validated
1856,P_alternate_automated_detector_same_specimen,720575940618150105,720575940621089115,LA_R,720575940618150105,1,1959196,ACH:1,no,no,Exact alternative detector pair with point-row provenance; not added to original v783 graph or physiologically validated
1857,P_alternate_automated_detector_same_specimen,720575940618223419,720575940607824050,LA_R,720575940618223419,1,31873814,ACH:1,no,no,Exact alternative detector pair with point-row provenance; not added to original v783 graph or physiologically validated
1858,P_alternate_automated_detector_same_specimen,720575940618223419,720575940618723653,LA_R,720575940618223419,1,11123810,ACH:1,no,no,Exact alternative detector pair with point-row provenance; not added to original v783 graph or physiologically validated
1859,P_alternate_automated_detector_same_specimen,720575940618238523,720575940621294218,GNG,720575940621294218,1,20158608,ACH:1,no,no,Exact alternative detector pair with point-row provenance; not added to original v783 graph or physiologically validated
1860,P_alternate_automated_detector_same_specimen,720575940618240401,720575940628729256,LA_L,720575940618240401,1,9555494,ACH:1,no,no,Exact alternative detector pair with point-row provenance; not added to original v783 graph or physiologically validated
1861,P_alternate_automated_detector_same_specimen,720575940618240401,720575940632397379,LA_L,720575940618240401,1,5637427,ACH:1,no,no,Exact alternative detector pair with point-row provenance; not added to original v783 graph or physiologically validated
1862,P_alternate_automated_detector_same_specimen,720575940618290649,720575940618718977,LA_R,720575940618718977,1,78413993,ACH:1,no,no,Exact alternative detector pair with point-row provenance; not added to original v783 graph or physiologically validated
1863,P_alternate_automated_detector_same_specimen,720575940618322065,720575940632425002,UNASGD,720575940632425002,1,63056642,ACH:1,no,no,Exact alternative detector pair with point-row provenance; not added to original v783 graph or physiologically validated
1864,P_alternate_automated_detector_same_specimen,720575940618335449,720575940628728040,LA_L,720575940628728040,1,35950316,GABA:1,no,no,Exact alternative detector pair with point-row provenance; not added to original v783 graph or physiologically validated
1865,P_alternate_automated_detector_same_specimen,720575940618381012,720575940621193051,LA_R,720575940621193051,1,36261330,GABA:1,no,no,Exact alternative detector pair with point-row provenance; not added to original v783 graph or physiologically validated
1866,P_alternate_automated_detector_same_specimen,720575940618381012,720575940627671433,LA_R,720575940627671433,1,20676867,GABA:1,no,no,Exact alternative detector pair with point-row provenance; not added to original v783 graph or physiologically validated
1867,P_alternate_automated_detector_same_specimen,720575940618401605,720575940620785869,GNG,720575940620785869,1,61602891,ACH:1,no,no,Exact alternative detector pair with point-row provenance; not added to original v783 graph or physiologically validated
1868,P_alternate_automated_detector_same_specimen,720575940618422929,720575940611801976,LA_L,720575940611801976;720575940618422929,1,34458747,ACH:1,no,no,Exact alternative detector pair with point-row provenance; not added to original v783 graph or physiologically validated
1869,P_alternate_automated_detector_same_specimen,720575940618437922,720575940621555137,LA_R,720575940618437922,1,71756588,ACH:1,no,no,Exact alternative detector pair with point-row provenance; not added to original v783 graph or physiologically validated
1870,P_alternate_automated_detector_same_specimen,720575940618437922,720575940626023608,LA_R,720575940618437922,1,43079982,ACH:1,no,no,Exact alternative detector pair with point-row provenance; not added to original v783 graph or physiologically validated
1871,P_alternate_automated_detector_same_specimen,720575940618437922,720575940632581945,LA_R,720575940618437922;720575940632581945,1,2586623,ACH:1,no,no,Exact alternative detector pair with point-row provenance; not added to original v783 graph or physiologically validated
1872,P_alternate_automated_detector_same_specimen,720575940618437922,720575940632659364,LA_R,720575940618437922,1,79824604,ACH:1,no,no,Exact alternative detector pair with point-row provenance; not added to original v783 graph or physiologically validated
1873,P_alternate_automated_detector_same_specimen,720575940618519953,720575940617920827,LA_R,720575940617920827,1,53418555,ACH:1,no,no,Exact alternative detector pair with point-row provenance; not added to original v783 graph or physiologically validated
1874,P_alternate_automated_detector_same_specimen,720575940618531618,720575940614391347,LA_R,720575940618531618,1,70190488,ACH:1,no,no,Exact alternative detector pair with point-row provenance; not added to original v783 graph or physiologically validated
1875,P_alternate_automated_detector_same_specimen,720575940618531618,720575940629499395,LA_R,720575940618531618;720575940629499395,1,62429491,ACH:1,no,no,Exact alternative detector pair with point-row provenance; not added to original v783 graph or physiologically validated
1876,P_alternate_automated_detector_same_specimen,720575940618531618,720575940631042620,LA_R,720575940618531618,1,38377059,ACH:1,no,no,Exact alternative detector pair with point-row provenance; not added to original v783 graph or physiologically validated
1877,P_alternate_automated_detector_same_specimen,720575940618531618,720575940631721721,LA_R,720575940618531618,1,12845219,ACH:1,no,no,Exact alternative detector pair with point-row provenance; not added to original v783 graph or physiologically validated
1878,P_alternate_automated_detector_same_specimen,720575940618600276,720575940615271570,LA_L,720575940618600276,1,75048085,ACH:1,no,no,Exact alternative detector pair with point-row provenance; not added to original v783 graph or physiologically validated
1879,P_alternate_automated_detector_same_specimen,720575940618663069,720575940620992165,LA_R,720575940618663069,1,67442502,ACH:1,no,no,Exact alternative detector pair with point-row provenance; not added to original v783 graph or physiologically validated
1880,P_alternate_automated_detector_same_specimen,720575940618663069,720575940623796041,LA_R,720575940618663069,1,16604633,ACH:1,no,no,Exact alternative detector pair with point-row provenance; not added to original v783 graph or physiologically validated
1881,P_alternate_automated_detector_same_specimen,720575940618663069,720575940637698478,LA_R,720575940618663069,1,18876321,ACH:1,no,no,Exact alternative detector pair with point-row provenance; not added to original v783 graph or physiologically validated
1882,P_alternate_automated_detector_same_specimen,720575940618708770,720575940612839793,LA_R,720575940612839793,1,52322136,ACH:1,no,no,Exact alternative detector pair with point-row provenance; not added to original v783 graph or physiologically validated
1883,P_alternate_automated_detector_same_specimen,720575940618708770,720575940636307960,LA_R,720575940636307960,1,58981558,ACH:1,no,no,Exact alternative detector pair with point-row provenance; not added to original v783 graph or physiologically validated
1884,P_alternate_automated_detector_same_specimen,720575940618709917,720575940632257091,LA_L,720575940632257091,1,74735215,ACH:1,no,no,Exact alternative detector pair with point-row provenance; not added to original v783 graph or physiologically validated
1885,P_alternate_automated_detector_same_specimen,720575940618709917,720575940639884622,LA_L,720575940639884622,1,28978494,ACH:1,no,no,Exact alternative detector pair with point-row provenance; not added to original v783 graph or physiologically validated
1886,P_alternate_automated_detector_same_specimen,720575940618712221,720575940612365937,LA_R,720575940618712221,1,1567533,ACH:1,no,no,Exact alternative detector pair with point-row provenance; not added to original v783 graph or physiologically validated
1887,P_alternate_automated_detector_same_specimen,720575940618712221,720575940622895484,LA_R,720575940618712221,1,36574799,ACH:1,no,no,Exact alternative detector pair with point-row provenance; not added to original v783 graph or physiologically validated
1888,P_alternate_automated_detector_same_specimen,720575940618718977,720575940619753057,LA_R,720575940618718977,1,70972724,ACH:1,no,no,Exact alternative detector pair with point-row provenance; not added to original v783 graph or physiologically validated
1889,P_alternate_automated_detector_same_specimen,720575940618718977,720575940621591536,LA_R,720575940618718977,1,14881750,ACH:1,no,no,Exact alternative detector pair with point-row provenance; not added to original v783 graph or physiologically validated
1890,P_alternate_automated_detector_same_specimen,720575940618718977,720575940622534527,LA_R,720575940618718977,1,43001470,ACH:1,no,no,Exact alternative detector pair with point-row provenance; not added to original v783 graph or physiologically validated
1891,P_alternate_automated_detector_same_specimen,720575940618718977,720575940624147396,UNASGD,720575940618718977,1,59217245,ACH:1,no,no,Exact alternative detector pair with point-row provenance; not added to original v783 graph or physiologically validated
1892,P_alternate_automated_detector_same_specimen,720575940618718977,720575940640400547,LA_R,720575940618718977,1,77004219,ACH:1,no,no,Exact alternative detector pair with point-row provenance; not added to original v783 graph or physiologically validated
1893,P_alternate_automated_detector_same_specimen,720575940618724765,720575940623111593,LA_L,720575940623111593,1,37515507,ACH:1,no,no,Exact alternative detector pair with point-row provenance; not added to original v783 graph or physiologically validated
1894,P_alternate_automated_detector_same_specimen,720575940618743709,720575940628301384,LA_R,720575940618743709,1,49580941,ACH:1,no,no,Exact alternative detector pair with point-row provenance; not added to original v783 graph or physiologically validated
1895,P_alternate_automated_detector_same_specimen,720575940618768806,720575940610871475,GNG,720575940618768806,1,8496035,ACH:1,no,no,Exact alternative detector pair with point-row provenance; not added to original v783 graph or physiologically validated
1896,P_alternate_automated_detector_same_specimen,720575940618768806,720575940611367282,GNG,720575940618768806,1,60193652,ACH:1,no,no,Exact alternative detector pair with point-row provenance; not added to original v783 graph or physiologically validated
1897,P_alternate_automated_detector_same_specimen,720575940618768806,720575940624113993,GNG,720575940618768806,1,77589595,ACH:1,no,no,Exact alternative detector pair with point-row provenance; not added to original v783 graph or physiologically validated
1898,P_alternate_automated_detector_same_specimen,720575940618768806,720575940626710727,GNG,720575940618768806,1,18051516,ACH:1,no,no,Exact alternative detector pair with point-row provenance; not added to original v783 graph or physiologically validated
1899,P_alternate_automated_detector_same_specimen,720575940618768806,720575940628506871,GNG,720575940618768806,1,13979950,ACH:1,no,no,Exact alternative detector pair with point-row provenance; not added to original v783 graph or physiologically validated
1900,P_alternate_automated_detector_same_specimen,720575940618768806,720575940632268333,GNG,720575940618768806,1,49226867,ACH:1,no,no,Exact alternative detector pair with point-row provenance; not added to original v783 graph or physiologically validated
1901,P_alternate_automated_detector_same_specimen,720575940618818395,720575940618768806,GNG,720575940618768806,1,63327992,GLUT:1,no,no,Exact alternative detector pair with point-row provenance; not added to original v783 graph or physiologically validated
1902,P_alternate_automated_detector_same_specimen,720575940618818395,720575940619904380,UNASGD,720575940619904380,1,12491465,GLUT:1,no,no,Exact alternative detector pair with point-row provenance; not added to original v783 graph or physiologically validated
1903,P_alternate_automated_detector_same_specimen,720575940618849537,720575940616920844,LA_L,720575940618849537,1,75674782,ACH:1,no,no,Exact alternative detector pair with point-row provenance; not added to original v783 graph or physiologically validated
1904,P_alternate_automated_detector_same_specimen,720575940618849537,720575940626907082,LA_L,720575940618849537,1,42924513,ACH:1,no,no,Exact alternative detector pair with point-row provenance; not added to original v783 graph or physiologically validated
1905,P_alternate_automated_detector_same_specimen,720575940618849537,720575940633482285,LA_L,720575940618849537,1,11202776,ACH:1,no,no,Exact alternative detector pair with point-row provenance; not added to original v783 graph or physiologically validated
1906,P_alternate_automated_detector_same_specimen,720575940618864724,720575940621800795,LA_L,720575940618864724,1,41590966,ACH:1,no,no,Exact alternative detector pair with point-row provenance; not added to original v783 graph or physiologically validated
1907,P_alternate_automated_detector_same_specimen,720575940618864724,720575940629060614,LA_L,720575940618864724,1,21773604,ACH:1,no,no,Exact alternative detector pair with point-row provenance; not added to original v783 graph or physiologically validated
1908,P_alternate_automated_detector_same_specimen,720575940618864724,720575940637439077,LA_L,720575940618864724,1,1019751,ACH:1,no,no,Exact alternative detector pair with point-row provenance; not added to original v783 graph or physiologically validated
1909,P_alternate_automated_detector_same_specimen,720575940618876317,720575940609703179,LA_R,720575940609703179,1,24120396,ACH:1,no,no,Exact alternative detector pair with point-row provenance; not added to original v783 graph or physiologically validated
1910,P_alternate_automated_detector_same_specimen,720575940618937654,720575940621482667,LA_L,720575940621482667,1,66426009,ACH:1,no,no,Exact alternative detector pair with point-row provenance; not added to original v783 graph or physiologically validated
1911,P_alternate_automated_detector_same_specimen,720575940618939205,720575940637390181,ME_L,720575940637390181,1,2046993,GLUT:1,no,no,Exact alternative detector pair with point-row provenance; not added to original v783 graph or physiologically validated
1912,P_alternate_automated_detector_same_specimen,720575940618945793,720575940612326606,ME_L,720575940612326606,1,56085304,GABA:1,no,no,Exact alternative detector pair with point-row provenance; not added to original v783 graph or physiologically validated
1913,P_alternate_automated_detector_same_specimen,720575940619026715,720575940609221900,LA_L,720575940609221900,1,44020531,GLUT:1,no,no,Exact alternative detector pair with point-row provenance; not added to original v783 graph or physiologically validated
1914,P_alternate_automated_detector_same_specimen,720575940619065664,720575940609023068,LA_R,720575940619065664,1,74578629,ACH:1,no,no,Exact alternative detector pair with point-row provenance; not added to original v783 graph or physiologically validated
1915,P_alternate_automated_detector_same_specimen,720575940619065664,720575940622190452,LA_R,720575940619065664,1,40257767,ACH:1,no,no,Exact alternative detector pair with point-row provenance; not added to original v783 graph or physiologically validated
1916,P_alternate_automated_detector_same_specimen,720575940619065664,720575940629172779,LA_R,720575940619065664,1,16134214,ACH:1,no,no,Exact alternative detector pair with point-row provenance; not added to original v783 graph or physiologically validated
1917,P_alternate_automated_detector_same_specimen,720575940619137605,720575940624338058,UNASGD,720575940624338058,1,65172529,SER:1,no,no,Exact alternative detector pair with point-row provenance; not added to original v783 graph or physiologically validated
1918,P_alternate_automated_detector_same_specimen,720575940619193264,720575940609307854,GNG,720575940609307854;720575940619193264,1,1683749,ACH:1,no,no,Exact alternative detector pair with point-row provenance; not added to original v783 graph or physiologically validated
1919,P_alternate_automated_detector_same_specimen,720575940619193264,720575940617113501,GNG,720575940619193264,1,19775310,ACH:1,no,no,Exact alternative detector pair with point-row provenance; not added to original v783 graph or physiologically validated
1920,P_alternate_automated_detector_same_specimen,720575940619193264,720575940654222241,GNG,720575940619193264,1,7319825,ACH:1,no,no,Exact alternative detector pair with point-row provenance; not added to original v783 graph or physiologically validated
1921,P_alternate_automated_detector_same_specimen,720575940619257157,720575940620797643,LA_L,720575940620797643,1,4854158,GLUT:1,no,no,Exact alternative detector pair with point-row provenance; not added to original v783 graph or physiologically validated
1922,P_alternate_automated_detector_same_specimen,720575940619378590,720575940616710412,LA_L,720575940616710412,1,54124616,ACH:1,no,no,Exact alternative detector pair with point-row provenance; not added to original v783 graph or physiologically validated
1923,P_alternate_automated_detector_same_specimen,720575940619381108,720575940608770313,GNG,720575940619381108,1,40526800,ACH:1,no,no,Exact alternative detector pair with point-row provenance; not added to original v783 graph or physiologically validated
1924,P_alternate_automated_detector_same_specimen,720575940619381108,720575940609824369,GNG,720575940619381108,1,4968769,ACH:1,no,no,Exact alternative detector pair with point-row provenance; not added to original v783 graph or physiologically validated
1925,P_alternate_automated_detector_same_specimen,720575940619381108,720575940612066735,GNG,720575940619381108,1,27996063,ACH:1,no,no,Exact alternative detector pair with point-row provenance; not added to original v783 graph or physiologically validated
1926,P_alternate_automated_detector_same_specimen,720575940619381108,720575940612683670,GNG,720575940619381108,1,64111258,ACH:1,no,no,Exact alternative detector pair with point-row provenance; not added to original v783 graph or physiologically validated
1927,P_alternate_automated_detector_same_specimen,720575940619381108,720575940613814971,GNG,720575940619381108,1,19382698,ACH:1,no,no,Exact alternative detector pair with point-row provenance; not added to original v783 graph or physiologically validated
1928,P_alternate_automated_detector_same_specimen,720575940619381108,720575940615346617,GNG,720575940619381108,1,22122066,ACH:1,no,no,Exact alternative detector pair with point-row provenance; not added to original v783 graph or physiologically validated
1929,P_alternate_automated_detector_same_specimen,720575940619381108,720575940617244445,GNG,720575940619381108,1,43508072,ACH:1,no,no,Exact alternative detector pair with point-row provenance; not added to original v783 graph or physiologically validated
1930,P_alternate_automated_detector_same_specimen,720575940619381108,720575940617440802,GNG,720575940619381108,1,46327980,ACH:1,no,no,Exact alternative detector pair with point-row provenance; not added to original v783 graph or physiologically validated
1931,P_alternate_automated_detector_same_specimen,720575940619381108,720575940619740550,GNG,720575940619381108,1,37783460,ACH:1,no,no,Exact alternative detector pair with point-row provenance; not added to original v783 graph or physiologically validated
1932,P_alternate_automated_detector_same_specimen,720575940619381108,720575940620595883,GNG,720575940619381108,1,76571326,ACH:1,no,no,Exact alternative detector pair with point-row provenance; not added to original v783 graph or physiologically validated
1933,P_alternate_automated_detector_same_specimen,720575940619381108,720575940620815896,GNG,720575940619381108,1,21808871,ACH:1,no,no,Exact alternative detector pair with point-row provenance; not added to original v783 graph or physiologically validated
1934,P_alternate_automated_detector_same_specimen,720575940619381108,720575940621762567,GNG,720575940619381108,1,21027054,ACH:1,no,no,Exact alternative detector pair with point-row provenance; not added to original v783 graph or physiologically validated
1935,P_alternate_automated_detector_same_specimen,720575940619381108,720575940622352764,GNG,720575940619381108,1,61212053,ACH:1,no,no,Exact alternative detector pair with point-row provenance; not added to original v783 graph or physiologically validated
1936,P_alternate_automated_detector_same_specimen,720575940619381108,720575940624679463,GNG,720575940619381108,1,58075989,ACH:1,no,no,Exact alternative detector pair with point-row provenance; not added to original v783 graph or physiologically validated
1937,P_alternate_automated_detector_same_specimen,720575940619381108,720575940625000200,GNG,720575940619381108,1,69282479,ACH:1,no,no,Exact alternative detector pair with point-row provenance; not added to original v783 graph or physiologically validated
1938,P_alternate_automated_detector_same_specimen,720575940619381108,720575940632898105,GNG,720575940619381108,1,49457887,ACH:1,no,no,Exact alternative detector pair with point-row provenance; not added to original v783 graph or physiologically validated
1939,P_alternate_automated_detector_same_specimen,720575940619381108,720575940636671886,GNG,720575940619381108,1,49771990,ACH:1,no,no,Exact alternative detector pair with point-row provenance; not added to original v783 graph or physiologically validated
1940,P_alternate_automated_detector_same_specimen,720575940619381108,720575940637548260,GNG,720575940619381108,1,6300545,ACH:1,no,no,Exact alternative detector pair with point-row provenance; not added to original v783 graph or physiologically validated
1941,P_alternate_automated_detector_same_specimen,720575940619381108,720575940642478792,GNG,720575940619381108,1,21026288,ACH:1,no,no,Exact alternative detector pair with point-row provenance; not added to original v783 graph or physiologically validated
1942,P_alternate_automated_detector_same_specimen,720575940619381108,720575940645753476,GNG,720575940619381108,1,40448426,ACH:1,no,no,Exact alternative detector pair with point-row provenance; not added to original v783 graph or physiologically validated
1943,P_alternate_automated_detector_same_specimen,720575940619381108,720575940647029556,GNG,720575940619381108,1,63875737,ACH:1,no,no,Exact alternative detector pair with point-row provenance; not added to original v783 graph or physiologically validated
1944,P_alternate_automated_detector_same_specimen,720575940619423216,720575940605656521,GNG,720575940619423216,1,30658587,ACH:1,no,no,Exact alternative detector pair with point-row provenance; not added to original v783 graph or physiologically validated
1945,P_alternate_automated_detector_same_specimen,720575940619423216,720575940610284441,GNG,720575940619423216,1,61837019,ACH:1,no,no,Exact alternative detector pair with point-row provenance; not added to original v783 graph or physiologically validated
1946,P_alternate_automated_detector_same_specimen,720575940619423216,720575940619939188,GNG,720575940619423216,1,43976071,ACH:1,no,no,Exact alternative detector pair with point-row provenance; not added to original v783 graph or physiologically validated
1947,P_alternate_automated_detector_same_specimen,720575940619423216,720575940623457535,GNG,720575940619423216,1,11626868,ACH:1,no,no,Exact alternative detector pair with point-row provenance; not added to original v783 graph or physiologically validated
1948,P_alternate_automated_detector_same_specimen,720575940619423216,720575940629202962,GNG,720575940619423216,1,74692860,ACH:1,no,no,Exact alternative detector pair with point-row provenance; not added to original v783 graph or physiologically validated
1949,P_alternate_automated_detector_same_specimen,720575940619423216,720575940630569413,GNG,720575940619423216,1,10609498,ACH:1,no,no,Exact alternative detector pair with point-row provenance; not added to original v783 graph or physiologically validated
1950,P_alternate_automated_detector_same_specimen,720575940619423216,720575940631651810,GNG,720575940619423216,1,78370850,ACH:1,no,no,Exact alternative detector pair with point-row provenance; not added to original v783 graph or physiologically validated
1951,P_alternate_automated_detector_same_specimen,720575940619423216,720575940640140733,GNG,720575940619423216,1,2698647,ACH:1,no,no,Exact alternative detector pair with point-row provenance; not added to original v783 graph or physiologically validated
1952,P_alternate_automated_detector_same_specimen,720575940619423216,720575940640422016,GNG,720575940619423216,1,72575646,ACH:1,no,no,Exact alternative detector pair with point-row provenance; not added to original v783 graph or physiologically validated
1953,P_alternate_automated_detector_same_specimen,720575940619434587,720575940630810486,GNG,720575940619434587,1,41002012,ACH:1,no,no,Exact alternative detector pair with point-row provenance; not added to original v783 graph or physiologically validated
1954,P_alternate_automated_detector_same_specimen,720575940619475870,720575940623823240,UNASGD,720575940623823240,1,55222402,ACH:1,no,no,Exact alternative detector pair with point-row provenance; not added to original v783 graph or physiologically validated
1955,P_alternate_automated_detector_same_specimen,720575940619518667,720575940625929765,GNG,720575940625929765,1,47199894,ACH:1,no,no,Exact alternative detector pair with point-row provenance; not added to original v783 graph or physiologically validated
1956,P_alternate_automated_detector_same_specimen,720575940619643771,720575940637470627,GNG,720575940637470627,1,48131005,GLUT:1,no,no,Exact alternative detector pair with point-row provenance; not added to original v783 graph or physiologically validated
1957,P_alternate_automated_detector_same_specimen,720575940619663239,720575940620320193,AMMC_L,720575940620320193,1,8093352,ACH:1,no,no,Exact alternative detector pair with point-row provenance; not added to original v783 graph or physiologically validated
1958,P_alternate_automated_detector_same_specimen,720575940619877022,720575940613387178,LA_R,720575940619877022,1,55770119,ACH:1,no,no,Exact alternative detector pair with point-row provenance; not added to original v783 graph or physiologically validated
1959,P_alternate_automated_detector_same_specimen,720575940619904380,720575940618818395,GNG,720575940619904380,1,26664702,ACH:1,no,no,Exact alternative detector pair with point-row provenance; not added to original v783 graph or physiologically validated
1960,P_alternate_automated_detector_same_specimen,720575940619904380,720575940623498876,GNG,720575940619904380,1,77355399,ACH:1,no,no,Exact alternative detector pair with point-row provenance; not added to original v783 graph or physiologically validated
1961,P_alternate_automated_detector_same_specimen,720575940619910177,720575940626668443,GNG,720575940626668443,1,67243405,ACH:1,no,no,Exact alternative detector pair with point-row provenance; not added to original v783 graph or physiologically validated
1962,P_alternate_automated_detector_same_specimen,720575940619942859,720575940616042508,AMMC_L,720575940616042508,1,6135742,ACH:1,no,no,Exact alternative detector pair with point-row provenance; not added to original v783 graph or physiologically validated
1963,P_alternate_automated_detector_same_specimen,720575940619969227,720575940616042508,SAD,720575940616042508,1,50001244,ACH:1,no,no,Exact alternative detector pair with point-row provenance; not added to original v783 graph or physiologically validated
1964,P_alternate_automated_detector_same_specimen,720575940619984798,720575940618534289,UNASGD,720575940619984798,1,70897448,ACH:1,no,no,Exact alternative detector pair with point-row provenance; not added to original v783 graph or physiologically validated
1965,P_alternate_automated_detector_same_specimen,720575940619984798,720575940650875001,LA_L,720575940619984798,1,8695243,ACH:1,no,no,Exact alternative detector pair with point-row provenance; not added to original v783 graph or physiologically validated
1966,P_alternate_automated_detector_same_specimen,720575940620123953,720575940630947292,LA_L,720575940630947292,1,7674039,ACH:1,no,no,Exact alternative detector pair with point-row provenance; not added to original v783 graph or physiologically validated
1967,P_alternate_automated_detector_same_specimen,720575940620126043,720575940613196261,LA_R,720575940613196261,1,51225324,ACH:1,no,no,Exact alternative detector pair with point-row provenance; not added to original v783 graph or physiologically validated
1968,P_alternate_automated_detector_same_specimen,720575940620129950,720575940621667462,LA_R,720575940621667462,1,50833825,GABA:1,no,no,Exact alternative detector pair with point-row provenance; not added to original v783 graph or physiologically validated
1969,P_alternate_automated_detector_same_specimen,720575940620174040,720575940614839215,LA_R,720575940614839215,1,9868542,ACH:1,no,no,Exact alternative detector pair with point-row provenance; not added to original v783 graph or physiologically validated
1970,P_alternate_automated_detector_same_specimen,720575940620174040,720575940633561887,LA_R,720575940633561887,1,71130017,ACH:1,no,no,Exact alternative detector pair with point-row provenance; not added to original v783 graph or physiologically validated
1971,P_alternate_automated_detector_same_specimen,720575940620189004,720575940633816986,GNG,720575940633816986,1,28774756,ACH:1,no,no,Exact alternative detector pair with point-row provenance; not added to original v783 graph or physiologically validated
1972,P_alternate_automated_detector_same_specimen,720575940620223326,720575940625125640,LA_R,720575940625125640,1,59060556,ACH:1,no,no,Exact alternative detector pair with point-row provenance; not added to original v783 graph or physiologically validated
1973,P_alternate_automated_detector_same_specimen,720575940620229236,720575940628789064,LA_R,720575940628789064,1,44959299,ACH:1,no,no,Exact alternative detector pair with point-row provenance; not added to original v783 graph or physiologically validated
1974,P_alternate_automated_detector_same_specimen,720575940620232920,720575940610718328,LA_R,720575940620232920,1,32656362,ACH:1,no,no,Exact alternative detector pair with point-row provenance; not added to original v783 graph or physiologically validated
1975,P_alternate_automated_detector_same_specimen,720575940620232920,720575940622895484,LA_R,720575940620232920,1,10417132,ACH:1,no,no,Exact alternative detector pair with point-row provenance; not added to original v783 graph or physiologically validated
1976,P_alternate_automated_detector_same_specimen,720575940620236593,720575940622171252,LA_L,720575940620236593,1,72697719,ACH:1,no,no,Exact alternative detector pair with point-row provenance; not added to original v783 graph or physiologically validated
1977,P_alternate_automated_detector_same_specimen,720575940620236593,720575940622997836,LA_L,720575940620236593,1,79118750,ACH:1,no,no,Exact alternative detector pair with point-row provenance; not added to original v783 graph or physiologically validated
1978,P_alternate_automated_detector_same_specimen,720575940620236593,720575940625312264,LA_L,720575940620236593,1,67050965,ACH:1,no,no,Exact alternative detector pair with point-row provenance; not added to original v783 graph or physiologically validated
1979,P_alternate_automated_detector_same_specimen,720575940620275677,720575940611810001,GNG,720575940611810001,1,51030912,ACH:1,no,no,Exact alternative detector pair with point-row provenance; not added to original v783 graph or physiologically validated
1980,P_alternate_automated_detector_same_specimen,720575940620320193,720575940618818395,SAD,720575940620320193,1,1206093,ACH:1,no,no,Exact alternative detector pair with point-row provenance; not added to original v783 graph or physiologically validated
1981,P_alternate_automated_detector_same_specimen,720575940620320193,720575940619869120,SAD,720575940620320193,1,58068439,ACH:1,no,no,Exact alternative detector pair with point-row provenance; not added to original v783 graph or physiologically validated
1982,P_alternate_automated_detector_same_specimen,720575940620320193,720575940620410177,AMMC_L,720575940620320193,1,38326260,ACH:1,no,no,Exact alternative detector pair with point-row provenance; not added to original v783 graph or physiologically validated
1983,P_alternate_automated_detector_same_specimen,720575940620320193,720575940625242314,SAD,720575940620320193,1,78757728,ACH:1,no,no,Exact alternative detector pair with point-row provenance; not added to original v783 graph or physiologically validated
1984,P_alternate_automated_detector_same_specimen,720575940620320193,720575940631170346,UNASGD,720575940620320193,1,22426314,ACH:1,no,no,Exact alternative detector pair with point-row provenance; not added to original v783 graph or physiologically validated
1985,P_alternate_automated_detector_same_specimen,720575940620320193,720575940634657632,SAD,720575940620320193,1,37701568,ACH:1,no,no,Exact alternative detector pair with point-row provenance; not added to original v783 graph or physiologically validated
1986,P_alternate_automated_detector_same_specimen,720575940620320193,720575940642517284,UNASGD,720575940620320193,1,5194560,ACH:1,no,no,Exact alternative detector pair with point-row provenance; not added to original v783 graph or physiologically validated
1987,P_alternate_automated_detector_same_specimen,720575940620320193,720575940644473760,SAD,720575940620320193,1,12404211,ACH:1,no,no,Exact alternative detector pair with point-row provenance; not added to original v783 graph or physiologically validated
1988,P_alternate_automated_detector_same_specimen,720575940620332141,720575940629808911,SPS_R,720575940629808911,1,47277579,ACH:1,no,no,Exact alternative detector pair with point-row provenance; not added to original v783 graph or physiologically validated
1989,P_alternate_automated_detector_same_specimen,720575940620352109,720575940619381108,GNG,720575940619381108,1,10533769,ACH:1,no,no,Exact alternative detector pair with point-row provenance; not added to original v783 graph or physiologically validated
1990,P_alternate_automated_detector_same_specimen,720575940620360943,720575940629808911,ATL_R,720575940629808911,1,7798602,SER:1,no,no,Exact alternative detector pair with point-row provenance; not added to original v783 graph or physiologically validated
1991,P_alternate_automated_detector_same_specimen,720575940620417473,720575940618531618,LA_R,720575940618531618,1,59999461,GABA:1,no,no,Exact alternative detector pair with point-row provenance; not added to original v783 graph or physiologically validated
1992,P_alternate_automated_detector_same_specimen,720575940620429904,720575940620722000,LA_R,720575940620722000,1,50755492,ACH:1,no,no,Exact alternative detector pair with point-row provenance; not added to original v783 graph or physiologically validated
1993,P_alternate_automated_detector_same_specimen,720575940620482753,720575940618150105,LA_R,720575940618150105,1,13785164,GABA:1,no,no,Exact alternative detector pair with point-row provenance; not added to original v783 graph or physiologically validated
1994,P_alternate_automated_detector_same_specimen,720575940620487248,720575940638577215,UNASGD,720575940638577215,1,59921863,ACH:1,no,no,Exact alternative detector pair with point-row provenance; not added to original v783 graph or physiologically validated
1995,P_alternate_automated_detector_same_specimen,720575940620527440,720575940640197949,LA_L,720575940640197949,1,14803562,ACH:1,no,no,Exact alternative detector pair with point-row provenance; not added to original v783 graph or physiologically validated
1996,P_alternate_automated_detector_same_specimen,720575940620556117,720575940636176888,LA_L,720575940620556117;720575940636176888,1,70581867,ACH:1,no,no,Exact alternative detector pair with point-row provenance; not added to original v783 graph or physiologically validated
1997,P_alternate_automated_detector_same_specimen,720575940620562773,720575940613138329,LA_L,720575940620562773,1,30387993,ACH:1,no,no,Exact alternative detector pair with point-row provenance; not added to original v783 graph or physiologically validated
1998,P_alternate_automated_detector_same_specimen,720575940620621190,720575940629070155,GNG,720575940629070155,1,30972562,GABA:1,no,no,Exact alternative detector pair with point-row provenance; not added to original v783 graph or physiologically validated
1999,P_alternate_automated_detector_same_specimen,720575940620622040,720575940613486762,LA_L,720575940613486762,1,56083499,ACH:1,no,no,Exact alternative detector pair with point-row provenance; not added to original v783 graph or physiologically validated
2000,P_alternate_automated_detector_same_specimen,720575940620628957,720575940629808911,IPS_R,720575940629808911,1,54556517,ACH:1,no,no,Exact alternative detector pair with point-row provenance; not added to original v783 graph or physiologically validated
2001,P_alternate_automated_detector_same_specimen,720575940620637776,720575940620753744,LA_R,720575940620753744,1,24120241,ACH:1,no,no,Exact alternative detector pair with point-row provenance; not added to original v783 graph or physiologically validated
2002,P_alternate_automated_detector_same_specimen,720575940620637776,720575940645941027,LA_R,720575940645941027,1,48876394,ACH:1,no,no,Exact alternative detector pair with point-row provenance; not added to original v783 graph or physiologically validated
2003,P_alternate_automated_detector_same_specimen,720575940620647760,720575940623732991,LA_R,720575940620647760,1,50598703,ACH:1,no,no,Exact alternative detector pair with point-row provenance; not added to original v783 graph or physiologically validated
2004,P_alternate_automated_detector_same_specimen,720575940620652564,720575940621193051,LA_R,720575940621193051,1,56709119,ACH:1,no,no,Exact alternative detector pair with point-row provenance; not added to original v783 graph or physiologically validated
2005,P_alternate_automated_detector_same_specimen,720575940620652564,720575940624139305,LA_R,720575940624139305,1,64309294,ACH:1,no,no,Exact alternative detector pair with point-row provenance; not added to original v783 graph or physiologically validated
2006,P_alternate_automated_detector_same_specimen,720575940620661675,720575940625929765,UNASGD,720575940625929765,1,69767158,ACH:1,no,no,Exact alternative detector pair with point-row provenance; not added to original v783 graph or physiologically validated
2007,P_alternate_automated_detector_same_specimen,720575940620665680,720575940637491934,LA_L,720575940620665680,1,61019931,ACH:1,no,no,Exact alternative detector pair with point-row provenance; not added to original v783 graph or physiologically validated
2008,P_alternate_automated_detector_same_specimen,720575940620665680,720575940637527182,LA_L,720575940620665680,1,47782153,ACH:1,no,no,Exact alternative detector pair with point-row provenance; not added to original v783 graph or physiologically validated
2009,P_alternate_automated_detector_same_specimen,720575940620666315,720575940613387178,LA_R,720575940620666315,1,23416459,ACH:1,no,no,Exact alternative detector pair with point-row provenance; not added to original v783 graph or physiologically validated
2010,P_alternate_automated_detector_same_specimen,720575940620666315,720575940621320128,LA_R,720575940620666315,1,75986915,ACH:1,no,no,Exact alternative detector pair with point-row provenance; not added to original v783 graph or physiologically validated
2011,P_alternate_automated_detector_same_specimen,720575940620666315,720575940645803630,LA_R,720575940620666315,1,15586672,ACH:1,no,no,Exact alternative detector pair with point-row provenance; not added to original v783 graph or physiologically validated
2012,P_alternate_automated_detector_same_specimen,720575940620698048,720575940638872553,LA_L,720575940638872553,1,71522783,ACH:1,no,no,Exact alternative detector pair with point-row provenance; not added to original v783 graph or physiologically validated
2013,P_alternate_automated_detector_same_specimen,720575940620702155,720575940648702084,LA_R,720575940648702084,1,8298353,GLUT:1,no,no,Exact alternative detector pair with point-row provenance; not added to original v783 graph or physiologically validated
2014,P_alternate_automated_detector_same_specimen,720575940620722000,720575940655781025,LA_R,720575940620722000,1,54045635,ACH:1,no,no,Exact alternative detector pair with point-row provenance; not added to original v783 graph or physiologically validated
2015,P_alternate_automated_detector_same_specimen,720575940620724160,720575940647229219,LA_R,720575940647229219,1,53654249,ACH:1,no,no,Exact alternative detector pair with point-row provenance; not added to original v783 graph or physiologically validated
2016,P_alternate_automated_detector_same_specimen,720575940620753744,720575940621204941,LA_R,720575940620753744,1,16133995,ACH:1,no,no,Exact alternative detector pair with point-row provenance; not added to original v783 graph or physiologically validated
2017,P_alternate_automated_detector_same_specimen,720575940620753744,720575940622173790,LA_R,720575940620753744,1,60861888,ACH:1,no,no,Exact alternative detector pair with point-row provenance; not added to original v783 graph or physiologically validated
2018,P_alternate_automated_detector_same_specimen,720575940620753744,720575940640017597,LA_R,720575940620753744;720575940640017597,1,65718944,ACH:1,no,no,Exact alternative detector pair with point-row provenance; not added to original v783 graph or physiologically validated
2019,P_alternate_automated_detector_same_specimen,720575940620764692,720575940631592017,SPS_L,720575940631592017,1,61284022,GLUT:1,no,no,Exact alternative detector pair with point-row provenance; not added to original v783 graph or physiologically validated
2020,P_alternate_automated_detector_same_specimen,720575940620785869,720575940617216576,GNG,720575940620785869,1,26664743,ACH:1,no,no,Exact alternative detector pair with point-row provenance; not added to original v783 graph or physiologically validated
2021,P_alternate_automated_detector_same_specimen,720575940620785869,720575940621235276,GNG,720575940620785869,1,1292299,ACH:1,no,no,Exact alternative detector pair with point-row provenance; not added to original v783 graph or physiologically validated
2022,P_alternate_automated_detector_same_specimen,720575940620785869,720575940621821787,GNG,720575940620785869,1,27762640,ACH:1,no,no,Exact alternative detector pair with point-row provenance; not added to original v783 graph or physiologically validated
2023,P_alternate_automated_detector_same_specimen,720575940620785869,720575940621840297,GNG,720575940620785869,1,70306200,ACH:1,no,no,Exact alternative detector pair with point-row provenance; not added to original v783 graph or physiologically validated
2024,P_alternate_automated_detector_same_specimen,720575940620785869,720575940628129129,GNG,720575940620785869,1,15154194,ACH:1,no,no,Exact alternative detector pair with point-row provenance; not added to original v783 graph or physiologically validated
2025,P_alternate_automated_detector_same_specimen,720575940620785869,720575940630326479,GNG,720575940620785869,1,30031123,ACH:1,no,no,Exact alternative detector pair with point-row provenance; not added to original v783 graph or physiologically validated
2026,P_alternate_automated_detector_same_specimen,720575940620785869,720575940631414180,GNG,720575940620785869,1,29718014,ACH:1,no,no,Exact alternative detector pair with point-row provenance; not added to original v783 graph or physiologically validated
2027,P_alternate_automated_detector_same_specimen,720575940620785869,720575940632045839,GNG,720575940620785869,1,27760832,ACH:1,no,no,Exact alternative detector pair with point-row provenance; not added to original v783 graph or physiologically validated
2028,P_alternate_automated_detector_same_specimen,720575940620785869,720575940632163923,GNG,720575940620785869,1,48989814,ACH:1,no,no,Exact alternative detector pair with point-row provenance; not added to original v783 graph or physiologically validated
2029,P_alternate_automated_detector_same_specimen,720575940620785869,720575940634525303,GNG,720575940620785869,1,5908658,ACH:1,no,no,Exact alternative detector pair with point-row provenance; not added to original v783 graph or physiologically validated
2030,P_alternate_automated_detector_same_specimen,720575940620785869,720575940639021757,GNG,720575940620785869,1,12959027,ACH:1,no,no,Exact alternative detector pair with point-row provenance; not added to original v783 graph or physiologically validated
2031,P_alternate_automated_detector_same_specimen,720575940620785869,720575940639802685,GNG,720575940620785869,1,29877710,ACH:1,no,no,Exact alternative detector pair with point-row provenance; not added to original v783 graph or physiologically validated
2032,P_alternate_automated_detector_same_specimen,720575940620785869,720575940644088855,GNG,720575940620785869,1,69286709,ACH:1,no,no,Exact alternative detector pair with point-row provenance; not added to original v783 graph or physiologically validated
2033,P_alternate_automated_detector_same_specimen,720575940620797643,720575940613353701,LA_L,720575940620797643,1,65250269,ACH:1,no,no,Exact alternative detector pair with point-row provenance; not added to original v783 graph or physiologically validated
2034,P_alternate_automated_detector_same_specimen,720575940620797643,720575940638011760,LA_L,720575940620797643,1,33831376,ACH:1,no,no,Exact alternative detector pair with point-row provenance; not added to original v783 graph or physiologically validated
2035,P_alternate_automated_detector_same_specimen,720575940620862051,720575940618109460,GNG,720575940618109460,1,35754202,ACH:1,no,no,Exact alternative detector pair with point-row provenance; not added to original v783 graph or physiologically validated
2036,P_alternate_automated_detector_same_specimen,720575940620882603,720575940609778289,GNG,720575940609778289,1,69917157,GABA:1,no,no,Exact alternative detector pair with point-row provenance; not added to original v783 graph or physiologically validated
2037,P_alternate_automated_detector_same_specimen,720575940620882603,720575940611810001,GNG,720575940611810001,1,16018223,GABA:1,no,no,Exact alternative detector pair with point-row provenance; not added to original v783 graph or physiologically validated
2038,P_alternate_automated_detector_same_specimen,720575940620897227,720575940622703640,LA_R,720575940622703640,1,67756332,ACH:1,no,no,Exact alternative detector pair with point-row provenance; not added to original v783 graph or physiologically validated
2039,P_alternate_automated_detector_same_specimen,720575940620929365,720575940619984798,UNASGD,720575940619984798,1,73404588,ACH:1,no,no,Exact alternative detector pair with point-row provenance; not added to original v783 graph or physiologically validated
2040,P_alternate_automated_detector_same_specimen,720575940620944037,720575940623335715,LA_L,720575940620944037;720575940623335715,1,72775921,ACH:1,no,no,Exact alternative detector pair with point-row provenance; not added to original v783 graph or physiologically validated
2041,P_alternate_automated_detector_same_specimen,720575940621083557,720575940606578790,LA_L,720575940606578790,1,34144466,ACH:1,no,no,Exact alternative detector pair with point-row provenance; not added to original v783 graph or physiologically validated
2042,P_alternate_automated_detector_same_specimen,720575940621090213,720575940620620112,LA_R,720575940621090213,1,76691519,ACH:1,no,no,Exact alternative detector pair with point-row provenance; not added to original v783 graph or physiologically validated
2043,P_alternate_automated_detector_same_specimen,720575940621090213,720575940622799898,LA_R,720575940621090213;720575940622799898,1,71287125,ACH:1,no,no,Exact alternative detector pair with point-row provenance; not added to original v783 graph or physiologically validated
2044,P_alternate_automated_detector_same_specimen,720575940621103269,720575940627181828,LA_R,720575940621103269,1,28821591,ACH:1,no,no,Exact alternative detector pair with point-row provenance; not added to original v783 graph or physiologically validated
2045,P_alternate_automated_detector_same_specimen,720575940621103269,720575940630485626,LA_R,720575940621103269;720575940630485626,1,15899886,ACH:1,no,no,Exact alternative detector pair with point-row provenance; not added to original v783 graph or physiologically validated
2046,P_alternate_automated_detector_same_specimen,720575940621103269,720575940633188492,LA_R,720575940621103269;720575940633188492,1,36105573,ACH:1,no,no,Exact alternative detector pair with point-row provenance; not added to original v783 graph or physiologically validated
2047,P_alternate_automated_detector_same_specimen,720575940621157887,720575940611692467,GNG,720575940621157887,1,28465955,ACH:1,no,no,Exact alternative detector pair with point-row provenance; not added to original v783 graph or physiologically validated
2048,P_alternate_automated_detector_same_specimen,720575940621157887,720575940615385798,GNG,720575940621157887,1,29327310,ACH:1,no,no,Exact alternative detector pair with point-row provenance; not added to original v783 graph or physiologically validated
2049,P_alternate_automated_detector_same_specimen,720575940621157887,720575940617689816,GNG,720575940621157887,1,6769395,ACH:1,no,no,Exact alternative detector pair with point-row provenance; not added to original v783 graph or physiologically validated
2050,P_alternate_automated_detector_same_specimen,720575940621157887,720575940624234242,GNG,720575940621157887,1,33709809,ACH:1,no,no,Exact alternative detector pair with point-row provenance; not added to original v783 graph or physiologically validated
2051,P_alternate_automated_detector_same_specimen,720575940621157887,720575940625596647,GNG,720575940621157887,1,12020227,ACH:1,no,no,Exact alternative detector pair with point-row provenance; not added to original v783 graph or physiologically validated
2052,P_alternate_automated_detector_same_specimen,720575940621157887,720575940626524702,GNG,720575940621157887,1,21496167,ACH:1,no,no,Exact alternative detector pair with point-row provenance; not added to original v783 graph or physiologically validated
2053,P_alternate_automated_detector_same_specimen,720575940621157887,720575940631335491,GNG,720575940621157887,1,60819599,ACH:1,no,no,Exact alternative detector pair with point-row provenance; not added to original v783 graph or physiologically validated
2054,P_alternate_automated_detector_same_specimen,720575940621157887,720575940635242126,GNG,720575940621157887,1,65050733,ACH:1,no,no,Exact alternative detector pair with point-row provenance; not added to original v783 graph or physiologically validated
2055,P_alternate_automated_detector_same_specimen,720575940621157887,720575940636098367,GNG,720575940621157887,1,34101965,ACH:1,no,no,Exact alternative detector pair with point-row provenance; not added to original v783 graph or physiologically validated
2056,P_alternate_automated_detector_same_specimen,720575940621157887,720575940642478792,GNG,720575940621157887,1,59410455,ACH:1,no,no,Exact alternative detector pair with point-row provenance; not added to original v783 graph or physiologically validated
2057,P_alternate_automated_detector_same_specimen,720575940621181830,720575940622303216,LA_R,720575940622303216,1,70268617,ACH:1,no,no,Exact alternative detector pair with point-row provenance; not added to original v783 graph or physiologically validated
2058,P_alternate_automated_detector_same_specimen,720575940621181830,720575940647229219,LA_R,720575940647229219,1,35949006,ACH:1,no,no,Exact alternative detector pair with point-row provenance; not added to original v783 graph or physiologically validated
2059,P_alternate_automated_detector_same_specimen,720575940621185556,720575940661099137,LA_L,720575940661099137,1,20755760,ACH:1,no,no,Exact alternative detector pair with point-row provenance; not added to original v783 graph or physiologically validated
2060,P_alternate_automated_detector_same_specimen,720575940621191407,720575940622799137,LA_R,720575940622799137,1,7439706,ACH:1,no,no,Exact alternative detector pair with point-row provenance; not added to original v783 graph or physiologically validated
2061,P_alternate_automated_detector_same_specimen,720575940621191407,720575940628442389,LA_R,720575940628442389,1,61410840,ACH:1,no,no,Exact alternative detector pair with point-row provenance; not added to original v783 graph or physiologically validated
2062,P_alternate_automated_detector_same_specimen,720575940621193051,720575940634449890,LA_R,720575940621193051,1,783270,ACH:1,no,no,Exact alternative detector pair with point-row provenance; not added to original v783 graph or physiologically validated
2063,P_alternate_automated_detector_same_specimen,720575940621253590,720575940608224178,LA_L,720575940608224178,1,32891679,GLUT:1,no,no,Exact alternative detector pair with point-row provenance; not added to original v783 graph or physiologically validated
2064,P_alternate_automated_detector_same_specimen,720575940621283675,720575940621500070,LA_R,720575940621500070,1,21694389,ACH:1,no,no,Exact alternative detector pair with point-row provenance; not added to original v783 graph or physiologically validated
2065,P_alternate_automated_detector_same_specimen,720575940621283760,720575940626896145,PB,720575940626896145,1,67475468,ACH:1,no,no,Exact alternative detector pair with point-row provenance; not added to original v783 graph or physiologically validated
2066,P_alternate_automated_detector_same_specimen,720575940621292992,720575940655596193,LA_R,720575940655596193,1,34144079,ACH:1,no,no,Exact alternative detector pair with point-row provenance; not added to original v783 graph or physiologically validated
2067,P_alternate_automated_detector_same_specimen,720575940621320107,720575940621489243,LA_R,720575940621489243,1,33909267,ACH:1,no,no,Exact alternative detector pair with point-row provenance; not added to original v783 graph or physiologically validated
2068,P_alternate_automated_detector_same_specimen,720575940621320128,720575940620666315,LA_R,720575940620666315,1,12532024,ACH:1,no,no,Exact alternative detector pair with point-row provenance; not added to original v783 graph or physiologically validated
2069,P_alternate_automated_detector_same_specimen,720575940621323247,720575940624103827,LA_L,720575940621323247;720575940624103827,1,44098185,ACH:1,no,no,Exact alternative detector pair with point-row provenance; not added to original v783 graph or physiologically validated
2070,P_alternate_automated_detector_same_specimen,720575940621338246,720575940611758434,ME_L,720575940621338246,1,46849033,ACH:1,no,no,Exact alternative detector pair with point-row provenance; not added to original v783 graph or physiologically validated
2071,P_alternate_automated_detector_same_specimen,720575940621338246,720575940615376807,ME_L,720575940621338246,1,4547793,ACH:1,no,no,Exact alternative detector pair with point-row provenance; not added to original v783 graph or physiologically validated
2072,P_alternate_automated_detector_same_specimen,720575940621338246,720575940622335414,ME_L,720575940621338246,1,10186566,ACH:1,no,no,Exact alternative detector pair with point-row provenance; not added to original v783 graph or physiologically validated
2073,P_alternate_automated_detector_same_specimen,720575940621338246,720575940624411283,ME_L,720575940621338246,1,26397769,ACH:1,no,no,Exact alternative detector pair with point-row provenance; not added to original v783 graph or physiologically validated
2074,P_alternate_automated_detector_same_specimen,720575940621338246,720575940625754384,ME_L,720575940621338246,1,40813312,ACH:1,no,no,Exact alternative detector pair with point-row provenance; not added to original v783 graph or physiologically validated
2075,P_alternate_automated_detector_same_specimen,720575940621338246,720575940627177817,ME_L,720575940621338246,1,29768218,ACH:1,no,no,Exact alternative detector pair with point-row provenance; not added to original v783 graph or physiologically validated
2076,P_alternate_automated_detector_same_specimen,720575940621338246,720575940629761914,ME_L,720575940621338246,1,36814608,ACH:1,no,no,Exact alternative detector pair with point-row provenance; not added to original v783 graph or physiologically validated
2077,P_alternate_automated_detector_same_specimen,720575940621338246,720575940630424540,ME_L,720575940621338246,1,27571957,ACH:1,no,no,Exact alternative detector pair with point-row provenance; not added to original v783 graph or physiologically validated
2078,P_alternate_automated_detector_same_specimen,720575940621338246,720575940632922963,ME_L,720575940621338246,1,58750105,ACH:1,no,no,Exact alternative detector pair with point-row provenance; not added to original v783 graph or physiologically validated
2079,P_alternate_automated_detector_same_specimen,720575940621344238,720575940616710412,LA_L,720575940616710412,1,38691629,ACH:1,no,no,Exact alternative detector pair with point-row provenance; not added to original v783 graph or physiologically validated
2080,P_alternate_automated_detector_same_specimen,720575940621349285,720575940616773682,LA_R,720575940621349285,1,627009,ACH:1,no,no,Exact alternative detector pair with point-row provenance; not added to original v783 graph or physiologically validated
2081,P_alternate_automated_detector_same_specimen,720575940621349285,720575940622920197,LA_R,720575940621349285,1,51225908,ACH:1,no,no,Exact alternative detector pair with point-row provenance; not added to original v783 graph or physiologically validated
2082,P_alternate_automated_detector_same_specimen,720575940621349285,720575940626209613,LA_R,720575940621349285,1,67599359,ACH:1,no,no,Exact alternative detector pair with point-row provenance; not added to original v783 graph or physiologically validated
2083,P_alternate_automated_detector_same_specimen,720575940621406447,720575940627138306,LA_R,720575940627138306,1,9554952,ACH:1,no,no,Exact alternative detector pair with point-row provenance; not added to original v783 graph or physiologically validated
2084,P_alternate_automated_detector_same_specimen,720575940621443206,720575940621783646,LA_R,720575940621443206,1,20911985,ACH:1,no,no,Exact alternative detector pair with point-row provenance; not added to original v783 graph or physiologically validated
2085,P_alternate_automated_detector_same_specimen,720575940621443206,720575940622480408,LA_R,720575940621443206,1,25844315,ACH:1,no,no,Exact alternative detector pair with point-row provenance; not added to original v783 graph or physiologically validated
2086,P_alternate_automated_detector_same_specimen,720575940621443206,720575940641570000,LA_R,720575940621443206,1,19189665,ACH:1,no,no,Exact alternative detector pair with point-row provenance; not added to original v783 graph or physiologically validated
2087,P_alternate_automated_detector_same_specimen,720575940621445779,720575940609307854,GNG,720575940609307854,1,29641765,ACH:1,no,no,Exact alternative detector pair with point-row provenance; not added to original v783 graph or physiologically validated
2088,P_alternate_automated_detector_same_specimen,720575940621462511,720575940611550840,LA_R,720575940611550840;720575940621462511,1,55299945,ACH:1,no,no,Exact alternative detector pair with point-row provenance; not added to original v783 graph or physiologically validated
2089,P_alternate_automated_detector_same_specimen,720575940621462511,720575940631845839,LA_R,720575940621462511;720575940631845839,1,14411945,ACH:1,no,no,Exact alternative detector pair with point-row provenance; not added to original v783 graph or physiologically validated
2090,P_alternate_automated_detector_same_specimen,720575940621463699,720575940623788519,UNASGD,720575940621463699,1,44604613,ACH:1,no,no,Exact alternative detector pair with point-row provenance; not added to original v783 graph or physiologically validated
2091,P_alternate_automated_detector_same_specimen,720575940621463699,720575940625883934,GNG,720575940621463699,1,64269134,ACH:1,no,no,Exact alternative detector pair with point-row provenance; not added to original v783 graph or physiologically validated
2092,P_alternate_automated_detector_same_specimen,720575940621463699,720575940636444742,GNG,720575940621463699,1,17112531,ACH:1,no,no,Exact alternative detector pair with point-row provenance; not added to original v783 graph or physiologically validated
2093,P_alternate_automated_detector_same_specimen,720575940621463699,720575940649812857,GNG,720575940621463699,1,20792682,ACH:1,no,no,Exact alternative detector pair with point-row provenance; not added to original v783 graph or physiologically validated
2094,P_alternate_automated_detector_same_specimen,720575940621466048,720575940627665241,LA_L,720575940621466048;720575940627665241,1,60391038,ACH:1,no,no,Exact alternative detector pair with point-row provenance; not added to original v783 graph or physiologically validated
2095,P_alternate_automated_detector_same_specimen,720575940621481450,720575940614349974,GNG,720575940621481450,1,21645016,ACH:1,no,no,Exact alternative detector pair with point-row provenance; not added to original v783 graph or physiologically validated
2096,P_alternate_automated_detector_same_specimen,720575940621481450,720575940618147520,GNG,720575940621481450,1,66767911,ACH:1,no,no,Exact alternative detector pair with point-row provenance; not added to original v783 graph or physiologically validated
2097,P_alternate_automated_detector_same_specimen,720575940621481450,720575940618816054,GNG,720575940621481450,1,14126148,ACH:1,no,no,Exact alternative detector pair with point-row provenance; not added to original v783 graph or physiologically validated
2098,P_alternate_automated_detector_same_specimen,720575940621481450,720575940620082512,GNG,720575940621481450,1,36759276,ACH:1,no,no,Exact alternative detector pair with point-row provenance; not added to original v783 graph or physiologically validated
2099,P_alternate_automated_detector_same_specimen,720575940621481450,720575940620982966,GNG,720575940621481450,1,26654969,ACH:1,no,no,Exact alternative detector pair with point-row provenance; not added to original v783 graph or physiologically validated
2100,P_alternate_automated_detector_same_specimen,720575940621481450,720575940621875821,GNG,720575940621481450,1,36682286,ACH:1,no,no,Exact alternative detector pair with point-row provenance; not added to original v783 graph or physiologically validated
2101,P_alternate_automated_detector_same_specimen,720575940621481450,720575940624394498,GNG,720575940621481450,1,75701188,ACH:1,no,no,Exact alternative detector pair with point-row provenance; not added to original v783 graph or physiologically validated
2102,P_alternate_automated_detector_same_specimen,720575940621481450,720575940625872688,GNG,720575940621481450,1,25322782,ACH:1,no,no,Exact alternative detector pair with point-row provenance; not added to original v783 graph or physiologically validated
2103,P_alternate_automated_detector_same_specimen,720575940621481450,720575940627261114,IPS_L,720575940621481450,1,12716480,ACH:1,no,no,Exact alternative detector pair with point-row provenance; not added to original v783 graph or physiologically validated
2104,P_alternate_automated_detector_same_specimen,720575940621481450,720575940628653199,GNG,720575940621481450,1,11151319,ACH:1,no,no,Exact alternative detector pair with point-row provenance; not added to original v783 graph or physiologically validated
2105,P_alternate_automated_detector_same_specimen,720575940621481450,720575940628869391,GNG,720575940621481450,1,12246358,ACH:1,no,no,Exact alternative detector pair with point-row provenance; not added to original v783 graph or physiologically validated
2106,P_alternate_automated_detector_same_specimen,720575940621481450,720575940629175749,IPS_L,720575940621481450,1,46083785,ACH:1,no,no,Exact alternative detector pair with point-row provenance; not added to original v783 graph or physiologically validated
2107,P_alternate_automated_detector_same_specimen,720575940621481450,720575940629289472,IPS_L,720575940621481450,1,19530889,ACH:1,no,no,Exact alternative detector pair with point-row provenance; not added to original v783 graph or physiologically validated
2108,P_alternate_automated_detector_same_specimen,720575940621481450,720575940630788882,GNG,720575940621481450,1,31513426,ACH:1,no,no,Exact alternative detector pair with point-row provenance; not added to original v783 graph or physiologically validated
2109,P_alternate_automated_detector_same_specimen,720575940621481450,720575940632713759,GNG,720575940621481450,1,27281834,ACH:1,no,no,Exact alternative detector pair with point-row provenance; not added to original v783 graph or physiologically validated
2110,P_alternate_automated_detector_same_specimen,720575940621481450,720575940633710756,GNG,720575940621481450,1,3790855,ACH:1,no,no,Exact alternative detector pair with point-row provenance; not added to original v783 graph or physiologically validated
2111,P_alternate_automated_detector_same_specimen,720575940621481450,720575940634645867,GNG,720575940621481450,1,70295908,ACH:1,no,no,Exact alternative detector pair with point-row provenance; not added to original v783 graph or physiologically validated
2112,P_alternate_automated_detector_same_specimen,720575940621481450,720575940637603038,GNG,720575940621481450,1,6607502,ACH:1,no,no,Exact alternative detector pair with point-row provenance; not added to original v783 graph or physiologically validated
2113,P_alternate_automated_detector_same_specimen,720575940621481450,720575940638376792,GNG,720575940621481450,1,31197257,ACH:1,no,no,Exact alternative detector pair with point-row provenance; not added to original v783 graph or physiologically validated
2114,P_alternate_automated_detector_same_specimen,720575940621481450,720575940640133083,IPS_L,720575940621481450,1,70217758,ACH:1,no,no,Exact alternative detector pair with point-row provenance; not added to original v783 graph or physiologically validated
2115,P_alternate_automated_detector_same_specimen,720575940621481450,720575940641833869,GNG,720575940621481450,1,21330773,ACH:1,no,no,Exact alternative detector pair with point-row provenance; not added to original v783 graph or physiologically validated
2116,P_alternate_automated_detector_same_specimen,720575940621481450,720575940642071712,GNG,720575940621481450,1,52741594,ACH:1,yes,no,Exact alternative detector pair with point-row provenance; not added to original v783 graph or physiologically validated
2117,P_alternate_automated_detector_same_specimen,720575940621481450,720575940643347616,GNG,720575940621481450,1,20392190,ACH:1,no,no,Exact alternative detector pair with point-row provenance; not added to original v783 graph or physiologically validated
2118,P_alternate_automated_detector_same_specimen,720575940621481450,720575940646530414,GNG,720575940621481450,1,30651244,ACH:1,no,no,Exact alternative detector pair with point-row provenance; not added to original v783 graph or physiologically validated
2119,P_alternate_automated_detector_same_specimen,720575940621481450,720575940660220289,GNG,720575940621481450,1,78598400,ACH:1,no,no,Exact alternative detector pair with point-row provenance; not added to original v783 graph or physiologically validated
2120,P_alternate_automated_detector_same_specimen,720575940621482667,720575940621531782,LA_L,720575940621482667,1,29058166,ACH:1,no,no,Exact alternative detector pair with point-row provenance; not added to original v783 graph or physiologically validated
2121,P_alternate_automated_detector_same_specimen,720575940621482667,720575940626754352,LA_L,720575940621482667,1,73248362,ACH:1,no,no,Exact alternative detector pair with point-row provenance; not added to original v783 graph or physiologically validated
2122,P_alternate_automated_detector_same_specimen,720575940621482667,720575940633572772,LA_L,720575940621482667,1,49347311,ACH:1,no,no,Exact alternative detector pair with point-row provenance; not added to original v783 graph or physiologically validated
2123,P_alternate_automated_detector_same_specimen,720575940621482667,720575940637494373,LA_L,720575940621482667,1,67679868,ACH:1,no,no,Exact alternative detector pair with point-row provenance; not added to original v783 graph or physiologically validated
2124,P_alternate_automated_detector_same_specimen,720575940621484481,720575940621526510,LA_L,720575940621526510,1,33831297,ACH:1,no,no,Exact alternative detector pair with point-row provenance; not added to original v783 graph or physiologically validated
2125,P_alternate_automated_detector_same_specimen,720575940621489243,720575940655781025,LA_R,720575940621489243,1,59921594,ACH:1,no,no,Exact alternative detector pair with point-row provenance; not added to original v783 graph or physiologically validated
2126,P_alternate_automated_detector_same_specimen,720575940621500070,720575940607824050,LA_R,720575940621500070,1,12532199,ACH:1,no,no,Exact alternative detector pair with point-row provenance; not added to original v783 graph or physiologically validated
2127,P_alternate_automated_detector_same_specimen,720575940621500070,720575940621283675,LA_R,720575940621500070,1,76691616,ACH:1,no,no,Exact alternative detector pair with point-row provenance; not added to original v783 graph or physiologically validated
2128,P_alternate_automated_detector_same_specimen,720575940621500070,720575940626023608,LA_R,720575940621500070,1,48093271,ACH:1,no,no,Exact alternative detector pair with point-row provenance; not added to original v783 graph or physiologically validated
2129,P_alternate_automated_detector_same_specimen,720575940621500070,720575940628700904,LA_R,720575940621500070,1,7046879,ACH:1,no,no,Exact alternative detector pair with point-row provenance; not added to original v783 graph or physiologically validated
2130,P_alternate_automated_detector_same_specimen,720575940621500070,720575940631549125,LA_R,720575940621500070,1,76065231,ACH:1,no,no,Exact alternative detector pair with point-row provenance; not added to original v783 graph or physiologically validated
2131,P_alternate_automated_detector_same_specimen,720575940621526510,720575940614971857,LA_L,720575940621526510,1,21069004,ACH:1,no,no,Exact alternative detector pair with point-row provenance; not added to original v783 graph or physiologically validated
2132,P_alternate_automated_detector_same_specimen,720575940621531245,720575940624139305,LA_R,720575940624139305,1,60939753,ACH:1,no,no,Exact alternative detector pair with point-row provenance; not added to original v783 graph or physiologically validated
2133,P_alternate_automated_detector_same_specimen,720575940621544175,720575940617369717,ME_L,720575940621544175,1,61888645,ACH:1,no,no,Exact alternative detector pair with point-row provenance; not added to original v783 graph or physiologically validated
2134,P_alternate_automated_detector_same_specimen,720575940621544175,720575940623050522,ME_L,720575940621544175,1,25536930,ACH:1,no,no,Exact alternative detector pair with point-row provenance; not added to original v783 graph or physiologically validated
2135,P_alternate_automated_detector_same_specimen,720575940621544175,720575940625928464,ME_L,720575940621544175,1,19277730,ACH:1,no,no,Exact alternative detector pair with point-row provenance; not added to original v783 graph or physiologically validated
2136,P_alternate_automated_detector_same_specimen,720575940621544175,720575940629700090,ME_L,720575940621544175,1,11597632,ACH:1,no,no,Exact alternative detector pair with point-row provenance; not added to original v783 graph or physiologically validated
2137,P_alternate_automated_detector_same_specimen,720575940621544175,720575940640529616,ME_L,720575940621544175,1,49199088,ACH:1,no,no,Exact alternative detector pair with point-row provenance; not added to original v783 graph or physiologically validated
2138,P_alternate_automated_detector_same_specimen,720575940621550957,720575940623239133,LA_R,720575940623239133,1,45193892,ACH:1,no,no,Exact alternative detector pair with point-row provenance; not added to original v783 graph or physiologically validated
2139,P_alternate_automated_detector_same_specimen,720575940621568490,720575940627593978,GNG,720575940621568490,1,3796260,ACH:1,no,no,Exact alternative detector pair with point-row provenance; not added to original v783 graph or physiologically validated
2140,P_alternate_automated_detector_same_specimen,720575940621568490,720575940660224385,GNG,720575940621568490,1,75006904,ACH:1,no,no,Exact alternative detector pair with point-row provenance; not added to original v783 graph or physiologically validated
2141,P_alternate_automated_detector_same_specimen,720575940621571254,720575940625113015,LA_R,720575940625113015,1,38298271,ACH:1,no,no,Exact alternative detector pair with point-row provenance; not added to original v783 graph or physiologically validated
2142,P_alternate_automated_detector_same_specimen,720575940621573211,720575940632687672,LA_L,720575940632687672,1,61724361,ACH:1,no,no,Exact alternative detector pair with point-row provenance; not added to original v783 graph or physiologically validated
2143,P_alternate_automated_detector_same_specimen,720575940621596587,720575940621338246,ME_L,720575940621338246,1,28513379,ACH:1,no,no,Exact alternative detector pair with point-row provenance; not added to original v783 graph or physiologically validated
2144,P_alternate_automated_detector_same_specimen,720575940621613039,720575940623400216,LA_L,720575940623400216,1,12924303,ACH:1,no,no,Exact alternative detector pair with point-row provenance; not added to original v783 graph or physiologically validated
2145,P_alternate_automated_detector_same_specimen,720575940621667462,720575940614340242,LA_R,720575940621667462,1,61802651,ACH:1,no,no,Exact alternative detector pair with point-row provenance; not added to original v783 graph or physiologically validated
2146,P_alternate_automated_detector_same_specimen,720575940621667462,720575940625266761,LA_R,720575940621667462,1,20051792,ACH:1,no,no,Exact alternative detector pair with point-row provenance; not added to original v783 graph or physiologically validated
2147,P_alternate_automated_detector_same_specimen,720575940621667462,720575940627931544,LA_R,720575940621667462,1,77630900,ACH:1,no,no,Exact alternative detector pair with point-row provenance; not added to original v783 graph or physiologically validated
2148,P_alternate_automated_detector_same_specimen,720575940621721709,720575940625781692,LA_R,720575940625781692,1,52713773,ACH:1,no,no,Exact alternative detector pair with point-row provenance; not added to original v783 graph or physiologically validated
2149,P_alternate_automated_detector_same_specimen,720575940621752941,720575940621482667,LA_L,720575940621482667,1,38851291,ACH:1,no,no,Exact alternative detector pair with point-row provenance; not added to original v783 graph or physiologically validated
2150,P_alternate_automated_detector_same_specimen,720575940621759215,720575940607773314,LA_R,720575940607773314,1,390514,ACH:1,no,no,Exact alternative detector pair with point-row provenance; not added to original v783 graph or physiologically validated
2151,P_alternate_automated_detector_same_specimen,720575940621762113,720575940622545023,LA_R,720575940622545023,1,74029760,ACH:1,no,no,Exact alternative detector pair with point-row provenance; not added to original v783 graph or physiologically validated
2152,P_alternate_automated_detector_same_specimen,720575940621793518,720575940620722000,LA_R,720575940620722000,1,61880382,ACH:1,no,no,Exact alternative detector pair with point-row provenance; not added to original v783 graph or physiologically validated
2153,P_alternate_automated_detector_same_specimen,720575940621807024,720575940618712221,LA_R,720575940618712221,1,2664681,ACH:1,no,no,Exact alternative detector pair with point-row provenance; not added to original v783 graph or physiologically validated
2154,P_alternate_automated_detector_same_specimen,720575940621840297,720575940619193264,GNG,720575940619193264,1,27056563,ACH:1,no,no,Exact alternative detector pair with point-row provenance; not added to original v783 graph or physiologically validated
2155,P_alternate_automated_detector_same_specimen,720575940621840297,720575940619904380,UNASGD,720575940619904380,1,46721922,ACH:1,no,no,Exact alternative detector pair with point-row provenance; not added to original v783 graph or physiologically validated
2156,P_alternate_automated_detector_same_specimen,720575940621884854,720575940612910578,LA_L,720575940612910578;720575940621884854,1,50834050,ACH:1,no,no,Exact alternative detector pair with point-row provenance; not added to original v783 graph or physiologically validated
2157,P_alternate_automated_detector_same_specimen,720575940621944941,720575940606459424,LA_R,720575940621944941,1,72697455,ACH:1,no,no,Exact alternative detector pair with point-row provenance; not added to original v783 graph or physiologically validated
2158,P_alternate_automated_detector_same_specimen,720575940621944941,720575940636144820,LA_R,720575940621944941,1,56709319,ACH:1,no,no,Exact alternative detector pair with point-row provenance; not added to original v783 graph or physiologically validated
2159,P_alternate_automated_detector_same_specimen,720575940621949675,720575940619341744,GNG,720575940621949675,1,39824679,ACH:1,no,no,Exact alternative detector pair with point-row provenance; not added to original v783 graph or physiologically validated
2160,P_alternate_automated_detector_same_specimen,720575940621949675,720575940620714150,GNG,720575940621949675,1,53847898,ACH:1,no,no,Exact alternative detector pair with point-row provenance; not added to original v783 graph or physiologically validated
2161,P_alternate_automated_detector_same_specimen,720575940621949675,720575940625890812,GNG,720575940621949675,1,44135131,ACH:1,no,no,Exact alternative detector pair with point-row provenance; not added to original v783 graph or physiologically validated
2162,P_alternate_automated_detector_same_specimen,720575940621949675,720575940632307025,GNG,720575940621949675,1,61995091,ACH:1,no,no,Exact alternative detector pair with point-row provenance; not added to original v783 graph or physiologically validated
2163,P_alternate_automated_detector_same_specimen,720575940621959173,720575940621482667,LA_L,720575940621482667,1,14961459,ACH:1,no,no,Exact alternative detector pair with point-row provenance; not added to original v783 graph or physiologically validated
2164,P_alternate_automated_detector_same_specimen,720575940621962081,720575940642532827,LA_L,720575940621962081;720575940642532827,1,55378047,ACH:1,no,no,Exact alternative detector pair with point-row provenance; not added to original v783 graph or physiologically validated
2165,P_alternate_automated_detector_same_specimen,720575940621969761,720575940631505260,LA_L,720575940631505260,1,39475900,ACH:1,no,no,Exact alternative detector pair with point-row provenance; not added to original v783 graph or physiologically validated
2166,P_alternate_automated_detector_same_specimen,720575940621978534,720575940628035721,LA_L,720575940621978534;720575940628035721,1,1724975,ACH:1,no,no,Exact alternative detector pair with point-row provenance; not added to original v783 graph or physiologically validated
2167,P_alternate_automated_detector_same_specimen,720575940621978534,720575940630152039,LA_L,720575940621978534,1,32108663,ACH:1,no,no,Exact alternative detector pair with point-row provenance; not added to original v783 graph or physiologically validated
2168,P_alternate_automated_detector_same_specimen,720575940621987494,720575940625643495,LA_L,720575940625643495,1,13864319,ACH:1,no,no,Exact alternative detector pair with point-row provenance; not added to original v783 graph or physiologically validated
2169,P_alternate_automated_detector_same_specimen,720575940621987494,720575940625643495,UNASGD,720575940625643495,1,73089775,ACH:1,no,no,Exact alternative detector pair with point-row provenance; not added to original v783 graph or physiologically validated
2170,P_alternate_automated_detector_same_specimen,720575940622029494,720575940634055379,LA_R,720575940622029494,1,57491693,ACH:1,no,no,Exact alternative detector pair with point-row provenance; not added to original v783 graph or physiologically validated
2171,P_alternate_automated_detector_same_specimen,720575940622056368,720575940622879770,LA_R,720575940622056368,1,74891202,ACH:1,no,no,Exact alternative detector pair with point-row provenance; not added to original v783 graph or physiologically validated
2172,P_alternate_automated_detector_same_specimen,720575940622056368,720575940625282488,LA_R,720575940622056368,1,65954092,ACH:1,no,no,Exact alternative detector pair with point-row provenance; not added to original v783 graph or physiologically validated
2173,P_alternate_automated_detector_same_specimen,720575940622064961,720575940611341102,LA_L,720575940622064961,1,5010448,ACH:1,no,no,Exact alternative detector pair with point-row provenance; not added to original v783 graph or physiologically validated
2174,P_alternate_automated_detector_same_specimen,720575940622064961,720575940612810865,LA_L,720575940622064961,1,72541611,ACH:1,no,no,Exact alternative detector pair with point-row provenance; not added to original v783 graph or physiologically validated
2175,P_alternate_automated_detector_same_specimen,720575940622064961,720575940629312753,LA_L,720575940622064961,1,50207518,ACH:1,no,no,Exact alternative detector pair with point-row provenance; not added to original v783 graph or physiologically validated
2176,P_alternate_automated_detector_same_specimen,720575940622109769,720575940621481450,GNG,720575940621481450,1,20159993,GLUT:1,no,no,Exact alternative detector pair with point-row provenance; not added to original v783 graph or physiologically validated
2177,P_alternate_automated_detector_same_specimen,720575940622127740,720575940624956139,LA_R,720575940624956139,1,33282308,GABA:1,no,no,Exact alternative detector pair with point-row provenance; not added to original v783 graph or physiologically validated
2178,P_alternate_automated_detector_same_specimen,720575940622132656,720575940621669614,LA_L,720575940622132656,1,75438957,ACH:1,no,no,Exact alternative detector pair with point-row provenance; not added to original v783 graph or physiologically validated
2179,P_alternate_automated_detector_same_specimen,720575940622138209,720575940627693181,LA_L,720575940627693181,1,11906648,ACH:1,no,no,Exact alternative detector pair with point-row provenance; not added to original v783 graph or physiologically validated
2180,P_alternate_automated_detector_same_specimen,720575940622138209,720575940630727212,LA_L,720575940630727212,1,76222675,ACH:1,no,no,Exact alternative detector pair with point-row provenance; not added to original v783 graph or physiologically validated
2181,P_alternate_automated_detector_same_specimen,720575940622138209,720575940634857884,LA_L,720575940634857884,1,41041974,ACH:1,no,no,Exact alternative detector pair with point-row provenance; not added to original v783 graph or physiologically validated
2182,P_alternate_automated_detector_same_specimen,720575940622211766,720575940625717747,LA_R,720575940625717747,1,53810708,ACH:1,no,no,Exact alternative detector pair with point-row provenance; not added to original v783 graph or physiologically validated
2183,P_alternate_automated_detector_same_specimen,720575940622219380,720575940612706778,LA_L,720575940612706778,1,36027525,ACH:1,no,no,Exact alternative detector pair with point-row provenance; not added to original v783 graph or physiologically validated
2184,P_alternate_automated_detector_same_specimen,720575940622223476,720575940629438193,UNASGD,720575940629438193,1,32578957,ACH:1,no,no,Exact alternative detector pair with point-row provenance; not added to original v783 graph or physiologically validated
2185,P_alternate_automated_detector_same_specimen,720575940622303216,720575940616984374,LA_R,720575940622303216,1,36888476,ACH:1,no,no,Exact alternative detector pair with point-row provenance; not added to original v783 graph or physiologically validated
2186,P_alternate_automated_detector_same_specimen,720575940622303216,720575940622738696,LA_R,720575940622303216,1,78648719,ACH:1,no,no,Exact alternative detector pair with point-row provenance; not added to original v783 graph or physiologically validated
2187,P_alternate_automated_detector_same_specimen,720575940622303216,720575940630234011,LA_R,720575940622303216,1,39005419,ACH:1,no,no,Exact alternative detector pair with point-row provenance; not added to original v783 graph or physiologically validated
2188,P_alternate_automated_detector_same_specimen,720575940622303216,720575940640344691,LA_R,720575940622303216,1,25922666,ACH:1,no,no,Exact alternative detector pair with point-row provenance; not added to original v783 graph or physiologically validated
2189,P_alternate_automated_detector_same_specimen,720575940622303216,720575940653052662,LA_R,720575940622303216,1,29996281,ACH:1,no,no,Exact alternative detector pair with point-row provenance; not added to original v783 graph or physiologically validated
2190,P_alternate_automated_detector_same_specimen,720575940622329212,720575940616042508,AMMC_L,720575940616042508,1,59793253,ACH:1,no,no,Exact alternative detector pair with point-row provenance; not added to original v783 graph or physiologically validated
2191,P_alternate_automated_detector_same_specimen,720575940622402943,720575940621349285,LA_R,720575940621349285,1,56709489,GABA:1,no,no,Exact alternative detector pair with point-row provenance; not added to original v783 graph or physiologically validated
2192,P_alternate_automated_detector_same_specimen,720575940622404991,720575940631898319,LA_R,720575940622404991,1,12219130,ACH:1,no,no,Exact alternative detector pair with point-row provenance; not added to original v783 graph or physiologically validated
2193,P_alternate_automated_detector_same_specimen,720575940622433012,720575940629411883,LA_L,720575940629411883,1,58275602,ACH:1,no,no,Exact alternative detector pair with point-row provenance; not added to original v783 graph or physiologically validated
2194,P_alternate_automated_detector_same_specimen,720575940622473991,720575940621944941,LA_R,720575940621944941,1,57021772,ACH:1,no,no,Exact alternative detector pair with point-row provenance; not added to original v783 graph or physiologically validated
2195,P_alternate_automated_detector_same_specimen,720575940622481669,720575940636893303,LA_L,720575940636893303,1,61175870,ACH:1,no,no,Exact alternative detector pair with point-row provenance; not added to original v783 graph or physiologically validated
2196,P_alternate_automated_detector_same_specimen,720575940622550366,720575940640480856,LA_L,720575940640480856,1,14490667,ACH:1,no,no,Exact alternative detector pair with point-row provenance; not added to original v783 graph or physiologically validated
2197,P_alternate_automated_detector_same_specimen,720575940622579967,720575940622811903,SAD,720575940622811903,1,38249327,ACH:1,no,no,Exact alternative detector pair with point-row provenance; not added to original v783 graph or physiologically validated
2198,P_alternate_automated_detector_same_specimen,720575940622583284,720575940631048812,LA_R,720575940631048812,1,39631415,GLUT:1,no,no,Exact alternative detector pair with point-row provenance; not added to original v783 graph or physiologically validated
2199,P_alternate_automated_detector_same_specimen,720575940622594292,720575940613971683,LA_R,720575940613971683,1,7360918,GABA:1,no,no,Exact alternative detector pair with point-row provenance; not added to original v783 graph or physiologically validated
2200,P_alternate_automated_detector_same_specimen,720575940622638106,720575940640017597,LA_R,720575940640017597,1,26862384,GLUT:1,no,no,Exact alternative detector pair with point-row provenance; not added to original v783 graph or physiologically validated
2201,P_alternate_automated_detector_same_specimen,720575940622642526,720575940623518051,LA_L,720575940623518051,1,51853550,ACH:1,no,no,Exact alternative detector pair with point-row provenance; not added to original v783 graph or physiologically validated
2202,P_alternate_automated_detector_same_specimen,720575940622643806,720575940628336917,LA_L,720575940622643806,1,53340254,ACH:1,no,no,Exact alternative detector pair with point-row provenance; not added to original v783 graph or physiologically validated
2203,P_alternate_automated_detector_same_specimen,720575940622643806,720575940635470432,LA_L,720575940622643806,1,62586306,ACH:1,no,no,Exact alternative detector pair with point-row provenance; not added to original v783 graph or physiologically validated
2204,P_alternate_automated_detector_same_specimen,720575940622652799,720575940631505260,LA_L,720575940631505260,1,51932365,ACH:1,no,no,Exact alternative detector pair with point-row provenance; not added to original v783 graph or physiologically validated
2205,P_alternate_automated_detector_same_specimen,720575940622654591,720575940636021855,LA_L,720575940622654591;720575940636021855,1,70425086,ACH:1,no,no,Exact alternative detector pair with point-row provenance; not added to original v783 graph or physiologically validated
2206,P_alternate_automated_detector_same_specimen,720575940622662170,720575940618460061,LA_L,720575940622662170,1,29056962,ACH:1,no,no,Exact alternative detector pair with point-row provenance; not added to original v783 graph or physiologically validated
2207,P_alternate_automated_detector_same_specimen,720575940622674637,720575940620666315,LA_R,720575940620666315,1,19346248,ACH:1,no,no,Exact alternative detector pair with point-row provenance; not added to original v783 graph or physiologically validated
2208,P_alternate_automated_detector_same_specimen,720575940622674637,720575940629285873,LA_R,720575940629285873,1,67128682,ACH:1,no,no,Exact alternative detector pair with point-row provenance; not added to original v783 graph or physiologically validated
2209,P_alternate_automated_detector_same_specimen,720575940622703640,720575940624293578,LA_R,720575940622703640,1,47466388,ACH:1,no,no,Exact alternative detector pair with point-row provenance; not added to original v783 graph or physiologically validated
2210,P_alternate_automated_detector_same_specimen,720575940622703640,720575940638646335,LA_R,720575940622703640,1,49581101,ACH:1,no,no,Exact alternative detector pair with point-row provenance; not added to original v783 graph or physiologically validated
2211,P_alternate_automated_detector_same_specimen,720575940622718028,720575940620665680,LA_L,720575940620665680,1,69328336,ACH:1,no,no,Exact alternative detector pair with point-row provenance; not added to original v783 graph or physiologically validated
2212,P_alternate_automated_detector_same_specimen,720575940622728728,720575940627149415,GNG,720575940627149415,1,49618293,ACH:1,no,no,Exact alternative detector pair with point-row provenance; not added to original v783 graph or physiologically validated
2213,P_alternate_automated_detector_same_specimen,720575940622732272,720575940644276128,LA_R,720575940644276128,1,79510704,ACH:1,no,no,Exact alternative detector pair with point-row provenance; not added to original v783 graph or physiologically validated
2214,P_alternate_automated_detector_same_specimen,720575940622738696,720575940622303216,LA_R,720575940622303216,1,47388083,ACH:1,no,no,Exact alternative detector pair with point-row provenance; not added to original v783 graph or physiologically validated
2215,P_alternate_automated_detector_same_specimen,720575940622769996,720575940623400216,LA_L,720575940623400216,1,5715170,ACH:1,no,no,Exact alternative detector pair with point-row provenance; not added to original v783 graph or physiologically validated
2216,P_alternate_automated_detector_same_specimen,720575940622782847,720575940613474474,LA_R,720575940613474474,1,30465794,ACH:1,no,no,Exact alternative detector pair with point-row provenance; not added to original v783 graph or physiologically validated
2217,P_alternate_automated_detector_same_specimen,720575940622782847,720575940620232920,LA_R,720575940620232920,1,13393717,ACH:1,no,no,Exact alternative detector pair with point-row provenance; not added to original v783 graph or physiologically validated
2218,P_alternate_automated_detector_same_specimen,720575940622782847,720575940623003169,LA_R,720575940623003169,1,52087931,ACH:1,no,no,Exact alternative detector pair with point-row provenance; not added to original v783 graph or physiologically validated
2219,P_alternate_automated_detector_same_specimen,720575940622782847,720575940631286636,LA_R,720575940631286636,1,23416461,ACH:1,no,no,Exact alternative detector pair with point-row provenance; not added to original v783 graph or physiologically validated
2220,P_alternate_automated_detector_same_specimen,720575940622799137,720575940611534546,LA_R,720575940622799137,1,73794611,ACH:1,no,no,Exact alternative detector pair with point-row provenance; not added to original v783 graph or physiologically validated
2221,P_alternate_automated_detector_same_specimen,720575940622799137,720575940621191407,LA_R,720575940622799137,1,78258105,ACH:1,no,no,Exact alternative detector pair with point-row provenance; not added to original v783 graph or physiologically validated
2222,P_alternate_automated_detector_same_specimen,720575940622799137,720575940628883368,LA_R,720575940622799137,1,23338451,ACH:1,no,no,Exact alternative detector pair with point-row provenance; not added to original v783 graph or physiologically validated
2223,P_alternate_automated_detector_same_specimen,720575940622799137,720575940631729103,LA_R,720575940622799137,1,20833491,ACH:1,no,no,Exact alternative detector pair with point-row provenance; not added to original v783 graph or physiologically validated
2224,P_alternate_automated_detector_same_specimen,720575940622799898,720575940614732798,LA_R,720575940622799898,1,45586384,ACH:1,no,no,Exact alternative detector pair with point-row provenance; not added to original v783 graph or physiologically validated
2225,P_alternate_automated_detector_same_specimen,720575940622799898,720575940632182058,LA_R,720575940622799898,1,80215685,ACH:1,no,no,Exact alternative detector pair with point-row provenance; not added to original v783 graph or physiologically validated
2226,P_alternate_automated_detector_same_specimen,720575940622811903,720575940603616800,SAD,720575940622811903,1,1283027,ACH:1,no,no,Exact alternative detector pair with point-row provenance; not added to original v783 graph or physiologically validated
2227,P_alternate_automated_detector_same_specimen,720575940622811903,720575940603930046,SAD,720575940622811903,1,36447305,ACH:1,no,no,Exact alternative detector pair with point-row provenance; not added to original v783 graph or physiologically validated
2228,P_alternate_automated_detector_same_specimen,720575940622811903,720575940604396209,SAD,720575940622811903,1,61909320,ACH:1,no,no,Exact alternative detector pair with point-row provenance; not added to original v783 graph or physiologically validated
2229,P_alternate_automated_detector_same_specimen,720575940622811903,720575940604810668,SAD,720575940622811903,1,29162426,ACH:1,no,no,Exact alternative detector pair with point-row provenance; not added to original v783 graph or physiologically validated
2230,P_alternate_automated_detector_same_specimen,720575940622811903,720575940615387846,UNASGD,720575940622811903,1,27046559,ACH:1,no,no,Exact alternative detector pair with point-row provenance; not added to original v783 graph or physiologically validated
2231,P_alternate_automated_detector_same_specimen,720575940622811903,720575940617273560,SAD,720575940622811903,1,17496621,ACH:1,no,no,Exact alternative detector pair with point-row provenance; not added to original v783 graph or physiologically validated
2232,P_alternate_automated_detector_same_specimen,720575940622811903,720575940621939071,SAD,720575940622811903,1,69749250,ACH:1,no,no,Exact alternative detector pair with point-row provenance; not added to original v783 graph or physiologically validated
2233,P_alternate_automated_detector_same_specimen,720575940622811903,720575940622188568,SAD,720575940622811903,1,60968862,ACH:1,no,no,Exact alternative detector pair with point-row provenance; not added to original v783 graph or physiologically validated
2234,P_alternate_automated_detector_same_specimen,720575940622811903,720575940623366102,SAD,720575940622811903,1,69592348,ACH:1,no,no,Exact alternative detector pair with point-row provenance; not added to original v783 graph or physiologically validated
2235,P_alternate_automated_detector_same_specimen,720575940622811903,720575940624915230,SAD,720575940622811903,1,68649735,ACH:1,no,no,Exact alternative detector pair with point-row provenance; not added to original v783 graph or physiologically validated
2236,P_alternate_automated_detector_same_specimen,720575940622811903,720575940636785205,SAD,720575940622811903,1,72336207,ACH:1,no,no,Exact alternative detector pair with point-row provenance; not added to original v783 graph or physiologically validated
2237,P_alternate_automated_detector_same_specimen,720575940622811903,720575940646929204,SAD,720575940622811903,1,77816777,ACH:1,no,no,Exact alternative detector pair with point-row provenance; not added to original v783 graph or physiologically validated
2238,P_alternate_automated_detector_same_specimen,720575940622814302,720575940613545586,LA_R,720575940622814302,1,50990816,ACH:1,no,no,Exact alternative detector pair with point-row provenance; not added to original v783 graph or physiologically validated
2239,P_alternate_automated_detector_same_specimen,720575940622815965,720575940630098075,LA_L,720575940630098075,1,72697911,ACH:1,no,no,Exact alternative detector pair with point-row provenance; not added to original v783 graph or physiologically validated
2240,P_alternate_automated_detector_same_specimen,720575940622855924,720575940620232920,LA_R,720575940620232920,1,60312719,ACH:1,no,no,Exact alternative detector pair with point-row provenance; not added to original v783 graph or physiologically validated
2241,P_alternate_automated_detector_same_specimen,720575940622877398,720575940623400216,LA_L,720575940623400216,1,32657265,ACH:1,no,no,Exact alternative detector pair with point-row provenance; not added to original v783 graph or physiologically validated
2242,P_alternate_automated_detector_same_specimen,720575940622879521,720575940612140238,LA_L,720575940622879521,1,4854247,ACH:1,no,no,Exact alternative detector pair with point-row provenance; not added to original v783 graph or physiologically validated
2243,P_alternate_automated_detector_same_specimen,720575940622879770,720575940622056368,LA_R,720575940622056368,1,54437845,ACH:1,no,no,Exact alternative detector pair with point-row provenance; not added to original v783 graph or physiologically validated
2244,P_alternate_automated_detector_same_specimen,720575940622895484,720575940620232920,LA_R,720575940620232920,1,22241007,ACH:1,no,no,Exact alternative detector pair with point-row provenance; not added to original v783 graph or physiologically validated
2245,P_alternate_automated_detector_same_specimen,720575940622901854,720575940620722000,LA_R,720575940620722000,1,23728504,ACH:1,no,no,Exact alternative detector pair with point-row provenance; not added to original v783 graph or physiologically validated
2246,P_alternate_automated_detector_same_specimen,720575940622901854,720575940621103269,LA_R,720575940621103269,1,65719223,ACH:1,no,no,Exact alternative detector pair with point-row provenance; not added to original v783 graph or physiologically validated
2247,P_alternate_automated_detector_same_specimen,720575940622918012,720575940623410812,LA_R,720575940622918012,1,52009217,ACH:1,no,no,Exact alternative detector pair with point-row provenance; not added to original v783 graph or physiologically validated
2248,P_alternate_automated_detector_same_specimen,720575940622939998,720575940621071380,LA_R,720575940622939998,1,69719225,ACH:1,no,no,Exact alternative detector pair with point-row provenance; not added to original v783 graph or physiologically validated
2249,P_alternate_automated_detector_same_specimen,720575940622939998,720575940629232646,LA_R,720575940622939998,1,43784684,ACH:1,no,no,Exact alternative detector pair with point-row provenance; not added to original v783 graph or physiologically validated
2250,P_alternate_automated_detector_same_specimen,720575940622939998,720575940633224237,LA_R,720575940622939998,1,10103849,ACH:1,no,no,Exact alternative detector pair with point-row provenance; not added to original v783 graph or physiologically validated
2251,P_alternate_automated_detector_same_specimen,720575940622981153,720575940637390181,ME_L,720575940637390181,1,56561456,ACH:1,no,no,Exact alternative detector pair with point-row provenance; not added to original v783 graph or physiologically validated
2252,P_alternate_automated_detector_same_specimen,720575940622994275,720575940621157887,GNG,720575940621157887,1,61524812,ACH:1,no,no,Exact alternative detector pair with point-row provenance; not added to original v783 graph or physiologically validated
2253,P_alternate_automated_detector_same_specimen,720575940622997836,720575940620236593,LA_L,720575940620236593,1,627291,ACH:1,no,no,Exact alternative detector pair with point-row provenance; not added to original v783 graph or physiologically validated
2254,P_alternate_automated_detector_same_specimen,720575940623003169,720575940614959923,LA_R,720575940623003169,1,29369511,ACH:1,no,no,Exact alternative detector pair with point-row provenance; not added to original v783 graph or physiologically validated
2255,P_alternate_automated_detector_same_specimen,720575940623005308,720575940621181830,LA_R,720575940623005308,1,6185620,ACH:1,no,no,Exact alternative detector pair with point-row provenance; not added to original v783 graph or physiologically validated
2256,P_alternate_automated_detector_same_specimen,720575940623005308,720575940623188830,LA_R,720575940623005308,1,22398901,ACH:1,no,no,Exact alternative detector pair with point-row provenance; not added to original v783 graph or physiologically validated
2257,P_alternate_automated_detector_same_specimen,720575940623005308,720575940644652744,LA_R,720575940623005308,1,16056365,ACH:1,no,no,Exact alternative detector pair with point-row provenance; not added to original v783 graph or physiologically validated
2258,P_alternate_automated_detector_same_specimen,720575940623007159,720575940614928849,LA_R,720575940614928849,1,15664745,ACH:1,no,no,Exact alternative detector pair with point-row provenance; not added to original v783 graph or physiologically validated
2259,P_alternate_automated_detector_same_specimen,720575940623037720,720575940625929765,SAD,720575940625929765,1,14537142,GABA:1,no,no,Exact alternative detector pair with point-row provenance; not added to original v783 graph or physiologically validated
2260,P_alternate_automated_detector_same_specimen,720575940623051544,720575940611810001,GNG,720575940611810001,1,19934531,GLUT:1,no,no,Exact alternative detector pair with point-row provenance; not added to original v783 graph or physiologically validated
2261,P_alternate_automated_detector_same_specimen,720575940623053225,720575940612354196,LA_L,720575940612354196,1,9243951,ACH:1,no,no,Exact alternative detector pair with point-row provenance; not added to original v783 graph or physiologically validated
2262,P_alternate_automated_detector_same_specimen,720575940623103843,720575940610715204,LA_R,720575940610715204,1,24277614,ACH:1,no,no,Exact alternative detector pair with point-row provenance; not added to original v783 graph or physiologically validated
2263,P_alternate_automated_detector_same_specimen,720575940623103843,720575940612735194,LA_R,720575940612735194,1,68699149,ACH:1,no,no,Exact alternative detector pair with point-row provenance; not added to original v783 graph or physiologically validated
2264,P_alternate_automated_detector_same_specimen,720575940623111593,720575940618724765,LA_L,720575940623111593,1,69170543,ACH:1,no,no,Exact alternative detector pair with point-row provenance; not added to original v783 graph or physiologically validated
2265,P_alternate_automated_detector_same_specimen,720575940623151565,720575940618003284,GNG,720575940623151565,1,4119489,ACH:1,no,no,Exact alternative detector pair with point-row provenance; not added to original v783 graph or physiologically validated
2266,P_alternate_automated_detector_same_specimen,720575940623151565,720575940621020257,GNG,720575940623151565,1,39366389,ACH:1,no,no,Exact alternative detector pair with point-row provenance; not added to original v783 graph or physiologically validated
2267,P_alternate_automated_detector_same_specimen,720575940623151565,720575940622171169,AMMC_R,720575940623151565,1,35682830,ACH:1,no,no,Exact alternative detector pair with point-row provenance; not added to original v783 graph or physiologically validated
2268,P_alternate_automated_detector_same_specimen,720575940623151565,720575940644611016,AMMC_R,720575940623151565,1,42422437,ACH:1,no,no,Exact alternative detector pair with point-row provenance; not added to original v783 graph or physiologically validated
2269,P_alternate_automated_detector_same_specimen,720575940623236777,720575940661099137,LA_L,720575940661099137,1,63839804,ACH:1,no,no,Exact alternative detector pair with point-row provenance; not added to original v783 graph or physiologically validated
2270,P_alternate_automated_detector_same_specimen,720575940623242108,720575940609212508,LA_L,720575940623242108,1,17936752,ACH:1,no,no,Exact alternative detector pair with point-row provenance; not added to original v783 graph or physiologically validated
2271,P_alternate_automated_detector_same_specimen,720575940623277667,720575940622404991,LA_R,720575940622404991,1,55456165,ACH:1,no,no,Exact alternative detector pair with point-row provenance; not added to original v783 graph or physiologically validated
2272,P_alternate_automated_detector_same_specimen,720575940623285628,720575940615556498,LA_L,720575940615556498,1,65093588,ACH:1,no,no,Exact alternative detector pair with point-row provenance; not added to original v783 graph or physiologically validated
2273,P_alternate_automated_detector_same_specimen,720575940623300137,720575940618062365,SAD,720575940618062365,1,32938668,ACH:1,no,no,Exact alternative detector pair with point-row provenance; not added to original v783 graph or physiologically validated
2274,P_alternate_automated_detector_same_specimen,720575940623313110,720575940622132656,LA_L,720575940622132656,1,40964057,ACH:1,no,no,Exact alternative detector pair with point-row provenance; not added to original v783 graph or physiologically validated
2275,P_alternate_automated_detector_same_specimen,720575940623313677,720575940620722000,LA_R,720575940620722000,1,46684028,ACH:1,no,no,Exact alternative detector pair with point-row provenance; not added to original v783 graph or physiologically validated
2276,P_alternate_automated_detector_same_specimen,720575940623325993,720575940608816964,AMMC_R,720575940623325993,1,45319739,ACH:1,no,no,Exact alternative detector pair with point-row provenance; not added to original v783 graph or physiologically validated
2277,P_alternate_automated_detector_same_specimen,720575940623325993,720575940618229051,AMMC_R,720575940623325993,1,30749810,ACH:1,no,no,Exact alternative detector pair with point-row provenance; not added to original v783 graph or physiologically validated
2278,P_alternate_automated_detector_same_specimen,720575940623325993,720575940618953270,SAD,720575940623325993,1,15320695,ACH:1,no,no,Exact alternative detector pair with point-row provenance; not added to original v783 graph or physiologically validated
2279,P_alternate_automated_detector_same_specimen,720575940623325993,720575940624157769,AMMC_R,720575940623325993,1,73215403,ACH:1,no,no,Exact alternative detector pair with point-row provenance; not added to original v783 graph or physiologically validated
2280,P_alternate_automated_detector_same_specimen,720575940623325993,720575940631370336,SAD,720575940623325993,1,66549149,ACH:1,no,no,Exact alternative detector pair with point-row provenance; not added to original v783 graph or physiologically validated
2281,P_alternate_automated_detector_same_specimen,720575940623325993,720575940642108557,AMMC_R,720575940623325993,1,7723045,ACH:1,no,no,Exact alternative detector pair with point-row provenance; not added to original v783 graph or physiologically validated
2282,P_alternate_automated_detector_same_specimen,720575940623325993,720575940642666971,AMMC_R,720575940623325993,1,59343361,ACH:1,no,no,Exact alternative detector pair with point-row provenance; not added to original v783 graph or physiologically validated
2283,P_alternate_automated_detector_same_specimen,720575940623337251,720575940623885764,LA_L,720575940623337251,1,14724833,ACH:1,no,no,Exact alternative detector pair with point-row provenance; not added to original v783 graph or physiologically validated
2284,P_alternate_automated_detector_same_specimen,720575940623343139,720575940618707483,LA_L,720575940623343139,1,50129106,ACH:1,no,no,Exact alternative detector pair with point-row provenance; not added to original v783 graph or physiologically validated
2285,P_alternate_automated_detector_same_specimen,720575940623388198,720575940633705560,GNG,720575940633705560,1,55572621,ACH:1,no,no,Exact alternative detector pair with point-row provenance; not added to original v783 graph or physiologically validated
2286,P_alternate_automated_detector_same_specimen,720575940623400216,720575940628803048,LA_L,720575940623400216,1,38770123,ACH:1,no,no,Exact alternative detector pair with point-row provenance; not added to original v783 graph or physiologically validated
2287,P_alternate_automated_detector_same_specimen,720575940623441151,720575940612899763,LA_R,720575940612899763,1,45507706,ACH:1,no,no,Exact alternative detector pair with point-row provenance; not added to original v783 graph or physiologically validated
2288,P_alternate_automated_detector_same_specimen,720575940623441885,720575940638872553,LA_L,720575940638872553,1,69484035,ACH:1,no,no,Exact alternative detector pair with point-row provenance; not added to original v783 graph or physiologically validated
2289,P_alternate_automated_detector_same_specimen,720575940623457535,720575940615121501,GNG,720575940615121501,1,28469901,ACH:1,no,no,Exact alternative detector pair with point-row provenance; not added to original v783 graph or physiologically validated
2290,P_alternate_automated_detector_same_specimen,720575940623465596,720575940613474474,LA_R,720575940613474474,1,28428845,ACH:1,no,no,Exact alternative detector pair with point-row provenance; not added to original v783 graph or physiologically validated
2291,P_alternate_automated_detector_same_specimen,720575940623494861,720575940631647173,LA_R,720575940631647173,1,29525919,ACH:1,no,no,Exact alternative detector pair with point-row provenance; not added to original v783 graph or physiologically validated
2292,P_alternate_automated_detector_same_specimen,720575940623495693,720575940624811784,LA_L,720575940623495693,1,54202821,ACH:1,no,no,Exact alternative detector pair with point-row provenance; not added to original v783 graph or physiologically validated
2293,P_alternate_automated_detector_same_specimen,720575940623495693,720575940630179962,UNASGD,720575940623495693,1,65797548,ACH:1,no,no,Exact alternative detector pair with point-row provenance; not added to original v783 graph or physiologically validated
2294,P_alternate_automated_detector_same_specimen,720575940623517795,720575940628391240,LA_L,720575940628391240,1,15744201,ACH:1,no,no,Exact alternative detector pair with point-row provenance; not added to original v783 graph or physiologically validated
2295,P_alternate_automated_detector_same_specimen,720575940623518819,720575940647021091,LA_L,720575940623518819;720575940647021091,1,55143927,ACH:1,no,no,Exact alternative detector pair with point-row provenance; not added to original v783 graph or physiologically validated
2296,P_alternate_automated_detector_same_specimen,720575940623522147,720575940634005474,LA_L,720575940623522147,1,33673767,ACH:1,no,no,Exact alternative detector pair with point-row provenance; not added to original v783 graph or physiologically validated
2297,P_alternate_automated_detector_same_specimen,720575940623527059,720575940630333566,LA_R,720575940630333566,1,67756416,GLUT:1,no,no,Exact alternative detector pair with point-row provenance; not added to original v783 graph or physiologically validated
2298,P_alternate_automated_detector_same_specimen,720575940623537629,720575940611539666,LA_L,720575940611539666,1,71052072,ACH:1,no,no,Exact alternative detector pair with point-row provenance; not added to original v783 graph or physiologically validated
2299,P_alternate_automated_detector_same_specimen,720575940623537629,720575940621687489,LA_L,720575940621687489,1,48328447,ACH:1,no,no,Exact alternative detector pair with point-row provenance; not added to original v783 graph or physiologically validated
2300,P_alternate_automated_detector_same_specimen,720575940623538884,720575940633816986,UNASGD,720575940633816986,1,23609877,ACH:1,no,no,Exact alternative detector pair with point-row provenance; not added to original v783 graph or physiologically validated
2301,P_alternate_automated_detector_same_specimen,720575940623564643,720575940612899763,LA_R,720575940612899763,1,74891223,ACH:1,no,no,Exact alternative detector pair with point-row provenance; not added to original v783 graph or physiologically validated
2302,P_alternate_automated_detector_same_specimen,720575940623638781,720575940621349285,LA_R,720575940621349285,1,17310904,ACH:1,no,no,Exact alternative detector pair with point-row provenance; not added to original v783 graph or physiologically validated
2303,P_alternate_automated_detector_same_specimen,720575940623640653,720575940625416167,LA_R,720575940625416167,1,71678497,ACH:1,no,no,Exact alternative detector pair with point-row provenance; not added to original v783 graph or physiologically validated
2304,P_alternate_automated_detector_same_specimen,720575940623661261,720575940633773523,LA_R,720575940633773523,1,74655513,ACH:1,no,no,Exact alternative detector pair with point-row provenance; not added to original v783 graph or physiologically validated
2305,P_alternate_automated_detector_same_specimen,720575940623668248,720575940625579704,LA_L,720575940623668248;720575940625579704,1,59295579,ACH:1,no,no,Exact alternative detector pair with point-row provenance; not added to original v783 graph or physiologically validated
2306,P_alternate_automated_detector_same_specimen,720575940623678856,720575940638872553,LA_L,720575940638872553,1,56162230,GABA:1,no,no,Exact alternative detector pair with point-row provenance; not added to original v783 graph or physiologically validated
2307,P_alternate_automated_detector_same_specimen,720575940623694104,720575940632751663,LA_L,720575940623694104,1,20599139,ACH:1,no,no,Exact alternative detector pair with point-row provenance; not added to original v783 graph or physiologically validated
2308,P_alternate_automated_detector_same_specimen,720575940623721496,720575940628089402,LA_L,720575940623721496;720575940628089402,1,41041975,ACH:1,no,no,Exact alternative detector pair with point-row provenance; not added to original v783 graph or physiologically validated
2309,P_alternate_automated_detector_same_specimen,720575940623721496,720575940640525144,LA_L,720575940623721496;720575940640525144,1,72306356,ACH:1,no,no,Exact alternative detector pair with point-row provenance; not added to original v783 graph or physiologically validated
2310,P_alternate_automated_detector_same_specimen,720575940623730314,720575940636307960,LA_R,720575940636307960,1,8928224,ACH:1,no,no,Exact alternative detector pair with point-row provenance; not added to original v783 graph or physiologically validated
2311,P_alternate_automated_detector_same_specimen,720575940623732991,720575940620647760,LA_R,720575940620647760,1,8457965,ACH:1,no,no,Exact alternative detector pair with point-row provenance; not added to original v783 graph or physiologically validated
2312,P_alternate_automated_detector_same_specimen,720575940623734541,720575940629636713,ME_L,720575940629636713,1,1176425,ACH:1,no,no,Exact alternative detector pair with point-row provenance; not added to original v783 graph or physiologically validated
2313,P_alternate_automated_detector_same_specimen,720575940623734541,720575940629636713,UNASGD,720575940629636713,1,3994733,ACH:1,no,no,Exact alternative detector pair with point-row provenance; not added to original v783 graph or physiologically validated
2314,P_alternate_automated_detector_same_specimen,720575940623758669,720575940612470755,GNG,720575940623758669,1,116301,ACH:1,no,no,Exact alternative detector pair with point-row provenance; not added to original v783 graph or physiologically validated
2315,P_alternate_automated_detector_same_specimen,720575940623758669,720575940626672314,GNG,720575940623758669,1,24784010,ACH:1,no,no,Exact alternative detector pair with point-row provenance; not added to original v783 graph or physiologically validated
2316,P_alternate_automated_detector_same_specimen,720575940623758669,720575940633198284,GNG,720575940623758669,1,20792695,ACH:1,no,no,Exact alternative detector pair with point-row provenance; not added to original v783 graph or physiologically validated
2317,P_alternate_automated_detector_same_specimen,720575940623758669,720575940647036724,GNG,720575940623758669,1,56354463,ACH:1,no,no,Exact alternative detector pair with point-row provenance; not added to original v783 graph or physiologically validated
2318,P_alternate_automated_detector_same_specimen,720575940623770637,720575940616335263,LA_R,720575940623770637,1,26784002,ACH:1,no,no,Exact alternative detector pair with point-row provenance; not added to original v783 graph or physiologically validated
2319,P_alternate_automated_detector_same_specimen,720575940623770637,720575940625155837,LA_R,720575940623770637,1,67207236,ACH:1,no,no,Exact alternative detector pair with point-row provenance; not added to original v783 graph or physiologically validated
2320,P_alternate_automated_detector_same_specimen,720575940623793290,720575940609016668,LA_R,720575940609016668,1,18875913,ACH:1,no,no,Exact alternative detector pair with point-row provenance; not added to original v783 graph or physiologically validated
2321,P_alternate_automated_detector_same_specimen,720575940623815192,720575940621944941,LA_R,720575940621944941,1,71444276,ACH:1,no,no,Exact alternative detector pair with point-row provenance; not added to original v783 graph or physiologically validated
2322,P_alternate_automated_detector_same_specimen,720575940623825544,720575940605399520,UNASGD,720575940623825544,1,31404220,ACH:1,no,no,Exact alternative detector pair with point-row provenance; not added to original v783 graph or physiologically validated
2323,P_alternate_automated_detector_same_specimen,720575940623867016,720575940614197485,LA_L,720575940614197485;720575940623867016,1,65014534,ACH:1,no,no,Exact alternative detector pair with point-row provenance; not added to original v783 graph or physiologically validated
2324,P_alternate_automated_detector_same_specimen,720575940623867016,720575940625956429,LA_L,720575940623867016;720575940625956429,1,6107403,ACH:1,no,no,Exact alternative detector pair with point-row provenance; not added to original v783 graph or physiologically validated
2325,P_alternate_automated_detector_same_specimen,720575940623918104,720575940627671433,LA_R,720575940627671433,1,46370073,ACH:1,no,no,Exact alternative detector pair with point-row provenance; not added to original v783 graph or physiologically validated
2326,P_alternate_automated_detector_same_specimen,720575940623922952,720575940645941027,LA_R,720575940645941027,1,53261673,ACH:1,no,no,Exact alternative detector pair with point-row provenance; not added to original v783 graph or physiologically validated
2327,P_alternate_automated_detector_same_specimen,720575940623946957,720575940618150105,LA_R,720575940618150105,1,50442004,ACH:1,no,no,Exact alternative detector pair with point-row provenance; not added to original v783 graph or physiologically validated
2328,P_alternate_automated_detector_same_specimen,720575940623950600,720575940612943066,LA_R,720575940612943066,1,66736738,GABA:1,no,no,Exact alternative detector pair with point-row provenance; not added to original v783 graph or physiologically validated
2329,P_alternate_automated_detector_same_specimen,720575940623960245,720575940618240401,LA_L,720575940618240401,1,48641708,ACH:1,no,no,Exact alternative detector pair with point-row provenance; not added to original v783 graph or physiologically validated
2330,P_alternate_automated_detector_same_specimen,720575940624001791,720575940618238681,LA_L,720575940618238681;720575940624001791,1,48093494,ACH:1,no,no,Exact alternative detector pair with point-row provenance; not added to original v783 graph or physiologically validated
2331,P_alternate_automated_detector_same_specimen,720575940624042899,720575940614194925,LA_L,720575940614194925,1,61254234,ACH:1,no,no,Exact alternative detector pair with point-row provenance; not added to original v783 graph or physiologically validated
2332,P_alternate_automated_detector_same_specimen,720575940624046227,720575940614197485,LA_L,720575940614197485;720575940624046227,1,45977791,ACH:1,no,no,Exact alternative detector pair with point-row provenance; not added to original v783 graph or physiologically validated
2333,P_alternate_automated_detector_same_specimen,720575940624046739,720575940616388550,LA_L,720575940616388550,1,65249868,ACH:1,no,no,Exact alternative detector pair with point-row provenance; not added to original v783 graph or physiologically validated
2334,P_alternate_automated_detector_same_specimen,720575940624090250,720575940624870217,LA_R,720575940624870217,1,67285751,ACH:1,no,no,Exact alternative detector pair with point-row provenance; not added to original v783 graph or physiologically validated
2335,P_alternate_automated_detector_same_specimen,720575940624103827,720575940624881093,LA_L,720575940624103827,1,20286967,ACH:1,no,no,Exact alternative detector pair with point-row provenance; not added to original v783 graph or physiologically validated
2336,P_alternate_automated_detector_same_specimen,720575940624103827,720575940631728335,LA_L,720575940624103827,1,52949805,ACH:1,no,no,Exact alternative detector pair with point-row provenance; not added to original v783 graph or physiologically validated
2337,P_alternate_automated_detector_same_specimen,720575940624139305,720575940620263384,LA_R,720575940624139305,1,35321026,ACH:1,no,no,Exact alternative detector pair with point-row provenance; not added to original v783 graph or physiologically validated
2338,P_alternate_automated_detector_same_specimen,720575940624141508,720575940612375002,LA_R,720575940624141508,1,30544357,ACH:1,no,no,Exact alternative detector pair with point-row provenance; not added to original v783 graph or physiologically validated
2339,P_alternate_automated_detector_same_specimen,720575940624141508,720575940616222879,LA_R,720575940624141508,1,38926775,ACH:1,no,no,Exact alternative detector pair with point-row provenance; not added to original v783 graph or physiologically validated
2340,P_alternate_automated_detector_same_specimen,720575940624141508,720575940625125640,LA_R,720575940624141508;720575940625125640,1,68542674,ACH:1,no,no,Exact alternative detector pair with point-row provenance; not added to original v783 graph or physiologically validated
2341,P_alternate_automated_detector_same_specimen,720575940624227210,720575940621482667,LA_L,720575940621482667,1,14648865,ACH:1,no,no,Exact alternative detector pair with point-row provenance; not added to original v783 graph or physiologically validated
2342,P_alternate_automated_detector_same_specimen,720575940624227366,720575940618150105,LA_R,720575940618150105,1,66814373,ACH:1,no,no,Exact alternative detector pair with point-row provenance; not added to original v783 graph or physiologically validated
2343,P_alternate_automated_detector_same_specimen,720575940624297608,720575940621193051,LA_R,720575940621193051,1,55143426,ACH:1,no,no,Exact alternative detector pair with point-row provenance; not added to original v783 graph or physiologically validated
2344,P_alternate_automated_detector_same_specimen,720575940624308355,720575940624501747,SAD,720575940624501747,1,36133996,ACH:1,no,no,Exact alternative detector pair with point-row provenance; not added to original v783 graph or physiologically validated
2345,P_alternate_automated_detector_same_specimen,720575940624361769,720575940618531618,LA_R,720575940618531618,1,54045730,ACH:1,no,no,Exact alternative detector pair with point-row provenance; not added to original v783 graph or physiologically validated
2346,P_alternate_automated_detector_same_specimen,720575940624361769,720575940631043900,LA_R,720575940631043900,1,41511962,ACH:1,no,no,Exact alternative detector pair with point-row provenance; not added to original v783 graph or physiologically validated
2347,P_alternate_automated_detector_same_specimen,720575940624438566,720575940631317548,LA_L,720575940624438566,1,47936880,ACH:1,no,no,Exact alternative detector pair with point-row provenance; not added to original v783 graph or physiologically validated
2348,P_alternate_automated_detector_same_specimen,720575940624438566,720575940637125239,LA_L,720575940624438566;720575940637125239,1,63290724,ACH:1,no,no,Exact alternative detector pair with point-row provenance; not added to original v783 graph or physiologically validated
2349,P_alternate_automated_detector_same_specimen,720575940624485258,720575940638616922,LA_R,720575940638616922,1,20911844,ACH:1,no,no,Exact alternative detector pair with point-row provenance; not added to original v783 graph or physiologically validated
2350,P_alternate_automated_detector_same_specimen,720575940624501747,720575940626540821,AMMC_L,720575940624501747,1,13892302,ACH:1,no,no,Exact alternative detector pair with point-row provenance; not added to original v783 graph or physiologically validated
2351,P_alternate_automated_detector_same_specimen,720575940624501747,720575940647493241,AL_L,720575940624501747,1,79696051,ACH:1,no,no,Exact alternative detector pair with point-row provenance; not added to original v783 graph or physiologically validated
2352,P_alternate_automated_detector_same_specimen,720575940624513476,720575940623770637,LA_R,720575940623770637,1,48798411,ACH:1,no,no,Exact alternative detector pair with point-row provenance; not added to original v783 graph or physiologically validated
2353,P_alternate_automated_detector_same_specimen,720575940624513476,720575940630423418,LA_R,720575940630423418,1,36653507,ACH:1,no,no,Exact alternative detector pair with point-row provenance; not added to original v783 graph or physiologically validated
2354,P_alternate_automated_detector_same_specimen,720575940624735229,720575940636208052,LA_L,720575940624735229;720575940636208052,1,25608685,ACH:1,no,no,Exact alternative detector pair with point-row provenance; not added to original v783 graph or physiologically validated
2355,P_alternate_automated_detector_same_specimen,720575940624750823,720575940609622281,ME_L,720575940609622281,1,61812855,GABA:1,no,no,Exact alternative detector pair with point-row provenance; not added to original v783 graph or physiologically validated
2356,P_alternate_automated_detector_same_specimen,720575940624809735,720575940618916125,LA_L,720575940618916125,1,52792879,GLUT:1,no,no,Exact alternative detector pair with point-row provenance; not added to original v783 graph or physiologically validated
2357,P_alternate_automated_detector_same_specimen,720575940624835476,720575940632382994,LA_R,720575940632382994,1,548114,ACH:1,no,no,Exact alternative detector pair with point-row provenance; not added to original v783 graph or physiologically validated
2358,P_alternate_automated_detector_same_specimen,720575940624870217,720575940607540681,LA_R,720575940624870217,1,55377844,ACH:1,no,no,Exact alternative detector pair with point-row provenance; not added to original v783 graph or physiologically validated
2359,P_alternate_automated_detector_same_specimen,720575940624870217,720575940608410307,LA_R,720575940624870217,1,21694388,ACH:1,no,no,Exact alternative detector pair with point-row provenance; not added to original v783 graph or physiologically validated
2360,P_alternate_automated_detector_same_specimen,720575940624870217,720575940610173304,LA_R,720575940624870217,1,65719337,ACH:1,no,no,Exact alternative detector pair with point-row provenance; not added to original v783 graph or physiologically validated
2361,P_alternate_automated_detector_same_specimen,720575940624870217,720575940613587609,LA_R,720575940613587609;720575940624870217,1,43706065,ACH:1,no,no,Exact alternative detector pair with point-row provenance; not added to original v783 graph or physiologically validated
2362,P_alternate_automated_detector_same_specimen,720575940624870217,720575940617730265,LA_R,720575940624870217,1,66658714,ACH:1,no,no,Exact alternative detector pair with point-row provenance; not added to original v783 graph or physiologically validated
2363,P_alternate_automated_detector_same_specimen,720575940624870217,720575940632476739,LA_R,720575940624870217,1,5088605,ACH:1,no,no,Exact alternative detector pair with point-row provenance; not added to original v783 graph or physiologically validated
2364,P_alternate_automated_detector_same_specimen,720575940624882151,720575940639166197,GNG,720575940639166197,1,54945860,SER:1,no,no,Exact alternative detector pair with point-row provenance; not added to original v783 graph or physiologically validated
2365,P_alternate_automated_detector_same_specimen,720575940624915230,720575940622811903,SAD,720575940622811903,1,36682309,ACH:1,no,no,Exact alternative detector pair with point-row provenance; not added to original v783 graph or physiologically validated
2366,P_alternate_automated_detector_same_specimen,720575940624956139,720575940621571254,LA_R,720575940624956139,1,38612093,ACH:1,no,no,Exact alternative detector pair with point-row provenance; not added to original v783 graph or physiologically validated
2367,P_alternate_automated_detector_same_specimen,720575940624956139,720575940624857597,LA_R,720575940624956139,1,22398733,ACH:1,no,no,Exact alternative detector pair with point-row provenance; not added to original v783 graph or physiologically validated
2368,P_alternate_automated_detector_same_specimen,720575940624956139,720575940627692626,LA_R,720575940624956139,1,17310261,ACH:1,no,no,Exact alternative detector pair with point-row provenance; not added to original v783 graph or physiologically validated
2369,P_alternate_automated_detector_same_specimen,720575940624972981,720575940620545616,LA_L,720575940620545616,1,72775922,ACH:1,no,no,Exact alternative detector pair with point-row provenance; not added to original v783 graph or physiologically validated
2370,P_alternate_automated_detector_same_specimen,720575940625000200,720575940621157887,GNG,720575940621157887,1,61602983,GABA:1,no,no,Exact alternative detector pair with point-row provenance; not added to original v783 graph or physiologically validated
2371,P_alternate_automated_detector_same_specimen,720575940625039799,720575940632083275,LA_R,720575940632083275,1,75595411,ACH:1,no,no,Exact alternative detector pair with point-row provenance; not added to original v783 graph or physiologically validated
2372,P_alternate_automated_detector_same_specimen,720575940625044421,720575940633220516,LA_L,720575940625044421;720575940633220516,1,71600633,ACH:1,no,no,Exact alternative detector pair with point-row provenance; not added to original v783 graph or physiologically validated
2373,P_alternate_automated_detector_same_specimen,720575940625067243,720575940616149570,LA_L,720575940625067243,1,77317983,ACH:1,no,no,Exact alternative detector pair with point-row provenance; not added to original v783 graph or physiologically validated
2374,P_alternate_automated_detector_same_specimen,720575940625067243,720575940619587195,LA_L,720575940625067243,1,63212236,ACH:1,no,no,Exact alternative detector pair with point-row provenance; not added to original v783 graph or physiologically validated
2375,P_alternate_automated_detector_same_specimen,720575940625075453,720575940620232920,LA_R,720575940620232920,1,80215401,ACH:1,no,no,Exact alternative detector pair with point-row provenance; not added to original v783 graph or physiologically validated
2376,P_alternate_automated_detector_same_specimen,720575940625083175,720575940615121501,GNG,720575940615121501,1,17037438,ACH:1,no,no,Exact alternative detector pair with point-row provenance; not added to original v783 graph or physiologically validated
2377,P_alternate_automated_detector_same_specimen,720575940625113015,720575940605610784,LA_R,720575940625113015,1,78179683,ACH:1,no,no,Exact alternative detector pair with point-row provenance; not added to original v783 graph or physiologically validated
2378,P_alternate_automated_detector_same_specimen,720575940625113015,720575940615131699,LA_R,720575940625113015,1,12923714,ACH:1,no,no,Exact alternative detector pair with point-row provenance; not added to original v783 graph or physiologically validated
2379,P_alternate_automated_detector_same_specimen,720575940625113015,720575940618661277,LA_R,720575940625113015,1,17310814,ACH:1,no,no,Exact alternative detector pair with point-row provenance; not added to original v783 graph or physiologically validated
2380,P_alternate_automated_detector_same_specimen,720575940625125640,720575940615315111,LA_R,720575940625125640,1,16291385,ACH:1,no,no,Exact alternative detector pair with point-row provenance; not added to original v783 graph or physiologically validated
2381,P_alternate_automated_detector_same_specimen,720575940625125640,720575940621090213,LA_R,720575940621090213;720575940625125640,1,74813418,ACH:1,no,no,Exact alternative detector pair with point-row provenance; not added to original v783 graph or physiologically validated
2382,P_alternate_automated_detector_same_specimen,720575940625125640,720575940621500070,LA_R,720575940621500070;720575940625125640,1,45350854,ACH:1,no,no,Exact alternative detector pair with point-row provenance; not added to original v783 graph or physiologically validated
2383,P_alternate_automated_detector_same_specimen,720575940625125640,720575940624141508,LA_R,720575940624141508;720575940625125640,1,72932819,ACH:1,no,no,Exact alternative detector pair with point-row provenance; not added to original v783 graph or physiologically validated
2384,P_alternate_automated_detector_same_specimen,720575940625125640,720575940627931544,LA_R,720575940625125640,1,61566844,ACH:1,no,no,Exact alternative detector pair with point-row provenance; not added to original v783 graph or physiologically validated
2385,P_alternate_automated_detector_same_specimen,720575940625125640,720575940628054397,LA_R,720575940625125640;720575940628054397,1,73637930,ACH:1,no,no,Exact alternative detector pair with point-row provenance; not added to original v783 graph or physiologically validated
2386,P_alternate_automated_detector_same_specimen,720575940625132948,720575940632352104,LA_L,720575940625132948;720575940632352104,1,45429119,ACH:1,no,no,Exact alternative detector pair with point-row provenance; not added to original v783 graph or physiologically validated
2387,P_alternate_automated_detector_same_specimen,720575940625155837,720575940628442389,LA_R,720575940628442389,1,35320806,ACH:1,no,no,Exact alternative detector pair with point-row provenance; not added to original v783 graph or physiologically validated
2388,P_alternate_automated_detector_same_specimen,720575940625161530,720575940612294311,UNASGD,720575940612294311,1,49305066,ACH:1,no,no,Exact alternative detector pair with point-row provenance; not added to original v783 graph or physiologically validated
2389,P_alternate_automated_detector_same_specimen,720575940625178556,720575940627098942,LA_L,720575940627098942,1,13081235,ACH:1,no,no,Exact alternative detector pair with point-row provenance; not added to original v783 graph or physiologically validated
2390,P_alternate_automated_detector_same_specimen,720575940625208653,720575940621482667,LA_L,720575940621482667,1,26080166,ACH:1,no,no,Exact alternative detector pair with point-row provenance; not added to original v783 graph or physiologically validated
2391,P_alternate_automated_detector_same_specimen,720575940625266761,720575940618437922,LA_R,720575940618437922,1,29134905,ACH:1,no,no,Exact alternative detector pair with point-row provenance; not added to original v783 graph or physiologically validated
2392,P_alternate_automated_detector_same_specimen,720575940625266761,720575940626928740,LA_R,720575940626928740,1,50990592,ACH:1,no,no,Exact alternative detector pair with point-row provenance; not added to original v783 graph or physiologically validated
2393,P_alternate_automated_detector_same_specimen,720575940625274772,720575940622303216,LA_R,720575940622303216,1,16056303,ACH:1,no,no,Exact alternative detector pair with point-row provenance; not added to original v783 graph or physiologically validated
2394,P_alternate_automated_detector_same_specimen,720575940625274772,720575940623005308,LA_R,720575940623005308,1,28272469,ACH:1,no,no,Exact alternative detector pair with point-row provenance; not added to original v783 graph or physiologically validated
2395,P_alternate_automated_detector_same_specimen,720575940625282488,720575940623239133,LA_R,720575940623239133,1,74656758,ACH:1,no,no,Exact alternative detector pair with point-row provenance; not added to original v783 graph or physiologically validated
2396,P_alternate_automated_detector_same_specimen,720575940625287497,720575940625511572,LA_R,720575940625511572,1,50990203,ACH:1,no,no,Exact alternative detector pair with point-row provenance; not added to original v783 graph or physiologically validated
2397,P_alternate_automated_detector_same_specimen,720575940625349863,720575940620236593,LA_L,720575940620236593,1,5010341,ACH:1,no,no,Exact alternative detector pair with point-row provenance; not added to original v783 graph or physiologically validated
2398,P_alternate_automated_detector_same_specimen,720575940625358344,720575940620487504,LA_L,720575940620487504,1,27097770,ACH:1,no,no,Exact alternative detector pair with point-row provenance; not added to original v783 graph or physiologically validated
2399,P_alternate_automated_detector_same_specimen,720575940625379401,720575940622132656,LA_L,720575940622132656,1,37672427,ACH:1,no,no,Exact alternative detector pair with point-row provenance; not added to original v783 graph or physiologically validated
2400,P_alternate_automated_detector_same_specimen,720575940625416167,720575940612855475,LA_R,720575940625416167,1,25217495,ACH:1,no,no,Exact alternative detector pair with point-row provenance; not added to original v783 graph or physiologically validated
2401,P_alternate_automated_detector_same_specimen,720575940625416167,720575940616120669,LA_R,720575940625416167,1,73010952,ACH:1,no,no,Exact alternative detector pair with point-row provenance; not added to original v783 graph or physiologically validated
2402,P_alternate_automated_detector_same_specimen,720575940625449404,720575940620236593,LA_L,720575940620236593,1,80059704,ACH:1,no,no,Exact alternative detector pair with point-row provenance; not added to original v783 graph or physiologically validated
2403,P_alternate_automated_detector_same_specimen,720575940625455544,720575940608224178,LA_L,720575940608224178,1,41198678,GLUT:1,no,no,Exact alternative detector pair with point-row provenance; not added to original v783 graph or physiologically validated
2404,P_alternate_automated_detector_same_specimen,720575940625455544,720575940628955722,LA_L,720575940628955722,1,24199698,GLUT:1,no,no,Exact alternative detector pair with point-row provenance; not added to original v783 graph or physiologically validated
2405,P_alternate_automated_detector_same_specimen,720575940625505428,720575940621458625,LA_L,720575940621458625,1,11906904,ACH:1,no,no,Exact alternative detector pair with point-row provenance; not added to original v783 graph or physiologically validated
2406,P_alternate_automated_detector_same_specimen,720575940625511572,720575940617414005,LA_R,720575940625511572,1,37671564,ACH:1,no,no,Exact alternative detector pair with point-row provenance; not added to original v783 graph or physiologically validated
2407,P_alternate_automated_detector_same_specimen,720575940625511572,720575940623730314,LA_R,720575940625511572,1,77709340,ACH:1,no,no,Exact alternative detector pair with point-row provenance; not added to original v783 graph or physiologically validated
2408,P_alternate_automated_detector_same_specimen,720575940625511572,720575940625287497,LA_R,720575940625511572,1,55299668,ACH:1,no,no,Exact alternative detector pair with point-row provenance; not added to original v783 graph or physiologically validated
2409,P_alternate_automated_detector_same_specimen,720575940625514023,720575940611550840,LA_R,720575940611550840,1,44410504,ACH:1,no,no,Exact alternative detector pair with point-row provenance; not added to original v783 graph or physiologically validated
2410,P_alternate_automated_detector_same_specimen,720575940625514023,720575940621462511,LA_R,720575940621462511,1,44019561,ACH:1,no,no,Exact alternative detector pair with point-row provenance; not added to original v783 graph or physiologically validated
2411,P_alternate_automated_detector_same_specimen,720575940625514023,720575940631845839,LA_R,720575940631845839,1,30074125,ACH:1,no,no,Exact alternative detector pair with point-row provenance; not added to original v783 graph or physiologically validated
2412,P_alternate_automated_detector_same_specimen,720575940625564860,720575940634857884,LA_L,720575940625564860;720575940634857884,1,16212758,ACH:1,no,no,Exact alternative detector pair with point-row provenance; not added to original v783 graph or physiologically validated
2413,P_alternate_automated_detector_same_specimen,720575940625583118,720575940606292326,LA_L,720575940606292326;720575940625583118,1,39475474,ACH:1,no,no,Exact alternative detector pair with point-row provenance; not added to original v783 graph or physiologically validated
2414,P_alternate_automated_detector_same_specimen,720575940625590460,720575940610715204,LA_R,720575940610715204,1,52321938,ACH:1,no,no,Exact alternative detector pair with point-row provenance; not added to original v783 graph or physiologically validated
2415,P_alternate_automated_detector_same_specimen,720575940625601468,720575940633176351,LA_R,720575940633176351,1,16212689,ACH:1,no,no,Exact alternative detector pair with point-row provenance; not added to original v783 graph or physiologically validated
2416,P_alternate_automated_detector_same_specimen,720575940625644775,720575940631149372,LA_L,720575940631149372,1,56474803,ACH:1,no,no,Exact alternative detector pair with point-row provenance; not added to original v783 graph or physiologically validated
2417,P_alternate_automated_detector_same_specimen,720575940625652879,720575940614046395,GNG,720575940625652879,1,54867083,ACH:1,no,no,Exact alternative detector pair with point-row provenance; not added to original v783 graph or physiologically validated
2418,P_alternate_automated_detector_same_specimen,720575940625652879,720575940614985878,GNG,720575940625652879,1,29954111,ACH:1,no,no,Exact alternative detector pair with point-row provenance; not added to original v783 graph or physiologically validated
2419,P_alternate_automated_detector_same_specimen,720575940625652879,720575940616362123,GNG,720575940625652879,1,64817272,ACH:1,no,no,Exact alternative detector pair with point-row provenance; not added to original v783 graph or physiologically validated
2420,P_alternate_automated_detector_same_specimen,720575940625652879,720575940625771780,GNG,720575940625652879,1,70149222,ACH:1,no,no,Exact alternative detector pair with point-row provenance; not added to original v783 graph or physiologically validated
2421,P_alternate_automated_detector_same_specimen,720575940625652879,720575940629139968,GNG,720575940625652879,1,54866912,ACH:1,no,no,Exact alternative detector pair with point-row provenance; not added to original v783 graph or physiologically validated
2422,P_alternate_automated_detector_same_specimen,720575940625652879,720575940631335491,GNG,720575940625652879,1,77041951,ACH:1,no,no,Exact alternative detector pair with point-row provenance; not added to original v783 graph or physiologically validated
2423,P_alternate_automated_detector_same_specimen,720575940625653391,720575940611510765,GNG,720575940611510765,1,31911686,ACH:1,no,no,Exact alternative detector pair with point-row provenance; not added to original v783 graph or physiologically validated
2424,P_alternate_automated_detector_same_specimen,720575940625673959,720575940630098075,ME_L,720575940630098075,1,33526729,ACH:1,no,no,Exact alternative detector pair with point-row provenance; not added to original v783 graph or physiologically validated
2425,P_alternate_automated_detector_same_specimen,720575940625680824,720575940612354196,LA_L,720575940612354196,1,33675702,ACH:1,no,no,Exact alternative detector pair with point-row provenance; not added to original v783 graph or physiologically validated
2426,P_alternate_automated_detector_same_specimen,720575940625717747,720575940629160491,LA_R,720575940625717747,1,65483648,ACH:1,no,no,Exact alternative detector pair with point-row provenance; not added to original v783 graph or physiologically validated
2427,P_alternate_automated_detector_same_specimen,720575940625717747,720575940632510250,LA_R,720575940625717747,1,44488642,ACH:1,no,no,Exact alternative detector pair with point-row provenance; not added to original v783 graph or physiologically validated
2428,P_alternate_automated_detector_same_specimen,720575940625721118,720575940605836204,SPS_L,720575940625721118,1,31202999,ACH:1,no,no,Exact alternative detector pair with point-row provenance; not added to original v783 graph or physiologically validated
2429,P_alternate_automated_detector_same_specimen,720575940625721118,720575940617626235,SPS_L,720575940625721118,1,74608582,ACH:1,no,no,Exact alternative detector pair with point-row provenance; not added to original v783 graph or physiologically validated
2430,P_alternate_automated_detector_same_specimen,720575940625721118,720575940626044942,IPS_L,720575940625721118,1,75002580,ACH:1,no,no,Exact alternative detector pair with point-row provenance; not added to original v783 graph or physiologically validated
2431,P_alternate_automated_detector_same_specimen,720575940625721118,720575940628498161,ICL_L,720575940625721118,1,13265011,ACH:1,no,no,Exact alternative detector pair with point-row provenance; not added to original v783 graph or physiologically validated
2432,P_alternate_automated_detector_same_specimen,720575940625721118,720575940631530348,SPS_L,720575940625721118,1,78444577,ACH:1,no,no,Exact alternative detector pair with point-row provenance; not added to original v783 graph or physiologically validated
2433,P_alternate_automated_detector_same_specimen,720575940625721118,720575940631592017,SPS_L,720575940625721118;720575940631592017,1,67942180,ACH:1,no,no,Exact alternative detector pair with point-row provenance; not added to original v783 graph or physiologically validated
2434,P_alternate_automated_detector_same_specimen,720575940625721118,720575940643471008,SPS_L,720575940625721118,1,18125705,ACH:1,no,no,Exact alternative detector pair with point-row provenance; not added to original v783 graph or physiologically validated
2435,P_alternate_automated_detector_same_specimen,720575940625721118,720575940644303639,SPS_L,720575940625721118,1,38642960,ACH:1,no,no,Exact alternative detector pair with point-row provenance; not added to original v783 graph or physiologically validated
2436,P_alternate_automated_detector_same_specimen,720575940625744788,720575940613971683,LA_R,720575940613971683,1,67677561,GABA:1,no,no,Exact alternative detector pair with point-row provenance; not added to original v783 graph or physiologically validated
2437,P_alternate_automated_detector_same_specimen,720575940625781692,720575940621721709,LA_R,720575940625781692,1,43314845,ACH:1,no,no,Exact alternative detector pair with point-row provenance; not added to original v783 graph or physiologically validated
2438,P_alternate_automated_detector_same_specimen,720575940625781692,720575940627310697,LA_R,720575940625781692,1,33908856,ACH:1,no,no,Exact alternative detector pair with point-row provenance; not added to original v783 graph or physiologically validated
2439,P_alternate_automated_detector_same_specimen,720575940625804008,720575940613878459,GNG,720575940613878459,1,17193506,GABA:1,no,no,Exact alternative detector pair with point-row provenance; not added to original v783 graph or physiologically validated
2440,P_alternate_automated_detector_same_specimen,720575940625808627,720575940632687672,LA_L,720575940632687672,1,76535530,ACH:1,no,no,Exact alternative detector pair with point-row provenance; not added to original v783 graph or physiologically validated
2441,P_alternate_automated_detector_same_specimen,720575940625823101,720575940624048275,UNASGD,720575940624048275;720575940625823101,1,68777830,ACH:1,no,no,Exact alternative detector pair with point-row provenance; not added to original v783 graph or physiologically validated
2442,P_alternate_automated_detector_same_specimen,720575940625883324,720575940620665680,LA_L,720575940620665680,1,11594631,ACH:1,no,no,Exact alternative detector pair with point-row provenance; not added to original v783 graph or physiologically validated
2443,P_alternate_automated_detector_same_specimen,720575940625916207,720575940617053883,UNASGD,720575940625916207,1,80059997,ACH:1,no,no,Exact alternative detector pair with point-row provenance; not added to original v783 graph or physiologically validated
2444,P_alternate_automated_detector_same_specimen,720575940625929765,720575940605691424,GNG,720575940625929765,1,21818779,ACH:1,no,no,Exact alternative detector pair with point-row provenance; not added to original v783 graph or physiologically validated
2445,P_alternate_automated_detector_same_specimen,720575940625929765,720575940612635050,SAD,720575940625929765,1,46023881,ACH:1,no,no,Exact alternative detector pair with point-row provenance; not added to original v783 graph or physiologically validated
2446,P_alternate_automated_detector_same_specimen,720575940625929765,720575940614960022,SAD,720575940625929765,1,66705135,ACH:1,no,no,Exact alternative detector pair with point-row provenance; not added to original v783 graph or physiologically validated
2447,P_alternate_automated_detector_same_specimen,720575940625929765,720575940617967188,SAD,720575940625929765,1,15713064,ACH:1,no,no,Exact alternative detector pair with point-row provenance; not added to original v783 graph or physiologically validated
2448,P_alternate_automated_detector_same_specimen,720575940625929765,720575940626592387,SAD,720575940625929765,1,70002265,ACH:1,no,no,Exact alternative detector pair with point-row provenance; not added to original v783 graph or physiologically validated
2449,P_alternate_automated_detector_same_specimen,720575940625929765,720575940629805950,SAD,720575940625929765,1,36465241,ACH:1,no,no,Exact alternative detector pair with point-row provenance; not added to original v783 graph or physiologically validated
2450,P_alternate_automated_detector_same_specimen,720575940625929765,720575940635587576,SAD,720575940625929765,1,16337361,ACH:1,no,no,Exact alternative detector pair with point-row provenance; not added to original v783 graph or physiologically validated
2451,P_alternate_automated_detector_same_specimen,720575940625930227,720575940627873299,LA_R,720575940627873299,1,44488658,ACH:1,no,no,Exact alternative detector pair with point-row provenance; not added to original v783 graph or physiologically validated
2452,P_alternate_automated_detector_same_specimen,720575940626023568,720575940625113015,LA_R,720575940625113015,1,10182163,ACH:1,no,no,Exact alternative detector pair with point-row provenance; not added to original v783 graph or physiologically validated
2453,P_alternate_automated_detector_same_specimen,720575940626023608,720575940619065664,LA_R,720575940619065664,1,76222544,ACH:1,no,no,Exact alternative detector pair with point-row provenance; not added to original v783 graph or physiologically validated
2454,P_alternate_automated_detector_same_specimen,720575940626023608,720575940628789064,LA_R,720575940628789064,1,54986294,ACH:1,no,no,Exact alternative detector pair with point-row provenance; not added to original v783 graph or physiologically validated
2455,P_alternate_automated_detector_same_specimen,720575940626023608,720575940632581945,LA_R,720575940632581945,1,10182355,ACH:1,no,no,Exact alternative detector pair with point-row provenance; not added to original v783 graph or physiologically validated
2456,P_alternate_automated_detector_same_specimen,720575940626108749,720575940630485626,LA_R,720575940630485626,1,73167661,ACH:1,no,no,Exact alternative detector pair with point-row provenance; not added to original v783 graph or physiologically validated
2457,P_alternate_automated_detector_same_specimen,720575940626271260,720575940616042508,AMMC_L,720575940616042508,1,29709152,GABA:1,no,no,Exact alternative detector pair with point-row provenance; not added to original v783 graph or physiologically validated
2458,P_alternate_automated_detector_same_specimen,720575940626295396,720575940611937967,GNG,720575940611937967,1,60507882,ACH:1,no,no,Exact alternative detector pair with point-row provenance; not added to original v783 graph or physiologically validated
2459,P_alternate_automated_detector_same_specimen,720575940626384944,720575940613971683,LA_R,720575940613971683,1,64231300,ACH:1,no,no,Exact alternative detector pair with point-row provenance; not added to original v783 graph or physiologically validated
2460,P_alternate_automated_detector_same_specimen,720575940626403842,720575940607773314,LA_R,720575940607773314,1,6106577,ACH:1,no,no,Exact alternative detector pair with point-row provenance; not added to original v783 graph or physiologically validated
2461,P_alternate_automated_detector_same_specimen,720575940626488894,720575940618864724,LA_L,720575940618864724,1,73325169,ACH:1,no,no,Exact alternative detector pair with point-row provenance; not added to original v783 graph or physiologically validated
2462,P_alternate_automated_detector_same_specimen,720575940626501578,720575940614197485,LA_L,720575940614197485,1,7046951,ACH:1,no,no,Exact alternative detector pair with point-row provenance; not added to original v783 graph or physiologically validated
2463,P_alternate_automated_detector_same_specimen,720575940626575716,720575940623005308,LA_R,720575940623005308,1,33282424,ACH:1,no,no,Exact alternative detector pair with point-row provenance; not added to original v783 graph or physiologically validated
2464,P_alternate_automated_detector_same_specimen,720575940626580794,720575940633705560,GNG,720575940633705560,1,11630430,ACH:1,no,no,Exact alternative detector pair with point-row provenance; not added to original v783 graph or physiologically validated
2465,P_alternate_automated_detector_same_specimen,720575940626585744,720575940612606899,LA_R,720575940626585744,1,61488678,ACH:1,no,no,Exact alternative detector pair with point-row provenance; not added to original v783 graph or physiologically validated
2466,P_alternate_automated_detector_same_specimen,720575940626585744,720575940613637861,LA_R,720575940626585744,1,68934834,ACH:1,no,no,Exact alternative detector pair with point-row provenance; not added to original v783 graph or physiologically validated
2467,P_alternate_automated_detector_same_specimen,720575940626668443,720575940610595442,GNG,720575940626668443,1,76962405,ACH:1,no,no,Exact alternative detector pair with point-row provenance; not added to original v783 graph or physiologically validated
2468,P_alternate_automated_detector_same_specimen,720575940626668443,720575940619910177,GNG,720575940626668443,1,67243404,ACH:1,no,no,Exact alternative detector pair with point-row provenance; not added to original v783 graph or physiologically validated
2469,P_alternate_automated_detector_same_specimen,720575940626668443,720575940637149006,GNG,720575940626668443,1,11707346,ACH:1,no,no,Exact alternative detector pair with point-row provenance; not added to original v783 graph or physiologically validated
2470,P_alternate_automated_detector_same_specimen,720575940626702159,720575940619193264,GNG,720575940619193264;720575940626702159,1,33710667,ACH:1,no,no,Exact alternative detector pair with point-row provenance; not added to original v783 graph or physiologically validated
2471,P_alternate_automated_detector_same_specimen,720575940626770532,720575940648098948,LA_L,720575940626770532,1,32969276,ACH:1,no,no,Exact alternative detector pair with point-row provenance; not added to original v783 graph or physiologically validated
2472,P_alternate_automated_detector_same_specimen,720575940626772154,720575940629285873,LA_R,720575940629285873,1,30778672,ACH:1,no,no,Exact alternative detector pair with point-row provenance; not added to original v783 graph or physiologically validated
2473,P_alternate_automated_detector_same_specimen,720575940626800933,720575940612943066,LA_R,720575940612943066,1,22946297,ACH:1,no,no,Exact alternative detector pair with point-row provenance; not added to original v783 graph or physiologically validated
2474,P_alternate_automated_detector_same_specimen,720575940626841354,720575940629808911,IPS_R,720575940629808911,1,11086405,ACH:1,no,no,Exact alternative detector pair with point-row provenance; not added to original v783 graph or physiologically validated
2475,P_alternate_automated_detector_same_specimen,720575940626851831,720575940618712221,LA_R,720575940618712221,1,79588415,ACH:1,no,no,Exact alternative detector pair with point-row provenance; not added to original v783 graph or physiologically validated
2476,P_alternate_automated_detector_same_specimen,720575940626866020,720575940613587609,LA_R,720575940613587609,1,30544139,ACH:1,no,no,Exact alternative detector pair with point-row provenance; not added to original v783 graph or physiologically validated
2477,P_alternate_automated_detector_same_specimen,720575940626896145,720575940615782841,IB_L,720575940626896145,1,73279462,ACH:1,no,no,Exact alternative detector pair with point-row provenance; not added to original v783 graph or physiologically validated
2478,P_alternate_automated_detector_same_specimen,720575940626896145,720575940621749261,FB,720575940626896145,1,44053049,ACH:1,no,no,Exact alternative detector pair with point-row provenance; not added to original v783 graph or physiologically validated
2479,P_alternate_automated_detector_same_specimen,720575940626896145,720575940623022315,FB,720575940626896145,1,71244203,ACH:1,no,no,Exact alternative detector pair with point-row provenance; not added to original v783 graph or physiologically validated
2480,P_alternate_automated_detector_same_specimen,720575940626896145,720575940624156391,FB,720575940626896145,1,74380626,ACH:1,no,no,Exact alternative detector pair with point-row provenance; not added to original v783 graph or physiologically validated
2481,P_alternate_automated_detector_same_specimen,720575940626896145,720575940625683077,ICL_L,720575940626896145,1,61913306,ACH:1,no,no,Exact alternative detector pair with point-row provenance; not added to original v783 graph or physiologically validated
2482,P_alternate_automated_detector_same_specimen,720575940626896145,720575940630087030,ICL_L,720575940626896145,1,37782445,ACH:1,no,no,Exact alternative detector pair with point-row provenance; not added to original v783 graph or physiologically validated
2483,P_alternate_automated_detector_same_specimen,720575940626896145,720575940632059673,UNASGD,720575940626896145,1,423830,ACH:1,no,no,Exact alternative detector pair with point-row provenance; not added to original v783 graph or physiologically validated
2484,P_alternate_automated_detector_same_specimen,720575940626907082,720575940618849537,LA_L,720575940618849537,1,27961073,ACH:1,no,no,Exact alternative detector pair with point-row provenance; not added to original v783 graph or physiologically validated
2485,P_alternate_automated_detector_same_specimen,720575940626928740,720575940629854507,LA_R,720575940626928740;720575940629854507,1,53027568,ACH:1,no,no,Exact alternative detector pair with point-row provenance; not added to original v783 graph or physiologically validated
2486,P_alternate_automated_detector_same_specimen,720575940626928740,720575940630879799,LA_R,720575940626928740,1,12140716,ACH:1,no,no,Exact alternative detector pair with point-row provenance; not added to original v783 graph or physiologically validated
2487,P_alternate_automated_detector_same_specimen,720575940626981157,720575940619434587,GNG,720575940619434587,1,57844108,ACH:1,no,no,Exact alternative detector pair with point-row provenance; not added to original v783 graph or physiologically validated
2488,P_alternate_automated_detector_same_specimen,720575940627061022,720575940640017597,LA_R,720575940640017597,1,70503277,ACH:1,no,no,Exact alternative detector pair with point-row provenance; not added to original v783 graph or physiologically validated
2489,P_alternate_automated_detector_same_specimen,720575940627061022,720575940645941027,LA_R,720575940645941027,1,45977368,ACH:1,no,no,Exact alternative detector pair with point-row provenance; not added to original v783 graph or physiologically validated
2490,P_alternate_automated_detector_same_specimen,720575940627095554,720575940620797643,LA_L,720575940620797643,1,24904325,ACH:1,no,no,Exact alternative detector pair with point-row provenance; not added to original v783 graph or physiologically validated
2491,P_alternate_automated_detector_same_specimen,720575940627103518,720575940616042508,AMMC_L,720575940616042508,1,19061301,ACH:1,no,no,Exact alternative detector pair with point-row provenance; not added to original v783 graph or physiologically validated
2492,P_alternate_automated_detector_same_specimen,720575940627135674,720575940648383364,LA_R,720575940648383364,1,8301439,ACH:1,no,no,Exact alternative detector pair with point-row provenance; not added to original v783 graph or physiologically validated
2493,P_alternate_automated_detector_same_specimen,720575940627138306,720575940637494702,LA_R,720575940627138306,1,14332882,ACH:1,no,no,Exact alternative detector pair with point-row provenance; not added to original v783 graph or physiologically validated
2494,P_alternate_automated_detector_same_specimen,720575940627138306,720575940644899784,LA_R,720575940627138306,1,49894679,ACH:1,no,no,Exact alternative detector pair with point-row provenance; not added to original v783 graph or physiologically validated
2495,P_alternate_automated_detector_same_specimen,720575940627146268,720575940631958287,LA_L,720575940631958287,1,24199437,ACH:1,no,no,Exact alternative detector pair with point-row provenance; not added to original v783 graph or physiologically validated
2496,P_alternate_automated_detector_same_specimen,720575940627146283,720575940625416167,LA_R,720575940625416167,1,24355526,ACH:1,no,no,Exact alternative detector pair with point-row provenance; not added to original v783 graph or physiologically validated
2497,P_alternate_automated_detector_same_specimen,720575940627149415,720575940603891936,GNG,720575940627149415,1,75554547,ACH:1,no,no,Exact alternative detector pair with point-row provenance; not added to original v783 graph or physiologically validated
2498,P_alternate_automated_detector_same_specimen,720575940627149415,720575940610871475,GNG,720575940627149415,1,12726381,ACH:1,no,no,Exact alternative detector pair with point-row provenance; not added to original v783 graph or physiologically validated
2499,P_alternate_automated_detector_same_specimen,720575940627149415,720575940615465913,GNG,720575940627149415,1,63484209,ACH:1,no,no,Exact alternative detector pair with point-row provenance; not added to original v783 graph or physiologically validated
2500,P_alternate_automated_detector_same_specimen,720575940627149415,720575940620815896,GNG,720575940627149415,1,23923393,ACH:1,no,no,Exact alternative detector pair with point-row provenance; not added to original v783 graph or physiologically validated
2501,P_alternate_automated_detector_same_specimen,720575940627149415,720575940621534273,GNG,720575940627149415,1,60428427,ACH:1,no,no,Exact alternative detector pair with point-row provenance; not added to original v783 graph or physiologically validated
2502,P_alternate_automated_detector_same_specimen,720575940627149415,720575940624372738,GNG,720575940627149415,1,31910985,ACH:1,no,no,Exact alternative detector pair with point-row provenance; not added to original v783 graph or physiologically validated
2503,P_alternate_automated_detector_same_specimen,720575940627149415,720575940624719422,GNG,720575940627149415,1,4187300,ACH:1,no,no,Exact alternative detector pair with point-row provenance; not added to original v783 graph or physiologically validated
2504,P_alternate_automated_detector_same_specimen,720575940627149415,720575940626426654,GNG,720575940627149415,1,55728817,ACH:1,no,no,Exact alternative detector pair with point-row provenance; not added to original v783 graph or physiologically validated
2505,P_alternate_automated_detector_same_specimen,720575940627149415,720575940626710727,GNG,720575940627149415,1,79233934,ACH:1,no,no,Exact alternative detector pair with point-row provenance; not added to original v783 graph or physiologically validated
2506,P_alternate_automated_detector_same_specimen,720575940627149415,720575940627593978,GNG,720575940627149415,1,48600362,ACH:1,no,no,Exact alternative detector pair with point-row provenance; not added to original v783 graph or physiologically validated
2507,P_alternate_automated_detector_same_specimen,720575940627149415,720575940627645263,GNG,720575940627149415,1,5596174,ACH:1,no,no,Exact alternative detector pair with point-row provenance; not added to original v783 graph or physiologically validated
2508,P_alternate_automated_detector_same_specimen,720575940627149415,720575940628745209,GNG,720575940627149415,1,39434139,ACH:1,no,no,Exact alternative detector pair with point-row provenance; not added to original v783 graph or physiologically validated
2509,P_alternate_automated_detector_same_specimen,720575940627149415,720575940631651810,GNG,720575940627149415,1,3953277,ACH:1,no,no,Exact alternative detector pair with point-row provenance; not added to original v783 graph or physiologically validated
2510,P_alternate_automated_detector_same_specimen,720575940627149415,720575940635776760,GNG,720575940627149415,1,38728971,ACH:1,no,no,Exact alternative detector pair with point-row provenance; not added to original v783 graph or physiologically validated
2511,P_alternate_automated_detector_same_specimen,720575940627149415,720575940641811419,GNG,720575940627149415,1,66852967,ACH:1,no,no,Exact alternative detector pair with point-row provenance; not added to original v783 graph or physiologically validated
2512,P_alternate_automated_detector_same_specimen,720575940627166851,720575940629070155,GNG,720575940629070155,1,74929158,ACH:1,no,no,Exact alternative detector pair with point-row provenance; not added to original v783 graph or physiologically validated
2513,P_alternate_automated_detector_same_specimen,720575940627177022,720575940627665241,LA_L,720575940627665241,1,41041976,ACH:1,no,no,Exact alternative detector pair with point-row provenance; not added to original v783 graph or physiologically validated
2514,P_alternate_automated_detector_same_specimen,720575940627177022,720575940629716779,LA_L,720575940629716779,1,76613216,ACH:1,no,no,Exact alternative detector pair with point-row provenance; not added to original v783 graph or physiologically validated
2515,P_alternate_automated_detector_same_specimen,720575940627181828,720575940630485626,LA_R,720575940630485626,1,156379,ACH:1,no,no,Exact alternative detector pair with point-row provenance; not added to original v783 graph or physiologically validated
2516,P_alternate_automated_detector_same_specimen,720575940627203843,720575940635013020,LA_R,720575940635013020,1,16918084,GLUT:1,no,no,Exact alternative detector pair with point-row provenance; not added to original v783 graph or physiologically validated
2517,P_alternate_automated_detector_same_specimen,720575940627211522,720575940625125640,UNASGD,720575940625125640,1,49972798,ACH:1,no,no,Exact alternative detector pair with point-row provenance; not added to original v783 graph or physiologically validated
2518,P_alternate_automated_detector_same_specimen,720575940627212644,720575940628732744,LA_L,720575940627212644;720575940628732744,1,40571723,ACH:1,no,no,Exact alternative detector pair with point-row provenance; not added to original v783 graph or physiologically validated
2519,P_alternate_automated_detector_same_specimen,720575940627219300,720575940618712221,LA_R,720575940618712221,1,41041219,ACH:1,no,no,Exact alternative detector pair with point-row provenance; not added to original v783 graph or physiologically validated
2520,P_alternate_automated_detector_same_specimen,720575940627223897,720575940607773314,LA_R,720575940607773314,1,35163484,ACH:1,no,no,Exact alternative detector pair with point-row provenance; not added to original v783 graph or physiologically validated
2521,P_alternate_automated_detector_same_specimen,720575940627264002,720575940618437922,LA_R,720575940618437922,1,60156271,ACH:1,no,no,Exact alternative detector pair with point-row provenance; not added to original v783 graph or physiologically validated
2522,P_alternate_automated_detector_same_specimen,720575940627264002,720575940624141508,LA_R,720575940624141508,1,79902821,ACH:1,no,no,Exact alternative detector pair with point-row provenance; not added to original v783 graph or physiologically validated
2523,P_alternate_automated_detector_same_specimen,720575940627264002,720575940632581945,LA_R,720575940632581945,1,15508626,ACH:1,no,no,Exact alternative detector pair with point-row provenance; not added to original v783 graph or physiologically validated
2524,P_alternate_automated_detector_same_specimen,720575940627264002,720575940643034765,LA_R,720575940643034765,1,74735016,ACH:1,no,no,Exact alternative detector pair with point-row provenance; not added to original v783 graph or physiologically validated
2525,P_alternate_automated_detector_same_specimen,720575940627391772,720575940620797643,LA_L,720575940620797643,1,16683531,GLUT:1,no,no,Exact alternative detector pair with point-row provenance; not added to original v783 graph or physiologically validated
2526,P_alternate_automated_detector_same_specimen,720575940627436035,720575940629808911,SPS_R,720575940629808911,1,4190907,ACH:1,no,no,Exact alternative detector pair with point-row provenance; not added to original v783 graph or physiologically validated
2527,P_alternate_automated_detector_same_specimen,720575940627455621,720575940616042508,SAD,720575940616042508,1,44909039,ACH:1,no,no,Exact alternative detector pair with point-row provenance; not added to original v783 graph or physiologically validated
2528,P_alternate_automated_detector_same_specimen,720575940627462914,720575940626770532,LA_L,720575940626770532;720575940627462914,1,52166301,ACH:1,no,no,Exact alternative detector pair with point-row provenance; not added to original v783 graph or physiologically validated
2529,P_alternate_automated_detector_same_specimen,720575940627462914,720575940637603952,LA_L,720575940627462914,1,61097472,ACH:1,no,no,Exact alternative detector pair with point-row provenance; not added to original v783 graph or physiologically validated
2530,P_alternate_automated_detector_same_specimen,720575940627465609,720575940622303216,LA_R,720575940622303216,1,43471308,ACH:1,no,no,Exact alternative detector pair with point-row provenance; not added to original v783 graph or physiologically validated
2531,P_alternate_automated_detector_same_specimen,720575940627517180,720575940621667462,LA_R,720575940621667462,1,10654398,ACH:1,no,no,Exact alternative detector pair with point-row provenance; not added to original v783 graph or physiologically validated
2532,P_alternate_automated_detector_same_specimen,720575940627517180,720575940621944941,LA_R,720575940621944941,1,58902663,ACH:1,no,no,Exact alternative detector pair with point-row provenance; not added to original v783 graph or physiologically validated
2533,P_alternate_automated_detector_same_specimen,720575940627517180,720575940632083275,LA_R,720575940632083275,1,2115901,ACH:1,no,no,Exact alternative detector pair with point-row provenance; not added to original v783 graph or physiologically validated
2534,P_alternate_automated_detector_same_specimen,720575940627585688,720575940624501747,AMMC_L,720575940624501747,1,18826698,ACH:1,no,no,Exact alternative detector pair with point-row provenance; not added to original v783 graph or physiologically validated
2535,P_alternate_automated_detector_same_specimen,720575940627630366,720575940638921700,LA_R,720575940638921700,1,55143703,ACH:1,no,no,Exact alternative detector pair with point-row provenance; not added to original v783 graph or physiologically validated
2536,P_alternate_automated_detector_same_specimen,720575940627638558,720575940614246559,LA_R,720575940627638558,1,27881539,ACH:1,no,no,Exact alternative detector pair with point-row provenance; not added to original v783 graph or physiologically validated
2537,P_alternate_automated_detector_same_specimen,720575940627638558,720575940621191407,LA_R,720575940627638558,1,33987605,ACH:1,no,no,Exact alternative detector pair with point-row provenance; not added to original v783 graph or physiologically validated
2538,P_alternate_automated_detector_same_specimen,720575940627638558,720575940622056368,LA_R,720575940622056368;720575940627638558,1,67050550,ACH:1,no,no,Exact alternative detector pair with point-row provenance; not added to original v783 graph or physiologically validated
2539,P_alternate_automated_detector_same_specimen,720575940627638558,720575940630867927,LA_R,720575940627638558,1,54594689,ACH:1,no,no,Exact alternative detector pair with point-row provenance; not added to original v783 graph or physiologically validated
2540,P_alternate_automated_detector_same_specimen,720575940627660121,720575940622413040,LA_L,720575940622413040;720575940627660121,1,53418840,ACH:1,no,no,Exact alternative detector pair with point-row provenance; not added to original v783 graph or physiologically validated
2541,P_alternate_automated_detector_same_specimen,720575940627671433,720575940629597169,LA_R,720575940627671433,1,53967282,ACH:1,no,no,Exact alternative detector pair with point-row provenance; not added to original v783 graph or physiologically validated
2542,P_alternate_automated_detector_same_specimen,720575940627685739,720575940624956139,LA_R,720575940624956139,1,5871884,ACH:1,no,no,Exact alternative detector pair with point-row provenance; not added to original v783 graph or physiologically validated
2543,P_alternate_automated_detector_same_specimen,720575940627692626,720575940631301883,LA_R,720575940631301883,1,15586353,ACH:1,no,no,Exact alternative detector pair with point-row provenance; not added to original v783 graph or physiologically validated
2544,P_alternate_automated_detector_same_specimen,720575940627692626,720575940635013020,LA_R,720575940635013020,1,21537702,ACH:1,no,no,Exact alternative detector pair with point-row provenance; not added to original v783 graph or physiologically validated
2545,P_alternate_automated_detector_same_specimen,720575940627708779,720575940633773523,LA_R,720575940633773523,1,80058701,ACH:1,no,no,Exact alternative detector pair with point-row provenance; not added to original v783 graph or physiologically validated
2546,P_alternate_automated_detector_same_specimen,720575940627713532,720575940621193051,LA_R,720575940621193051,1,14959822,ACH:1,no,no,Exact alternative detector pair with point-row provenance; not added to original v783 graph or physiologically validated
2547,P_alternate_automated_detector_same_specimen,720575940627717676,720575940618109460,GNG,720575940618109460,1,58629177,ACH:1,no,no,Exact alternative detector pair with point-row provenance; not added to original v783 graph or physiologically validated
2548,P_alternate_automated_detector_same_specimen,720575940627718738,720575940630871260,LA_R,720575940630871260,1,65327348,ACH:1,no,no,Exact alternative detector pair with point-row provenance; not added to original v783 graph or physiologically validated
2549,P_alternate_automated_detector_same_specimen,720575940627718738,720575940631048812,LA_R,720575940631048812,1,31403884,ACH:1,no,no,Exact alternative detector pair with point-row provenance; not added to original v783 graph or physiologically validated
2550,P_alternate_automated_detector_same_specimen,720575940627718738,720575940631845839,LA_R,720575940631845839,1,55143484,ACH:1,no,no,Exact alternative detector pair with point-row provenance; not added to original v783 graph or physiologically validated
2551,P_alternate_automated_detector_same_specimen,720575940627720329,720575940622303216,LA_R,720575940622303216,1,23807451,GLUT:1,no,no,Exact alternative detector pair with point-row provenance; not added to original v783 graph or physiologically validated
2552,P_alternate_automated_detector_same_specimen,720575940627722234,720575940616042508,SAD,720575940616042508,1,53056207,ACH:1,no,no,Exact alternative detector pair with point-row provenance; not added to original v783 graph or physiologically validated
2553,P_alternate_automated_detector_same_specimen,720575940627801877,720575940628335611,GNG,720575940628335611,1,4972821,GLUT:1,no,no,Exact alternative detector pair with point-row provenance; not added to original v783 graph or physiologically validated
2554,P_alternate_automated_detector_same_specimen,720575940627810581,720575940621481450,GNG,720575940621481450,1,31901386,GABA:1,no,no,Exact alternative detector pair with point-row provenance; not added to original v783 graph or physiologically validated
2555,P_alternate_automated_detector_same_specimen,720575940627837010,720575940621090213,LA_R,720575940621090213,1,51382483,ACH:1,no,no,Exact alternative detector pair with point-row provenance; not added to original v783 graph or physiologically validated
2556,P_alternate_automated_detector_same_specimen,720575940627846808,720575940620753744,LA_R,720575940620753744,1,9868885,ACH:1,no,no,Exact alternative detector pair with point-row provenance; not added to original v783 graph or physiologically validated
2557,P_alternate_automated_detector_same_specimen,720575940627852669,720575940612888026,UNASGD,720575940612888026;720575940627852669,1,22946956,ACH:1,no,no,Exact alternative detector pair with point-row provenance; not added to original v783 graph or physiologically validated
2558,P_alternate_automated_detector_same_specimen,720575940627852669,720575940632923207,UNASGD,720575940627852669,1,30544872,ACH:1,no,no,Exact alternative detector pair with point-row provenance; not added to original v783 graph or physiologically validated
2559,P_alternate_automated_detector_same_specimen,720575940627855768,720575940617642613,LA_R,720575940627855768,1,46055859,ACH:1,no,no,Exact alternative detector pair with point-row provenance; not added to original v783 graph or physiologically validated
2560,P_alternate_automated_detector_same_specimen,720575940627855768,720575940630445911,LA_R,720575940627855768,1,57021865,ACH:1,no,no,Exact alternative detector pair with point-row provenance; not added to original v783 graph or physiologically validated
2561,P_alternate_automated_detector_same_specimen,720575940627873299,720575940624271556,LA_R,720575940627873299,1,33282288,ACH:1,no,no,Exact alternative detector pair with point-row provenance; not added to original v783 graph or physiologically validated
2562,P_alternate_automated_detector_same_specimen,720575940627873299,720575940628742662,LA_R,720575940627873299,1,33125750,ACH:1,no,no,Exact alternative detector pair with point-row provenance; not added to original v783 graph or physiologically validated
2563,P_alternate_automated_detector_same_specimen,720575940627873299,720575940652603126,LA_R,720575940627873299,1,6028604,ACH:1,no,no,Exact alternative detector pair with point-row provenance; not added to original v783 graph or physiologically validated
2564,P_alternate_automated_detector_same_specimen,720575940627931544,720575940626928740,LA_R,720575940626928740,1,18798278,ACH:1,no,no,Exact alternative detector pair with point-row provenance; not added to original v783 graph or physiologically validated
2565,P_alternate_automated_detector_same_specimen,720575940628011602,720575940622029494,LA_R,720575940622029494,1,56865244,ACH:1,no,no,Exact alternative detector pair with point-row provenance; not added to original v783 graph or physiologically validated
2566,P_alternate_automated_detector_same_specimen,720575940628036233,720575940620890759,LA_L,720575940628036233,1,55065521,ACH:1,no,no,Exact alternative detector pair with point-row provenance; not added to original v783 graph or physiologically validated
2567,P_alternate_automated_detector_same_specimen,720575940628054397,720575940615315111,LA_R,720575940628054397,1,18405711,ACH:1,no,no,Exact alternative detector pair with point-row provenance; not added to original v783 graph or physiologically validated
2568,P_alternate_automated_detector_same_specimen,720575940628054397,720575940631721721,LA_R,720575940628054397,1,15665402,ACH:1,no,no,Exact alternative detector pair with point-row provenance; not added to original v783 graph or physiologically validated
2569,P_alternate_automated_detector_same_specimen,720575940628054397,720575940640410702,LA_R,720575940628054397,1,13472251,ACH:1,no,no,Exact alternative detector pair with point-row provenance; not added to original v783 graph or physiologically validated
2570,P_alternate_automated_detector_same_specimen,720575940628054397,720575940643034765,LA_R,720575940628054397;720575940643034765,1,50990606,ACH:1,no,no,Exact alternative detector pair with point-row provenance; not added to original v783 graph or physiologically validated
2571,P_alternate_automated_detector_same_specimen,720575940628058505,720575940644276128,LA_R,720575940644276128,1,74891430,ACH:1,no,no,Exact alternative detector pair with point-row provenance; not added to original v783 graph or physiologically validated
2572,P_alternate_automated_detector_same_specimen,720575940628089402,720575940623721496,LA_L,720575940623721496;720575940628089402,1,53576127,ACH:1,no,no,Exact alternative detector pair with point-row provenance; not added to original v783 graph or physiologically validated
2573,P_alternate_automated_detector_same_specimen,720575940628102013,720575940624192973,LA_R,720575940628102013,1,30152133,ACH:1,no,no,Exact alternative detector pair with point-row provenance; not added to original v783 graph or physiologically validated
2574,P_alternate_automated_detector_same_specimen,720575940628102013,720575940629979447,LA_R,720575940628102013,1,40493415,ACH:1,no,no,Exact alternative detector pair with point-row provenance; not added to original v783 graph or physiologically validated
2575,P_alternate_automated_detector_same_specimen,720575940628131130,720575940622203312,LA_R,720575940628131130,1,20286924,ACH:1,no,no,Exact alternative detector pair with point-row provenance; not added to original v783 graph or physiologically validated
2576,P_alternate_automated_detector_same_specimen,720575940628131130,720575940631086636,LA_R,720575940628131130,1,65954104,ACH:1,no,no,Exact alternative detector pair with point-row provenance; not added to original v783 graph or physiologically validated
2577,P_alternate_automated_detector_same_specimen,720575940628220682,720575940626928740,LA_R,720575940626928740,1,54751033,ACH:1,no,no,Exact alternative detector pair with point-row provenance; not added to original v783 graph or physiologically validated
2578,P_alternate_automated_detector_same_specimen,720575940628240210,720575940627309913,LA_L,720575940627309913;720575940628240210,1,28586366,ACH:1,no,no,Exact alternative detector pair with point-row provenance; not added to original v783 graph or physiologically validated
2579,P_alternate_automated_detector_same_specimen,720575940628301701,720575940611801976,UNASGD,720575940611801976,1,41668866,SER:1,no,no,Exact alternative detector pair with point-row provenance; not added to original v783 graph or physiologically validated
2580,P_alternate_automated_detector_same_specimen,720575940628308613,720575940622654591,LA_L,720575940622654591;720575940628308613,1,11984384,ACH:1,no,no,Exact alternative detector pair with point-row provenance; not added to original v783 graph or physiologically validated
2581,P_alternate_automated_detector_same_specimen,720575940628335611,720575940610792290,GNG,720575940628335611,1,79470620,ACH:1,no,no,Exact alternative detector pair with point-row provenance; not added to original v783 graph or physiologically validated
2582,P_alternate_automated_detector_same_specimen,720575940628335611,720575940617997396,GNG,720575940628335611,1,6928579,ACH:1,no,no,Exact alternative detector pair with point-row provenance; not added to original v783 graph or physiologically validated
2583,P_alternate_automated_detector_same_specimen,720575940628335611,720575940620982966,GNG,720575940628335611,1,54789648,ACH:1,no,no,Exact alternative detector pair with point-row provenance; not added to original v783 graph or physiologically validated
2584,P_alternate_automated_detector_same_specimen,720575940628335611,720575940621900981,GNG,720575940628335611,1,56981800,ACH:1,no,no,Exact alternative detector pair with point-row provenance; not added to original v783 graph or physiologically validated
2585,P_alternate_automated_detector_same_specimen,720575940628335611,720575940622300941,GNG,720575940628335611,1,77121814,ACH:1,no,no,Exact alternative detector pair with point-row provenance; not added to original v783 graph or physiologically validated
2586,P_alternate_automated_detector_same_specimen,720575940628335611,720575940623457535,GNG,720575940628335611,1,72188938,ACH:1,no,no,Exact alternative detector pair with point-row provenance; not added to original v783 graph or physiologically validated
2587,P_alternate_automated_detector_same_specimen,720575940628335611,720575940624163303,GNG,720575940628335611,1,38337121,ACH:1,no,no,Exact alternative detector pair with point-row provenance; not added to original v783 graph or physiologically validated
2588,P_alternate_automated_detector_same_specimen,720575940628335611,720575940624342825,GNG,720575940628335611,1,43825844,ACH:1,no,no,Exact alternative detector pair with point-row provenance; not added to original v783 graph or physiologically validated
2589,P_alternate_automated_detector_same_specimen,720575940628335611,720575940624816115,GNG,720575940628335611,1,60743021,ACH:1,no,no,Exact alternative detector pair with point-row provenance; not added to original v783 graph or physiologically validated
2590,P_alternate_automated_detector_same_specimen,720575940628335611,720575940628164612,UNASGD,720575940628335611,1,37319113,ACH:1,yes,no,Exact alternative detector pair with point-row provenance; not added to original v783 graph or physiologically validated
2591,P_alternate_automated_detector_same_specimen,720575940628335611,720575940628952619,GNG,720575940628335611,1,79787325,ACH:1,no,no,Exact alternative detector pair with point-row provenance; not added to original v783 graph or physiologically validated
2592,P_alternate_automated_detector_same_specimen,720575940628335611,720575940631000740,GNG,720575940628335611,1,80176491,ACH:1,no,no,Exact alternative detector pair with point-row provenance; not added to original v783 graph or physiologically validated
2593,P_alternate_automated_detector_same_specimen,720575940628335611,720575940631532140,UNASGD,720575940628335611,1,38023012,ACH:1,no,no,Exact alternative detector pair with point-row provenance; not added to original v783 graph or physiologically validated
2594,P_alternate_automated_detector_same_specimen,720575940628335611,720575940643467886,UNASGD,720575940628335611,1,59725028,ACH:1,no,no,Exact alternative detector pair with point-row provenance; not added to original v783 graph or physiologically validated
2595,P_alternate_automated_detector_same_specimen,720575940628346170,720575940639983293,UNASGD,720575940628346170,1,37281247,ACH:1,no,no,Exact alternative detector pair with point-row provenance; not added to original v783 graph or physiologically validated
2596,P_alternate_automated_detector_same_specimen,720575940628349522,720575940621481450,GNG,720575940621481450,1,11623908,GLUT:1,no,no,Exact alternative detector pair with point-row provenance; not added to original v783 graph or physiologically validated
2597,P_alternate_automated_detector_same_specimen,720575940628363283,720575940612943066,LA_R,720575940612943066,1,68934609,ACH:1,no,no,Exact alternative detector pair with point-row provenance; not added to original v783 graph or physiologically validated
2598,P_alternate_automated_detector_same_specimen,720575940628364968,720575940609518091,LA_L,720575940609518091,1,70268763,ACH:1,no,no,Exact alternative detector pair with point-row provenance; not added to original v783 graph or physiologically validated
2599,P_alternate_automated_detector_same_specimen,720575940628388936,720575940615957215,LA_L,720575940615957215;720575940628388936,1,64467100,ACH:1,no,no,Exact alternative detector pair with point-row provenance; not added to original v783 graph or physiologically validated
2600,P_alternate_automated_detector_same_specimen,720575940628391240,720575940613502230,LA_L,720575940628391240,1,47780207,ACH:1,no,no,Exact alternative detector pair with point-row provenance; not added to original v783 graph or physiologically validated
2601,P_alternate_automated_detector_same_specimen,720575940628442389,720575940622880094,LA_R,720575940628442389,1,16996424,ACH:1,no,no,Exact alternative detector pair with point-row provenance; not added to original v783 graph or physiologically validated
2602,P_alternate_automated_detector_same_specimen,720575940628442389,720575940633176351,LA_R,720575940628442389;720575940633176351,1,70268674,ACH:1,no,no,Exact alternative detector pair with point-row provenance; not added to original v783 graph or physiologically validated
2603,P_alternate_automated_detector_same_specimen,720575940628494587,720575940618768806,GNG,720575940618768806,1,8339114,ACH:1,no,no,Exact alternative detector pair with point-row provenance; not added to original v783 graph or physiologically validated
2604,P_alternate_automated_detector_same_specimen,720575940628499944,720575940627671433,LA_R,720575940627671433,1,70268572,ACH:1,no,no,Exact alternative detector pair with point-row provenance; not added to original v783 graph or physiologically validated
2605,P_alternate_automated_detector_same_specimen,720575940628515115,720575940621481450,GNG,720575940621481450,1,71002004,ACH:1,no,no,Exact alternative detector pair with point-row provenance; not added to original v783 graph or physiologically validated
2606,P_alternate_automated_detector_same_specimen,720575940628522152,720575940614420717,LA_R,720575940628522152,1,33360760,ACH:1,no,no,Exact alternative detector pair with point-row provenance; not added to original v783 graph or physiologically validated
2607,P_alternate_automated_detector_same_specimen,720575940628522152,720575940626546992,LA_R,720575940628522152,1,9398012,ACH:1,no,no,Exact alternative detector pair with point-row provenance; not added to original v783 graph or physiologically validated
2608,P_alternate_automated_detector_same_specimen,720575940628572648,720575940629285873,LA_R,720575940629285873,1,67285344,ACH:1,no,no,Exact alternative detector pair with point-row provenance; not added to original v783 graph or physiologically validated
2609,P_alternate_automated_detector_same_specimen,720575940628613223,720575940621481450,GNG,720575940621481450,1,8485603,ACH:1,no,no,Exact alternative detector pair with point-row provenance; not added to original v783 graph or physiologically validated
2610,P_alternate_automated_detector_same_specimen,720575940628628055,720575940609778289,GNG,720575940609778289,1,48214357,ACH:1,no,no,Exact alternative detector pair with point-row provenance; not added to original v783 graph or physiologically validated
2611,P_alternate_automated_detector_same_specimen,720575940628648903,720575940627138306,LA_R,720575940627138306,1,10417107,ACH:1,no,no,Exact alternative detector pair with point-row provenance; not added to original v783 graph or physiologically validated
2612,P_alternate_automated_detector_same_specimen,720575940628648903,720575940635677887,LA_R,720575940635677887,1,4071951,ACH:1,no,no,Exact alternative detector pair with point-row provenance; not added to original v783 graph or physiologically validated
2613,P_alternate_automated_detector_same_specimen,720575940628648936,720575940618066617,LA_R,720575940628648936,1,75595352,ACH:1,no,no,Exact alternative detector pair with point-row provenance; not added to original v783 graph or physiologically validated
2614,P_alternate_automated_detector_same_specimen,720575940628648936,720575940618202013,LA_R,720575940628648936,1,28115856,ACH:1,no,no,Exact alternative detector pair with point-row provenance; not added to original v783 graph or physiologically validated
2615,P_alternate_automated_detector_same_specimen,720575940628648936,720575940627242737,LA_R,720575940628648936,1,69640946,ACH:1,no,no,Exact alternative detector pair with point-row provenance; not added to original v783 graph or physiologically validated
2616,P_alternate_automated_detector_same_specimen,720575940628700904,720575940625125640,LA_R,720575940625125640,1,38691476,ACH:1,no,no,Exact alternative detector pair with point-row provenance; not added to original v783 graph or physiologically validated
2617,P_alternate_automated_detector_same_specimen,720575940628728040,720575940613757462,LA_L,720575940628728040,1,40808227,ACH:1,no,no,Exact alternative detector pair with point-row provenance; not added to original v783 graph or physiologically validated
2618,P_alternate_automated_detector_same_specimen,720575940628728040,720575940618335449,LA_L,720575940628728040,1,3137121,ACH:1,no,no,Exact alternative detector pair with point-row provenance; not added to original v783 graph or physiologically validated
2619,P_alternate_automated_detector_same_specimen,720575940628728040,720575940623325516,LA_L,720575940628728040,1,19583208,ACH:1,no,no,Exact alternative detector pair with point-row provenance; not added to original v783 graph or physiologically validated
2620,P_alternate_automated_detector_same_specimen,720575940628728040,720575940633785645,LA_L,720575940628728040,1,17075313,ACH:1,no,no,Exact alternative detector pair with point-row provenance; not added to original v783 graph or physiologically validated
2621,P_alternate_automated_detector_same_specimen,720575940628728040,720575940635898266,LA_L,720575940628728040,1,34302564,ACH:1,no,no,Exact alternative detector pair with point-row provenance; not added to original v783 graph or physiologically validated
2622,P_alternate_automated_detector_same_specimen,720575940628729256,720575940630098075,LA_L,720575940630098075,1,22635080,ACH:1,yes,no,Exact alternative detector pair with point-row provenance; not added to original v783 graph or physiologically validated
2623,P_alternate_automated_detector_same_specimen,720575940628732744,720575940632266258,LA_L,720575940628732744;720575940632266258,1,15194831,ACH:1,no,no,Exact alternative detector pair with point-row provenance; not added to original v783 graph or physiologically validated
2624,P_alternate_automated_detector_same_specimen,720575940628753640,720575940622814302,LA_R,720575940622814302,1,65640837,GLUT:1,no,no,Exact alternative detector pair with point-row provenance; not added to original v783 graph or physiologically validated
2625,P_alternate_automated_detector_same_specimen,720575940628758760,720575940645837335,LA_L,720575940645837335,1,18955240,SER:1,no,no,Exact alternative detector pair with point-row provenance; not added to original v783 graph or physiologically validated
2626,P_alternate_automated_detector_same_specimen,720575940628763368,720575940631505260,LA_L,720575940631505260,1,7361687,ACH:1,no,no,Exact alternative detector pair with point-row provenance; not added to original v783 graph or physiologically validated
2627,P_alternate_automated_detector_same_specimen,720575940628769768,720575940623770637,LA_R,720575940623770637,1,48484762,GABA:1,no,no,Exact alternative detector pair with point-row provenance; not added to original v783 graph or physiologically validated
2628,P_alternate_automated_detector_same_specimen,720575940628784456,720575940633188492,LA_R,720575940633188492,1,19346063,ACH:1,no,no,Exact alternative detector pair with point-row provenance; not added to original v783 graph or physiologically validated
2629,P_alternate_automated_detector_same_specimen,720575940628818182,720575940637390181,ME_L,720575940637390181,1,16372995,GABA:1,no,no,Exact alternative detector pair with point-row provenance; not added to original v783 graph or physiologically validated
2630,P_alternate_automated_detector_same_specimen,720575940628853992,720575940613196261,LA_R,720575940613196261,1,47075514,ACH:1,no,no,Exact alternative detector pair with point-row provenance; not added to original v783 graph or physiologically validated
2631,P_alternate_automated_detector_same_specimen,720575940628901831,720575940629636713,LA_L,720575940629636713,1,17627354,ACH:1,no,no,Exact alternative detector pair with point-row provenance; not added to original v783 graph or physiologically validated
2632,P_alternate_automated_detector_same_specimen,720575940628909355,720575940623400216,LA_L,720575940623400216,1,69641167,ACH:1,no,no,Exact alternative detector pair with point-row provenance; not added to original v783 graph or physiologically validated
2633,P_alternate_automated_detector_same_specimen,720575940628938314,720575940613123813,LA_L,720575940628938314,1,45508079,ACH:1,no,no,Exact alternative detector pair with point-row provenance; not added to original v783 graph or physiologically validated
2634,P_alternate_automated_detector_same_specimen,720575940628938570,720575940613123813,LA_L,720575940628938570,1,22946804,ACH:1,no,no,Exact alternative detector pair with point-row provenance; not added to original v783 graph or physiologically validated
2635,P_alternate_automated_detector_same_specimen,720575940628938570,720575940639408198,LA_L,720575940628938570,1,61176024,ACH:1,no,no,Exact alternative detector pair with point-row provenance; not added to original v783 graph or physiologically validated
2636,P_alternate_automated_detector_same_specimen,720575940628954954,720575940621481450,GNG,720575940621481450,1,43736964,ACH:1,no,no,Exact alternative detector pair with point-row provenance; not added to original v783 graph or physiologically validated
2637,P_alternate_automated_detector_same_specimen,720575940628964938,720575940644276128,LA_R,720575940644276128,1,24903904,ACH:1,no,no,Exact alternative detector pair with point-row provenance; not added to original v783 graph or physiologically validated
2638,P_alternate_automated_detector_same_specimen,720575940629032015,720575940625929765,SAD,720575940625929765,1,5056389,ACH:1,no,no,Exact alternative detector pair with point-row provenance; not added to original v783 graph or physiologically validated
2639,P_alternate_automated_detector_same_specimen,720575940629034799,720575940625635119,UNASGD,720575940625635119,1,60392346,ACH:1,no,no,Exact alternative detector pair with point-row provenance; not added to original v783 graph or physiologically validated
2640,P_alternate_automated_detector_same_specimen,720575940629063409,720575940642186971,LA_L,720575940629063409,1,783380,ACH:1,no,no,Exact alternative detector pair with point-row provenance; not added to original v783 graph or physiologically validated
2641,P_alternate_automated_detector_same_specimen,720575940629070155,720575940610366122,GNG,720575940629070155,1,62389128,ACH:1,no,no,Exact alternative detector pair with point-row provenance; not added to original v783 graph or physiologically validated
2642,P_alternate_automated_detector_same_specimen,720575940629070155,720575940615385798,GNG,720575940629070155,1,19068846,ACH:1,no,no,Exact alternative detector pair with point-row provenance; not added to original v783 graph or physiologically validated
2643,P_alternate_automated_detector_same_specimen,720575940629070155,720575940620632369,GNG,720575940629070155,1,78452174,ACH:1,no,no,Exact alternative detector pair with point-row provenance; not added to original v783 graph or physiologically validated
2644,P_alternate_automated_detector_same_specimen,720575940629070155,720575940621547619,GNG,720575940629070155,1,14448108,ACH:1,no,no,Exact alternative detector pair with point-row provenance; not added to original v783 graph or physiologically validated
2645,P_alternate_automated_detector_same_specimen,720575940629070155,720575940621636988,GNG,720575940629070155,1,38100942,ACH:1,no,no,Exact alternative detector pair with point-row provenance; not added to original v783 graph or physiologically validated
2646,P_alternate_automated_detector_same_specimen,720575940629070155,720575940622352764,GNG,720575940629070155,1,5829978,ACH:1,no,no,Exact alternative detector pair with point-row provenance; not added to original v783 graph or physiologically validated
2647,P_alternate_automated_detector_same_specimen,720575940629070155,720575940629921099,GNG,720575940629070155,1,41863164,ACH:1,no,no,Exact alternative detector pair with point-row provenance; not added to original v783 graph or physiologically validated
2648,P_alternate_automated_detector_same_specimen,720575940629070155,720575940630914733,GNG,720575940629070155,1,71325121,ACH:1,no,no,Exact alternative detector pair with point-row provenance; not added to original v783 graph or physiologically validated
2649,P_alternate_automated_detector_same_specimen,720575940629070155,720575940642210504,GNG,720575940629070155,1,2467656,ACH:1,no,no,Exact alternative detector pair with point-row provenance; not added to original v783 graph or physiologically validated
2650,P_alternate_automated_detector_same_specimen,720575940629105001,720575940608224178,LA_L,720575940608224178,1,55691870,ACH:1,no,no,Exact alternative detector pair with point-row provenance; not added to original v783 graph or physiologically validated
2651,P_alternate_automated_detector_same_specimen,720575940629141775,720575940616042508,AMMC_L,720575940616042508,1,33309732,ACH:1,no,no,Exact alternative detector pair with point-row provenance; not added to original v783 graph or physiologically validated
2652,P_alternate_automated_detector_same_specimen,720575940629172779,720575940624139305,LA_R,720575940624139305,1,51775521,ACH:1,no,no,Exact alternative detector pair with point-row provenance; not added to original v783 graph or physiologically validated
2653,P_alternate_automated_detector_same_specimen,720575940629172779,720575940638616922,LA_R,720575940638616922,1,36418540,ACH:1,no,no,Exact alternative detector pair with point-row provenance; not added to original v783 graph or physiologically validated
2654,P_alternate_automated_detector_same_specimen,720575940629285873,720575940617056724,LA_R,720575940629285873,1,71600201,ACH:1,no,no,Exact alternative detector pair with point-row provenance; not added to original v783 graph or physiologically validated
2655,P_alternate_automated_detector_same_specimen,720575940629311747,720575940610821188,LA_R,720575940610821188,1,29134593,ACH:1,no,no,Exact alternative detector pair with point-row provenance; not added to original v783 graph or physiologically validated
2656,P_alternate_automated_detector_same_specimen,720575940629312753,720575940622064961,LA_L,720575940622064961,1,10104570,ACH:1,no,no,Exact alternative detector pair with point-row provenance; not added to original v783 graph or physiologically validated
2657,P_alternate_automated_detector_same_specimen,720575940629320704,720575940631286636,LA_R,720575940631286636,1,35948774,GABA:1,no,no,Exact alternative detector pair with point-row provenance; not added to original v783 graph or physiologically validated
2658,P_alternate_automated_detector_same_specimen,720575940629372009,720575940622814302,LA_R,720575940622814302,1,45272305,ACH:1,no,no,Exact alternative detector pair with point-row provenance; not added to original v783 graph or physiologically validated
2659,P_alternate_automated_detector_same_specimen,720575940629377641,720575940638921700,LA_R,720575940629377641;720575940638921700,1,32734961,ACH:1,no,no,Exact alternative detector pair with point-row provenance; not added to original v783 graph or physiologically validated
2660,P_alternate_automated_detector_same_specimen,720575940629396841,720575940622939998,LA_R,720575940622939998,1,20129978,ACH:1,no,no,Exact alternative detector pair with point-row provenance; not added to original v783 graph or physiologically validated
2661,P_alternate_automated_detector_same_specimen,720575940629411883,720575940626501578,LA_L,720575940629411883,1,45977842,ACH:1,no,no,Exact alternative detector pair with point-row provenance; not added to original v783 graph or physiologically validated
2662,P_alternate_automated_detector_same_specimen,720575940629413450,720575940627873299,LA_R,720575940627873299,1,72854089,ACH:1,no,no,Exact alternative detector pair with point-row provenance; not added to original v783 graph or physiologically validated
2663,P_alternate_automated_detector_same_specimen,720575940629460071,720575940622132656,LA_L,720575940622132656,1,17232708,ACH:1,no,no,Exact alternative detector pair with point-row provenance; not added to original v783 graph or physiologically validated
2664,P_alternate_automated_detector_same_specimen,720575940629460995,720575940625113015,LA_R,720575940625113015,1,69719029,ACH:1,no,no,Exact alternative detector pair with point-row provenance; not added to original v783 graph or physiologically validated
2665,P_alternate_automated_detector_same_specimen,720575940629491715,720575940626928740,LA_R,720575940626928740,1,32186345,ACH:1,no,no,Exact alternative detector pair with point-row provenance; not added to original v783 graph or physiologically validated
2666,P_alternate_automated_detector_same_specimen,720575940629499395,720575940614391347,LA_R,720575940629499395,1,53418758,ACH:1,no,no,Exact alternative detector pair with point-row provenance; not added to original v783 graph or physiologically validated
2667,P_alternate_automated_detector_same_specimen,720575940629499395,720575940620417473,LA_R,720575940629499395,1,17780318,ACH:1,no,no,Exact alternative detector pair with point-row provenance; not added to original v783 graph or physiologically validated
2668,P_alternate_automated_detector_same_specimen,720575940629499395,720575940621509798,LA_R,720575940629499395,1,10889215,ACH:1,no,no,Exact alternative detector pair with point-row provenance; not added to original v783 graph or physiologically validated
2669,P_alternate_automated_detector_same_specimen,720575940629499395,720575940631721721,LA_R,720575940629499395,1,783322,ACH:1,no,no,Exact alternative detector pair with point-row provenance; not added to original v783 graph or physiologically validated
2670,P_alternate_automated_detector_same_specimen,720575940629530985,720575940618437922,LA_R,720575940618437922,1,18798317,ACH:1,no,no,Exact alternative detector pair with point-row provenance; not added to original v783 graph or physiologically validated
2671,P_alternate_automated_detector_same_specimen,720575940629530985,720575940618531618,LA_R,720575940618531618,1,42218316,ACH:1,no,no,Exact alternative detector pair with point-row provenance; not added to original v783 graph or physiologically validated
2672,P_alternate_automated_detector_same_specimen,720575940629530985,720575940625125640,LA_R,720575940625125640,1,48093466,ACH:1,no,no,Exact alternative detector pair with point-row provenance; not added to original v783 graph or physiologically validated
2673,P_alternate_automated_detector_same_specimen,720575940629530985,720575940631043900,LA_R,720575940631043900,1,34694364,ACH:1,no,no,Exact alternative detector pair with point-row provenance; not added to original v783 graph or physiologically validated
2674,P_alternate_automated_detector_same_specimen,720575940629530985,720575940632581945,LA_R,720575940632581945,1,77788125,ACH:1,no,no,Exact alternative detector pair with point-row provenance; not added to original v783 graph or physiologically validated
2675,P_alternate_automated_detector_same_specimen,720575940629545039,720575940628789064,LA_R,720575940628789064,1,26705284,ACH:1,no,no,Exact alternative detector pair with point-row provenance; not added to original v783 graph or physiologically validated
2676,P_alternate_automated_detector_same_specimen,720575940629569040,720575940627636569,ME_L,720575940629569040,1,42536594,ACH:1,no,no,Exact alternative detector pair with point-row provenance; not added to original v783 graph or physiologically validated
2677,P_alternate_automated_detector_same_specimen,720575940629587011,720575940619193264,GNG,720575940619193264,1,73988806,ACH:1,no,no,Exact alternative detector pair with point-row provenance; not added to original v783 graph or physiologically validated
2678,P_alternate_automated_detector_same_specimen,720575940629597169,720575940627671433,LA_R,720575940627671433,1,41119901,ACH:1,no,no,Exact alternative detector pair with point-row provenance; not added to original v783 graph or physiologically validated
2679,P_alternate_automated_detector_same_specimen,720575940629615209,720575940610973252,LA_L,720575940610973252;720575940629615209,1,59138885,ACH:1,no,no,Exact alternative detector pair with point-row provenance; not added to original v783 graph or physiologically validated
2680,P_alternate_automated_detector_same_specimen,720575940629636713,720575940610489283,ME_L,720575940629636713,1,4073043,ACH:1,no,no,Exact alternative detector pair with point-row provenance; not added to original v783 graph or physiologically validated
2681,P_alternate_automated_detector_same_specimen,720575940629636713,720575940612152418,UNASGD,720575940629636713,1,2038196,ACH:1,yes,no,Exact alternative detector pair with point-row provenance; not added to original v783 graph or physiologically validated
2682,P_alternate_automated_detector_same_specimen,720575940629636713,720575940618977108,LA_L,720575940629636713,1,54674336,ACH:1,no,no,Exact alternative detector pair with point-row provenance; not added to original v783 graph or physiologically validated
2683,P_alternate_automated_detector_same_specimen,720575940629636713,720575940618977108,ME_L,720575940629636713,1,53654839,ACH:1,no,no,Exact alternative detector pair with point-row provenance; not added to original v783 graph or physiologically validated
2684,P_alternate_automated_detector_same_specimen,720575940629636713,720575940623734541,UNASGD,720575940629636713,1,65954658,ACH:1,yes,no,Exact alternative detector pair with point-row provenance; not added to original v783 graph or physiologically validated
2685,P_alternate_automated_detector_same_specimen,720575940629636713,720575940628845288,LA_L,720575940629636713,1,36968529,ACH:1,no,no,Exact alternative detector pair with point-row provenance; not added to original v783 graph or physiologically validated
2686,P_alternate_automated_detector_same_specimen,720575940629636713,720575940628845288,ME_L,720575940629636713,1,13473172,ACH:1,no,no,Exact alternative detector pair with point-row provenance; not added to original v783 graph or physiologically validated
2687,P_alternate_automated_detector_same_specimen,720575940629636713,720575940640491352,LA_L,720575940629636713,1,79904009,ACH:1,no,no,Exact alternative detector pair with point-row provenance; not added to original v783 graph or physiologically validated
2688,P_alternate_automated_detector_same_specimen,720575940629636713,720575940640610419,ME_L,720575940629636713,1,8929356,ACH:1,no,no,Exact alternative detector pair with point-row provenance; not added to original v783 graph or physiologically validated
2689,P_alternate_automated_detector_same_specimen,720575940629706343,720575940606503870,LA_R,720575940606503870,1,44880366,ACH:1,no,no,Exact alternative detector pair with point-row provenance; not added to original v783 graph or physiologically validated
2690,P_alternate_automated_detector_same_specimen,720575940629706343,720575940616450626,LA_R,720575940616450626,1,69326810,ACH:1,no,no,Exact alternative detector pair with point-row provenance; not added to original v783 graph or physiologically validated
2691,P_alternate_automated_detector_same_specimen,720575940629714793,720575940605116640,LA_R,720575940629714793,1,18326853,ACH:1,no,no,Exact alternative detector pair with point-row provenance; not added to original v783 graph or physiologically validated
2692,P_alternate_automated_detector_same_specimen,720575940629723152,720575940616450626,LA_R,720575940616450626,1,75360182,ACH:1,no,no,Exact alternative detector pair with point-row provenance; not added to original v783 graph or physiologically validated
2693,P_alternate_automated_detector_same_specimen,720575940629752080,720575940628812008,LA_L,720575940629752080,1,37359029,ACH:1,no,no,Exact alternative detector pair with point-row provenance; not added to original v783 graph or physiologically validated
2694,P_alternate_automated_detector_same_specimen,720575940629752080,720575940629789712,LA_L,720575940629752080,1,20990185,ACH:1,no,no,Exact alternative detector pair with point-row provenance; not added to original v783 graph or physiologically validated
2695,P_alternate_automated_detector_same_specimen,720575940629805571,720575940632382994,LA_R,720575940632382994,1,32108183,ACH:1,no,no,Exact alternative detector pair with point-row provenance; not added to original v783 graph or physiologically validated
2696,P_alternate_automated_detector_same_specimen,720575940629808911,720575940603765280,IPS_R,720575940629808911,1,68739130,ACH:1,no,no,Exact alternative detector pair with point-row provenance; not added to original v783 graph or physiologically validated
2697,P_alternate_automated_detector_same_specimen,720575940629808911,720575940604934502,IPS_R,720575940629808911,1,8027573,ACH:1,no,no,Exact alternative detector pair with point-row provenance; not added to original v783 graph or physiologically validated
2698,P_alternate_automated_detector_same_specimen,720575940629808911,720575940610467682,IPS_R,720575940629808911,1,4189856,ACH:1,no,no,Exact alternative detector pair with point-row provenance; not added to original v783 graph or physiologically validated
2699,P_alternate_automated_detector_same_specimen,720575940629808911,720575940614623455,IPS_R,720575940629808911,1,77435779,ACH:1,no,no,Exact alternative detector pair with point-row provenance; not added to original v783 graph or physiologically validated
2700,P_alternate_automated_detector_same_specimen,720575940629808911,720575940615647500,SMP_R,720575940629808911,1,31136485,ACH:1,no,no,Exact alternative detector pair with point-row provenance; not added to original v783 graph or physiologically validated
2701,P_alternate_automated_detector_same_specimen,720575940629808911,720575940619672656,MB_CA_R,720575940629808911,1,8895535,ACH:1,no,no,Exact alternative detector pair with point-row provenance; not added to original v783 graph or physiologically validated
2702,P_alternate_automated_detector_same_specimen,720575940629808911,720575940620926740,UNASGD,720575940629808911,1,59101344,ACH:1,no,no,Exact alternative detector pair with point-row provenance; not added to original v783 graph or physiologically validated
2703,P_alternate_automated_detector_same_specimen,720575940629808911,720575940621019674,SMP_R,720575940629808911,1,5210020,ACH:1,no,no,Exact alternative detector pair with point-row provenance; not added to original v783 graph or physiologically validated
2704,P_alternate_automated_detector_same_specimen,720575940629808911,720575940621350070,SMP_R,720575940629808911,1,60358257,ACH:1,no,no,Exact alternative detector pair with point-row provenance; not added to original v783 graph or physiologically validated
2705,P_alternate_automated_detector_same_specimen,720575940629808911,720575940622880525,SPS_R,720575940629808911,1,64043203,ACH:1,yes,no,Exact alternative detector pair with point-row provenance; not added to original v783 graph or physiologically validated
2706,P_alternate_automated_detector_same_specimen,720575940629808911,720575940625876484,SMP_R,720575940629808911,1,70705615,ACH:1,no,no,Exact alternative detector pair with point-row provenance; not added to original v783 graph or physiologically validated
2707,P_alternate_automated_detector_same_specimen,720575940629808911,720575940627326229,SMP_R,720575940629808911,1,26985381,ACH:1,no,no,Exact alternative detector pair with point-row provenance; not added to original v783 graph or physiologically validated
2708,P_alternate_automated_detector_same_specimen,720575940629808911,720575940628393734,ATL_R,720575940629808911,1,27221795,ACH:1,no,no,Exact alternative detector pair with point-row provenance; not added to original v783 graph or physiologically validated
2709,P_alternate_automated_detector_same_specimen,720575940629808911,720575940628393734,ICL_R,720575940629808911,1,47278515,ACH:1,no,no,Exact alternative detector pair with point-row provenance; not added to original v783 graph or physiologically validated
2710,P_alternate_automated_detector_same_specimen,720575940629808911,720575940628398295,SMP_R,720575940629808911,1,38656937,ACH:1,no,no,Exact alternative detector pair with point-row provenance; not added to original v783 graph or physiologically validated
2711,P_alternate_automated_detector_same_specimen,720575940629808911,720575940629872971,IPS_R,720575940629808911,1,67717823,ACH:1,no,no,Exact alternative detector pair with point-row provenance; not added to original v783 graph or physiologically validated
2712,P_alternate_automated_detector_same_specimen,720575940629808911,720575940630046506,SPS_R,720575940629808911,1,73915626,ACH:1,no,no,Exact alternative detector pair with point-row provenance; not added to original v783 graph or physiologically validated
2713,P_alternate_automated_detector_same_specimen,720575940629808911,720575940631570380,IPS_R,720575940629808911,1,58079492,ACH:1,no,no,Exact alternative detector pair with point-row provenance; not added to original v783 graph or physiologically validated
2714,P_alternate_automated_detector_same_specimen,720575940629808911,720575940633916333,SMP_R,720575940629808911,1,38422761,ACH:1,no,no,Exact alternative detector pair with point-row provenance; not added to original v783 graph or physiologically validated
2715,P_alternate_automated_detector_same_specimen,720575940629808911,720575940636159039,MB_CA_R,720575940629808911,1,67566595,ACH:1,no,no,Exact alternative detector pair with point-row provenance; not added to original v783 graph or physiologically validated
2716,P_alternate_automated_detector_same_specimen,720575940629808911,720575940637434601,UNASGD,720575940629808911,1,48137146,ACH:1,no,no,Exact alternative detector pair with point-row provenance; not added to original v783 graph or physiologically validated
2717,P_alternate_automated_detector_same_specimen,720575940629808911,720575940639042749,SMP_R,720575940629808911,1,68588044,ACH:1,no,no,Exact alternative detector pair with point-row provenance; not added to original v783 graph or physiologically validated
2718,P_alternate_automated_detector_same_specimen,720575940629808911,720575940642666440,MB_CA_R,720575940629808911,1,16336714,ACH:1,no,no,Exact alternative detector pair with point-row provenance; not added to original v783 graph or physiologically validated
2719,P_alternate_automated_detector_same_specimen,720575940629808911,720575940642666440,SMP_R,720575940629808911,1,68978899,ACH:1,no,no,Exact alternative detector pair with point-row provenance; not added to original v783 graph or physiologically validated
2720,P_alternate_automated_detector_same_specimen,720575940629808911,720575940642666440,SPS_R,720575940629808911,1,34191296,ACH:1,no,no,Exact alternative detector pair with point-row provenance; not added to original v783 graph or physiologically validated
2721,P_alternate_automated_detector_same_specimen,720575940629834768,720575940632425258,LA_L,720575940629834768;720575940632425258,1,23104141,ACH:1,no,no,Exact alternative detector pair with point-row provenance; not added to original v783 graph or physiologically validated
2722,P_alternate_automated_detector_same_specimen,720575940629854507,720575940626023608,LA_R,720575940629854507,1,7204221,ACH:1,no,no,Exact alternative detector pair with point-row provenance; not added to original v783 graph or physiologically validated
2723,P_alternate_automated_detector_same_specimen,720575940629854507,720575940627264002,LA_R,720575940629854507,1,62507502,ACH:1,no,no,Exact alternative detector pair with point-row provenance; not added to original v783 graph or physiologically validated
2724,P_alternate_automated_detector_same_specimen,720575940629854507,720575940627931544,LA_R,720575940629854507,1,62507693,ACH:1,no,no,Exact alternative detector pair with point-row provenance; not added to original v783 graph or physiologically validated
2725,P_alternate_automated_detector_same_specimen,720575940629870379,720575940620531761,LA_L,720575940620531761;720575940629870379,1,42061197,ACH:1,no,no,Exact alternative detector pair with point-row provenance; not added to original v783 graph or physiologically validated
2726,P_alternate_automated_detector_same_specimen,720575940629888515,720575940627609725,LA_L,720575940629888515,1,20599178,ACH:1,no,no,Exact alternative detector pair with point-row provenance; not added to original v783 graph or physiologically validated
2727,P_alternate_automated_detector_same_specimen,720575940629888515,720575940632172867,LA_L,720575940629888515,1,4931979,ACH:1,no,no,Exact alternative detector pair with point-row provenance; not added to original v783 graph or physiologically validated
2728,P_alternate_automated_detector_same_specimen,720575940629894443,720575940631301883,LA_R,720575940631301883,1,62507478,ACH:1,no,no,Exact alternative detector pair with point-row provenance; not added to original v783 graph or physiologically validated
2729,P_alternate_automated_detector_same_specimen,720575940629919762,720575940627693181,LA_L,720575940627693181,1,58667346,ACH:1,no,no,Exact alternative detector pair with point-row provenance; not added to original v783 graph or physiologically validated
2730,P_alternate_automated_detector_same_specimen,720575940629924091,720575940608367746,SPS_L,720575940629924091,1,78911490,ACH:1,no,no,Exact alternative detector pair with point-row provenance; not added to original v783 graph or physiologically validated
2731,P_alternate_automated_detector_same_specimen,720575940629924091,720575940613850262,SPS_L,720575940629924091,1,35588158,ACH:1,yes,no,Exact alternative detector pair with point-row provenance; not added to original v783 graph or physiologically validated
2732,P_alternate_automated_detector_same_specimen,720575940629924091,720575940617626235,SPS_L,720575940629924091,1,10136636,ACH:1,no,no,Exact alternative detector pair with point-row provenance; not added to original v783 graph or physiologically validated
2733,P_alternate_automated_detector_same_specimen,720575940629924091,720575940618736797,IPS_L,720575940629924091,1,9199556,ACH:1,no,no,Exact alternative detector pair with point-row provenance; not added to original v783 graph or physiologically validated
2734,P_alternate_automated_detector_same_specimen,720575940629924091,720575940620589082,SPS_L,720575940629924091,1,34958189,ACH:1,no,no,Exact alternative detector pair with point-row provenance; not added to original v783 graph or physiologically validated
2735,P_alternate_automated_detector_same_specimen,720575940629924091,720575940622644872,IPS_L,720575940629924091,1,39198697,ACH:1,no,no,Exact alternative detector pair with point-row provenance; not added to original v783 graph or physiologically validated
2736,P_alternate_automated_detector_same_specimen,720575940629924091,720575940625796839,IPS_L,720575940629924091,1,20947093,ACH:1,no,no,Exact alternative detector pair with point-row provenance; not added to original v783 graph or physiologically validated
2737,P_alternate_automated_detector_same_specimen,720575940629924091,720575940630385000,SPS_L,720575940629924091,1,12794525,ACH:1,no,no,Exact alternative detector pair with point-row provenance; not added to original v783 graph or physiologically validated
2738,P_alternate_automated_detector_same_specimen,720575940629924091,720575940644303639,IPS_L,720575940629924091,1,71636520,ACH:1,no,no,Exact alternative detector pair with point-row provenance; not added to original v783 graph or physiologically validated
2739,P_alternate_automated_detector_same_specimen,720575940629936378,720575940623400216,LA_L,720575940623400216,1,57883281,ACH:1,no,no,Exact alternative detector pair with point-row provenance; not added to original v783 graph or physiologically validated
2740,P_alternate_automated_detector_same_specimen,720575940629941507,720575940628335611,GNG,720575940628335611,1,17269990,ACH:1,no,no,Exact alternative detector pair with point-row provenance; not added to original v783 graph or physiologically validated
2741,P_alternate_automated_detector_same_specimen,720575940629943623,720575940611810001,GNG,720575940611810001,1,7636212,ACH:1,no,no,Exact alternative detector pair with point-row provenance; not added to original v783 graph or physiologically validated
2742,P_alternate_automated_detector_same_specimen,720575940629977603,720575940612899763,LA_R,720575940612899763,1,58353918,ACH:1,no,no,Exact alternative detector pair with point-row provenance; not added to original v783 graph or physiologically validated
2743,P_alternate_automated_detector_same_specimen,720575940629977603,720575940621489243,LA_R,720575940621489243,1,9555161,ACH:1,no,no,Exact alternative detector pair with point-row provenance; not added to original v783 graph or physiologically validated
2744,P_alternate_automated_detector_same_specimen,720575940629977603,720575940622545023,LA_R,720575940622545023,1,63839510,ACH:1,no,no,Exact alternative detector pair with point-row provenance; not added to original v783 graph or physiologically validated
2745,P_alternate_automated_detector_same_specimen,720575940629977603,720575940627638558,LA_R,720575940627638558,1,78570884,ACH:1,no,no,Exact alternative detector pair with point-row provenance; not added to original v783 graph or physiologically validated
2746,P_alternate_automated_detector_same_specimen,720575940630023294,720575940638556382,LA_L,720575940638556382,1,36733729,ACH:1,no,no,Exact alternative detector pair with point-row provenance; not added to original v783 graph or physiologically validated
2747,P_alternate_automated_detector_same_specimen,720575940630046506,720575940629808911,IPS_R,720575940629808911,1,38652478,ACH:1,no,no,Exact alternative detector pair with point-row provenance; not added to original v783 graph or physiologically validated
2748,P_alternate_automated_detector_same_specimen,720575940630098075,720575940604957984,ME_L,720575940630098075,1,23737915,ACH:1,no,no,Exact alternative detector pair with point-row provenance; not added to original v783 graph or physiologically validated
2749,P_alternate_automated_detector_same_specimen,720575940630098075,720575940612057753,ME_L,720575940630098075,1,37602645,ACH:1,no,no,Exact alternative detector pair with point-row provenance; not added to original v783 graph or physiologically validated
2750,P_alternate_automated_detector_same_specimen,720575940630098075,720575940622815965,LA_L,720575940630098075,1,52401151,ACH:1,no,no,Exact alternative detector pair with point-row provenance; not added to original v783 graph or physiologically validated
2751,P_alternate_automated_detector_same_specimen,720575940630098075,720575940623222822,ME_L,720575940630098075,1,2360527,ACH:1,no,no,Exact alternative detector pair with point-row provenance; not added to original v783 graph or physiologically validated
2752,P_alternate_automated_detector_same_specimen,720575940630098075,720575940623406480,ME_L,720575940630098075,1,77013953,ACH:1,no,no,Exact alternative detector pair with point-row provenance; not added to original v783 graph or physiologically validated
2753,P_alternate_automated_detector_same_specimen,720575940630098075,720575940627873608,ME_L,720575940630098075,1,15439273,ACH:1,no,no,Exact alternative detector pair with point-row provenance; not added to original v783 graph or physiologically validated
2754,P_alternate_automated_detector_same_specimen,720575940630098075,720575940628212742,ME_L,720575940630098075,1,7840616,ACH:1,no,no,Exact alternative detector pair with point-row provenance; not added to original v783 graph or physiologically validated
2755,P_alternate_automated_detector_same_specimen,720575940630098075,720575940628565903,ME_L,720575940630098075,1,31176721,ACH:1,no,no,Exact alternative detector pair with point-row provenance; not added to original v783 graph or physiologically validated
2756,P_alternate_automated_detector_same_specimen,720575940630098075,720575940628729256,LA_L,720575940630098075,1,47388794,ACH:1,yes,no,Exact alternative detector pair with point-row provenance; not added to original v783 graph or physiologically validated
2757,P_alternate_automated_detector_same_specimen,720575940630098075,720575940629325562,ME_L,720575940630098075,1,44889694,ACH:1,no,no,Exact alternative detector pair with point-row provenance; not added to original v783 graph or physiologically validated
2758,P_alternate_automated_detector_same_specimen,720575940630098075,720575940629445105,LA_L,720575940630098075,1,11048297,ACH:1,no,no,Exact alternative detector pair with point-row provenance; not added to original v783 graph or physiologically validated
2759,P_alternate_automated_detector_same_specimen,720575940630098075,720575940629445105,ME_L,720575940630098075,1,38853950,ACH:1,no,no,Exact alternative detector pair with point-row provenance; not added to original v783 graph or physiologically validated
2760,P_alternate_automated_detector_same_specimen,720575940630098075,720575940631730639,ME_L,720575940630098075,1,11680626,ACH:1,no,no,Exact alternative detector pair with point-row provenance; not added to original v783 graph or physiologically validated
2761,P_alternate_automated_detector_same_specimen,720575940630098075,720575940632542751,ME_L,720575940630098075,1,26714514,ACH:1,no,no,Exact alternative detector pair with point-row provenance; not added to original v783 graph or physiologically validated
2762,P_alternate_automated_detector_same_specimen,720575940630123351,720575940624870217,LA_R,720575940624870217,1,55770246,ACH:1,no,no,Exact alternative detector pair with point-row provenance; not added to original v783 graph or physiologically validated
2763,P_alternate_automated_detector_same_specimen,720575940630152039,720575940613138674,LA_L,720575940613138674,1,57414140,ACH:1,no,no,Exact alternative detector pair with point-row provenance; not added to original v783 graph or physiologically validated
2764,P_alternate_automated_detector_same_specimen,720575940630239327,720575940609748437,LA_L,720575940609748437;720575940630239327,1,68934844,ACH:1,no,no,Exact alternative detector pair with point-row provenance; not added to original v783 graph or physiologically validated
2765,P_alternate_automated_detector_same_specimen,720575940630333566,720575940613448874,LA_R,720575940630333566,1,53810711,ACH:1,no,no,Exact alternative detector pair with point-row provenance; not added to original v783 graph or physiologically validated
2766,P_alternate_automated_detector_same_specimen,720575940630351554,720575940617989094,LA_R,720575940630351554,1,69797931,ACH:1,no,no,Exact alternative detector pair with point-row provenance; not added to original v783 graph or physiologically validated
2767,P_alternate_automated_detector_same_specimen,720575940630351554,720575940623010309,LA_R,720575940630351554,1,16604668,ACH:1,no,no,Exact alternative detector pair with point-row provenance; not added to original v783 graph or physiologically validated
2768,P_alternate_automated_detector_same_specimen,720575940630351554,720575940626023608,LA_R,720575940630351554,1,52792351,ACH:1,no,no,Exact alternative detector pair with point-row provenance; not added to original v783 graph or physiologically validated
2769,P_alternate_automated_detector_same_specimen,720575940630408898,720575940624242826,LA_L,720575940630408898,1,11280479,ACH:1,no,no,Exact alternative detector pair with point-row provenance; not added to original v783 graph or physiologically validated
2770,P_alternate_automated_detector_same_specimen,720575940630423418,720575940627337572,LA_R,720575940630423418,1,59374225,ACH:1,no,no,Exact alternative detector pair with point-row provenance; not added to original v783 graph or physiologically validated
2771,P_alternate_automated_detector_same_specimen,720575940630423418,720575940634623388,LA_R,720575940630423418,1,51147628,ACH:1,no,no,Exact alternative detector pair with point-row provenance; not added to original v783 graph or physiologically validated
2772,P_alternate_automated_detector_same_specimen,720575940630431532,720575940610715204,LA_R,720575940610715204,1,14881755,ACH:1,no,no,Exact alternative detector pair with point-row provenance; not added to original v783 graph or physiologically validated
2773,P_alternate_automated_detector_same_specimen,720575940630431532,720575940612735194,LA_R,720575940612735194,1,18562627,ACH:1,no,no,Exact alternative detector pair with point-row provenance; not added to original v783 graph or physiologically validated
2774,P_alternate_automated_detector_same_specimen,720575940630431532,720575940622404991,LA_R,720575940622404991,1,6107056,ACH:1,no,no,Exact alternative detector pair with point-row provenance; not added to original v783 graph or physiologically validated
2775,P_alternate_automated_detector_same_specimen,720575940630431532,720575940622939998,LA_R,720575940622939998,1,18327155,ACH:1,no,no,Exact alternative detector pair with point-row provenance; not added to original v783 graph or physiologically validated
2776,P_alternate_automated_detector_same_specimen,720575940630434876,720575940631845839,LA_R,720575940631845839,1,32578528,GABA:1,no,no,Exact alternative detector pair with point-row provenance; not added to original v783 graph or physiologically validated
2777,P_alternate_automated_detector_same_specimen,720575940630475134,720575940608224178,LA_L,720575940608224178,1,8066234,ACH:1,no,no,Exact alternative detector pair with point-row provenance; not added to original v783 graph or physiologically validated
2778,P_alternate_automated_detector_same_specimen,720575940630494208,720575940631505260,LA_L,720575940631505260,1,61019201,ACH:1,no,no,Exact alternative detector pair with point-row provenance; not added to original v783 graph or physiologically validated
2779,P_alternate_automated_detector_same_specimen,720575940630505334,720575940618768806,GNG,720575940618768806,1,55964751,ACH:1,no,no,Exact alternative detector pair with point-row provenance; not added to original v783 graph or physiologically validated
2780,P_alternate_automated_detector_same_specimen,720575940630508794,720575940628728040,LA_L,720575940628728040,1,65094613,ACH:1,no,no,Exact alternative detector pair with point-row provenance; not added to original v783 graph or physiologically validated
2781,P_alternate_automated_detector_same_specimen,720575940630544250,720575940613466853,LA_L,720575940613466853;720575940630544250,1,9006912,ACH:1,no,no,Exact alternative detector pair with point-row provenance; not added to original v783 graph or physiologically validated
2782,P_alternate_automated_detector_same_specimen,720575940630569978,720575940631043900,LA_R,720575940631043900,1,54124386,ACH:1,no,no,Exact alternative detector pair with point-row provenance; not added to original v783 graph or physiologically validated
2783,P_alternate_automated_detector_same_specimen,720575940630611582,720575940625621518,LA_L,720575940625621518,1,28351147,ACH:1,no,no,Exact alternative detector pair with point-row provenance; not added to original v783 graph or physiologically validated
2784,P_alternate_automated_detector_same_specimen,720575940630611582,720575940627660440,LA_L,720575940627660440,1,7282899,ACH:1,no,no,Exact alternative detector pair with point-row provenance; not added to original v783 graph or physiologically validated
2785,P_alternate_automated_detector_same_specimen,720575940630648576,720575940616710412,LA_L,720575940616710412,1,7517795,GLUT:1,no,no,Exact alternative detector pair with point-row provenance; not added to original v783 graph or physiologically validated
2786,P_alternate_automated_detector_same_specimen,720575940630657792,720575940615927263,LA_L,720575940615927263;720575940630657792,1,80059509,ACH:1,no,no,Exact alternative detector pair with point-row provenance; not added to original v783 graph or physiologically validated
2787,P_alternate_automated_detector_same_specimen,720575940630664062,720575940623242108,UNASGD,720575940623242108;720575940630664062,1,65406672,ACH:1,no,no,Exact alternative detector pair with point-row provenance; not added to original v783 graph or physiologically validated
2788,P_alternate_automated_detector_same_specimen,720575940630746924,720575940620843261,LA_L,720575940630746924,1,63525543,ACH:1,no,no,Exact alternative detector pair with point-row provenance; not added to original v783 graph or physiologically validated
2789,P_alternate_automated_detector_same_specimen,720575940630758014,720575940626896145,ICL_L,720575940626896145,1,65909133,ACH:1,no,no,Exact alternative detector pair with point-row provenance; not added to original v783 graph or physiologically validated
2790,P_alternate_automated_detector_same_specimen,720575940630768707,720575940621157887,GNG,720575940621157887,1,23843151,ACH:1,no,no,Exact alternative detector pair with point-row provenance; not added to original v783 graph or physiologically validated
2791,P_alternate_automated_detector_same_specimen,720575940630782764,720575940615951839,LA_R,720575940615951839,1,8223412,ACH:1,no,no,Exact alternative detector pair with point-row provenance; not added to original v783 graph or physiologically validated
2792,P_alternate_automated_detector_same_specimen,720575940630797047,720575940625511572,LA_R,720575940625511572,1,43706048,ACH:1,no,no,Exact alternative detector pair with point-row provenance; not added to original v783 graph or physiologically validated
2793,P_alternate_automated_detector_same_specimen,720575940630846125,720575940606375772,GNG,720575940606375772;720575940630846125,1,31362960,ACH:1,no,no,Exact alternative detector pair with point-row provenance; not added to original v783 graph or physiologically validated
2794,P_alternate_automated_detector_same_specimen,720575940630846125,720575940617113501,GNG,720575940630846125,1,77276725,ACH:1,no,no,Exact alternative detector pair with point-row provenance; not added to original v783 graph or physiologically validated
2795,P_alternate_automated_detector_same_specimen,720575940630846125,720575940622630069,GNG,720575940630846125,1,52751123,ACH:1,no,no,Exact alternative detector pair with point-row provenance; not added to original v783 graph or physiologically validated
2796,P_alternate_automated_detector_same_specimen,720575940630846125,720575940623854276,GNG,720575940630846125,1,34417153,ACH:1,no,no,Exact alternative detector pair with point-row provenance; not added to original v783 graph or physiologically validated
2797,P_alternate_automated_detector_same_specimen,720575940630846711,720575940622270273,LA_R,720575940622270273,1,1801894,GABA:1,no,no,Exact alternative detector pair with point-row provenance; not added to original v783 graph or physiologically validated
2798,P_alternate_automated_detector_same_specimen,720575940630869548,720575940624634295,LA_R,720575940630869548,1,69640727,ACH:1,no,no,Exact alternative detector pair with point-row provenance; not added to original v783 graph or physiologically validated
2799,P_alternate_automated_detector_same_specimen,720575940630871260,720575940613410802,LA_R,720575940630871260,1,57178514,ACH:1,no,no,Exact alternative detector pair with point-row provenance; not added to original v783 graph or physiologically validated
2800,P_alternate_automated_detector_same_specimen,720575940630884855,720575940625113015,LA_R,720575940625113015,1,69013145,GABA:1,no,no,Exact alternative detector pair with point-row provenance; not added to original v783 graph or physiologically validated
2801,P_alternate_automated_detector_same_specimen,720575940630884855,720575940645991278,LA_R,720575940645991278,1,10104115,GABA:1,no,no,Exact alternative detector pair with point-row provenance; not added to original v783 graph or physiologically validated
2802,P_alternate_automated_detector_same_specimen,720575940630910070,720575940620666315,LA_R,720575940620666315,1,33751703,ACH:1,no,no,Exact alternative detector pair with point-row provenance; not added to original v783 graph or physiologically validated
2803,P_alternate_automated_detector_same_specimen,720575940630927222,720575940632083275,LA_R,720575940632083275,1,40414654,ACH:1,no,no,Exact alternative detector pair with point-row provenance; not added to original v783 graph or physiologically validated
2804,P_alternate_automated_detector_same_specimen,720575940630937704,720575940620785869,GNG,720575940620785869,1,1056304,ACH:1,no,no,Exact alternative detector pair with point-row provenance; not added to original v783 graph or physiologically validated
2805,P_alternate_automated_detector_same_specimen,720575940630942428,720575940642527451,LA_L,720575940630942428;720575940642527451,1,64858511,ACH:1,no,no,Exact alternative detector pair with point-row provenance; not added to original v783 graph or physiologically validated
2806,P_alternate_automated_detector_same_specimen,720575940630984655,720575940632280338,ME_L,720575940632280338,1,49350606,ACH:1,no,no,Exact alternative detector pair with point-row provenance; not added to original v783 graph or physiologically validated
2807,P_alternate_automated_detector_same_specimen,720575940631042620,720575940618531618,LA_R,720575940618531618,1,69483489,ACH:1,no,no,Exact alternative detector pair with point-row provenance; not added to original v783 graph or physiologically validated
2808,P_alternate_automated_detector_same_specimen,720575940631043900,720575940632396875,LA_R,720575940631043900,1,60313092,ACH:1,no,no,Exact alternative detector pair with point-row provenance; not added to original v783 graph or physiologically validated
2809,P_alternate_automated_detector_same_specimen,720575940631043900,720575940637677230,LA_R,720575940631043900,1,59530317,ACH:1,no,no,Exact alternative detector pair with point-row provenance; not added to original v783 graph or physiologically validated
2810,P_alternate_automated_detector_same_specimen,720575940631048812,720575940631433027,LA_R,720575940631048812,1,51225895,ACH:1,no,no,Exact alternative detector pair with point-row provenance; not added to original v783 graph or physiologically validated
2811,P_alternate_automated_detector_same_specimen,720575940631048812,720575940635455130,LA_R,720575940631048812,1,77317593,ACH:1,no,no,Exact alternative detector pair with point-row provenance; not added to original v783 graph or physiologically validated
2812,P_alternate_automated_detector_same_specimen,720575940631095296,720575940627652441,LA_L,720575940627652441;720575940631095296,1,44724198,ACH:1,no,no,Exact alternative detector pair with point-row provenance; not added to original v783 graph or physiologically validated
2813,P_alternate_automated_detector_same_specimen,720575940631100160,720575940616281311,LA_L,720575940616281311;720575940631100160,1,12845398,ACH:1,no,no,Exact alternative detector pair with point-row provenance; not added to original v783 graph or physiologically validated
2814,P_alternate_automated_detector_same_specimen,720575940631100160,720575940621514667,LA_L,720575940621514667;720575940631100160,1,75987321,ACH:1,no,no,Exact alternative detector pair with point-row provenance; not added to original v783 graph or physiologically validated
2815,P_alternate_automated_detector_same_specimen,720575940631102684,720575940623337251,LA_L,720575940623337251,1,63446894,ACH:1,no,no,Exact alternative detector pair with point-row provenance; not added to original v783 graph or physiologically validated
2816,P_alternate_automated_detector_same_specimen,720575940631105847,720575940617499765,LA_L,720575940617499765,1,16526462,ACH:1,no,no,Exact alternative detector pair with point-row provenance; not added to original v783 graph or physiologically validated
2817,P_alternate_automated_detector_same_specimen,720575940631106767,720575940618768806,GNG,720575940618768806,1,429077,ACH:1,no,no,Exact alternative detector pair with point-row provenance; not added to original v783 graph or physiologically validated
2818,P_alternate_automated_detector_same_specimen,720575940631113180,720575940631186550,LA_R,720575940631186550,1,6185772,ACH:1,no,no,Exact alternative detector pair with point-row provenance; not added to original v783 graph or physiologically validated
2819,P_alternate_automated_detector_same_specimen,720575940631127158,720575940622270273,LA_R,720575940622270273,1,20832439,GABA:1,no,no,Exact alternative detector pair with point-row provenance; not added to original v783 graph or physiologically validated
2820,P_alternate_automated_detector_same_specimen,720575940631157308,720575940661099137,LA_L,720575940661099137,1,52166459,ACH:1,no,no,Exact alternative detector pair with point-row provenance; not added to original v783 graph or physiologically validated
2821,P_alternate_automated_detector_same_specimen,720575940631186550,720575940614441965,LA_R,720575940631186550,1,66189328,ACH:1,no,no,Exact alternative detector pair with point-row provenance; not added to original v783 graph or physiologically validated
2822,P_alternate_automated_detector_same_specimen,720575940631186550,720575940624485258,LA_R,720575940631186550,1,25844302,ACH:1,no,no,Exact alternative detector pair with point-row provenance; not added to original v783 graph or physiologically validated
2823,P_alternate_automated_detector_same_specimen,720575940631186550,720575940631729103,LA_R,720575940631186550,1,32735030,ACH:1,no,no,Exact alternative detector pair with point-row provenance; not added to original v783 graph or physiologically validated
2824,P_alternate_automated_detector_same_specimen,720575940631220284,720575940622404991,LA_R,720575940622404991,1,41903522,ACH:1,no,no,Exact alternative detector pair with point-row provenance; not added to original v783 graph or physiologically validated
2825,P_alternate_automated_detector_same_specimen,720575940631230167,720575940613019354,LA_L,720575940631230167,1,61020460,ACH:1,no,no,Exact alternative detector pair with point-row provenance; not added to original v783 graph or physiologically validated
2826,P_alternate_automated_detector_same_specimen,720575940631230167,720575940613409172,LA_L,720575940631230167,1,39163832,ACH:1,no,no,Exact alternative detector pair with point-row provenance; not added to original v783 graph or physiologically validated
2827,P_alternate_automated_detector_same_specimen,720575940631230167,720575940625635119,UNASGD,720575940625635119;720575940631230167,1,22870316,ACH:1,no,no,Exact alternative detector pair with point-row provenance; not added to original v783 graph or physiologically validated
2828,P_alternate_automated_detector_same_specimen,720575940631230167,720575940641571024,LA_L,720575940631230167,1,18407059,ACH:1,no,no,Exact alternative detector pair with point-row provenance; not added to original v783 graph or physiologically validated
2829,P_alternate_automated_detector_same_specimen,720575940631242235,720575940633773523,LA_R,720575940633773523,1,4149069,ACH:1,no,no,Exact alternative detector pair with point-row provenance; not added to original v783 graph or physiologically validated
2830,P_alternate_automated_detector_same_specimen,720575940631286636,720575940611348178,LA_R,720575940631286636,1,72932240,ACH:1,no,no,Exact alternative detector pair with point-row provenance; not added to original v783 graph or physiologically validated
2831,P_alternate_automated_detector_same_specimen,720575940631286636,720575940629102974,LA_R,720575940631286636,1,38298213,ACH:1,no,no,Exact alternative detector pair with point-row provenance; not added to original v783 graph or physiologically validated
2832,P_alternate_automated_detector_same_specimen,720575940631301883,720575940607554434,LA_R,720575940631301883,1,77395704,ACH:1,no,no,Exact alternative detector pair with point-row provenance; not added to original v783 graph or physiologically validated
2833,P_alternate_automated_detector_same_specimen,720575940631301883,720575940623732991,LA_R,720575940631301883,1,39552975,ACH:1,no,no,Exact alternative detector pair with point-row provenance; not added to original v783 graph or physiologically validated
2834,P_alternate_automated_detector_same_specimen,720575940631329128,720575940614839215,LA_R,720575940614839215,1,4541121,ACH:1,no,no,Exact alternative detector pair with point-row provenance; not added to original v783 graph or physiologically validated
2835,P_alternate_automated_detector_same_specimen,720575940631337721,720575940637514414,LA_R,720575940637514414,1,66423726,ACH:1,no,no,Exact alternative detector pair with point-row provenance; not added to original v783 graph or physiologically validated
2836,P_alternate_automated_detector_same_specimen,720575940631364828,720575940621443206,LA_R,720575940621443206,1,8693366,GABA:1,no,no,Exact alternative detector pair with point-row provenance; not added to original v783 graph or physiologically validated
2837,P_alternate_automated_detector_same_specimen,720575940631388887,720575940634019027,LA_R,720575940631388887,1,75360372,ACH:1,no,no,Exact alternative detector pair with point-row provenance; not added to original v783 graph or physiologically validated
2838,P_alternate_automated_detector_same_specimen,720575940631401698,720575940625652879,GNG,720575940625652879,1,5047111,ACH:1,no,no,Exact alternative detector pair with point-row provenance; not added to original v783 graph or physiologically validated
2839,P_alternate_automated_detector_same_specimen,720575940631419991,720575940625113015,LA_R,720575940625113015,1,77709493,ACH:1,no,no,Exact alternative detector pair with point-row provenance; not added to original v783 graph or physiologically validated
2840,P_alternate_automated_detector_same_specimen,720575940631505260,720575940632007887,LA_L,720575940631505260,1,25609330,ACH:1,no,no,Exact alternative detector pair with point-row provenance; not added to original v783 graph or physiologically validated
2841,P_alternate_automated_detector_same_specimen,720575940631505260,720575940640893312,LA_L,720575940631505260,1,19190398,ACH:1,no,no,Exact alternative detector pair with point-row provenance; not added to original v783 graph or physiologically validated
2842,P_alternate_automated_detector_same_specimen,720575940631515643,720575940639983293,LA_L,720575940631515643,1,14569061,ACH:1,no,no,Exact alternative detector pair with point-row provenance; not added to original v783 graph or physiologically validated
2843,P_alternate_automated_detector_same_specimen,720575940631530348,720575940625721118,SPS_L,720575940625721118,1,6528005,ACH:1,no,no,Exact alternative detector pair with point-row provenance; not added to original v783 graph or physiologically validated
2844,P_alternate_automated_detector_same_specimen,720575940631538294,720575940631149372,LA_L,720575940631149372,1,19111826,ACH:1,no,no,Exact alternative detector pair with point-row provenance; not added to original v783 graph or physiologically validated
2845,P_alternate_automated_detector_same_specimen,720575940631539574,720575940637125239,LA_L,720575940637125239,1,23650787,ACH:1,no,no,Exact alternative detector pair with point-row provenance; not added to original v783 graph or physiologically validated
2846,P_alternate_automated_detector_same_specimen,720575940631549125,720575940618223419,LA_R,720575940618223419,1,30152149,ACH:1,no,no,Exact alternative detector pair with point-row provenance; not added to original v783 graph or physiologically validated
2847,P_alternate_automated_detector_same_specimen,720575940631590393,720575940618238681,LA_L,720575940618238681;720575940631590393,1,69170288,ACH:1,no,no,Exact alternative detector pair with point-row provenance; not added to original v783 graph or physiologically validated
2848,P_alternate_automated_detector_same_specimen,720575940631592017,720575940607790916,ICL_L,720575940631592017,1,16477454,ACH:1,no,no,Exact alternative detector pair with point-row provenance; not added to original v783 graph or physiologically validated
2849,P_alternate_automated_detector_same_specimen,720575940631592017,720575940609268316,IPS_L,720575940631592017,1,43898523,ACH:1,no,no,Exact alternative detector pair with point-row provenance; not added to original v783 graph or physiologically validated
2850,P_alternate_automated_detector_same_specimen,720575940631592017,720575940611186034,IPS_L,720575940631592017,1,11550589,ACH:1,yes,no,Exact alternative detector pair with point-row provenance; not added to original v783 graph or physiologically validated
2851,P_alternate_automated_detector_same_specimen,720575940631592017,720575940613850262,IPS_L,720575940631592017,1,31361329,ACH:1,no,no,Exact alternative detector pair with point-row provenance; not added to original v783 graph or physiologically validated
2852,P_alternate_automated_detector_same_specimen,720575940631592017,720575940613887742,SPS_L,720575940631592017,1,24463829,ACH:1,no,no,Exact alternative detector pair with point-row provenance; not added to original v783 graph or physiologically validated
2853,P_alternate_automated_detector_same_specimen,720575940631592017,720575940616133337,SPS_L,720575940631592017,1,49375756,ACH:1,no,no,Exact alternative detector pair with point-row provenance; not added to original v783 graph or physiologically validated
2854,P_alternate_automated_detector_same_specimen,720575940631592017,720575940617626235,SPS_L,720575940631592017,1,73826524,ACH:1,no,no,Exact alternative detector pair with point-row provenance; not added to original v783 graph or physiologically validated
2855,P_alternate_automated_detector_same_specimen,720575940631592017,720575940622644872,IPS_L,720575940631592017,1,21886086,ACH:1,no,no,Exact alternative detector pair with point-row provenance; not added to original v783 graph or physiologically validated
2856,P_alternate_automated_detector_same_specimen,720575940631592017,720575940625878909,SPS_L,720575940631592017,1,65596039,ACH:1,no,no,Exact alternative detector pair with point-row provenance; not added to original v783 graph or physiologically validated
2857,P_alternate_automated_detector_same_specimen,720575940631592017,720575940629924091,IPS_L,720575940629924091;720575940631592017,1,55101307,ACH:1,no,no,Exact alternative detector pair with point-row provenance; not added to original v783 graph or physiologically validated
2858,P_alternate_automated_detector_same_specimen,720575940631592017,720575940629924091,SPS_L,720575940629924091;720575940631592017,1,35586361,ACH:1,no,no,Exact alternative detector pair with point-row provenance; not added to original v783 graph or physiologically validated
2859,P_alternate_automated_detector_same_specimen,720575940631592017,720575940631530348,SPS_L,720575940631592017,1,30260695,ACH:1,no,no,Exact alternative detector pair with point-row provenance; not added to original v783 graph or physiologically validated
2860,P_alternate_automated_detector_same_specimen,720575940631592017,720575940643347616,SPS_L,720575940631592017,1,37544208,ACH:1,no,no,Exact alternative detector pair with point-row provenance; not added to original v783 graph or physiologically validated
2861,P_alternate_automated_detector_same_specimen,720575940631592017,720575940644303639,IPS_L,720575940631592017,1,33788325,ACH:1,no,no,Exact alternative detector pair with point-row provenance; not added to original v783 graph or physiologically validated
2862,P_alternate_automated_detector_same_specimen,720575940631647173,720575940619290944,LA_R,720575940631647173,1,11592730,ACH:1,no,no,Exact alternative detector pair with point-row provenance; not added to original v783 graph or physiologically validated
2863,P_alternate_automated_detector_same_specimen,720575940631647173,720575940621418155,LA_R,720575940631647173,1,4462161,ACH:1,no,no,Exact alternative detector pair with point-row provenance; not added to original v783 graph or physiologically validated
2864,P_alternate_automated_detector_same_specimen,720575940631647173,720575940632215594,LA_R,720575940631647173,1,66658086,ACH:1,no,no,Exact alternative detector pair with point-row provenance; not added to original v783 graph or physiologically validated
2865,P_alternate_automated_detector_same_specimen,720575940631647173,720575940637651086,LA_R,720575940631647173,1,3056878,ACH:1,no,no,Exact alternative detector pair with point-row provenance; not added to original v783 graph or physiologically validated
2866,P_alternate_automated_detector_same_specimen,720575940631705339,720575940624139305,LA_R,720575940624139305,1,27645834,ACH:1,no,no,Exact alternative detector pair with point-row provenance; not added to original v783 graph or physiologically validated
2867,P_alternate_automated_detector_same_specimen,720575940631721721,720575940638616922,LA_R,720575940638616922,1,40884986,ACH:1,no,no,Exact alternative detector pair with point-row provenance; not added to original v783 graph or physiologically validated
2868,P_alternate_automated_detector_same_specimen,720575940631728121,720575940613474474,LA_R,720575940613474474,1,39631031,ACH:1,no,no,Exact alternative detector pair with point-row provenance; not added to original v783 graph or physiologically validated
2869,P_alternate_automated_detector_same_specimen,720575940631728335,720575940638712127,LA_L,720575940638712127,1,53340220,ACH:1,no,no,Exact alternative detector pair with point-row provenance; not added to original v783 graph or physiologically validated
2870,P_alternate_automated_detector_same_specimen,720575940631729103,720575940623239133,LA_R,720575940623239133,1,40336146,GABA:1,no,no,Exact alternative detector pair with point-row provenance; not added to original v783 graph or physiologically validated
2871,P_alternate_automated_detector_same_specimen,720575940631748427,720575940622799137,LA_R,720575940622799137,1,77787675,ACH:1,no,no,Exact alternative detector pair with point-row provenance; not added to original v783 graph or physiologically validated
2872,P_alternate_automated_detector_same_specimen,720575940631750095,720575940620263384,LA_R,720575940631750095,1,3057432,ACH:1,no,no,Exact alternative detector pair with point-row provenance; not added to original v783 graph or physiologically validated
2873,P_alternate_automated_detector_same_specimen,720575940631750095,720575940622879770,LA_R,720575940631750095,1,29526200,ACH:1,no,no,Exact alternative detector pair with point-row provenance; not added to original v783 graph or physiologically validated
2874,P_alternate_automated_detector_same_specimen,720575940631750095,720575940642191323,LA_R,720575940631750095,1,1254575,ACH:1,no,no,Exact alternative detector pair with point-row provenance; not added to original v783 graph or physiologically validated
2875,P_alternate_automated_detector_same_specimen,720575940631787095,720575940608224178,LA_L,720575940608224178,1,43315282,ACH:1,no,no,Exact alternative detector pair with point-row provenance; not added to original v783 graph or physiologically validated
2876,P_alternate_automated_detector_same_specimen,720575940631809867,720575940635168407,LA_R,720575940635168407,1,79038522,GLUT:1,no,no,Exact alternative detector pair with point-row provenance; not added to original v783 graph or physiologically validated
2877,P_alternate_automated_detector_same_specimen,720575940631827256,720575940647229219,LA_R,720575940647229219,1,28664436,GABA:1,no,no,Exact alternative detector pair with point-row provenance; not added to original v783 graph or physiologically validated
2878,P_alternate_automated_detector_same_specimen,720575940631845839,720575940621462511,LA_R,720575940621462511;720575940631845839,1,15430121,ACH:1,no,no,Exact alternative detector pair with point-row provenance; not added to original v783 graph or physiologically validated
2879,P_alternate_automated_detector_same_specimen,720575940631845839,720575940627718738,LA_R,720575940631845839,1,61958797,ACH:1,no,no,Exact alternative detector pair with point-row provenance; not added to original v783 graph or physiologically validated
2880,P_alternate_automated_detector_same_specimen,720575940631845839,720575940633224237,LA_R,720575940631845839,1,5872212,ACH:1,no,no,Exact alternative detector pair with point-row provenance; not added to original v783 graph or physiologically validated
2881,P_alternate_automated_detector_same_specimen,720575940631866508,720575940620320193,SAD,720575940620320193,1,40601385,ACH:1,no,no,Exact alternative detector pair with point-row provenance; not added to original v783 graph or physiologically validated
2882,P_alternate_automated_detector_same_specimen,720575940631873743,720575940622814302,LA_R,720575940622814302,1,14568338,ACH:1,no,no,Exact alternative detector pair with point-row provenance; not added to original v783 graph or physiologically validated
2883,P_alternate_automated_detector_same_specimen,720575940631907279,720575940609622281,LA_L,720575940609622281,1,1411332,ACH:1,no,no,Exact alternative detector pair with point-row provenance; not added to original v783 graph or physiologically validated
2884,P_alternate_automated_detector_same_specimen,720575940631959826,720575940634246626,UNASGD,720575940631959826;720575940634246626,1,37202158,ACH:1,no,no,Exact alternative detector pair with point-row provenance; not added to original v783 graph or physiologically validated
2885,P_alternate_automated_detector_same_specimen,720575940632011983,720575940629426161,LA_L,720575940629426161,1,29370004,ACH:1,no,no,Exact alternative detector pair with point-row provenance; not added to original v783 graph or physiologically validated
2886,P_alternate_automated_detector_same_specimen,720575940632011983,720575940661099137,LA_L,720575940661099137,1,69327223,ACH:1,no,no,Exact alternative detector pair with point-row provenance; not added to original v783 graph or physiologically validated
2887,P_alternate_automated_detector_same_specimen,720575940632083275,720575940605544736,LA_R,720575940632083275,1,24746597,ACH:1,no,no,Exact alternative detector pair with point-row provenance; not added to original v783 graph or physiologically validated
2888,P_alternate_automated_detector_same_specimen,720575940632083275,720575940626023608,LA_R,720575940632083275,1,2037672,ACH:1,no,no,Exact alternative detector pair with point-row provenance; not added to original v783 graph or physiologically validated
2889,P_alternate_automated_detector_same_specimen,720575940632172867,720575940629888515,LA_L,720575940629888515,1,63839649,ACH:1,no,no,Exact alternative detector pair with point-row provenance; not added to original v783 graph or physiologically validated
2890,P_alternate_automated_detector_same_specimen,720575940632182058,720575940621090213,LA_R,720575940621090213,1,36261594,ACH:1,no,no,Exact alternative detector pair with point-row provenance; not added to original v783 graph or physiologically validated
2891,P_alternate_automated_detector_same_specimen,720575940632189970,720575940636401400,LA_R,720575940632189970;720575940636401400,1,29682836,ACH:1,no,no,Exact alternative detector pair with point-row provenance; not added to original v783 graph or physiologically validated
2892,P_alternate_automated_detector_same_specimen,720575940632215594,720575940613474474,LA_R,720575940613474474,1,79666868,ACH:1,no,no,Exact alternative detector pair with point-row provenance; not added to original v783 graph or physiologically validated
2893,P_alternate_automated_detector_same_specimen,720575940632280338,720575940608386140,ME_L,720575940632280338,1,27574651,ACH:1,no,no,Exact alternative detector pair with point-row provenance; not added to original v783 graph or physiologically validated
2894,P_alternate_automated_detector_same_specimen,720575940632280338,720575940618165341,ME_L,720575940632280338,1,58361061,ACH:1,no,no,Exact alternative detector pair with point-row provenance; not added to original v783 graph or physiologically validated
2895,P_alternate_automated_detector_same_specimen,720575940632280338,720575940621433014,LA_L,720575940632280338,1,29213228,ACH:1,no,no,Exact alternative detector pair with point-row provenance; not added to original v783 graph or physiologically validated
2896,P_alternate_automated_detector_same_specimen,720575940632280338,720575940621532276,ME_L,720575940632280338,1,12461102,ACH:1,no,no,Exact alternative detector pair with point-row provenance; not added to original v783 graph or physiologically validated
2897,P_alternate_automated_detector_same_specimen,720575940632280338,720575940623509956,ME_L,720575940632280338,1,59537411,ACH:1,no,no,Exact alternative detector pair with point-row provenance; not added to original v783 graph or physiologically validated
2898,P_alternate_automated_detector_same_specimen,720575940632280338,720575940624411283,ME_L,720575940632280338,1,34779389,ACH:1,no,no,Exact alternative detector pair with point-row provenance; not added to original v783 graph or physiologically validated
2899,P_alternate_automated_detector_same_specimen,720575940632280338,720575940625892284,LA_L,720575940632280338,1,69956683,ACH:1,yes,no,Exact alternative detector pair with point-row provenance; not added to original v783 graph or physiologically validated
2900,P_alternate_automated_detector_same_specimen,720575940632280338,720575940629810219,LA_L,720575940632280338,1,38770416,ACH:1,no,no,Exact alternative detector pair with point-row provenance; not added to original v783 graph or physiologically validated
2901,P_alternate_automated_detector_same_specimen,720575940632280338,720575940630984655,LA_L,720575940632280338,1,66112292,ACH:1,no,no,Exact alternative detector pair with point-row provenance; not added to original v783 graph or physiologically validated
2902,P_alternate_automated_detector_same_specimen,720575940632280338,720575940631329017,ME_L,720575940632280338,1,48648574,ACH:1,no,no,Exact alternative detector pair with point-row provenance; not added to original v783 graph or physiologically validated
2903,P_alternate_automated_detector_same_specimen,720575940632280338,720575940638977257,ME_L,720575940632280338,1,66117481,ACH:1,no,no,Exact alternative detector pair with point-row provenance; not added to original v783 graph or physiologically validated
2904,P_alternate_automated_detector_same_specimen,720575940632280338,720575940643622048,ME_L,720575940632280338,1,24284920,ACH:1,no,no,Exact alternative detector pair with point-row provenance; not added to original v783 graph or physiologically validated
2905,P_alternate_automated_detector_same_specimen,720575940632332586,720575940628388936,LA_L,720575940628388936,1,36575534,ACH:1,no,no,Exact alternative detector pair with point-row provenance; not added to original v783 graph or physiologically validated
2906,P_alternate_automated_detector_same_specimen,720575940632350511,720575940637390181,ME_L,720575940637390181,1,60949124,ACH:1,no,no,Exact alternative detector pair with point-row provenance; not added to original v783 graph or physiologically validated
2907,P_alternate_automated_detector_same_specimen,720575940632352104,720575940624873480,LA_L,720575940632352104,1,74500636,ACH:1,no,no,Exact alternative detector pair with point-row provenance; not added to original v783 graph or physiologically validated
2908,P_alternate_automated_detector_same_specimen,720575940632357480,720575940620886181,LA_L,720575940620886181,1,7046946,ACH:1,no,no,Exact alternative detector pair with point-row provenance; not added to original v783 graph or physiologically validated
2909,P_alternate_automated_detector_same_specimen,720575940632382994,720575940629805571,LA_R,720575940632382994,1,390583,ACH:1,no,no,Exact alternative detector pair with point-row provenance; not added to original v783 graph or physiologically validated
2910,P_alternate_automated_detector_same_specimen,720575940632384313,720575940620236593,LA_L,720575940620236593,1,29996500,ACH:1,no,no,Exact alternative detector pair with point-row provenance; not added to original v783 graph or physiologically validated
2911,P_alternate_automated_detector_same_specimen,720575940632408121,720575940616346822,LA_R,720575940616346822,1,57491618,ACH:1,no,no,Exact alternative detector pair with point-row provenance; not added to original v783 graph or physiologically validated
2912,P_alternate_automated_detector_same_specimen,720575940632412333,720575940633816986,GNG,720575940633816986,1,55414031,GABA:1,no,no,Exact alternative detector pair with point-row provenance; not added to original v783 graph or physiologically validated
2913,P_alternate_automated_detector_same_specimen,720575940632460951,720575940611552370,GNG,720575940632460951,1,34809806,ACH:1,no,no,Exact alternative detector pair with point-row provenance; not added to original v783 graph or physiologically validated
2914,P_alternate_automated_detector_same_specimen,720575940632460951,720575940612066223,GNG,720575940632460951,1,2467080,ACH:1,no,no,Exact alternative detector pair with point-row provenance; not added to original v783 graph or physiologically validated
2915,P_alternate_automated_detector_same_specimen,720575940632460951,720575940620601008,GNG,720575940632460951,1,26664732,ACH:1,no,no,Exact alternative detector pair with point-row provenance; not added to original v783 graph or physiologically validated
2916,P_alternate_automated_detector_same_specimen,720575940632460951,720575940620869717,GNG,720575940632460951,1,31363267,ACH:1,no,no,Exact alternative detector pair with point-row provenance; not added to original v783 graph or physiologically validated
2917,P_alternate_automated_detector_same_specimen,720575940632460951,720575940623854276,GNG,720575940632460951,1,54475462,ACH:1,no,no,Exact alternative detector pair with point-row provenance; not added to original v783 graph or physiologically validated
2918,P_alternate_automated_detector_same_specimen,720575940632460951,720575940627585730,GNG,720575940632460951,1,115711,ACH:1,no,no,Exact alternative detector pair with point-row provenance; not added to original v783 graph or physiologically validated
2919,P_alternate_automated_detector_same_specimen,720575940632460951,720575940631051065,GNG,720575940632460951,1,35672680,ACH:1,no,no,Exact alternative detector pair with point-row provenance; not added to original v783 graph or physiologically validated
2920,P_alternate_automated_detector_same_specimen,720575940632460951,720575940632045839,GNG,720575940632460951,1,27213582,ACH:1,no,no,Exact alternative detector pair with point-row provenance; not added to original v783 graph or physiologically validated
2921,P_alternate_automated_detector_same_specimen,720575940632460951,720575940639022707,GNG,720575940632460951,1,32145749,ACH:1,no,no,Exact alternative detector pair with point-row provenance; not added to original v783 graph or physiologically validated
2922,P_alternate_automated_detector_same_specimen,720575940632505898,720575940635013020,LA_R,720575940635013020,1,73637789,ACH:1,no,no,Exact alternative detector pair with point-row provenance; not added to original v783 graph or physiologically validated
2923,P_alternate_automated_detector_same_specimen,720575940632517191,720575940637390181,ME_L,720575940637390181,1,3686368,GABA:1,no,no,Exact alternative detector pair with point-row provenance; not added to original v783 graph or physiologically validated
2924,P_alternate_automated_detector_same_specimen,720575940632574946,720575940618109460,GNG,720575940618109460,1,16018357,ACH:1,no,no,Exact alternative detector pair with point-row provenance; not added to original v783 graph or physiologically validated
2925,P_alternate_automated_detector_same_specimen,720575940632581945,720575940613706818,LA_R,720575940632581945,1,54829585,ACH:1,no,no,Exact alternative detector pair with point-row provenance; not added to original v783 graph or physiologically validated
2926,P_alternate_automated_detector_same_specimen,720575940632581945,720575940618437922,LA_R,720575940618437922;720575940632581945,1,79588922,ACH:1,no,no,Exact alternative detector pair with point-row provenance; not added to original v783 graph or physiologically validated
2927,P_alternate_automated_detector_same_specimen,720575940632581945,720575940623010309,LA_R,720575940632581945,1,26000691,ACH:1,no,no,Exact alternative detector pair with point-row provenance; not added to original v783 graph or physiologically validated
2928,P_alternate_automated_detector_same_specimen,720575940632581945,720575940624434922,LA_R,720575940632581945,1,23103826,ACH:1,no,no,Exact alternative detector pair with point-row provenance; not added to original v783 graph or physiologically validated
2929,P_alternate_automated_detector_same_specimen,720575940632581945,720575940627264002,LA_R,720575940632581945,1,56552309,ACH:1,no,no,Exact alternative detector pair with point-row provenance; not added to original v783 graph or physiologically validated
2930,P_alternate_automated_detector_same_specimen,720575940632581945,720575940627921937,LA_R,720575940632581945,1,70503685,ACH:1,no,no,Exact alternative detector pair with point-row provenance; not added to original v783 graph or physiologically validated
2931,P_alternate_automated_detector_same_specimen,720575940632609420,720575940622918012,LA_R,720575940622918012,1,74108464,ACH:1,no,no,Exact alternative detector pair with point-row provenance; not added to original v783 graph or physiologically validated
2932,P_alternate_automated_detector_same_specimen,720575940632634252,720575940622918012,LA_R,720575940622918012,1,69326234,ACH:1,no,no,Exact alternative detector pair with point-row provenance; not added to original v783 graph or physiologically validated
2933,P_alternate_automated_detector_same_specimen,720575940632674444,720575940624881093,LA_L,720575940632674444,1,18798335,ACH:1,no,no,Exact alternative detector pair with point-row provenance; not added to original v783 graph or physiologically validated
2934,P_alternate_automated_detector_same_specimen,720575940632676833,720575940617816661,GNG,720575940617816661,1,68186403,ACH:1,no,no,Exact alternative detector pair with point-row provenance; not added to original v783 graph or physiologically validated
2935,P_alternate_automated_detector_same_specimen,720575940632676833,720575940619381108,GNG,720575940619381108,1,48756889,ACH:1,no,no,Exact alternative detector pair with point-row provenance; not added to original v783 graph or physiologically validated
2936,P_alternate_automated_detector_same_specimen,720575940632676833,720575940627149415,GNG,720575940627149415,1,977970,ACH:1,no,no,Exact alternative detector pair with point-row provenance; not added to original v783 graph or physiologically validated
2937,P_alternate_automated_detector_same_specimen,720575940632687672,720575940621573211,LA_L,720575940632687672,1,41982543,ACH:1,no,no,Exact alternative detector pair with point-row provenance; not added to original v783 graph or physiologically validated
2938,P_alternate_automated_detector_same_specimen,720575940632691999,720575940606578790,LA_L,720575940606578790,1,75283055,ACH:1,no,no,Exact alternative detector pair with point-row provenance; not added to original v783 graph or physiologically validated
2939,P_alternate_automated_detector_same_specimen,720575940632702035,720575940618115289,LA_R,720575940618115289,1,50990422,ACH:1,no,no,Exact alternative detector pair with point-row provenance; not added to original v783 graph or physiologically validated
2940,P_alternate_automated_detector_same_specimen,720575940632702035,720575940622545023,LA_R,720575940622545023,1,1646064,ACH:1,no,no,Exact alternative detector pair with point-row provenance; not added to original v783 graph or physiologically validated
2941,P_alternate_automated_detector_same_specimen,720575940632702035,720575940636401400,LA_R,720575940636401400,1,53339564,ACH:1,no,no,Exact alternative detector pair with point-row provenance; not added to original v783 graph or physiologically validated
2942,P_alternate_automated_detector_same_specimen,720575940632719683,720575940628387656,LA_L,720575940628387656,1,3135852,ACH:1,no,no,Exact alternative detector pair with point-row provenance; not added to original v783 graph or physiologically validated
2943,P_alternate_automated_detector_same_specimen,720575940632786792,720575940618150105,LA_R,720575940618150105,1,41354587,ACH:1,no,no,Exact alternative detector pair with point-row provenance; not added to original v783 graph or physiologically validated
2944,P_alternate_automated_detector_same_specimen,720575940632839727,720575940617499765,ME_L,720575940617499765,1,11986943,GLUT:1,no,no,Exact alternative detector pair with point-row provenance; not added to original v783 graph or physiologically validated
2945,P_alternate_automated_detector_same_specimen,720575940632888135,720575940633188492,LA_R,720575940633188492,1,1724248,ACH:1,no,no,Exact alternative detector pair with point-row provenance; not added to original v783 graph or physiologically validated
2946,P_alternate_automated_detector_same_specimen,720575940633040097,720575940616042508,AMMC_L,720575940616042508,1,52192231,GABA:1,no,no,Exact alternative detector pair with point-row provenance; not added to original v783 graph or physiologically validated
2947,P_alternate_automated_detector_same_specimen,720575940633040943,720575940622703640,LA_R,720575940622703640,1,8223341,DA:1,no,no,Exact alternative detector pair with point-row provenance; not added to original v783 graph or physiologically validated
2948,P_alternate_automated_detector_same_specimen,720575940633100871,720575940608224178,LA_L,720575940608224178,1,72697845,ACH:1,no,no,Exact alternative detector pair with point-row provenance; not added to original v783 graph or physiologically validated
2949,P_alternate_automated_detector_same_specimen,720575940633166929,720575940619984798,LA_L,720575940619984798,1,44256059,ACH:1,no,no,Exact alternative detector pair with point-row provenance; not added to original v783 graph or physiologically validated
2950,P_alternate_automated_detector_same_specimen,720575940633176351,720575940632589880,LA_R,720575940633176351,1,24433977,ACH:1,no,no,Exact alternative detector pair with point-row provenance; not added to original v783 graph or physiologically validated
2951,P_alternate_automated_detector_same_specimen,720575940633188492,720575940618489318,LA_R,720575940633188492,1,76065210,ACH:1,no,no,Exact alternative detector pair with point-row provenance; not added to original v783 graph or physiologically validated
2952,P_alternate_automated_detector_same_specimen,720575940633188492,720575940640122421,LA_R,720575940633188492,1,24041654,ACH:1,no,no,Exact alternative detector pair with point-row provenance; not added to original v783 graph or physiologically validated
2953,P_alternate_automated_detector_same_specimen,720575940633188492,720575940641404624,LA_R,720575940633188492,1,15586945,ACH:1,no,no,Exact alternative detector pair with point-row provenance; not added to original v783 graph or physiologically validated
2954,P_alternate_automated_detector_same_specimen,720575940633192991,720575940618743709,LA_R,720575940618743709,1,44488674,ACH:1,no,no,Exact alternative detector pair with point-row provenance; not added to original v783 graph or physiologically validated
2955,P_alternate_automated_detector_same_specimen,720575940633224237,720575940606503870,LA_R,720575940606503870,1,14803136,ACH:1,no,no,Exact alternative detector pair with point-row provenance; not added to original v783 graph or physiologically validated
2956,P_alternate_automated_detector_same_specimen,720575940633224237,720575940611550840,LA_R,720575940611550840,1,18327114,ACH:1,no,no,Exact alternative detector pair with point-row provenance; not added to original v783 graph or physiologically validated
2957,P_alternate_automated_detector_same_specimen,720575940633224237,720575940618115289,LA_R,720575940618115289,1,3759774,ACH:1,no,no,Exact alternative detector pair with point-row provenance; not added to original v783 graph or physiologically validated
2958,P_alternate_automated_detector_same_specimen,720575940633224237,720575940621462511,LA_R,720575940621462511,1,35556204,ACH:1,no,no,Exact alternative detector pair with point-row provenance; not added to original v783 graph or physiologically validated
2959,P_alternate_automated_detector_same_specimen,720575940633224237,720575940631845839,LA_R,720575940631845839,1,28507793,ACH:1,no,no,Exact alternative detector pair with point-row provenance; not added to original v783 graph or physiologically validated
2960,P_alternate_automated_detector_same_specimen,720575940633284435,720575940633773523,LA_R,720575940633773523,1,32421300,ACH:1,no,no,Exact alternative detector pair with point-row provenance; not added to original v783 graph or physiologically validated
2961,P_alternate_automated_detector_same_specimen,720575940633296804,720575940618115289,LA_R,720575940618115289,1,1332238,GLUT:1,no,no,Exact alternative detector pair with point-row provenance; not added to original v783 graph or physiologically validated
2962,P_alternate_automated_detector_same_specimen,720575940633345567,720575940623770637,LA_R,720575940623770637,1,32735050,ACH:1,no,no,Exact alternative detector pair with point-row provenance; not added to original v783 graph or physiologically validated
2963,P_alternate_automated_detector_same_specimen,720575940633416275,720575940629808911,SPS_R,720575940629808911,1,49542527,ACH:1,no,no,Exact alternative detector pair with point-row provenance; not added to original v783 graph or physiologically validated
2964,P_alternate_automated_detector_same_specimen,720575940633422623,720575940615556498,LA_L,720575940615556498,1,59609348,ACH:1,no,no,Exact alternative detector pair with point-row provenance; not added to original v783 graph or physiologically validated
2965,P_alternate_automated_detector_same_specimen,720575940633512908,720575940642539995,LA_L,720575940633512908;720575940642539995,1,25139208,ACH:1,no,no,Exact alternative detector pair with point-row provenance; not added to original v783 graph or physiologically validated
2966,P_alternate_automated_detector_same_specimen,720575940633533900,720575940630581754,UNASGD,720575940630581754,1,64936603,SER:1,no,no,Exact alternative detector pair with point-row provenance; not added to original v783 graph or physiologically validated
2967,P_alternate_automated_detector_same_specimen,720575940633568031,720575940620722000,LA_R,720575940620722000,1,65171374,ACH:1,no,no,Exact alternative detector pair with point-row provenance; not added to original v783 graph or physiologically validated
2968,P_alternate_automated_detector_same_specimen,720575940633646637,720575940623239133,LA_R,720575940623239133,1,60156448,ACH:1,no,no,Exact alternative detector pair with point-row provenance; not added to original v783 graph or physiologically validated
2969,P_alternate_automated_detector_same_specimen,720575940633705560,720575940615659521,GNG,720575940633705560,1,76651300,ACH:1,no,no,Exact alternative detector pair with point-row provenance; not added to original v783 graph or physiologically validated
2970,P_alternate_automated_detector_same_specimen,720575940633705560,720575940619904380,GNG,720575940619904380;720575940633705560,1,67401699,ACH:1,no,no,Exact alternative detector pair with point-row provenance; not added to original v783 graph or physiologically validated
2971,P_alternate_automated_detector_same_specimen,720575940633705560,720575940626580794,GNG,720575940633705560,1,47660559,ACH:1,no,no,Exact alternative detector pair with point-row provenance; not added to original v783 graph or physiologically validated
2972,P_alternate_automated_detector_same_specimen,720575940633705560,720575940661335681,GNG,720575940633705560,1,5987979,ACH:1,no,no,Exact alternative detector pair with point-row provenance; not added to original v783 graph or physiologically validated
2973,P_alternate_automated_detector_same_specimen,720575940633773523,720575940617689995,LA_R,720575940633773523,1,61880075,ACH:1,no,no,Exact alternative detector pair with point-row provenance; not added to original v783 graph or physiologically validated
2974,P_alternate_automated_detector_same_specimen,720575940633773523,720575940623661261,LA_R,720575940633773523,1,23728263,ACH:1,no,no,Exact alternative detector pair with point-row provenance; not added to original v783 graph or physiologically validated
2975,P_alternate_automated_detector_same_specimen,720575940633773523,720575940624274824,LA_R,720575940633773523,1,25607943,ACH:1,no,no,Exact alternative detector pair with point-row provenance; not added to original v783 graph or physiologically validated
2976,P_alternate_automated_detector_same_specimen,720575940633785645,720575940620665680,LA_L,720575940620665680,1,68151272,ACH:1,no,no,Exact alternative detector pair with point-row provenance; not added to original v783 graph or physiologically validated
2977,P_alternate_automated_detector_same_specimen,720575940633816986,720575940610231509,GNG,720575940633816986,1,2931674,ACH:1,no,no,Exact alternative detector pair with point-row provenance; not added to original v783 graph or physiologically validated
2978,P_alternate_automated_detector_same_specimen,720575940633816986,720575940611802595,GNG,720575940633816986,1,69051145,ACH:1,no,no,Exact alternative detector pair with point-row provenance; not added to original v783 graph or physiologically validated
2979,P_alternate_automated_detector_same_specimen,720575940633816986,720575940615023535,GNG,720575940633816986,1,425034,ACH:1,no,no,Exact alternative detector pair with point-row provenance; not added to original v783 graph or physiologically validated
2980,P_alternate_automated_detector_same_specimen,720575940633816986,720575940618086535,GNG,720575940633816986,1,60115738,ACH:1,no,no,Exact alternative detector pair with point-row provenance; not added to original v783 graph or physiologically validated
2981,P_alternate_automated_detector_same_specimen,720575940633816986,720575940618238523,GNG,720575940633816986,1,41465933,ACH:1,no,no,Exact alternative detector pair with point-row provenance; not added to original v783 graph or physiologically validated
2982,P_alternate_automated_detector_same_specimen,720575940633816986,720575940619024542,GNG,720575940633816986,1,51650371,ACH:1,no,no,Exact alternative detector pair with point-row provenance; not added to original v783 graph or physiologically validated
2983,P_alternate_automated_detector_same_specimen,720575940633816986,720575940620082598,UNASGD,720575940633816986,1,17581435,ACH:1,no,no,Exact alternative detector pair with point-row provenance; not added to original v783 graph or physiologically validated
2984,P_alternate_automated_detector_same_specimen,720575940633816986,720575940625653029,GNG,720575940633816986,1,21959799,ACH:1,no,no,Exact alternative detector pair with point-row provenance; not added to original v783 graph or physiologically validated
2985,P_alternate_automated_detector_same_specimen,720575940633816986,720575940626413370,GNG,720575940633816986,1,28467691,ACH:1,no,no,Exact alternative detector pair with point-row provenance; not added to original v783 graph or physiologically validated
2986,P_alternate_automated_detector_same_specimen,720575940633816986,720575940626888250,GNG,720575940633816986,1,72258480,ACH:1,no,no,Exact alternative detector pair with point-row provenance; not added to original v783 graph or physiologically validated
2987,P_alternate_automated_detector_same_specimen,720575940633816986,720575940628372613,GNG,720575940633816986,1,39118485,ACH:1,no,no,Exact alternative detector pair with point-row provenance; not added to original v783 graph or physiologically validated
2988,P_alternate_automated_detector_same_specimen,720575940633816986,720575940628441862,GNG,720575940633816986,1,65756452,ACH:1,no,no,Exact alternative detector pair with point-row provenance; not added to original v783 graph or physiologically validated
2989,P_alternate_automated_detector_same_specimen,720575940633816986,720575940630514959,GNG,720575940633816986,1,19227489,ACH:1,no,no,Exact alternative detector pair with point-row provenance; not added to original v783 graph or physiologically validated
2990,P_alternate_automated_detector_same_specimen,720575940633816986,720575940636053678,GNG,720575940633816986,1,75394111,ACH:1,no,no,Exact alternative detector pair with point-row provenance; not added to original v783 graph or physiologically validated
2991,P_alternate_automated_detector_same_specimen,720575940633816986,720575940636333710,GNG,720575940633816986,1,20633788,ACH:1,no,no,Exact alternative detector pair with point-row provenance; not added to original v783 graph or physiologically validated
2992,P_alternate_automated_detector_same_specimen,720575940633816986,720575940639314229,GNG,720575940633816986,1,41470510,ACH:1,no,no,Exact alternative detector pair with point-row provenance; not added to original v783 graph or physiologically validated
2993,P_alternate_automated_detector_same_specimen,720575940633816986,720575940647755641,GNG,720575940633816986,1,8649079,ACH:1,no,no,Exact alternative detector pair with point-row provenance; not added to original v783 graph or physiologically validated
2994,P_alternate_automated_detector_same_specimen,720575940633848531,720575940620666315,LA_R,720575940620666315,1,68620977,ACH:1,no,no,Exact alternative detector pair with point-row provenance; not added to original v783 graph or physiologically validated
2995,P_alternate_automated_detector_same_specimen,720575940633957271,720575940623151565,AMMC_R,720575940623151565,1,39444579,ACH:1,no,no,Exact alternative detector pair with point-row provenance; not added to original v783 graph or physiologically validated
2996,P_alternate_automated_detector_same_specimen,720575940634087287,720575940618109460,GNG,720575940618109460,1,64428626,ACH:1,no,no,Exact alternative detector pair with point-row provenance; not added to original v783 graph or physiologically validated
2997,P_alternate_automated_detector_same_specimen,720575940634203603,720575940625511572,LA_R,720575940625511572,1,48171447,GLUT:1,no,no,Exact alternative detector pair with point-row provenance; not added to original v783 graph or physiologically validated
2998,P_alternate_automated_detector_same_specimen,720575940634583694,720575940633816986,GNG,720575940633816986,1,60977988,ACH:1,no,no,Exact alternative detector pair with point-row provenance; not added to original v783 graph or physiologically validated
2999,P_alternate_automated_detector_same_specimen,720575940634623388,720575940628648936,LA_R,720575940628648936,1,41903566,ACH:1,no,no,Exact alternative detector pair with point-row provenance; not added to original v783 graph or physiologically validated
3000,P_alternate_automated_detector_same_specimen,720575940634837343,720575940625929765,SAD,720575940625929765,1,4274914,ACH:1,no,no,Exact alternative detector pair with point-row provenance; not added to original v783 graph or physiologically validated
3001,P_alternate_automated_detector_same_specimen,720575940634947484,720575940637994352,UNASGD,720575940634947484,1,21460157,ACH:1,no,no,Exact alternative detector pair with point-row provenance; not added to original v783 graph or physiologically validated
3002,P_alternate_automated_detector_same_specimen,720575940635013020,720575940605411244,LA_R,720575940635013020,1,68148737,ACH:1,no,no,Exact alternative detector pair with point-row provenance; not added to original v783 graph or physiologically validated
3003,P_alternate_automated_detector_same_specimen,720575940635013020,720575940608985867,LA_R,720575940635013020,1,71913212,ACH:1,no,no,Exact alternative detector pair with point-row provenance; not added to original v783 graph or physiologically validated
3004,P_alternate_automated_detector_same_specimen,720575940635013020,720575940609239051,LA_R,720575940635013020,1,39787697,ACH:1,no,no,Exact alternative detector pair with point-row provenance; not added to original v783 graph or physiologically validated
3005,P_alternate_automated_detector_same_specimen,720575940635013020,720575940627692626,LA_R,720575940635013020,1,31403580,ACH:1,no,no,Exact alternative detector pair with point-row provenance; not added to original v783 graph or physiologically validated
3006,P_alternate_automated_detector_same_specimen,720575940635048811,720575940622799137,LA_R,720575940622799137,1,20911602,ACH:1,no,no,Exact alternative detector pair with point-row provenance; not added to original v783 graph or physiologically validated
3007,P_alternate_automated_detector_same_specimen,720575940635096672,720575940618712221,LA_R,720575940618712221,1,29369688,ACH:1,no,no,Exact alternative detector pair with point-row provenance; not added to original v783 graph or physiologically validated
3008,P_alternate_automated_detector_same_specimen,720575940635143068,720575940609016668,LA_R,720575940609016668,1,79902866,ACH:1,no,no,Exact alternative detector pair with point-row provenance; not added to original v783 graph or physiologically validated
3009,P_alternate_automated_detector_same_specimen,720575940635168407,720575940607738754,LA_R,720575940635168407,1,74654861,ACH:1,no,no,Exact alternative detector pair with point-row provenance; not added to original v783 graph or physiologically validated
3010,P_alternate_automated_detector_same_specimen,720575940635168407,720575940607781554,LA_R,720575940635168407,1,33671811,ACH:1,no,no,Exact alternative detector pair with point-row provenance; not added to original v783 graph or physiologically validated
3011,P_alternate_automated_detector_same_specimen,720575940635168407,720575940613867235,LA_R,720575940635168407,1,29289599,ACH:1,no,no,Exact alternative detector pair with point-row provenance; not added to original v783 graph or physiologically validated
3012,P_alternate_automated_detector_same_specimen,720575940635168407,720575940626802480,LA_R,720575940635168407,1,32733303,ACH:1,no,no,Exact alternative detector pair with point-row provenance; not added to original v783 graph or physiologically validated
3013,P_alternate_automated_detector_same_specimen,720575940635179359,720575940610183154,GNG,720575940610183154,1,66145859,GABA:1,no,no,Exact alternative detector pair with point-row provenance; not added to original v783 graph or physiologically validated
3014,P_alternate_automated_detector_same_specimen,720575940635283903,720575940628648936,LA_R,720575940628648936,1,11359366,ACH:1,no,no,Exact alternative detector pair with point-row provenance; not added to original v783 graph or physiologically validated
3015,P_alternate_automated_detector_same_specimen,720575940635455130,720575940630871260,LA_R,720575940630871260,1,42687747,ACH:1,no,no,Exact alternative detector pair with point-row provenance; not added to original v783 graph or physiologically validated
3016,P_alternate_automated_detector_same_specimen,720575940635553434,720575940608224178,LA_L,720575940608224178,1,5010281,ACH:1,no,no,Exact alternative detector pair with point-row provenance; not added to original v783 graph or physiologically validated
3017,P_alternate_automated_detector_same_specimen,720575940635609975,720575940608898005,AL_R,720575940635609975,1,30510792,ACH:1,no,no,Exact alternative detector pair with point-row provenance; not added to original v783 graph or physiologically validated
3018,P_alternate_automated_detector_same_specimen,720575940635609975,720575940617642832,AL_R,720575940635609975,1,30979678,ACH:1,no,no,Exact alternative detector pair with point-row provenance; not added to original v783 graph or physiologically validated
3019,P_alternate_automated_detector_same_specimen,720575940635609975,720575940620814463,AL_R,720575940635609975,1,49704847,ACH:1,no,no,Exact alternative detector pair with point-row provenance; not added to original v783 graph or physiologically validated
3020,P_alternate_automated_detector_same_specimen,720575940635609975,720575940623650823,AL_R,720575940635609975,1,71253685,ACH:1,no,no,Exact alternative detector pair with point-row provenance; not added to original v783 graph or physiologically validated
3021,P_alternate_automated_detector_same_specimen,720575940635609975,720575940625977802,AL_R,720575940635609975,1,51427270,ACH:1,no,no,Exact alternative detector pair with point-row provenance; not added to original v783 graph or physiologically validated
3022,P_alternate_automated_detector_same_specimen,720575940635609975,720575940629587671,AL_R,720575940635609975,1,24400625,ACH:1,no,no,Exact alternative detector pair with point-row provenance; not added to original v783 graph or physiologically validated
3023,P_alternate_automated_detector_same_specimen,720575940635609975,720575940630003472,AL_R,720575940635609975,1,33170853,ACH:1,no,no,Exact alternative detector pair with point-row provenance; not added to original v783 graph or physiologically validated
3024,P_alternate_automated_detector_same_specimen,720575940635677887,720575940614420717,LA_R,720575940635677887,1,52635433,ACH:1,no,no,Exact alternative detector pair with point-row provenance; not added to original v783 graph or physiologically validated
3025,P_alternate_automated_detector_same_specimen,720575940635677887,720575940619808926,LA_R,720575940635677887,1,42686945,ACH:1,no,no,Exact alternative detector pair with point-row provenance; not added to original v783 graph or physiologically validated
3026,P_alternate_automated_detector_same_specimen,720575940635677887,720575940630879991,LA_R,720575940635677887,1,22711760,ACH:1,no,no,Exact alternative detector pair with point-row provenance; not added to original v783 graph or physiologically validated
3027,P_alternate_automated_detector_same_specimen,720575940635677887,720575940636655864,LA_R,720575940635677887,1,35948354,ACH:1,no,no,Exact alternative detector pair with point-row provenance; not added to original v783 graph or physiologically validated
3028,P_alternate_automated_detector_same_specimen,720575940635697380,720575940638909429,GNG,720575940638909429,1,6301304,GABA:1,no,no,Exact alternative detector pair with point-row provenance; not added to original v783 graph or physiologically validated
3029,P_alternate_automated_detector_same_specimen,720575940635776760,720575940610183154,GNG,720575940610183154,1,35276202,ACH:1,no,no,Exact alternative detector pair with point-row provenance; not added to original v783 graph or physiologically validated
3030,P_alternate_automated_detector_same_specimen,720575940635886682,720575940623758669,GNG,720575940623758669,1,32928045,GABA:1,no,no,Exact alternative detector pair with point-row provenance; not added to original v783 graph or physiologically validated
3031,P_alternate_automated_detector_same_specimen,720575940636117359,720575940624141508,LA_R,720575940624141508,1,60626293,GLUT:1,no,no,Exact alternative detector pair with point-row provenance; not added to original v783 graph or physiologically validated
3032,P_alternate_automated_detector_same_specimen,720575940636124084,720575940622939998,LA_R,720575940622939998,1,63603612,GLUT:1,no,no,Exact alternative detector pair with point-row provenance; not added to original v783 graph or physiologically validated
3033,P_alternate_automated_detector_same_specimen,720575940636168116,720575940638713407,LA_L,720575940636168116;720575940638713407,1,59921875,ACH:1,no,no,Exact alternative detector pair with point-row provenance; not added to original v783 graph or physiologically validated
3034,P_alternate_automated_detector_same_specimen,720575940636192363,720575940628938314,LA_L,720575940628938314,1,77083290,ACH:1,no,no,Exact alternative detector pair with point-row provenance; not added to original v783 graph or physiologically validated
3035,P_alternate_automated_detector_same_specimen,720575940636307960,720575940610278724,LA_R,720575940636307960,1,26313899,ACH:1,no,no,Exact alternative detector pair with point-row provenance; not added to original v783 graph or physiologically validated
3036,P_alternate_automated_detector_same_specimen,720575940636307960,720575940630869760,LA_R,720575940636307960,1,54907797,ACH:1,no,no,Exact alternative detector pair with point-row provenance; not added to original v783 graph or physiologically validated
3037,P_alternate_automated_detector_same_specimen,720575940636527727,720575940626585744,LA_R,720575940626585744,1,13002212,ACH:1,no,no,Exact alternative detector pair with point-row provenance; not added to original v783 graph or physiologically validated
3038,P_alternate_automated_detector_same_specimen,720575940636536439,720575940606578790,LA_L,720575940606578790,1,9399086,ACH:1,no,no,Exact alternative detector pair with point-row provenance; not added to original v783 graph or physiologically validated
3039,P_alternate_automated_detector_same_specimen,720575940636537663,720575940616042508,AMMC_L,720575940616042508,1,32293441,ACH:1,no,no,Exact alternative detector pair with point-row provenance; not added to original v783 graph or physiologically validated
3040,P_alternate_automated_detector_same_specimen,720575940636559534,720575940624501747,AMMC_L,720575940624501747,1,19218140,ACH:1,no,no,Exact alternative detector pair with point-row provenance; not added to original v783 graph or physiologically validated
3041,P_alternate_automated_detector_same_specimen,720575940636615160,720575940636401400,LA_R,720575940636401400,1,54437785,GABA:1,no,no,Exact alternative detector pair with point-row provenance; not added to original v783 graph or physiologically validated
3042,P_alternate_automated_detector_same_specimen,720575940636648334,720575940623347414,LA_L,720575940623347414,1,65093757,ACH:1,no,no,Exact alternative detector pair with point-row provenance; not added to original v783 graph or physiologically validated
3043,P_alternate_automated_detector_same_specimen,720575940636674190,720575940621481450,GNG,720575940621481450,1,32377601,ACH:1,no,no,Exact alternative detector pair with point-row provenance; not added to original v783 graph or physiologically validated
3044,P_alternate_automated_detector_same_specimen,720575940636690551,720575940630423418,LA_R,720575940630423418,1,29682913,ACH:1,no,no,Exact alternative detector pair with point-row provenance; not added to original v783 graph or physiologically validated
3045,P_alternate_automated_detector_same_specimen,720575940636798575,720575940616206658,LA_L,720575940616206658,1,38220584,ACH:1,no,no,Exact alternative detector pair with point-row provenance; not added to original v783 graph or physiologically validated
3046,P_alternate_automated_detector_same_specimen,720575940636805958,720575940612294311,GNG,720575940612294311,1,67167155,ACH:1,no,no,Exact alternative detector pair with point-row provenance; not added to original v783 graph or physiologically validated
3047,P_alternate_automated_detector_same_specimen,720575940636916599,720575940624139305,LA_R,720575940624139305,1,20521164,ACH:1,no,no,Exact alternative detector pair with point-row provenance; not added to original v783 graph or physiologically validated
3048,P_alternate_automated_detector_same_specimen,720575940636985934,720575940619381108,GNG,720575940619381108,1,15780086,ACH:1,no,no,Exact alternative detector pair with point-row provenance; not added to original v783 graph or physiologically validated
3049,P_alternate_automated_detector_same_specimen,720575940637210542,720575940628789064,LA_R,720575940628789064,1,74186732,ACH:1,no,no,Exact alternative detector pair with point-row provenance; not added to original v783 graph or physiologically validated
3050,P_alternate_automated_detector_same_specimen,720575940637280430,720575940622814302,LA_R,720575940622814302,1,18876285,ACH:1,no,no,Exact alternative detector pair with point-row provenance; not added to original v783 graph or physiologically validated
3051,P_alternate_automated_detector_same_specimen,720575940637390181,720575940618875190,ME_L,720575940637390181,1,41129426,ACH:1,no,no,Exact alternative detector pair with point-row provenance; not added to original v783 graph or physiologically validated
3052,P_alternate_automated_detector_same_specimen,720575940637390181,720575940621544175,ME_L,720575940621544175;720575940637390181,1,75680726,ACH:1,no,no,Exact alternative detector pair with point-row provenance; not added to original v783 graph or physiologically validated
3053,P_alternate_automated_detector_same_specimen,720575940637390181,720575940623329160,ME_L,720575940637390181,1,53820010,ACH:1,no,no,Exact alternative detector pair with point-row provenance; not added to original v783 graph or physiologically validated
3054,P_alternate_automated_detector_same_specimen,720575940637390181,720575940623329416,ME_L,720575940637390181,1,59461400,ACH:1,no,no,Exact alternative detector pair with point-row provenance; not added to original v783 graph or physiologically validated
3055,P_alternate_automated_detector_same_specimen,720575940637390181,720575940624112787,ME_L,720575940637390181,1,54995480,ACH:1,no,no,Exact alternative detector pair with point-row provenance; not added to original v783 graph or physiologically validated
3056,P_alternate_automated_detector_same_specimen,720575940637390181,720575940630789058,ME_L,720575940637390181,1,58441501,ACH:1,no,no,Exact alternative detector pair with point-row provenance; not added to original v783 graph or physiologically validated
3057,P_alternate_automated_detector_same_specimen,720575940637390181,720575940635703988,ME_L,720575940637390181,1,53506072,ACH:1,no,no,Exact alternative detector pair with point-row provenance; not added to original v783 graph or physiologically validated
3058,P_alternate_automated_detector_same_specimen,720575940637390181,720575940636053087,ME_L,720575940637390181,1,17318586,ACH:1,no,no,Exact alternative detector pair with point-row provenance; not added to original v783 graph or physiologically validated
3059,P_alternate_automated_detector_same_specimen,720575940637390181,720575940639834995,ME_L,720575940637390181,1,56170862,ACH:1,no,no,Exact alternative detector pair with point-row provenance; not added to original v783 graph or physiologically validated
3060,P_alternate_automated_detector_same_specimen,720575940637390181,720575940639871651,ME_L,720575940637390181,1,3066438,ACH:1,no,no,Exact alternative detector pair with point-row provenance; not added to original v783 graph or physiologically validated
3061,P_alternate_automated_detector_same_specimen,720575940637390181,720575940640529616,LA_L,720575940637390181,1,36106320,ACH:1,no,no,Exact alternative detector pair with point-row provenance; not added to original v783 graph or physiologically validated
3062,P_alternate_automated_detector_same_specimen,720575940637470627,720575940639654352,GNG,720575940637470627,1,7868865,ACH:1,no,no,Exact alternative detector pair with point-row provenance; not added to original v783 graph or physiologically validated
3063,P_alternate_automated_detector_same_specimen,720575940637491934,720575940620665680,LA_L,720575940620665680,1,15979549,ACH:1,no,no,Exact alternative detector pair with point-row provenance; not added to original v783 graph or physiologically validated
3064,P_alternate_automated_detector_same_specimen,720575940637494702,720575940627138306,LA_R,720575940627138306,1,68620791,ACH:1,no,no,Exact alternative detector pair with point-row provenance; not added to original v783 graph or physiologically validated
3065,P_alternate_automated_detector_same_specimen,720575940637514414,720575940637073775,LA_R,720575940637514414,1,21772745,ACH:1,no,no,Exact alternative detector pair with point-row provenance; not added to original v783 graph or physiologically validated
3066,P_alternate_automated_detector_same_specimen,720575940637546341,720575940612137895,GNG,720575940612137895,1,26432404,GLUT:1,no,no,Exact alternative detector pair with point-row provenance; not added to original v783 graph or physiologically validated
3067,P_alternate_automated_detector_same_specimen,720575940637603952,720575940627462914,LA_L,720575940627462914,1,16291478,ACH:1,no,no,Exact alternative detector pair with point-row provenance; not added to original v783 graph or physiologically validated
3068,P_alternate_automated_detector_same_specimen,720575940637659749,720575940618863553,GNG,720575940618863553,1,5287990,GABA:1,no,no,Exact alternative detector pair with point-row provenance; not added to original v783 graph or physiologically validated
3069,P_alternate_automated_detector_same_specimen,720575940637677230,720575940618531618,LA_R,720575940618531618,1,157008,ACH:1,no,no,Exact alternative detector pair with point-row provenance; not added to original v783 graph or physiologically validated
3070,P_alternate_automated_detector_same_specimen,720575940637782958,720575940630544250,LA_L,720575940630544250;720575940637782958,1,14882141,ACH:1,no,no,Exact alternative detector pair with point-row provenance; not added to original v783 graph or physiologically validated
3071,P_alternate_automated_detector_same_specimen,720575940638078832,720575940630179962,LA_L,720575940638078832,1,5088719,ACH:1,no,no,Exact alternative detector pair with point-row provenance; not added to original v783 graph or physiologically validated
3072,P_alternate_automated_detector_same_specimen,720575940638128198,720575940610183154,GNG,720575940610183154,1,3641079,ACH:1,no,no,Exact alternative detector pair with point-row provenance; not added to original v783 graph or physiologically validated
3073,P_alternate_automated_detector_same_specimen,720575940638128496,720575940609221900,LA_L,720575940609221900,1,35636133,ACH:1,no,no,Exact alternative detector pair with point-row provenance; not added to original v783 graph or physiologically validated
3074,P_alternate_automated_detector_same_specimen,720575940638332494,720575940623325993,SAD,720575940623325993,1,56443898,ACH:1,no,no,Exact alternative detector pair with point-row provenance; not added to original v783 graph or physiologically validated
3075,P_alternate_automated_detector_same_specimen,720575940638508510,720575940631286636,LA_R,720575940631286636,1,32812634,ACH:1,no,no,Exact alternative detector pair with point-row provenance; not added to original v783 graph or physiologically validated
3076,P_alternate_automated_detector_same_specimen,720575940638556382,720575940622889989,LA_L,720575940638556382,1,36106886,ACH:1,no,no,Exact alternative detector pair with point-row provenance; not added to original v783 graph or physiologically validated
3077,P_alternate_automated_detector_same_specimen,720575940638556382,720575940629882667,LA_L,720575940638556382,1,51776931,ACH:1,no,no,Exact alternative detector pair with point-row provenance; not added to original v783 graph or physiologically validated
3078,P_alternate_automated_detector_same_specimen,720575940638556382,720575940630584531,LA_L,720575940638556382,1,76303120,ACH:1,no,no,Exact alternative detector pair with point-row provenance; not added to original v783 graph or physiologically validated
3079,P_alternate_automated_detector_same_specimen,720575940638556382,720575940633981395,LA_L,720575940638556382,1,51697771,ACH:1,no,no,Exact alternative detector pair with point-row provenance; not added to original v783 graph or physiologically validated
3080,P_alternate_automated_detector_same_specimen,720575940638616922,720575940614600755,LA_R,720575940638616922,1,12610899,ACH:1,no,no,Exact alternative detector pair with point-row provenance; not added to original v783 graph or physiologically validated
3081,P_alternate_automated_detector_same_specimen,720575940638616922,720575940618381012,LA_R,720575940638616922,1,11437275,ACH:1,no,no,Exact alternative detector pair with point-row provenance; not added to original v783 graph or physiologically validated
3082,P_alternate_automated_detector_same_specimen,720575940638616922,720575940627715764,LA_R,720575940638616922,1,39710074,ACH:1,no,no,Exact alternative detector pair with point-row provenance; not added to original v783 graph or physiologically validated
3083,P_alternate_automated_detector_same_specimen,720575940638684649,720575940617361494,LA_L,720575940638684649,1,77631082,ACH:1,no,no,Exact alternative detector pair with point-row provenance; not added to original v783 graph or physiologically validated
3084,P_alternate_automated_detector_same_specimen,720575940638713407,720575940623892579,LA_L,720575940623892579;720575940638713407,1,43392917,ACH:1,no,no,Exact alternative detector pair with point-row provenance; not added to original v783 graph or physiologically validated
3085,P_alternate_automated_detector_same_specimen,720575940638713407,720575940636168116,LA_L,720575940636168116;720575940638713407,1,33673772,ACH:1,no,no,Exact alternative detector pair with point-row provenance; not added to original v783 graph or physiologically validated
3086,P_alternate_automated_detector_same_specimen,720575940638733109,720575940618663069,LA_R,720575940618663069,1,11905959,ACH:1,no,no,Exact alternative detector pair with point-row provenance; not added to original v783 graph or physiologically validated
3087,P_alternate_automated_detector_same_specimen,720575940638820442,720575940636143211,UNASGD,720575940638820442,1,74815209,ACH:1,no,no,Exact alternative detector pair with point-row provenance; not added to original v783 graph or physiologically validated
3088,P_alternate_automated_detector_same_specimen,720575940638872553,720575940637431982,LA_L,720575940638872553,1,26157961,ACH:1,no,no,Exact alternative detector pair with point-row provenance; not added to original v783 graph or physiologically validated
3089,P_alternate_automated_detector_same_specimen,720575940638909429,720575940611367282,GNG,720575940638909429,1,1056303,ACH:1,no,no,Exact alternative detector pair with point-row provenance; not added to original v783 graph or physiologically validated
3090,P_alternate_automated_detector_same_specimen,720575940638909429,720575940621071017,GNG,720575940638909429,1,31128900,ACH:1,no,no,Exact alternative detector pair with point-row provenance; not added to original v783 graph or physiologically validated
3091,P_alternate_automated_detector_same_specimen,720575940638920164,720575940622056368,LA_R,720575940622056368,1,59060329,ACH:1,no,no,Exact alternative detector pair with point-row provenance; not added to original v783 graph or physiologically validated
3092,P_alternate_automated_detector_same_specimen,720575940638921700,720575940625812408,LA_R,720575940638921700,1,4150228,ACH:1,no,no,Exact alternative detector pair with point-row provenance; not added to original v783 graph or physiologically validated
3093,P_alternate_automated_detector_same_specimen,720575940638926938,720575940636307960,LA_R,720575940636307960,1,45272319,ACH:1,no,no,Exact alternative detector pair with point-row provenance; not added to original v783 graph or physiologically validated
3094,P_alternate_automated_detector_same_specimen,720575940639041443,720575940623325993,AMMC_R,720575940623325993,1,12972872,ACH:1,no,no,Exact alternative detector pair with point-row provenance; not added to original v783 graph or physiologically validated
3095,P_alternate_automated_detector_same_specimen,720575940639049193,720575940609688329,LA_L,720575940639049193,1,39007284,ACH:1,no,no,Exact alternative detector pair with point-row provenance; not added to original v783 graph or physiologically validated
3096,P_alternate_automated_detector_same_specimen,720575940639049193,720575940616834502,LA_L,720575940639049193,1,20679000,ACH:1,no,no,Exact alternative detector pair with point-row provenance; not added to original v783 graph or physiologically validated
3097,P_alternate_automated_detector_same_specimen,720575940639166197,720575940619539777,GNG,720575940639166197,1,32303149,ACH:1,no,no,Exact alternative detector pair with point-row provenance; not added to original v783 graph or physiologically validated
3098,P_alternate_automated_detector_same_specimen,720575940639166197,720575940621339713,GNG,720575940639166197,1,10534513,ACH:1,no,no,Exact alternative detector pair with point-row provenance; not added to original v783 graph or physiologically validated
3099,P_alternate_automated_detector_same_specimen,720575940639166197,720575940626426654,GNG,720575940639166197,1,29877785,ACH:1,no,no,Exact alternative detector pair with point-row provenance; not added to original v783 graph or physiologically validated
3100,P_alternate_automated_detector_same_specimen,720575940639166197,720575940630759755,GNG,720575940639166197,1,56668542,ACH:1,no,no,Exact alternative detector pair with point-row provenance; not added to original v783 graph or physiologically validated
3101,P_alternate_automated_detector_same_specimen,720575940639179236,720575940632382994,LA_R,720575940632382994,1,67442227,ACH:1,no,no,Exact alternative detector pair with point-row provenance; not added to original v783 graph or physiologically validated
3102,P_alternate_automated_detector_same_specimen,720575940639201508,720575940611921762,LA_R,720575940639201508,1,12689238,ACH:1,no,no,Exact alternative detector pair with point-row provenance; not added to original v783 graph or physiologically validated
3103,P_alternate_automated_detector_same_specimen,720575940639201508,720575940619297600,LA_R,720575940639201508,1,63839576,ACH:1,no,no,Exact alternative detector pair with point-row provenance; not added to original v783 graph or physiologically validated
3104,P_alternate_automated_detector_same_specimen,720575940639201508,720575940622895885,LA_R,720575940639201508,1,76378832,ACH:1,no,no,Exact alternative detector pair with point-row provenance; not added to original v783 graph or physiologically validated
3105,P_alternate_automated_detector_same_specimen,720575940639201508,720575940628442389,LA_R,720575940628442389;720575940639201508,1,16761405,ACH:1,no,no,Exact alternative detector pair with point-row provenance; not added to original v783 graph or physiologically validated
3106,P_alternate_automated_detector_same_specimen,720575940639201508,720575940634655513,LA_R,720575940639201508,1,18562913,ACH:1,no,no,Exact alternative detector pair with point-row provenance; not added to original v783 graph or physiologically validated
3107,P_alternate_automated_detector_same_specimen,720575940639236836,720575940636307960,LA_R,720575940636307960,1,67207146,ACH:1,no,no,Exact alternative detector pair with point-row provenance; not added to original v783 graph or physiologically validated
3108,P_alternate_automated_detector_same_specimen,720575940639521902,720575940629292842,GNG,720575940629292842,1,74695092,ACH:1,no,no,Exact alternative detector pair with point-row provenance; not added to original v783 graph or physiologically validated
3109,P_alternate_automated_detector_same_specimen,720575940639546438,720575940618061661,LA_L,720575940618061661,1,35085598,ACH:1,no,no,Exact alternative detector pair with point-row provenance; not added to original v783 graph or physiologically validated
3110,P_alternate_automated_detector_same_specimen,720575940639608390,720575940632581945,LA_R,720575940632581945,1,32813212,ACH:1,no,no,Exact alternative detector pair with point-row provenance; not added to original v783 graph or physiologically validated
3111,P_alternate_automated_detector_same_specimen,720575940639655238,720575940625711548,LA_L,720575940639655238,1,73481126,ACH:1,no,no,Exact alternative detector pair with point-row provenance; not added to original v783 graph or physiologically validated
3112,P_alternate_automated_detector_same_specimen,720575940639655238,720575940626983370,LA_L,720575940639655238,1,21850844,ACH:1,no,no,Exact alternative detector pair with point-row provenance; not added to original v783 graph or physiologically validated
3113,P_alternate_automated_detector_same_specimen,720575940639655238,720575940632314955,LA_L,720575940632314955;720575940639655238,1,43471371,ACH:1,no,no,Exact alternative detector pair with point-row provenance; not added to original v783 graph or physiologically validated
3114,P_alternate_automated_detector_same_specimen,720575940639657661,720575940623866248,LA_L,720575940623866248;720575940639657661,1,71913905,ACH:1,no,no,Exact alternative detector pair with point-row provenance; not added to original v783 graph or physiologically validated
3115,P_alternate_automated_detector_same_specimen,720575940639668688,720575940633816986,GNG,720575940633816986,1,52594937,ACH:1,no,no,Exact alternative detector pair with point-row provenance; not added to original v783 graph or physiologically validated
3116,P_alternate_automated_detector_same_specimen,720575940639729085,720575940621338246,ME_L,720575940621338246,1,37675282,GABA:1,no,no,Exact alternative detector pair with point-row provenance; not added to original v783 graph or physiologically validated
3117,P_alternate_automated_detector_same_specimen,720575940639783989,720575940614197229,UNASGD,720575940639783989,1,64074949,ACH:1,no,no,Exact alternative detector pair with point-row provenance; not added to original v783 graph or physiologically validated
3118,P_alternate_automated_detector_same_specimen,720575940639787061,720575940620487504,LA_L,720575940620487504;720575940639787061,1,20365109,ACH:1,no,no,Exact alternative detector pair with point-row provenance; not added to original v783 graph or physiologically validated
3119,P_alternate_automated_detector_same_specimen,720575940639815989,720575940614218989,UNASGD,720575940614218989,1,40257804,ACH:1,no,no,Exact alternative detector pair with point-row provenance; not added to original v783 graph or physiologically validated
3120,P_alternate_automated_detector_same_specimen,720575940639975733,720575940620647760,LA_R,720575940620647760,1,57647921,ACH:1,no,no,Exact alternative detector pair with point-row provenance; not added to original v783 graph or physiologically validated
3121,P_alternate_automated_detector_same_specimen,720575940639983293,720575940631079900,UNASGD,720575940631079900,1,705706,ACH:1,no,no,Exact alternative detector pair with point-row provenance; not added to original v783 graph or physiologically validated
3122,P_alternate_automated_detector_same_specimen,720575940639983293,720575940631515643,LA_L,720575940631515643,1,50442817,ACH:1,no,no,Exact alternative detector pair with point-row provenance; not added to original v783 graph or physiologically validated
3123,P_alternate_automated_detector_same_specimen,720575940640017597,720575940613146866,LA_R,720575940640017597,1,65093048,ACH:1,no,no,Exact alternative detector pair with point-row provenance; not added to original v783 graph or physiologically validated
3124,P_alternate_automated_detector_same_specimen,720575940640017597,720575940613671594,LA_R,720575940640017597,1,11593205,ACH:1,no,no,Exact alternative detector pair with point-row provenance; not added to original v783 graph or physiologically validated
3125,P_alternate_automated_detector_same_specimen,720575940640048974,720575940614567855,LA_L,720575940614567855,1,64074961,ACH:1,no,no,Exact alternative detector pair with point-row provenance; not added to original v783 graph or physiologically validated
3126,P_alternate_automated_detector_same_specimen,720575940640122421,720575940621103269,LA_R,720575940621103269,1,42530917,ACH:1,no,no,Exact alternative detector pair with point-row provenance; not added to original v783 graph or physiologically validated
3127,P_alternate_automated_detector_same_specimen,720575940640122421,720575940621489243,LA_R,720575940621489243,1,49659116,ACH:1,no,no,Exact alternative detector pair with point-row provenance; not added to original v783 graph or physiologically validated
3128,P_alternate_automated_detector_same_specimen,720575940640122421,720575940630485626,LA_R,720575940630485626,1,20443096,ACH:1,no,no,Exact alternative detector pair with point-row provenance; not added to original v783 graph or physiologically validated
3129,P_alternate_automated_detector_same_specimen,720575940640141965,720575940632460951,GNG,720575940632460951,1,33005213,ACH:1,no,no,Exact alternative detector pair with point-row provenance; not added to original v783 graph or physiologically validated
3130,P_alternate_automated_detector_same_specimen,720575940640142141,720575940645264260,GNG,720575940645264260,1,33006247,ACH:1,no,no,Exact alternative detector pair with point-row provenance; not added to original v783 graph or physiologically validated
3131,P_alternate_automated_detector_same_specimen,720575940640142901,720575940623400216,LA_L,720575940623400216,1,28586478,GLUT:1,no,no,Exact alternative detector pair with point-row provenance; not added to original v783 graph or physiologically validated
3132,P_alternate_automated_detector_same_specimen,720575940640196413,720575940613466134,LA_L,720575940613466134;720575940640196413,1,6890258,ACH:1,no,no,Exact alternative detector pair with point-row provenance; not added to original v783 graph or physiologically validated
3133,P_alternate_automated_detector_same_specimen,720575940640196413,720575940632436803,LA_L,720575940632436803;720575940640196413,1,68934838,ACH:1,no,no,Exact alternative detector pair with point-row provenance; not added to original v783 graph or physiologically validated
3134,P_alternate_automated_detector_same_specimen,720575940640197949,720575940622001268,LA_L,720575940640197949,1,71756598,ACH:1,no,no,Exact alternative detector pair with point-row provenance; not added to original v783 graph or physiologically validated
3135,P_alternate_automated_detector_same_specimen,720575940640197949,720575940629411883,LA_L,720575940629411883;720575940640197949,1,1097877,ACH:1,no,no,Exact alternative detector pair with point-row provenance; not added to original v783 graph or physiologically validated
3136,P_alternate_automated_detector_same_specimen,720575940640255139,720575940630871260,LA_R,720575940630871260,1,56396039,GABA:1,no,no,Exact alternative detector pair with point-row provenance; not added to original v783 graph or physiologically validated
3137,P_alternate_automated_detector_same_specimen,720575940640297075,720575940620909989,UNASGD,720575940640297075,1,77395870,ACH:1,no,no,Exact alternative detector pair with point-row provenance; not added to original v783 graph or physiologically validated
3138,P_alternate_automated_detector_same_specimen,720575940640305998,720575940627941202,LA_L,720575940627941202,1,45977776,ACH:1,no,no,Exact alternative detector pair with point-row provenance; not added to original v783 graph or physiologically validated
3139,P_alternate_automated_detector_same_specimen,720575940640383054,720575940631048812,LA_R,720575940631048812,1,3369791,ACH:1,no,no,Exact alternative detector pair with point-row provenance; not added to original v783 graph or physiologically validated
3140,P_alternate_automated_detector_same_specimen,720575940640507533,720575940645991278,LA_R,720575940645991278,1,65092899,ACH:1,no,no,Exact alternative detector pair with point-row provenance; not added to original v783 graph or physiologically validated
3141,P_alternate_automated_detector_same_specimen,720575940640512419,720575940622270273,LA_R,720575940622270273,1,7751600,ACH:1,no,no,Exact alternative detector pair with point-row provenance; not added to original v783 graph or physiologically validated
3142,P_alternate_automated_detector_same_specimen,720575940640719861,720575940620320193,UNASGD,720575940620320193,1,68962184,ACH:1,no,no,Exact alternative detector pair with point-row provenance; not added to original v783 graph or physiologically validated
3143,P_alternate_automated_detector_same_specimen,720575940640731555,720575940646392942,LA_L,720575940646392942,1,14647018,GLUT:1,no,no,Exact alternative detector pair with point-row provenance; not added to original v783 graph or physiologically validated
3144,P_alternate_automated_detector_same_specimen,720575940640802904,720575940612839793,LA_R,720575940612839793,1,23416314,ACH:1,no,no,Exact alternative detector pair with point-row provenance; not added to original v783 graph or physiologically validated
3145,P_alternate_automated_detector_same_specimen,720575940641571024,720575940631230167,LA_L,720575940631230167,1,20913191,ACH:1,no,no,Exact alternative detector pair with point-row provenance; not added to original v783 graph or physiologically validated
3146,P_alternate_automated_detector_same_specimen,720575940641599184,720575940640287310,LA_L,720575940640287310;720575940641599184,1,18249359,ACH:1,no,no,Exact alternative detector pair with point-row provenance; not added to original v783 graph or physiologically validated
3147,P_alternate_automated_detector_same_specimen,720575940641656283,720575940620320193,SAD,720575940620320193,1,22350225,ACH:1,no,no,Exact alternative detector pair with point-row provenance; not added to original v783 graph or physiologically validated
3148,P_alternate_automated_detector_same_specimen,720575940641793440,720575940612755050,GNG,720575940612755050,1,29016105,ACH:1,no,no,Exact alternative detector pair with point-row provenance; not added to original v783 graph or physiologically validated
3149,P_alternate_automated_detector_same_specimen,720575940641793440,720575940618768806,GNG,720575940618768806,1,48757550,ACH:1,no,no,Exact alternative detector pair with point-row provenance; not added to original v783 graph or physiologically validated
3150,P_alternate_automated_detector_same_specimen,720575940641811419,720575940619381108,GNG,720575940619381108,1,32927885,ACH:1,no,no,Exact alternative detector pair with point-row provenance; not added to original v783 graph or physiologically validated
3151,P_alternate_automated_detector_same_specimen,720575940642191323,720575940631750095,LA_R,720575940631750095,1,62899894,ACH:1,no,no,Exact alternative detector pair with point-row provenance; not added to original v783 graph or physiologically validated
3152,P_alternate_automated_detector_same_specimen,720575940642334965,720575940646459502,LA_R,720575940646459502,1,23259035,GLUT:1,no,no,Exact alternative detector pair with point-row provenance; not added to original v783 graph or physiologically validated
3153,P_alternate_automated_detector_same_specimen,720575940642446069,720575940627618905,LA_L,720575940627618905,1,68071485,ACH:1,no,no,Exact alternative detector pair with point-row provenance; not added to original v783 graph or physiologically validated
3154,P_alternate_automated_detector_same_specimen,720575940642527451,720575940630942428,LA_L,720575940630942428;720575940642527451,1,7361285,ACH:1,no,no,Exact alternative detector pair with point-row provenance; not added to original v783 graph or physiologically validated
3155,P_alternate_automated_detector_same_specimen,720575940642666440,720575940629808911,MB_CA_R,720575940629808911,1,9914719,SER:1,no,no,Exact alternative detector pair with point-row provenance; not added to original v783 graph or physiologically validated
3156,P_alternate_automated_detector_same_specimen,720575940643023501,720575940618531618,LA_R,720575940618531618,1,49424237,ACH:1,no,no,Exact alternative detector pair with point-row provenance; not added to original v783 graph or physiologically validated
3157,P_alternate_automated_detector_same_specimen,720575940643023501,720575940621349285,LA_R,720575940621349285,1,2899977,ACH:1,no,no,Exact alternative detector pair with point-row provenance; not added to original v783 graph or physiologically validated
3158,P_alternate_automated_detector_same_specimen,720575940643023501,720575940621944941,LA_R,720575940621944941,1,66032952,ACH:1,no,no,Exact alternative detector pair with point-row provenance; not added to original v783 graph or physiologically validated
3159,P_alternate_automated_detector_same_specimen,720575940643023501,720575940624870217,LA_R,720575940624870217,1,45899720,ACH:1,no,no,Exact alternative detector pair with point-row provenance; not added to original v783 graph or physiologically validated
3160,P_alternate_automated_detector_same_specimen,720575940643023501,720575940643034765,LA_R,720575940643034765,1,51539020,ACH:1,no,no,Exact alternative detector pair with point-row provenance; not added to original v783 graph or physiologically validated
3161,P_alternate_automated_detector_same_specimen,720575940643034765,720575940627264002,LA_R,720575940643034765,1,19424933,ACH:1,no,no,Exact alternative detector pair with point-row provenance; not added to original v783 graph or physiologically validated
3162,P_alternate_automated_detector_same_specimen,720575940643034765,720575940627785853,LA_R,720575940643034765,1,56787388,ACH:1,no,no,Exact alternative detector pair with point-row provenance; not added to original v783 graph or physiologically validated
3163,P_alternate_automated_detector_same_specimen,720575940643034765,720575940629491715,LA_R,720575940643034765,1,76535176,ACH:1,no,no,Exact alternative detector pair with point-row provenance; not added to original v783 graph or physiologically validated
3164,P_alternate_automated_detector_same_specimen,720575940643034765,720575940634536858,LA_R,720575940643034765,1,65484580,ACH:1,no,no,Exact alternative detector pair with point-row provenance; not added to original v783 graph or physiologically validated
3165,P_alternate_automated_detector_same_specimen,720575940643642932,720575940618712221,LA_R,720575940618712221,1,68070561,ACH:1,no,no,Exact alternative detector pair with point-row provenance; not added to original v783 graph or physiologically validated
3166,P_alternate_automated_detector_same_specimen,720575940643863092,720575940616346822,LA_R,720575940616346822,1,25765619,ACH:1,no,no,Exact alternative detector pair with point-row provenance; not added to original v783 graph or physiologically validated
3167,P_alternate_automated_detector_same_specimen,720575940644199840,720575940631301883,LA_R,720575940631301883,1,9789694,ACH:1,no,no,Exact alternative detector pair with point-row provenance; not added to original v783 graph or physiologically validated
3168,P_alternate_automated_detector_same_specimen,720575940644260768,720575940626770532,UNASGD,720575940626770532,1,27803127,GLUT:1,no,no,Exact alternative detector pair with point-row provenance; not added to original v783 graph or physiologically validated
3169,P_alternate_automated_detector_same_specimen,720575940644276128,720575940613410802,LA_R,720575940644276128,1,22946625,ACH:1,no,no,Exact alternative detector pair with point-row provenance; not added to original v783 graph or physiologically validated
3170,P_alternate_automated_detector_same_specimen,720575940644276128,720575940618381012,LA_R,720575940644276128,1,51382095,ACH:1,no,no,Exact alternative detector pair with point-row provenance; not added to original v783 graph or physiologically validated
3171,P_alternate_automated_detector_same_specimen,720575940644276128,720575940621193051,LA_R,720575940621193051;720575940644276128,1,1410841,ACH:1,no,no,Exact alternative detector pair with point-row provenance; not added to original v783 graph or physiologically validated
3172,P_alternate_automated_detector_same_specimen,720575940644276128,720575940624297608,LA_R,720575940644276128,1,23103615,ACH:1,no,no,Exact alternative detector pair with point-row provenance; not added to original v783 graph or physiologically validated
3173,P_alternate_automated_detector_same_specimen,720575940644276128,720575940628058505,LA_R,720575940644276128,1,69092074,ACH:1,no,no,Exact alternative detector pair with point-row provenance; not added to original v783 graph or physiologically validated
3174,P_alternate_automated_detector_same_specimen,720575940644303639,720575940625721118,IPS_L,720575940625721118,1,54393952,ACH:1,no,no,Exact alternative detector pair with point-row provenance; not added to original v783 graph or physiologically validated
3175,P_alternate_automated_detector_same_specimen,720575940644303639,720575940625721118,SPS_L,720575940625721118,1,11156914,ACH:1,no,no,Exact alternative detector pair with point-row provenance; not added to original v783 graph or physiologically validated
3176,P_alternate_automated_detector_same_specimen,720575940644444104,720575940635168407,LA_R,720575940635168407,1,27879656,ACH:1,no,no,Exact alternative detector pair with point-row provenance; not added to original v783 graph or physiologically validated
3177,P_alternate_automated_detector_same_specimen,720575940644555168,720575940620753744,LA_R,720575940620753744,1,49894703,ACH:1,no,no,Exact alternative detector pair with point-row provenance; not added to original v783 graph or physiologically validated
3178,P_alternate_automated_detector_same_specimen,720575940644555168,720575940645941027,LA_R,720575940645941027,1,26705324,ACH:1,no,no,Exact alternative detector pair with point-row provenance; not added to original v783 graph or physiologically validated
3179,P_alternate_automated_detector_same_specimen,720575940644695860,720575940629070155,GNG,720575940629070155,1,40609400,ACH:1,no,no,Exact alternative detector pair with point-row provenance; not added to original v783 graph or physiologically validated
3180,P_alternate_automated_detector_same_specimen,720575940645264260,720575940606222014,GNG,720575940645264260,1,66382958,ACH:1,no,no,Exact alternative detector pair with point-row provenance; not added to original v783 graph or physiologically validated
3181,P_alternate_automated_detector_same_specimen,720575940645264260,720575940616786433,GNG,720575940645264260,1,585661,ACH:1,no,no,Exact alternative detector pair with point-row provenance; not added to original v783 graph or physiologically validated
3182,P_alternate_automated_detector_same_specimen,720575940645264260,720575940619905916,GNG,720575940645264260,1,75945885,ACH:1,no,no,Exact alternative detector pair with point-row provenance; not added to original v783 graph or physiologically validated
3183,P_alternate_automated_detector_same_specimen,720575940645264260,720575940623051544,GNG,720575940645264260,1,2309961,ACH:1,no,no,Exact alternative detector pair with point-row provenance; not added to original v783 graph or physiologically validated
3184,P_alternate_automated_detector_same_specimen,720575940645264260,720575940624863896,GNG,720575940645264260,1,54161258,ACH:1,no,no,Exact alternative detector pair with point-row provenance; not added to original v783 graph or physiologically validated
3185,P_alternate_automated_detector_same_specimen,720575940645348900,720575940627618905,UNASGD,720575940627618905,1,74422999,ACH:1,no,no,Exact alternative detector pair with point-row provenance; not added to original v783 graph or physiologically validated
3186,P_alternate_automated_detector_same_specimen,720575940645413940,720575940633816986,GNG,720575940633816986,1,1212693,ACH:1,no,no,Exact alternative detector pair with point-row provenance; not added to original v783 graph or physiologically validated
3187,P_alternate_automated_detector_same_specimen,720575940645807726,720575940624956139,LA_R,720575940624956139,1,43549100,ACH:1,no,no,Exact alternative detector pair with point-row provenance; not added to original v783 graph or physiologically validated
3188,P_alternate_automated_detector_same_specimen,720575940645937431,720575940621884854,LA_L,720575940621884854,1,25295617,ACH:1,no,no,Exact alternative detector pair with point-row provenance; not added to original v783 graph or physiologically validated
3189,P_alternate_automated_detector_same_specimen,720575940645941027,720575940605891756,LA_R,720575940645941027,1,57804484,ACH:1,no,no,Exact alternative detector pair with point-row provenance; not added to original v783 graph or physiologically validated
3190,P_alternate_automated_detector_same_specimen,720575940645941027,720575940637698734,LA_R,720575940645941027,1,36340017,ACH:1,no,no,Exact alternative detector pair with point-row provenance; not added to original v783 graph or physiologically validated
3191,P_alternate_automated_detector_same_specimen,720575940645991278,720575940621062986,LA_R,720575940645991278,1,47231237,ACH:1,no,no,Exact alternative detector pair with point-row provenance; not added to original v783 graph or physiologically validated
3192,P_alternate_automated_detector_same_specimen,720575940645991278,720575940630288758,LA_R,720575940645991278,1,51302963,ACH:1,no,no,Exact alternative detector pair with point-row provenance; not added to original v783 graph or physiologically validated
3193,P_alternate_automated_detector_same_specimen,720575940645991278,720575940632056079,LA_R,720575940645991278,1,50599237,ACH:1,no,no,Exact alternative detector pair with point-row provenance; not added to original v783 graph or physiologically validated
3194,P_alternate_automated_detector_same_specimen,720575940646062115,720575940622811903,UNASGD,720575940622811903,1,58930465,ACH:1,no,no,Exact alternative detector pair with point-row provenance; not added to original v783 graph or physiologically validated
3195,P_alternate_automated_detector_same_specimen,720575940646253422,720575940618140987,LA_L,720575940618140987;720575940646253422,1,66580117,ACH:1,no,no,Exact alternative detector pair with point-row provenance; not added to original v783 graph or physiologically validated
3196,P_alternate_automated_detector_same_specimen,720575940646392942,720575940627814040,LA_L,720575940646392942,1,78101779,ACH:1,no,no,Exact alternative detector pair with point-row provenance; not added to original v783 graph or physiologically validated
3197,P_alternate_automated_detector_same_specimen,720575940646459502,720575940625666796,LA_R,720575940646459502,1,78179826,ACH:1,no,no,Exact alternative detector pair with point-row provenance; not added to original v783 graph or physiologically validated
3198,P_alternate_automated_detector_same_specimen,720575940646668323,720575940618531618,LA_R,720575940618531618,1,57569698,ACH:1,no,no,Exact alternative detector pair with point-row provenance; not added to original v783 graph or physiologically validated
3199,P_alternate_automated_detector_same_specimen,720575940646668323,720575940629499395,LA_R,720575940629499395,1,55613294,ACH:1,no,no,Exact alternative detector pair with point-row provenance; not added to original v783 graph or physiologically validated
3200,P_alternate_automated_detector_same_specimen,720575940646668323,720575940631043900,LA_R,720575940631043900,1,11359314,ACH:1,no,no,Exact alternative detector pair with point-row provenance; not added to original v783 graph or physiologically validated
3201,P_alternate_automated_detector_same_specimen,720575940646929204,720575940622811903,SAD,720575940622811903,1,39346266,ACH:1,no,no,Exact alternative detector pair with point-row provenance; not added to original v783 graph or physiologically validated
3202,P_alternate_automated_detector_same_specimen,720575940647118883,720575940638616922,LA_R,720575940638616922,1,14255334,GLUT:1,no,no,Exact alternative detector pair with point-row provenance; not added to original v783 graph or physiologically validated
3203,P_alternate_automated_detector_same_specimen,720575940647229219,720575940608031154,LA_R,720575940647229219,1,54124376,ACH:1,no,no,Exact alternative detector pair with point-row provenance; not added to original v783 graph or physiologically validated
3204,P_alternate_automated_detector_same_specimen,720575940647229219,720575940609769941,LA_R,720575940647229219,1,45037300,ACH:1,no,no,Exact alternative detector pair with point-row provenance; not added to original v783 graph or physiologically validated
3205,P_alternate_automated_detector_same_specimen,720575940647229219,720575940629191942,LA_R,720575940647229219,1,76613067,ACH:1,no,no,Exact alternative detector pair with point-row provenance; not added to original v783 graph or physiologically validated
3206,P_alternate_automated_detector_same_specimen,720575940647229219,720575940631827256,LA_R,720575940647229219,1,12689243,ACH:1,no,no,Exact alternative detector pair with point-row provenance; not added to original v783 graph or physiologically validated
3207,P_alternate_automated_detector_same_specimen,720575940647328889,720575940615121501,UNASGD,720575940615121501,1,30817923,ACH:1,no,no,Exact alternative detector pair with point-row provenance; not added to original v783 graph or physiologically validated
3208,P_alternate_automated_detector_same_specimen,720575940647404932,720575940627825923,GNG,720575940647404932,1,33721463,ACH:1,no,no,Exact alternative detector pair with point-row provenance; not added to original v783 graph or physiologically validated
3209,P_alternate_automated_detector_same_specimen,720575940647663748,720575940627138306,LA_R,720575940627138306,1,38298502,ACH:1,no,no,Exact alternative detector pair with point-row provenance; not added to original v783 graph or physiologically validated
3210,P_alternate_automated_detector_same_specimen,720575940647673721,720575940614957115,GNG,720575940614957115,1,39120868,ACH:1,no,no,Exact alternative detector pair with point-row provenance; not added to original v783 graph or physiologically validated
3211,P_alternate_automated_detector_same_specimen,720575940647960628,720575940609016668,LA_R,720575940609016668,1,25608501,ACH:1,no,no,Exact alternative detector pair with point-row provenance; not added to original v783 graph or physiologically validated
3212,P_alternate_automated_detector_same_specimen,720575940647962500,720575940612013717,UNASGD,720575940647962500,1,61724089,ACH:1,no,no,Exact alternative detector pair with point-row provenance; not added to original v783 graph or physiologically validated
3213,P_alternate_automated_detector_same_specimen,720575940647962500,720575940626926629,LA_L,720575940647962500,1,69562746,ACH:1,no,no,Exact alternative detector pair with point-row provenance; not added to original v783 graph or physiologically validated
3214,P_alternate_automated_detector_same_specimen,720575940648098948,720575940626770532,LA_L,720575940626770532,1,29996356,ACH:1,no,no,Exact alternative detector pair with point-row provenance; not added to original v783 graph or physiologically validated
3215,P_alternate_automated_detector_same_specimen,720575940648108164,720575940638921700,LA_R,720575940638921700,1,73089207,GABA:1,no,no,Exact alternative detector pair with point-row provenance; not added to original v783 graph or physiologically validated
3216,P_alternate_automated_detector_same_specimen,720575940648141956,720575940618090129,LA_L,720575940618090129,1,75048102,ACH:1,no,no,Exact alternative detector pair with point-row provenance; not added to original v783 graph or physiologically validated
3217,P_alternate_automated_detector_same_specimen,720575940648141956,720575940639787061,UNASGD,720575940639787061,1,14333576,ACH:1,no,no,Exact alternative detector pair with point-row provenance; not added to original v783 graph or physiologically validated
3218,P_alternate_automated_detector_same_specimen,720575940648383364,720575940636615160,LA_R,720575940648383364,1,37358670,ACH:1,no,no,Exact alternative detector pair with point-row provenance; not added to original v783 graph or physiologically validated
3219,P_alternate_automated_detector_same_specimen,720575940648429700,720575940618864724,LA_L,720575940618864724,1,44098619,ACH:1,no,no,Exact alternative detector pair with point-row provenance; not added to original v783 graph or physiologically validated
3220,P_alternate_automated_detector_same_specimen,720575940648702084,720575940642551515,ME_R,720575940648702084,1,57800755,ACH:1,no,no,Exact alternative detector pair with point-row provenance; not added to original v783 graph or physiologically validated
3221,P_alternate_automated_detector_same_specimen,720575940649812857,720575940616042508,SAD,720575940616042508,1,9192071,ACH:1,no,no,Exact alternative detector pair with point-row provenance; not added to original v783 graph or physiologically validated
3222,P_alternate_automated_detector_same_specimen,720575940652335862,720575940620665680,LA_L,720575940620665680,1,46371615,ACH:1,no,no,Exact alternative detector pair with point-row provenance; not added to original v783 graph or physiologically validated
3223,P_alternate_automated_detector_same_specimen,720575940653052662,720575940622303216,LA_R,720575940622303216,1,41825362,ACH:1,no,no,Exact alternative detector pair with point-row provenance; not added to original v783 graph or physiologically validated
3224,P_alternate_automated_detector_same_specimen,720575940653564918,720575940621458625,LA_L,720575940621458625,1,69405204,ACH:1,no,no,Exact alternative detector pair with point-row provenance; not added to original v783 graph or physiologically validated
3225,P_alternate_automated_detector_same_specimen,720575940653564918,720575940623347414,LA_L,720575940623347414,1,8301983,ACH:1,no,no,Exact alternative detector pair with point-row provenance; not added to original v783 graph or physiologically validated
3226,P_alternate_automated_detector_same_specimen,720575940653564918,720575940632687672,LA_L,720575940632687672,1,14020516,ACH:1,no,no,Exact alternative detector pair with point-row provenance; not added to original v783 graph or physiologically validated
3227,P_alternate_automated_detector_same_specimen,720575940653620470,720575940625635119,LA_L,720575940625635119,1,25296814,ACH:1,no,no,Exact alternative detector pair with point-row provenance; not added to original v783 graph or physiologically validated
3228,P_alternate_automated_detector_same_specimen,720575940655596193,720575940626585744,LA_R,720575940626585744;720575940655596193,1,57257662,ACH:1,no,no,Exact alternative detector pair with point-row provenance; not added to original v783 graph or physiologically validated
3229,P_alternate_automated_detector_same_specimen,720575940656055457,720575940638556382,LA_L,720575940638556382,1,26394200,ACH:1,no,no,Exact alternative detector pair with point-row provenance; not added to original v783 graph or physiologically validated
3230,P_alternate_automated_detector_same_specimen,720575940660975233,720575940620797643,LA_L,720575940620797643,1,33987994,ACH:1,no,no,Exact alternative detector pair with point-row provenance; not added to original v783 graph or physiologically validated
3231,P_alternate_automated_detector_same_specimen,720575940661019521,720575940625717747,LA_R,720575940625717747,1,35399190,ACH:1,no,no,Exact alternative detector pair with point-row provenance; not added to original v783 graph or physiologically validated
3232,P_alternate_automated_detector_same_specimen,720575940661057665,720575940624139305,LA_R,720575940624139305,1,19032629,GABA:1,no,no,Exact alternative detector pair with point-row provenance; not added to original v783 graph or physiologically validated
3233,P_alternate_automated_detector_same_specimen,720575940661304449,720575940609748437,LA_L,720575940609748437,1,29369915,ACH:1,no,no,Exact alternative detector pair with point-row provenance; not added to original v783 graph or physiologically validated
