detector_release,export_filter,evidence_tier,selected_root_id,selected_cell_type,selected_side,pre_root_id,post_root_id,partner_root_id,partner_in_official_proofread_array,neuropil,synapse_count,source_rows_combined,nt_type_labels,same_pair_region_as_Buhmann_raw_A,same_directed_pair_as_Buhmann_raw_A,Buhmann_raw_A_points_same_pair_region,interpretation
Princeton_2025_same_FAFB_v783_roots,filtered_ge5_pair,P_alternative_automated_detector,720575940622545023,R1-6,right,720575940622545023,720575940616982614,720575940616982614,yes,LA_R,76,1,ACH:76,no,no,0,Alternative automated synapse calls in the same specimen; not original v783 measured graph or physiological validation
Princeton_2025_same_FAFB_v783_roots,filtered_ge5_pair,P_alternative_automated_detector,720575940620647760,R1-6,right,720575940620647760,720575940620491712,720575940620491712,yes,LA_R,61,1,ACH:61,no,no,0,Alternative automated synapse calls in the same specimen; not original v783 measured graph or physiological validation
Princeton_2025_same_FAFB_v783_roots,filtered_ge5_pair,P_alternative_automated_detector,720575940621489243,R1-6,right,720575940621489243,720575940617822438,720575940617822438,yes,LA_R,61,1,ACH:61,no,no,0,Alternative automated synapse calls in the same specimen; not original v783 measured graph or physiological validation
Princeton_2025_same_FAFB_v783_roots,filtered_ge5_pair,P_alternative_automated_detector,720575940609016668,R1-6,right,720575940609016668,720575940628635409,720575940628635409,yes,LA_R,60,1,ACH:60,no,no,0,Alternative automated synapse calls in the same specimen; not original v783 measured graph or physiological validation
Princeton_2025_same_FAFB_v783_roots,filtered_ge5_pair,P_alternative_automated_detector,720575940638556382,R1-6,left,720575940638556382,720575940630023294,720575940630023294,yes,LA_L,60,1,ACH:60,no,no,0,Alternative automated synapse calls in the same specimen; not original v783 measured graph or physiological validation
Princeton_2025_same_FAFB_v783_roots,filtered_ge5_pair,P_alternative_automated_detector,720575940607773314,R1-6,right,720575940607773314,720575940620941038,720575940620941038,yes,LA_R,59,1,ACH:59,no,no,0,Alternative automated synapse calls in the same specimen; not original v783 measured graph or physiological validation
Princeton_2025_same_FAFB_v783_roots,filtered_ge5_pair,P_alternative_automated_detector,720575940627855768,R1-6,right,720575940627855768,720575940623253068,720575940623253068,yes,LA_R,59,1,ACH:59,no,no,0,Alternative automated synapse calls in the same specimen; not original v783 measured graph or physiological validation
Princeton_2025_same_FAFB_v783_roots,filtered_ge5_pair,P_alternative_automated_detector,720575940635013020,R1-6,right,720575940635013020,720575940632505898,720575940632505898,yes,LA_R,59,1,ACH:59,no,no,0,Alternative automated synapse calls in the same specimen; not original v783 measured graph or physiological validation
Princeton_2025_same_FAFB_v783_roots,filtered_ge5_pair,P_alternative_automated_detector,720575940644276128,R1-6,right,720575940644276128,720575940622074790,720575940622074790,yes,LA_R,59,1,ACH:59,no,no,0,Alternative automated synapse calls in the same specimen; not original v783 measured graph or physiological validation
Princeton_2025_same_FAFB_v783_roots,filtered_ge5_pair,P_alternative_automated_detector,720575940627638558,R1-6,right,720575940627638558,720575940628160004,720575940628160004,yes,LA_R,58,1,ACH:58,no,no,0,Alternative automated synapse calls in the same specimen; not original v783 measured graph or physiological validation
Princeton_2025_same_FAFB_v783_roots,filtered_ge5_pair,P_alternative_automated_detector,720575940629285873,R1-6,right,720575940629285873,720575940613675030,720575940613675030,yes,LA_R,58,1,ACH:58,no,no,0,Alternative automated synapse calls in the same specimen; not original v783 measured graph or physiological validation
Princeton_2025_same_FAFB_v783_roots,filtered_ge5_pair,P_alternative_automated_detector,720575940638872553,R1-6,left,720575940638872553,720575940620698048,720575940620698048,yes,LA_L,58,1,ACH:58,no,no,0,Alternative automated synapse calls in the same specimen; not original v783 measured graph or physiological validation
Princeton_2025_same_FAFB_v783_roots,filtered_ge5_pair,P_alternative_automated_detector,720575940631505260,R1-6,left,720575940631505260,720575940625615508,720575940625615508,yes,LA_L,57,1,ACH:57,no,no,0,Alternative automated synapse calls in the same specimen; not original v783 measured graph or physiological validation
Princeton_2025_same_FAFB_v783_roots,filtered_ge5_pair,P_alternative_automated_detector,720575940618150105,R1-6,right,720575940618150105,720575940616129642,720575940616129642,yes,LA_R,56,1,ACH:56,no,no,0,Alternative automated synapse calls in the same specimen; not original v783 measured graph or physiological validation
Princeton_2025_same_FAFB_v783_roots,filtered_ge5_pair,P_alternative_automated_detector,720575940618864724,R1-6,left,720575940618864724,720575940636916910,720575940636916910,yes,LA_L,56,1,ACH:56,no,no,0,Alternative automated synapse calls in the same specimen; not original v783 measured graph or physiological validation
Princeton_2025_same_FAFB_v783_roots,filtered_ge5_pair,P_alternative_automated_detector,720575940625717747,R1-6,right,720575940625717747,720575940630873548,720575940630873548,yes,LA_R,56,1,ACH:56,no,no,0,Alternative automated synapse calls in the same specimen; not original v783 measured graph or physiological validation
Princeton_2025_same_FAFB_v783_roots,filtered_ge5_pair,P_alternative_automated_detector,720575940640017597,R1-6,right,720575940640017597,720575940644555168,720575940644555168,yes,LA_R,56,1,ACH:56,no,no,0,Alternative automated synapse calls in the same specimen; not original v783 measured graph or physiological validation
Princeton_2025_same_FAFB_v783_roots,filtered_ge5_pair,P_alternative_automated_detector,720575940631647173,R1-6,right,720575940631647173,720575940626013112,720575940626013112,yes,LA_R,55,1,ACH:55,no,no,0,Alternative automated synapse calls in the same specimen; not original v783 measured graph or physiological validation
Princeton_2025_same_FAFB_v783_roots,filtered_ge5_pair,P_alternative_automated_detector,720575940623003169,R1-6,right,720575940623003169,720575940620734544,720575940620734544,yes,LA_R,54,1,ACH:54,no,no,0,Alternative automated synapse calls in the same specimen; not original v783 measured graph or physiological validation
Princeton_2025_same_FAFB_v783_roots,filtered_ge5_pair,P_alternative_automated_detector,720575940628955722,R1-6,left,720575940628955722,720575940604963552,720575940604963552,yes,LA_L,54,1,ACH:54,no,no,0,Alternative automated synapse calls in the same specimen; not original v783 measured graph or physiological validation
Princeton_2025_same_FAFB_v783_roots,filtered_ge5_pair,P_alternative_automated_detector,720575940630871260,R1-6,right,720575940630871260,720575940617293398,720575940617293398,yes,LA_R,54,1,ACH:54,no,no,0,Alternative automated synapse calls in the same specimen; not original v783 measured graph or physiological validation
Princeton_2025_same_FAFB_v783_roots,filtered_ge5_pair,P_alternative_automated_detector,720575940631286636,R1-6,right,720575940631286636,720575940614200722,720575940614200722,yes,LA_R,54,1,ACH:54,no,no,0,Alternative automated synapse calls in the same specimen; not original v783 measured graph or physiological validation
Princeton_2025_same_FAFB_v783_roots,filtered_ge5_pair,P_alternative_automated_detector,720575940631647173,R1-6,right,720575940631647173,720575940612977834,720575940612977834,yes,LA_R,54,1,ACH:54,no,no,0,Alternative automated synapse calls in the same specimen; not original v783 measured graph or physiological validation
Princeton_2025_same_FAFB_v783_roots,filtered_ge5_pair,P_alternative_automated_detector,720575940616346822,R1-6,right,720575940616346822,720575940623621414,720575940623621414,yes,LA_R,53,1,ACH:53,no,no,0,Alternative automated synapse calls in the same specimen; not original v783 measured graph or physiological validation
Princeton_2025_same_FAFB_v783_roots,filtered_ge5_pair,P_alternative_automated_detector,720575940618437922,R1-6,right,720575940618437922,720575940616222879,720575940616222879,yes,LA_R,53,1,ACH:53,no,no,0,Alternative automated synapse calls in the same specimen; not original v783 measured graph or physiological validation
Princeton_2025_same_FAFB_v783_roots,filtered_ge5_pair,P_alternative_automated_detector,720575940618663069,R1-6,right,720575940618663069,720575940647428643,720575940647428643,yes,LA_R,53,1,ACH:53,no,no,0,Alternative automated synapse calls in the same specimen; not original v783 measured graph or physiological validation
Princeton_2025_same_FAFB_v783_roots,filtered_ge5_pair,P_alternative_automated_detector,720575940621193051,R1-6,right,720575940621193051,720575940622074790,720575940622074790,yes,LA_R,53,1,ACH:53,no,no,0,Alternative automated synapse calls in the same specimen; not original v783 measured graph or physiological validation
Princeton_2025_same_FAFB_v783_roots,filtered_ge5_pair,P_alternative_automated_detector,720575940621462511,R1-6,right,720575940621462511,720575940625514023,720575940625514023,yes,LA_R,53,1,ACH:53,no,no,0,Alternative automated synapse calls in the same specimen; not original v783 measured graph or physiological validation
Princeton_2025_same_FAFB_v783_roots,filtered_ge5_pair,P_alternative_automated_detector,720575940625717747,R1-6,right,720575940625717747,720575940647662388,720575940647662388,yes,LA_R,53,1,ACH:53,no,no,0,Alternative automated synapse calls in the same specimen; not original v783 measured graph or physiological validation
Princeton_2025_same_FAFB_v783_roots,filtered_ge5_pair,P_alternative_automated_detector,720575940627855768,R1-6,right,720575940627855768,720575940624885687,720575940624885687,yes,LA_R,53,1,ACH:53,no,no,0,Alternative automated synapse calls in the same specimen; not original v783 measured graph or physiological validation
Princeton_2025_same_FAFB_v783_roots,filtered_ge5_pair,P_alternative_automated_detector,720575940645941027,R1-6,right,720575940645941027,720575940644555168,720575940644555168,yes,LA_R,53,1,ACH:53,no,no,0,Alternative automated synapse calls in the same specimen; not original v783 measured graph or physiological validation
Princeton_2025_same_FAFB_v783_roots,filtered_ge5_pair,P_alternative_automated_detector,720575940645991278,R1-6,right,720575940645991278,720575940640507533,720575940640507533,yes,LA_R,53,1,ACH:53,no,no,0,Alternative automated synapse calls in the same specimen; not original v783 measured graph or physiological validation
Princeton_2025_same_FAFB_v783_roots,filtered_ge5_pair,P_alternative_automated_detector,720575940618150105,R1-6,right,720575940618150105,720575940624227366,720575940624227366,yes,LA_R,52,1,ACH:52,no,no,0,Alternative automated synapse calls in the same specimen; not original v783 measured graph or physiological validation
Princeton_2025_same_FAFB_v783_roots,filtered_ge5_pair,P_alternative_automated_detector,720575940618712221,R1-6,right,720575940618712221,720575940625075453,720575940625075453,yes,LA_R,52,1,ACH:52,no,no,0,Alternative automated synapse calls in the same specimen; not original v783 measured graph or physiological validation
Princeton_2025_same_FAFB_v783_roots,filtered_ge5_pair,P_alternative_automated_detector,720575940631186550,R1-6,right,720575940631186550,720575940625282488,720575940625282488,yes,LA_R,52,1,ACH:52,no,no,0,Alternative automated synapse calls in the same specimen; not original v783 measured graph or physiological validation
Princeton_2025_same_FAFB_v783_roots,filtered_ge5_pair,P_alternative_automated_detector,720575940633188492,R1-6,right,720575940633188492,720575940612970262,720575940612970262,yes,LA_R,52,1,ACH:52,no,no,0,Alternative automated synapse calls in the same specimen; not original v783 measured graph or physiological validation
Princeton_2025_same_FAFB_v783_roots,filtered_ge5_pair,P_alternative_automated_detector,720575940645941027,R1-6,right,720575940645941027,720575940622638106,720575940622638106,yes,LA_R,52,1,ACH:52,no,no,0,Alternative automated synapse calls in the same specimen; not original v783 measured graph or physiological validation
Princeton_2025_same_FAFB_v783_roots,filtered_ge5_pair,P_alternative_automated_detector,720575940623239133,R1-6,right,720575940623239133,720575940625282488,720575940625282488,yes,LA_R,51,1,ACH:51,no,no,0,Alternative automated synapse calls in the same specimen; not original v783 measured graph or physiological validation
Princeton_2025_same_FAFB_v783_roots,filtered_ge5_pair,P_alternative_automated_detector,720575940625781692,R1-6,right,720575940625781692,720575940613253874,720575940613253874,yes,LA_R,51,1,ACH:51,no,no,0,Alternative automated synapse calls in the same specimen; not original v783 measured graph or physiological validation
Princeton_2025_same_FAFB_v783_roots,filtered_ge5_pair,P_alternative_automated_detector,720575940628728040,R1-6,left,720575940628728040,720575940652335862,720575940652335862,yes,LA_L,51,1,ACH:51,no,no,0,Alternative automated synapse calls in the same specimen; not original v783 measured graph or physiological validation
Princeton_2025_same_FAFB_v783_roots,filtered_ge5_pair,P_alternative_automated_detector,720575940609016668,R1-6,right,720575940609016668,720575940628695751,720575940628695751,yes,LA_R,50,1,ACH:50,no,no,0,Alternative automated synapse calls in the same specimen; not original v783 measured graph or physiological validation
Princeton_2025_same_FAFB_v783_roots,filtered_ge5_pair,P_alternative_automated_detector,720575940610821188,R1-6,right,720575940610821188,720575940613459314,720575940613459314,yes,LA_R,50,1,ACH:50,no,no,0,Alternative automated synapse calls in the same specimen; not original v783 measured graph or physiological validation
Princeton_2025_same_FAFB_v783_roots,filtered_ge5_pair,P_alternative_automated_detector,720575940612735194,R1-6,right,720575940612735194,720575940625590460,720575940625590460,yes,LA_R,50,1,ACH:50,no,no,0,Alternative automated synapse calls in the same specimen; not original v783 measured graph or physiological validation
Princeton_2025_same_FAFB_v783_roots,filtered_ge5_pair,P_alternative_automated_detector,720575940621482667,R1-6,left,720575940621482667,720575940630327040,720575940630327040,yes,LA_L,50,1,ACH:50,no,no,0,Alternative automated synapse calls in the same specimen; not original v783 measured graph or physiological validation
Princeton_2025_same_FAFB_v783_roots,filtered_ge5_pair,P_alternative_automated_detector,720575940622545023,R1-6,right,720575940622545023,720575940627311491,720575940627311491,yes,LA_R,50,1,ACH:50,no,no,0,Alternative automated synapse calls in the same specimen; not original v783 measured graph or physiological validation
Princeton_2025_same_FAFB_v783_roots,filtered_ge5_pair,P_alternative_automated_detector,720575940633176351,R1-6,right,720575940633176351,720575940617044018,720575940617044018,yes,LA_R,50,1,ACH:50,no,no,0,Alternative automated synapse calls in the same specimen; not original v783 measured graph or physiological validation
Princeton_2025_same_FAFB_v783_roots,filtered_ge5_pair,P_alternative_automated_detector,720575940618864724,R1-6,left,720575940618864724,720575940614519021,720575940614519021,yes,LA_L,49,1,ACH:49,no,no,0,Alternative automated synapse calls in the same specimen; not original v783 measured graph or physiological validation
Princeton_2025_same_FAFB_v783_roots,filtered_ge5_pair,P_alternative_automated_detector,720575940621349285,R1-6,right,720575940621349285,720575940639020122,720575940639020122,yes,LA_R,49,1,ACH:49,no,no,0,Alternative automated synapse calls in the same specimen; not original v783 measured graph or physiological validation
Princeton_2025_same_FAFB_v783_roots,filtered_ge5_pair,P_alternative_automated_detector,720575940622132656,R1-6,left,720575940622132656,720575940618174292,720575940618174292,yes,LA_L,49,1,ACH:49,no,no,0,Alternative automated synapse calls in the same specimen; not original v783 measured graph or physiological validation
Princeton_2025_same_FAFB_v783_roots,filtered_ge5_pair,P_alternative_automated_detector,720575940623005308,R1-6,right,720575940623005308,720575940625274772,720575940625274772,yes,LA_R,49,1,ACH:49,no,no,0,Alternative automated synapse calls in the same specimen; not original v783 measured graph or physiological validation
Princeton_2025_same_FAFB_v783_roots,filtered_ge5_pair,P_alternative_automated_detector,720575940624139305,R1-6,right,720575940624139305,720575940613866098,720575940613866098,yes,LA_R,49,1,ACH:49,no,no,0,Alternative automated synapse calls in the same specimen; not original v783 measured graph or physiological validation
Princeton_2025_same_FAFB_v783_roots,filtered_ge5_pair,P_alternative_automated_detector,720575940628789064,R1-6,right,720575940628789064,720575940620229236,720575940620229236,yes,LA_R,49,1,ACH:49,no,no,0,Alternative automated synapse calls in the same specimen; not original v783 measured graph or physiological validation
Princeton_2025_same_FAFB_v783_roots,filtered_ge5_pair,P_alternative_automated_detector,720575940629714793,R1-6,right,720575940629714793,720575940640507533,720575940640507533,yes,LA_R,49,1,ACH:49,no,no,0,Alternative automated synapse calls in the same specimen; not original v783 measured graph or physiological validation
Princeton_2025_same_FAFB_v783_roots,filtered_ge5_pair,P_alternative_automated_detector,720575940647229219,R1-6,right,720575940647229219,720575940620724160,720575940620724160,yes,LA_R,49,1,ACH:49,no,no,0,Alternative automated synapse calls in the same specimen; not original v783 measured graph or physiological validation
Princeton_2025_same_FAFB_v783_roots,filtered_ge5_pair,P_alternative_automated_detector,720575940613474474,R1-6,right,720575940613474474,720575940612708010,720575940612708010,yes,LA_R,48,1,ACH:48,no,no,0,Alternative automated synapse calls in the same specimen; not original v783 measured graph or physiological validation
Princeton_2025_same_FAFB_v783_roots,filtered_ge5_pair,P_alternative_automated_detector,720575940618531618,R1-6,right,720575940618531618,720575940621643457,720575940621643457,yes,LA_R,48,1,ACH:48,no,no,0,Alternative automated synapse calls in the same specimen; not original v783 measured graph or physiological validation
Princeton_2025_same_FAFB_v783_roots,filtered_ge5_pair,P_alternative_automated_detector,720575940618712221,R1-6,right,720575940618712221,720575940627707529,720575940627707529,yes,LA_R,48,1,ACH:48,no,no,0,Alternative automated synapse calls in the same specimen; not original v783 measured graph or physiological validation
Princeton_2025_same_FAFB_v783_roots,filtered_ge5_pair,P_alternative_automated_detector,720575940620753744,R1-6,right,720575940620753744,720575940644555168,720575940644555168,yes,LA_R,48,1,ACH:48,no,no,0,Alternative automated synapse calls in the same specimen; not original v783 measured graph or physiological validation
Princeton_2025_same_FAFB_v783_roots,filtered_ge5_pair,P_alternative_automated_detector,720575940621944941,R1-6,right,720575940621944941,720575940655593889,720575940655593889,yes,LA_R,48,1,ACH:48,no,no,0,Alternative automated synapse calls in the same specimen; not original v783 measured graph or physiological validation
Princeton_2025_same_FAFB_v783_roots,filtered_ge5_pair,P_alternative_automated_detector,720575940627138306,R1-6,right,720575940627138306,720575940620490661,720575940620490661,yes,LA_R,48,1,ACH:48,no,no,0,Alternative automated synapse calls in the same specimen; not original v783 measured graph or physiological validation
Princeton_2025_same_FAFB_v783_roots,filtered_ge5_pair,P_alternative_automated_detector,720575940635168407,R1-6,right,720575940635168407,720575940620778516,720575940620778516,yes,LA_R,48,1,ACH:48,no,no,0,Alternative automated synapse calls in the same specimen; not original v783 measured graph or physiological validation
Princeton_2025_same_FAFB_v783_roots,filtered_ge5_pair,P_alternative_automated_detector,720575940635168407,R1-6,right,720575940635168407,720575940640620349,720575940640620349,yes,LA_R,48,1,ACH:48,no,no,0,Alternative automated synapse calls in the same specimen; not original v783 measured graph or physiological validation
Princeton_2025_same_FAFB_v783_roots,filtered_ge5_pair,P_alternative_automated_detector,720575940638556382,R1-6,left,720575940638556382,720575940637169008,720575940637169008,yes,LA_L,48,1,ACH:48,no,no,0,Alternative automated synapse calls in the same specimen; not original v783 measured graph or physiological validation
Princeton_2025_same_FAFB_v783_roots,filtered_ge5_pair,P_alternative_automated_detector,720575940610715204,R1-6,right,720575940610715204,720575940625590460,720575940625590460,yes,LA_R,47,1,ACH:47,no,no,0,Alternative automated synapse calls in the same specimen; not original v783 measured graph or physiological validation
Princeton_2025_same_FAFB_v783_roots,filtered_ge5_pair,P_alternative_automated_detector,720575940618115289,R1-6,right,720575940618115289,720575940629706343,720575940629706343,yes,LA_R,47,1,ACH:47,no,no,0,Alternative automated synapse calls in the same specimen; not original v783 measured graph or physiological validation
Princeton_2025_same_FAFB_v783_roots,filtered_ge5_pair,P_alternative_automated_detector,720575940618849537,R1-6,left,720575940618849537,720575940609236060,720575940609236060,yes,LA_L,47,1,ACH:47,no,no,0,Alternative automated synapse calls in the same specimen; not original v783 measured graph or physiological validation
Princeton_2025_same_FAFB_v783_roots,filtered_ge5_pair,P_alternative_automated_detector,720575940620666315,R1-6,right,720575940620666315,720575940626014734,720575940626014734,yes,LA_R,47,1,ACH:47,no,no,0,Alternative automated synapse calls in the same specimen; not original v783 measured graph or physiological validation
Princeton_2025_same_FAFB_v783_roots,filtered_ge5_pair,P_alternative_automated_detector,720575940622303216,R1-6,right,720575940622303216,720575940625274772,720575940625274772,yes,LA_R,47,1,ACH:47,no,no,0,Alternative automated synapse calls in the same specimen; not original v783 measured graph or physiological validation
Princeton_2025_same_FAFB_v783_roots,filtered_ge5_pair,P_alternative_automated_detector,720575940631750095,R1-6,right,720575940631750095,720575940628160004,720575940628160004,yes,LA_R,47,1,ACH:47,no,no,0,Alternative automated synapse calls in the same specimen; not original v783 measured graph or physiological validation
Princeton_2025_same_FAFB_v783_roots,filtered_ge5_pair,P_alternative_automated_detector,720575940633176351,R1-6,right,720575940633176351,720575940652575222,720575940652575222,yes,LA_R,47,1,ACH:47,no,no,0,Alternative automated synapse calls in the same specimen; not original v783 measured graph or physiological validation
Princeton_2025_same_FAFB_v783_roots,filtered_ge5_pair,P_alternative_automated_detector,720575940655596193,R1-6,right,720575940655596193,720575940621292992,720575940621292992,yes,LA_R,47,1,ACH:47,no,no,0,Alternative automated synapse calls in the same specimen; not original v783 measured graph or physiological validation
Princeton_2025_same_FAFB_v783_roots,filtered_ge5_pair,P_alternative_automated_detector,720575940612899763,R1-6,right,720575940612899763,720575940623441151,720575940623441151,yes,LA_R,46,1,ACH:46,no,no,0,Alternative automated synapse calls in the same specimen; not original v783 measured graph or physiological validation
Princeton_2025_same_FAFB_v783_roots,filtered_ge5_pair,P_alternative_automated_detector,720575940621193051,R1-6,right,720575940621193051,720575940605376224,720575940605376224,yes,LA_R,46,1,ACH:46,no,no,0,Alternative automated synapse calls in the same specimen; not original v783 measured graph or physiological validation
Princeton_2025_same_FAFB_v783_roots,filtered_ge5_pair,P_alternative_automated_detector,720575940632581945,R1-6,right,720575940632581945,720575940616222879,720575940616222879,yes,LA_R,46,1,ACH:46,no,no,0,Alternative automated synapse calls in the same specimen; not original v783 measured graph or physiological validation
Princeton_2025_same_FAFB_v783_roots,filtered_ge5_pair,P_alternative_automated_detector,720575940606503870,R1-6,right,720575940606503870,720575940629706343,720575940629706343,yes,LA_R,45,1,ACH:45,no,no,0,Alternative automated synapse calls in the same specimen; not original v783 measured graph or physiological validation
Princeton_2025_same_FAFB_v783_roots,filtered_ge5_pair,P_alternative_automated_detector,720575940617920827,R1-6,right,720575940617920827,720575940624468809,720575940624468809,yes,LA_R,45,1,ACH:45,no,no,0,Alternative automated synapse calls in the same specimen; not original v783 measured graph or physiological validation
Princeton_2025_same_FAFB_v783_roots,filtered_ge5_pair,P_alternative_automated_detector,720575940618849537,R1-6,left,720575940618849537,720575940618219067,720575940618219067,yes,LA_L,45,1,ACH:45,no,no,0,Alternative automated synapse calls in the same specimen; not original v783 measured graph or physiological validation
Princeton_2025_same_FAFB_v783_roots,filtered_ge5_pair,P_alternative_automated_detector,720575940620722000,R1-6,right,720575940620722000,720575940624038340,720575940624038340,yes,LA_R,45,1,ACH:45,no,no,0,Alternative automated synapse calls in the same specimen; not original v783 measured graph or physiological validation
Princeton_2025_same_FAFB_v783_roots,filtered_ge5_pair,P_alternative_automated_detector,720575940622056368,R1-6,right,720575940622056368,720575940628160004,720575940628160004,yes,LA_R,45,1,ACH:45,no,no,0,Alternative automated synapse calls in the same specimen; not original v783 measured graph or physiological validation
Princeton_2025_same_FAFB_v783_roots,filtered_ge5_pair,P_alternative_automated_detector,720575940622799137,R1-6,right,720575940622799137,720575940625282488,720575940625282488,yes,LA_R,45,1,ACH:45,no,no,0,Alternative automated synapse calls in the same specimen; not original v783 measured graph or physiological validation
Princeton_2025_same_FAFB_v783_roots,filtered_ge5_pair,P_alternative_automated_detector,720575940624870217,R1-6,right,720575940624870217,720575940630123351,720575940630123351,yes,LA_R,45,1,ACH:45,no,no,0,Alternative automated synapse calls in the same specimen; not original v783 measured graph or physiological validation
Princeton_2025_same_FAFB_v783_roots,filtered_ge5_pair,P_alternative_automated_detector,720575940627671433,R1-6,right,720575940627671433,720575940616593221,720575940616593221,yes,LA_R,45,1,ACH:45,no,no,0,Alternative automated synapse calls in the same specimen; not original v783 measured graph or physiological validation
Princeton_2025_same_FAFB_v783_roots,filtered_ge5_pair,P_alternative_automated_detector,720575940628442389,R1-6,right,720575940628442389,720575940628975690,720575940628975690,yes,LA_R,45,1,ACH:45,no,no,0,Alternative automated synapse calls in the same specimen; not original v783 measured graph or physiological validation
Princeton_2025_same_FAFB_v783_roots,filtered_ge5_pair,P_alternative_automated_detector,720575940629499395,R1-6,right,720575940629499395,720575940621643457,720575940621643457,yes,LA_R,45,1,ACH:45,no,no,0,Alternative automated synapse calls in the same specimen; not original v783 measured graph or physiological validation
Princeton_2025_same_FAFB_v783_roots,filtered_ge5_pair,P_alternative_automated_detector,720575940635013020,R1-6,right,720575940635013020,720575940627203843,720575940627203843,yes,LA_R,45,1,ACH:45,no,no,0,Alternative automated synapse calls in the same specimen; not original v783 measured graph or physiological validation
Princeton_2025_same_FAFB_v783_roots,filtered_ge5_pair,P_alternative_automated_detector,720575940609221900,R1-6,left,720575940609221900,720575940615179094,720575940615179094,yes,LA_L,44,1,ACH:44,no,no,0,Alternative automated synapse calls in the same specimen; not original v783 measured graph or physiological validation
Princeton_2025_same_FAFB_v783_roots,filtered_ge5_pair,P_alternative_automated_detector,720575940612839793,R1-6,right,720575940612839793,720575940613675030,720575940613675030,yes,LA_R,44,1,ACH:44,no,no,0,Alternative automated synapse calls in the same specimen; not original v783 measured graph or physiological validation
Princeton_2025_same_FAFB_v783_roots,filtered_ge5_pair,P_alternative_automated_detector,720575940613971683,R1-6,right,720575940613971683,720575940630863104,720575940630863104,yes,LA_R,44,1,ACH:44,no,no,0,Alternative automated synapse calls in the same specimen; not original v783 measured graph or physiological validation
Princeton_2025_same_FAFB_v783_roots,filtered_ge5_pair,P_alternative_automated_detector,720575940618663069,R1-6,right,720575940618663069,720575940606810889,720575940606810889,yes,LA_R,44,1,ACH:44,no,no,0,Alternative automated synapse calls in the same specimen; not original v783 measured graph or physiological validation
Princeton_2025_same_FAFB_v783_roots,filtered_ge5_pair,P_alternative_automated_detector,720575940618712221,R1-6,right,720575940618712221,720575940626912787,720575940626912787,yes,LA_R,44,1,ACH:44,no,no,0,Alternative automated synapse calls in the same specimen; not original v783 measured graph or physiological validation
Princeton_2025_same_FAFB_v783_roots,filtered_ge5_pair,P_alternative_automated_detector,720575940620665680,R1-6,left,720575940620665680,720575940635946091,720575940635946091,yes,LA_L,44,1,ACH:44,no,no,0,Alternative automated synapse calls in the same specimen; not original v783 measured graph or physiological validation
Princeton_2025_same_FAFB_v783_roots,filtered_ge5_pair,P_alternative_automated_detector,720575940621090213,R1-6,right,720575940621090213,720575940621292992,720575940621292992,yes,LA_R,44,1,ACH:44,no,no,0,Alternative automated synapse calls in the same specimen; not original v783 measured graph or physiological validation
Princeton_2025_same_FAFB_v783_roots,filtered_ge5_pair,P_alternative_automated_detector,720575940621482667,R1-6,left,720575940621482667,720575940624227210,720575940624227210,yes,LA_L,44,1,ACH:44,no,no,0,Alternative automated synapse calls in the same specimen; not original v783 measured graph or physiological validation
Princeton_2025_same_FAFB_v783_roots,filtered_ge5_pair,P_alternative_automated_detector,720575940622270273,R1-6,right,720575940622270273,720575940629222087,720575940629222087,yes,LA_R,44,1,ACH:44,no,no,0,Alternative automated synapse calls in the same specimen; not original v783 measured graph or physiological validation
Princeton_2025_same_FAFB_v783_roots,filtered_ge5_pair,P_alternative_automated_detector,720575940625113015,R1-6,right,720575940625113015,720575940626023568,720575940626023568,yes,LA_R,44,1,ACH:44,no,no,0,Alternative automated synapse calls in the same specimen; not original v783 measured graph or physiological validation
Princeton_2025_same_FAFB_v783_roots,filtered_ge5_pair,P_alternative_automated_detector,720575940626928740,R1-6,right,720575940626928740,720575940628220682,720575940628220682,yes,LA_R,44,1,ACH:44,no,no,0,Alternative automated synapse calls in the same specimen; not original v783 measured graph or physiological validation
Princeton_2025_same_FAFB_v783_roots,filtered_ge5_pair,P_alternative_automated_detector,720575940629285873,R1-6,right,720575940629285873,720575940608164994,720575940608164994,yes,LA_R,44,1,ACH:44,no,no,0,Alternative automated synapse calls in the same specimen; not original v783 measured graph or physiological validation
Princeton_2025_same_FAFB_v783_roots,filtered_ge5_pair,P_alternative_automated_detector,720575940631301883,R1-6,right,720575940631301883,720575940614574511,720575940614574511,yes,LA_R,44,1,ACH:44,no,no,0,Alternative automated synapse calls in the same specimen; not original v783 measured graph or physiological validation
Princeton_2025_same_FAFB_v783_roots,filtered_ge5_pair,P_alternative_automated_detector,720575940633561887,R1-6,right,720575940633561887,720575940626380365,720575940626380365,yes,LA_R,44,1,ACH:44,no,no,0,Alternative automated synapse calls in the same specimen; not original v783 measured graph or physiological validation
Princeton_2025_same_FAFB_v783_roots,filtered_ge5_pair,P_alternative_automated_detector,720575940638921700,R1-6,right,720575940638921700,720575940637125495,720575940637125495,yes,LA_R,44,1,ACH:44,no,no,0,Alternative automated synapse calls in the same specimen; not original v783 measured graph or physiological validation
Princeton_2025_same_FAFB_v783_roots,filtered_ge5_pair,P_alternative_automated_detector,720575940640017597,R1-6,right,720575940640017597,720575940622638106,720575940622638106,yes,LA_R,44,1,ACH:44,no,no,0,Alternative automated synapse calls in the same specimen; not original v783 measured graph or physiological validation
Princeton_2025_same_FAFB_v783_roots,filtered_ge5_pair,P_alternative_automated_detector,720575940607773314,R1-6,right,720575940607773314,720575940617338683,720575940617338683,yes,LA_R,43,1,ACH:43,no,no,0,Alternative automated synapse calls in the same specimen; not original v783 measured graph or physiological validation
Princeton_2025_same_FAFB_v783_roots,filtered_ge5_pair,P_alternative_automated_detector,720575940611550840,R1-6,right,720575940611550840,720575940625514023,720575940625514023,yes,LA_R,43,1,ACH:43,no,no,0,Alternative automated synapse calls in the same specimen; not original v783 measured graph or physiological validation
Princeton_2025_same_FAFB_v783_roots,filtered_ge5_pair,P_alternative_automated_detector,720575940612943066,R1-6,right,720575940612943066,720575940606811657,720575940606811657,yes,LA_R,43,1,ACH:43,no,no,0,Alternative automated synapse calls in the same specimen; not original v783 measured graph or physiological validation
Princeton_2025_same_FAFB_v783_roots,filtered_ge5_pair,P_alternative_automated_detector,720575940615167742,R1-6,right,720575940615167742,720575940645102372,720575940645102372,yes,LA_R,43,1,ACH:43,no,no,0,Alternative automated synapse calls in the same specimen; not original v783 measured graph or physiological validation
Princeton_2025_same_FAFB_v783_roots,filtered_ge5_pair,P_alternative_automated_detector,720575940620665680,R1-6,left,720575940620665680,720575940652335862,720575940652335862,yes,LA_L,43,1,ACH:43,no,no,0,Alternative automated synapse calls in the same specimen; not original v783 measured graph or physiological validation
Princeton_2025_same_FAFB_v783_roots,filtered_ge5_pair,P_alternative_automated_detector,720575940622404991,R1-6,right,720575940622404991,720575940625590460,720575940625590460,yes,LA_R,43,1,ACH:43,no,no,0,Alternative automated synapse calls in the same specimen; not original v783 measured graph or physiological validation
Princeton_2025_same_FAFB_v783_roots,filtered_ge5_pair,P_alternative_automated_detector,720575940625717747,R1-6,right,720575940625717747,720575940625652272,720575940625652272,yes,LA_R,43,1,ACH:43,no,no,0,Alternative automated synapse calls in the same specimen; not original v783 measured graph or physiological validation
Princeton_2025_same_FAFB_v783_roots,filtered_ge5_pair,P_alternative_automated_detector,720575940629854507,R1-6,right,720575940629854507,720575940628220682,720575940628220682,yes,LA_R,43,1,ACH:43,no,no,0,Alternative automated synapse calls in the same specimen; not original v783 measured graph or physiological validation
Princeton_2025_same_FAFB_v783_roots,filtered_ge5_pair,P_alternative_automated_detector,720575940631286636,R1-6,right,720575940631286636,720575940624293578,720575940624293578,yes,LA_R,43,1,ACH:43,no,no,0,Alternative automated synapse calls in the same specimen; not original v783 measured graph or physiological validation
Princeton_2025_same_FAFB_v783_roots,filtered_ge5_pair,P_alternative_automated_detector,720575940635677887,R1-6,right,720575940635677887,720575940613980712,720575940613980712,yes,LA_R,43,1,ACH:43,no,no,0,Alternative automated synapse calls in the same specimen; not original v783 measured graph or physiological validation
Princeton_2025_same_FAFB_v783_roots,filtered_ge5_pair,P_alternative_automated_detector,720575940638616922,R1-6,right,720575940638616922,720575940616158530,720575940616158530,yes,LA_R,43,1,ACH:43,no,no,0,Alternative automated synapse calls in the same specimen; not original v783 measured graph or physiological validation
Princeton_2025_same_FAFB_v783_roots,filtered_ge5_pair,P_alternative_automated_detector,720575940607860169,R1-6,right,720575940607860169,720575940639886755,720575940639886755,yes,LA_R,42,1,ACH:42,no,no,0,Alternative automated synapse calls in the same specimen; not original v783 measured graph or physiological validation
Princeton_2025_same_FAFB_v783_roots,filtered_ge5_pair,P_alternative_automated_detector,720575940618718977,R1-6,right,720575940618718977,720575940618067161,720575940618067161,yes,LA_R,42,1,ACH:42,no,no,0,Alternative automated synapse calls in the same specimen; not original v783 measured graph or physiological validation
Princeton_2025_same_FAFB_v783_roots,filtered_ge5_pair,P_alternative_automated_detector,720575940620232920,R1-6,right,720575940620232920,720575940625075453,720575940625075453,yes,LA_R,42,1,ACH:42,no,no,0,Alternative automated synapse calls in the same specimen; not original v783 measured graph or physiological validation
Princeton_2025_same_FAFB_v783_roots,filtered_ge5_pair,P_alternative_automated_detector,720575940620666315,R1-6,right,720575940620666315,720575940612877937,720575940612877937,yes,LA_R,42,1,ACH:42,no,no,0,Alternative automated synapse calls in the same specimen; not original v783 measured graph or physiological validation
Princeton_2025_same_FAFB_v783_roots,filtered_ge5_pair,P_alternative_automated_detector,720575940622132656,R1-6,left,720575940622132656,720575940620413679,720575940620413679,yes,LA_L,42,1,ACH:42,no,no,0,Alternative automated synapse calls in the same specimen; not original v783 measured graph or physiological validation
Princeton_2025_same_FAFB_v783_roots,filtered_ge5_pair,P_alternative_automated_detector,720575940622814302,R1-6,right,720575940622814302,720575940627265176,720575940627265176,yes,LA_R,42,1,ACH:42,no,no,0,Alternative automated synapse calls in the same specimen; not original v783 measured graph or physiological validation
Princeton_2025_same_FAFB_v783_roots,filtered_ge5_pair,P_alternative_automated_detector,720575940624139305,R1-6,right,720575940624139305,720575940625798332,720575940625798332,yes,LA_R,42,1,ACH:42,no,no,0,Alternative automated synapse calls in the same specimen; not original v783 measured graph or physiological validation
Princeton_2025_same_FAFB_v783_roots,filtered_ge5_pair,P_alternative_automated_detector,720575940628648936,R1-6,right,720575940628648936,720575940609358603,720575940609358603,yes,LA_R,42,1,ACH:42,no,no,0,Alternative automated synapse calls in the same specimen; not original v783 measured graph or physiological validation
Princeton_2025_same_FAFB_v783_roots,filtered_ge5_pair,P_alternative_automated_detector,720575940630485626,R1-6,right,720575940630485626,720575940612970262,720575940612970262,yes,LA_R,42,1,ACH:42,no,no,0,Alternative automated synapse calls in the same specimen; not original v783 measured graph or physiological validation
Princeton_2025_same_FAFB_v783_roots,filtered_ge5_pair,P_alternative_automated_detector,720575940631186550,R1-6,right,720575940631186550,720575940617537117,720575940617537117,yes,LA_R,42,1,ACH:42,no,no,0,Alternative automated synapse calls in the same specimen; not original v783 measured graph or physiological validation
Princeton_2025_same_FAFB_v783_roots,filtered_ge5_pair,P_alternative_automated_detector,720575940631301883,R1-6,right,720575940631301883,720575940613865586,720575940613865586,yes,LA_R,42,1,ACH:42,no,no,0,Alternative automated synapse calls in the same specimen; not original v783 measured graph or physiological validation
Princeton_2025_same_FAFB_v783_roots,filtered_ge5_pair,P_alternative_automated_detector,720575940631845839,R1-6,right,720575940631845839,720575940625514023,720575940625514023,yes,LA_R,42,1,ACH:42,no,no,0,Alternative automated synapse calls in the same specimen; not original v783 measured graph or physiological validation
Princeton_2025_same_FAFB_v783_roots,filtered_ge5_pair,P_alternative_automated_detector,720575940632189970,R1-6,right,720575940632189970,720575940618278868,720575940618278868,yes,LA_R,42,1,ACH:42,no,no,0,Alternative automated synapse calls in the same specimen; not original v783 measured graph or physiological validation
Princeton_2025_same_FAFB_v783_roots,filtered_ge5_pair,P_alternative_automated_detector,720575940636307960,R1-6,right,720575940636307960,720575940639236836,720575940639236836,yes,LA_R,42,1,ACH:42,no,no,0,Alternative automated synapse calls in the same specimen; not original v783 measured graph or physiological validation
Princeton_2025_same_FAFB_v783_roots,filtered_ge5_pair,P_alternative_automated_detector,720575940606245822,R1-6,left,720575940606245822,720575940629949519,720575940629949519,yes,LA_L,41,1,ACH:41,no,no,0,Alternative automated synapse calls in the same specimen; not original v783 measured graph or physiological validation
Princeton_2025_same_FAFB_v783_roots,filtered_ge5_pair,P_alternative_automated_detector,720575940612735194,R1-6,right,720575940612735194,720575940614592175,720575940614592175,yes,LA_R,41,1,ACH:41,no,no,0,Alternative automated synapse calls in the same specimen; not original v783 measured graph or physiological validation
Princeton_2025_same_FAFB_v783_roots,filtered_ge5_pair,P_alternative_automated_detector,720575940613196261,R1-6,right,720575940613196261,720575940635530687,720575940635530687,yes,LA_R,41,1,ACH:41,no,no,0,Alternative automated synapse calls in the same specimen; not original v783 measured graph or physiological validation
Princeton_2025_same_FAFB_v783_roots,filtered_ge5_pair,P_alternative_automated_detector,720575940624141508,R1-6,right,720575940624141508,720575940620223326,720575940620223326,yes,LA_R,41,1,ACH:41,no,no,0,Alternative automated synapse calls in the same specimen; not original v783 measured graph or physiological validation
Princeton_2025_same_FAFB_v783_roots,filtered_ge5_pair,P_alternative_automated_detector,720575940629714793,R1-6,right,720575940629714793,720575940630884855,720575940630884855,yes,LA_R,41,1,ACH:41,no,no,0,Alternative automated synapse calls in the same specimen; not original v783 measured graph or physiological validation
Princeton_2025_same_FAFB_v783_roots,filtered_ge5_pair,P_alternative_automated_detector,720575940631845839,R1-6,right,720575940631845839,720575940631278031,720575940631278031,yes,LA_R,41,1,ACH:41,no,no,0,Alternative automated synapse calls in the same specimen; not original v783 measured graph or physiological validation
Princeton_2025_same_FAFB_v783_roots,filtered_ge5_pair,P_alternative_automated_detector,720575940637390181,R7,left,720575940637390181,720575940618939205,720575940618939205,yes,ME_L,41,1,ACH:41,no,no,0,Alternative automated synapse calls in the same specimen; not original v783 measured graph or physiological validation
Princeton_2025_same_FAFB_v783_roots,filtered_ge5_pair,P_alternative_automated_detector,720575940638872553,R1-6,left,720575940638872553,720575940645643118,720575940645643118,yes,LA_L,41,1,ACH:41,no,no,0,Alternative automated synapse calls in the same specimen; not original v783 measured graph or physiological validation
Princeton_2025_same_FAFB_v783_roots,filtered_ge5_pair,P_alternative_automated_detector,720575940644276128,R1-6,right,720575940644276128,720575940605376224,720575940605376224,yes,LA_R,41,1,ACH:41,no,no,0,Alternative automated synapse calls in the same specimen; not original v783 measured graph or physiological validation
Princeton_2025_same_FAFB_v783_roots,filtered_ge5_pair,P_alternative_automated_detector,720575940645991278,R1-6,right,720575940645991278,720575940641654480,720575940641654480,yes,LA_R,41,1,ACH:41,no,no,0,Alternative automated synapse calls in the same specimen; not original v783 measured graph or physiological validation
Princeton_2025_same_FAFB_v783_roots,filtered_ge5_pair,P_alternative_automated_detector,720575940612947635,R1-6,right,720575940612947635,720575940612198513,720575940612198513,yes,LA_R,40,1,ACH:40,no,no,0,Alternative automated synapse calls in the same specimen; not original v783 measured graph or physiological validation
Princeton_2025_same_FAFB_v783_roots,filtered_ge5_pair,P_alternative_automated_detector,720575940614792623,R1-6,right,720575940614792623,720575940617822438,720575940617822438,yes,LA_R,40,1,ACH:40,no,no,0,Alternative automated synapse calls in the same specimen; not original v783 measured graph or physiological validation
Princeton_2025_same_FAFB_v783_roots,filtered_ge5_pair,P_alternative_automated_detector,720575940615951839,R1-6,right,720575940615951839,720575940628310794,720575940628310794,yes,LA_R,40,1,ACH:40,no,no,0,Alternative automated synapse calls in the same specimen; not original v783 measured graph or physiological validation
Princeton_2025_same_FAFB_v783_roots,filtered_ge5_pair,P_alternative_automated_detector,720575940618437922,R1-6,right,720575940618437922,720575940618737748,720575940618737748,yes,LA_R,40,1,ACH:40,no,no,0,Alternative automated synapse calls in the same specimen; not original v783 measured graph or physiological validation
Princeton_2025_same_FAFB_v783_roots,filtered_ge5_pair,P_alternative_automated_detector,720575940619065664,R1-6,right,720575940619065664,720575940613866098,720575940613866098,yes,LA_R,40,1,ACH:40,no,no,0,Alternative automated synapse calls in the same specimen; not original v783 measured graph or physiological validation
Princeton_2025_same_FAFB_v783_roots,filtered_ge5_pair,P_alternative_automated_detector,720575940622404991,R1-6,right,720575940622404991,720575940614592175,720575940614592175,yes,LA_R,40,1,ACH:40,no,no,0,Alternative automated synapse calls in the same specimen; not original v783 measured graph or physiological validation
Princeton_2025_same_FAFB_v783_roots,filtered_ge5_pair,P_alternative_automated_detector,720575940622939998,R1-6,right,720575940622939998,720575940629396841,720575940629396841,yes,LA_R,40,1,ACH:40,no,no,0,Alternative automated synapse calls in the same specimen; not original v783 measured graph or physiological validation
Princeton_2025_same_FAFB_v783_roots,filtered_ge5_pair,P_alternative_automated_detector,720575940625511572,R1-6,right,720575940625511572,720575940639236836,720575940639236836,yes,LA_R,40,1,ACH:40,no,no,0,Alternative automated synapse calls in the same specimen; not original v783 measured graph or physiological validation
Princeton_2025_same_FAFB_v783_roots,filtered_ge5_pair,P_alternative_automated_detector,720575940628648936,R1-6,right,720575940628648936,720575940614875176,720575940614875176,yes,LA_R,40,1,ACH:40,no,no,0,Alternative automated synapse calls in the same specimen; not original v783 measured graph or physiological validation
Princeton_2025_same_FAFB_v783_roots,filtered_ge5_pair,P_alternative_automated_detector,720575940628728040,R1-6,left,720575940628728040,720575940635946091,720575940635946091,yes,LA_L,40,1,ACH:40,no,no,0,Alternative automated synapse calls in the same specimen; not original v783 measured graph or physiological validation
Princeton_2025_same_FAFB_v783_roots,filtered_ge5_pair,P_alternative_automated_detector,720575940629714793,R1-6,right,720575940629714793,720575940641654480,720575940641654480,yes,LA_R,40,1,ACH:40,no,no,0,Alternative automated synapse calls in the same specimen; not original v783 measured graph or physiological validation
Princeton_2025_same_FAFB_v783_roots,filtered_ge5_pair,P_alternative_automated_detector,720575940631048812,R1-6,right,720575940631048812,720575940617293398,720575940617293398,yes,LA_R,40,1,ACH:40,no,no,0,Alternative automated synapse calls in the same specimen; not original v783 measured graph or physiological validation
Princeton_2025_same_FAFB_v783_roots,filtered_ge5_pair,P_alternative_automated_detector,720575940631505260,R1-6,left,720575940631505260,720575940608340060,720575940608340060,yes,LA_L,40,1,ACH:40,no,no,0,Alternative automated synapse calls in the same specimen; not original v783 measured graph or physiological validation
Princeton_2025_same_FAFB_v783_roots,filtered_ge5_pair,P_alternative_automated_detector,720575940631647173,R1-6,right,720575940631647173,720575940634797724,720575940634797724,yes,LA_R,40,1,ACH:40,no,no,0,Alternative automated synapse calls in the same specimen; not original v783 measured graph or physiological validation
Princeton_2025_same_FAFB_v783_roots,filtered_ge5_pair,P_alternative_automated_detector,720575940632382994,R1-6,right,720575940632382994,720575940624835476,720575940624835476,yes,LA_R,40,1,ACH:40,no,no,0,Alternative automated synapse calls in the same specimen; not original v783 measured graph or physiological validation
Princeton_2025_same_FAFB_v783_roots,filtered_ge5_pair,P_alternative_automated_detector,720575940632581945,R1-6,right,720575940632581945,720575940618737748,720575940618737748,yes,LA_R,40,1,ACH:40,no,no,0,Alternative automated synapse calls in the same specimen; not original v783 measured graph or physiological validation
Princeton_2025_same_FAFB_v783_roots,filtered_ge5_pair,P_alternative_automated_detector,720575940610821188,R1-6,right,720575940610821188,720575940627819338,720575940627819338,yes,LA_R,39,1,ACH:39,no,no,0,Alternative automated synapse calls in the same specimen; not original v783 measured graph or physiological validation
Princeton_2025_same_FAFB_v783_roots,filtered_ge5_pair,P_alternative_automated_detector,720575940615708066,R1-6,right,720575940615708066,720575940621289236,720575940621289236,yes,LA_R,39,1,ACH:39,no,no,0,Alternative automated synapse calls in the same specimen; not original v783 measured graph or physiological validation
Princeton_2025_same_FAFB_v783_roots,filtered_ge5_pair,P_alternative_automated_detector,720575940616710412,R1-6,left,720575940616710412,720575940625000701,720575940625000701,yes,LA_L,39,1,ACH:39,no,no,0,Alternative automated synapse calls in the same specimen; not original v783 measured graph or physiological validation
Princeton_2025_same_FAFB_v783_roots,filtered_ge5_pair,P_alternative_automated_detector,720575940618531618,R1-6,right,720575940618531618,720575940623010309,720575940623010309,yes,LA_R,39,1,ACH:39,no,no,0,Alternative automated synapse calls in the same specimen; not original v783 measured graph or physiological validation
Princeton_2025_same_FAFB_v783_roots,filtered_ge5_pair,P_alternative_automated_detector,720575940618718977,R1-6,right,720575940618718977,720575940617112321,720575940617112321,yes,LA_R,39,1,ACH:39,no,no,0,Alternative automated synapse calls in the same specimen; not original v783 measured graph or physiological validation
Princeton_2025_same_FAFB_v783_roots,filtered_ge5_pair,P_alternative_automated_detector,720575940620753744,R1-6,right,720575940620753744,720575940622638106,720575940622638106,yes,LA_R,39,1,ACH:39,no,no,0,Alternative automated synapse calls in the same specimen; not original v783 measured graph or physiological validation
Princeton_2025_same_FAFB_v783_roots,filtered_ge5_pair,P_alternative_automated_detector,720575940621462511,R1-6,right,720575940621462511,720575940631278031,720575940631278031,yes,LA_R,39,1,ACH:39,no,no,0,Alternative automated synapse calls in the same specimen; not original v783 measured graph or physiological validation
Princeton_2025_same_FAFB_v783_roots,filtered_ge5_pair,P_alternative_automated_detector,720575940621489243,R1-6,right,720575940621489243,720575940637773486,720575940637773486,yes,LA_R,39,1,ACH:39,no,no,0,Alternative automated synapse calls in the same specimen; not original v783 measured graph or physiological validation
Princeton_2025_same_FAFB_v783_roots,filtered_ge5_pair,P_alternative_automated_detector,720575940622029494,R1-6,right,720575940622029494,720575940617401601,720575940617401601,yes,LA_R,39,1,ACH:39,no,no,0,Alternative automated synapse calls in the same specimen; not original v783 measured graph or physiological validation
Princeton_2025_same_FAFB_v783_roots,filtered_ge5_pair,P_alternative_automated_detector,720575940623347414,R1-6,left,720575940623347414,720575940630529836,720575940630529836,yes,LA_L,39,1,ACH:39,no,no,0,Alternative automated synapse calls in the same specimen; not original v783 measured graph or physiological validation
Princeton_2025_same_FAFB_v783_roots,filtered_ge5_pair,P_alternative_automated_detector,720575940624870217,R1-6,right,720575940624870217,720575940623521003,720575940623521003,yes,LA_R,39,1,ACH:39,no,no,0,Alternative automated synapse calls in the same specimen; not original v783 measured graph or physiological validation
Princeton_2025_same_FAFB_v783_roots,filtered_ge5_pair,P_alternative_automated_detector,720575940625125640,R1-6,right,720575940625125640,720575940620223326,720575940620223326,yes,LA_R,39,1,ACH:39,no,no,0,Alternative automated synapse calls in the same specimen; not original v783 measured graph or physiological validation
Princeton_2025_same_FAFB_v783_roots,filtered_ge5_pair,P_alternative_automated_detector,720575940631388887,R1-6,right,720575940631388887,720575940626380365,720575940626380365,yes,LA_R,39,1,ACH:39,no,no,0,Alternative automated synapse calls in the same specimen; not original v783 measured graph or physiological validation
Princeton_2025_same_FAFB_v783_roots,filtered_ge5_pair,P_alternative_automated_detector,720575940633773523,R1-6,right,720575940633773523,720575940621013185,720575940621013185,yes,LA_R,39,1,ACH:39,no,no,0,Alternative automated synapse calls in the same specimen; not original v783 measured graph or physiological validation
Princeton_2025_same_FAFB_v783_roots,filtered_ge5_pair,P_alternative_automated_detector,720575940619065664,R1-6,right,720575940619065664,720575940625798332,720575940625798332,yes,LA_R,38,1,ACH:38,no,no,0,Alternative automated synapse calls in the same specimen; not original v783 measured graph or physiological validation
Princeton_2025_same_FAFB_v783_roots,filtered_ge5_pair,P_alternative_automated_detector,720575940621443206,R1-6,right,720575940621443206,720575940606568126,720575940606568126,yes,LA_R,38,1,ACH:38,no,no,0,Alternative automated synapse calls in the same specimen; not original v783 measured graph or physiological validation
Princeton_2025_same_FAFB_v783_roots,filtered_ge5_pair,P_alternative_automated_detector,720575940622703640,R1-6,right,720575940622703640,720575940621102677,720575940621102677,yes,LA_R,38,1,ACH:38,no,no,0,Alternative automated synapse calls in the same specimen; not original v783 measured graph or physiological validation
Princeton_2025_same_FAFB_v783_roots,filtered_ge5_pair,P_alternative_automated_detector,720575940623347414,R1-6,left,720575940623347414,720575940620908491,720575940620908491,yes,LA_L,38,1,ACH:38,no,no,0,Alternative automated synapse calls in the same specimen; not original v783 measured graph or physiological validation
Princeton_2025_same_FAFB_v783_roots,filtered_ge5_pair,P_alternative_automated_detector,720575940625416167,R1-6,right,720575940625416167,720575940639675480,720575940639675480,yes,LA_R,38,1,ACH:38,no,no,0,Alternative automated synapse calls in the same specimen; not original v783 measured graph or physiological validation
Princeton_2025_same_FAFB_v783_roots,filtered_ge5_pair,P_alternative_automated_detector,720575940627638558,R1-6,right,720575940627638558,720575940610106692,720575940610106692,yes,LA_R,38,1,ACH:38,no,no,0,Alternative automated synapse calls in the same specimen; not original v783 measured graph or physiological validation
Princeton_2025_same_FAFB_v783_roots,filtered_ge5_pair,P_alternative_automated_detector,720575940629377641,R1-6,right,720575940629377641,720575940637125495,720575940637125495,yes,LA_R,38,1,ACH:38,no,no,0,Alternative automated synapse calls in the same specimen; not original v783 measured graph or physiological validation
Princeton_2025_same_FAFB_v783_roots,filtered_ge5_pair,P_alternative_automated_detector,720575940630423418,R1-6,right,720575940630423418,720575940613706818,720575940613706818,yes,LA_R,38,1,ACH:38,no,no,0,Alternative automated synapse calls in the same specimen; not original v783 measured graph or physiological validation
Princeton_2025_same_FAFB_v783_roots,filtered_ge5_pair,P_alternative_automated_detector,720575940633773523,R1-6,right,720575940633773523,720575940634332697,720575940634332697,yes,LA_R,38,1,ACH:38,no,no,0,Alternative automated synapse calls in the same specimen; not original v783 measured graph or physiological validation
Princeton_2025_same_FAFB_v783_roots,filtered_ge5_pair,P_alternative_automated_detector,720575940639201508,R1-6,right,720575940639201508,720575940628975690,720575940628975690,yes,LA_R,38,1,ACH:38,no,no,0,Alternative automated synapse calls in the same specimen; not original v783 measured graph or physiological validation
Princeton_2025_same_FAFB_v783_roots,filtered_ge5_pair,P_alternative_automated_detector,720575940643034765,R1-6,right,720575940643034765,720575940620223326,720575940620223326,yes,LA_R,38,1,ACH:38,no,no,0,Alternative automated synapse calls in the same specimen; not original v783 measured graph or physiological validation
Princeton_2025_same_FAFB_v783_roots,filtered_ge5_pair,P_alternative_automated_detector,720575940606578790,R1-6,left,720575940606578790,720575940636536439,720575940636536439,yes,LA_L,37,1,ACH:37,no,no,0,Alternative automated synapse calls in the same specimen; not original v783 measured graph or physiological validation
Princeton_2025_same_FAFB_v783_roots,filtered_ge5_pair,P_alternative_automated_detector,720575940609221900,R1-6,left,720575940609221900,720575940619026715,720575940619026715,yes,LA_L,37,1,ACH:37,no,no,0,Alternative automated synapse calls in the same specimen; not original v783 measured graph or physiological validation
Princeton_2025_same_FAFB_v783_roots,filtered_ge5_pair,P_alternative_automated_detector,720575940610715204,R1-6,right,720575940610715204,720575940614592175,720575940614592175,yes,LA_R,37,1,ACH:37,no,no,0,Alternative automated synapse calls in the same specimen; not original v783 measured graph or physiological validation
Princeton_2025_same_FAFB_v783_roots,filtered_ge5_pair,P_alternative_automated_detector,720575940612943066,R1-6,right,720575940612943066,720575940621032384,720575940621032384,yes,LA_R,37,1,ACH:37,no,no,0,Alternative automated synapse calls in the same specimen; not original v783 measured graph or physiological validation
Princeton_2025_same_FAFB_v783_roots,filtered_ge5_pair,P_alternative_automated_detector,720575940620232920,R1-6,right,720575940620232920,720575940627707529,720575940627707529,yes,LA_R,37,1,ACH:37,no,no,0,Alternative automated synapse calls in the same specimen; not original v783 measured graph or physiological validation
Princeton_2025_same_FAFB_v783_roots,filtered_ge5_pair,P_alternative_automated_detector,720575940621526510,R1-6,left,720575940621526510,720575940624904887,720575940624904887,yes,LA_L,37,1,ACH:37,no,no,0,Alternative automated synapse calls in the same specimen; not original v783 measured graph or physiological validation
Princeton_2025_same_FAFB_v783_roots,filtered_ge5_pair,P_alternative_automated_detector,720575940622056368,R1-6,right,720575940622056368,720575940610106692,720575940610106692,yes,LA_R,37,1,ACH:37,no,no,0,Alternative automated synapse calls in the same specimen; not original v783 measured graph or physiological validation
Princeton_2025_same_FAFB_v783_roots,filtered_ge5_pair,P_alternative_automated_detector,720575940622270273,R1-6,right,720575940622270273,720575940612819370,720575940612819370,yes,LA_R,37,1,ACH:37,no,no,0,Alternative automated synapse calls in the same specimen; not original v783 measured graph or physiological validation
Princeton_2025_same_FAFB_v783_roots,filtered_ge5_pair,P_alternative_automated_detector,720575940623005308,R1-6,right,720575940623005308,720575940607493065,720575940607493065,yes,LA_R,37,1,ACH:37,no,no,0,Alternative automated synapse calls in the same specimen; not original v783 measured graph or physiological validation
Princeton_2025_same_FAFB_v783_roots,filtered_ge5_pair,P_alternative_automated_detector,720575940623239133,R1-6,right,720575940623239133,720575940617537117,720575940617537117,yes,LA_R,37,1,ACH:37,no,no,0,Alternative automated synapse calls in the same specimen; not original v783 measured graph or physiological validation
Princeton_2025_same_FAFB_v783_roots,filtered_ge5_pair,P_alternative_automated_detector,720575940625113015,R1-6,right,720575940625113015,720575940630498942,720575940630498942,yes,LA_R,37,1,ACH:37,no,no,0,Alternative automated synapse calls in the same specimen; not original v783 measured graph or physiological validation
Princeton_2025_same_FAFB_v783_roots,filtered_ge5_pair,P_alternative_automated_detector,720575940627138306,R1-6,right,720575940627138306,720575940619833723,720575940619833723,yes,LA_R,37,1,ACH:37,no,no,0,Alternative automated synapse calls in the same specimen; not original v783 measured graph or physiological validation
Princeton_2025_same_FAFB_v783_roots,filtered_ge5_pair,P_alternative_automated_detector,720575940627671433,R1-6,right,720575940627671433,720575940634199778,720575940634199778,yes,LA_R,37,1,ACH:37,no,no,0,Alternative automated synapse calls in the same specimen; not original v783 measured graph or physiological validation
Princeton_2025_same_FAFB_v783_roots,filtered_ge5_pair,P_alternative_automated_detector,720575940628054397,R1-6,right,720575940628054397,720575940620223326,720575940620223326,yes,LA_R,37,1,ACH:37,no,no,0,Alternative automated synapse calls in the same specimen; not original v783 measured graph or physiological validation
Princeton_2025_same_FAFB_v783_roots,filtered_ge5_pair,P_alternative_automated_detector,720575940631505260,R1-6,left,720575940631505260,720575940626568906,720575940626568906,yes,LA_L,37,1,ACH:37,no,no,0,Alternative automated synapse calls in the same specimen; not original v783 measured graph or physiological validation
Princeton_2025_same_FAFB_v783_roots,filtered_ge5_pair,P_alternative_automated_detector,720575940633561887,R1-6,right,720575940633561887,720575940636561838,720575940636561838,yes,LA_R,37,1,ACH:37,no,no,0,Alternative automated synapse calls in the same specimen; not original v783 measured graph or physiological validation
Princeton_2025_same_FAFB_v783_roots,filtered_ge5_pair,P_alternative_automated_detector,720575940655596193,R1-6,right,720575940655596193,720575940640410702,720575940640410702,yes,LA_R,37,1,ACH:37,no,no,0,Alternative automated synapse calls in the same specimen; not original v783 measured graph or physiological validation
Princeton_2025_same_FAFB_v783_roots,filtered_ge5_pair,P_alternative_automated_detector,720575940611532664,R1-6,right,720575940611532664,720575940612198513,720575940612198513,yes,LA_R,36,1,ACH:36,no,no,0,Alternative automated synapse calls in the same specimen; not original v783 measured graph or physiological validation
Princeton_2025_same_FAFB_v783_roots,filtered_ge5_pair,P_alternative_automated_detector,720575940613474474,R1-6,right,720575940613474474,720575940647679028,720575940647679028,yes,LA_R,36,1,ACH:36,no,no,0,Alternative automated synapse calls in the same specimen; not original v783 measured graph or physiological validation
Princeton_2025_same_FAFB_v783_roots,filtered_ge5_pair,P_alternative_automated_detector,720575940615167742,R1-6,right,720575940615167742,720575940623527059,720575940623527059,yes,LA_R,36,1,ACH:36,no,no,0,Alternative automated synapse calls in the same specimen; not original v783 measured graph or physiological validation
Princeton_2025_same_FAFB_v783_roots,filtered_ge5_pair,P_alternative_automated_detector,720575940617920827,R1-6,right,720575940617920827,720575940636361140,720575940636361140,yes,LA_R,36,1,ACH:36,no,no,0,Alternative automated synapse calls in the same specimen; not original v783 measured graph or physiological validation
Princeton_2025_same_FAFB_v783_roots,filtered_ge5_pair,P_alternative_automated_detector,720575940619877022,R1-6,right,720575940619877022,720575940626014734,720575940626014734,yes,LA_R,36,1,ACH:36,no,no,0,Alternative automated synapse calls in the same specimen; not original v783 measured graph or physiological validation
Princeton_2025_same_FAFB_v783_roots,filtered_ge5_pair,P_alternative_automated_detector,720575940620629553,R1-6,right,720575940620629553,720575940606568126,720575940606568126,yes,LA_R,36,1,ACH:36,no,no,0,Alternative automated synapse calls in the same specimen; not original v783 measured graph or physiological validation
Princeton_2025_same_FAFB_v783_roots,filtered_ge5_pair,P_alternative_automated_detector,720575940620797643,R1-6,left,720575940620797643,720575940628050831,720575940628050831,yes,LA_L,36,1,ACH:36,no,no,0,Alternative automated synapse calls in the same specimen; not original v783 measured graph or physiological validation
Princeton_2025_same_FAFB_v783_roots,filtered_ge5_pair,P_alternative_automated_detector,720575940621489243,R1-6,right,720575940621489243,720575940636615160,720575940636615160,yes,LA_R,36,1,ACH:36,no,no,0,Alternative automated synapse calls in the same specimen; not original v783 measured graph or physiological validation
Princeton_2025_same_FAFB_v783_roots,filtered_ge5_pair,P_alternative_automated_detector,720575940621526510,R1-6,left,720575940621526510,720575940614734751,720575940614734751,yes,LA_L,36,1,ACH:36,no,no,0,Alternative automated synapse calls in the same specimen; not original v783 measured graph or physiological validation
Princeton_2025_same_FAFB_v783_roots,filtered_ge5_pair,P_alternative_automated_detector,720575940623400216,R1-6,left,720575940623400216,720575940633870818,720575940633870818,yes,LA_L,36,1,ACH:36,no,no,0,Alternative automated synapse calls in the same specimen; not original v783 measured graph or physiological validation
Princeton_2025_same_FAFB_v783_roots,filtered_ge5_pair,P_alternative_automated_detector,720575940626585744,R1-6,right,720575940626585744,720575940640410702,720575940640410702,yes,LA_R,36,1,ACH:36,no,no,0,Alternative automated synapse calls in the same specimen; not original v783 measured graph or physiological validation
Princeton_2025_same_FAFB_v783_roots,filtered_ge5_pair,P_alternative_automated_detector,720575940630869548,R1-6,right,720575940630869548,720575940621683951,720575940621683951,yes,LA_R,36,1,ACH:36,no,no,0,Alternative automated synapse calls in the same specimen; not original v783 measured graph or physiological validation
Princeton_2025_same_FAFB_v783_roots,filtered_ge5_pair,P_alternative_automated_detector,720575940631043900,R1-6,right,720575940631043900,720575940621643457,720575940621643457,yes,LA_R,36,1,ACH:36,no,no,0,Alternative automated synapse calls in the same specimen; not original v783 measured graph or physiological validation
Princeton_2025_same_FAFB_v783_roots,filtered_ge5_pair,P_alternative_automated_detector,720575940631388887,R1-6,right,720575940631388887,720575940636561838,720575940636561838,yes,LA_R,36,1,ACH:36,no,no,0,Alternative automated synapse calls in the same specimen; not original v783 measured graph or physiological validation
Princeton_2025_same_FAFB_v783_roots,filtered_ge5_pair,P_alternative_automated_detector,720575940632083275,R1-6,right,720575940632083275,720575940636065588,720575940636065588,yes,LA_R,36,1,ACH:36,no,no,0,Alternative automated synapse calls in the same specimen; not original v783 measured graph or physiological validation
Princeton_2025_same_FAFB_v783_roots,filtered_ge5_pair,P_alternative_automated_detector,720575940633188492,R1-6,right,720575940633188492,720575940622788702,720575940622788702,yes,LA_R,36,1,ACH:36,no,no,0,Alternative automated synapse calls in the same specimen; not original v783 measured graph or physiological validation
Princeton_2025_same_FAFB_v783_roots,filtered_ge5_pair,P_alternative_automated_detector,720575940608224178,R1-6,left,720575940608224178,720575940604963552,720575940604963552,yes,LA_L,35,1,ACH:35,no,no,0,Alternative automated synapse calls in the same specimen; not original v783 measured graph or physiological validation
Princeton_2025_same_FAFB_v783_roots,filtered_ge5_pair,P_alternative_automated_detector,720575940612839793,R1-6,right,720575940612839793,720575940608164994,720575940608164994,yes,LA_R,35,1,ACH:35,no,no,0,Alternative automated synapse calls in the same specimen; not original v783 measured graph or physiological validation
Princeton_2025_same_FAFB_v783_roots,filtered_ge5_pair,P_alternative_automated_detector,720575940618061661,R1-6,left,720575940618061661,720575940632127530,720575940632127530,yes,LA_L,35,1,ACH:35,no,no,0,Alternative automated synapse calls in the same specimen; not original v783 measured graph or physiological validation
Princeton_2025_same_FAFB_v783_roots,filtered_ge5_pair,P_alternative_automated_detector,720575940621103269,R1-6,right,720575940621103269,720575940612970262,720575940612970262,yes,LA_R,35,1,ACH:35,no,no,0,Alternative automated synapse calls in the same specimen; not original v783 measured graph or physiological validation
Princeton_2025_same_FAFB_v783_roots,filtered_ge5_pair,P_alternative_automated_detector,720575940621482667,R1-6,left,720575940621482667,720575940627332485,720575940627332485,yes,LA_L,35,1,ACH:35,no,no,0,Alternative automated synapse calls in the same specimen; not original v783 measured graph or physiological validation
Princeton_2025_same_FAFB_v783_roots,filtered_ge5_pair,P_alternative_automated_detector,720575940622799898,R1-6,right,720575940622799898,720575940621292992,720575940621292992,yes,LA_R,35,1,ACH:35,no,no,0,Alternative automated synapse calls in the same specimen; not original v783 measured graph or physiological validation
Princeton_2025_same_FAFB_v783_roots,filtered_ge5_pair,P_alternative_automated_detector,720575940625125640,R1-6,right,720575940625125640,720575940626023608,720575940626023608,yes,LA_R,35,1,ACH:35,no,no,0,Alternative automated synapse calls in the same specimen; not original v783 measured graph or physiological validation
Princeton_2025_same_FAFB_v783_roots,filtered_ge5_pair,P_alternative_automated_detector,720575940625125640,R1-6,right,720575940625125640,720575940636117359,720575940636117359,yes,LA_R,35,1,ACH:35,no,no,0,Alternative automated synapse calls in the same specimen; not original v783 measured graph or physiological validation
Princeton_2025_same_FAFB_v783_roots,filtered_ge5_pair,P_alternative_automated_detector,720575940626585744,R1-6,right,720575940626585744,720575940621292992,720575940621292992,yes,LA_R,35,1,ACH:35,no,no,0,Alternative automated synapse calls in the same specimen; not original v783 measured graph or physiological validation
Princeton_2025_same_FAFB_v783_roots,filtered_ge5_pair,P_alternative_automated_detector,720575940628102013,R1-6,right,720575940628102013,720575940606568126,720575940606568126,yes,LA_R,35,1,ACH:35,no,no,0,Alternative automated synapse calls in the same specimen; not original v783 measured graph or physiological validation
Princeton_2025_same_FAFB_v783_roots,filtered_ge5_pair,P_alternative_automated_detector,720575940632189970,R1-6,right,720575940632189970,720575940631086636,720575940631086636,yes,LA_R,35,1,ACH:35,no,no,0,Alternative automated synapse calls in the same specimen; not original v783 measured graph or physiological validation
Princeton_2025_same_FAFB_v783_roots,filtered_ge5_pair,P_alternative_automated_detector,720575940648383364,R1-6,right,720575940648383364,720575940631086636,720575940631086636,yes,LA_R,35,1,ACH:35,no,no,0,Alternative automated synapse calls in the same specimen; not original v783 measured graph or physiological validation
Princeton_2025_same_FAFB_v783_roots,filtered_ge5_pair,P_alternative_automated_detector,720575940613474474,R1-6,right,720575940613474474,720575940623465596,720575940623465596,yes,LA_R,34,1,ACH:34,no,no,0,Alternative automated synapse calls in the same specimen; not original v783 measured graph or physiological validation
Princeton_2025_same_FAFB_v783_roots,filtered_ge5_pair,P_alternative_automated_detector,720575940614792623,R1-6,right,720575940614792623,720575940637773486,720575940637773486,yes,LA_R,34,1,ACH:34,no,no,0,Alternative automated synapse calls in the same specimen; not original v783 measured graph or physiological validation
Princeton_2025_same_FAFB_v783_roots,filtered_ge5_pair,P_alternative_automated_detector,720575940614839215,R1-6,right,720575940614839215,720575940621391715,720575940621391715,yes,LA_R,34,1,ACH:34,no,no,0,Alternative automated synapse calls in the same specimen; not original v783 measured graph or physiological validation
Princeton_2025_same_FAFB_v783_roots,filtered_ge5_pair,P_alternative_automated_detector,720575940616346822,R1-6,right,720575940616346822,720575940627505241,720575940627505241,yes,LA_R,34,1,ACH:34,no,no,0,Alternative automated synapse calls in the same specimen; not original v783 measured graph or physiological validation
Princeton_2025_same_FAFB_v783_roots,filtered_ge5_pair,P_alternative_automated_detector,720575940620722000,R1-6,right,720575940620722000,720575940620827156,720575940620827156,yes,LA_R,34,1,ACH:34,no,no,0,Alternative automated synapse calls in the same specimen; not original v783 measured graph or physiological validation
Princeton_2025_same_FAFB_v783_roots,filtered_ge5_pair,P_alternative_automated_detector,720575940620797643,R1-6,left,720575940620797643,720575940630091163,720575940630091163,yes,LA_L,34,1,ACH:34,no,no,0,Alternative automated synapse calls in the same specimen; not original v783 measured graph or physiological validation
Princeton_2025_same_FAFB_v783_roots,filtered_ge5_pair,P_alternative_automated_detector,720575940621349285,R1-6,right,720575940621349285,720575940639115608,720575940639115608,yes,LA_R,34,1,ACH:34,no,no,0,Alternative automated synapse calls in the same specimen; not original v783 measured graph or physiological validation
Princeton_2025_same_FAFB_v783_roots,filtered_ge5_pair,P_alternative_automated_detector,720575940621944941,R1-6,right,720575940621944941,720575940625330931,720575940625330931,yes,LA_R,34,1,ACH:34,no,no,0,Alternative automated synapse calls in the same specimen; not original v783 measured graph or physiological validation
Princeton_2025_same_FAFB_v783_roots,filtered_ge5_pair,P_alternative_automated_detector,720575940622814302,R1-6,right,720575940622814302,720575940628753640,720575940628753640,yes,LA_R,34,1,ACH:34,no,no,0,Alternative automated synapse calls in the same specimen; not original v783 measured graph or physiological validation
Princeton_2025_same_FAFB_v783_roots,filtered_ge5_pair,P_alternative_automated_detector,720575940624141508,R1-6,right,720575940624141508,720575940636117359,720575940636117359,yes,LA_R,34,1,ACH:34,no,no,0,Alternative automated synapse calls in the same specimen; not original v783 measured graph or physiological validation
Princeton_2025_same_FAFB_v783_roots,filtered_ge5_pair,P_alternative_automated_detector,720575940630871260,R1-6,right,720575940630871260,720575940620711115,720575940620711115,yes,LA_R,34,1,ACH:34,no,no,0,Alternative automated synapse calls in the same specimen; not original v783 measured graph or physiological validation
Princeton_2025_same_FAFB_v783_roots,filtered_ge5_pair,P_alternative_automated_detector,720575940635168407,R1-6,right,720575940635168407,720575940613877151,720575940613877151,yes,LA_R,34,1,ACH:34,no,no,0,Alternative automated synapse calls in the same specimen; not original v783 measured graph or physiological validation
Princeton_2025_same_FAFB_v783_roots,filtered_ge5_pair,P_alternative_automated_detector,720575940637514414,R1-6,right,720575940637514414,720575940614557663,720575940614557663,yes,LA_R,34,1,ACH:34,no,no,0,Alternative automated synapse calls in the same specimen; not original v783 measured graph or physiological validation
Princeton_2025_same_FAFB_v783_roots,filtered_ge5_pair,P_alternative_automated_detector,720575940638556382,R1-6,left,720575940638556382,720575940609347779,720575940609347779,yes,LA_L,34,1,ACH:34,no,no,0,Alternative automated synapse calls in the same specimen; not original v783 measured graph or physiological validation
Princeton_2025_same_FAFB_v783_roots,filtered_ge5_pair,P_alternative_automated_detector,720575940609485579,R1-6,right,720575940609485579,720575940634217114,720575940634217114,yes,LA_R,33,1,ACH:33,no,no,0,Alternative automated synapse calls in the same specimen; not original v783 measured graph or physiological validation
Princeton_2025_same_FAFB_v783_roots,filtered_ge5_pair,P_alternative_automated_detector,720575940612943066,R1-6,right,720575940612943066,720575940628363283,720575940628363283,yes,LA_R,33,1,ACH:33,no,no,0,Alternative automated synapse calls in the same specimen; not original v783 measured graph or physiological validation
Princeton_2025_same_FAFB_v783_roots,filtered_ge5_pair,P_alternative_automated_detector,720575940616710412,R1-6,left,720575940616710412,720575940618878209,720575940618878209,yes,LA_L,33,1,ACH:33,no,no,0,Alternative automated synapse calls in the same specimen; not original v783 measured graph or physiological validation
Princeton_2025_same_FAFB_v783_roots,filtered_ge5_pair,P_alternative_automated_detector,720575940618115289,R1-6,right,720575940618115289,720575940633296804,720575940633296804,yes,LA_R,33,1,ACH:33,no,no,0,Alternative automated synapse calls in the same specimen; not original v783 measured graph or physiological validation
Princeton_2025_same_FAFB_v783_roots,filtered_ge5_pair,P_alternative_automated_detector,720575940618240401,R1-6,left,720575940618240401,720575940632859192,720575940632859192,yes,LA_L,33,1,ACH:33,no,no,0,Alternative automated synapse calls in the same specimen; not original v783 measured graph or physiological validation
Princeton_2025_same_FAFB_v783_roots,filtered_ge5_pair,P_alternative_automated_detector,720575940619877022,R1-6,right,720575940619877022,720575940612877937,720575940612877937,yes,LA_R,33,1,ACH:33,no,no,0,Alternative automated synapse calls in the same specimen; not original v783 measured graph or physiological validation
Princeton_2025_same_FAFB_v783_roots,filtered_ge5_pair,P_alternative_automated_detector,720575940620232920,R1-6,right,720575940620232920,720575940626912787,720575940626912787,yes,LA_R,33,1,ACH:33,no,no,0,Alternative automated synapse calls in the same specimen; not original v783 measured graph or physiological validation
Princeton_2025_same_FAFB_v783_roots,filtered_ge5_pair,P_alternative_automated_detector,720575940622029494,R1-6,right,720575940622029494,720575940640153216,720575940640153216,yes,LA_R,33,1,ACH:33,no,no,0,Alternative automated synapse calls in the same specimen; not original v783 measured graph or physiological validation
Princeton_2025_same_FAFB_v783_roots,filtered_ge5_pair,P_alternative_automated_detector,720575940622799137,R1-6,right,720575940622799137,720575940617537117,720575940617537117,yes,LA_R,33,1,ACH:33,no,no,0,Alternative automated synapse calls in the same specimen; not original v783 measured graph or physiological validation
Princeton_2025_same_FAFB_v783_roots,filtered_ge5_pair,P_alternative_automated_detector,720575940625781692,R1-6,right,720575940625781692,720575940633188689,720575940633188689,yes,LA_R,33,1,ACH:33,no,no,0,Alternative automated synapse calls in the same specimen; not original v783 measured graph or physiological validation
Princeton_2025_same_FAFB_v783_roots,filtered_ge5_pair,P_alternative_automated_detector,720575940626928740,R1-6,right,720575940626928740,720575940605621862,720575940605621862,yes,LA_R,33,1,ACH:33,no,no,0,Alternative automated synapse calls in the same specimen; not original v783 measured graph or physiological validation
Princeton_2025_same_FAFB_v783_roots,filtered_ge5_pair,P_alternative_automated_detector,720575940628054397,R1-6,right,720575940628054397,720575940636117359,720575940636117359,yes,LA_R,33,1,ACH:33,no,no,0,Alternative automated synapse calls in the same specimen; not original v783 measured graph or physiological validation
Princeton_2025_same_FAFB_v783_roots,filtered_ge5_pair,P_alternative_automated_detector,720575940630333566,R1-6,right,720575940630333566,720575940645102372,720575940645102372,yes,LA_R,33,1,ACH:33,no,no,0,Alternative automated synapse calls in the same specimen; not original v783 measured graph or physiological validation
Princeton_2025_same_FAFB_v783_roots,filtered_ge5_pair,P_alternative_automated_detector,720575940631505260,R1-6,left,720575940631505260,720575940621969761,720575940621969761,yes,LA_L,33,1,ACH:33,no,no,0,Alternative automated synapse calls in the same specimen; not original v783 measured graph or physiological validation
Princeton_2025_same_FAFB_v783_roots,filtered_ge5_pair,P_alternative_automated_detector,720575940636307960,R1-6,right,720575940636307960,720575940634203603,720575940634203603,yes,LA_R,33,1,ACH:33,no,no,0,Alternative automated synapse calls in the same specimen; not original v783 measured graph or physiological validation
Princeton_2025_same_FAFB_v783_roots,filtered_ge5_pair,P_alternative_automated_detector,720575940606503870,R1-6,right,720575940606503870,720575940633296804,720575940633296804,yes,LA_R,32,1,ACH:32,no,no,0,Alternative automated synapse calls in the same specimen; not original v783 measured graph or physiological validation
Princeton_2025_same_FAFB_v783_roots,filtered_ge5_pair,P_alternative_automated_detector,720575940615951839,R1-6,right,720575940615951839,720575940618408166,720575940618408166,yes,LA_R,32,1,ACH:32,no,no,0,Alternative automated synapse calls in the same specimen; not original v783 measured graph or physiological validation
Princeton_2025_same_FAFB_v783_roots,filtered_ge5_pair,P_alternative_automated_detector,720575940621458625,R1-6,left,720575940621458625,720575940626192717,720575940626192717,yes,LA_L,32,1,ACH:32,no,no,0,Alternative automated synapse calls in the same specimen; not original v783 measured graph or physiological validation
Princeton_2025_same_FAFB_v783_roots,filtered_ge5_pair,P_alternative_automated_detector,720575940622939998,R1-6,right,720575940622939998,720575940636124084,720575940636124084,yes,LA_R,32,1,ACH:32,no,no,0,Alternative automated synapse calls in the same specimen; not original v783 measured graph or physiological validation
Princeton_2025_same_FAFB_v783_roots,filtered_ge5_pair,P_alternative_automated_detector,720575940623003169,R1-6,right,720575940623003169,720575940611517048,720575940611517048,yes,LA_R,32,1,ACH:32,no,no,0,Alternative automated synapse calls in the same specimen; not original v783 measured graph or physiological validation
Princeton_2025_same_FAFB_v783_roots,filtered_ge5_pair,P_alternative_automated_detector,720575940623770637,R1-6,right,720575940623770637,720575940627459642,720575940627459642,yes,LA_R,32,1,ACH:32,no,no,0,Alternative automated synapse calls in the same specimen; not original v783 measured graph or physiological validation
Princeton_2025_same_FAFB_v783_roots,filtered_ge5_pair,P_alternative_automated_detector,720575940629854507,R1-6,right,720575940629854507,720575940605621862,720575940605621862,yes,LA_R,32,1,ACH:32,no,no,0,Alternative automated synapse calls in the same specimen; not original v783 measured graph or physiological validation
Princeton_2025_same_FAFB_v783_roots,filtered_ge5_pair,P_alternative_automated_detector,720575940632083275,R1-6,right,720575940632083275,720575940617330772,720575940617330772,yes,LA_R,32,1,ACH:32,no,no,0,Alternative automated synapse calls in the same specimen; not original v783 measured graph or physiological validation
Princeton_2025_same_FAFB_v783_roots,filtered_ge5_pair,P_alternative_automated_detector,720575940633773523,R1-6,right,720575940633773523,720575940624179917,720575940624179917,yes,LA_R,32,1,ACH:32,no,no,0,Alternative automated synapse calls in the same specimen; not original v783 measured graph or physiological validation
Princeton_2025_same_FAFB_v783_roots,filtered_ge5_pair,P_alternative_automated_detector,720575940636401400,R1-6,right,720575940636401400,720575940618278868,720575940618278868,yes,LA_R,32,1,ACH:32,no,no,0,Alternative automated synapse calls in the same specimen; not original v783 measured graph or physiological validation
Princeton_2025_same_FAFB_v783_roots,filtered_ge5_pair,P_alternative_automated_detector,720575940636401400,R1-6,right,720575940636401400,720575940636615160,720575940636615160,yes,LA_R,32,1,ACH:32,no,no,0,Alternative automated synapse calls in the same specimen; not original v783 measured graph or physiological validation
Princeton_2025_same_FAFB_v783_roots,filtered_ge5_pair,P_alternative_automated_detector,720575940646459502,R1-6,right,720575940646459502,720575940642334965,720575940642334965,yes,LA_R,32,1,ACH:32,no,no,0,Alternative automated synapse calls in the same specimen; not original v783 measured graph or physiological validation
Princeton_2025_same_FAFB_v783_roots,filtered_ge5_pair,P_alternative_automated_detector,720575940606245822,R1-6,left,720575940606245822,720575940631638543,720575940631638543,yes,LA_L,31,1,ACH:31,no,no,0,Alternative automated synapse calls in the same specimen; not original v783 measured graph or physiological validation
Princeton_2025_same_FAFB_v783_roots,filtered_ge5_pair,P_alternative_automated_detector,720575940606578790,R1-6,left,720575940606578790,720575940604635616,720575940604635616,yes,LA_L,31,1,ACH:31,no,no,0,Alternative automated synapse calls in the same specimen; not original v783 measured graph or physiological validation
Princeton_2025_same_FAFB_v783_roots,filtered_ge5_pair,P_alternative_automated_detector,720575940618240401,R1-6,left,720575940618240401,720575940621792950,720575940621792950,yes,LA_L,31,1,ACH:31,no,no,0,Alternative automated synapse calls in the same specimen; not original v783 measured graph or physiological validation
Princeton_2025_same_FAFB_v783_roots,filtered_ge5_pair,P_alternative_automated_detector,720575940621667462,R1-6,right,720575940621667462,720575940636065588,720575940636065588,yes,LA_R,31,1,ACH:31,no,no,0,Alternative automated synapse calls in the same specimen; not original v783 measured graph or physiological validation
Princeton_2025_same_FAFB_v783_roots,filtered_ge5_pair,P_alternative_automated_detector,720575940624141508,R1-6,right,720575940624141508,720575940626023608,720575940626023608,yes,LA_R,31,1,ACH:31,no,no,0,Alternative automated synapse calls in the same specimen; not original v783 measured graph or physiological validation
Princeton_2025_same_FAFB_v783_roots,filtered_ge5_pair,P_alternative_automated_detector,720575940625113015,R1-6,right,720575940625113015,720575940630884855,720575940630884855,yes,LA_R,31,1,ACH:31,no,no,0,Alternative automated synapse calls in the same specimen; not original v783 measured graph or physiological validation
Princeton_2025_same_FAFB_v783_roots,filtered_ge5_pair,P_alternative_automated_detector,720575940627138306,R1-6,right,720575940627138306,720575940612875121,720575940612875121,yes,LA_R,31,1,ACH:31,no,no,0,Alternative automated synapse calls in the same specimen; not original v783 measured graph or physiological validation
Princeton_2025_same_FAFB_v783_roots,filtered_ge5_pair,P_alternative_automated_detector,720575940628789064,R1-6,right,720575940628789064,720575940618381012,720575940618381012,yes,LA_R,31,1,ACH:31,no,no,0,Alternative automated synapse calls in the same specimen; not original v783 measured graph or physiological validation
Princeton_2025_same_FAFB_v783_roots,filtered_ge5_pair,P_alternative_automated_detector,720575940631750095,R1-6,right,720575940631750095,720575940610106692,720575940610106692,yes,LA_R,31,1,ACH:31,no,no,0,Alternative automated synapse calls in the same specimen; not original v783 measured graph or physiological validation
Princeton_2025_same_FAFB_v783_roots,filtered_ge5_pair,P_alternative_automated_detector,720575940632687672,R1-6,left,720575940632687672,720575940625808627,720575940625808627,yes,LA_L,31,1,ACH:31,no,no,0,Alternative automated synapse calls in the same specimen; not original v783 measured graph or physiological validation
Princeton_2025_same_FAFB_v783_roots,filtered_ge5_pair,P_alternative_automated_detector,720575940637514414,R1-6,right,720575940637514414,720575940617734976,720575940617734976,yes,LA_R,31,1,ACH:31,no,no,0,Alternative automated synapse calls in the same specimen; not original v783 measured graph or physiological validation
Princeton_2025_same_FAFB_v783_roots,filtered_ge5_pair,P_alternative_automated_detector,720575940611550840,R1-6,right,720575940611550840,720575940631278031,720575940631278031,yes,LA_R,30,1,ACH:30,no,no,0,Alternative automated synapse calls in the same specimen; not original v783 measured graph or physiological validation
Princeton_2025_same_FAFB_v783_roots,filtered_ge5_pair,P_alternative_automated_detector,720575940613971683,R1-6,right,720575940613971683,720575940623364988,720575940623364988,yes,LA_R,30,1,ACH:30,no,no,0,Alternative automated synapse calls in the same specimen; not original v783 measured graph or physiological validation
Princeton_2025_same_FAFB_v783_roots,filtered_ge5_pair,P_alternative_automated_detector,720575940616450626,R1-6,right,720575940616450626,720575940629706343,720575940629706343,yes,LA_R,30,1,ACH:30,no,no,0,Alternative automated synapse calls in the same specimen; not original v783 measured graph or physiological validation
Princeton_2025_same_FAFB_v783_roots,filtered_ge5_pair,P_alternative_automated_detector,720575940618743709,R1-6,right,720575940618743709,720575940605546208,720575940605546208,yes,LA_R,30,1,ACH:30,no,no,0,Alternative automated synapse calls in the same specimen; not original v783 measured graph or physiological validation
Princeton_2025_same_FAFB_v783_roots,filtered_ge5_pair,P_alternative_automated_detector,720575940622303216,R1-6,right,720575940622303216,720575940607493065,720575940607493065,yes,LA_R,30,1,ACH:30,no,no,0,Alternative automated synapse calls in the same specimen; not original v783 measured graph or physiological validation
Princeton_2025_same_FAFB_v783_roots,filtered_ge5_pair,P_alternative_automated_detector,720575940624956139,R1-6,right,720575940624956139,720575940628893937,720575940628893937,yes,LA_R,30,1,ACH:30,no,no,0,Alternative automated synapse calls in the same specimen; not original v783 measured graph or physiological validation
Princeton_2025_same_FAFB_v783_roots,filtered_ge5_pair,P_alternative_automated_detector,720575940624956139,R1-6,right,720575940624956139,720575940633817569,720575940633817569,yes,LA_R,30,1,ACH:30,no,no,0,Alternative automated synapse calls in the same specimen; not original v783 measured graph or physiological validation
Princeton_2025_same_FAFB_v783_roots,filtered_ge5_pair,P_alternative_automated_detector,720575940625416167,R1-6,right,720575940625416167,720575940631246636,720575940631246636,yes,LA_R,30,1,ACH:30,no,no,0,Alternative automated synapse calls in the same specimen; not original v783 measured graph or physiological validation
Princeton_2025_same_FAFB_v783_roots,filtered_ge5_pair,P_alternative_automated_detector,720575940628955722,R1-6,left,720575940628955722,720575940621253590,720575940621253590,yes,LA_L,30,1,ACH:30,no,no,0,Alternative automated synapse calls in the same specimen; not original v783 measured graph or physiological validation
Princeton_2025_same_FAFB_v783_roots,filtered_ge5_pair,P_alternative_automated_detector,720575940630423418,R1-6,right,720575940630423418,720575940628148873,720575940628148873,yes,LA_R,30,1,ACH:30,no,no,0,Alternative automated synapse calls in the same specimen; not original v783 measured graph or physiological validation
Princeton_2025_same_FAFB_v783_roots,filtered_ge5_pair,P_alternative_automated_detector,720575940630869548,R1-6,right,720575940630869548,720575940612306382,720575940612306382,yes,LA_R,30,1,ACH:30,no,no,0,Alternative automated synapse calls in the same specimen; not original v783 measured graph or physiological validation
Princeton_2025_same_FAFB_v783_roots,filtered_ge5_pair,P_alternative_automated_detector,720575940647229219,R1-6,right,720575940647229219,720575940620346840,720575940620346840,yes,LA_R,30,1,ACH:30,no,no,0,Alternative automated synapse calls in the same specimen; not original v783 measured graph or physiological validation
Princeton_2025_same_FAFB_v783_roots,filtered_ge5_pair,P_alternative_automated_detector,720575940614839215,R1-6,right,720575940614839215,720575940627126458,720575940627126458,yes,LA_R,29,1,ACH:29,no,no,0,Alternative automated synapse calls in the same specimen; not original v783 measured graph or physiological validation
Princeton_2025_same_FAFB_v783_roots,filtered_ge5_pair,P_alternative_automated_detector,720575940618849537,R1-6,left,720575940618849537,720575940622444020,720575940622444020,yes,LA_L,29,1,ACH:29,no,no,0,Alternative automated synapse calls in the same specimen; not original v783 measured graph or physiological validation
Princeton_2025_same_FAFB_v783_roots,filtered_ge5_pair,P_alternative_automated_detector,720575940621103269,R1-6,right,720575940621103269,720575940622788702,720575940622788702,yes,LA_R,29,1,ACH:29,no,no,0,Alternative automated synapse calls in the same specimen; not original v783 measured graph or physiological validation
Princeton_2025_same_FAFB_v783_roots,filtered_ge5_pair,P_alternative_automated_detector,720575940621481450,,left,720575940621481450,720575940621351412,720575940621351412,yes,GNG,29,1,ACH:29,no,no,0,Alternative automated synapse calls in the same specimen; not original v783 measured graph or physiological validation
Princeton_2025_same_FAFB_v783_roots,filtered_ge5_pair,P_alternative_automated_detector,720575940623400216,R1-6,left,720575940623400216,720575940640142901,720575940640142901,yes,LA_L,29,1,ACH:29,no,no,0,Alternative automated synapse calls in the same specimen; not original v783 measured graph or physiological validation
Princeton_2025_same_FAFB_v783_roots,filtered_ge5_pair,P_alternative_automated_detector,720575940623770637,R1-6,right,720575940623770637,720575940628769768,720575940628769768,yes,LA_R,29,1,ACH:29,no,no,0,Alternative automated synapse calls in the same specimen; not original v783 measured graph or physiological validation
Princeton_2025_same_FAFB_v783_roots,filtered_ge5_pair,P_alternative_automated_detector,720575940628442389,R1-6,right,720575940628442389,720575940612654771,720575940612654771,yes,LA_R,29,1,ACH:29,no,no,0,Alternative automated synapse calls in the same specimen; not original v783 measured graph or physiological validation
Princeton_2025_same_FAFB_v783_roots,filtered_ge5_pair,P_alternative_automated_detector,720575940630485626,R1-6,right,720575940630485626,720575940622788702,720575940622788702,yes,LA_R,29,1,ACH:29,no,no,0,Alternative automated synapse calls in the same specimen; not original v783 measured graph or physiological validation
Princeton_2025_same_FAFB_v783_roots,filtered_ge5_pair,P_alternative_automated_detector,720575940646459502,R1-6,right,720575940646459502,720575940624487108,720575940624487108,yes,LA_R,29,1,ACH:29,no,no,0,Alternative automated synapse calls in the same specimen; not original v783 measured graph or physiological validation
Princeton_2025_same_FAFB_v783_roots,filtered_ge5_pair,P_alternative_automated_detector,720575940655596193,R1-6,right,720575940655596193,720575940607755721,720575940607755721,yes,LA_R,29,1,ACH:29,no,no,0,Alternative automated synapse calls in the same specimen; not original v783 measured graph or physiological validation
Princeton_2025_same_FAFB_v783_roots,filtered_ge5_pair,P_alternative_automated_detector,720575940608224178,R1-6,left,720575940608224178,720575940621253590,720575940621253590,yes,LA_L,28,1,ACH:28,no,no,0,Alternative automated synapse calls in the same specimen; not original v783 measured graph or physiological validation
Princeton_2025_same_FAFB_v783_roots,filtered_ge5_pair,P_alternative_automated_detector,720575940610715204,R1-6,right,720575940610715204,720575940623277667,720575940623277667,yes,LA_R,28,1,ACH:28,no,no,0,Alternative automated synapse calls in the same specimen; not original v783 measured graph or physiological validation
Princeton_2025_same_FAFB_v783_roots,filtered_ge5_pair,P_alternative_automated_detector,720575940612899763,R1-6,right,720575940612899763,720575940625933901,720575940625933901,yes,LA_R,28,1,ACH:28,no,no,0,Alternative automated synapse calls in the same specimen; not original v783 measured graph or physiological validation
Princeton_2025_same_FAFB_v783_roots,filtered_ge5_pair,P_alternative_automated_detector,720575940618223419,R1-6,right,720575940618223419,720575940629022972,720575940629022972,yes,LA_R,28,1,ACH:28,no,no,0,Alternative automated synapse calls in the same specimen; not original v783 measured graph or physiological validation
Princeton_2025_same_FAFB_v783_roots,filtered_ge5_pair,P_alternative_automated_detector,720575940618531618,R1-6,right,720575940618531618,720575940613532133,720575940613532133,yes,LA_R,28,1,ACH:28,no,no,0,Alternative automated synapse calls in the same specimen; not original v783 measured graph or physiological validation
Princeton_2025_same_FAFB_v783_roots,filtered_ge5_pair,P_alternative_automated_detector,720575940621349285,R1-6,right,720575940621349285,720575940620129950,720575940620129950,yes,LA_R,28,1,ACH:28,no,no,0,Alternative automated synapse calls in the same specimen; not original v783 measured graph or physiological validation
Princeton_2025_same_FAFB_v783_roots,filtered_ge5_pair,P_alternative_automated_detector,720575940622545023,R1-6,right,720575940622545023,720575940628084873,720575940628084873,yes,LA_R,28,1,ACH:28,no,no,0,Alternative automated synapse calls in the same specimen; not original v783 measured graph or physiological validation
Princeton_2025_same_FAFB_v783_roots,filtered_ge5_pair,P_alternative_automated_detector,720575940622703640,R1-6,right,720575940622703640,720575940636303728,720575940636303728,yes,LA_R,28,1,ACH:28,no,no,0,Alternative automated synapse calls in the same specimen; not original v783 measured graph or physiological validation
Princeton_2025_same_FAFB_v783_roots,filtered_ge5_pair,P_alternative_automated_detector,720575940625416167,R1-6,right,720575940625416167,720575940628116392,720575940628116392,yes,LA_R,28,1,ACH:28,no,no,0,Alternative automated synapse calls in the same specimen; not original v783 measured graph or physiological validation
Princeton_2025_same_FAFB_v783_roots,filtered_ge5_pair,P_alternative_automated_detector,720575940628522152,R1-6,right,720575940628522152,720575940613980712,720575940613980712,yes,LA_R,28,1,ACH:28,no,no,0,Alternative automated synapse calls in the same specimen; not original v783 measured graph or physiological validation
Princeton_2025_same_FAFB_v783_roots,filtered_ge5_pair,P_alternative_automated_detector,720575940628789064,R1-6,right,720575940628789064,720575940626974297,720575940626974297,yes,LA_R,28,1,ACH:28,no,no,0,Alternative automated synapse calls in the same specimen; not original v783 measured graph or physiological validation
Princeton_2025_same_FAFB_v783_roots,filtered_ge5_pair,P_alternative_automated_detector,720575940630333566,R1-6,right,720575940630333566,720575940623527059,720575940623527059,yes,LA_R,28,1,ACH:28,no,no,0,Alternative automated synapse calls in the same specimen; not original v783 measured graph or physiological validation
Princeton_2025_same_FAFB_v783_roots,filtered_ge5_pair,P_alternative_automated_detector,720575940638616922,R1-6,right,720575940638616922,720575940631721721,720575940631721721,yes,LA_R,28,1,ACH:28,no,no,0,Alternative automated synapse calls in the same specimen; not original v783 measured graph or physiological validation
Princeton_2025_same_FAFB_v783_roots,filtered_ge5_pair,P_alternative_automated_detector,720575940638616922,R1-6,right,720575940638616922,720575940647118883,720575940647118883,yes,LA_R,28,1,ACH:28,no,no,0,Alternative automated synapse calls in the same specimen; not original v783 measured graph or physiological validation
Princeton_2025_same_FAFB_v783_roots,filtered_ge5_pair,P_alternative_automated_detector,720575940645941027,R1-6,right,720575940645941027,720575940620637776,720575940620637776,yes,LA_R,28,1,ACH:28,no,no,0,Alternative automated synapse calls in the same specimen; not original v783 measured graph or physiological validation
Princeton_2025_same_FAFB_v783_roots,filtered_ge5_pair,P_alternative_automated_detector,720575940648383364,R1-6,right,720575940648383364,720575940618278868,720575940618278868,yes,LA_R,28,1,ACH:28,no,no,0,Alternative automated synapse calls in the same specimen; not original v783 measured graph or physiological validation
Princeton_2025_same_FAFB_v783_roots,filtered_ge5_pair,P_alternative_automated_detector,720575940609016668,R1-6,right,720575940609016668,720575940623160865,720575940623160865,yes,LA_R,27,1,ACH:27,no,no,0,Alternative automated synapse calls in the same specimen; not original v783 measured graph or physiological validation
Princeton_2025_same_FAFB_v783_roots,filtered_ge5_pair,P_alternative_automated_detector,720575940609485579,R1-6,right,720575940609485579,720575940621343252,720575940621343252,yes,LA_R,27,1,ACH:27,no,no,0,Alternative automated synapse calls in the same specimen; not original v783 measured graph or physiological validation
Princeton_2025_same_FAFB_v783_roots,filtered_ge5_pair,P_alternative_automated_detector,720575940615951839,R1-6,right,720575940615951839,720575940634717153,720575940634717153,yes,LA_R,27,1,ACH:27,no,no,0,Alternative automated synapse calls in the same specimen; not original v783 measured graph or physiological validation
Princeton_2025_same_FAFB_v783_roots,filtered_ge5_pair,P_alternative_automated_detector,720575940618663069,R1-6,right,720575940618663069,720575940641780621,720575940641780621,yes,LA_R,27,1,ACH:27,no,no,0,Alternative automated synapse calls in the same specimen; not original v783 measured graph or physiological validation
Princeton_2025_same_FAFB_v783_roots,filtered_ge5_pair,P_alternative_automated_detector,720575940626585744,R1-6,right,720575940626585744,720575940607755721,720575940607755721,yes,LA_R,27,1,ACH:27,no,no,0,Alternative automated synapse calls in the same specimen; not original v783 measured graph or physiological validation
Princeton_2025_same_FAFB_v783_roots,filtered_ge5_pair,P_alternative_automated_detector,720575940628442389,R1-6,right,720575940628442389,720575940643314061,720575940643314061,yes,LA_R,27,1,ACH:27,no,no,0,Alternative automated synapse calls in the same specimen; not original v783 measured graph or physiological validation
Princeton_2025_same_FAFB_v783_roots,filtered_ge5_pair,P_alternative_automated_detector,720575940629854507,R1-6,right,720575940629854507,720575940631721721,720575940631721721,yes,LA_R,27,1,ACH:27,no,no,0,Alternative automated synapse calls in the same specimen; not original v783 measured graph or physiological validation
Princeton_2025_same_FAFB_v783_roots,filtered_ge5_pair,P_alternative_automated_detector,720575940631048812,R1-6,right,720575940631048812,720575940620711115,720575940620711115,yes,LA_R,27,1,ACH:27,no,no,0,Alternative automated synapse calls in the same specimen; not original v783 measured graph or physiological validation
Princeton_2025_same_FAFB_v783_roots,filtered_ge5_pair,P_alternative_automated_detector,720575940632581945,R1-6,right,720575940632581945,720575940626023608,720575940626023608,yes,LA_R,27,1,ACH:27,no,no,0,Alternative automated synapse calls in the same specimen; not original v783 measured graph or physiological validation
Princeton_2025_same_FAFB_v783_roots,filtered_ge5_pair,P_alternative_automated_detector,720575940640017597,R1-6,right,720575940640017597,720575940620637776,720575940620637776,yes,LA_R,27,1,ACH:27,no,no,0,Alternative automated synapse calls in the same specimen; not original v783 measured graph or physiological validation
Princeton_2025_same_FAFB_v783_roots,filtered_ge5_pair,P_alternative_automated_detector,720575940646392942,R1-6,left,720575940646392942,720575940625759719,720575940625759719,yes,LA_L,27,1,ACH:27,no,no,0,Alternative automated synapse calls in the same specimen; not original v783 measured graph or physiological validation
Princeton_2025_same_FAFB_v783_roots,filtered_ge5_pair,P_alternative_automated_detector,720575940607860169,R1-6,right,720575940607860169,720575940620316632,720575940620316632,yes,LA_R,26,1,ACH:26,no,no,0,Alternative automated synapse calls in the same specimen; not original v783 measured graph or physiological validation
Princeton_2025_same_FAFB_v783_roots,filtered_ge5_pair,P_alternative_automated_detector,720575940611532664,R1-6,right,720575940611532664,720575940633313444,720575940633313444,yes,LA_R,26,1,ACH:26,no,no,0,Alternative automated synapse calls in the same specimen; not original v783 measured graph or physiological validation
Princeton_2025_same_FAFB_v783_roots,filtered_ge5_pair,P_alternative_automated_detector,720575940618437922,R1-6,right,720575940618437922,720575940625266761,720575940625266761,yes,LA_R,26,1,ACH:26,no,no,0,Alternative automated synapse calls in the same specimen; not original v783 measured graph or physiological validation
Princeton_2025_same_FAFB_v783_roots,filtered_ge5_pair,P_alternative_automated_detector,720575940618743709,R1-6,right,720575940618743709,720575940631261911,720575940631261911,yes,LA_R,26,1,ACH:26,no,no,0,Alternative automated synapse calls in the same specimen; not original v783 measured graph or physiological validation
Princeton_2025_same_FAFB_v783_roots,filtered_ge5_pair,P_alternative_automated_detector,720575940620629553,R1-6,right,720575940620629553,720575940624485258,720575940624485258,yes,LA_R,26,1,ACH:26,no,no,0,Alternative automated synapse calls in the same specimen; not original v783 measured graph or physiological validation
Princeton_2025_same_FAFB_v783_roots,filtered_ge5_pair,P_alternative_automated_detector,720575940621193051,R1-6,right,720575940621193051,720575940618381012,720575940618381012,yes,LA_R,26,1,ACH:26,no,no,0,Alternative automated synapse calls in the same specimen; not original v783 measured graph or physiological validation
Princeton_2025_same_FAFB_v783_roots,filtered_ge5_pair,P_alternative_automated_detector,720575940621458625,R1-6,left,720575940621458625,720575940618872833,720575940618872833,yes,LA_L,26,1,ACH:26,no,no,0,Alternative automated synapse calls in the same specimen; not original v783 measured graph or physiological validation
Princeton_2025_same_FAFB_v783_roots,filtered_ge5_pair,P_alternative_automated_detector,720575940621482667,R1-6,left,720575940621482667,720575940618937654,720575940618937654,yes,LA_L,26,1,ACH:26,no,no,0,Alternative automated synapse calls in the same specimen; not original v783 measured graph or physiological validation
Princeton_2025_same_FAFB_v783_roots,filtered_ge5_pair,P_alternative_automated_detector,720575940621544175,R8,left,720575940621544175,720575940629495803,720575940629495803,yes,ME_L,26,1,ACH:26,no,no,0,Alternative automated synapse calls in the same specimen; not original v783 measured graph or physiological validation
Princeton_2025_same_FAFB_v783_roots,filtered_ge5_pair,P_alternative_automated_detector,720575940623003169,R1-6,right,720575940623003169,720575940636090223,720575940636090223,yes,LA_R,26,1,ACH:26,no,no,0,Alternative automated synapse calls in the same specimen; not original v783 measured graph or physiological validation
Princeton_2025_same_FAFB_v783_roots,filtered_ge5_pair,P_alternative_automated_detector,720575940627671433,R1-6,right,720575940627671433,720575940618381012,720575940618381012,yes,LA_R,26,1,ACH:26,no,no,0,Alternative automated synapse calls in the same specimen; not original v783 measured graph or physiological validation
Princeton_2025_same_FAFB_v783_roots,filtered_ge5_pair,P_alternative_automated_detector,720575940628648936,R1-6,right,720575940628648936,720575940635283903,720575940635283903,yes,LA_R,26,1,ACH:26,no,no,0,Alternative automated synapse calls in the same specimen; not original v783 measured graph or physiological validation
Princeton_2025_same_FAFB_v783_roots,filtered_ge5_pair,P_alternative_automated_detector,720575940629499395,R1-6,right,720575940629499395,720575940613532133,720575940613532133,yes,LA_R,26,1,ACH:26,no,no,0,Alternative automated synapse calls in the same specimen; not original v783 measured graph or physiological validation
Princeton_2025_same_FAFB_v783_roots,filtered_ge5_pair,P_alternative_automated_detector,720575940632687672,R1-6,left,720575940632687672,720575940626927290,720575940626927290,yes,LA_L,26,1,ACH:26,no,no,0,Alternative automated synapse calls in the same specimen; not original v783 measured graph or physiological validation
Princeton_2025_same_FAFB_v783_roots,filtered_ge5_pair,P_alternative_automated_detector,720575940643034765,R1-6,right,720575940643034765,720575940636117359,720575940636117359,yes,LA_R,26,1,ACH:26,no,no,0,Alternative automated synapse calls in the same specimen; not original v783 measured graph or physiological validation
Princeton_2025_same_FAFB_v783_roots,filtered_ge5_pair,P_alternative_automated_detector,720575940613196261,R1-6,right,720575940613196261,720575940644925038,720575940644925038,yes,LA_R,25,1,ACH:25,no,no,0,Alternative automated synapse calls in the same specimen; not original v783 measured graph or physiological validation
Princeton_2025_same_FAFB_v783_roots,filtered_ge5_pair,P_alternative_automated_detector,720575940621462511,R1-6,right,720575940621462511,720575940612717461,720575940612717461,yes,LA_R,25,1,ACH:25,no,no,0,Alternative automated synapse calls in the same specimen; not original v783 measured graph or physiological validation
Princeton_2025_same_FAFB_v783_roots,filtered_ge5_pair,P_alternative_automated_detector,720575940621489243,R1-6,right,720575940621489243,720575940628323461,720575940628323461,yes,LA_R,25,1,ACH:25,no,no,0,Alternative automated synapse calls in the same specimen; not original v783 measured graph or physiological validation
Princeton_2025_same_FAFB_v783_roots,filtered_ge5_pair,P_alternative_automated_detector,720575940624870217,R1-6,right,720575940624870217,720575940634178751,720575940634178751,yes,LA_R,25,1,ACH:25,no,no,0,Alternative automated synapse calls in the same specimen; not original v783 measured graph or physiological validation
Princeton_2025_same_FAFB_v783_roots,filtered_ge5_pair,P_alternative_automated_detector,720575940625511572,R1-6,right,720575940625511572,720575940634203603,720575940634203603,yes,LA_R,25,1,ACH:25,no,no,0,Alternative automated synapse calls in the same specimen; not original v783 measured graph or physiological validation
Princeton_2025_same_FAFB_v783_roots,filtered_ge5_pair,P_alternative_automated_detector,720575940628522152,R1-6,right,720575940628522152,720575940606552422,720575940606552422,yes,LA_R,25,1,ACH:25,no,no,0,Alternative automated synapse calls in the same specimen; not original v783 measured graph or physiological validation
Princeton_2025_same_FAFB_v783_roots,filtered_ge5_pair,P_alternative_automated_detector,720575940630098075,R7,left,720575940630098075,720575940641045376,720575940641045376,yes,ME_L,25,1,ACH:25,no,no,0,Alternative automated synapse calls in the same specimen; not original v783 measured graph or physiological validation
Princeton_2025_same_FAFB_v783_roots,filtered_ge5_pair,P_alternative_automated_detector,720575940632382994,R1-6,right,720575940632382994,720575940621692251,720575940621692251,yes,LA_R,25,1,ACH:25,no,no,0,Alternative automated synapse calls in the same specimen; not original v783 measured graph or physiological validation
Princeton_2025_same_FAFB_v783_roots,filtered_ge5_pair,P_alternative_automated_detector,720575940612735194,R1-6,right,720575940612735194,720575940623277667,720575940623277667,yes,LA_R,24,1,ACH:24,no,no,0,Alternative automated synapse calls in the same specimen; not original v783 measured graph or physiological validation
Princeton_2025_same_FAFB_v783_roots,filtered_ge5_pair,P_alternative_automated_detector,720575940612947635,R1-6,right,720575940612947635,720575940633313444,720575940633313444,yes,LA_R,24,1,ACH:24,no,no,0,Alternative automated synapse calls in the same specimen; not original v783 measured graph or physiological validation
Princeton_2025_same_FAFB_v783_roots,filtered_ge5_pair,P_alternative_automated_detector,720575940615708066,R1-6,right,720575940615708066,720575940609746187,720575940609746187,yes,LA_R,24,1,ACH:24,no,no,0,Alternative automated synapse calls in the same specimen; not original v783 measured graph or physiological validation
Princeton_2025_same_FAFB_v783_roots,filtered_ge5_pair,P_alternative_automated_detector,720575940618743709,R1-6,right,720575940618743709,720575940618381012,720575940618381012,yes,LA_R,24,1,ACH:24,no,no,0,Alternative automated synapse calls in the same specimen; not original v783 measured graph or physiological validation
Princeton_2025_same_FAFB_v783_roots,filtered_ge5_pair,P_alternative_automated_detector,720575940620232920,R1-6,right,720575940620232920,720575940622855924,720575940622855924,yes,LA_R,24,1,ACH:24,no,no,0,Alternative automated synapse calls in the same specimen; not original v783 measured graph or physiological validation
Princeton_2025_same_FAFB_v783_roots,filtered_ge5_pair,P_alternative_automated_detector,720575940621090213,R1-6,right,720575940621090213,720575940607755721,720575940607755721,yes,LA_R,24,1,ACH:24,no,no,0,Alternative automated synapse calls in the same specimen; not original v783 measured graph or physiological validation
Princeton_2025_same_FAFB_v783_roots,filtered_ge5_pair,P_alternative_automated_detector,720575940621544175,R8,left,720575940621544175,720575940639834995,720575940639834995,yes,ME_L,24,1,ACH:24,no,no,0,Alternative automated synapse calls in the same specimen; not original v783 measured graph or physiological validation
Princeton_2025_same_FAFB_v783_roots,filtered_ge5_pair,P_alternative_automated_detector,720575940622132656,R1-6,left,720575940622132656,720575940630494023,720575940630494023,yes,LA_L,24,1,ACH:24,no,no,0,Alternative automated synapse calls in the same specimen; not original v783 measured graph or physiological validation
Princeton_2025_same_FAFB_v783_roots,filtered_ge5_pair,P_alternative_automated_detector,720575940626928740,R1-6,right,720575940626928740,720575940631721721,720575940631721721,yes,LA_R,24,1,ACH:24,no,no,0,Alternative automated synapse calls in the same specimen; not original v783 measured graph or physiological validation
Princeton_2025_same_FAFB_v783_roots,filtered_ge5_pair,P_alternative_automated_detector,720575940630871260,R1-6,right,720575940630871260,720575940640383054,720575940640383054,yes,LA_R,24,1,ACH:24,no,no,0,Alternative automated synapse calls in the same specimen; not original v783 measured graph or physiological validation
Princeton_2025_same_FAFB_v783_roots,filtered_ge5_pair,P_alternative_automated_detector,720575940631043900,R1-6,right,720575940631043900,720575940613532133,720575940613532133,yes,LA_R,24,1,ACH:24,no,no,0,Alternative automated synapse calls in the same specimen; not original v783 measured graph or physiological validation
Princeton_2025_same_FAFB_v783_roots,filtered_ge5_pair,P_alternative_automated_detector,720575940636401400,R1-6,right,720575940636401400,720575940631086636,720575940631086636,yes,LA_R,24,1,ACH:24,no,no,0,Alternative automated synapse calls in the same specimen; not original v783 measured graph or physiological validation
Princeton_2025_same_FAFB_v783_roots,filtered_ge5_pair,P_alternative_automated_detector,720575940646392942,R1-6,left,720575940646392942,720575940640731555,720575940640731555,yes,LA_L,24,1,ACH:24,no,no,0,Alternative automated synapse calls in the same specimen; not original v783 measured graph or physiological validation
Princeton_2025_same_FAFB_v783_roots,filtered_ge5_pair,P_alternative_automated_detector,720575940618150105,R1-6,right,720575940618150105,720575940630024464,720575940630024464,yes,LA_R,23,1,ACH:23,no,no,0,Alternative automated synapse calls in the same specimen; not original v783 measured graph or physiological validation
Princeton_2025_same_FAFB_v783_roots,filtered_ge5_pair,P_alternative_automated_detector,720575940618437922,R1-6,right,720575940618437922,720575940625365996,720575940625365996,yes,LA_R,23,1,ACH:23,no,no,0,Alternative automated synapse calls in the same specimen; not original v783 measured graph or physiological validation
Princeton_2025_same_FAFB_v783_roots,filtered_ge5_pair,P_alternative_automated_detector,720575940620647760,R1-6,right,720575940620647760,720575940618936221,720575940618936221,yes,LA_R,23,1,ACH:23,no,no,0,Alternative automated synapse calls in the same specimen; not original v783 measured graph or physiological validation
Princeton_2025_same_FAFB_v783_roots,filtered_ge5_pair,P_alternative_automated_detector,720575940620753744,R1-6,right,720575940620753744,720575940620637776,720575940620637776,yes,LA_R,23,1,ACH:23,no,no,0,Alternative automated synapse calls in the same specimen; not original v783 measured graph or physiological validation
Princeton_2025_same_FAFB_v783_roots,filtered_ge5_pair,P_alternative_automated_detector,720575940621667462,R1-6,right,720575940621667462,720575940617330772,720575940617330772,yes,LA_R,23,1,ACH:23,no,no,0,Alternative automated synapse calls in the same specimen; not original v783 measured graph or physiological validation
Princeton_2025_same_FAFB_v783_roots,filtered_ge5_pair,P_alternative_automated_detector,720575940630869548,R1-6,right,720575940630869548,720575940610692676,720575940610692676,yes,LA_R,23,1,ACH:23,no,no,0,Alternative automated synapse calls in the same specimen; not original v783 measured graph or physiological validation
Princeton_2025_same_FAFB_v783_roots,filtered_ge5_pair,P_alternative_automated_detector,720575940632189970,R1-6,right,720575940632189970,720575940636615160,720575940636615160,yes,LA_R,23,1,ACH:23,no,no,0,Alternative automated synapse calls in the same specimen; not original v783 measured graph or physiological validation
Princeton_2025_same_FAFB_v783_roots,filtered_ge5_pair,P_alternative_automated_detector,720575940635013020,R1-6,right,720575940635013020,720575940637114743,720575940637114743,yes,LA_R,23,1,ACH:23,no,no,0,Alternative automated synapse calls in the same specimen; not original v783 measured graph or physiological validation
Princeton_2025_same_FAFB_v783_roots,filtered_ge5_pair,P_alternative_automated_detector,720575940639201508,R1-6,right,720575940639201508,720575940612654771,720575940612654771,yes,LA_R,23,1,ACH:23,no,no,0,Alternative automated synapse calls in the same specimen; not original v783 measured graph or physiological validation
Princeton_2025_same_FAFB_v783_roots,filtered_ge5_pair,P_alternative_automated_detector,720575940612839793,R1-6,right,720575940612839793,720575940606761918,720575940606761918,yes,LA_R,22,1,ACH:22,no,no,0,Alternative automated synapse calls in the same specimen; not original v783 measured graph or physiological validation
Princeton_2025_same_FAFB_v783_roots,filtered_ge5_pair,P_alternative_automated_detector,720575940616346822,R1-6,right,720575940616346822,720575940632452626,720575940632452626,yes,LA_R,22,1,ACH:22,no,no,0,Alternative automated synapse calls in the same specimen; not original v783 measured graph or physiological validation
Princeton_2025_same_FAFB_v783_roots,filtered_ge5_pair,P_alternative_automated_detector,720575940618718977,R1-6,right,720575940618718977,720575940620369243,720575940620369243,yes,LA_R,22,1,ACH:22,no,no,0,Alternative automated synapse calls in the same specimen; not original v783 measured graph or physiological validation
Princeton_2025_same_FAFB_v783_roots,filtered_ge5_pair,P_alternative_automated_detector,720575940618864724,R1-6,left,720575940618864724,720575940621274689,720575940621274689,yes,LA_L,22,1,ACH:22,no,no,0,Alternative automated synapse calls in the same specimen; not original v783 measured graph or physiological validation
Princeton_2025_same_FAFB_v783_roots,filtered_ge5_pair,P_alternative_automated_detector,720575940622404991,R1-6,right,720575940622404991,720575940623277667,720575940623277667,yes,LA_R,22,1,ACH:22,no,no,0,Alternative automated synapse calls in the same specimen; not original v783 measured graph or physiological validation
Princeton_2025_same_FAFB_v783_roots,filtered_ge5_pair,P_alternative_automated_detector,720575940623239133,R1-6,right,720575940623239133,720575940633646637,720575940633646637,yes,LA_R,22,1,ACH:22,no,no,0,Alternative automated synapse calls in the same specimen; not original v783 measured graph or physiological validation
Princeton_2025_same_FAFB_v783_roots,filtered_ge5_pair,P_alternative_automated_detector,720575940625113015,R1-6,right,720575940625113015,720575940620744430,720575940620744430,yes,LA_R,22,1,ACH:22,no,no,0,Alternative automated synapse calls in the same specimen; not original v783 measured graph or physiological validation
Princeton_2025_same_FAFB_v783_roots,filtered_ge5_pair,P_alternative_automated_detector,720575940629285873,R1-6,right,720575940629285873,720575940621670127,720575940621670127,yes,LA_R,22,1,ACH:22,no,no,0,Alternative automated synapse calls in the same specimen; not original v783 measured graph or physiological validation
Princeton_2025_same_FAFB_v783_roots,filtered_ge5_pair,P_alternative_automated_detector,720575940630351554,R1-6,right,720575940630351554,720575940616222879,720575940616222879,yes,LA_R,22,1,ACH:22,no,no,0,Alternative automated synapse calls in the same specimen; not original v783 measured graph or physiological validation
Princeton_2025_same_FAFB_v783_roots,filtered_ge5_pair,P_alternative_automated_detector,720575940610821188,R1-6,right,720575940610821188,720575940629929039,720575940629929039,yes,LA_R,21,1,ACH:21,no,no,0,Alternative automated synapse calls in the same specimen; not original v783 measured graph or physiological validation
Princeton_2025_same_FAFB_v783_roots,filtered_ge5_pair,P_alternative_automated_detector,720575940618115289,R1-6,right,720575940618115289,720575940621838830,720575940621838830,yes,LA_R,21,1,ACH:21,no,no,0,Alternative automated synapse calls in the same specimen; not original v783 measured graph or physiological validation
Princeton_2025_same_FAFB_v783_roots,filtered_ge5_pair,P_alternative_automated_detector,720575940620666315,R1-6,right,720575940620666315,720575940612075618,720575940612075618,yes,LA_R,21,1,ACH:21,no,no,0,Alternative automated synapse calls in the same specimen; not original v783 measured graph or physiological validation
Princeton_2025_same_FAFB_v783_roots,filtered_ge5_pair,P_alternative_automated_detector,720575940635677887,R1-6,right,720575940635677887,720575940606552422,720575940606552422,yes,LA_R,21,1,ACH:21,no,no,0,Alternative automated synapse calls in the same specimen; not original v783 measured graph or physiological validation
Princeton_2025_same_FAFB_v783_roots,filtered_ge5_pair,P_alternative_automated_detector,720575940638872553,R1-6,left,720575940638872553,720575940622536662,720575940622536662,yes,LA_L,21,1,ACH:21,no,no,0,Alternative automated synapse calls in the same specimen; not original v783 measured graph or physiological validation
Princeton_2025_same_FAFB_v783_roots,filtered_ge5_pair,P_alternative_automated_detector,720575940644276128,R1-6,right,720575940644276128,720575940640410702,720575940640410702,yes,LA_R,21,1,ACH:21,no,no,0,Alternative automated synapse calls in the same specimen; not original v783 measured graph or physiological validation
Princeton_2025_same_FAFB_v783_roots,filtered_ge5_pair,P_alternative_automated_detector,720575940609016668,R1-6,right,720575940609016668,720575940641678544,720575940641678544,yes,LA_R,20,1,ACH:20,no,no,0,Alternative automated synapse calls in the same specimen; not original v783 measured graph or physiological validation
Princeton_2025_same_FAFB_v783_roots,filtered_ge5_pair,P_alternative_automated_detector,720575940621481450,,left,720575940621481450,720575940636044143,720575940636044143,yes,GNG,20,1,ACH:20,no,no,0,Alternative automated synapse calls in the same specimen; not original v783 measured graph or physiological validation
Princeton_2025_same_FAFB_v783_roots,filtered_ge5_pair,P_alternative_automated_detector,720575940622799898,R1-6,right,720575940622799898,720575940640410702,720575940640410702,yes,LA_R,20,1,ACH:20,no,no,0,Alternative automated synapse calls in the same specimen; not original v783 measured graph or physiological validation
Princeton_2025_same_FAFB_v783_roots,filtered_ge5_pair,P_alternative_automated_detector,720575940626928740,R1-6,right,720575940626928740,720575940625266761,720575940625266761,yes,LA_R,20,1,ACH:20,no,no,0,Alternative automated synapse calls in the same specimen; not original v783 measured graph or physiological validation
Princeton_2025_same_FAFB_v783_roots,filtered_ge5_pair,P_alternative_automated_detector,720575940629285873,R1-6,right,720575940629285873,720575940606761918,720575940606761918,yes,LA_R,20,1,ACH:20,no,no,0,Alternative automated synapse calls in the same specimen; not original v783 measured graph or physiological validation
Princeton_2025_same_FAFB_v783_roots,filtered_ge5_pair,P_alternative_automated_detector,720575940630351554,R1-6,right,720575940630351554,720575940618737748,720575940618737748,yes,LA_R,20,1,ACH:20,no,no,0,Alternative automated synapse calls in the same specimen; not original v783 measured graph or physiological validation
Princeton_2025_same_FAFB_v783_roots,filtered_ge5_pair,P_alternative_automated_detector,720575940637514414,R1-6,right,720575940637514414,720575940624446652,720575940624446652,yes,LA_R,20,1,ACH:20,no,no,0,Alternative automated synapse calls in the same specimen; not original v783 measured graph or physiological validation
Princeton_2025_same_FAFB_v783_roots,filtered_ge5_pair,P_alternative_automated_detector,720575940607773314,R1-6,right,720575940607773314,720575940621759215,720575940621759215,yes,LA_R,19,1,ACH:19,no,no,0,Alternative automated synapse calls in the same specimen; not original v783 measured graph or physiological validation
Princeton_2025_same_FAFB_v783_roots,filtered_ge5_pair,P_alternative_automated_detector,720575940609221900,R1-6,left,720575940609221900,720575940626529052,720575940626529052,yes,LA_L,19,1,ACH:19,no,no,0,Alternative automated synapse calls in the same specimen; not original v783 measured graph or physiological validation
Princeton_2025_same_FAFB_v783_roots,filtered_ge5_pair,P_alternative_automated_detector,720575940618223419,R1-6,right,720575940618223419,720575940616116330,720575940616116330,yes,LA_R,19,1,ACH:19,no,no,0,Alternative automated synapse calls in the same specimen; not original v783 measured graph or physiological validation
Princeton_2025_same_FAFB_v783_roots,filtered_ge5_pair,P_alternative_automated_detector,720575940620629553,R1-6,right,720575940620629553,720575940632281359,720575940632281359,yes,LA_R,19,1,ACH:19,no,no,0,Alternative automated synapse calls in the same specimen; not original v783 measured graph or physiological validation
Princeton_2025_same_FAFB_v783_roots,filtered_ge5_pair,P_alternative_automated_detector,720575940621500070,R1-6,right,720575940621500070,720575940616116330,720575940616116330,yes,LA_R,19,1,ACH:19,no,no,0,Alternative automated synapse calls in the same specimen; not original v783 measured graph or physiological validation
Princeton_2025_same_FAFB_v783_roots,filtered_ge5_pair,P_alternative_automated_detector,720575940629377641,R1-6,right,720575940629377641,720575940628964849,720575940628964849,yes,LA_R,19,1,ACH:19,no,no,0,Alternative automated synapse calls in the same specimen; not original v783 measured graph or physiological validation
Princeton_2025_same_FAFB_v783_roots,filtered_ge5_pair,P_alternative_automated_detector,720575940629499395,R1-6,right,720575940629499395,720575940623010309,720575940623010309,yes,LA_R,19,1,ACH:19,no,no,0,Alternative automated synapse calls in the same specimen; not original v783 measured graph or physiological validation
Princeton_2025_same_FAFB_v783_roots,filtered_ge5_pair,P_alternative_automated_detector,720575940631048812,R1-6,right,720575940631048812,720575940640383054,720575940640383054,yes,LA_R,19,1,ACH:19,no,no,0,Alternative automated synapse calls in the same specimen; not original v783 measured graph or physiological validation
Princeton_2025_same_FAFB_v783_roots,filtered_ge5_pair,P_alternative_automated_detector,720575940631647173,R1-6,right,720575940631647173,720575940633656365,720575940633656365,yes,LA_R,19,1,ACH:19,no,no,0,Alternative automated synapse calls in the same specimen; not original v783 measured graph or physiological validation
Princeton_2025_same_FAFB_v783_roots,filtered_ge5_pair,P_alternative_automated_detector,720575940633561887,R1-6,right,720575940633561887,720575940628710933,720575940628710933,yes,LA_R,19,1,ACH:19,no,no,0,Alternative automated synapse calls in the same specimen; not original v783 measured graph or physiological validation
Princeton_2025_same_FAFB_v783_roots,filtered_ge5_pair,P_alternative_automated_detector,720575940638616922,R1-6,right,720575940638616922,720575940622108225,720575940622108225,yes,LA_R,19,1,ACH:19,no,no,0,Alternative automated synapse calls in the same specimen; not original v783 measured graph or physiological validation
Princeton_2025_same_FAFB_v783_roots,filtered_ge5_pair,P_alternative_automated_detector,720575940645991278,R1-6,right,720575940645991278,720575940630884855,720575940630884855,yes,LA_R,19,1,ACH:19,no,no,0,Alternative automated synapse calls in the same specimen; not original v783 measured graph or physiological validation
Princeton_2025_same_FAFB_v783_roots,filtered_ge5_pair,P_alternative_automated_detector,720575940609485579,R1-6,right,720575940609485579,720575940620629697,720575940620629697,yes,LA_R,18,1,ACH:18,no,no,0,Alternative automated synapse calls in the same specimen; not original v783 measured graph or physiological validation
Princeton_2025_same_FAFB_v783_roots,filtered_ge5_pair,P_alternative_automated_detector,720575940614792623,R1-6,right,720575940614792623,720575940628323461,720575940628323461,yes,LA_R,18,1,ACH:18,no,no,0,Alternative automated synapse calls in the same specimen; not original v783 measured graph or physiological validation
Princeton_2025_same_FAFB_v783_roots,filtered_ge5_pair,P_alternative_automated_detector,720575940622799898,R1-6,right,720575940622799898,720575940607755721,720575940607755721,yes,LA_R,18,1,ACH:18,no,no,0,Alternative automated synapse calls in the same specimen; not original v783 measured graph or physiological validation
Princeton_2025_same_FAFB_v783_roots,filtered_ge5_pair,P_alternative_automated_detector,720575940632581945,R1-6,right,720575940632581945,720575940625365996,720575940625365996,yes,LA_R,18,1,ACH:18,no,no,0,Alternative automated synapse calls in the same specimen; not original v783 measured graph or physiological validation
Princeton_2025_same_FAFB_v783_roots,filtered_ge5_pair,P_alternative_automated_detector,720575940635168407,R1-6,right,720575940635168407,720575940614219518,720575940614219518,yes,LA_R,18,1,ACH:18,no,no,0,Alternative automated synapse calls in the same specimen; not original v783 measured graph or physiological validation
Princeton_2025_same_FAFB_v783_roots,filtered_ge5_pair,P_alternative_automated_detector,720575940637390181,R7,left,720575940637390181,720575940624765626,720575940624765626,yes,ME_L,18,1,ACH:18,no,no,0,Alternative automated synapse calls in the same specimen; not original v783 measured graph or physiological validation
Princeton_2025_same_FAFB_v783_roots,filtered_ge5_pair,P_alternative_automated_detector,720575940609016668,R1-6,right,720575940609016668,720575940660133249,720575940660133249,yes,LA_R,17,1,ACH:17,no,no,0,Alternative automated synapse calls in the same specimen; not original v783 measured graph or physiological validation
Princeton_2025_same_FAFB_v783_roots,filtered_ge5_pair,P_alternative_automated_detector,720575940618531618,R1-6,right,720575940618531618,720575940642551515,720575940642551515,yes,LA_R,17,1,ACH:17,no,no,0,Alternative automated synapse calls in the same specimen; not original v783 measured graph or physiological validation
Princeton_2025_same_FAFB_v783_roots,filtered_ge5_pair,P_alternative_automated_detector,720575940620647760,R1-6,right,720575940620647760,720575940636619621,720575940636619621,yes,LA_R,17,1,ACH:17,no,no,0,Alternative automated synapse calls in the same specimen; not original v783 measured graph or physiological validation
Princeton_2025_same_FAFB_v783_roots,filtered_ge5_pair,P_alternative_automated_detector,720575940620722000,R1-6,right,720575940620722000,720575940612399822,720575940612399822,yes,LA_R,17,1,ACH:17,no,no,0,Alternative automated synapse calls in the same specimen; not original v783 measured graph or physiological validation
Princeton_2025_same_FAFB_v783_roots,filtered_ge5_pair,P_alternative_automated_detector,720575940622703640,R1-6,right,720575940622703640,720575940637073775,720575940637073775,yes,LA_R,17,1,ACH:17,no,no,0,Alternative automated synapse calls in the same specimen; not original v783 measured graph or physiological validation
Princeton_2025_same_FAFB_v783_roots,filtered_ge5_pair,P_alternative_automated_detector,720575940622799137,R1-6,right,720575940622799137,720575940625155837,720575940625155837,yes,LA_R,17,1,ACH:17,no,no,0,Alternative automated synapse calls in the same specimen; not original v783 measured graph or physiological validation
Princeton_2025_same_FAFB_v783_roots,filtered_ge5_pair,P_alternative_automated_detector,720575940624139305,R1-6,right,720575940624139305,720575940610664601,720575940610664601,yes,LA_R,17,1,ACH:17,no,no,0,Alternative automated synapse calls in the same specimen; not original v783 measured graph or physiological validation
Princeton_2025_same_FAFB_v783_roots,filtered_ge5_pair,P_alternative_automated_detector,720575940627855768,R1-6,right,720575940627855768,720575940626081724,720575940626081724,yes,LA_R,17,1,ACH:17,no,no,0,Alternative automated synapse calls in the same specimen; not original v783 measured graph or physiological validation
Princeton_2025_same_FAFB_v783_roots,filtered_ge5_pair,P_alternative_automated_detector,720575940628054397,R1-6,right,720575940628054397,720575940625266761,720575940625266761,yes,LA_R,17,1,ACH:17,no,no,0,Alternative automated synapse calls in the same specimen; not original v783 measured graph or physiological validation
Princeton_2025_same_FAFB_v783_roots,filtered_ge5_pair,P_alternative_automated_detector,720575940628102013,R1-6,right,720575940628102013,720575940624485258,720575940624485258,yes,LA_R,17,1,ACH:17,no,no,0,Alternative automated synapse calls in the same specimen; not original v783 measured graph or physiological validation
Princeton_2025_same_FAFB_v783_roots,filtered_ge5_pair,P_alternative_automated_detector,720575940628102013,R1-6,right,720575940628102013,720575940632281359,720575940632281359,yes,LA_R,17,1,ACH:17,no,no,0,Alternative automated synapse calls in the same specimen; not original v783 measured graph or physiological validation
Princeton_2025_same_FAFB_v783_roots,filtered_ge5_pair,P_alternative_automated_detector,720575940629808911,ITP,right,720575940629808911,720575940626841354,720575940626841354,yes,SPS_R,17,1,ACH:17,no,no,0,Alternative automated synapse calls in the same specimen; not original v783 measured graph or physiological validation
Princeton_2025_same_FAFB_v783_roots,filtered_ge5_pair,P_alternative_automated_detector,720575940631845839,R1-6,right,720575940631845839,720575940612717461,720575940612717461,yes,LA_R,17,1,ACH:17,no,no,0,Alternative automated synapse calls in the same specimen; not original v783 measured graph or physiological validation
Princeton_2025_same_FAFB_v783_roots,filtered_ge5_pair,P_alternative_automated_detector,720575940633816986,DNx02,left,720575940633816986,720575940606224318,720575940606224318,yes,GNG,17,1,ACH:17,no,no,0,Alternative automated synapse calls in the same specimen; not original v783 measured graph or physiological validation
Princeton_2025_same_FAFB_v783_roots,filtered_ge5_pair,P_alternative_automated_detector,720575940644276128,R1-6,right,720575940644276128,720575940622732272,720575940622732272,yes,LA_R,17,1,ACH:17,no,no,0,Alternative automated synapse calls in the same specimen; not original v783 measured graph or physiological validation
Princeton_2025_same_FAFB_v783_roots,filtered_ge5_pair,P_alternative_automated_detector,720575940607773314,R1-6,right,720575940607773314,720575940608573707,720575940608573707,yes,LA_R,16,1,ACH:16,no,no,0,Alternative automated synapse calls in the same specimen; not original v783 measured graph or physiological validation
Princeton_2025_same_FAFB_v783_roots,filtered_ge5_pair,P_alternative_automated_detector,720575940615167742,R1-6,right,720575940615167742,720575940627334525,720575940627334525,yes,LA_R,16,1,ACH:16,no,no,0,Alternative automated synapse calls in the same specimen; not original v783 measured graph or physiological validation
Princeton_2025_same_FAFB_v783_roots,filtered_ge5_pair,P_alternative_automated_detector,720575940619877022,R1-6,right,720575940619877022,720575940612075618,720575940612075618,yes,LA_R,16,1,ACH:16,no,no,0,Alternative automated synapse calls in the same specimen; not original v783 measured graph or physiological validation
Princeton_2025_same_FAFB_v783_roots,filtered_ge5_pair,P_alternative_automated_detector,720575940621103269,R1-6,right,720575940621103269,720575940616572063,720575940616572063,yes,LA_R,16,1,ACH:16,no,no,0,Alternative automated synapse calls in the same specimen; not original v783 measured graph or physiological validation
Princeton_2025_same_FAFB_v783_roots,filtered_ge5_pair,P_alternative_automated_detector,720575940621481450,,left,720575940621481450,720575940633308371,720575940633308371,yes,GNG,16,1,ACH:16,no,no,0,Alternative automated synapse calls in the same specimen; not original v783 measured graph or physiological validation
Princeton_2025_same_FAFB_v783_roots,filtered_ge5_pair,P_alternative_automated_detector,720575940621500070,R1-6,right,720575940621500070,720575940629022972,720575940629022972,yes,LA_R,16,1,ACH:16,no,no,0,Alternative automated synapse calls in the same specimen; not original v783 measured graph or physiological validation
Princeton_2025_same_FAFB_v783_roots,filtered_ge5_pair,P_alternative_automated_detector,720575940621944941,R1-6,right,720575940621944941,720575940620206529,720575940620206529,yes,LA_R,16,1,ACH:16,no,no,0,Alternative automated synapse calls in the same specimen; not original v783 measured graph or physiological validation
Princeton_2025_same_FAFB_v783_roots,filtered_ge5_pair,P_alternative_automated_detector,720575940625416167,R1-6,right,720575940625416167,720575940620706543,720575940620706543,yes,LA_R,16,1,ACH:16,no,no,0,Alternative automated synapse calls in the same specimen; not original v783 measured graph or physiological validation
Princeton_2025_same_FAFB_v783_roots,filtered_ge5_pair,P_alternative_automated_detector,720575940628789064,R1-6,right,720575940628789064,720575940628128649,720575940628128649,yes,LA_R,16,1,ACH:16,no,no,0,Alternative automated synapse calls in the same specimen; not original v783 measured graph or physiological validation
Princeton_2025_same_FAFB_v783_roots,filtered_ge5_pair,P_alternative_automated_detector,720575940630098075,R7,left,720575940630098075,720575940624765626,720575940624765626,yes,ME_L,16,1,ACH:16,no,no,0,Alternative automated synapse calls in the same specimen; not original v783 measured graph or physiological validation
Princeton_2025_same_FAFB_v783_roots,filtered_ge5_pair,P_alternative_automated_detector,720575940630485626,R1-6,right,720575940630485626,720575940627935058,720575940627935058,yes,LA_R,16,1,ACH:16,no,no,0,Alternative automated synapse calls in the same specimen; not original v783 measured graph or physiological validation
Princeton_2025_same_FAFB_v783_roots,filtered_ge5_pair,P_alternative_automated_detector,720575940631301883,R1-6,right,720575940631301883,720575940641045888,720575940641045888,yes,LA_R,16,1,ACH:16,no,no,0,Alternative automated synapse calls in the same specimen; not original v783 measured graph or physiological validation
Princeton_2025_same_FAFB_v783_roots,filtered_ge5_pair,P_alternative_automated_detector,720575940632280338,R8,left,720575940625892284,720575940632280338,720575940625892284,yes,ME_L,16,1,ACH:16,no,no,0,Alternative automated synapse calls in the same specimen; not original v783 measured graph or physiological validation
Princeton_2025_same_FAFB_v783_roots,filtered_ge5_pair,P_alternative_automated_detector,720575940636307960,R1-6,right,720575940636307960,720575940606761918,720575940606761918,yes,LA_R,16,1,ACH:16,no,no,0,Alternative automated synapse calls in the same specimen; not original v783 measured graph or physiological validation
Princeton_2025_same_FAFB_v783_roots,filtered_ge5_pair,P_alternative_automated_detector,720575940616710412,R1-6,left,720575940616710412,720575940613692994,720575940613692994,yes,LA_L,15,1,ACH:15,no,no,0,Alternative automated synapse calls in the same specimen; not original v783 measured graph or physiological validation
Princeton_2025_same_FAFB_v783_roots,filtered_ge5_pair,P_alternative_automated_detector,720575940618223419,R1-6,right,720575940618223419,720575940623586756,720575940623586756,yes,LA_R,15,1,ACH:15,no,no,0,Alternative automated synapse calls in the same specimen; not original v783 measured graph or physiological validation
Princeton_2025_same_FAFB_v783_roots,filtered_ge5_pair,P_alternative_automated_detector,720575940620665680,R1-6,left,720575940620665680,720575940635898266,720575940635898266,yes,LA_L,15,1,ACH:15,no,no,0,Alternative automated synapse calls in the same specimen; not original v783 measured graph or physiological validation
Princeton_2025_same_FAFB_v783_roots,filtered_ge5_pair,P_alternative_automated_detector,720575940621103269,R1-6,right,720575940621103269,720575940627935058,720575940627935058,yes,LA_R,15,1,ACH:15,no,no,0,Alternative automated synapse calls in the same specimen; not original v783 measured graph or physiological validation
Princeton_2025_same_FAFB_v783_roots,filtered_ge5_pair,P_alternative_automated_detector,720575940624956139,R1-6,right,720575940624956139,720575940645807726,720575940645807726,yes,LA_R,15,1,ACH:15,no,no,0,Alternative automated synapse calls in the same specimen; not original v783 measured graph or physiological validation
Princeton_2025_same_FAFB_v783_roots,filtered_ge5_pair,P_alternative_automated_detector,720575940631048812,R1-6,right,720575940631048812,720575940627905566,720575940627905566,yes,LA_R,15,1,ACH:15,no,no,0,Alternative automated synapse calls in the same specimen; not original v783 measured graph or physiological validation
Princeton_2025_same_FAFB_v783_roots,filtered_ge5_pair,P_alternative_automated_detector,720575940632083275,R1-6,right,720575940632083275,720575940605763040,720575940605763040,yes,LA_R,15,1,ACH:15,no,no,0,Alternative automated synapse calls in the same specimen; not original v783 measured graph or physiological validation
Princeton_2025_same_FAFB_v783_roots,filtered_ge5_pair,P_alternative_automated_detector,720575940633188492,R1-6,right,720575940633188492,720575940627935058,720575940627935058,yes,LA_R,15,1,ACH:15,no,no,0,Alternative automated synapse calls in the same specimen; not original v783 measured graph or physiological validation
Princeton_2025_same_FAFB_v783_roots,filtered_ge5_pair,P_alternative_automated_detector,720575940633816986,DNx02,left,720575940633816986,720575940661335681,720575940661335681,yes,GNG,15,1,ACH:15,no,no,0,Alternative automated synapse calls in the same specimen; not original v783 measured graph or physiological validation
Princeton_2025_same_FAFB_v783_roots,filtered_ge5_pair,P_alternative_automated_detector,720575940609622281,R8,left,720575940609622281,720575940624750823,720575940624750823,yes,ME_L,14,1,ACH:14,no,no,0,Alternative automated synapse calls in the same specimen; not original v783 measured graph or physiological validation
Princeton_2025_same_FAFB_v783_roots,filtered_ge5_pair,P_alternative_automated_detector,720575940613474474,R1-6,right,720575940613474474,720575940641257973,720575940641257973,yes,LA_R,14,1,ACH:14,no,no,0,Alternative automated synapse calls in the same specimen; not original v783 measured graph or physiological validation
Princeton_2025_same_FAFB_v783_roots,filtered_ge5_pair,P_alternative_automated_detector,720575940616450626,R1-6,right,720575940616450626,720575940633296804,720575940633296804,yes,LA_R,14,1,ACH:14,no,no,0,Alternative automated synapse calls in the same specimen; not original v783 measured graph or physiological validation
Princeton_2025_same_FAFB_v783_roots,filtered_ge5_pair,P_alternative_automated_detector,720575940620629553,R1-6,right,720575940620629553,720575940635567979,720575940635567979,yes,LA_R,14,1,ACH:14,no,no,0,Alternative automated synapse calls in the same specimen; not original v783 measured graph or physiological validation
Princeton_2025_same_FAFB_v783_roots,filtered_ge5_pair,P_alternative_automated_detector,720575940621443206,R1-6,right,720575940621443206,720575940632281359,720575940632281359,yes,LA_R,14,1,ACH:14,no,no,0,Alternative automated synapse calls in the same specimen; not original v783 measured graph or physiological validation
Princeton_2025_same_FAFB_v783_roots,filtered_ge5_pair,P_alternative_automated_detector,720575940621667462,R1-6,right,720575940621667462,720575940605763040,720575940605763040,yes,LA_R,14,1,ACH:14,no,no,0,Alternative automated synapse calls in the same specimen; not original v783 measured graph or physiological validation
Princeton_2025_same_FAFB_v783_roots,filtered_ge5_pair,P_alternative_automated_detector,720575940622270273,R1-6,right,720575940622270273,720575940620692562,720575940620692562,yes,LA_R,14,1,ACH:14,no,no,0,Alternative automated synapse calls in the same specimen; not original v783 measured graph or physiological validation
Princeton_2025_same_FAFB_v783_roots,filtered_ge5_pair,P_alternative_automated_detector,720575940629499395,R1-6,right,720575940629499395,720575940642551515,720575940642551515,yes,LA_R,14,1,ACH:14,no,no,0,Alternative automated synapse calls in the same specimen; not original v783 measured graph or physiological validation
Princeton_2025_same_FAFB_v783_roots,filtered_ge5_pair,P_alternative_automated_detector,720575940629636713,R8,left,720575940629636713,720575940612152418,720575940612152418,yes,LA_L,14,1,ACH:14,no,no,0,Alternative automated synapse calls in the same specimen; not original v783 measured graph or physiological validation
Princeton_2025_same_FAFB_v783_roots,filtered_ge5_pair,P_alternative_automated_detector,720575940630333566,R1-6,right,720575940630333566,720575940627334525,720575940627334525,yes,LA_R,14,1,ACH:14,no,no,0,Alternative automated synapse calls in the same specimen; not original v783 measured graph or physiological validation
Princeton_2025_same_FAFB_v783_roots,filtered_ge5_pair,P_alternative_automated_detector,720575940631186550,R1-6,right,720575940631186550,720575940633646637,720575940633646637,yes,LA_R,14,1,ACH:14,no,no,0,Alternative automated synapse calls in the same specimen; not original v783 measured graph or physiological validation
Princeton_2025_same_FAFB_v783_roots,filtered_ge5_pair,P_alternative_automated_detector,720575940637514414,R1-6,right,720575940637514414,720575940628430906,720575940628430906,yes,LA_R,14,1,ACH:14,no,no,0,Alternative automated synapse calls in the same specimen; not original v783 measured graph or physiological validation
Princeton_2025_same_FAFB_v783_roots,filtered_ge5_pair,P_alternative_automated_detector,720575940611532664,R1-6,right,720575940611532664,720575940629064188,720575940629064188,yes,LA_R,13,1,ACH:13,no,no,0,Alternative automated synapse calls in the same specimen; not original v783 measured graph or physiological validation
Princeton_2025_same_FAFB_v783_roots,filtered_ge5_pair,P_alternative_automated_detector,720575940623005308,R1-6,right,720575940623005308,720575940623799699,720575940623799699,yes,LA_R,13,1,ACH:13,no,no,0,Alternative automated synapse calls in the same specimen; not original v783 measured graph or physiological validation
Princeton_2025_same_FAFB_v783_roots,filtered_ge5_pair,P_alternative_automated_detector,720575940628955722,R1-6,left,720575940628955722,720575940619567483,720575940619567483,yes,LA_L,13,1,ACH:13,no,no,0,Alternative automated synapse calls in the same specimen; not original v783 measured graph or physiological validation
Princeton_2025_same_FAFB_v783_roots,filtered_ge5_pair,P_alternative_automated_detector,720575940629808911,ITP,right,720575940629808911,720575940636633848,720575940636633848,yes,SPS_R,13,1,ACH:13,no,no,0,Alternative automated synapse calls in the same specimen; not original v783 measured graph or physiological validation
Princeton_2025_same_FAFB_v783_roots,filtered_ge5_pair,P_alternative_automated_detector,720575940631388887,R1-6,right,720575940631388887,720575940628710933,720575940628710933,yes,LA_R,13,1,ACH:13,no,no,0,Alternative automated synapse calls in the same specimen; not original v783 measured graph or physiological validation
Princeton_2025_same_FAFB_v783_roots,filtered_ge5_pair,P_alternative_automated_detector,720575940633176351,R1-6,right,720575940633176351,720575940632495585,720575940632495585,yes,LA_R,13,1,ACH:13,no,no,0,Alternative automated synapse calls in the same specimen; not original v783 measured graph or physiological validation
Princeton_2025_same_FAFB_v783_roots,filtered_ge5_pair,P_alternative_automated_detector,720575940640017597,R1-6,right,720575940640017597,720575940630250139,720575940630250139,yes,LA_R,13,1,ACH:13,no,no,0,Alternative automated synapse calls in the same specimen; not original v783 measured graph or physiological validation
Princeton_2025_same_FAFB_v783_roots,filtered_ge5_pair,P_alternative_automated_detector,720575940611532664,R1-6,right,720575940611532664,720575940618816340,720575940618816340,yes,LA_R,12,1,ACH:12,no,no,0,Alternative automated synapse calls in the same specimen; not original v783 measured graph or physiological validation
Princeton_2025_same_FAFB_v783_roots,filtered_ge5_pair,P_alternative_automated_detector,720575940612943066,R1-6,right,720575940612943066,720575940636935494,720575940636935494,yes,LA_R,12,1,ACH:12,no,no,0,Alternative automated synapse calls in the same specimen; not original v783 measured graph or physiological validation
Princeton_2025_same_FAFB_v783_roots,filtered_ge5_pair,P_alternative_automated_detector,720575940617499765,R7,left,720575940623308108,720575940617499765,720575940623308108,yes,ME_L,12,1,ACH:12,no,no,0,Alternative automated synapse calls in the same specimen; not original v783 measured graph or physiological validation
Princeton_2025_same_FAFB_v783_roots,filtered_ge5_pair,P_alternative_automated_detector,720575940618223419,R1-6,right,720575940618223419,720575940628300421,720575940628300421,yes,LA_R,12,1,ACH:12,no,no,0,Alternative automated synapse calls in the same specimen; not original v783 measured graph or physiological validation
Princeton_2025_same_FAFB_v783_roots,filtered_ge5_pair,P_alternative_automated_detector,720575940618718977,R1-6,right,720575940618718977,720575940628351570,720575940628351570,yes,LA_R,12,1,ACH:12,no,no,0,Alternative automated synapse calls in the same specimen; not original v783 measured graph or physiological validation
Princeton_2025_same_FAFB_v783_roots,filtered_ge5_pair,P_alternative_automated_detector,720575940619065664,R1-6,right,720575940619065664,720575940618381012,720575940618381012,yes,LA_R,12,1,ACH:12,no,no,0,Alternative automated synapse calls in the same specimen; not original v783 measured graph or physiological validation
Princeton_2025_same_FAFB_v783_roots,filtered_ge5_pair,P_alternative_automated_detector,720575940621443206,R1-6,right,720575940621443206,720575940635567979,720575940635567979,yes,LA_R,12,1,ACH:12,no,no,0,Alternative automated synapse calls in the same specimen; not original v783 measured graph or physiological validation
Princeton_2025_same_FAFB_v783_roots,filtered_ge5_pair,P_alternative_automated_detector,720575940622939998,R1-6,right,720575940622939998,720575940619137819,720575940619137819,yes,LA_R,12,1,ACH:12,no,no,0,Alternative automated synapse calls in the same specimen; not original v783 measured graph or physiological validation
Princeton_2025_same_FAFB_v783_roots,filtered_ge5_pair,P_alternative_automated_detector,720575940628102013,R1-6,right,720575940628102013,720575940635567979,720575940635567979,yes,LA_R,12,1,ACH:12,no,no,0,Alternative automated synapse calls in the same specimen; not original v783 measured graph or physiological validation
Princeton_2025_same_FAFB_v783_roots,filtered_ge5_pair,P_alternative_automated_detector,720575940628335611,,left,720575940628335611,720575940628164612,720575940628164612,yes,GNG,12,1,ACH:12,no,no,0,Alternative automated synapse calls in the same specimen; not original v783 measured graph or physiological validation
Princeton_2025_same_FAFB_v783_roots,filtered_ge5_pair,P_alternative_automated_detector,720575940629285873,R1-6,right,720575940629285873,720575940633284895,720575940633284895,yes,LA_R,12,1,ACH:12,no,no,0,Alternative automated synapse calls in the same specimen; not original v783 measured graph or physiological validation
Princeton_2025_same_FAFB_v783_roots,filtered_ge5_pair,P_alternative_automated_detector,720575940629808911,ITP,right,720575940629808911,720575940619845552,720575940619845552,yes,SPS_R,12,1,ACH:12,no,no,0,Alternative automated synapse calls in the same specimen; not original v783 measured graph or physiological validation
Princeton_2025_same_FAFB_v783_roots,filtered_ge5_pair,P_alternative_automated_detector,720575940630098075,R7,left,720575940628729256,720575940630098075,720575940628729256,yes,ME_L,12,1,ACH:12,no,no,0,Alternative automated synapse calls in the same specimen; not original v783 measured graph or physiological validation
Princeton_2025_same_FAFB_v783_roots,filtered_ge5_pair,P_alternative_automated_detector,720575940630871260,R1-6,right,720575940630871260,720575940627905566,720575940627905566,yes,LA_R,12,1,ACH:12,no,no,0,Alternative automated synapse calls in the same specimen; not original v783 measured graph or physiological validation
Princeton_2025_same_FAFB_v783_roots,filtered_ge5_pair,P_alternative_automated_detector,720575940632382994,R1-6,right,720575940632382994,720575940609928971,720575940609928971,yes,LA_R,12,1,ACH:12,no,no,0,Alternative automated synapse calls in the same specimen; not original v783 measured graph or physiological validation
Princeton_2025_same_FAFB_v783_roots,filtered_ge5_pair,P_alternative_automated_detector,720575940638921700,R1-6,right,720575940638921700,720575940642565851,720575940642565851,yes,LA_R,12,1,ACH:12,no,no,0,Alternative automated synapse calls in the same specimen; not original v783 measured graph or physiological validation
Princeton_2025_same_FAFB_v783_roots,filtered_ge5_pair,P_alternative_automated_detector,720575940647229219,R1-6,right,720575940647229219,720575940613032854,720575940613032854,yes,LA_R,12,1,ACH:12,no,no,0,Alternative automated synapse calls in the same specimen; not original v783 measured graph or physiological validation
Princeton_2025_same_FAFB_v783_roots,filtered_ge5_pair,P_alternative_automated_detector,720575940617768587,R8,left,720575940617768587,720575940623988248,720575940623988248,yes,ME_L,11,1,ACH:11,no,no,0,Alternative automated synapse calls in the same specimen; not original v783 measured graph or physiological validation
Princeton_2025_same_FAFB_v783_roots,filtered_ge5_pair,P_alternative_automated_detector,720575940621193051,R1-6,right,720575940621193051,720575940606554558,720575940606554558,yes,LA_R,11,1,ACH:11,no,no,0,Alternative automated synapse calls in the same specimen; not original v783 measured graph or physiological validation
Princeton_2025_same_FAFB_v783_roots,filtered_ge5_pair,P_alternative_automated_detector,720575940621338246,R8,left,720575940619485248,720575940621338246,720575940619485248,yes,ME_L,11,1,ACH:11,no,no,0,Alternative automated synapse calls in the same specimen; not original v783 measured graph or physiological validation
Princeton_2025_same_FAFB_v783_roots,filtered_ge5_pair,P_alternative_automated_detector,720575940621544175,R8,left,720575940621544175,720575940622981153,720575940622981153,yes,ME_L,11,1,ACH:11,no,no,0,Alternative automated synapse calls in the same specimen; not original v783 measured graph or physiological validation
Princeton_2025_same_FAFB_v783_roots,filtered_ge5_pair,P_alternative_automated_detector,720575940621544175,R8,left,720575940621544175,720575940637390181,720575940637390181,yes,ME_L,11,1,ACH:11,no,no,0,Alternative automated synapse calls in the same specimen; not original v783 measured graph or physiological validation
Princeton_2025_same_FAFB_v783_roots,filtered_ge5_pair,P_alternative_automated_detector,720575940622270273,R1-6,right,720575940622270273,720575940630846711,720575940630846711,yes,LA_R,11,1,ACH:11,no,no,0,Alternative automated synapse calls in the same specimen; not original v783 measured graph or physiological validation
Princeton_2025_same_FAFB_v783_roots,filtered_ge5_pair,P_alternative_automated_detector,720575940625125640,R1-6,right,720575940625125640,720575940606489702,720575940606489702,yes,LA_R,11,1,ACH:11,no,no,0,Alternative automated synapse calls in the same specimen; not original v783 measured graph or physiological validation
Princeton_2025_same_FAFB_v783_roots,filtered_ge5_pair,P_alternative_automated_detector,720575940625652879,,left,720575940625652879,720575940641811419,720575940641811419,yes,GNG,11,1,ACH:11,no,no,0,Alternative automated synapse calls in the same specimen; not original v783 measured graph or physiological validation
Princeton_2025_same_FAFB_v783_roots,filtered_ge5_pair,P_alternative_automated_detector,720575940625717747,R1-6,right,720575940625717747,720575940623073050,720575940623073050,yes,LA_R,11,1,ACH:11,no,no,0,Alternative automated synapse calls in the same specimen; not original v783 measured graph or physiological validation
Princeton_2025_same_FAFB_v783_roots,filtered_ge5_pair,P_alternative_automated_detector,720575940628789064,R1-6,right,720575940628789064,720575940626023608,720575940626023608,yes,LA_R,11,1,ACH:11,no,no,0,Alternative automated synapse calls in the same specimen; not original v783 measured graph or physiological validation
Princeton_2025_same_FAFB_v783_roots,filtered_ge5_pair,P_alternative_automated_detector,720575940636307960,R1-6,right,720575940636307960,720575940638926938,720575940638926938,yes,LA_R,11,1,ACH:11,no,no,0,Alternative automated synapse calls in the same specimen; not original v783 measured graph or physiological validation
Princeton_2025_same_FAFB_v783_roots,filtered_ge5_pair,P_alternative_automated_detector,720575940637390181,R7,left,720575940621544175,720575940637390181,720575940621544175,yes,ME_L,11,1,ACH:11,no,no,0,Alternative automated synapse calls in the same specimen; not original v783 measured graph or physiological validation
Princeton_2025_same_FAFB_v783_roots,filtered_ge5_pair,P_alternative_automated_detector,720575940637390181,R7,left,720575940637390181,720575940622528801,720575940622528801,yes,ME_L,11,1,ACH:11,no,no,0,Alternative automated synapse calls in the same specimen; not original v783 measured graph or physiological validation
Princeton_2025_same_FAFB_v783_roots,filtered_ge5_pair,P_alternative_automated_detector,720575940637390181,R7,left,720575940637390181,720575940650548726,720575940650548726,yes,ME_L,11,1,ACH:11,no,no,0,Alternative automated synapse calls in the same specimen; not original v783 measured graph or physiological validation
Princeton_2025_same_FAFB_v783_roots,filtered_ge5_pair,P_alternative_automated_detector,720575940638921700,R1-6,right,720575940638921700,720575940628964849,720575940628964849,yes,LA_R,11,1,ACH:11,no,no,0,Alternative automated synapse calls in the same specimen; not original v783 measured graph or physiological validation
Princeton_2025_same_FAFB_v783_roots,filtered_ge5_pair,P_alternative_automated_detector,720575940606578790,R1-6,left,720575940606578790,720575940625955274,720575940625955274,yes,LA_L,10,1,ACH:10,no,no,0,Alternative automated synapse calls in the same specimen; not original v783 measured graph or physiological validation
Princeton_2025_same_FAFB_v783_roots,filtered_ge5_pair,P_alternative_automated_detector,720575940609622281,R8,left,720575940609622281,720575940606851249,720575940606851249,yes,ME_L,10,1,ACH:10,no,no,0,Alternative automated synapse calls in the same specimen; not original v783 measured graph or physiological validation
Princeton_2025_same_FAFB_v783_roots,filtered_ge5_pair,P_alternative_automated_detector,720575940609622281,R8,left,720575940609622281,720575940627393082,720575940627393082,yes,ME_L,10,1,ACH:10,no,no,0,Alternative automated synapse calls in the same specimen; not original v783 measured graph or physiological validation
Princeton_2025_same_FAFB_v783_roots,filtered_ge5_pair,P_alternative_automated_detector,720575940615708066,R1-6,right,720575940615708066,720575940622732272,720575940622732272,yes,LA_R,10,1,ACH:10,no,no,0,Alternative automated synapse calls in the same specimen; not original v783 measured graph or physiological validation
Princeton_2025_same_FAFB_v783_roots,filtered_ge5_pair,P_alternative_automated_detector,720575940616346822,R1-6,right,720575940616346822,720575940644719520,720575940644719520,yes,LA_R,10,1,ACH:10,no,no,0,Alternative automated synapse calls in the same specimen; not original v783 measured graph or physiological validation
Princeton_2025_same_FAFB_v783_roots,filtered_ge5_pair,P_alternative_automated_detector,720575940617499765,R7,left,720575940617499765,720575940629722191,720575940629722191,yes,ME_L,10,1,ACH:10,no,no,0,Alternative automated synapse calls in the same specimen; not original v783 measured graph or physiological validation
Princeton_2025_same_FAFB_v783_roots,filtered_ge5_pair,P_alternative_automated_detector,720575940617768587,R8,left,720575940623988248,720575940617768587,720575940623988248,yes,ME_L,10,1,ACH:10,no,no,0,Alternative automated synapse calls in the same specimen; not original v783 measured graph or physiological validation
Princeton_2025_same_FAFB_v783_roots,filtered_ge5_pair,P_alternative_automated_detector,720575940617920827,R1-6,right,720575940617920827,720575940618519953,720575940618519953,yes,LA_R,10,1,ACH:10,no,no,0,Alternative automated synapse calls in the same specimen; not original v783 measured graph or physiological validation
Princeton_2025_same_FAFB_v783_roots,filtered_ge5_pair,P_alternative_automated_detector,720575940619065664,R1-6,right,720575940619065664,720575940610664601,720575940610664601,yes,LA_R,10,1,ACH:10,no,no,0,Alternative automated synapse calls in the same specimen; not original v783 measured graph or physiological validation
Princeton_2025_same_FAFB_v783_roots,filtered_ge5_pair,P_alternative_automated_detector,720575940621157887,,left,720575940621157887,720575940630768707,720575940630768707,yes,GNG,10,1,ACH:10,no,no,0,Alternative automated synapse calls in the same specimen; not original v783 measured graph or physiological validation
Princeton_2025_same_FAFB_v783_roots,filtered_ge5_pair,P_alternative_automated_detector,720575940621338246,R8,left,720575940621338246,720575940619485248,720575940619485248,yes,ME_L,10,1,ACH:10,no,no,0,Alternative automated synapse calls in the same specimen; not original v783 measured graph or physiological validation
Princeton_2025_same_FAFB_v783_roots,filtered_ge5_pair,P_alternative_automated_detector,720575940622303216,R1-6,right,720575940622303216,720575940623799699,720575940623799699,yes,LA_R,10,1,ACH:10,no,no,0,Alternative automated synapse calls in the same specimen; not original v783 measured graph or physiological validation
Princeton_2025_same_FAFB_v783_roots,filtered_ge5_pair,P_alternative_automated_detector,720575940623400216,R1-6,left,720575940623400216,720575940639285045,720575940639285045,yes,LA_L,10,1,ACH:10,no,no,0,Alternative automated synapse calls in the same specimen; not original v783 measured graph or physiological validation
Princeton_2025_same_FAFB_v783_roots,filtered_ge5_pair,P_alternative_automated_detector,720575940624141508,R1-6,right,720575940624141508,720575940606489702,720575940606489702,yes,LA_R,10,1,ACH:10,no,no,0,Alternative automated synapse calls in the same specimen; not original v783 measured graph or physiological validation
Princeton_2025_same_FAFB_v783_roots,filtered_ge5_pair,P_alternative_automated_detector,720575940631286636,R1-6,right,720575940631286636,720575940631639627,720575940631639627,yes,LA_R,10,1,ACH:10,no,no,0,Alternative automated synapse calls in the same specimen; not original v783 measured graph or physiological validation
Princeton_2025_same_FAFB_v783_roots,filtered_ge5_pair,P_alternative_automated_detector,720575940631388887,R1-6,right,720575940631388887,720575940624495630,720575940624495630,yes,LA_R,10,1,ACH:10,no,no,0,Alternative automated synapse calls in the same specimen; not original v783 measured graph or physiological validation
Princeton_2025_same_FAFB_v783_roots,filtered_ge5_pair,P_alternative_automated_detector,720575940635677887,R1-6,right,720575940635677887,720575940626546992,720575940626546992,yes,LA_R,10,1,ACH:10,no,no,0,Alternative automated synapse calls in the same specimen; not original v783 measured graph or physiological validation
Princeton_2025_same_FAFB_v783_roots,filtered_ge5_pair,P_alternative_automated_detector,720575940638616922,R1-6,right,720575940638616922,720575940634781852,720575940634781852,yes,LA_R,10,1,ACH:10,no,no,0,Alternative automated synapse calls in the same specimen; not original v783 measured graph or physiological validation
Princeton_2025_same_FAFB_v783_roots,filtered_ge5_pair,P_alternative_automated_detector,720575940639201508,R1-6,right,720575940639201508,720575940627746393,720575940627746393,yes,LA_R,10,1,ACH:10,no,no,0,Alternative automated synapse calls in the same specimen; not original v783 measured graph or physiological validation
Princeton_2025_same_FAFB_v783_roots,filtered_ge5_pair,P_alternative_automated_detector,720575940643034765,R1-6,right,720575940643034765,720575940606489702,720575940606489702,yes,LA_R,10,1,ACH:10,no,no,0,Alternative automated synapse calls in the same specimen; not original v783 measured graph or physiological validation
Princeton_2025_same_FAFB_v783_roots,filtered_ge5_pair,P_alternative_automated_detector,720575940612839793,R1-6,right,720575940612839793,720575940621670127,720575940621670127,yes,LA_R,9,1,ACH:9,no,no,0,Alternative automated synapse calls in the same specimen; not original v783 measured graph or physiological validation
Princeton_2025_same_FAFB_v783_roots,filtered_ge5_pair,P_alternative_automated_detector,720575940616042508,JO-B,left,720575940616042508,720575940627535742,720575940627535742,yes,SAD,9,1,ACH:9,no,no,0,Alternative automated synapse calls in the same specimen; not original v783 measured graph or physiological validation
Princeton_2025_same_FAFB_v783_roots,filtered_ge5_pair,P_alternative_automated_detector,720575940616450626,R1-6,right,720575940616450626,720575940621838830,720575940621838830,yes,LA_R,9,1,ACH:9,no,no,0,Alternative automated synapse calls in the same specimen; not original v783 measured graph or physiological validation
Princeton_2025_same_FAFB_v783_roots,filtered_ge5_pair,P_alternative_automated_detector,720575940619381108,,left,720575940619381108,720575940630768707,720575940630768707,yes,GNG,9,1,ACH:9,no,no,0,Alternative automated synapse calls in the same specimen; not original v783 measured graph or physiological validation
Princeton_2025_same_FAFB_v783_roots,filtered_ge5_pair,P_alternative_automated_detector,720575940620797643,R1-6,left,720575940620797643,720575940632092367,720575940632092367,yes,LA_L,9,1,ACH:9,no,no,0,Alternative automated synapse calls in the same specimen; not original v783 measured graph or physiological validation
Princeton_2025_same_FAFB_v783_roots,filtered_ge5_pair,P_alternative_automated_detector,720575940621349285,R1-6,right,720575940621349285,720575940632671336,720575940632671336,yes,LA_R,9,1,ACH:9,no,no,0,Alternative automated synapse calls in the same specimen; not original v783 measured graph or physiological validation
Princeton_2025_same_FAFB_v783_roots,filtered_ge5_pair,P_alternative_automated_detector,720575940621544175,R8,left,720575940621544175,720575940628730372,720575940628730372,yes,ME_L,9,1,ACH:9,no,no,0,Alternative automated synapse calls in the same specimen; not original v783 measured graph or physiological validation
Princeton_2025_same_FAFB_v783_roots,filtered_ge5_pair,P_alternative_automated_detector,720575940622132656,R1-6,left,720575940622132656,720575940620001334,720575940620001334,yes,LA_L,9,1,ACH:9,no,no,0,Alternative automated synapse calls in the same specimen; not original v783 measured graph or physiological validation
Princeton_2025_same_FAFB_v783_roots,filtered_ge5_pair,P_alternative_automated_detector,720575940622703640,R1-6,right,720575940622703640,720575940627846404,720575940627846404,yes,LA_R,9,1,ACH:9,no,no,0,Alternative automated synapse calls in the same specimen; not original v783 measured graph or physiological validation
Princeton_2025_same_FAFB_v783_roots,filtered_ge5_pair,P_alternative_automated_detector,720575940628522152,R1-6,right,720575940628522152,720575940630879991,720575940630879991,yes,LA_R,9,1,ACH:9,no,no,0,Alternative automated synapse calls in the same specimen; not original v783 measured graph or physiological validation
Princeton_2025_same_FAFB_v783_roots,filtered_ge5_pair,P_alternative_automated_detector,720575940629636713,R8,left,720575940612152418,720575940629636713,720575940612152418,yes,LA_L,9,1,ACH:9,no,no,0,Alternative automated synapse calls in the same specimen; not original v783 measured graph or physiological validation
Princeton_2025_same_FAFB_v783_roots,filtered_ge5_pair,P_alternative_automated_detector,720575940629636713,R8,left,720575940629636713,720575940631168983,720575940631168983,yes,ME_L,9,1,ACH:9,no,no,0,Alternative automated synapse calls in the same specimen; not original v783 measured graph or physiological validation
Princeton_2025_same_FAFB_v783_roots,filtered_ge5_pair,P_alternative_automated_detector,720575940629714793,R1-6,right,720575940629714793,720575940623477628,720575940623477628,yes,LA_R,9,1,ACH:9,no,no,0,Alternative automated synapse calls in the same specimen; not original v783 measured graph or physiological validation
Princeton_2025_same_FAFB_v783_roots,filtered_ge5_pair,P_alternative_automated_detector,720575940630098075,R7,left,720575940630098075,720575940620811856,720575940620811856,yes,ME_L,9,1,ACH:9,no,no,0,Alternative automated synapse calls in the same specimen; not original v783 measured graph or physiological validation
Princeton_2025_same_FAFB_v783_roots,filtered_ge5_pair,P_alternative_automated_detector,720575940632687672,R1-6,left,720575940632687672,720575940618248221,720575940618248221,yes,LA_L,9,1,ACH:9,no,no,0,Alternative automated synapse calls in the same specimen; not original v783 measured graph or physiological validation
Princeton_2025_same_FAFB_v783_roots,filtered_ge5_pair,P_alternative_automated_detector,720575940606503870,R1-6,right,720575940606503870,720575940621838830,720575940621838830,yes,LA_R,8,1,ACH:8,no,no,0,Alternative automated synapse calls in the same specimen; not original v783 measured graph or physiological validation
Princeton_2025_same_FAFB_v783_roots,filtered_ge5_pair,P_alternative_automated_detector,720575940609778289,,right,720575940609778289,720575940616570966,720575940616570966,yes,GNG,8,1,ACH:8,no,no,0,Alternative automated synapse calls in the same specimen; not original v783 measured graph or physiological validation
Princeton_2025_same_FAFB_v783_roots,filtered_ge5_pair,P_alternative_automated_detector,720575940612947635,R1-6,right,720575940612947635,720575940629064188,720575940629064188,yes,LA_R,8,1,ACH:8,no,no,0,Alternative automated synapse calls in the same specimen; not original v783 measured graph or physiological validation
Princeton_2025_same_FAFB_v783_roots,filtered_ge5_pair,P_alternative_automated_detector,720575940618240401,R1-6,left,720575940618240401,720575940632212527,720575940632212527,yes,LA_L,8,1,ACH:8,no,no,0,Alternative automated synapse calls in the same specimen; not original v783 measured graph or physiological validation
Princeton_2025_same_FAFB_v783_roots,filtered_ge5_pair,P_alternative_automated_detector,720575940620320193,JO-EV,left,720575940620320193,720575940622579967,720575940622579967,yes,SAD,8,1,ACH:8,no,no,0,Alternative automated synapse calls in the same specimen; not original v783 measured graph or physiological validation
Princeton_2025_same_FAFB_v783_roots,filtered_ge5_pair,P_alternative_automated_detector,720575940621500070,R1-6,right,720575940621500070,720575940623586756,720575940623586756,yes,LA_R,8,1,ACH:8,no,no,0,Alternative automated synapse calls in the same specimen; not original v783 measured graph or physiological validation
Princeton_2025_same_FAFB_v783_roots,filtered_ge5_pair,P_alternative_automated_detector,720575940621526510,R1-6,left,720575940621526510,720575940627172741,720575940627172741,yes,LA_L,8,1,ACH:8,no,no,0,Alternative automated synapse calls in the same specimen; not original v783 measured graph or physiological validation
Princeton_2025_same_FAFB_v783_roots,filtered_ge5_pair,P_alternative_automated_detector,720575940621544175,R8,left,720575940621544175,720575940628818182,720575940628818182,yes,ME_L,8,1,ACH:8,no,no,0,Alternative automated synapse calls in the same specimen; not original v783 measured graph or physiological validation
Princeton_2025_same_FAFB_v783_roots,filtered_ge5_pair,P_alternative_automated_detector,720575940621949675,AN_GNG_124,left,720575940621949675,720575940614985878,720575940614985878,yes,GNG,8,1,ACH:8,no,no,0,Alternative automated synapse calls in the same specimen; not original v783 measured graph or physiological validation
Princeton_2025_same_FAFB_v783_roots,filtered_ge5_pair,P_alternative_automated_detector,720575940622029494,R1-6,right,720575940622029494,720575940621170968,720575940621170968,yes,LA_R,8,1,ACH:8,no,no,0,Alternative automated synapse calls in the same specimen; not original v783 measured graph or physiological validation
Princeton_2025_same_FAFB_v783_roots,filtered_ge5_pair,P_alternative_automated_detector,720575940622799137,R1-6,right,720575940622799137,720575940633646637,720575940633646637,yes,LA_R,8,1,ACH:8,no,no,0,Alternative automated synapse calls in the same specimen; not original v783 measured graph or physiological validation
Princeton_2025_same_FAFB_v783_roots,filtered_ge5_pair,P_alternative_automated_detector,720575940622814302,R1-6,right,720575940622814302,720575940613154739,720575940613154739,yes,LA_R,8,1,ACH:8,no,no,0,Alternative automated synapse calls in the same specimen; not original v783 measured graph or physiological validation
Princeton_2025_same_FAFB_v783_roots,filtered_ge5_pair,P_alternative_automated_detector,720575940623239133,R1-6,right,720575940623239133,720575940624485258,720575940624485258,yes,LA_R,8,1,ACH:8,no,no,0,Alternative automated synapse calls in the same specimen; not original v783 measured graph or physiological validation
Princeton_2025_same_FAFB_v783_roots,filtered_ge5_pair,P_alternative_automated_detector,720575940627873299,R1-6,right,720575940636059060,720575940627873299,720575940636059060,yes,LA_R,8,1,ACH:8,no,no,0,Alternative automated synapse calls in the same specimen; not original v783 measured graph or physiological validation
Princeton_2025_same_FAFB_v783_roots,filtered_ge5_pair,P_alternative_automated_detector,720575940628442389,R1-6,right,720575940628442389,720575940625155837,720575940625155837,yes,LA_R,8,1,ACH:8,no,no,0,Alternative automated synapse calls in the same specimen; not original v783 measured graph or physiological validation
Princeton_2025_same_FAFB_v783_roots,filtered_ge5_pair,P_alternative_automated_detector,720575940628442389,R1-6,right,720575940628442389,720575940627746393,720575940627746393,yes,LA_R,8,1,ACH:8,no,no,0,Alternative automated synapse calls in the same specimen; not original v783 measured graph or physiological validation
Princeton_2025_same_FAFB_v783_roots,filtered_ge5_pair,P_alternative_automated_detector,720575940629636713,R8,left,720575940612152418,720575940629636713,720575940612152418,yes,ME_L,8,1,ACH:8,no,no,0,Alternative automated synapse calls in the same specimen; not original v783 measured graph or physiological validation
Princeton_2025_same_FAFB_v783_roots,filtered_ge5_pair,P_alternative_automated_detector,720575940629636713,R8,left,720575940629636713,720575940612152418,720575940612152418,yes,ME_L,8,1,ACH:8,no,no,0,Alternative automated synapse calls in the same specimen; not original v783 measured graph or physiological validation
Princeton_2025_same_FAFB_v783_roots,filtered_ge5_pair,P_alternative_automated_detector,720575940629636713,R8,left,720575940629636713,720575940623734541,720575940623734541,yes,ME_L,8,1,ACH:8,no,no,0,Alternative automated synapse calls in the same specimen; not original v783 measured graph or physiological validation
Princeton_2025_same_FAFB_v783_roots,filtered_ge5_pair,P_alternative_automated_detector,720575940629808911,ITP,right,720575940629808911,720575940625054901,720575940625054901,yes,SPS_R,8,1,ACH:8,no,no,0,Alternative automated synapse calls in the same specimen; not original v783 measured graph or physiological validation
Princeton_2025_same_FAFB_v783_roots,filtered_ge5_pair,P_alternative_automated_detector,720575940630098075,R7,left,720575940630098075,720575940624275785,720575940624275785,yes,ME_L,8,1,ACH:8,no,no,0,Alternative automated synapse calls in the same specimen; not original v783 measured graph or physiological validation
Princeton_2025_same_FAFB_v783_roots,filtered_ge5_pair,P_alternative_automated_detector,720575940631043900,R1-6,right,720575940631043900,720575940642551515,720575940642551515,yes,LA_R,8,1,ACH:8,no,no,0,Alternative automated synapse calls in the same specimen; not original v783 measured graph or physiological validation
Princeton_2025_same_FAFB_v783_roots,filtered_ge5_pair,P_alternative_automated_detector,720575940631750095,R1-6,right,720575940631750095,720575940614246559,720575940614246559,yes,LA_R,8,1,ACH:8,no,no,0,Alternative automated synapse calls in the same specimen; not original v783 measured graph or physiological validation
Princeton_2025_same_FAFB_v783_roots,filtered_ge5_pair,P_alternative_automated_detector,720575940633561887,R1-6,right,720575940633561887,720575940624495630,720575940624495630,yes,LA_R,8,1,ACH:8,no,no,0,Alternative automated synapse calls in the same specimen; not original v783 measured graph or physiological validation
Princeton_2025_same_FAFB_v783_roots,filtered_ge5_pair,P_alternative_automated_detector,720575940639166197,,left,720575940639166197,720575940634290913,720575940634290913,yes,GNG,8,1,ACH:8,no,no,0,Alternative automated synapse calls in the same specimen; not original v783 measured graph or physiological validation
Princeton_2025_same_FAFB_v783_roots,filtered_ge5_pair,P_alternative_automated_detector,720575940606375772,,left,720575940606375772,720575940632898105,720575940632898105,yes,GNG,7,1,ACH:7,no,no,0,Alternative automated synapse calls in the same specimen; not original v783 measured graph or physiological validation
Princeton_2025_same_FAFB_v783_roots,filtered_ge5_pair,P_alternative_automated_detector,720575940609307854,,left,720575940609307854,720575940632898105,720575940632898105,yes,GNG,7,1,ACH:7,no,no,0,Alternative automated synapse calls in the same specimen; not original v783 measured graph or physiological validation
Princeton_2025_same_FAFB_v783_roots,filtered_ge5_pair,P_alternative_automated_detector,720575940609485579,R1-6,right,720575940609485579,720575940619763847,720575940619763847,yes,LA_R,7,1,ACH:7,no,no,0,Alternative automated synapse calls in the same specimen; not original v783 measured graph or physiological validation
Princeton_2025_same_FAFB_v783_roots,filtered_ge5_pair,P_alternative_automated_detector,720575940609778289,,right,720575940609778289,720575940627236629,720575940627236629,yes,GNG,7,1,ACH:7,no,no,0,Alternative automated synapse calls in the same specimen; not original v783 measured graph or physiological validation
Princeton_2025_same_FAFB_v783_roots,filtered_ge5_pair,P_alternative_automated_detector,720575940611550840,R1-6,right,720575940611550840,720575940612717461,720575940612717461,yes,LA_R,7,1,ACH:7,no,no,0,Alternative automated synapse calls in the same specimen; not original v783 measured graph or physiological validation
Princeton_2025_same_FAFB_v783_roots,filtered_ge5_pair,P_alternative_automated_detector,720575940613971683,R1-6,right,720575940611934562,720575940613971683,720575940611934562,yes,LA_R,7,1,ACH:7,no,no,0,Alternative automated synapse calls in the same specimen; not original v783 measured graph or physiological validation
Princeton_2025_same_FAFB_v783_roots,filtered_ge5_pair,P_alternative_automated_detector,720575940615951839,R1-6,right,720575940615951839,720575940605762528,720575940605762528,yes,LA_R,7,1,ACH:7,no,no,0,Alternative automated synapse calls in the same specimen; not original v783 measured graph or physiological validation
Princeton_2025_same_FAFB_v783_roots,filtered_ge5_pair,P_alternative_automated_detector,720575940618718977,R1-6,right,720575940618718977,720575940624842760,720575940624842760,yes,LA_R,7,1,ACH:7,no,no,0,Alternative automated synapse calls in the same specimen; not original v783 measured graph or physiological validation
Princeton_2025_same_FAFB_v783_roots,filtered_ge5_pair,P_alternative_automated_detector,720575940618864724,R1-6,left,720575940618864724,720575940615453602,720575940615453602,yes,LA_L,7,1,ACH:7,no,no,0,Alternative automated synapse calls in the same specimen; not original v783 measured graph or physiological validation
Princeton_2025_same_FAFB_v783_roots,filtered_ge5_pair,P_alternative_automated_detector,720575940619065664,R1-6,right,720575940619065664,720575940626023608,720575940626023608,yes,LA_R,7,1,ACH:7,no,no,0,Alternative automated synapse calls in the same specimen; not original v783 measured graph or physiological validation
Princeton_2025_same_FAFB_v783_roots,filtered_ge5_pair,P_alternative_automated_detector,720575940619381108,,left,720575940619381108,720575940621821787,720575940621821787,yes,GNG,7,1,ACH:7,no,no,0,Alternative automated synapse calls in the same specimen; not original v783 measured graph or physiological validation
Princeton_2025_same_FAFB_v783_roots,filtered_ge5_pair,P_alternative_automated_detector,720575940621338246,R8,left,720575940621338246,720575940606050238,720575940606050238,yes,ME_L,7,1,ACH:7,no,no,0,Alternative automated synapse calls in the same specimen; not original v783 measured graph or physiological validation
Princeton_2025_same_FAFB_v783_roots,filtered_ge5_pair,P_alternative_automated_detector,720575940621458625,R1-6,left,720575940621458625,720575940620640097,720575940620640097,yes,LA_L,7,1,ACH:7,no,no,0,Alternative automated synapse calls in the same specimen; not original v783 measured graph or physiological validation
Princeton_2025_same_FAFB_v783_roots,filtered_ge5_pair,P_alternative_automated_detector,720575940622270273,R1-6,right,720575940622270273,720575940625545624,720575940625545624,yes,LA_R,7,1,ACH:7,no,no,0,Alternative automated synapse calls in the same specimen; not original v783 measured graph or physiological validation
Princeton_2025_same_FAFB_v783_roots,filtered_ge5_pair,P_alternative_automated_detector,720575940622545023,R1-6,right,720575940623211852,720575940622545023,720575940623211852,yes,LA_R,7,1,ACH:7,no,no,0,Alternative automated synapse calls in the same specimen; not original v783 measured graph or physiological validation
Princeton_2025_same_FAFB_v783_roots,filtered_ge5_pair,P_alternative_automated_detector,720575940622799137,R1-6,right,720575940622799137,720575940624485258,720575940624485258,yes,LA_R,7,1,ACH:7,no,no,0,Alternative automated synapse calls in the same specimen; not original v783 measured graph or physiological validation
Princeton_2025_same_FAFB_v783_roots,filtered_ge5_pair,P_alternative_automated_detector,720575940622811903,JO-mz,left,720575940622811903,720575940634657632,720575940634657632,yes,SAD,7,1,ACH:7,no,no,0,Alternative automated synapse calls in the same specimen; not original v783 measured graph or physiological validation
Princeton_2025_same_FAFB_v783_roots,filtered_ge5_pair,P_alternative_automated_detector,720575940623335715,R1-6,left,720575940624048275,720575940623335715,720575940624048275,yes,LA_L,7,1,ACH:7,no,no,0,Alternative automated synapse calls in the same specimen; not original v783 measured graph or physiological validation
Princeton_2025_same_FAFB_v783_roots,filtered_ge5_pair,P_alternative_automated_detector,720575940624048275,R1-6,left,720575940624048275,720575940623335715,720575940623335715,yes,LA_L,7,1,ACH:7,no,no,0,Alternative automated synapse calls in the same specimen; not original v783 measured graph or physiological validation
Princeton_2025_same_FAFB_v783_roots,filtered_ge5_pair,P_alternative_automated_detector,720575940625781692,R1-6,right,720575940625781692,720575940606761918,720575940606761918,yes,LA_R,7,1,ACH:7,no,no,0,Alternative automated synapse calls in the same specimen; not original v783 measured graph or physiological validation
Princeton_2025_same_FAFB_v783_roots,filtered_ge5_pair,P_alternative_automated_detector,720575940627138306,R1-6,right,720575940627138306,720575940611620046,720575940611620046,yes,LA_R,7,1,ACH:7,no,no,0,Alternative automated synapse calls in the same specimen; not original v783 measured graph or physiological validation
Princeton_2025_same_FAFB_v783_roots,filtered_ge5_pair,P_alternative_automated_detector,720575940628054397,R1-6,right,720575940628054397,720575940606489702,720575940606489702,yes,LA_R,7,1,ACH:7,no,no,0,Alternative automated synapse calls in the same specimen; not original v783 measured graph or physiological validation
Princeton_2025_same_FAFB_v783_roots,filtered_ge5_pair,P_alternative_automated_detector,720575940628255034,R1-6,left,720575940628255034,720575940626558256,720575940626558256,yes,LA_L,7,1,ACH:7,no,no,0,Alternative automated synapse calls in the same specimen; not original v783 measured graph or physiological validation
Princeton_2025_same_FAFB_v783_roots,filtered_ge5_pair,P_alternative_automated_detector,720575940629377641,R1-6,right,720575940629377641,720575940642565851,720575940642565851,yes,LA_R,7,1,ACH:7,no,no,0,Alternative automated synapse calls in the same specimen; not original v783 measured graph or physiological validation
Princeton_2025_same_FAFB_v783_roots,filtered_ge5_pair,P_alternative_automated_detector,720575940629808911,ITP,right,720575940629808911,720575940626841354,720575940626841354,yes,UNASGD,7,1,ACH:7,no,no,0,Alternative automated synapse calls in the same specimen; not original v783 measured graph or physiological validation
Princeton_2025_same_FAFB_v783_roots,filtered_ge5_pair,P_alternative_automated_detector,720575940630098075,R7,left,720575940630098075,720575940618939205,720575940618939205,yes,ME_L,7,1,ACH:7,no,no,0,Alternative automated synapse calls in the same specimen; not original v783 measured graph or physiological validation
Princeton_2025_same_FAFB_v783_roots,filtered_ge5_pair,P_alternative_automated_detector,720575940630098075,R7,left,720575940630098075,720575940620201931,720575940620201931,yes,ME_L,7,1,ACH:7,no,no,0,Alternative automated synapse calls in the same specimen; not original v783 measured graph or physiological validation
Princeton_2025_same_FAFB_v783_roots,filtered_ge5_pair,P_alternative_automated_detector,720575940630098075,R7,left,720575940630098075,720575940637600869,720575940637600869,yes,ME_L,7,1,ACH:7,no,no,0,Alternative automated synapse calls in the same specimen; not original v783 measured graph or physiological validation
Princeton_2025_same_FAFB_v783_roots,filtered_ge5_pair,P_alternative_automated_detector,720575940631647173,R1-6,right,720575940631647173,720575940632854423,720575940632854423,yes,LA_R,7,1,ACH:7,no,no,0,Alternative automated synapse calls in the same specimen; not original v783 measured graph or physiological validation
Princeton_2025_same_FAFB_v783_roots,filtered_ge5_pair,P_alternative_automated_detector,720575940632189970,R1-6,right,720575940632189970,720575940648383364,720575940648383364,yes,LA_R,7,1,ACH:7,no,no,0,Alternative automated synapse calls in the same specimen; not original v783 measured graph or physiological validation
Princeton_2025_same_FAFB_v783_roots,filtered_ge5_pair,P_alternative_automated_detector,720575940632280338,R8,left,720575940632280338,720575940625892284,720575940625892284,yes,ME_L,7,1,ACH:7,no,no,0,Alternative automated synapse calls in the same specimen; not original v783 measured graph or physiological validation
Princeton_2025_same_FAFB_v783_roots,filtered_ge5_pair,P_alternative_automated_detector,720575940633816986,DNx02,left,720575940633816986,720575940627286088,720575940627286088,yes,GNG,7,1,ACH:7,no,no,0,Alternative automated synapse calls in the same specimen; not original v783 measured graph or physiological validation
Princeton_2025_same_FAFB_v783_roots,filtered_ge5_pair,P_alternative_automated_detector,720575940637390181,R7,left,720575940637390181,720575940620201931,720575940620201931,yes,ME_L,7,1,ACH:7,no,no,0,Alternative automated synapse calls in the same specimen; not original v783 measured graph or physiological validation
Princeton_2025_same_FAFB_v783_roots,filtered_ge5_pair,P_alternative_automated_detector,720575940638556382,R1-6,left,720575940638556382,720575940631033285,720575940631033285,yes,LA_L,7,1,ACH:7,no,no,0,Alternative automated synapse calls in the same specimen; not original v783 measured graph or physiological validation
Princeton_2025_same_FAFB_v783_roots,filtered_ge5_pair,P_alternative_automated_detector,720575940648383364,R1-6,right,720575940632189970,720575940648383364,720575940632189970,yes,LA_R,7,1,ACH:7,no,no,0,Alternative automated synapse calls in the same specimen; not original v783 measured graph or physiological validation
Princeton_2025_same_FAFB_v783_roots,filtered_ge5_pair,P_alternative_automated_detector,720575940607860169,R1-6,right,720575940607860169,720575940613545586,720575940613545586,yes,LA_R,6,1,ACH:6,no,no,0,Alternative automated synapse calls in the same specimen; not original v783 measured graph or physiological validation
Princeton_2025_same_FAFB_v783_roots,filtered_ge5_pair,P_alternative_automated_detector,720575940607860169,R1-6,right,720575940607860169,720575940625971642,720575940625971642,yes,LA_R,6,1,ACH:6,no,no,0,Alternative automated synapse calls in the same specimen; not original v783 measured graph or physiological validation
Princeton_2025_same_FAFB_v783_roots,filtered_ge5_pair,P_alternative_automated_detector,720575940609221900,R1-6,left,720575940609221900,720575940631496310,720575940631496310,yes,LA_L,6,1,ACH:6,no,no,0,Alternative automated synapse calls in the same specimen; not original v783 measured graph or physiological validation
Princeton_2025_same_FAFB_v783_roots,filtered_ge5_pair,P_alternative_automated_detector,720575940610183154,,left,720575940610183154,720575940606083273,720575940606083273,yes,GNG,6,1,ACH:6,no,no,0,Alternative automated synapse calls in the same specimen; not original v783 measured graph or physiological validation
Princeton_2025_same_FAFB_v783_roots,filtered_ge5_pair,P_alternative_automated_detector,720575940610715204,R1-6,right,720575940610715204,720575940639054707,720575940639054707,yes,LA_R,6,1,ACH:6,no,no,0,Alternative automated synapse calls in the same specimen; not original v783 measured graph or physiological validation
Princeton_2025_same_FAFB_v783_roots,filtered_ge5_pair,P_alternative_automated_detector,720575940612839793,R1-6,right,720575940612839793,720575940628572648,720575940628572648,yes,LA_R,6,1,ACH:6,no,no,0,Alternative automated synapse calls in the same specimen; not original v783 measured graph or physiological validation
Princeton_2025_same_FAFB_v783_roots,filtered_ge5_pair,P_alternative_automated_detector,720575940617499765,R7,left,720575940623308108,720575940617499765,720575940623308108,yes,LA_L,6,1,ACH:6,no,no,0,Alternative automated synapse calls in the same specimen; not original v783 measured graph or physiological validation
Princeton_2025_same_FAFB_v783_roots,filtered_ge5_pair,P_alternative_automated_detector,720575940617816661,,left,720575940617816661,720575940632045839,720575940632045839,yes,GNG,6,1,ACH:6,no,no,0,Alternative automated synapse calls in the same specimen; not original v783 measured graph or physiological validation
Princeton_2025_same_FAFB_v783_roots,filtered_ge5_pair,P_alternative_automated_detector,720575940618150105,R1-6,right,720575940618150105,720575940625084413,720575940625084413,yes,LA_R,6,1,ACH:6,no,no,0,Alternative automated synapse calls in the same specimen; not original v783 measured graph or physiological validation
Princeton_2025_same_FAFB_v783_roots,filtered_ge5_pair,P_alternative_automated_detector,720575940619423216,,left,720575940619423216,720575940624943084,720575940624943084,yes,GNG,6,1,ACH:6,no,no,0,Alternative automated synapse calls in the same specimen; not original v783 measured graph or physiological validation
Princeton_2025_same_FAFB_v783_roots,filtered_ge5_pair,P_alternative_automated_detector,720575940620320193,JO-EV,left,720575940620320193,720575940631706107,720575940631706107,yes,SAD,6,1,ACH:6,no,no,0,Alternative automated synapse calls in the same specimen; not original v783 measured graph or physiological validation
Princeton_2025_same_FAFB_v783_roots,filtered_ge5_pair,P_alternative_automated_detector,720575940621090213,R1-6,right,720575940621090213,720575940632182058,720575940632182058,yes,LA_R,6,1,ACH:6,no,no,0,Alternative automated synapse calls in the same specimen; not original v783 measured graph or physiological validation
Princeton_2025_same_FAFB_v783_roots,filtered_ge5_pair,P_alternative_automated_detector,720575940621090213,R1-6,right,720575940621090213,720575940640410702,720575940640410702,yes,LA_R,6,1,ACH:6,no,no,0,Alternative automated synapse calls in the same specimen; not original v783 measured graph or physiological validation
Princeton_2025_same_FAFB_v783_roots,filtered_ge5_pair,P_alternative_automated_detector,720575940621157887,,left,720575940621157887,720575940621477312,720575940621477312,yes,GNG,6,1,ACH:6,no,no,0,Alternative automated synapse calls in the same specimen; not original v783 measured graph or physiological validation
Princeton_2025_same_FAFB_v783_roots,filtered_ge5_pair,P_alternative_automated_detector,720575940622132656,R1-6,left,720575940622132656,720575940640024893,720575940640024893,yes,LA_L,6,1,ACH:6,no,no,0,Alternative automated synapse calls in the same specimen; not original v783 measured graph or physiological validation
Princeton_2025_same_FAFB_v783_roots,filtered_ge5_pair,P_alternative_automated_detector,720575940622811903,JO-mz,left,720575940622811903,720575940622579967,720575940622579967,yes,SAD,6,1,ACH:6,no,no,0,Alternative automated synapse calls in the same specimen; not original v783 measured graph or physiological validation
Princeton_2025_same_FAFB_v783_roots,filtered_ge5_pair,P_alternative_automated_detector,720575940622814302,R1-6,right,720575940609413641,720575940622814302,720575940609413641,yes,LA_R,6,1,ACH:6,no,no,0,Alternative automated synapse calls in the same specimen; not original v783 measured graph or physiological validation
Princeton_2025_same_FAFB_v783_roots,filtered_ge5_pair,P_alternative_automated_detector,720575940625721118,ITP,left,720575940625721118,720575940610895474,720575940610895474,yes,SPS_L,6,1,ACH:6,no,no,0,Alternative automated synapse calls in the same specimen; not original v783 measured graph or physiological validation
Princeton_2025_same_FAFB_v783_roots,filtered_ge5_pair,P_alternative_automated_detector,720575940629808911,ITP,right,720575940629808911,720575940633416275,720575940633416275,yes,IPS_R,6,1,ACH:6,no,no,0,Alternative automated synapse calls in the same specimen; not original v783 measured graph or physiological validation
Princeton_2025_same_FAFB_v783_roots,filtered_ge5_pair,P_alternative_automated_detector,720575940629924091,ITP,left,720575940629924091,720575940613850262,720575940613850262,yes,IPS_L,6,1,ACH:6,no,no,0,Alternative automated synapse calls in the same specimen; not original v783 measured graph or physiological validation
Princeton_2025_same_FAFB_v783_roots,filtered_ge5_pair,P_alternative_automated_detector,720575940630098075,R7,left,720575940630098075,720575940622528801,720575940622528801,yes,ME_L,6,1,ACH:6,no,no,0,Alternative automated synapse calls in the same specimen; not original v783 measured graph or physiological validation
Princeton_2025_same_FAFB_v783_roots,filtered_ge5_pair,P_alternative_automated_detector,720575940630333566,R1-6,right,720575940630333566,720575940622727152,720575940622727152,yes,LA_R,6,1,ACH:6,no,no,0,Alternative automated synapse calls in the same specimen; not original v783 measured graph or physiological validation
Princeton_2025_same_FAFB_v783_roots,filtered_ge5_pair,P_alternative_automated_detector,720575940630846125,,left,720575940623854276,720575940630846125,720575940623854276,yes,GNG,6,1,GABA:6,no,no,0,Alternative automated synapse calls in the same specimen; not original v783 measured graph or physiological validation
Princeton_2025_same_FAFB_v783_roots,filtered_ge5_pair,P_alternative_automated_detector,720575940630869548,R1-6,right,720575940630869548,720575940618816340,720575940618816340,yes,LA_R,6,1,ACH:6,no,no,0,Alternative automated synapse calls in the same specimen; not original v783 measured graph or physiological validation
Princeton_2025_same_FAFB_v783_roots,filtered_ge5_pair,P_alternative_automated_detector,720575940631592017,ITP,left,720575940631592017,720575940611186034,720575940611186034,yes,SPS_L,6,1,ACH:6,no,no,0,Alternative automated synapse calls in the same specimen; not original v783 measured graph or physiological validation
Princeton_2025_same_FAFB_v783_roots,filtered_ge5_pair,P_alternative_automated_detector,720575940632189970,R1-6,right,720575940636401400,720575940632189970,720575940636401400,yes,LA_R,6,1,ACH:6,no,no,0,Alternative automated synapse calls in the same specimen; not original v783 measured graph or physiological validation
Princeton_2025_same_FAFB_v783_roots,filtered_ge5_pair,P_alternative_automated_detector,720575940633188492,R1-6,right,720575940633188492,720575940616572063,720575940616572063,yes,LA_R,6,1,ACH:6,no,no,0,Alternative automated synapse calls in the same specimen; not original v783 measured graph or physiological validation
Princeton_2025_same_FAFB_v783_roots,filtered_ge5_pair,P_alternative_automated_detector,720575940636401400,R1-6,right,720575940636401400,720575940632189970,720575940632189970,yes,LA_R,6,1,ACH:6,no,no,0,Alternative automated synapse calls in the same specimen; not original v783 measured graph or physiological validation
Princeton_2025_same_FAFB_v783_roots,filtered_ge5_pair,P_alternative_automated_detector,720575940637390181,R7,left,720575940637390181,720575940617066290,720575940617066290,yes,ME_L,6,1,ACH:6,no,no,0,Alternative automated synapse calls in the same specimen; not original v783 measured graph or physiological validation
Princeton_2025_same_FAFB_v783_roots,filtered_ge5_pair,P_alternative_automated_detector,720575940638921700,R1-6,right,720575940638921700,720575940648108164,720575940648108164,yes,LA_R,6,1,ACH:6,no,no,0,Alternative automated synapse calls in the same specimen; not original v783 measured graph or physiological validation
Princeton_2025_same_FAFB_v783_roots,filtered_ge5_pair,P_alternative_automated_detector,720575940643034765,R1-6,right,720575940643034765,720575940610222805,720575940610222805,yes,LA_R,6,1,ACH:6,no,no,0,Alternative automated synapse calls in the same specimen; not original v783 measured graph or physiological validation
Princeton_2025_same_FAFB_v783_roots,filtered_ge5_pair,P_alternative_automated_detector,720575940609307854,,left,720575940621840297,720575940609307854,720575940621840297,yes,GNG,5,1,ACH:5,no,no,0,Alternative automated synapse calls in the same specimen; not original v783 measured graph or physiological validation
Princeton_2025_same_FAFB_v783_roots,filtered_ge5_pair,P_alternative_automated_detector,720575940609622281,R8,left,720575940609622281,720575940630207703,720575940630207703,yes,ME_L,5,1,ACH:5,no,no,0,Alternative automated synapse calls in the same specimen; not original v783 measured graph or physiological validation
Princeton_2025_same_FAFB_v783_roots,filtered_ge5_pair,P_alternative_automated_detector,720575940612735194,R1-6,right,720575940612735194,720575940639054707,720575940639054707,yes,LA_R,5,1,ACH:5,no,no,0,Alternative automated synapse calls in the same specimen; not original v783 measured graph or physiological validation
Princeton_2025_same_FAFB_v783_roots,filtered_ge5_pair,P_alternative_automated_detector,720575940612755050,,left,720575940612755050,720575940629921099,720575940629921099,yes,GNG,5,1,ACH:5,no,no,0,Alternative automated synapse calls in the same specimen; not original v783 measured graph or physiological validation
Princeton_2025_same_FAFB_v783_roots,filtered_ge5_pair,P_alternative_automated_detector,720575940612899763,R1-6,right,720575940612899763,720575940623392904,720575940623392904,yes,LA_R,5,1,ACH:5,no,no,0,Alternative automated synapse calls in the same specimen; not original v783 measured graph or physiological validation
Princeton_2025_same_FAFB_v783_roots,filtered_ge5_pair,P_alternative_automated_detector,720575940612943066,R1-6,right,720575940612943066,720575940623950600,720575940623950600,yes,LA_R,5,1,ACH:5,no,no,0,Alternative automated synapse calls in the same specimen; not original v783 measured graph or physiological validation
Princeton_2025_same_FAFB_v783_roots,filtered_ge5_pair,P_alternative_automated_detector,720575940616042508,JO-B,left,720575940616042508,720575940612523571,720575940612523571,yes,SAD,5,1,ACH:5,no,no,0,Alternative automated synapse calls in the same specimen; not original v783 measured graph or physiological validation
Princeton_2025_same_FAFB_v783_roots,filtered_ge5_pair,P_alternative_automated_detector,720575940616042508,JO-B,left,720575940616042508,720575940618440000,720575940618440000,yes,SAD,5,1,ACH:5,no,no,0,Alternative automated synapse calls in the same specimen; not original v783 measured graph or physiological validation
Princeton_2025_same_FAFB_v783_roots,filtered_ge5_pair,P_alternative_automated_detector,720575940617816661,,left,720575940617816661,720575940629921099,720575940629921099,yes,GNG,5,1,ACH:5,no,no,0,Alternative automated synapse calls in the same specimen; not original v783 measured graph or physiological validation
Princeton_2025_same_FAFB_v783_roots,filtered_ge5_pair,P_alternative_automated_detector,720575940618150105,R1-6,right,720575940618150105,720575940612849045,720575940612849045,yes,LA_R,5,1,ACH:5,no,no,0,Alternative automated synapse calls in the same specimen; not original v783 measured graph or physiological validation
Princeton_2025_same_FAFB_v783_roots,filtered_ge5_pair,P_alternative_automated_detector,720575940619065664,R1-6,right,720575940609023068,720575940619065664,720575940609023068,yes,LA_R,5,1,ACH:5,no,no,0,Alternative automated synapse calls in the same specimen; not original v783 measured graph or physiological validation
Princeton_2025_same_FAFB_v783_roots,filtered_ge5_pair,P_alternative_automated_detector,720575940619381108,,left,720575940619381108,720575940629921099,720575940629921099,yes,GNG,5,1,ACH:5,no,no,0,Alternative automated synapse calls in the same specimen; not original v783 measured graph or physiological validation
Princeton_2025_same_FAFB_v783_roots,filtered_ge5_pair,P_alternative_automated_detector,720575940619877022,R1-6,right,720575940619877022,720575940605838560,720575940605838560,yes,LA_R,5,1,ACH:5,no,no,0,Alternative automated synapse calls in the same specimen; not original v783 measured graph or physiological validation
Princeton_2025_same_FAFB_v783_roots,filtered_ge5_pair,P_alternative_automated_detector,720575940620556117,R1-6,left,720575940620556117,720575940627146268,720575940627146268,yes,LA_L,5,1,ACH:5,no,no,0,Alternative automated synapse calls in the same specimen; not original v783 measured graph or physiological validation
Princeton_2025_same_FAFB_v783_roots,filtered_ge5_pair,P_alternative_automated_detector,720575940620785869,,left,720575940620785869,720575940635776760,720575940635776760,yes,GNG,5,1,ACH:5,no,no,0,Alternative automated synapse calls in the same specimen; not original v783 measured graph or physiological validation
Princeton_2025_same_FAFB_v783_roots,filtered_ge5_pair,P_alternative_automated_detector,720575940621103269,R1-6,right,720575940621103269,720575940618489318,720575940618489318,yes,LA_R,5,1,ACH:5,no,no,0,Alternative automated synapse calls in the same specimen; not original v783 measured graph or physiological validation
Princeton_2025_same_FAFB_v783_roots,filtered_ge5_pair,P_alternative_automated_detector,720575940621157887,,left,720575940621157887,720575940621821787,720575940621821787,yes,GNG,5,1,ACH:5,no,no,0,Alternative automated synapse calls in the same specimen; not original v783 measured graph or physiological validation
Princeton_2025_same_FAFB_v783_roots,filtered_ge5_pair,P_alternative_automated_detector,720575940621193051,R1-6,right,720575940632565059,720575940621193051,720575940632565059,yes,LA_R,5,1,ACH:5,no,no,0,Alternative automated synapse calls in the same specimen; not original v783 measured graph or physiological validation
Princeton_2025_same_FAFB_v783_roots,filtered_ge5_pair,P_alternative_automated_detector,720575940621338246,R8,left,720575940621338246,720575940615740172,720575940615740172,yes,ME_L,5,1,ACH:5,no,no,0,Alternative automated synapse calls in the same specimen; not original v783 measured graph or physiological validation
Princeton_2025_same_FAFB_v783_roots,filtered_ge5_pair,P_alternative_automated_detector,720575940621338246,R8,left,720575940621338246,720575940621952636,720575940621952636,yes,ME_L,5,1,ACH:5,no,no,0,Alternative automated synapse calls in the same specimen; not original v783 measured graph or physiological validation
Princeton_2025_same_FAFB_v783_roots,filtered_ge5_pair,P_alternative_automated_detector,720575940621338246,R8,left,720575940621338246,720575940626604955,720575940626604955,yes,ME_L,5,1,ACH:5,no,no,0,Alternative automated synapse calls in the same specimen; not original v783 measured graph or physiological validation
Princeton_2025_same_FAFB_v783_roots,filtered_ge5_pair,P_alternative_automated_detector,720575940621481450,,left,720575940621481450,720575940622248453,720575940622248453,yes,GNG,5,1,ACH:5,no,no,0,Alternative automated synapse calls in the same specimen; not original v783 measured graph or physiological validation
Princeton_2025_same_FAFB_v783_roots,filtered_ge5_pair,P_alternative_automated_detector,720575940621481450,,left,720575940621481450,720575940624163303,720575940624163303,yes,GNG,5,1,ACH:5,no,no,0,Alternative automated synapse calls in the same specimen; not original v783 measured graph or physiological validation
Princeton_2025_same_FAFB_v783_roots,filtered_ge5_pair,P_alternative_automated_detector,720575940621568490,,left,720575940621568490,720575940624679463,720575940624679463,yes,GNG,5,1,ACH:5,no,no,0,Alternative automated synapse calls in the same specimen; not original v783 measured graph or physiological validation
Princeton_2025_same_FAFB_v783_roots,filtered_ge5_pair,P_alternative_automated_detector,720575940622270273,R1-6,right,720575940623237731,720575940622270273,720575940623237731,yes,LA_R,5,1,ACH:5,no,no,0,Alternative automated synapse calls in the same specimen; not original v783 measured graph or physiological validation
Princeton_2025_same_FAFB_v783_roots,filtered_ge5_pair,P_alternative_automated_detector,720575940623111593,R1-6,left,720575940609212508,720575940623111593,720575940609212508,yes,LA_L,5,1,ACH:5,no,no,0,Alternative automated synapse calls in the same specimen; not original v783 measured graph or physiological validation
Princeton_2025_same_FAFB_v783_roots,filtered_ge5_pair,P_alternative_automated_detector,720575940623239133,R1-6,right,720575940623239133,720575940609182556,720575940609182556,yes,LA_R,5,1,ACH:5,no,no,0,Alternative automated synapse calls in the same specimen; not original v783 measured graph or physiological validation
Princeton_2025_same_FAFB_v783_roots,filtered_ge5_pair,P_alternative_automated_detector,720575940623770637,R1-6,right,720575940623770637,720575940633345567,720575940633345567,yes,LA_R,5,1,ACH:5,no,no,0,Alternative automated synapse calls in the same specimen; not original v783 measured graph or physiological validation
Princeton_2025_same_FAFB_v783_roots,filtered_ge5_pair,P_alternative_automated_detector,720575940624139305,R1-6,right,720575940622190452,720575940624139305,720575940622190452,yes,LA_R,5,1,ACH:5,no,no,0,Alternative automated synapse calls in the same specimen; not original v783 measured graph or physiological validation
Princeton_2025_same_FAFB_v783_roots,filtered_ge5_pair,P_alternative_automated_detector,720575940625113015,R1-6,right,720575940618685853,720575940625113015,720575940618685853,yes,LA_R,5,1,ACH:5,no,no,0,Alternative automated synapse calls in the same specimen; not original v783 measured graph or physiological validation
Princeton_2025_same_FAFB_v783_roots,filtered_ge5_pair,P_alternative_automated_detector,720575940625125640,R1-6,right,720575940626023608,720575940625125640,720575940626023608,yes,LA_R,5,1,ACH:5,no,no,0,Alternative automated synapse calls in the same specimen; not original v783 measured graph or physiological validation
Princeton_2025_same_FAFB_v783_roots,filtered_ge5_pair,P_alternative_automated_detector,720575940627638558,R1-6,right,720575940622879770,720575940627638558,720575940622879770,yes,LA_R,5,1,ACH:5,no,no,0,Alternative automated synapse calls in the same specimen; not original v783 measured graph or physiological validation
Princeton_2025_same_FAFB_v783_roots,filtered_ge5_pair,P_alternative_automated_detector,720575940628335611,,left,720575940628335611,720575940624117528,720575940624117528,yes,GNG,5,1,ACH:5,no,no,0,Alternative automated synapse calls in the same specimen; not original v783 measured graph or physiological validation
Princeton_2025_same_FAFB_v783_roots,filtered_ge5_pair,P_alternative_automated_detector,720575940628335611,,left,720575940628952619,720575940628335611,720575940628952619,yes,GNG,5,1,GABA:5,no,no,0,Alternative automated synapse calls in the same specimen; not original v783 measured graph or physiological validation
Princeton_2025_same_FAFB_v783_roots,filtered_ge5_pair,P_alternative_automated_detector,720575940628442389,R1-6,right,720575940628442389,720575940648519556,720575940648519556,yes,LA_R,5,1,ACH:5,no,no,0,Alternative automated synapse calls in the same specimen; not original v783 measured graph or physiological validation
Princeton_2025_same_FAFB_v783_roots,filtered_ge5_pair,P_alternative_automated_detector,720575940630098075,R7,left,720575940630098075,720575940633763492,720575940633763492,yes,ME_L,5,1,ACH:5,no,no,0,Alternative automated synapse calls in the same specimen; not original v783 measured graph or physiological validation
Princeton_2025_same_FAFB_v783_roots,filtered_ge5_pair,P_alternative_automated_detector,720575940630485626,R1-6,right,720575940630485626,720575940617186677,720575940617186677,yes,LA_R,5,1,ACH:5,no,no,0,Alternative automated synapse calls in the same specimen; not original v783 measured graph or physiological validation
Princeton_2025_same_FAFB_v783_roots,filtered_ge5_pair,P_alternative_automated_detector,720575940630846125,,left,720575940630846125,720575940632898105,720575940632898105,yes,GNG,5,1,ACH:5,no,no,0,Alternative automated synapse calls in the same specimen; not original v783 measured graph or physiological validation
Princeton_2025_same_FAFB_v783_roots,filtered_ge5_pair,P_alternative_automated_detector,720575940630871260,R1-6,right,720575940630871260,720575940631522811,720575940631522811,yes,LA_R,5,1,ACH:5,no,no,0,Alternative automated synapse calls in the same specimen; not original v783 measured graph or physiological validation
Princeton_2025_same_FAFB_v783_roots,filtered_ge5_pair,P_alternative_automated_detector,720575940631186550,R1-6,right,720575940631186550,720575940609182556,720575940609182556,yes,LA_R,5,1,ACH:5,no,no,0,Alternative automated synapse calls in the same specimen; not original v783 measured graph or physiological validation
Princeton_2025_same_FAFB_v783_roots,filtered_ge5_pair,P_alternative_automated_detector,720575940631515643,R1-6,left,720575940631515643,720575940628404783,720575940628404783,yes,LA_L,5,1,ACH:5,no,no,0,Alternative automated synapse calls in the same specimen; not original v783 measured graph or physiological validation
Princeton_2025_same_FAFB_v783_roots,filtered_ge5_pair,P_alternative_automated_detector,720575940631647173,R1-6,right,720575940626013112,720575940631647173,720575940626013112,yes,LA_R,5,1,GABA:5,no,no,0,Alternative automated synapse calls in the same specimen; not original v783 measured graph or physiological validation
Princeton_2025_same_FAFB_v783_roots,filtered_ge5_pair,P_alternative_automated_detector,720575940632257091,R1-6,left,720575940632257091,720575940639884622,720575940639884622,yes,LA_L,5,1,ACH:5,no,no,0,Alternative automated synapse calls in the same specimen; not original v783 measured graph or physiological validation
Princeton_2025_same_FAFB_v783_roots,filtered_ge5_pair,P_alternative_automated_detector,720575940633176351,R1-6,right,720575940633176351,720575940605240544,720575940605240544,yes,LA_R,5,1,ACH:5,no,no,0,Alternative automated synapse calls in the same specimen; not original v783 measured graph or physiological validation
Princeton_2025_same_FAFB_v783_roots,filtered_ge5_pair,P_alternative_automated_detector,720575940633176351,R1-6,right,720575940633176351,720575940625601468,720575940625601468,yes,LA_R,5,1,ACH:5,no,no,0,Alternative automated synapse calls in the same specimen; not original v783 measured graph or physiological validation
Princeton_2025_same_FAFB_v783_roots,filtered_ge5_pair,P_alternative_automated_detector,720575940637390181,R7,left,720575940637390181,720575940639090921,720575940639090921,yes,ME_L,5,1,ACH:5,no,no,0,Alternative automated synapse calls in the same specimen; not original v783 measured graph or physiological validation
Princeton_2025_same_FAFB_v783_roots,filtered_ge5_pair,P_alternative_automated_detector,720575940637514414,R1-6,right,720575940637514414,720575940638829646,720575940638829646,yes,LA_R,5,1,ACH:5,no,no,0,Alternative automated synapse calls in the same specimen; not original v783 measured graph or physiological validation
Princeton_2025_same_FAFB_v783_roots,filtered_ge5_pair,P_alternative_automated_detector,720575940639884622,R1-6,left,720575940632257091,720575940639884622,720575940632257091,yes,LA_L,5,1,ACH:5,no,no,0,Alternative automated synapse calls in the same specimen; not original v783 measured graph or physiological validation
Princeton_2025_same_FAFB_v783_roots,filtered_ge5_pair,P_alternative_automated_detector,720575940646459502,R1-6,right,720575940646459502,720575940630879991,720575940630879991,yes,LA_R,5,1,ACH:5,no,no,0,Alternative automated synapse calls in the same specimen; not original v783 measured graph or physiological validation
Princeton_2025_same_FAFB_v783_roots,filtered_ge5_pair,P_alternative_automated_detector,720575940648702084,R8,right,720575940648702084,720575940612195170,720575940612195170,yes,LA_R,5,1,ACH:5,no,no,0,Alternative automated synapse calls in the same specimen; not original v783 measured graph or physiological validation
Princeton_2025_same_FAFB_v783_roots,filtered_ge5_pair,P_alternative_automated_detector,720575940621481450,,left,720575940621481450,720575940642071712,720575940642071712,yes,IPS_L,4,1,ACH:4,no,no,0,Alternative automated synapse calls in the same specimen; not original v783 measured graph or physiological validation
Princeton_2025_same_FAFB_v783_roots,filtered_ge5_pair,P_alternative_automated_detector,720575940629636713,R8,left,720575940629636713,720575940623734541,720575940623734541,yes,LA_L,4,1,ACH:4,no,no,0,Alternative automated synapse calls in the same specimen; not original v783 measured graph or physiological validation
Princeton_2025_same_FAFB_v783_roots,filtered_ge5_pair,P_alternative_automated_detector,720575940629808911,ITP,right,720575940629808911,720575940626841354,720575940626841354,yes,IPS_R,4,1,ACH:4,no,no,0,Alternative automated synapse calls in the same specimen; not original v783 measured graph or physiological validation
Princeton_2025_same_FAFB_v783_roots,filtered_ge5_pair,P_alternative_automated_detector,720575940629808911,ITP,right,720575940629808911,720575940633416275,720575940633416275,yes,SPS_R,4,1,ACH:4,no,no,0,Alternative automated synapse calls in the same specimen; not original v783 measured graph or physiological validation
Princeton_2025_same_FAFB_v783_roots,filtered_ge5_pair,P_alternative_automated_detector,720575940630098075,R7,left,720575940630098075,720575940628729256,720575940628729256,yes,ME_L,4,1,ACH:4,no,no,0,Alternative automated synapse calls in the same specimen; not original v783 measured graph or physiological validation
Princeton_2025_same_FAFB_v783_roots,filtered_ge5_pair,P_alternative_automated_detector,720575940616042508,JO-B,left,720575940616042508,720575940629866283,720575940629866283,yes,AMMC_L,3,1,ACH:3,no,no,0,Alternative automated synapse calls in the same specimen; not original v783 measured graph or physiological validation
Princeton_2025_same_FAFB_v783_roots,filtered_ge5_pair,P_alternative_automated_detector,720575940616042508,JO-B,left,720575940616042508,720575940629866283,720575940629866283,yes,SAD,3,1,ACH:3,no,no,0,Alternative automated synapse calls in the same specimen; not original v783 measured graph or physiological validation
Princeton_2025_same_FAFB_v783_roots,filtered_ge5_pair,P_alternative_automated_detector,720575940617499765,R7,left,720575940617499765,720575940623308108,720575940623308108,yes,ME_L,3,1,ACH:3,no,no,0,Alternative automated synapse calls in the same specimen; not original v783 measured graph or physiological validation
Princeton_2025_same_FAFB_v783_roots,filtered_ge5_pair,P_alternative_automated_detector,720575940621481450,,left,720575940621481450,720575940628911671,720575940628911671,yes,IPS_L,3,1,ACH:3,no,no,0,Alternative automated synapse calls in the same specimen; not original v783 measured graph or physiological validation
Princeton_2025_same_FAFB_v783_roots,filtered_ge5_pair,P_alternative_automated_detector,720575940621544175,R8,left,720575940621544175,720575940637390181,720575940637390181,yes,LA_L,3,1,ACH:3,no,no,0,Alternative automated synapse calls in the same specimen; not original v783 measured graph or physiological validation
Princeton_2025_same_FAFB_v783_roots,filtered_ge5_pair,P_alternative_automated_detector,720575940629636713,R8,left,720575940612152418,720575940629636713,720575940612152418,yes,UNASGD,3,1,ACH:3,no,no,0,Alternative automated synapse calls in the same specimen; not original v783 measured graph or physiological validation
Princeton_2025_same_FAFB_v783_roots,filtered_ge5_pair,P_alternative_automated_detector,720575940629808911,ITP,right,720575940629808911,720575940622880525,720575940622880525,yes,IPS_R,3,1,ACH:3,no,no,0,Alternative automated synapse calls in the same specimen; not original v783 measured graph or physiological validation
Princeton_2025_same_FAFB_v783_roots,filtered_ge5_pair,P_alternative_automated_detector,720575940629808911,ITP,right,720575940629808911,720575940625054901,720575940625054901,yes,IPS_R,3,1,ACH:3,no,no,0,Alternative automated synapse calls in the same specimen; not original v783 measured graph or physiological validation
Princeton_2025_same_FAFB_v783_roots,filtered_ge5_pair,P_alternative_automated_detector,720575940629808911,ITP,right,720575940629808911,720575940626841354,720575940626841354,yes,ICL_R,3,1,ACH:3,no,no,0,Alternative automated synapse calls in the same specimen; not original v783 measured graph or physiological validation
Princeton_2025_same_FAFB_v783_roots,filtered_ge5_pair,P_alternative_automated_detector,720575940637390181,R7,left,720575940621544175,720575940637390181,720575940621544175,yes,LA_L,3,1,ACH:3,no,no,0,Alternative automated synapse calls in the same specimen; not original v783 measured graph or physiological validation
Princeton_2025_same_FAFB_v783_roots,filtered_ge5_pair,P_alternative_automated_detector,720575940648702084,R8,right,720575940612195170,720575940648702084,720575940612195170,yes,LA_R,3,1,ACH:3,no,no,0,Alternative automated synapse calls in the same specimen; not original v783 measured graph or physiological validation
Princeton_2025_same_FAFB_v783_roots,filtered_ge5_pair,P_alternative_automated_detector,720575940616042508,JO-B,left,720575940616042508,720575940618440000,720575940618440000,yes,AMMC_L,2,1,ACH:2,no,no,0,Alternative automated synapse calls in the same specimen; not original v783 measured graph or physiological validation
Princeton_2025_same_FAFB_v783_roots,filtered_ge5_pair,P_alternative_automated_detector,720575940617499765,R7,left,720575940617499765,720575940623308108,720575940623308108,yes,LA_L,2,1,ACH:2,no,no,0,Alternative automated synapse calls in the same specimen; not original v783 measured graph or physiological validation
Princeton_2025_same_FAFB_v783_roots,filtered_ge5_pair,P_alternative_automated_detector,720575940621481450,,left,720575940621481450,720575940628911671,720575940628911671,yes,GNG,2,1,ACH:2,no,no,0,Alternative automated synapse calls in the same specimen; not original v783 measured graph or physiological validation
Princeton_2025_same_FAFB_v783_roots,filtered_ge5_pair,P_alternative_automated_detector,720575940625721118,ITP,left,720575940625721118,720575940610895474,720575940610895474,yes,IPS_L,2,1,ACH:2,no,no,0,Alternative automated synapse calls in the same specimen; not original v783 measured graph or physiological validation
Princeton_2025_same_FAFB_v783_roots,filtered_ge5_pair,P_alternative_automated_detector,720575940629808911,ITP,right,720575940629808911,720575940622880525,720575940622880525,yes,MB_CA_R,2,1,ACH:2,no,no,0,Alternative automated synapse calls in the same specimen; not original v783 measured graph or physiological validation
Princeton_2025_same_FAFB_v783_roots,filtered_ge5_pair,P_alternative_automated_detector,720575940629808911,ITP,right,720575940629808911,720575940636633848,720575940636633848,yes,SMP_R,2,1,ACH:2,no,no,0,Alternative automated synapse calls in the same specimen; not original v783 measured graph or physiological validation
Princeton_2025_same_FAFB_v783_roots,filtered_ge5_pair,P_alternative_automated_detector,720575940632280338,R8,left,720575940625892284,720575940632280338,720575940625892284,yes,LA_L,2,1,ACH:2,no,no,0,Alternative automated synapse calls in the same specimen; not original v783 measured graph or physiological validation
Princeton_2025_same_FAFB_v783_roots,filtered_ge5_pair,P_alternative_automated_detector,720575940648702084,R8,right,720575940612195170,720575940648702084,720575940612195170,yes,ME_R,2,1,ACH:2,no,no,0,Alternative automated synapse calls in the same specimen; not original v783 measured graph or physiological validation
Princeton_2025_same_FAFB_v783_roots,filtered_ge5_pair,P_alternative_automated_detector,720575940609622281,R8,left,720575940609622281,720575940606851249,720575940606851249,yes,LA_L,1,1,ACH:1,no,no,0,Alternative automated synapse calls in the same specimen; not original v783 measured graph or physiological validation
Princeton_2025_same_FAFB_v783_roots,filtered_ge5_pair,P_alternative_automated_detector,720575940609622281,R8,left,720575940609622281,720575940606851249,720575940606851249,yes,UNASGD,1,1,ACH:1,no,no,0,Alternative automated synapse calls in the same specimen; not original v783 measured graph or physiological validation
Princeton_2025_same_FAFB_v783_roots,filtered_ge5_pair,P_alternative_automated_detector,720575940609622281,R8,left,720575940609622281,720575940630207703,720575940630207703,yes,UNASGD,1,1,ACH:1,no,no,0,Alternative automated synapse calls in the same specimen; not original v783 measured graph or physiological validation
Princeton_2025_same_FAFB_v783_roots,filtered_ge5_pair,P_alternative_automated_detector,720575940616042508,JO-B,left,720575940616042508,720575940627535742,720575940627535742,yes,AMMC_L,1,1,ACH:1,no,no,0,Alternative automated synapse calls in the same specimen; not original v783 measured graph or physiological validation
Princeton_2025_same_FAFB_v783_roots,filtered_ge5_pair,P_alternative_automated_detector,720575940621481450,,left,720575940621481450,720575940642071712,720575940642071712,yes,GNG,1,1,ACH:1,no,no,0,Alternative automated synapse calls in the same specimen; not original v783 measured graph or physiological validation
Princeton_2025_same_FAFB_v783_roots,filtered_ge5_pair,P_alternative_automated_detector,720575940628335611,,left,720575940628335611,720575940628164612,720575940628164612,yes,UNASGD,1,1,ACH:1,no,no,0,Alternative automated synapse calls in the same specimen; not original v783 measured graph or physiological validation
Princeton_2025_same_FAFB_v783_roots,filtered_ge5_pair,P_alternative_automated_detector,720575940629636713,R8,left,720575940629636713,720575940612152418,720575940612152418,yes,UNASGD,1,1,ACH:1,no,no,0,Alternative automated synapse calls in the same specimen; not original v783 measured graph or physiological validation
Princeton_2025_same_FAFB_v783_roots,filtered_ge5_pair,P_alternative_automated_detector,720575940629636713,R8,left,720575940629636713,720575940623734541,720575940623734541,yes,UNASGD,1,1,ACH:1,no,no,0,Alternative automated synapse calls in the same specimen; not original v783 measured graph or physiological validation
Princeton_2025_same_FAFB_v783_roots,filtered_ge5_pair,P_alternative_automated_detector,720575940629808911,ITP,right,720575940629808911,720575940622880525,720575940622880525,yes,SPS_R,1,1,ACH:1,no,no,0,Alternative automated synapse calls in the same specimen; not original v783 measured graph or physiological validation
Princeton_2025_same_FAFB_v783_roots,filtered_ge5_pair,P_alternative_automated_detector,720575940629924091,ITP,left,720575940629924091,720575940613850262,720575940613850262,yes,SPS_L,1,1,ACH:1,no,no,0,Alternative automated synapse calls in the same specimen; not original v783 measured graph or physiological validation
Princeton_2025_same_FAFB_v783_roots,filtered_ge5_pair,P_alternative_automated_detector,720575940630098075,R7,left,720575940628729256,720575940630098075,720575940628729256,yes,LA_L,1,1,ACH:1,no,no,0,Alternative automated synapse calls in the same specimen; not original v783 measured graph or physiological validation
Princeton_2025_same_FAFB_v783_roots,filtered_ge5_pair,P_alternative_automated_detector,720575940630098075,R7,left,720575940630098075,720575940628729256,720575940628729256,yes,LA_L,1,1,ACH:1,no,no,0,Alternative automated synapse calls in the same specimen; not original v783 measured graph or physiological validation
Princeton_2025_same_FAFB_v783_roots,filtered_ge5_pair,P_alternative_automated_detector,720575940631592017,ITP,left,720575940631592017,720575940611186034,720575940611186034,yes,IPS_L,1,1,ACH:1,no,no,0,Alternative automated synapse calls in the same specimen; not original v783 measured graph or physiological validation
Princeton_2025_same_FAFB_v783_roots,filtered_ge5_pair,P_alternative_automated_detector,720575940632280338,R8,left,720575940632280338,720575940625892284,720575940625892284,yes,LA_L,1,1,ACH:1,no,no,0,Alternative automated synapse calls in the same specimen; not original v783 measured graph or physiological validation
