review_rank,root_id,cell_type,side,primary_review_tier,raw_proofread_pair_rows,raw_proofread_points,segment_pair_region_rows,segment_points,repeated_segment_rows,unproofread_segment_ids,type_hypothesis_rows,best_homolog_support_fraction,photoreceptor_output_gap_flag,dominant_observed_neuropil,observed_neuropils,all_released_pre_points,all_released_post_points,next_review_action,interpretation
1,720575940623940963,R7,right,A_raw_exception,21,48,18,21,3,18,5,0.8625,yes,ME_R,ME_R:69,51,18,Inspect 21 raw/published discrepancy keys and original contact sites,Inspection priority only; absence of released points does not prove biological disconnection
2,720575940639655238,Lawf1,left,B_segment_contact,0,0,191,267,45,191,5,0.8214,no,LA_L,LA_L:267,265,2,Review unproofread segment identity using v783 morphology/proofreading,Inspection priority only; absence of released points does not prove biological disconnection
3,720575940628308613,R1-6,left,B_segment_contact,0,0,44,77,16,44,5,0.6048,yes,LA_L,LA_L:77,76,1,Review unproofread segment identity using v783 morphology/proofreading,Inspection priority only; absence of released points does not prove biological disconnection
4,720575940639884622,R1-6,left,B_segment_contact,0,0,42,72,15,40,5,0.6048,yes,LA_L,LA_L:72,69,3,Review unproofread segment identity using v783 morphology/proofreading,Inspection priority only; absence of released points does not prove biological disconnection
5,720575940629752080,R1-6,left,B_segment_contact,0,0,46,94,14,43,5,0.6048,yes,LA_L,LA_L:94,89,5,Review unproofread segment identity using v783 morphology/proofreading,Inspection priority only; absence of released points does not prove biological disconnection
6,720575940629426161,R1-6,left,B_segment_contact,0,0,39,70,13,37,5,0.6048,yes,LA_L,LA_L:70,67,3,Review unproofread segment identity using v783 morphology/proofreading,Inspection priority only; absence of released points does not prove biological disconnection
7,720575940631230167,R1-6,left,B_segment_contact,0,0,42,77,12,41,5,0.6048,yes,LA_L,LA_L:77,74,3,Review unproofread segment identity using v783 morphology/proofreading,Inspection priority only; absence of released points does not prove biological disconnection
8,720575940617513589,R1-6,left,B_segment_contact,0,0,35,75,12,33,5,0.6048,yes,LA_L,LA_L:75,73,2,Review unproofread segment identity using v783 morphology/proofreading,Inspection priority only; absence of released points does not prove biological disconnection
9,720575940623111593,R1-6,left,B_segment_contact,0,0,34,80,11,30,5,0.6048,yes,LA_L,LA_L:80,75,5,Review unproofread segment identity using v783 morphology/proofreading,Inspection priority only; absence of released points does not prove biological disconnection
10,720575940618916125,R1-6,left,B_segment_contact,0,0,34,79,11,33,5,0.6048,yes,LA_L,LA_L:79,75,4,Review unproofread segment identity using v783 morphology/proofreading,Inspection priority only; absence of released points does not prove biological disconnection
11,720575940632425002,R1-6,left,B_segment_contact,0,0,43,78,11,39,5,0.6048,yes,LA_L,LA_L:78,73,5,Review unproofread segment identity using v783 morphology/proofreading,Inspection priority only; absence of released points does not prove biological disconnection
12,720575940639049193,R1-6,left,B_segment_contact,0,0,36,74,11,34,5,0.6048,yes,LA_L,LA_L:74,67,7,Review unproofread segment identity using v783 morphology/proofreading,Inspection priority only; absence of released points does not prove biological disconnection
13,720575940636021855,R1-6,left,B_segment_contact,0,0,38,61,11,37,5,0.6048,yes,LA_L,LA_L:61,57,4,Review unproofread segment identity using v783 morphology/proofreading,Inspection priority only; absence of released points does not prove biological disconnection
14,720575940625635119,R1-6,left,B_segment_contact,0,0,33,86,10,31,5,0.6048,yes,LA_L,LA_L:86,79,7,Review unproofread segment identity using v783 morphology/proofreading,Inspection priority only; absence of released points does not prove biological disconnection
15,720575940610948164,R1-6,left,B_segment_contact,0,0,35,58,10,34,5,0.6048,yes,LA_L,LA_L:58,56,2,Review unproofread segment identity using v783 morphology/proofreading,Inspection priority only; absence of released points does not prove biological disconnection
16,720575940642539995,R1-6,left,B_segment_contact,0,0,30,50,10,27,5,0.6048,yes,LA_L,LA_L:50,38,12,Review unproofread segment identity using v783 morphology/proofreading,Inspection priority only; absence of released points does not prove biological disconnection
17,720575940633512908,R1-6,left,B_segment_contact,0,0,28,45,10,27,5,0.6048,yes,LA_L,LA_L:45,42,3,Review unproofread segment identity using v783 morphology/proofreading,Inspection priority only; absence of released points does not prove biological disconnection
18,720575940638820442,R1-6,left,B_segment_contact,0,0,35,90,9,31,5,0.6048,yes,LA_L,LA_L:90,83,7,Review unproofread segment identity using v783 morphology/proofreading,Inspection priority only; absence of released points does not prove biological disconnection
19,720575940631079900,R1-6,left,B_segment_contact,0,0,37,69,9,35,5,0.6048,yes,LA_L,LA_L:69,65,4,Review unproofread segment identity using v783 morphology/proofreading,Inspection priority only; absence of released points does not prove biological disconnection
20,720575940612354196,R1-6,left,B_segment_contact,0,0,34,64,9,32,5,0.6048,yes,LA_L,LA_L:64,61,3,Review unproofread segment identity using v783 morphology/proofreading,Inspection priority only; absence of released points does not prove biological disconnection
21,720575940612688789,R1-6,left,B_segment_contact,0,0,20,57,9,18,5,0.6048,yes,LA_L,LA_L:57,53,4,Review unproofread segment identity using v783 morphology/proofreading,Inspection priority only; absence of released points does not prove biological disconnection
22,720575940623337251,R1-6,left,B_segment_contact,0,0,21,45,9,20,5,0.6048,yes,LA_L,LA_L:45,44,1,Review unproofread segment identity using v783 morphology/proofreading,Inspection priority only; absence of released points does not prove biological disconnection
23,720575940622064961,R1-6,left,B_segment_contact,0,0,23,39,9,22,5,0.6048,yes,LA_L,LA_L:39,36,3,Review unproofread segment identity using v783 morphology/proofreading,Inspection priority only; absence of released points does not prove biological disconnection
24,720575940643079309,R1-6,left,B_segment_contact,0,0,37,80,8,35,5,0.6048,yes,LA_L,LA_L:80,77,3,Review unproofread segment identity using v783 morphology/proofreading,Inspection priority only; absence of released points does not prove biological disconnection
25,720575940622654591,R1-6,left,B_segment_contact,0,0,47,71,8,46,5,0.6048,yes,LA_L,LA_L:71,70,1,Review unproofread segment identity using v783 morphology/proofreading,Inspection priority only; absence of released points does not prove biological disconnection
26,720575940627618905,R1-6,left,B_segment_contact,0,0,28,66,8,28,5,0.6048,yes,LA_L,LA_L:66,65,1,Review unproofread segment identity using v783 morphology/proofreading,Inspection priority only; absence of released points does not prove biological disconnection
27,720575940631515643,R1-6,left,B_segment_contact,0,0,35,58,8,34,5,0.6048,yes,LA_L,LA_L:58,57,1,Review unproofread segment identity using v783 morphology/proofreading,Inspection priority only; absence of released points does not prove biological disconnection
28,720575940637125239,R1-6,left,B_segment_contact,0,0,32,55,8,32,5,0.6048,yes,LA_L,LA_L:55,55,0,Review unproofread segment identity using v783 morphology/proofreading,Inspection priority only; absence of released points does not prove biological disconnection
29,720575940628255034,R1-6,left,B_segment_contact,0,0,20,51,8,18,5,0.6048,yes,LA_L,LA_L:51,49,2,Review unproofread segment identity using v783 morphology/proofreading,Inspection priority only; absence of released points does not prove biological disconnection
30,720575940609782283,R1-6,left,B_segment_contact,0,0,26,49,8,26,5,0.6048,yes,LA_L,LA_L:49,46,3,Review unproofread segment identity using v783 morphology/proofreading,Inspection priority only; absence of released points does not prove biological disconnection
31,720575940618422929,R1-6,left,B_segment_contact,0,0,29,49,8,27,5,0.6048,yes,LA_L,LA_L:49,47,2,Review unproofread segment identity using v783 morphology/proofreading,Inspection priority only; absence of released points does not prove biological disconnection
32,720575940638713407,R1-6,left,B_segment_contact,0,0,34,49,8,34,5,0.6048,yes,LA_L,LA_L:49,48,1,Review unproofread segment identity using v783 morphology/proofreading,Inspection priority only; absence of released points does not prove biological disconnection
33,720575940630664062,R1-6,left,B_segment_contact,0,0,29,46,8,29,5,0.6048,yes,LA_L,LA_L:46,43,3,Review unproofread segment identity using v783 morphology/proofreading,Inspection priority only; absence of released points does not prove biological disconnection
34,720575940613138674,R1-6,left,B_segment_contact,0,0,23,42,8,23,5,0.6048,yes,LA_L,LA_L:42,42,0,Review unproofread segment identity using v783 morphology/proofreading,Inspection priority only; absence of released points does not prove biological disconnection
35,720575940627693181,R1-6,left,B_segment_contact,0,0,24,54,7,24,5,0.6048,yes,LA_L,LA_L:54,53,1,Review unproofread segment identity using v783 morphology/proofreading,Inspection priority only; absence of released points does not prove biological disconnection
36,720575940631292892,R1-6,left,B_segment_contact,0,0,24,54,7,24,5,0.6048,yes,LA_L,LA_L:54,53,1,Review unproofread segment identity using v783 morphology/proofreading,Inspection priority only; absence of released points does not prove biological disconnection
37,720575940606630590,R1-6,left,B_segment_contact,0,0,30,52,7,29,5,0.6048,yes,LA_L,LA_L:52,48,4,Review unproofread segment identity using v783 morphology/proofreading,Inspection priority only; absence of released points does not prove biological disconnection
38,720575940625643495,R1-6,left,B_segment_contact,0,0,28,52,7,27,5,0.6048,yes,LA_L,LA_L:52,51,1,Review unproofread segment identity using v783 morphology/proofreading,Inspection priority only; absence of released points does not prove biological disconnection
39,720575940632346666,R1-6,left,B_segment_contact,0,0,30,51,7,28,5,0.6048,yes,LA_L,LA_L:51,49,2,Review unproofread segment identity using v783 morphology/proofreading,Inspection priority only; absence of released points does not prove biological disconnection
40,720575940628035721,R1-6,left,B_segment_contact,0,0,20,46,7,19,5,0.6048,yes,LA_L,LA_L:46,45,1,Review unproofread segment identity using v783 morphology/proofreading,Inspection priority only; absence of released points does not prove biological disconnection
41,720575940623027550,R1-6,left,B_segment_contact,0,0,31,43,7,30,5,0.6048,yes,LA_L,LA_L:43,39,4,Review unproofread segment identity using v783 morphology/proofreading,Inspection priority only; absence of released points does not prove biological disconnection
42,720575940628877308,R1-6,left,B_segment_contact,0,0,25,43,7,23,5,0.6048,yes,LA_L,LA_L:43,39,4,Review unproofread segment identity using v783 morphology/proofreading,Inspection priority only; absence of released points does not prove biological disconnection
43,720575940611801976,R1-6,left,B_segment_contact,0,0,23,37,7,20,5,0.6048,yes,LA_L,LA_L:37,32,5,Review unproofread segment identity using v783 morphology/proofreading,Inspection priority only; absence of released points does not prove biological disconnection
44,720575940630714562,R1-6,left,B_segment_contact,0,0,24,35,7,23,5,0.6048,yes,LA_L,LA_L:35,32,3,Review unproofread segment identity using v783 morphology/proofreading,Inspection priority only; absence of released points does not prove biological disconnection
45,720575940634857884,R1-6,left,B_segment_contact,0,0,16,35,7,15,5,0.6048,yes,LA_L,LA_L:35,34,1,Review unproofread segment identity using v783 morphology/proofreading,Inspection priority only; absence of released points does not prove biological disconnection
46,720575940613476581,R1-6,left,B_segment_contact,0,0,20,32,7,17,5,0.6048,yes,LA_L,LA_L:32,28,4,Review unproofread segment identity using v783 morphology/proofreading,Inspection priority only; absence of released points does not prove biological disconnection
47,720575940632266258,R1-6,left,B_segment_contact,0,0,13,31,7,12,5,0.6048,yes,LA_L,LA_L:31,29,2,Review unproofread segment identity using v783 morphology/proofreading,Inspection priority only; absence of released points does not prove biological disconnection
48,720575940632884792,Lawf1,left,B_segment_contact,0,0,17,26,7,17,5,0.8214,no,LA_L,LA_L:26,26,0,Review unproofread segment identity using v783 morphology/proofreading,Inspection priority only; absence of released points does not prove biological disconnection
49,720575940661099137,R1-6,left,B_segment_contact,0,0,23,68,6,22,5,0.6048,yes,LA_L,LA_L:68,64,4,Review unproofread segment identity using v783 morphology/proofreading,Inspection priority only; absence of released points does not prove biological disconnection
50,720575940628036233,R1-6,left,B_segment_contact,0,0,24,55,6,21,5,0.6048,yes,LA_L,LA_L:55,51,4,Review unproofread segment identity using v783 morphology/proofreading,Inspection priority only; absence of released points does not prove biological disconnection
51,720575940613466853,R1-6,left,B_segment_contact,0,0,21,51,6,20,5,0.6048,yes,LA_L,LA_L:51,50,1,Review unproofread segment identity using v783 morphology/proofreading,Inspection priority only; absence of released points does not prove biological disconnection
52,720575940613582996,R1-6,left,B_segment_contact,0,0,20,45,6,20,5,0.6048,yes,LA_L,LA_L:45,43,2,Review unproofread segment identity using v783 morphology/proofreading,Inspection priority only; absence of released points does not prove biological disconnection
53,720575940623721496,R1-6,left,B_segment_contact,0,0,23,45,6,23,5,0.6048,yes,LA_L,LA_L:45,44,1,Review unproofread segment identity using v783 morphology/proofreading,Inspection priority only; absence of released points does not prove biological disconnection
54,720575940618600020,R1-6,left,B_segment_contact,0,0,19,44,6,18,5,0.6048,yes,LA_L,LA_L:44,42,2,Review unproofread segment identity using v783 morphology/proofreading,Inspection priority only; absence of released points does not prove biological disconnection
55,720575940628758319,R1-6,left,B_segment_contact,0,0,17,44,6,17,5,0.6048,yes,LA_L,LA_L:44,43,1,Review unproofread segment identity using v783 morphology/proofreading,Inspection priority only; absence of released points does not prove biological disconnection
56,720575940620944037,R1-6,left,B_segment_contact,0,0,16,43,6,16,5,0.6048,yes,LA_L,LA_L:43,41,2,Review unproofread segment identity using v783 morphology/proofreading,Inspection priority only; absence of released points does not prove biological disconnection
57,720575940640287310,R1-6,left,B_segment_contact,0,0,31,43,6,29,5,0.6048,yes,LA_L,LA_L:43,38,5,Review unproofread segment identity using v783 morphology/proofreading,Inspection priority only; absence of released points does not prove biological disconnection
58,720575940613486762,R1-6,left,B_segment_contact,0,0,25,41,6,23,5,0.6048,yes,LA_L,LA_L:41,39,2,Review unproofread segment identity using v783 morphology/proofreading,Inspection priority only; absence of released points does not prove biological disconnection
59,720575940620797131,R1-6,left,B_segment_contact,0,0,31,41,6,31,5,0.6048,yes,LA_L,LA_L:41,41,0,Review unproofread segment identity using v783 morphology/proofreading,Inspection priority only; absence of released points does not prove biological disconnection
60,720575940631149372,R1-6,left,B_segment_contact,0,0,27,40,6,26,5,0.6048,yes,LA_L,LA_L:40,39,1,Review unproofread segment identity using v783 morphology/proofreading,Inspection priority only; absence of released points does not prove biological disconnection
61,720575940637782958,R1-6,left,B_segment_contact,0,0,21,39,6,21,5,0.6048,yes,LA_L,LA_L:39,39,0,Review unproofread segment identity using v783 morphology/proofreading,Inspection priority only; absence of released points does not prove biological disconnection
62,720575940618530594,R1-6,left,B_segment_contact,0,0,23,38,6,21,5,0.6048,yes,LA_L,LA_L:38,36,2,Review unproofread segment identity using v783 morphology/proofreading,Inspection priority only; absence of released points does not prove biological disconnection
63,720575940629634921,R1-6,left,B_segment_contact,0,0,14,38,6,12,5,0.6048,yes,LA_L,LA_L:38,34,4,Review unproofread segment identity using v783 morphology/proofreading,Inspection priority only; absence of released points does not prove biological disconnection
64,720575940621144198,R1-6,left,B_segment_contact,0,0,16,37,6,15,5,0.6048,yes,LA_L,LA_L:37,35,2,Review unproofread segment identity using v783 morphology/proofreading,Inspection priority only; absence of released points does not prove biological disconnection
65,720575940627652441,R1-6,left,B_segment_contact,0,0,17,36,6,17,5,0.6048,yes,LA_L,LA_L:36,34,2,Review unproofread segment identity using v783 morphology/proofreading,Inspection priority only; absence of released points does not prove biological disconnection
66,720575940620623320,R1-6,left,B_segment_contact,0,0,15,35,6,14,5,0.6048,yes,LA_L,LA_L:35,33,2,Review unproofread segment identity using v783 morphology/proofreading,Inspection priority only; absence of released points does not prove biological disconnection
67,720575940628346170,R1-6,left,B_segment_contact,0,0,24,35,6,24,5,0.6048,yes,LA_L,LA_L:35,34,1,Review unproofread segment identity using v783 morphology/proofreading,Inspection priority only; absence of released points does not prove biological disconnection
68,720575940614849967,R1-6,left,B_segment_contact,0,0,15,33,6,15,5,0.6048,yes,LA_L,LA_L:33,33,0,Review unproofread segment identity using v783 morphology/proofreading,Inspection priority only; absence of released points does not prove biological disconnection
69,720575940629834768,R1-6,left,B_segment_contact,0,0,23,33,6,21,5,0.6048,yes,LA_L,LA_L:33,29,4,Review unproofread segment identity using v783 morphology/proofreading,Inspection priority only; absence of released points does not prove biological disconnection
70,720575940613468389,R1-6,left,B_segment_contact,0,0,10,32,6,10,5,0.6048,yes,LA_L,LA_L:32,32,0,Review unproofread segment identity using v783 morphology/proofreading,Inspection priority only; absence of released points does not prove biological disconnection
71,720575940621978534,R1-6,left,B_segment_contact,0,0,15,31,6,12,5,0.6048,yes,LA_L,LA_L:31,22,9,Review unproofread segment identity using v783 morphology/proofreading,Inspection priority only; absence of released points does not prove biological disconnection
72,720575940609220873,R1-6,left,B_segment_contact,0,0,8,24,6,8,5,0.6048,yes,LA_L,LA_L:24,23,1,Review unproofread segment identity using v783 morphology/proofreading,Inspection priority only; absence of released points does not prove biological disconnection
73,720575940633517260,R1-6,left,B_segment_contact,0,0,12,22,6,12,5,0.6048,yes,LA_L,LA_L:22,22,0,Review unproofread segment identity using v783 morphology/proofreading,Inspection priority only; absence of released points does not prove biological disconnection
74,720575940619984798,R1-6,left,B_segment_contact,0,0,29,56,5,27,5,0.6048,yes,LA_L,LA_L:56,52,4,Review unproofread segment identity using v783 morphology/proofreading,Inspection priority only; absence of released points does not prove biological disconnection
75,720575940611982690,R1-6,left,B_segment_contact,0,0,34,51,5,33,5,0.6048,yes,LA_L,LA_L:51,49,2,Review unproofread segment identity using v783 morphology/proofreading,Inspection priority only; absence of released points does not prove biological disconnection
76,720575940625237923,R1-6,left,B_segment_contact,0,0,24,50,5,24,5,0.6048,yes,LA_L,LA_L:50,48,2,Review unproofread segment identity using v783 morphology/proofreading,Inspection priority only; absence of released points does not prove biological disconnection
77,720575940627938200,R1-6,left,B_segment_contact,0,0,14,47,5,13,5,0.6048,yes,LA_L,LA_L:47,44,3,Review unproofread segment identity using v783 morphology/proofreading,Inspection priority only; absence of released points does not prove biological disconnection
78,720575940612888026,R1-6,left,B_segment_contact,0,0,33,44,5,31,5,0.6048,yes,LA_L,LA_L:44,39,5,Review unproofread segment identity using v783 morphology/proofreading,Inspection priority only; absence of released points does not prove biological disconnection
79,720575940618600276,R1-6,left,B_segment_contact,0,0,18,43,5,18,5,0.6048,yes,LA_L,LA_L:43,42,1,Review unproofread segment identity using v783 morphology/proofreading,Inspection priority only; absence of released points does not prove biological disconnection
80,720575940633592996,R1-6,left,B_segment_contact,0,0,27,43,5,27,5,0.6048,yes,LA_L,LA_L:43,43,0,Review unproofread segment identity using v783 morphology/proofreading,Inspection priority only; absence of released points does not prove biological disconnection
81,720575940627665241,R1-6,left,B_segment_contact,0,0,18,42,5,18,5,0.6048,yes,LA_L,LA_L:42,41,1,Review unproofread segment identity using v783 morphology/proofreading,Inspection priority only; absence of released points does not prove biological disconnection
82,720575940630544250,R1-6,left,B_segment_contact,0,0,19,41,5,19,5,0.6048,yes,LA_L,LA_L:41,40,1,Review unproofread segment identity using v783 morphology/proofreading,Inspection priority only; absence of released points does not prove biological disconnection
83,720575940613055194,R1-6,left,B_segment_contact,0,0,21,39,5,21,5,0.6048,yes,LA_L,LA_L:39,38,1,Review unproofread segment identity using v783 morphology/proofreading,Inspection priority only; absence of released points does not prove biological disconnection
84,720575940627715102,R1-6,left,B_segment_contact,0,0,25,34,5,25,5,0.6048,yes,LA_L,LA_L:34,33,1,Review unproofread segment identity using v783 morphology/proofreading,Inspection priority only; absence of released points does not prove biological disconnection
85,720575940641599184,R1-6,left,B_segment_contact,0,0,12,33,5,12,5,0.6048,yes,LA_L,LA_L:33,32,1,Review unproofread segment identity using v783 morphology/proofreading,Inspection priority only; absence of released points does not prove biological disconnection
86,720575940615650666,R1-6,left,B_segment_contact,0,0,17,32,5,17,5,0.6048,yes,LA_L,LA_L:32,27,5,Review unproofread segment identity using v783 morphology/proofreading,Inspection priority only; absence of released points does not prove biological disconnection
87,720575940616591372,R1-6,left,B_segment_contact,0,0,13,32,5,12,5,0.6048,yes,LA_L,LA_L:32,30,2,Review unproofread segment identity using v783 morphology/proofreading,Inspection priority only; absence of released points does not prove biological disconnection
88,720575940627267842,R1-6,left,B_segment_contact,0,0,19,32,5,18,5,0.6048,yes,LA_L,LA_L:32,28,4,Review unproofread segment identity using v783 morphology/proofreading,Inspection priority only; absence of released points does not prove biological disconnection
89,720575940630060135,R1-6,left,B_segment_contact,0,0,22,30,5,21,5,0.6048,yes,LA_L,LA_L:30,29,1,Review unproofread segment identity using v783 morphology/proofreading,Inspection priority only; absence of released points does not prove biological disconnection
90,720575940632704303,R1-6,left,B_segment_contact,0,0,15,30,5,15,5,0.6048,yes,LA_L,LA_L:30,28,2,Review unproofread segment identity using v783 morphology/proofreading,Inspection priority only; absence of released points does not prove biological disconnection
91,720575940623867016,R1-6,left,B_segment_contact,0,0,11,29,5,10,5,0.6048,yes,LA_L,LA_L:29,28,1,Review unproofread segment identity using v783 morphology/proofreading,Inspection priority only; absence of released points does not prove biological disconnection
92,720575940624046227,R1-6,left,B_segment_contact,0,0,16,29,5,16,5,0.6048,yes,LA_L,LA_L:29,26,3,Review unproofread segment identity using v783 morphology/proofreading,Inspection priority only; absence of released points does not prove biological disconnection
93,720575940629615209,R1-6,left,B_segment_contact,0,0,20,29,5,20,5,0.6048,yes,LA_L,LA_L:29,29,0,Review unproofread segment identity using v783 morphology/proofreading,Inspection priority only; absence of released points does not prove biological disconnection
94,720575940632257091,R1-6,left,B_segment_contact,0,0,18,29,5,18,5,0.6048,yes,LA_L,LA_L:29,29,0,Review unproofread segment identity using v783 morphology/proofreading,Inspection priority only; absence of released points does not prove biological disconnection
95,720575940616281311,R1-6,left,B_segment_contact,0,0,21,28,5,20,5,0.6048,yes,LA_L,LA_L:28,24,4,Review unproofread segment identity using v783 morphology/proofreading,Inspection priority only; absence of released points does not prove biological disconnection
96,720575940630727212,R1-6,left,B_segment_contact,0,0,14,27,5,12,5,0.6048,yes,LA_L,LA_L:27,23,4,Review unproofread segment identity using v783 morphology/proofreading,Inspection priority only; absence of released points does not prove biological disconnection
97,720575940623668248,R1-6,left,B_segment_contact,0,0,13,26,5,12,5,0.6048,yes,LA_L,LA_L:26,25,1,Review unproofread segment identity using v783 morphology/proofreading,Inspection priority only; absence of released points does not prove biological disconnection
98,720575940627853693,R1-6,left,B_segment_contact,0,0,20,26,5,19,5,0.6048,yes,LA_L,LA_L:26,21,5,Review unproofread segment identity using v783 morphology/proofreading,Inspection priority only; absence of released points does not prove biological disconnection
99,720575940620556117,R1-6,left,B_segment_contact,0,0,11,25,5,10,5,0.6048,yes,LA_L,LA_L:25,23,2,Review unproofread segment identity using v783 morphology/proofreading,Inspection priority only; absence of released points does not prove biological disconnection
100,720575940629438193,R1-6,left,B_segment_contact,0,0,19,25,5,19,5,0.6048,yes,LA_L,LA_L:25,21,4,Review unproofread segment identity using v783 morphology/proofreading,Inspection priority only; absence of released points does not prove biological disconnection
101,720575940606679742,R1-6,left,B_segment_contact,0,0,15,22,5,15,5,0.6048,yes,LA_L,LA_L:22,22,0,Review unproofread segment identity using v783 morphology/proofreading,Inspection priority only; absence of released points does not prove biological disconnection
102,720575940633220516,R1-6,left,B_segment_contact,0,0,9,20,5,9,5,0.6048,yes,LA_L,LA_L:20,20,0,Review unproofread segment identity using v783 morphology/proofreading,Inspection priority only; absence of released points does not prove biological disconnection
103,720575940613465366,R1-6,left,B_segment_contact,0,0,8,18,5,8,5,0.6048,yes,LA_L,LA_L:18,18,0,Review unproofread segment identity using v783 morphology/proofreading,Inspection priority only; absence of released points does not prove biological disconnection
104,720575940629716779,R1-6,left,B_segment_contact,0,0,23,65,4,23,5,0.6048,yes,LA_L,LA_L:65,63,2,Review unproofread segment identity using v783 morphology/proofreading,Inspection priority only; absence of released points does not prove biological disconnection
105,720575940645837335,R1-6,left,B_segment_contact,0,0,29,53,4,27,5,0.6048,yes,LA_L,LA_L:53,50,3,Review unproofread segment identity using v783 morphology/proofreading,Inspection priority only; absence of released points does not prove biological disconnection
106,720575940626770532,R1-6,left,B_segment_contact,0,0,21,39,4,21,5,0.6048,yes,LA_L,LA_L:39,38,1,Review unproofread segment identity using v783 morphology/proofreading,Inspection priority only; absence of released points does not prove biological disconnection
107,720575940625044421,R1-6,left,B_segment_contact,0,0,21,36,4,21,5,0.6048,yes,LA_L,LA_L:36,36,0,Review unproofread segment identity using v783 morphology/proofreading,Inspection priority only; absence of released points does not prove biological disconnection
108,720575940625733095,R1-6,left,B_segment_contact,0,0,28,36,4,27,5,0.6048,yes,LA_L,LA_L:36,32,4,Review unproofread segment identity using v783 morphology/proofreading,Inspection priority only; absence of released points does not prove biological disconnection
109,720575940625603512,R1-6,left,B_segment_contact,0,0,18,31,4,16,5,0.6048,yes,LA_L,LA_L:31,28,3,Review unproofread segment identity using v783 morphology/proofreading,Inspection priority only; absence of released points does not prove biological disconnection
110,720575940628732744,R1-6,left,B_segment_contact,0,0,14,30,4,13,5,0.6048,yes,LA_L,LA_L:30,28,2,Review unproofread segment identity using v783 morphology/proofreading,Inspection priority only; absence of released points does not prove biological disconnection
111,720575940610761300,R1-6,left,B_segment_contact,0,0,16,29,4,16,5,0.6048,yes,LA_L,LA_L:29,27,2,Review unproofread segment identity using v783 morphology/proofreading,Inspection priority only; absence of released points does not prove biological disconnection
112,720575940621605286,R1-6,left,B_segment_contact,0,0,17,29,4,17,5,0.6048,yes,LA_L,LA_L:29,29,0,Review unproofread segment identity using v783 morphology/proofreading,Inspection priority only; absence of released points does not prove biological disconnection
113,720575940630712442,R1-6,left,B_segment_contact,0,0,15,28,4,15,5,0.6048,yes,LA_L,LA_L:28,26,2,Review unproofread segment identity using v783 morphology/proofreading,Inspection priority only; absence of released points does not prove biological disconnection
114,720575940642532827,R1-6,left,B_segment_contact,0,0,19,28,4,19,5,0.6048,yes,LA_L,LA_L:28,25,3,Review unproofread segment identity using v783 morphology/proofreading,Inspection priority only; absence of released points does not prove biological disconnection
115,720575940634947484,R1-6,left,B_segment_contact,0,0,13,27,4,13,5,0.6048,yes,LA_L,LA_L:27,27,0,Review unproofread segment identity using v783 morphology/proofreading,Inspection priority only; absence of released points does not prove biological disconnection
116,720575940636169464,R1-6,left,B_segment_contact,0,0,13,27,4,13,5,0.6048,yes,LA_L,LA_L:27,25,2,Review unproofread segment identity using v783 morphology/proofreading,Inspection priority only; absence of released points does not prove biological disconnection
117,720575940616388550,R1-6,left,B_segment_contact,0,0,15,25,4,14,5,0.6048,yes,LA_L,LA_L:25,23,2,Review unproofread segment identity using v783 morphology/proofreading,Inspection priority only; absence of released points does not prove biological disconnection
118,720575940631143020,R1-6,left,B_segment_contact,0,0,13,25,4,12,5,0.6048,yes,LA_L,LA_L:25,23,2,Review unproofread segment identity using v783 morphology/proofreading,Inspection priority only; absence of released points does not prove biological disconnection
119,720575940630581754,R1-6,left,B_segment_contact,0,0,12,24,4,11,5,0.6048,yes,LA_L,LA_L:24,19,5,Review unproofread segment identity using v783 morphology/proofreading,Inspection priority only; absence of released points does not prove biological disconnection
120,720575940636176888,R1-6,left,B_segment_contact,0,0,11,24,4,11,5,0.6048,yes,LA_L,LA_L:24,23,1,Review unproofread segment identity using v783 morphology/proofreading,Inspection priority only; absence of released points does not prove biological disconnection
121,720575940606292326,R1-6,left,B_segment_contact,0,0,13,23,4,12,5,0.6048,yes,LA_L,LA_L:23,21,2,Review unproofread segment identity using v783 morphology/proofreading,Inspection priority only; absence of released points does not prove biological disconnection
122,720575940627212644,R1-6,left,B_segment_contact,0,0,14,23,4,12,5,0.6048,yes,LA_L,LA_L:23,19,4,Review unproofread segment identity using v783 morphology/proofreading,Inspection priority only; absence of released points does not prove biological disconnection
123,720575940609782027,R1-6,left,B_segment_contact,0,0,13,21,4,11,5,0.6048,yes,LA_L,LA_L:21,17,4,Review unproofread segment identity using v783 morphology/proofreading,Inspection priority only; absence of released points does not prove biological disconnection
124,720575940610759764,R1-6,left,B_segment_contact,0,0,12,21,4,11,5,0.6048,yes,LA_L,LA_L:21,20,1,Review unproofread segment identity using v783 morphology/proofreading,Inspection priority only; absence of released points does not prove biological disconnection
125,720575940615234001,R1-6,left,B_segment_contact,0,0,14,21,4,13,5,0.6048,yes,LA_L,LA_L:21,18,3,Review unproofread segment identity using v783 morphology/proofreading,Inspection priority only; absence of released points does not prove biological disconnection
126,720575940630239327,R1-6,left,B_segment_contact,0,0,11,21,4,10,5,0.6048,yes,LA_L,LA_L:21,19,2,Review unproofread segment identity using v783 morphology/proofreading,Inspection priority only; absence of released points does not prove biological disconnection
127,720575940618238681,R1-6,left,B_segment_contact,0,0,14,20,4,14,5,0.6048,yes,LA_L,LA_L:20,20,0,Review unproofread segment identity using v783 morphology/proofreading,Inspection priority only; absence of released points does not prove biological disconnection
128,720575940627660121,R1-6,left,B_segment_contact,0,0,8,19,4,8,5,0.6048,yes,LA_L,LA_L:19,19,0,Review unproofread segment identity using v783 morphology/proofreading,Inspection priority only; absence of released points does not prove biological disconnection
129,720575940620487504,R1-6,left,B_segment_contact,0,0,10,18,4,8,5,0.6048,yes,LA_L,LA_L:18,15,3,Review unproofread segment identity using v783 morphology/proofreading,Inspection priority only; absence of released points does not prove biological disconnection
130,720575940624103827,R1-6,left,B_segment_contact,0,0,7,15,4,7,5,0.6048,yes,LA_L,LA_L:15,15,0,Review unproofread segment identity using v783 morphology/proofreading,Inspection priority only; absence of released points does not prove biological disconnection
131,720575940615855510,R1-6,left,B_segment_contact,0,0,10,14,4,9,5,0.6048,yes,LA_L,LA_L:14,13,1,Review unproofread segment identity using v783 morphology/proofreading,Inspection priority only; absence of released points does not prove biological disconnection
132,720575940628492264,R1-6,left,B_segment_contact,0,0,8,14,4,8,5,0.6048,yes,LA_L,LA_L:14,12,2,Review unproofread segment identity using v783 morphology/proofreading,Inspection priority only; absence of released points does not prove biological disconnection
133,720575940630942428,R1-6,left,B_segment_contact,0,0,6,12,4,6,5,0.6048,yes,LA_L,LA_L:12,11,1,Review unproofread segment identity using v783 morphology/proofreading,Inspection priority only; absence of released points does not prove biological disconnection
134,720575940625916207,R1-6,left,B_segment_contact,0,0,35,44,3,34,5,0.6048,yes,LA_L,LA_L:44,42,2,Review unproofread segment identity using v783 morphology/proofreading,Inspection priority only; absence of released points does not prove biological disconnection
135,720575940630660034,R1-6,left,B_segment_contact,0,0,30,38,3,30,5,0.6048,yes,LA_L,LA_L:38,31,7,Review unproofread segment identity using v783 morphology/proofreading,Inspection priority only; absence of released points does not prove biological disconnection
136,720575940627852669,R1-6,left,B_segment_contact,0,0,21,34,3,20,5,0.6048,yes,LA_L,LA_L:34,32,2,Review unproofread segment identity using v783 morphology/proofreading,Inspection priority only; absence of released points does not prove biological disconnection
137,720575940623242108,R1-6,left,B_segment_contact,0,0,29,32,3,29,5,0.6048,yes,LA_L,LA_L:32,31,1,Review unproofread segment identity using v783 morphology/proofreading,Inspection priority only; absence of released points does not prove biological disconnection
138,720575940624338058,R1-6,left,B_segment_contact,0,0,26,31,3,26,5,0.6048,yes,LA_L,LA_L:31,29,2,Review unproofread segment identity using v783 morphology/proofreading,Inspection priority only; absence of released points does not prove biological disconnection
139,720575940625067243,R1-6,left,B_segment_contact,0,0,15,28,3,13,5,0.6048,yes,LA_L,LA_L:28,26,2,Review unproofread segment identity using v783 morphology/proofreading,Inspection priority only; absence of released points does not prove biological disconnection
140,720575940636168116,R1-6,left,B_segment_contact,0,0,22,26,3,22,5,0.6048,yes,LA_L,LA_L:26,25,1,Review unproofread segment identity using v783 morphology/proofreading,Inspection priority only; absence of released points does not prove biological disconnection
141,720575940647077411,R1-6,left,B_segment_contact,0,0,21,26,3,21,5,0.6048,yes,LA_L,LA_L:26,25,1,Review unproofread segment identity using v783 morphology/proofreading,Inspection priority only; absence of released points does not prove biological disconnection
142,720575940614567855,R1-6,left,B_segment_contact,0,0,14,22,3,12,5,0.6048,yes,LA_L,LA_L:22,19,3,Review unproofread segment identity using v783 morphology/proofreading,Inspection priority only; absence of released points does not prove biological disconnection
143,720575940624438566,R1-6,left,B_segment_contact,0,0,15,22,3,15,5,0.6048,yes,LA_L,LA_L:22,21,1,Review unproofread segment identity using v783 morphology/proofreading,Inspection priority only; absence of released points does not prove biological disconnection
144,720575940625564860,R1-6,left,B_segment_contact,0,0,12,22,3,12,5,0.6048,yes,LA_L,LA_L:22,22,0,Review unproofread segment identity using v783 morphology/proofreading,Inspection priority only; absence of released points does not prove biological disconnection
145,720575940627309913,R1-6,left,B_segment_contact,0,0,15,22,3,15,5,0.6048,yes,LA_L,LA_L:22,21,1,Review unproofread segment identity using v783 morphology/proofreading,Inspection priority only; absence of released points does not prove biological disconnection
146,720575940606292582,R1-6,left,B_segment_contact,0,0,12,21,3,12,5,0.6048,yes,LA_L,LA_L:21,20,1,Review unproofread segment identity using v783 morphology/proofreading,Inspection priority only; absence of released points does not prove biological disconnection
147,720575940607808130,R1-6,left,B_segment_contact,0,0,17,21,3,16,5,0.6048,yes,LA_L,LA_L:21,19,2,Review unproofread segment identity using v783 morphology/proofreading,Inspection priority only; absence of released points does not prove biological disconnection
148,720575940614197485,R1-6,left,B_segment_contact,0,0,12,20,3,12,5,0.6048,yes,LA_L,LA_L:20,20,0,Review unproofread segment identity using v783 morphology/proofreading,Inspection priority only; absence of released points does not prove biological disconnection
149,720575940622413040,R1-6,left,B_segment_contact,0,0,7,20,3,6,5,0.6048,yes,LA_L,LA_L:20,18,2,Review unproofread segment identity using v783 morphology/proofreading,Inspection priority only; absence of released points does not prove biological disconnection
150,720575940611539666,R1-6,left,B_segment_contact,0,0,15,19,3,15,5,0.6048,yes,LA_L,LA_L:19,18,1,Review unproofread segment identity using v783 morphology/proofreading,Inspection priority only; absence of released points does not prove biological disconnection
151,720575940605634220,R1-6,left,B_segment_contact,0,0,10,18,3,9,5,0.6048,yes,LA_L,LA_L:18,16,2,Review unproofread segment identity using v783 morphology/proofreading,Inspection priority only; absence of released points does not prove biological disconnection
152,720575940638759999,R1-6,left,B_segment_contact,0,0,14,17,3,13,5,0.6048,yes,LA_L,LA_L:17,16,1,Review unproofread segment identity using v783 morphology/proofreading,Inspection priority only; absence of released points does not prove biological disconnection
153,720575940621514667,R1-6,left,B_segment_contact,0,0,13,16,3,12,5,0.6048,yes,LA_L,LA_L:16,14,2,Review unproofread segment identity using v783 morphology/proofreading,Inspection priority only; absence of released points does not prove biological disconnection
154,720575940622208688,R1-6,left,B_segment_contact,0,0,10,16,3,9,5,0.6048,yes,LA_L,LA_L:16,15,1,Review unproofread segment identity using v783 morphology/proofreading,Inspection priority only; absence of released points does not prove biological disconnection
155,720575940613823090,R1-6,left,B_segment_contact,0,0,9,15,3,9,5,0.6048,yes,LA_L,LA_L:15,14,1,Review unproofread segment identity using v783 morphology/proofreading,Inspection priority only; absence of released points does not prove biological disconnection
156,720575940625579704,R1-6,left,B_segment_contact,0,0,8,15,3,7,5,0.6048,yes,LA_L,LA_L:15,14,1,Review unproofread segment identity using v783 morphology/proofreading,Inspection priority only; absence of released points does not prove biological disconnection
157,720575940625583118,R1-6,left,B_segment_contact,0,0,8,15,3,7,5,0.6048,yes,LA_L,LA_L:15,14,1,Review unproofread segment identity using v783 morphology/proofreading,Inspection priority only; absence of released points does not prove biological disconnection
158,720575940632674444,R1-6,left,B_segment_contact,0,0,10,15,3,9,5,0.6048,yes,LA_L,LA_L:15,13,2,Review unproofread segment identity using v783 morphology/proofreading,Inspection priority only; absence of released points does not prove biological disconnection
159,720575940621338246,R8,left,B_segment_contact,0,0,8,12,3,6,5,0.7933,yes,ME_L,ME_L:12,2,10,Review unproofread segment identity using v783 morphology/proofreading,Inspection priority only; absence of released points does not prove biological disconnection
160,720575940613466134,R1-6,left,B_segment_contact,0,0,7,12,3,7,5,0.6048,yes,LA_L,LA_L:12,11,1,Review unproofread segment identity using v783 morphology/proofreading,Inspection priority only; absence of released points does not prove biological disconnection
161,720575940609748437,R1-6,left,B_segment_contact,0,0,5,11,3,5,5,0.6048,yes,LA_L,LA_L:11,11,0,Review unproofread segment identity using v783 morphology/proofreading,Inspection priority only; absence of released points does not prove biological disconnection
162,720575940640193614,R1-6,left,B_segment_contact,0,0,24,33,2,23,5,0.6048,yes,LA_L,LA_L:33,31,2,Review unproofread segment identity using v783 morphology/proofreading,Inspection priority only; absence of released points does not prove biological disconnection
163,720575940612970202,R1-6,left,B_segment_contact,0,0,21,32,2,21,5,0.6048,yes,LA_L,LA_L:32,31,1,Review unproofread segment identity using v783 morphology/proofreading,Inspection priority only; absence of released points does not prove biological disconnection
164,720575940632425258,R1-6,left,B_segment_contact,0,0,20,28,2,17,5,0.6048,yes,LA_L,LA_L:28,23,5,Review unproofread segment identity using v783 morphology/proofreading,Inspection priority only; absence of released points does not prove biological disconnection
165,720575940606631102,R1-6,left,B_segment_contact,0,0,19,25,2,17,5,0.6048,yes,LA_L,LA_L:24;None:1,20,5,Review unproofread segment identity using v783 morphology/proofreading,Inspection priority only; absence of released points does not prove biological disconnection
166,720575940631184246,R1-6,left,B_segment_contact,0,0,16,20,2,16,5,0.6048,yes,LA_L,LA_L:20,20,0,Review unproofread segment identity using v783 morphology/proofreading,Inspection priority only; absence of released points does not prove biological disconnection
167,720575940640525144,R1-6,left,B_segment_contact,0,0,16,19,2,15,5,0.6048,yes,LA_L,LA_L:19,16,3,Review unproofread segment identity using v783 morphology/proofreading,Inspection priority only; absence of released points does not prove biological disconnection
168,720575940632436803,R1-6,left,B_segment_contact,0,0,12,17,2,11,5,0.6048,yes,LA_L,LA_L:17,14,3,Review unproofread segment identity using v783 morphology/proofreading,Inspection priority only; absence of released points does not prove biological disconnection
169,720575940638004080,R1-6,left,B_segment_contact,0,0,13,17,2,12,5,0.6048,yes,LA_L,LA_L:17,16,1,Review unproofread segment identity using v783 morphology/proofreading,Inspection priority only; absence of released points does not prove biological disconnection
170,720575940628307077,R1-6,left,B_segment_contact,0,0,13,16,2,13,5,0.6048,yes,LA_L,LA_L:16,16,0,Review unproofread segment identity using v783 morphology/proofreading,Inspection priority only; absence of released points does not prove biological disconnection
171,720575940641249232,R1-6,left,B_segment_contact,0,0,13,16,2,13,5,0.6048,yes,LA_L,LA_L:16,16,0,Review unproofread segment identity using v783 morphology/proofreading,Inspection priority only; absence of released points does not prove biological disconnection
172,720575940615322514,R1-6,left,B_segment_contact,0,0,13,15,2,11,5,0.6048,yes,LA_L,LA_L:15,12,3,Review unproofread segment identity using v783 morphology/proofreading,Inspection priority only; absence of released points does not prove biological disconnection
173,720575940623335715,R1-6,left,B_segment_contact,0,0,13,15,2,13,5,0.6048,yes,LA_L,LA_L:15,15,0,Review unproofread segment identity using v783 morphology/proofreading,Inspection priority only; absence of released points does not prove biological disconnection
174,720575940627462914,R1-6,left,B_segment_contact,0,0,10,15,2,9,5,0.6048,yes,LA_L,LA_L:15,13,2,Review unproofread segment identity using v783 morphology/proofreading,Inspection priority only; absence of released points does not prove biological disconnection
175,720575940628089402,R1-6,left,B_segment_contact,0,0,12,15,2,12,5,0.6048,yes,LA_L,LA_L:15,13,2,Review unproofread segment identity using v783 morphology/proofreading,Inspection priority only; absence of released points does not prove biological disconnection
176,720575940624001791,R1-6,left,B_segment_contact,0,0,12,14,2,12,5,0.6048,yes,LA_L,LA_L:14,10,4,Review unproofread segment identity using v783 morphology/proofreading,Inspection priority only; absence of released points does not prove biological disconnection
177,720575940632314955,R1-6,left,B_segment_contact,0,0,12,14,2,11,5,0.6048,yes,LA_L,LA_L:14,12,2,Review unproofread segment identity using v783 morphology/proofreading,Inspection priority only; absence of released points does not prove biological disconnection
178,720575940633457709,R1-6,left,B_segment_contact,0,0,11,14,2,10,5,0.6048,yes,LA_L,LA_L:14,10,4,Review unproofread segment identity using v783 morphology/proofreading,Inspection priority only; absence of released points does not prove biological disconnection
179,720575940606928561,R1-6,left,B_segment_contact,0,0,11,13,2,11,5,0.6048,yes,LA_L,LA_L:13,13,0,Review unproofread segment identity using v783 morphology/proofreading,Inspection priority only; absence of released points does not prove biological disconnection
180,720575940610973252,R1-6,left,B_segment_contact,0,0,10,13,2,10,5,0.6048,yes,LA_L,LA_L:13,11,2,Review unproofread segment identity using v783 morphology/proofreading,Inspection priority only; absence of released points does not prove biological disconnection
181,720575940620545616,R1-6,left,B_segment_contact,0,0,9,11,2,9,5,0.6048,yes,LA_L,LA_L:11,10,1,Review unproofread segment identity using v783 morphology/proofreading,Inspection priority only; absence of released points does not prove biological disconnection
182,720575940621466048,R1-6,left,B_segment_contact,0,0,6,11,2,6,5,0.6048,yes,LA_L,LA_L:11,10,1,Review unproofread segment identity using v783 morphology/proofreading,Inspection priority only; absence of released points does not prove biological disconnection
183,720575940629870379,R1-6,left,B_segment_contact,0,0,8,10,2,8,5,0.6048,yes,LA_L,LA_L:10,10,0,Review unproofread segment identity using v783 morphology/proofreading,Inspection priority only; absence of released points does not prove biological disconnection
184,720575940646253422,R1-6,left,B_segment_contact,0,0,6,10,2,6,5,0.6048,yes,LA_L,LA_L:10,10,0,Review unproofread segment identity using v783 morphology/proofreading,Inspection priority only; absence of released points does not prove biological disconnection
185,720575940621544175,R8,left,B_segment_contact,0,0,6,9,2,6,5,0.7933,yes,ME_L,ME_L:9,3,6,Review unproofread segment identity using v783 morphology/proofreading,Inspection priority only; absence of released points does not prove biological disconnection
186,720575940630098075,R7,left,B_segment_contact,0,0,6,9,2,6,5,0.6318,yes,ME_L,ME_L:9,3,6,Review unproofread segment identity using v783 morphology/proofreading,Inspection priority only; absence of released points does not prove biological disconnection
187,720575940628240210,R1-6,left,B_segment_contact,0,0,5,9,2,5,5,0.6048,yes,LA_L,LA_L:9,9,0,Review unproofread segment identity using v783 morphology/proofreading,Inspection priority only; absence of released points does not prove biological disconnection
188,720575940618849537,R1-6,left,B_segment_contact,0,0,3,7,2,3,5,0.6048,yes,LA_L,LA_L:7,0,7,Review unproofread segment identity using v783 morphology/proofreading,Inspection priority only; absence of released points does not prove biological disconnection
189,720575940639787061,R1-6,left,B_segment_contact,0,0,5,7,2,5,5,0.6048,yes,LA_L,LA_L:7,5,2,Review unproofread segment identity using v783 morphology/proofreading,Inspection priority only; absence of released points does not prove biological disconnection
190,720575940630581564,R1-6,left,B_segment_contact,0,0,14,21,1,14,5,0.6048,yes,LA_L,LA_L:21,19,2,Review unproofread segment identity using v783 morphology/proofreading,Inspection priority only; absence of released points does not prove biological disconnection
191,720575940638711359,R1-6,left,B_segment_contact,0,0,14,16,1,14,5,0.6048,yes,LA_L,LA_L:16,16,0,Review unproofread segment identity using v783 morphology/proofreading,Inspection priority only; absence of released points does not prove biological disconnection
192,720575940606930865,R1-6,left,B_segment_contact,0,0,14,15,1,13,5,0.6048,yes,LA_L,LA_L:15,12,3,Review unproofread segment identity using v783 morphology/proofreading,Inspection priority only; absence of released points does not prove biological disconnection
193,720575940614200557,R1-6,left,B_segment_contact,0,0,13,14,1,13,5,0.6048,yes,LA_L,LA_L:14,13,1,Review unproofread segment identity using v783 morphology/proofreading,Inspection priority only; absence of released points does not prove biological disconnection
194,720575940618423441,R1-6,left,B_segment_contact,0,0,10,13,1,10,5,0.6048,yes,LA_L,LA_L:13,12,1,Review unproofread segment identity using v783 morphology/proofreading,Inspection priority only; absence of released points does not prove biological disconnection
195,720575940629063409,R1-6,left,B_segment_contact,0,0,11,12,1,11,5,0.6048,yes,LA_L,LA_L:12,11,1,Review unproofread segment identity using v783 morphology/proofreading,Inspection priority only; absence of released points does not prove biological disconnection
196,720575940612326606,R8,left,B_segment_contact,0,0,5,11,1,4,5,0.7933,yes,ME_L,ME_L:11,1,10,Review unproofread segment identity using v783 morphology/proofreading,Inspection priority only; absence of released points does not prove biological disconnection
197,720575940618061661,R1-6,left,B_segment_contact,0,0,10,11,1,10,5,0.6048,yes,LA_L,LA_L:11,10,1,Review unproofread segment identity using v783 morphology/proofreading,Inspection priority only; absence of released points does not prove biological disconnection
198,720575940631095296,R1-6,left,B_segment_contact,0,0,10,11,1,10,5,0.6048,yes,LA_L,LA_L:11,9,2,Review unproofread segment identity using v783 morphology/proofreading,Inspection priority only; absence of released points does not prove biological disconnection
199,720575940623495693,R1-6,left,B_segment_contact,0,0,9,10,1,7,5,0.6048,yes,LA_L,LA_L:10,8,2,Review unproofread segment identity using v783 morphology/proofreading,Inspection priority only; absence of released points does not prove biological disconnection
200,720575940642527451,R1-6,left,B_segment_contact,0,0,9,10,1,9,5,0.6048,yes,LA_L,LA_L:10,10,0,Review unproofread segment identity using v783 morphology/proofreading,Inspection priority only; absence of released points does not prove biological disconnection
201,720575940625037509,R1-6,left,B_segment_contact,0,0,8,9,1,8,5,0.6048,yes,LA_L,LA_L:9,7,2,Review unproofread segment identity using v783 morphology/proofreading,Inspection priority only; absence of released points does not prove biological disconnection
202,720575940631100160,R1-6,left,B_segment_contact,0,0,8,9,1,8,5,0.6048,yes,LA_L,LA_L:9,6,3,Review unproofread segment identity using v783 morphology/proofreading,Inspection priority only; absence of released points does not prove biological disconnection
203,720575940617499765,R7,left,B_segment_contact,0,0,6,8,1,6,5,0.6318,yes,ME_L,ME_L:8,4,4,Review unproofread segment identity using v783 morphology/proofreading,Inspection priority only; absence of released points does not prove biological disconnection
204,720575940610073940,R1-6,left,B_segment_contact,0,0,6,8,1,5,5,0.6048,yes,LA_L,LA_L:8,7,1,Review unproofread segment identity using v783 morphology/proofreading,Inspection priority only; absence of released points does not prove biological disconnection
205,720575940624048275,R1-6,left,B_segment_contact,0,0,7,8,1,7,5,0.6048,yes,LA_L,LA_L:8,6,2,Review unproofread segment identity using v783 morphology/proofreading,Inspection priority only; absence of released points does not prove biological disconnection
206,720575940627149415,,left,B_segment_contact,0,0,7,8,1,7,0,0,no,GNG,GNG:8,8,0,Review unproofread segment identity using v783 morphology/proofreading,Inspection priority only; absence of released points does not prove biological disconnection
207,720575940618140987,R1-6,left,B_segment_contact,0,0,6,7,1,6,5,0.6048,yes,LA_L,LA_L:7,7,0,Review unproofread segment identity using v783 morphology/proofreading,Inspection priority only; absence of released points does not prove biological disconnection
208,720575940621962081,R1-6,left,B_segment_contact,0,0,6,7,1,6,5,0.6048,yes,LA_L,LA_L:7,6,1,Review unproofread segment identity using v783 morphology/proofreading,Inspection priority only; absence of released points does not prove biological disconnection
209,720575940619381108,,left,B_segment_contact,0,0,6,7,1,6,0,0,no,GNG,GNG:7,7,0,Review unproofread segment identity using v783 morphology/proofreading,Inspection priority only; absence of released points does not prove biological disconnection
210,720575940632460951,,left,B_segment_contact,0,0,5,7,1,5,0,0,no,GNG,GNG:7,7,0,Review unproofread segment identity using v783 morphology/proofreading,Inspection priority only; absence of released points does not prove biological disconnection
211,720575940648163972,R1-6,left,B_segment_contact,0,0,5,6,1,5,5,0.6048,yes,LA_L,LA_L:6,6,0,Review unproofread segment identity using v783 morphology/proofreading,Inspection priority only; absence of released points does not prove biological disconnection
212,720575940611532664,R1-6,right,B_segment_contact,0,0,4,5,1,4,5,0.9252,yes,LA_R,LA_R:5,5,0,Review unproofread segment identity using v783 morphology/proofreading,Inspection priority only; absence of released points does not prove biological disconnection
213,720575940617768587,R8,left,B_segment_contact,0,0,4,5,1,4,5,0.7933,yes,ME_L,ME_L:5,1,4,Review unproofread segment identity using v783 morphology/proofreading,Inspection priority only; absence of released points does not prove biological disconnection
214,720575940615927263,R1-6,left,B_segment_contact,0,0,4,5,1,4,5,0.6048,yes,LA_L,LA_L:5,4,1,Review unproofread segment identity using v783 morphology/proofreading,Inspection priority only; absence of released points does not prove biological disconnection
215,720575940638523994,R1-6,left,B_segment_contact,0,0,4,5,1,4,5,0.6048,yes,LA_L,LA_L:5,4,1,Review unproofread segment identity using v783 morphology/proofreading,Inspection priority only; absence of released points does not prove biological disconnection
216,720575940607860169,R1-6,right,B_segment_contact,0,0,3,4,1,3,5,0.9252,yes,LA_R,LA_R:4,2,2,Review unproofread segment identity using v783 morphology/proofreading,Inspection priority only; absence of released points does not prove biological disconnection
217,720575940618712091,R1-6,left,B_segment_contact,0,0,3,4,1,3,5,0.6048,yes,LA_L,LA_L:4,4,0,Review unproofread segment identity using v783 morphology/proofreading,Inspection priority only; absence of released points does not prove biological disconnection
218,720575940622798836,R1-6,left,B_segment_contact,0,0,3,4,1,3,5,0.6048,yes,LA_L,LA_L:4,4,0,Review unproofread segment identity using v783 morphology/proofreading,Inspection priority only; absence of released points does not prove biological disconnection
219,720575940623342716,R1-6,left,B_segment_contact,0,0,3,4,1,3,5,0.6048,yes,LA_L,LA_L:4,4,0,Review unproofread segment identity using v783 morphology/proofreading,Inspection priority only; absence of released points does not prove biological disconnection
220,720575940619434587,DNge153,right,B_segment_contact,0,0,2,4,1,2,0,0,no,GNG,GNG:4,4,0,Review unproofread segment identity using v783 morphology/proofreading,Inspection priority only; absence of released points does not prove biological disconnection
221,720575940621349285,R1-6,right,B_segment_contact,0,0,2,3,1,2,5,0.9252,yes,LA_R,LA_R:3,1,2,Review unproofread segment identity using v783 morphology/proofreading,Inspection priority only; absence of released points does not prove biological disconnection
222,720575940637390181,R7,left,B_segment_contact,0,0,1,3,1,1,5,0.6318,yes,ME_L,ME_L:3,0,3,Review unproofread segment identity using v783 morphology/proofreading,Inspection priority only; absence of released points does not prove biological disconnection
223,720575940628728040,R1-6,left,B_segment_contact,0,0,2,3,1,2,5,0.6048,yes,LA_L,LA_L:3,3,0,Review unproofread segment identity using v783 morphology/proofreading,Inspection priority only; absence of released points does not prove biological disconnection
224,720575940638556382,R1-6,left,B_segment_contact,0,0,2,3,1,2,5,0.6048,yes,LA_L,LA_L:3,1,2,Review unproofread segment identity using v783 morphology/proofreading,Inspection priority only; absence of released points does not prove biological disconnection
225,720575940609778289,,right,B_segment_contact,0,0,2,3,1,2,0,0,no,GNG,GNG:3,1,2,Review unproofread segment identity using v783 morphology/proofreading,Inspection priority only; absence of released points does not prove biological disconnection
226,720575940618150105,R1-6,right,B_segment_contact,0,0,1,2,1,1,5,0.9252,yes,LA_R,LA_R:2,0,2,Review unproofread segment identity using v783 morphology/proofreading,Inspection priority only; absence of released points does not prove biological disconnection
227,720575940620753744,R1-6,right,B_segment_contact,0,0,1,2,1,1,5,0.9252,yes,LA_R,LA_R:2,0,2,Review unproofread segment identity using v783 morphology/proofreading,Inspection priority only; absence of released points does not prove biological disconnection
228,720575940627671433,R1-6,right,B_segment_contact,0,0,1,2,1,1,5,0.9252,yes,LA_R,LA_R:2,0,2,Review unproofread segment identity using v783 morphology/proofreading,Inspection priority only; absence of released points does not prove biological disconnection
229,720575940616710412,R1-6,left,B_segment_contact,0,0,1,2,1,1,5,0.6048,yes,LA_L,LA_L:2,2,0,Review unproofread segment identity using v783 morphology/proofreading,Inspection priority only; absence of released points does not prove biological disconnection
230,720575940618090129,R1-6,left,B_segment_contact,0,0,13,13,0,13,5,0.6048,yes,LA_L,LA_L:13,12,1,Review unproofread segment identity using v783 morphology/proofreading,Inspection priority only; absence of released points does not prove biological disconnection
231,720575940623892579,R1-6,left,B_segment_contact,0,0,13,13,0,13,5,0.6048,yes,LA_L,LA_L:13,13,0,Review unproofread segment identity using v783 morphology/proofreading,Inspection priority only; absence of released points does not prove biological disconnection
232,720575940640196413,R1-6,left,B_segment_contact,0,0,13,13,0,13,5,0.6048,yes,LA_L,LA_L:13,12,1,Review unproofread segment identity using v783 morphology/proofreading,Inspection priority only; absence of released points does not prove biological disconnection
233,720575940621157887,,left,B_segment_contact,0,0,11,11,0,11,0,0,no,GNG,GNG:11,10,1,Review unproofread segment identity using v783 morphology/proofreading,Inspection priority only; absence of released points does not prove biological disconnection
234,720575940631590393,R1-6,left,B_segment_contact,0,0,10,10,0,10,5,0.6048,yes,LA_L,LA_L:10,9,1,Review unproofread segment identity using v783 morphology/proofreading,Inspection priority only; absence of released points does not prove biological disconnection
235,720575940629070155,,left,B_segment_contact,0,0,10,10,0,10,0,0,no,GNG,GNG:10,10,0,Review unproofread segment identity using v783 morphology/proofreading,Inspection priority only; absence of released points does not prove biological disconnection
236,720575940618768806,,left,B_segment_contact,0,0,9,9,0,9,0,0,no,GNG,GNG:9,9,0,Review unproofread segment identity using v783 morphology/proofreading,Inspection priority only; absence of released points does not prove biological disconnection
237,720575940638078832,R1-6,left,B_segment_contact,0,0,8,8,0,8,5,0.6048,yes,LA_L,LA_L:8,6,2,Review unproofread segment identity using v783 morphology/proofreading,Inspection priority only; absence of released points does not prove biological disconnection
238,720575940619423216,,left,B_segment_contact,0,0,7,7,0,7,0,0,no,GNG,GNG:7,7,0,Review unproofread segment identity using v783 morphology/proofreading,Inspection priority only; absence of released points does not prove biological disconnection
239,720575940622064048,R1-6,left,B_segment_contact,0,0,6,6,0,6,5,0.6048,yes,LA_L,LA_L:6,5,1,Review unproofread segment identity using v783 morphology/proofreading,Inspection priority only; absence of released points does not prove biological disconnection
240,720575940626668443,,left,B_segment_contact,0,0,6,6,0,6,0,0,no,GNG,GNG:6,6,0,Review unproofread segment identity using v783 morphology/proofreading,Inspection priority only; absence of released points does not prove biological disconnection
241,720575940632280338,R8,left,B_segment_contact,0,0,5,5,0,5,5,0.7933,yes,ME_L,ME_L:5,1,4,Review unproofread segment identity using v783 morphology/proofreading,Inspection priority only; absence of released points does not prove biological disconnection
242,720575940621962337,R1-6,left,B_segment_contact,0,0,5,5,0,5,5,0.6048,yes,LA_L,LA_L:5,3,2,Review unproofread segment identity using v783 morphology/proofreading,Inspection priority only; absence of released points does not prove biological disconnection
243,720575940625416167,R1-6,right,B_segment_contact,0,0,4,4,0,4,5,0.9252,yes,LA_R,LA_R:4,3,1,Review unproofread segment identity using v783 morphology/proofreading,Inspection priority only; absence of released points does not prove biological disconnection
244,720575940630869548,R1-6,right,B_segment_contact,0,0,4,4,0,4,5,0.9252,yes,LA_R,LA_R:4,3,1,Review unproofread segment identity using v783 morphology/proofreading,Inspection priority only; absence of released points does not prove biological disconnection
245,720575940640017597,R1-6,right,B_segment_contact,0,0,4,4,0,4,5,0.9252,yes,LA_R,LA_R:4,2,2,Review unproofread segment identity using v783 morphology/proofreading,Inspection priority only; absence of released points does not prove biological disconnection
246,720575940629636713,R8,left,B_segment_contact,0,0,4,4,0,4,5,0.7933,yes,ME_L,ME_L:4,3,1,Review unproofread segment identity using v783 morphology/proofreading,Inspection priority only; absence of released points does not prove biological disconnection
247,720575940618240401,R1-6,left,B_segment_contact,0,0,4,4,0,4,5,0.6048,yes,LA_L,LA_L:4,3,1,Review unproofread segment identity using v783 morphology/proofreading,Inspection priority only; absence of released points does not prove biological disconnection
248,720575940620531761,R1-6,left,B_segment_contact,0,0,4,4,0,4,5,0.6048,yes,LA_L,LA_L:4,2,2,Review unproofread segment identity using v783 morphology/proofreading,Inspection priority only; absence of released points does not prove biological disconnection
249,720575940623984520,R1-6,left,B_segment_contact,0,0,4,4,0,4,5,0.6048,yes,LA_L,LA_L:4,4,0,Review unproofread segment identity using v783 morphology/proofreading,Inspection priority only; absence of released points does not prove biological disconnection
250,720575940622814302,R1-6,right,B_segment_contact,0,0,3,3,0,3,5,0.9252,yes,LA_R,LA_R:3,1,2,Review unproofread segment identity using v783 morphology/proofreading,Inspection priority only; absence of released points does not prove biological disconnection
251,720575940625781692,R1-6,right,B_segment_contact,0,0,3,3,0,3,5,0.9252,yes,LA_R,LA_R:3,3,0,Review unproofread segment identity using v783 morphology/proofreading,Inspection priority only; absence of released points does not prove biological disconnection
252,720575940628442389,R1-6,right,B_segment_contact,0,0,3,3,0,3,5,0.9252,yes,LA_R,LA_R:3,3,0,Review unproofread segment identity using v783 morphology/proofreading,Inspection priority only; absence of released points does not prove biological disconnection
253,720575940635013020,R1-6,right,B_segment_contact,0,0,3,3,0,2,5,0.9252,yes,LA_R,LA_R:3,1,2,Review unproofread segment identity using v783 morphology/proofreading,Inspection priority only; absence of released points does not prove biological disconnection
254,720575940618864724,R1-6,left,B_segment_contact,0,0,3,3,0,2,5,0.6048,yes,LA_L,LA_L:3,2,1,Review unproofread segment identity using v783 morphology/proofreading,Inspection priority only; absence of released points does not prove biological disconnection
255,720575940619643702,R1-6,left,B_segment_contact,0,0,3,3,0,3,5,0.6048,yes,LA_L,LA_L:3,3,0,Review unproofread segment identity using v783 morphology/proofreading,Inspection priority only; absence of released points does not prove biological disconnection
256,720575940620797643,R1-6,left,B_segment_contact,0,0,3,3,0,3,5,0.6048,yes,LA_L,LA_L:3,3,0,Review unproofread segment identity using v783 morphology/proofreading,Inspection priority only; absence of released points does not prove biological disconnection
257,720575940609307854,,left,B_segment_contact,0,0,3,3,0,3,0,0,no,GNG,GNG:3,3,0,Review unproofread segment identity using v783 morphology/proofreading,Inspection priority only; absence of released points does not prove biological disconnection
258,720575940611510765,,left,B_segment_contact,0,0,3,3,0,3,0,0,no,GNG,GNG:3,3,0,Review unproofread segment identity using v783 morphology/proofreading,Inspection priority only; absence of released points does not prove biological disconnection
259,720575940612755050,,left,B_segment_contact,0,0,3,3,0,3,0,0,no,GNG,GNG:3,3,0,Review unproofread segment identity using v783 morphology/proofreading,Inspection priority only; absence of released points does not prove biological disconnection
260,720575940613971683,R1-6,right,B_segment_contact,0,0,2,2,0,2,5,0.9252,yes,LA_R,LA_R:2,1,1,Review unproofread segment identity using v783 morphology/proofreading,Inspection priority only; absence of released points does not prove biological disconnection
261,720575940620722000,R1-6,right,B_segment_contact,0,0,2,2,0,2,5,0.9252,yes,LA_R,LA_R:2,0,2,Review unproofread segment identity using v783 morphology/proofreading,Inspection priority only; absence of released points does not prove biological disconnection
262,720575940623005308,R1-6,right,B_segment_contact,0,0,2,2,0,2,5,0.9252,yes,LA_R,LA_R:2,1,1,Review unproofread segment identity using v783 morphology/proofreading,Inspection priority only; absence of released points does not prove biological disconnection
263,720575940625511572,R1-6,right,B_segment_contact,0,0,2,2,0,2,5,0.9252,yes,LA_R,LA_R:2,2,0,Review unproofread segment identity using v783 morphology/proofreading,Inspection priority only; absence of released points does not prove biological disconnection
264,720575940628102013,R1-6,right,B_segment_contact,0,0,2,2,0,2,5,0.9252,yes,LA_R,LA_R:2,1,1,Review unproofread segment identity using v783 morphology/proofreading,Inspection priority only; absence of released points does not prove biological disconnection
265,720575940628648936,R1-6,right,B_segment_contact,0,0,2,2,0,2,5,0.9252,yes,LA_R,LA_R:2,2,0,Review unproofread segment identity using v783 morphology/proofreading,Inspection priority only; absence of released points does not prove biological disconnection
266,720575940631388887,R1-6,right,B_segment_contact,0,0,2,2,0,2,5,0.9252,yes,LA_R,LA_R:2,2,0,Review unproofread segment identity using v783 morphology/proofreading,Inspection priority only; absence of released points does not prove biological disconnection
267,720575940606578790,R1-6,left,B_segment_contact,0,0,2,2,0,2,5,0.6048,yes,LA_L,LA_L:2,0,2,Review unproofread segment identity using v783 morphology/proofreading,Inspection priority only; absence of released points does not prove biological disconnection
268,720575940621458625,R1-6,left,B_segment_contact,0,0,2,2,0,2,5,0.6048,yes,LA_L,LA_L:2,1,1,Review unproofread segment identity using v783 morphology/proofreading,Inspection priority only; absence of released points does not prove biological disconnection
269,720575940631505260,R1-6,left,B_segment_contact,0,0,2,2,0,2,5,0.6048,yes,LA_L,LA_L:2,1,1,Review unproofread segment identity using v783 morphology/proofreading,Inspection priority only; absence of released points does not prove biological disconnection
270,720575940615121501,,right,B_segment_contact,0,0,2,2,0,2,0,0,no,GNG,GNG:2,2,0,Review unproofread segment identity using v783 morphology/proofreading,Inspection priority only; absence of released points does not prove biological disconnection
271,720575940619193264,,left,B_segment_contact,0,0,2,2,0,2,0,0,no,GNG,GNG:2,2,0,Review unproofread segment identity using v783 morphology/proofreading,Inspection priority only; absence of released points does not prove biological disconnection
272,720575940621481450,,left,B_segment_contact,0,0,2,2,0,2,0,0,no,GNG,GNG:2,2,0,Review unproofread segment identity using v783 morphology/proofreading,Inspection priority only; absence of released points does not prove biological disconnection
273,720575940606503870,R1-6,right,B_segment_contact,0,0,1,1,0,1,5,0.9252,yes,LA_R,LA_R:1,0,1,Review unproofread segment identity using v783 morphology/proofreading,Inspection priority only; absence of released points does not prove biological disconnection
274,720575940610715204,R1-6,right,B_segment_contact,0,0,1,1,0,1,5,0.9252,yes,LA_R,LA_R:1,1,0,Review unproofread segment identity using v783 morphology/proofreading,Inspection priority only; absence of released points does not prove biological disconnection
275,720575940610821188,R1-6,right,B_segment_contact,0,0,1,1,0,1,5,0.9252,yes,LA_R,LA_R:1,0,1,Review unproofread segment identity using v783 morphology/proofreading,Inspection priority only; absence of released points does not prove biological disconnection
276,720575940613196261,R1-6,right,B_segment_contact,0,0,1,1,0,1,5,0.9252,yes,LA_R,LA_R:1,0,1,Review unproofread segment identity using v783 morphology/proofreading,Inspection priority only; absence of released points does not prove biological disconnection
277,720575940615708066,R1-6,right,B_segment_contact,0,0,1,1,0,1,5,0.9252,yes,LA_R,LA_R:1,0,1,Review unproofread segment identity using v783 morphology/proofreading,Inspection priority only; absence of released points does not prove biological disconnection
278,720575940616450626,R1-6,right,B_segment_contact,0,0,1,1,0,1,5,0.9252,yes,LA_R,LA_R:1,0,1,Review unproofread segment identity using v783 morphology/proofreading,Inspection priority only; absence of released points does not prove biological disconnection
279,720575940617920827,R1-6,right,B_segment_contact,0,0,1,1,0,1,5,0.9252,yes,LA_R,LA_R:1,1,0,Review unproofread segment identity using v783 morphology/proofreading,Inspection priority only; absence of released points does not prove biological disconnection
280,720575940618718977,R1-6,right,B_segment_contact,0,0,1,1,0,1,5,0.9252,yes,LA_R,LA_R:1,1,0,Review unproofread segment identity using v783 morphology/proofreading,Inspection priority only; absence of released points does not prove biological disconnection
281,720575940618743709,R1-6,right,B_segment_contact,0,0,1,1,0,1,5,0.9252,yes,LA_R,LA_R:1,0,1,Review unproofread segment identity using v783 morphology/proofreading,Inspection priority only; absence of released points does not prove biological disconnection
282,720575940620666315,R1-6,right,B_segment_contact,0,0,1,1,0,1,5,0.9252,yes,LA_R,LA_R:1,0,1,Review unproofread segment identity using v783 morphology/proofreading,Inspection priority only; absence of released points does not prove biological disconnection
283,720575940621193051,R1-6,right,B_segment_contact,0,0,1,1,0,1,5,0.9252,yes,LA_R,LA_R:1,0,1,Review unproofread segment identity using v783 morphology/proofreading,Inspection priority only; absence of released points does not prove biological disconnection
284,720575940621462511,R1-6,right,B_segment_contact,0,0,1,1,0,1,5,0.9252,yes,LA_R,LA_R:1,1,0,Review unproofread segment identity using v783 morphology/proofreading,Inspection priority only; absence of released points does not prove biological disconnection
285,720575940621944941,R1-6,right,B_segment_contact,0,0,1,1,0,1,5,0.9252,yes,LA_R,LA_R:1,0,1,Review unproofread segment identity using v783 morphology/proofreading,Inspection priority only; absence of released points does not prove biological disconnection
286,720575940622056368,R1-6,right,B_segment_contact,0,0,1,1,0,1,5,0.9252,yes,LA_R,LA_R:1,0,1,Review unproofread segment identity using v783 morphology/proofreading,Inspection priority only; absence of released points does not prove biological disconnection
287,720575940622303216,R1-6,right,B_segment_contact,0,0,1,1,0,1,5,0.9252,yes,LA_R,LA_R:1,1,0,Review unproofread segment identity using v783 morphology/proofreading,Inspection priority only; absence of released points does not prove biological disconnection
288,720575940622703640,R1-6,right,B_segment_contact,0,0,1,1,0,1,5,0.9252,yes,LA_R,LA_R:1,0,1,Review unproofread segment identity using v783 morphology/proofreading,Inspection priority only; absence of released points does not prove biological disconnection
289,720575940623003169,R1-6,right,B_segment_contact,0,0,1,1,0,1,5,0.9252,yes,LA_R,LA_R:1,0,1,Review unproofread segment identity using v783 morphology/proofreading,Inspection priority only; absence of released points does not prove biological disconnection
290,720575940626928740,R1-6,right,B_segment_contact,0,0,1,1,0,1,5,0.9252,yes,LA_R,LA_R:1,0,1,Review unproofread segment identity using v783 morphology/proofreading,Inspection priority only; absence of released points does not prove biological disconnection
291,720575940627638558,R1-6,right,B_segment_contact,0,0,1,1,0,1,5,0.9252,yes,LA_R,LA_R:1,0,1,Review unproofread segment identity using v783 morphology/proofreading,Inspection priority only; absence of released points does not prove biological disconnection
292,720575940629285873,R1-6,right,B_segment_contact,0,0,1,1,0,1,5,0.9252,yes,LA_R,LA_R:1,1,0,Review unproofread segment identity using v783 morphology/proofreading,Inspection priority only; absence of released points does not prove biological disconnection
293,720575940629714793,R1-6,right,B_segment_contact,0,0,1,1,0,1,5,0.9252,yes,LA_R,LA_R:1,1,0,Review unproofread segment identity using v783 morphology/proofreading,Inspection priority only; absence of released points does not prove biological disconnection
294,720575940629854507,R1-6,right,B_segment_contact,0,0,1,1,0,1,5,0.9252,yes,LA_R,LA_R:1,1,0,Review unproofread segment identity using v783 morphology/proofreading,Inspection priority only; absence of released points does not prove biological disconnection
295,720575940630333566,R1-6,right,B_segment_contact,0,0,1,1,0,1,5,0.9252,yes,LA_R,LA_R:1,0,1,Review unproofread segment identity using v783 morphology/proofreading,Inspection priority only; absence of released points does not prove biological disconnection
296,720575940630423418,R1-6,right,B_segment_contact,0,0,1,1,0,1,5,0.9252,yes,LA_R,LA_R:1,0,1,Review unproofread segment identity using v783 morphology/proofreading,Inspection priority only; absence of released points does not prove biological disconnection
297,720575940630485626,R1-6,right,B_segment_contact,0,0,1,1,0,1,5,0.9252,yes,LA_R,LA_R:1,0,1,Review unproofread segment identity using v783 morphology/proofreading,Inspection priority only; absence of released points does not prove biological disconnection
298,720575940631043900,R1-6,right,B_segment_contact,0,0,1,1,0,1,5,0.9252,yes,LA_R,LA_R:1,1,0,Review unproofread segment identity using v783 morphology/proofreading,Inspection priority only; absence of released points does not prove biological disconnection
299,720575940631048812,R1-6,right,B_segment_contact,0,0,1,1,0,1,5,0.9252,yes,LA_R,LA_R:1,0,1,Review unproofread segment identity using v783 morphology/proofreading,Inspection priority only; absence of released points does not prove biological disconnection
300,720575940632083275,R1-6,right,B_segment_contact,0,0,1,1,0,1,5,0.9252,yes,LA_R,LA_R:1,1,0,Review unproofread segment identity using v783 morphology/proofreading,Inspection priority only; absence of released points does not prove biological disconnection
301,720575940632382994,R1-6,right,B_segment_contact,0,0,1,1,0,1,5,0.9252,yes,LA_R,LA_R:1,1,0,Review unproofread segment identity using v783 morphology/proofreading,Inspection priority only; absence of released points does not prove biological disconnection
302,720575940633188492,R1-6,right,B_segment_contact,0,0,1,1,0,1,5,0.9252,yes,LA_R,LA_R:1,0,1,Review unproofread segment identity using v783 morphology/proofreading,Inspection priority only; absence of released points does not prove biological disconnection
303,720575940633561887,R1-6,right,B_segment_contact,0,0,1,1,0,1,5,0.9252,yes,LA_R,LA_R:1,1,0,Review unproofread segment identity using v783 morphology/proofreading,Inspection priority only; absence of released points does not prove biological disconnection
304,720575940639201508,R1-6,right,B_segment_contact,0,0,1,1,0,1,5,0.9252,yes,LA_R,LA_R:1,0,1,Review unproofread segment identity using v783 morphology/proofreading,Inspection priority only; absence of released points does not prove biological disconnection
305,720575940644276128,R1-6,right,B_segment_contact,0,0,1,1,0,1,5,0.9252,yes,LA_R,LA_R:1,0,1,Review unproofread segment identity using v783 morphology/proofreading,Inspection priority only; absence of released points does not prove biological disconnection
306,720575940645941027,R1-6,right,B_segment_contact,0,0,1,1,0,1,5,0.9252,yes,LA_R,LA_R:1,1,0,Review unproofread segment identity using v783 morphology/proofreading,Inspection priority only; absence of released points does not prove biological disconnection
307,720575940648383364,R1-6,right,B_segment_contact,0,0,1,1,0,1,5,0.9252,yes,LA_R,LA_R:1,1,0,Review unproofread segment identity using v783 morphology/proofreading,Inspection priority only; absence of released points does not prove biological disconnection
308,720575940606245822,R1-6,left,B_segment_contact,0,0,1,1,0,1,5,0.6048,yes,LA_L,LA_L:1,1,0,Review unproofread segment identity using v783 morphology/proofreading,Inspection priority only; absence of released points does not prove biological disconnection
309,720575940608224178,R1-6,left,B_segment_contact,0,0,1,1,0,1,5,0.6048,yes,LA_L,LA_L:1,1,0,Review unproofread segment identity using v783 morphology/proofreading,Inspection priority only; absence of released points does not prove biological disconnection
310,720575940615103998,R1-6,left,B_segment_contact,0,0,1,1,0,1,5,0.6048,yes,LA_L,LA_L:1,0,1,Review unproofread segment identity using v783 morphology/proofreading,Inspection priority only; absence of released points does not prove biological disconnection
311,720575940620236593,R1-6,left,B_segment_contact,0,0,1,1,0,1,5,0.6048,yes,LA_L,LA_L:1,1,0,Review unproofread segment identity using v783 morphology/proofreading,Inspection priority only; absence of released points does not prove biological disconnection
312,720575940620665680,R1-6,left,B_segment_contact,0,0,1,1,0,1,5,0.6048,yes,LA_L,LA_L:1,0,1,Review unproofread segment identity using v783 morphology/proofreading,Inspection priority only; absence of released points does not prove biological disconnection
313,720575940621482667,R1-6,left,B_segment_contact,0,0,1,1,0,1,5,0.6048,yes,None,None:1,1,0,Review unproofread segment identity using v783 morphology/proofreading,Inspection priority only; absence of released points does not prove biological disconnection
314,720575940621526510,R1-6,left,B_segment_contact,0,0,1,1,0,1,5,0.6048,yes,LA_L,LA_L:1,0,1,Review unproofread segment identity using v783 morphology/proofreading,Inspection priority only; absence of released points does not prove biological disconnection
315,720575940621687489,R1-6,left,B_segment_contact,0,0,1,1,0,1,5,0.6048,yes,LA_L,LA_L:1,1,0,Review unproofread segment identity using v783 morphology/proofreading,Inspection priority only; absence of released points does not prove biological disconnection
316,720575940623347414,R1-6,left,B_segment_contact,0,0,1,1,0,1,5,0.6048,yes,LA_L,LA_L:1,0,1,Review unproofread segment identity using v783 morphology/proofreading,Inspection priority only; absence of released points does not prove biological disconnection
317,720575940627098942,R1-6,left,B_segment_contact,0,0,1,1,0,1,5,0.6048,yes,LA_L,LA_L:1,1,0,Review unproofread segment identity using v783 morphology/proofreading,Inspection priority only; absence of released points does not prove biological disconnection
318,720575940628388936,R1-6,left,B_segment_contact,0,0,1,1,0,1,5,0.6048,yes,LA_L,LA_L:1,1,0,Review unproofread segment identity using v783 morphology/proofreading,Inspection priority only; absence of released points does not prove biological disconnection
319,720575940628893514,R1-6,left,B_segment_contact,0,0,1,1,0,1,5,0.6048,yes,LA_L,LA_L:1,0,1,Review unproofread segment identity using v783 morphology/proofreading,Inspection priority only; absence of released points does not prove biological disconnection
320,720575940628955722,R1-6,left,B_segment_contact,0,0,1,1,0,1,5,0.6048,yes,LA_L,LA_L:1,0,1,Review unproofread segment identity using v783 morphology/proofreading,Inspection priority only; absence of released points does not prove biological disconnection
321,720575940632687672,R1-6,left,B_segment_contact,0,0,1,1,0,1,5,0.6048,yes,LA_L,LA_L:1,1,0,Review unproofread segment identity using v783 morphology/proofreading,Inspection priority only; absence of released points does not prove biological disconnection
322,720575940623325993,JO-E,right,B_segment_contact,0,0,1,1,0,1,5,0.6758,no,AMMC_R,AMMC_R:1,1,0,Review unproofread segment identity using v783 morphology/proofreading,Inspection priority only; absence of released points does not prove biological disconnection
323,720575940616042508,JO-B,left,B_segment_contact,0,0,1,1,0,1,5,0.3511,no,AMMC_L,AMMC_L:1,1,0,Review unproofread segment identity using v783 morphology/proofreading,Inspection priority only; absence of released points does not prove biological disconnection
324,720575940606375772,,left,B_segment_contact,0,0,1,1,0,1,0,0,no,GNG,GNG:1,0,1,Review unproofread segment identity using v783 morphology/proofreading,Inspection priority only; absence of released points does not prove biological disconnection
325,720575940612137895,,left,B_segment_contact,0,0,1,1,0,1,0,0,no,GNG,GNG:1,0,1,Review unproofread segment identity using v783 morphology/proofreading,Inspection priority only; absence of released points does not prove biological disconnection
326,720575940612294311,AN_GNG_90,left,B_segment_contact,0,0,1,1,0,1,0,0,no,GNG,GNG:1,0,1,Review unproofread segment identity using v783 morphology/proofreading,Inspection priority only; absence of released points does not prove biological disconnection
327,720575940613878459,,right,B_segment_contact,0,0,1,1,0,1,0,0,no,GNG,GNG:1,1,0,Review unproofread segment identity using v783 morphology/proofreading,Inspection priority only; absence of released points does not prove biological disconnection
328,720575940614957115,,left,B_segment_contact,0,0,1,1,0,1,0,0,no,GNG,GNG:1,0,1,Review unproofread segment identity using v783 morphology/proofreading,Inspection priority only; absence of released points does not prove biological disconnection
329,720575940620785869,,left,B_segment_contact,0,0,1,1,0,1,0,0,no,GNG,GNG:1,1,0,Review unproofread segment identity using v783 morphology/proofreading,Inspection priority only; absence of released points does not prove biological disconnection
330,720575940621294218,DNge061,left,B_segment_contact,0,0,1,1,0,1,0,0,no,GNG,GNG:1,0,1,Review unproofread segment identity using v783 morphology/proofreading,Inspection priority only; absence of released points does not prove biological disconnection
331,720575940623758669,,left,B_segment_contact,0,0,1,1,0,1,0,0,no,GNG,GNG:1,0,1,Review unproofread segment identity using v783 morphology/proofreading,Inspection priority only; absence of released points does not prove biological disconnection
332,720575940625652879,,left,B_segment_contact,0,0,1,1,0,1,0,0,no,GNG,GNG:1,1,0,Review unproofread segment identity using v783 morphology/proofreading,Inspection priority only; absence of released points does not prove biological disconnection
333,720575940626702159,,left,B_segment_contact,0,0,1,1,0,1,0,0,no,GNG,GNG:1,1,0,Review unproofread segment identity using v783 morphology/proofreading,Inspection priority only; absence of released points does not prove biological disconnection
334,720575940628335611,,left,B_segment_contact,0,0,1,1,0,1,0,0,no,GNG,GNG:1,0,1,Review unproofread segment identity using v783 morphology/proofreading,Inspection priority only; absence of released points does not prove biological disconnection
335,720575940635609975,,right,B_segment_contact,0,0,1,1,0,1,0,0,no,AL_R,AL_R:1,1,0,Review unproofread segment identity using v783 morphology/proofreading,Inspection priority only; absence of released points does not prove biological disconnection
336,720575940639166197,,left,B_segment_contact,0,0,1,1,0,1,0,0,no,GNG,GNG:1,1,0,Review unproofread segment identity using v783 morphology/proofreading,Inspection priority only; absence of released points does not prove biological disconnection
337,720575940607773314,R1-6,right,C_type_only,0,0,0,0,0,0,5,0.9252,yes,,,0,0,Search same-type anatomy; no released contact for this root,Inspection priority only; absence of released points does not prove biological disconnection
338,720575940608078345,R1-6,right,C_type_only,0,0,0,0,0,0,5,0.9252,yes,,,0,0,Search same-type anatomy; no released contact for this root,Inspection priority only; absence of released points does not prove biological disconnection
339,720575940609016668,R1-6,right,C_type_only,0,0,0,0,0,0,5,0.9252,yes,,,0,0,Search same-type anatomy; no released contact for this root,Inspection priority only; absence of released points does not prove biological disconnection
340,720575940609485579,R1-6,right,C_type_only,0,0,0,0,0,0,5,0.9252,yes,,,0,0,Search same-type anatomy; no released contact for this root,Inspection priority only; absence of released points does not prove biological disconnection
341,720575940611550840,R1-6,right,C_type_only,0,0,0,0,0,0,5,0.9252,yes,,,0,0,Search same-type anatomy; no released contact for this root,Inspection priority only; absence of released points does not prove biological disconnection
342,720575940612735194,R1-6,right,C_type_only,0,0,0,0,0,0,5,0.9252,yes,,,0,0,Search same-type anatomy; no released contact for this root,Inspection priority only; absence of released points does not prove biological disconnection
343,720575940612839793,R1-6,right,C_type_only,0,0,0,0,0,0,5,0.9252,yes,,,0,0,Search same-type anatomy; no released contact for this root,Inspection priority only; absence of released points does not prove biological disconnection
344,720575940612899763,R1-6,right,C_type_only,0,0,0,0,0,0,5,0.9252,yes,,,0,0,Search same-type anatomy; no released contact for this root,Inspection priority only; absence of released points does not prove biological disconnection
345,720575940612943066,R1-6,right,C_type_only,0,0,0,0,0,0,5,0.9252,yes,,,0,0,Search same-type anatomy; no released contact for this root,Inspection priority only; absence of released points does not prove biological disconnection
346,720575940612947635,R1-6,right,C_type_only,0,0,0,0,0,0,5,0.9252,yes,,,0,0,Search same-type anatomy; no released contact for this root,Inspection priority only; absence of released points does not prove biological disconnection
347,720575940613474474,R1-6,right,C_type_only,0,0,0,0,0,0,5,0.9252,yes,,,0,0,Search same-type anatomy; no released contact for this root,Inspection priority only; absence of released points does not prove biological disconnection
348,720575940614792623,R1-6,right,C_type_only,0,0,0,0,0,0,5,0.9252,yes,,,0,0,Search same-type anatomy; no released contact for this root,Inspection priority only; absence of released points does not prove biological disconnection
349,720575940614839215,R1-6,right,C_type_only,0,0,0,0,0,0,5,0.9252,yes,,,0,0,Search same-type anatomy; no released contact for this root,Inspection priority only; absence of released points does not prove biological disconnection
350,720575940614928849,R1-6,right,C_type_only,0,0,0,0,0,0,5,0.9252,yes,,,0,0,Search same-type anatomy; no released contact for this root,Inspection priority only; absence of released points does not prove biological disconnection
351,720575940615167742,R1-6,right,C_type_only,0,0,0,0,0,0,5,0.9252,yes,,,0,0,Search same-type anatomy; no released contact for this root,Inspection priority only; absence of released points does not prove biological disconnection
352,720575940615951839,R1-6,right,C_type_only,0,0,0,0,0,0,5,0.9252,yes,,,0,0,Search same-type anatomy; no released contact for this root,Inspection priority only; absence of released points does not prove biological disconnection
353,720575940616346822,R1-6,right,C_type_only,0,0,0,0,0,0,5,0.9252,yes,,,0,0,Search same-type anatomy; no released contact for this root,Inspection priority only; absence of released points does not prove biological disconnection
354,720575940618115289,R1-6,right,C_type_only,0,0,0,0,0,0,5,0.9252,yes,,,0,0,Search same-type anatomy; no released contact for this root,Inspection priority only; absence of released points does not prove biological disconnection
355,720575940618223419,R1-6,right,C_type_only,0,0,0,0,0,0,5,0.9252,yes,,,0,0,Search same-type anatomy; no released contact for this root,Inspection priority only; absence of released points does not prove biological disconnection
356,720575940618437922,R1-6,right,C_type_only,0,0,0,0,0,0,5,0.9252,yes,,,0,0,Search same-type anatomy; no released contact for this root,Inspection priority only; absence of released points does not prove biological disconnection
357,720575940618531618,R1-6,right,C_type_only,0,0,0,0,0,0,5,0.9252,yes,,,0,0,Search same-type anatomy; no released contact for this root,Inspection priority only; absence of released points does not prove biological disconnection
358,720575940618663069,R1-6,right,C_type_only,0,0,0,0,0,0,5,0.9252,yes,,,0,0,Search same-type anatomy; no released contact for this root,Inspection priority only; absence of released points does not prove biological disconnection
359,720575940618712221,R1-6,right,C_type_only,0,0,0,0,0,0,5,0.9252,yes,,,0,0,Search same-type anatomy; no released contact for this root,Inspection priority only; absence of released points does not prove biological disconnection
360,720575940619065664,R1-6,right,C_type_only,0,0,0,0,0,0,5,0.9252,yes,,,0,0,Search same-type anatomy; no released contact for this root,Inspection priority only; absence of released points does not prove biological disconnection
361,720575940619877022,R1-6,right,C_type_only,0,0,0,0,0,0,5,0.9252,yes,,,0,0,Search same-type anatomy; no released contact for this root,Inspection priority only; absence of released points does not prove biological disconnection
362,720575940620232920,R1-6,right,C_type_only,0,0,0,0,0,0,5,0.9252,yes,,,0,0,Search same-type anatomy; no released contact for this root,Inspection priority only; absence of released points does not prove biological disconnection
363,720575940620629553,R1-6,right,C_type_only,0,0,0,0,0,0,5,0.9252,yes,,,0,0,Search same-type anatomy; no released contact for this root,Inspection priority only; absence of released points does not prove biological disconnection
364,720575940620647760,R1-6,right,C_type_only,0,0,0,0,0,0,5,0.9252,yes,,,0,0,Search same-type anatomy; no released contact for this root,Inspection priority only; absence of released points does not prove biological disconnection
365,720575940621090213,R1-6,right,C_type_only,0,0,0,0,0,0,5,0.9252,yes,,,0,0,Search same-type anatomy; no released contact for this root,Inspection priority only; absence of released points does not prove biological disconnection
366,720575940621103269,R1-6,right,C_type_only,0,0,0,0,0,0,5,0.9252,yes,,,0,0,Search same-type anatomy; no released contact for this root,Inspection priority only; absence of released points does not prove biological disconnection
367,720575940621443206,R1-6,right,C_type_only,0,0,0,0,0,0,5,0.9252,yes,,,0,0,Search same-type anatomy; no released contact for this root,Inspection priority only; absence of released points does not prove biological disconnection
368,720575940621489243,R1-6,right,C_type_only,0,0,0,0,0,0,5,0.9252,yes,,,0,0,Search same-type anatomy; no released contact for this root,Inspection priority only; absence of released points does not prove biological disconnection
369,720575940621500070,R1-6,right,C_type_only,0,0,0,0,0,0,5,0.9252,yes,,,0,0,Search same-type anatomy; no released contact for this root,Inspection priority only; absence of released points does not prove biological disconnection
370,720575940621667462,R1-6,right,C_type_only,0,0,0,0,0,0,5,0.9252,yes,,,0,0,Search same-type anatomy; no released contact for this root,Inspection priority only; absence of released points does not prove biological disconnection
371,720575940622029494,R1-6,right,C_type_only,0,0,0,0,0,0,5,0.9252,yes,,,0,0,Search same-type anatomy; no released contact for this root,Inspection priority only; absence of released points does not prove biological disconnection
372,720575940622270273,R1-6,right,C_type_only,0,0,0,0,0,0,5,0.9252,yes,,,0,0,Search same-type anatomy; no released contact for this root,Inspection priority only; absence of released points does not prove biological disconnection
373,720575940622404991,R1-6,right,C_type_only,0,0,0,0,0,0,5,0.9252,yes,,,0,0,Search same-type anatomy; no released contact for this root,Inspection priority only; absence of released points does not prove biological disconnection
374,720575940622545023,R1-6,right,C_type_only,0,0,0,0,0,0,5,0.9252,yes,,,0,0,Search same-type anatomy; no released contact for this root,Inspection priority only; absence of released points does not prove biological disconnection
375,720575940622799137,R1-6,right,C_type_only,0,0,0,0,0,0,5,0.9252,yes,,,0,0,Search same-type anatomy; no released contact for this root,Inspection priority only; absence of released points does not prove biological disconnection
376,720575940622799898,R1-6,right,C_type_only,0,0,0,0,0,0,5,0.9252,yes,,,0,0,Search same-type anatomy; no released contact for this root,Inspection priority only; absence of released points does not prove biological disconnection
377,720575940622918012,R1-6,right,C_type_only,0,0,0,0,0,0,5,0.9252,yes,,,0,0,Search same-type anatomy; no released contact for this root,Inspection priority only; absence of released points does not prove biological disconnection
378,720575940622939998,R1-6,right,C_type_only,0,0,0,0,0,0,5,0.9252,yes,,,0,0,Search same-type anatomy; no released contact for this root,Inspection priority only; absence of released points does not prove biological disconnection
379,720575940623239133,R1-6,right,C_type_only,0,0,0,0,0,0,5,0.9252,yes,,,0,0,Search same-type anatomy; no released contact for this root,Inspection priority only; absence of released points does not prove biological disconnection
380,720575940623770637,R1-6,right,C_type_only,0,0,0,0,0,0,5,0.9252,yes,,,0,0,Search same-type anatomy; no released contact for this root,Inspection priority only; absence of released points does not prove biological disconnection
381,720575940624139305,R1-6,right,C_type_only,0,0,0,0,0,0,5,0.9252,yes,,,0,0,Search same-type anatomy; no released contact for this root,Inspection priority only; absence of released points does not prove biological disconnection
382,720575940624141508,R1-6,right,C_type_only,0,0,0,0,0,0,5,0.9252,yes,,,0,0,Search same-type anatomy; no released contact for this root,Inspection priority only; absence of released points does not prove biological disconnection
383,720575940624870217,R1-6,right,C_type_only,0,0,0,0,0,0,5,0.9252,yes,,,0,0,Search same-type anatomy; no released contact for this root,Inspection priority only; absence of released points does not prove biological disconnection
384,720575940624956139,R1-6,right,C_type_only,0,0,0,0,0,0,5,0.9252,yes,,,0,0,Search same-type anatomy; no released contact for this root,Inspection priority only; absence of released points does not prove biological disconnection
385,720575940625113015,R1-6,right,C_type_only,0,0,0,0,0,0,5,0.9252,yes,,,0,0,Search same-type anatomy; no released contact for this root,Inspection priority only; absence of released points does not prove biological disconnection
386,720575940625125640,R1-6,right,C_type_only,0,0,0,0,0,0,5,0.9252,yes,,,0,0,Search same-type anatomy; no released contact for this root,Inspection priority only; absence of released points does not prove biological disconnection
387,720575940625717747,R1-6,right,C_type_only,0,0,0,0,0,0,5,0.9252,yes,,,0,0,Search same-type anatomy; no released contact for this root,Inspection priority only; absence of released points does not prove biological disconnection
388,720575940626585744,R1-6,right,C_type_only,0,0,0,0,0,0,5,0.9252,yes,,,0,0,Search same-type anatomy; no released contact for this root,Inspection priority only; absence of released points does not prove biological disconnection
389,720575940627138306,R1-6,right,C_type_only,0,0,0,0,0,0,5,0.9252,yes,,,0,0,Search same-type anatomy; no released contact for this root,Inspection priority only; absence of released points does not prove biological disconnection
390,720575940627855768,R1-6,right,C_type_only,0,0,0,0,0,0,5,0.9252,yes,,,0,0,Search same-type anatomy; no released contact for this root,Inspection priority only; absence of released points does not prove biological disconnection
391,720575940627873299,R1-6,right,C_type_only,0,0,0,0,0,0,5,0.9252,yes,,,0,0,Search same-type anatomy; no released contact for this root,Inspection priority only; absence of released points does not prove biological disconnection
392,720575940628054397,R1-6,right,C_type_only,0,0,0,0,0,0,5,0.9252,yes,,,0,0,Search same-type anatomy; no released contact for this root,Inspection priority only; absence of released points does not prove biological disconnection
393,720575940628131130,R1-6,right,C_type_only,0,0,0,0,0,0,5,0.9252,yes,,,0,0,Search same-type anatomy; no released contact for this root,Inspection priority only; absence of released points does not prove biological disconnection
394,720575940628522152,R1-6,right,C_type_only,0,0,0,0,0,0,5,0.9252,yes,,,0,0,Search same-type anatomy; no released contact for this root,Inspection priority only; absence of released points does not prove biological disconnection
395,720575940628789064,R1-6,right,C_type_only,0,0,0,0,0,0,5,0.9252,yes,,,0,0,Search same-type anatomy; no released contact for this root,Inspection priority only; absence of released points does not prove biological disconnection
396,720575940629377641,R1-6,right,C_type_only,0,0,0,0,0,0,5,0.9252,yes,,,0,0,Search same-type anatomy; no released contact for this root,Inspection priority only; absence of released points does not prove biological disconnection
397,720575940629499395,R1-6,right,C_type_only,0,0,0,0,0,0,5,0.9252,yes,,,0,0,Search same-type anatomy; no released contact for this root,Inspection priority only; absence of released points does not prove biological disconnection
398,720575940630351554,R1-6,right,C_type_only,0,0,0,0,0,0,5,0.9252,yes,,,0,0,Search same-type anatomy; no released contact for this root,Inspection priority only; absence of released points does not prove biological disconnection
399,720575940630871260,R1-6,right,C_type_only,0,0,0,0,0,0,5,0.9252,yes,,,0,0,Search same-type anatomy; no released contact for this root,Inspection priority only; absence of released points does not prove biological disconnection
400,720575940631186550,R1-6,right,C_type_only,0,0,0,0,0,0,5,0.9252,yes,,,0,0,Search same-type anatomy; no released contact for this root,Inspection priority only; absence of released points does not prove biological disconnection
401,720575940631286636,R1-6,right,C_type_only,0,0,0,0,0,0,5,0.9252,yes,,,0,0,Search same-type anatomy; no released contact for this root,Inspection priority only; absence of released points does not prove biological disconnection
402,720575940631301883,R1-6,right,C_type_only,0,0,0,0,0,0,5,0.9252,yes,,,0,0,Search same-type anatomy; no released contact for this root,Inspection priority only; absence of released points does not prove biological disconnection
403,720575940631647173,R1-6,right,C_type_only,0,0,0,0,0,0,5,0.9252,yes,,,0,0,Search same-type anatomy; no released contact for this root,Inspection priority only; absence of released points does not prove biological disconnection
404,720575940631750095,R1-6,right,C_type_only,0,0,0,0,0,0,5,0.9252,yes,,,0,0,Search same-type anatomy; no released contact for this root,Inspection priority only; absence of released points does not prove biological disconnection
405,720575940631845839,R1-6,right,C_type_only,0,0,0,0,0,0,5,0.9252,yes,,,0,0,Search same-type anatomy; no released contact for this root,Inspection priority only; absence of released points does not prove biological disconnection
406,720575940632189970,R1-6,right,C_type_only,0,0,0,0,0,0,5,0.9252,yes,,,0,0,Search same-type anatomy; no released contact for this root,Inspection priority only; absence of released points does not prove biological disconnection
407,720575940632581945,R1-6,right,C_type_only,0,0,0,0,0,0,5,0.9252,yes,,,0,0,Search same-type anatomy; no released contact for this root,Inspection priority only; absence of released points does not prove biological disconnection
408,720575940633176351,R1-6,right,C_type_only,0,0,0,0,0,0,5,0.9252,yes,,,0,0,Search same-type anatomy; no released contact for this root,Inspection priority only; absence of released points does not prove biological disconnection
409,720575940633773523,R1-6,right,C_type_only,0,0,0,0,0,0,5,0.9252,yes,,,0,0,Search same-type anatomy; no released contact for this root,Inspection priority only; absence of released points does not prove biological disconnection
410,720575940635168407,R1-6,right,C_type_only,0,0,0,0,0,0,5,0.9252,yes,,,0,0,Search same-type anatomy; no released contact for this root,Inspection priority only; absence of released points does not prove biological disconnection
411,720575940635516058,R1-6,right,C_type_only,0,0,0,0,0,0,5,0.9252,yes,,,0,0,Search same-type anatomy; no released contact for this root,Inspection priority only; absence of released points does not prove biological disconnection
412,720575940635677887,R1-6,right,C_type_only,0,0,0,0,0,0,5,0.9252,yes,,,0,0,Search same-type anatomy; no released contact for this root,Inspection priority only; absence of released points does not prove biological disconnection
413,720575940636307960,R1-6,right,C_type_only,0,0,0,0,0,0,5,0.9252,yes,,,0,0,Search same-type anatomy; no released contact for this root,Inspection priority only; absence of released points does not prove biological disconnection
414,720575940636401400,R1-6,right,C_type_only,0,0,0,0,0,0,5,0.9252,yes,,,0,0,Search same-type anatomy; no released contact for this root,Inspection priority only; absence of released points does not prove biological disconnection
415,720575940637514414,R1-6,right,C_type_only,0,0,0,0,0,0,5,0.9252,yes,,,0,0,Search same-type anatomy; no released contact for this root,Inspection priority only; absence of released points does not prove biological disconnection
416,720575940638616922,R1-6,right,C_type_only,0,0,0,0,0,0,5,0.9252,yes,,,0,0,Search same-type anatomy; no released contact for this root,Inspection priority only; absence of released points does not prove biological disconnection
417,720575940638921700,R1-6,right,C_type_only,0,0,0,0,0,0,5,0.9252,yes,,,0,0,Search same-type anatomy; no released contact for this root,Inspection priority only; absence of released points does not prove biological disconnection
418,720575940643034765,R1-6,right,C_type_only,0,0,0,0,0,0,5,0.9252,yes,,,0,0,Search same-type anatomy; no released contact for this root,Inspection priority only; absence of released points does not prove biological disconnection
419,720575940645991278,R1-6,right,C_type_only,0,0,0,0,0,0,5,0.9252,yes,,,0,0,Search same-type anatomy; no released contact for this root,Inspection priority only; absence of released points does not prove biological disconnection
420,720575940646459502,R1-6,right,C_type_only,0,0,0,0,0,0,5,0.9252,yes,,,0,0,Search same-type anatomy; no released contact for this root,Inspection priority only; absence of released points does not prove biological disconnection
421,720575940647229219,R1-6,right,C_type_only,0,0,0,0,0,0,5,0.9252,yes,,,0,0,Search same-type anatomy; no released contact for this root,Inspection priority only; absence of released points does not prove biological disconnection
422,720575940655596193,R1-6,right,C_type_only,0,0,0,0,0,0,5,0.9252,yes,,,0,0,Search same-type anatomy; no released contact for this root,Inspection priority only; absence of released points does not prove biological disconnection
423,720575940613587609,R8,right,C_type_only,0,0,0,0,0,0,5,0.9059,yes,,,0,0,Search same-type anatomy; no released contact for this root,Inspection priority only; absence of released points does not prove biological disconnection
424,720575940648702084,R8,right,C_type_only,0,0,0,0,0,0,5,0.9059,yes,,,0,0,Search same-type anatomy; no released contact for this root,Inspection priority only; absence of released points does not prove biological disconnection
425,720575940609703179,R7,right,C_type_only,0,0,0,0,0,0,5,0.8625,yes,,,0,0,Search same-type anatomy; no released contact for this root,Inspection priority only; absence of released points does not prove biological disconnection
426,720575940609622281,R8,left,C_type_only,0,0,0,0,0,0,5,0.7933,yes,,,0,0,Search same-type anatomy; no released contact for this root,Inspection priority only; absence of released points does not prove biological disconnection
427,720575940614218989,R8,left,C_type_only,0,0,0,0,0,0,5,0.7933,yes,,,0,0,Search same-type anatomy; no released contact for this root,Inspection priority only; absence of released points does not prove biological disconnection
428,720575940616413382,R7,left,C_type_only,0,0,0,0,0,0,5,0.6318,yes,,,0,0,Search same-type anatomy; no released contact for this root,Inspection priority only; absence of released points does not prove biological disconnection
429,720575940606007280,R1-6,left,C_type_only,0,0,0,0,0,0,5,0.6048,yes,,,0,0,Search same-type anatomy; no released contact for this root,Inspection priority only; absence of released points does not prove biological disconnection
430,720575940606022128,R1-6,left,C_type_only,0,0,0,0,0,0,5,0.6048,yes,,,0,0,Search same-type anatomy; no released contact for this root,Inspection priority only; absence of released points does not prove biological disconnection
431,720575940606180896,R1-6,left,C_type_only,0,0,0,0,0,0,5,0.6048,yes,,,0,0,Search same-type anatomy; no released contact for this root,Inspection priority only; absence of released points does not prove biological disconnection
432,720575940606872816,R1-6,left,C_type_only,0,0,0,0,0,0,5,0.6048,yes,,,0,0,Search same-type anatomy; no released contact for this root,Inspection priority only; absence of released points does not prove biological disconnection
433,720575940608903260,R1-6,left,C_type_only,0,0,0,0,0,0,5,0.6048,yes,,,0,0,Search same-type anatomy; no released contact for this root,Inspection priority only; absence of released points does not prove biological disconnection
434,720575940608989276,R1-6,left,C_type_only,0,0,0,0,0,0,5,0.6048,yes,,,0,0,Search same-type anatomy; no released contact for this root,Inspection priority only; absence of released points does not prove biological disconnection
435,720575940609221900,R1-6,left,C_type_only,0,0,0,0,0,0,5,0.6048,yes,,,0,0,Search same-type anatomy; no released contact for this root,Inspection priority only; absence of released points does not prove biological disconnection
436,720575940609518091,R1-6,left,C_type_only,0,0,0,0,0,0,5,0.6048,yes,,,0,0,Search same-type anatomy; no released contact for this root,Inspection priority only; absence of released points does not prove biological disconnection
437,720575940609970371,R1-6,left,C_type_only,0,0,0,0,0,0,5,0.6048,yes,,,0,0,Search same-type anatomy; no released contact for this root,Inspection priority only; absence of released points does not prove biological disconnection
438,720575940609972675,R1-6,left,C_type_only,0,0,0,0,0,0,5,0.6048,yes,,,0,0,Search same-type anatomy; no released contact for this root,Inspection priority only; absence of released points does not prove biological disconnection
439,720575940610004675,R1-6,left,C_type_only,0,0,0,0,0,0,5,0.6048,yes,,,0,0,Search same-type anatomy; no released contact for this root,Inspection priority only; absence of released points does not prove biological disconnection
440,720575940610188669,R1-6,left,C_type_only,0,0,0,0,0,0,5,0.6048,yes,,,0,0,Search same-type anatomy; no released contact for this root,Inspection priority only; absence of released points does not prove biological disconnection
441,720575940612706778,R1-6,left,C_type_only,0,0,0,0,0,0,5,0.6048,yes,,,0,0,Search same-type anatomy; no released contact for this root,Inspection priority only; absence of released points does not prove biological disconnection
442,720575940612910578,R1-6,left,C_type_only,0,0,0,0,0,0,5,0.6048,yes,,,0,0,Search same-type anatomy; no released contact for this root,Inspection priority only; absence of released points does not prove biological disconnection
443,720575940613270642,R1-6,left,C_type_only,0,0,0,0,0,0,5,0.6048,yes,,,0,0,Search same-type anatomy; no released contact for this root,Inspection priority only; absence of released points does not prove biological disconnection
444,720575940614194925,R1-6,left,C_type_only,0,0,0,0,0,0,5,0.6048,yes,,,0,0,Search same-type anatomy; no released contact for this root,Inspection priority only; absence of released points does not prove biological disconnection
445,720575940614199789,R1-6,left,C_type_only,0,0,0,0,0,0,5,0.6048,yes,,,0,0,Search same-type anatomy; no released contact for this root,Inspection priority only; absence of released points does not prove biological disconnection
446,720575940614309736,R1-6,left,C_type_only,0,0,0,0,0,0,5,0.6048,yes,,,0,0,Search same-type anatomy; no released contact for this root,Inspection priority only; absence of released points does not prove biological disconnection
447,720575940614634927,R1-6,left,C_type_only,0,0,0,0,0,0,5,0.6048,yes,,,0,0,Search same-type anatomy; no released contact for this root,Inspection priority only; absence of released points does not prove biological disconnection
448,720575940614641000,R1-6,left,C_type_only,0,0,0,0,0,0,5,0.6048,yes,,,0,0,Search same-type anatomy; no released contact for this root,Inspection priority only; absence of released points does not prove biological disconnection
449,720575940614951377,R1-6,left,C_type_only,0,0,0,0,0,0,5,0.6048,yes,,,0,0,Search same-type anatomy; no released contact for this root,Inspection priority only; absence of released points does not prove biological disconnection
450,720575940615196839,R1-6,left,C_type_only,0,0,0,0,0,0,5,0.6048,yes,,,0,0,Search same-type anatomy; no released contact for this root,Inspection priority only; absence of released points does not prove biological disconnection
451,720575940615556498,R1-6,left,C_type_only,0,0,0,0,0,0,5,0.6048,yes,,,0,0,Search same-type anatomy; no released contact for this root,Inspection priority only; absence of released points does not prove biological disconnection
452,720575940615642786,R1-6,left,C_type_only,0,0,0,0,0,0,5,0.6048,yes,,,0,0,Search same-type anatomy; no released contact for this root,Inspection priority only; absence of released points does not prove biological disconnection
453,720575940615905247,R1-6,left,C_type_only,0,0,0,0,0,0,5,0.6048,yes,,,0,0,Search same-type anatomy; no released contact for this root,Inspection priority only; absence of released points does not prove biological disconnection
454,720575940615957215,R1-6,left,C_type_only,0,0,0,0,0,0,5,0.6048,yes,,,0,0,Search same-type anatomy; no released contact for this root,Inspection priority only; absence of released points does not prove biological disconnection
455,720575940616172866,R1-6,left,C_type_only,0,0,0,0,0,0,5,0.6048,yes,,,0,0,Search same-type anatomy; no released contact for this root,Inspection priority only; absence of released points does not prove biological disconnection
456,720575940616173122,R1-6,left,C_type_only,0,0,0,0,0,0,5,0.6048,yes,,,0,0,Search same-type anatomy; no released contact for this root,Inspection priority only; absence of released points does not prove biological disconnection
457,720575940616206658,R1-6,left,C_type_only,0,0,0,0,0,0,5,0.6048,yes,,,0,0,Search same-type anatomy; no released contact for this root,Inspection priority only; absence of released points does not prove biological disconnection
458,720575940616207170,R1-6,left,C_type_only,0,0,0,0,0,0,5,0.6048,yes,,,0,0,Search same-type anatomy; no released contact for this root,Inspection priority only; absence of released points does not prove biological disconnection
459,720575940617211253,R1-6,left,C_type_only,0,0,0,0,0,0,5,0.6048,yes,,,0,0,Search same-type anatomy; no released contact for this root,Inspection priority only; absence of released points does not prove biological disconnection
460,720575940618065501,R1-6,left,C_type_only,0,0,0,0,0,0,5,0.6048,yes,,,0,0,Search same-type anatomy; no released contact for this root,Inspection priority only; absence of released points does not prove biological disconnection
461,720575940618071481,R1-6,left,C_type_only,0,0,0,0,0,0,5,0.6048,yes,,,0,0,Search same-type anatomy; no released contact for this root,Inspection priority only; absence of released points does not prove biological disconnection
462,720575940618204390,R1-6,left,C_type_only,0,0,0,0,0,0,5,0.6048,yes,,,0,0,Search same-type anatomy; no released contact for this root,Inspection priority only; absence of released points does not prove biological disconnection
463,720575940618464925,R1-6,left,C_type_only,0,0,0,0,0,0,5,0.6048,yes,,,0,0,Search same-type anatomy; no released contact for this root,Inspection priority only; absence of released points does not prove biological disconnection
464,720575940618725147,R1-6,left,C_type_only,0,0,0,0,0,0,5,0.6048,yes,,,0,0,Search same-type anatomy; no released contact for this root,Inspection priority only; absence of released points does not prove biological disconnection
465,720575940618728475,R1-6,left,C_type_only,0,0,0,0,0,0,5,0.6048,yes,,,0,0,Search same-type anatomy; no released contact for this root,Inspection priority only; absence of released points does not prove biological disconnection
466,720575940620238296,R1-6,left,C_type_only,0,0,0,0,0,0,5,0.6048,yes,,,0,0,Search same-type anatomy; no released contact for this root,Inspection priority only; absence of released points does not prove biological disconnection
467,720575940620476363,R1-6,left,C_type_only,0,0,0,0,0,0,5,0.6048,yes,,,0,0,Search same-type anatomy; no released contact for this root,Inspection priority only; absence of released points does not prove biological disconnection
468,720575940620488784,R1-6,left,C_type_only,0,0,0,0,0,0,5,0.6048,yes,,,0,0,Search same-type anatomy; no released contact for this root,Inspection priority only; absence of released points does not prove biological disconnection
469,720575940620562517,R1-6,left,C_type_only,0,0,0,0,0,0,5,0.6048,yes,,,0,0,Search same-type anatomy; no released contact for this root,Inspection priority only; absence of released points does not prove biological disconnection
470,720575940620562773,R1-6,left,C_type_only,0,0,0,0,0,0,5,0.6048,yes,,,0,0,Search same-type anatomy; no released contact for this root,Inspection priority only; absence of released points does not prove biological disconnection
471,720575940620568405,R1-6,left,C_type_only,0,0,0,0,0,0,5,0.6048,yes,,,0,0,Search same-type anatomy; no released contact for this root,Inspection priority only; absence of released points does not prove biological disconnection
472,720575940620881829,R1-6,left,C_type_only,0,0,0,0,0,0,5,0.6048,yes,,,0,0,Search same-type anatomy; no released contact for this root,Inspection priority only; absence of released points does not prove biological disconnection
473,720575940620885157,R1-6,left,C_type_only,0,0,0,0,0,0,5,0.6048,yes,,,0,0,Search same-type anatomy; no released contact for this root,Inspection priority only; absence of released points does not prove biological disconnection
474,720575940620886181,R1-6,left,C_type_only,0,0,0,0,0,0,5,0.6048,yes,,,0,0,Search same-type anatomy; no released contact for this root,Inspection priority only; absence of released points does not prove biological disconnection
475,720575940620886693,R1-6,left,C_type_only,0,0,0,0,0,0,5,0.6048,yes,,,0,0,Search same-type anatomy; no released contact for this root,Inspection priority only; absence of released points does not prove biological disconnection
476,720575940620909332,R1-6,left,C_type_only,0,0,0,0,0,0,5,0.6048,yes,,,0,0,Search same-type anatomy; no released contact for this root,Inspection priority only; absence of released points does not prove biological disconnection
477,720575940621323247,R1-6,left,C_type_only,0,0,0,0,0,0,5,0.6048,yes,,,0,0,Search same-type anatomy; no released contact for this root,Inspection priority only; absence of released points does not prove biological disconnection
478,720575940621817409,R1-6,left,C_type_only,0,0,0,0,0,0,5,0.6048,yes,,,0,0,Search same-type anatomy; no released contact for this root,Inspection priority only; absence of released points does not prove biological disconnection
479,720575940621855920,R1-6,left,C_type_only,0,0,0,0,0,0,5,0.6048,yes,,,0,0,Search same-type anatomy; no released contact for this root,Inspection priority only; absence of released points does not prove biological disconnection
480,720575940621884854,R1-6,left,C_type_only,0,0,0,0,0,0,5,0.6048,yes,,,0,0,Search same-type anatomy; no released contact for this root,Inspection priority only; absence of released points does not prove biological disconnection
481,720575940622132656,R1-6,left,C_type_only,0,0,0,0,0,0,5,0.6048,yes,,,0,0,Search same-type anatomy; no released contact for this root,Inspection priority only; absence of released points does not prove biological disconnection
482,720575940622339967,R1-6,left,C_type_only,0,0,0,0,0,0,5,0.6048,yes,,,0,0,Search same-type anatomy; no released contact for this root,Inspection priority only; absence of released points does not prove biological disconnection
483,720575940622406896,R1-6,left,C_type_only,0,0,0,0,0,0,5,0.6048,yes,,,0,0,Search same-type anatomy; no released contact for this root,Inspection priority only; absence of released points does not prove biological disconnection
484,720575940622433524,R1-6,left,C_type_only,0,0,0,0,0,0,5,0.6048,yes,,,0,0,Search same-type anatomy; no released contact for this root,Inspection priority only; absence of released points does not prove biological disconnection
485,720575940622549342,R1-6,left,C_type_only,0,0,0,0,0,0,5,0.6048,yes,,,0,0,Search same-type anatomy; no released contact for this root,Inspection priority only; absence of released points does not prove biological disconnection
486,720575940622550878,R1-6,left,C_type_only,0,0,0,0,0,0,5,0.6048,yes,,,0,0,Search same-type anatomy; no released contact for this root,Inspection priority only; absence of released points does not prove biological disconnection
487,720575940622638430,R1-6,left,C_type_only,0,0,0,0,0,0,5,0.6048,yes,,,0,0,Search same-type anatomy; no released contact for this root,Inspection priority only; absence of released points does not prove biological disconnection
488,720575940622640990,R1-6,left,C_type_only,0,0,0,0,0,0,5,0.6048,yes,,,0,0,Search same-type anatomy; no released contact for this root,Inspection priority only; absence of released points does not prove biological disconnection
489,720575940622643806,R1-6,left,C_type_only,0,0,0,0,0,0,5,0.6048,yes,,,0,0,Search same-type anatomy; no released contact for this root,Inspection priority only; absence of released points does not prove biological disconnection
490,720575940622662170,R1-6,left,C_type_only,0,0,0,0,0,0,5,0.6048,yes,,,0,0,Search same-type anatomy; no released contact for this root,Inspection priority only; absence of released points does not prove biological disconnection
491,720575940622879521,R1-6,left,C_type_only,0,0,0,0,0,0,5,0.6048,yes,,,0,0,Search same-type anatomy; no released contact for this root,Inspection priority only; absence of released points does not prove biological disconnection
492,720575940623337507,R1-6,left,C_type_only,0,0,0,0,0,0,5,0.6048,yes,,,0,0,Search same-type anatomy; no released contact for this root,Inspection priority only; absence of released points does not prove biological disconnection
493,720575940623343139,R1-6,left,C_type_only,0,0,0,0,0,0,5,0.6048,yes,,,0,0,Search same-type anatomy; no released contact for this root,Inspection priority only; absence of released points does not prove biological disconnection
494,720575940623400216,R1-6,left,C_type_only,0,0,0,0,0,0,5,0.6048,yes,,,0,0,Search same-type anatomy; no released contact for this root,Inspection priority only; absence of released points does not prove biological disconnection
495,720575940623518051,R1-6,left,C_type_only,0,0,0,0,0,0,5,0.6048,yes,,,0,0,Search same-type anatomy; no released contact for this root,Inspection priority only; absence of released points does not prove biological disconnection
496,720575940623518819,R1-6,left,C_type_only,0,0,0,0,0,0,5,0.6048,yes,,,0,0,Search same-type anatomy; no released contact for this root,Inspection priority only; absence of released points does not prove biological disconnection
497,720575940623522147,R1-6,left,C_type_only,0,0,0,0,0,0,5,0.6048,yes,,,0,0,Search same-type anatomy; no released contact for this root,Inspection priority only; absence of released points does not prove biological disconnection
498,720575940623694104,R1-6,left,C_type_only,0,0,0,0,0,0,5,0.6048,yes,,,0,0,Search same-type anatomy; no released contact for this root,Inspection priority only; absence of released points does not prove biological disconnection
499,720575940623710232,R1-6,left,C_type_only,0,0,0,0,0,0,5,0.6048,yes,,,0,0,Search same-type anatomy; no released contact for this root,Inspection priority only; absence of released points does not prove biological disconnection
500,720575940623823240,R1-6,left,C_type_only,0,0,0,0,0,0,5,0.6048,yes,,,0,0,Search same-type anatomy; no released contact for this root,Inspection priority only; absence of released points does not prove biological disconnection
501,720575940623825544,R1-6,left,C_type_only,0,0,0,0,0,0,5,0.6048,yes,,,0,0,Search same-type anatomy; no released contact for this root,Inspection priority only; absence of released points does not prove biological disconnection
502,720575940623866248,R1-6,left,C_type_only,0,0,0,0,0,0,5,0.6048,yes,,,0,0,Search same-type anatomy; no released contact for this root,Inspection priority only; absence of released points does not prove biological disconnection
503,720575940624106131,R1-6,left,C_type_only,0,0,0,0,0,0,5,0.6048,yes,,,0,0,Search same-type anatomy; no released contact for this root,Inspection priority only; absence of released points does not prove biological disconnection
504,720575940624735229,R1-6,left,C_type_only,0,0,0,0,0,0,5,0.6048,yes,,,0,0,Search same-type anatomy; no released contact for this root,Inspection priority only; absence of released points does not prove biological disconnection
505,720575940625039557,R1-6,left,C_type_only,0,0,0,0,0,0,5,0.6048,yes,,,0,0,Search same-type anatomy; no released contact for this root,Inspection priority only; absence of released points does not prove biological disconnection
506,720575940625052101,R1-6,left,C_type_only,0,0,0,0,0,0,5,0.6048,yes,,,0,0,Search same-type anatomy; no released contact for this root,Inspection priority only; absence of released points does not prove biological disconnection
507,720575940625052869,R1-6,left,C_type_only,0,0,0,0,0,0,5,0.6048,yes,,,0,0,Search same-type anatomy; no released contact for this root,Inspection priority only; absence of released points does not prove biological disconnection
508,720575940625132948,R1-6,left,C_type_only,0,0,0,0,0,0,5,0.6048,yes,,,0,0,Search same-type anatomy; no released contact for this root,Inspection priority only; absence of released points does not prove biological disconnection
509,720575940625621518,R1-6,left,C_type_only,0,0,0,0,0,0,5,0.6048,yes,,,0,0,Search same-type anatomy; no released contact for this root,Inspection priority only; absence of released points does not prove biological disconnection
510,720575940625823101,R1-6,left,C_type_only,0,0,0,0,0,0,5,0.6048,yes,,,0,0,Search same-type anatomy; no released contact for this root,Inspection priority only; absence of released points does not prove biological disconnection
511,720575940625882701,R1-6,left,C_type_only,0,0,0,0,0,0,5,0.6048,yes,,,0,0,Search same-type anatomy; no released contact for this root,Inspection priority only; absence of released points does not prove biological disconnection
512,720575940625956429,R1-6,left,C_type_only,0,0,0,0,0,0,5,0.6048,yes,,,0,0,Search same-type anatomy; no released contact for this root,Inspection priority only; absence of released points does not prove biological disconnection
513,720575940626322992,R1-6,left,C_type_only,0,0,0,0,0,0,5,0.6048,yes,,,0,0,Search same-type anatomy; no released contact for this root,Inspection priority only; absence of released points does not prove biological disconnection
514,720575940627087106,R1-6,left,C_type_only,0,0,0,0,0,0,5,0.6048,yes,,,0,0,Search same-type anatomy; no released contact for this root,Inspection priority only; absence of released points does not prove biological disconnection
515,720575940627660440,R1-6,left,C_type_only,0,0,0,0,0,0,5,0.6048,yes,,,0,0,Search same-type anatomy; no released contact for this root,Inspection priority only; absence of released points does not prove biological disconnection
516,720575940627941202,R1-6,left,C_type_only,0,0,0,0,0,0,5,0.6048,yes,,,0,0,Search same-type anatomy; no released contact for this root,Inspection priority only; absence of released points does not prove biological disconnection
517,720575940627941714,R1-6,left,C_type_only,0,0,0,0,0,0,5,0.6048,yes,,,0,0,Search same-type anatomy; no released contact for this root,Inspection priority only; absence of released points does not prove biological disconnection
518,720575940628210831,R1-6,left,C_type_only,0,0,0,0,0,0,5,0.6048,yes,,,0,0,Search same-type anatomy; no released contact for this root,Inspection priority only; absence of released points does not prove biological disconnection
519,720575940628387656,R1-6,left,C_type_only,0,0,0,0,0,0,5,0.6048,yes,,,0,0,Search same-type anatomy; no released contact for this root,Inspection priority only; absence of released points does not prove biological disconnection
520,720575940628391240,R1-6,left,C_type_only,0,0,0,0,0,0,5,0.6048,yes,,,0,0,Search same-type anatomy; no released contact for this root,Inspection priority only; absence of released points does not prove biological disconnection
521,720575940628564712,R1-6,left,C_type_only,0,0,0,0,0,0,5,0.6048,yes,,,0,0,Search same-type anatomy; no released contact for this root,Inspection priority only; absence of released points does not prove biological disconnection
522,720575940628938314,R1-6,left,C_type_only,0,0,0,0,0,0,5,0.6048,yes,,,0,0,Search same-type anatomy; no released contact for this root,Inspection priority only; absence of released points does not prove biological disconnection
523,720575940628938570,R1-6,left,C_type_only,0,0,0,0,0,0,5,0.6048,yes,,,0,0,Search same-type anatomy; no released contact for this root,Inspection priority only; absence of released points does not prove biological disconnection
524,720575940629182825,R1-6,left,C_type_only,0,0,0,0,0,0,5,0.6048,yes,,,0,0,Search same-type anatomy; no released contact for this root,Inspection priority only; absence of released points does not prove biological disconnection
525,720575940629411883,R1-6,left,C_type_only,0,0,0,0,0,0,5,0.6048,yes,,,0,0,Search same-type anatomy; no released contact for this root,Inspection priority only; absence of released points does not prove biological disconnection
526,720575940629888515,R1-6,left,C_type_only,0,0,0,0,0,0,5,0.6048,yes,,,0,0,Search same-type anatomy; no released contact for this root,Inspection priority only; absence of released points does not prove biological disconnection
527,720575940630408570,R1-6,left,C_type_only,0,0,0,0,0,0,5,0.6048,yes,,,0,0,Search same-type anatomy; no released contact for this root,Inspection priority only; absence of released points does not prove biological disconnection
528,720575940630408898,R1-6,left,C_type_only,0,0,0,0,0,0,5,0.6048,yes,,,0,0,Search same-type anatomy; no released contact for this root,Inspection priority only; absence of released points does not prove biological disconnection
529,720575940630657792,R1-6,left,C_type_only,0,0,0,0,0,0,5,0.6048,yes,,,0,0,Search same-type anatomy; no released contact for this root,Inspection priority only; absence of released points does not prove biological disconnection
530,720575940630746924,R1-6,left,C_type_only,0,0,0,0,0,0,5,0.6048,yes,,,0,0,Search same-type anatomy; no released contact for this root,Inspection priority only; absence of released points does not prove biological disconnection
531,720575940630767360,R1-6,left,C_type_only,0,0,0,0,0,0,5,0.6048,yes,,,0,0,Search same-type anatomy; no released contact for this root,Inspection priority only; absence of released points does not prove biological disconnection
532,720575940630787388,R1-6,left,C_type_only,0,0,0,0,0,0,5,0.6048,yes,,,0,0,Search same-type anatomy; no released contact for this root,Inspection priority only; absence of released points does not prove biological disconnection
533,720575940630944215,R1-6,left,C_type_only,0,0,0,0,0,0,5,0.6048,yes,,,0,0,Search same-type anatomy; no released contact for this root,Inspection priority only; absence of released points does not prove biological disconnection
534,720575940630947292,R1-6,left,C_type_only,0,0,0,0,0,0,5,0.6048,yes,,,0,0,Search same-type anatomy; no released contact for this root,Inspection priority only; absence of released points does not prove biological disconnection
535,720575940630982495,R1-6,left,C_type_only,0,0,0,0,0,0,5,0.6048,yes,,,0,0,Search same-type anatomy; no released contact for this root,Inspection priority only; absence of released points does not prove biological disconnection
536,720575940631059932,R1-6,left,C_type_only,0,0,0,0,0,0,5,0.6048,yes,,,0,0,Search same-type anatomy; no released contact for this root,Inspection priority only; absence of released points does not prove biological disconnection
537,720575940631926287,R1-6,left,C_type_only,0,0,0,0,0,0,5,0.6048,yes,,,0,0,Search same-type anatomy; no released contact for this root,Inspection priority only; absence of released points does not prove biological disconnection
538,720575940631958287,R1-6,left,C_type_only,0,0,0,0,0,0,5,0.6048,yes,,,0,0,Search same-type anatomy; no released contact for this root,Inspection priority only; absence of released points does not prove biological disconnection
539,720575940631959826,R1-6,left,C_type_only,0,0,0,0,0,0,5,0.6048,yes,,,0,0,Search same-type anatomy; no released contact for this root,Inspection priority only; absence of released points does not prove biological disconnection
540,720575940632352104,R1-6,left,C_type_only,0,0,0,0,0,0,5,0.6048,yes,,,0,0,Search same-type anatomy; no released contact for this root,Inspection priority only; absence of released points does not prove biological disconnection
541,720575940632357992,R1-6,left,C_type_only,0,0,0,0,0,0,5,0.6048,yes,,,0,0,Search same-type anatomy; no released contact for this root,Inspection priority only; absence of released points does not prove biological disconnection
542,720575940632358504,R1-6,left,C_type_only,0,0,0,0,0,0,5,0.6048,yes,,,0,0,Search same-type anatomy; no released contact for this root,Inspection priority only; absence of released points does not prove biological disconnection
543,720575940633241764,R1-6,left,C_type_only,0,0,0,0,0,0,5,0.6048,yes,,,0,0,Search same-type anatomy; no released contact for this root,Inspection priority only; absence of released points does not prove biological disconnection
544,720575940634246626,R1-6,left,C_type_only,0,0,0,0,0,0,5,0.6048,yes,,,0,0,Search same-type anatomy; no released contact for this root,Inspection priority only; absence of released points does not prove biological disconnection
545,720575940634643993,R1-6,left,C_type_only,0,0,0,0,0,0,5,0.6048,yes,,,0,0,Search same-type anatomy; no released contact for this root,Inspection priority only; absence of released points does not prove biological disconnection
546,720575940635440235,R1-6,left,C_type_only,0,0,0,0,0,0,5,0.6048,yes,,,0,0,Search same-type anatomy; no released contact for this root,Inspection priority only; absence of released points does not prove biological disconnection
547,720575940636156596,R1-6,left,C_type_only,0,0,0,0,0,0,5,0.6048,yes,,,0,0,Search same-type anatomy; no released contact for this root,Inspection priority only; absence of released points does not prove biological disconnection
548,720575940636191480,R1-6,left,C_type_only,0,0,0,0,0,0,5,0.6048,yes,,,0,0,Search same-type anatomy; no released contact for this root,Inspection priority only; absence of released points does not prove biological disconnection
549,720575940636208052,R1-6,left,C_type_only,0,0,0,0,0,0,5,0.6048,yes,,,0,0,Search same-type anatomy; no released contact for this root,Inspection priority only; absence of released points does not prove biological disconnection
550,720575940636893303,R1-6,left,C_type_only,0,0,0,0,0,0,5,0.6048,yes,,,0,0,Search same-type anatomy; no released contact for this root,Inspection priority only; absence of released points does not prove biological disconnection
551,720575940638577215,R1-6,left,C_type_only,0,0,0,0,0,0,5,0.6048,yes,,,0,0,Search same-type anatomy; no released contact for this root,Inspection priority only; absence of released points does not prove biological disconnection
552,720575940638684649,R1-6,left,C_type_only,0,0,0,0,0,0,5,0.6048,yes,,,0,0,Search same-type anatomy; no released contact for this root,Inspection priority only; absence of released points does not prove biological disconnection
553,720575940638712127,R1-6,left,C_type_only,0,0,0,0,0,0,5,0.6048,yes,,,0,0,Search same-type anatomy; no released contact for this root,Inspection priority only; absence of released points does not prove biological disconnection
554,720575940638872553,R1-6,left,C_type_only,0,0,0,0,0,0,5,0.6048,yes,,,0,0,Search same-type anatomy; no released contact for this root,Inspection priority only; absence of released points does not prove biological disconnection
555,720575940639657661,R1-6,left,C_type_only,0,0,0,0,0,0,5,0.6048,yes,,,0,0,Search same-type anatomy; no released contact for this root,Inspection priority only; absence of released points does not prove biological disconnection
556,720575940639783989,R1-6,left,C_type_only,0,0,0,0,0,0,5,0.6048,yes,,,0,0,Search same-type anatomy; no released contact for this root,Inspection priority only; absence of released points does not prove biological disconnection
557,720575940640197949,R1-6,left,C_type_only,0,0,0,0,0,0,5,0.6048,yes,,,0,0,Search same-type anatomy; no released contact for this root,Inspection priority only; absence of released points does not prove biological disconnection
558,720575940640297075,R1-6,left,C_type_only,0,0,0,0,0,0,5,0.6048,yes,,,0,0,Search same-type anatomy; no released contact for this root,Inspection priority only; absence of released points does not prove biological disconnection
559,720575940640480856,R1-6,left,C_type_only,0,0,0,0,0,0,5,0.6048,yes,,,0,0,Search same-type anatomy; no released contact for this root,Inspection priority only; absence of released points does not prove biological disconnection
560,720575940640780160,R1-6,left,C_type_only,0,0,0,0,0,0,5,0.6048,yes,,,0,0,Search same-type anatomy; no released contact for this root,Inspection priority only; absence of released points does not prove biological disconnection
561,720575940641271504,R1-6,left,C_type_only,0,0,0,0,0,0,5,0.6048,yes,,,0,0,Search same-type anatomy; no released contact for this root,Inspection priority only; absence of released points does not prove biological disconnection
562,720575940641277904,R1-6,left,C_type_only,0,0,0,0,0,0,5,0.6048,yes,,,0,0,Search same-type anatomy; no released contact for this root,Inspection priority only; absence of released points does not prove biological disconnection
563,720575940642891405,R1-6,left,C_type_only,0,0,0,0,0,0,5,0.6048,yes,,,0,0,Search same-type anatomy; no released contact for this root,Inspection priority only; absence of released points does not prove biological disconnection
564,720575940646392942,R1-6,left,C_type_only,0,0,0,0,0,0,5,0.6048,yes,,,0,0,Search same-type anatomy; no released contact for this root,Inspection priority only; absence of released points does not prove biological disconnection
565,720575940646803747,R1-6,left,C_type_only,0,0,0,0,0,0,5,0.6048,yes,,,0,0,Search same-type anatomy; no released contact for this root,Inspection priority only; absence of released points does not prove biological disconnection
566,720575940647021091,R1-6,left,C_type_only,0,0,0,0,0,0,5,0.6048,yes,,,0,0,Search same-type anatomy; no released contact for this root,Inspection priority only; absence of released points does not prove biological disconnection
567,720575940647962500,R1-6,left,C_type_only,0,0,0,0,0,0,5,0.6048,yes,,,0,0,Search same-type anatomy; no released contact for this root,Inspection priority only; absence of released points does not prove biological disconnection
568,720575940650447993,R1-6,left,C_type_only,0,0,0,0,0,0,5,0.6048,yes,,,0,0,Search same-type anatomy; no released contact for this root,Inspection priority only; absence of released points does not prove biological disconnection
569,720575940653106422,R1-6,left,C_type_only,0,0,0,0,0,0,5,0.6048,yes,,,0,0,Search same-type anatomy; no released contact for this root,Inspection priority only; absence of released points does not prove biological disconnection
570,720575940608619356,L5,left,C_type_only,0,0,0,0,0,0,5,0.9853,no,,,0,0,Search same-type anatomy; no released contact for this root,Inspection priority only; absence of released points does not prove biological disconnection
571,720575940621914209,L1-3,left,C_type_only,0,0,0,0,0,0,2,0.7573,no,,,0,0,Search same-type anatomy; no released contact for this root,Inspection priority only; absence of released points does not prove biological disconnection
572,720575940624501747,JO-EVM,left,C_type_only,0,0,0,0,0,0,5,0.6744,no,,,0,0,Search same-type anatomy; no released contact for this root,Inspection priority only; absence of released points does not prove biological disconnection
573,720575940623151565,JO-F,right,C_type_only,0,0,0,0,0,0,5,0.625,no,,,0,0,Search same-type anatomy; no released contact for this root,Inspection priority only; absence of released points does not prove biological disconnection
574,720575940625912250,JO-F,right,C_type_only,0,0,0,0,0,0,5,0.625,no,,,0,0,Search same-type anatomy; no released contact for this root,Inspection priority only; absence of released points does not prove biological disconnection
575,720575940625929765,JO-F,right,C_type_only,0,0,0,0,0,0,5,0.625,no,,,0,0,Search same-type anatomy; no released contact for this root,Inspection priority only; absence of released points does not prove biological disconnection
576,720575940631769845,JO-F,right,C_type_only,0,0,0,0,0,0,5,0.625,no,,,0,0,Search same-type anatomy; no released contact for this root,Inspection priority only; absence of released points does not prove biological disconnection
577,720575940647404932,JO-F,right,C_type_only,0,0,0,0,0,0,5,0.625,no,,,0,0,Search same-type anatomy; no released contact for this root,Inspection priority only; absence of released points does not prove biological disconnection
578,720575940622811903,JO-mz,left,C_type_only,0,0,0,0,0,0,5,0.6,no,,,0,0,Search same-type anatomy; no released contact for this root,Inspection priority only; absence of released points does not prove biological disconnection
579,720575940620320193,JO-EV,left,C_type_only,0,0,0,0,0,0,5,0.5,no,,,0,0,Search same-type anatomy; no released contact for this root,Inspection priority only; absence of released points does not prove biological disconnection
580,720575940626286432,JO-B,right,C_type_only,0,0,0,0,0,0,5,0.4821,no,,,0,0,Search same-type anatomy; no released contact for this root,Inspection priority only; absence of released points does not prove biological disconnection
581,720575940630161152,JO-B,right,C_type_only,0,0,0,0,0,0,5,0.4821,no,,,0,0,Search same-type anatomy; no released contact for this root,Inspection priority only; absence of released points does not prove biological disconnection
582,720575940610183154,,left,no_released_support,0,0,0,0,0,0,0,0,no,,,0,0,Await new segmentation/synapse evidence; do not create an edge,Inspection priority only; absence of released points does not prove biological disconnection
583,720575940611477229,,right,no_released_support,0,0,0,0,0,0,0,0,no,,,0,0,Await new segmentation/synapse evidence; do not create an edge,Inspection priority only; absence of released points does not prove biological disconnection
584,720575940611810001,,right,no_released_support,0,0,0,0,0,0,0,0,no,,,0,0,Await new segmentation/synapse evidence; do not create an edge,Inspection priority only; absence of released points does not prove biological disconnection
585,720575940611937967,,left,no_released_support,0,0,0,0,0,0,0,0,no,,,0,0,Await new segmentation/synapse evidence; do not create an edge,Inspection priority only; absence of released points does not prove biological disconnection
586,720575940613684274,,left,no_released_support,0,0,0,0,0,0,0,0,no,,,0,0,Await new segmentation/synapse evidence; do not create an edge,Inspection priority only; absence of released points does not prove biological disconnection
587,720575940614736699,,left,no_released_support,0,0,0,0,0,0,0,0,no,,,0,0,Await new segmentation/synapse evidence; do not create an edge,Inspection priority only; absence of released points does not prove biological disconnection
588,720575940614890642,,left,no_released_support,0,0,0,0,0,0,0,0,no,,,0,0,Await new segmentation/synapse evidence; do not create an edge,Inspection priority only; absence of released points does not prove biological disconnection
589,720575940617649238,,right,no_released_support,0,0,0,0,0,0,0,0,no,,,0,0,Await new segmentation/synapse evidence; do not create an edge,Inspection priority only; absence of released points does not prove biological disconnection
590,720575940617816661,,left,no_released_support,0,0,0,0,0,0,0,0,no,,,0,0,Await new segmentation/synapse evidence; do not create an edge,Inspection priority only; absence of released points does not prove biological disconnection
591,720575940618062365,,right,no_released_support,0,0,0,0,0,0,0,0,no,,,0,0,Await new segmentation/synapse evidence; do not create an edge,Inspection priority only; absence of released points does not prove biological disconnection
592,720575940618092965,AN_GNG_124,left,no_released_support,0,0,0,0,0,0,0,0,no,,,0,0,Await new segmentation/synapse evidence; do not create an edge,Inspection priority only; absence of released points does not prove biological disconnection
593,720575940618109460,,right,no_released_support,0,0,0,0,0,0,0,0,no,,,0,0,Await new segmentation/synapse evidence; do not create an edge,Inspection priority only; absence of released points does not prove biological disconnection
594,720575940618548244,DNge061,right,no_released_support,0,0,0,0,0,0,0,0,no,,,0,0,Await new segmentation/synapse evidence; do not create an edge,Inspection priority only; absence of released points does not prove biological disconnection
595,720575940618863553,DNge061,right,no_released_support,0,0,0,0,0,0,0,0,no,,,0,0,Await new segmentation/synapse evidence; do not create an edge,Inspection priority only; absence of released points does not prove biological disconnection
596,720575940619904380,,left,no_released_support,0,0,0,0,0,0,0,0,no,,,0,0,Await new segmentation/synapse evidence; do not create an edge,Inspection priority only; absence of released points does not prove biological disconnection
597,720575940621463699,,left,no_released_support,0,0,0,0,0,0,0,0,no,,,0,0,Await new segmentation/synapse evidence; do not create an edge,Inspection priority only; absence of released points does not prove biological disconnection
598,720575940621568490,,left,no_released_support,0,0,0,0,0,0,0,0,no,,,0,0,Await new segmentation/synapse evidence; do not create an edge,Inspection priority only; absence of released points does not prove biological disconnection
599,720575940621949675,AN_GNG_124,left,no_released_support,0,0,0,0,0,0,0,0,no,,,0,0,Await new segmentation/synapse evidence; do not create an edge,Inspection priority only; absence of released points does not prove biological disconnection
600,720575940622611917,,right,no_released_support,0,0,0,0,0,0,0,0,no,,,0,0,Await new segmentation/synapse evidence; do not create an edge,Inspection priority only; absence of released points does not prove biological disconnection
601,720575940625721118,ITP,left,no_released_support,0,0,0,0,0,0,0,0,no,,,0,0,Await new segmentation/synapse evidence; do not create an edge,Inspection priority only; absence of released points does not prove biological disconnection
602,720575940625998895,,left,no_released_support,0,0,0,0,0,0,0,0,no,,,0,0,Await new segmentation/synapse evidence; do not create an edge,Inspection priority only; absence of released points does not prove biological disconnection
603,720575940626216720,,left,no_released_support,0,0,0,0,0,0,0,0,no,,,0,0,Await new segmentation/synapse evidence; do not create an edge,Inspection priority only; absence of released points does not prove biological disconnection
604,720575940626896145,,left,no_released_support,0,0,0,0,0,0,0,0,no,,,0,0,Await new segmentation/synapse evidence; do not create an edge,Inspection priority only; absence of released points does not prove biological disconnection
605,720575940629292842,AN_GNG_204,left,no_released_support,0,0,0,0,0,0,0,0,no,,,0,0,Await new segmentation/synapse evidence; do not create an edge,Inspection priority only; absence of released points does not prove biological disconnection
606,720575940629569040,,left,no_released_support,0,0,0,0,0,0,0,0,no,,,0,0,Await new segmentation/synapse evidence; do not create an edge,Inspection priority only; absence of released points does not prove biological disconnection
607,720575940629808911,ITP,right,no_released_support,0,0,0,0,0,0,0,0,no,,,0,0,Await new segmentation/synapse evidence; do not create an edge,Inspection priority only; absence of released points does not prove biological disconnection
608,720575940629924091,ITP,left,no_released_support,0,0,0,0,0,0,0,0,no,,,0,0,Await new segmentation/synapse evidence; do not create an edge,Inspection priority only; absence of released points does not prove biological disconnection
609,720575940630846125,,left,no_released_support,0,0,0,0,0,0,0,0,no,,,0,0,Await new segmentation/synapse evidence; do not create an edge,Inspection priority only; absence of released points does not prove biological disconnection
610,720575940631592017,ITP,left,no_released_support,0,0,0,0,0,0,0,0,no,,,0,0,Await new segmentation/synapse evidence; do not create an edge,Inspection priority only; absence of released points does not prove biological disconnection
611,720575940633705560,,left,no_released_support,0,0,0,0,0,0,0,0,no,,,0,0,Await new segmentation/synapse evidence; do not create an edge,Inspection priority only; absence of released points does not prove biological disconnection
612,720575940633816986,DNx02,left,no_released_support,0,0,0,0,0,0,0,0,no,,,0,0,Await new segmentation/synapse evidence; do not create an edge,Inspection priority only; absence of released points does not prove biological disconnection
613,720575940637470627,,left,no_released_support,0,0,0,0,0,0,0,0,no,,,0,0,Await new segmentation/synapse evidence; do not create an edge,Inspection priority only; absence of released points does not prove biological disconnection
614,720575940638909429,,left,no_released_support,0,0,0,0,0,0,0,0,no,,,0,0,Await new segmentation/synapse evidence; do not create an edge,Inspection priority only; absence of released points does not prove biological disconnection
615,720575940640372277,CB1015,right,no_released_support,0,0,0,0,0,0,0,0,no,,,0,0,Await new segmentation/synapse evidence; do not create an edge,Inspection priority only; absence of released points does not prove biological disconnection
616,720575940645264260,AN_GNG_124,left,no_released_support,0,0,0,0,0,0,0,0,no,,,0,0,Await new segmentation/synapse evidence; do not create an edge,Inspection priority only; absence of released points does not prove biological disconnection
