review_rank,evidence_tier,root_id,cell_type,side,candidate_target_type,connected_homologs_same_type_side,homologs_with_target_type,homolog_support_fraction,published_visual_type_connections,photoreceptor_output_gap_flag,review_action,interpretation
1,C_type_hypothesis,720575940608619356,L5,left,Mi1,814,802,0.9853,3485,no,Use as a cell-type search term; require an observed exact pair before adding an edge,Homolog incidence is not an edge probability or a named target neuron
2,C_type_hypothesis,720575940608619356,L5,left,Tm3,814,791,0.9717,7671,no,Use as a cell-type search term; require an observed exact pair before adding an edge,Homolog incidence is not an edge probability or a named target neuron
3,C_type_hypothesis,720575940608619356,L5,left,Mi4,814,783,0.9619,6381,no,Use as a cell-type search term; require an observed exact pair before adding an edge,Homolog incidence is not an edge probability or a named target neuron
4,C_type_hypothesis,720575940608619356,L5,left,Dm13,814,775,0.9521,4022,no,Use as a cell-type search term; require an observed exact pair before adding an edge,Homolog incidence is not an edge probability or a named target neuron
5,C_type_hypothesis,720575940608619356,L5,left,T2,814,774,0.9509,4953,no,Use as a cell-type search term; require an observed exact pair before adding an edge,Homolog incidence is not an edge probability or a named target neuron
6,C_type_hypothesis,720575940606503870,R1-6,right,L1,3730,3451,0.9252,5229,yes,Use as a cell-type search term; require an observed exact pair before adding an edge,Homolog incidence is not an edge probability or a named target neuron
7,C_type_hypothesis,720575940607773314,R1-6,right,L1,3730,3451,0.9252,5229,yes,Use as a cell-type search term; require an observed exact pair before adding an edge,Homolog incidence is not an edge probability or a named target neuron
8,C_type_hypothesis,720575940607860169,R1-6,right,L1,3730,3451,0.9252,5229,yes,Use as a cell-type search term; require an observed exact pair before adding an edge,Homolog incidence is not an edge probability or a named target neuron
9,C_type_hypothesis,720575940608078345,R1-6,right,L1,3730,3451,0.9252,5229,yes,Use as a cell-type search term; require an observed exact pair before adding an edge,Homolog incidence is not an edge probability or a named target neuron
10,C_type_hypothesis,720575940609016668,R1-6,right,L1,3730,3451,0.9252,5229,yes,Use as a cell-type search term; require an observed exact pair before adding an edge,Homolog incidence is not an edge probability or a named target neuron
11,C_type_hypothesis,720575940609485579,R1-6,right,L1,3730,3451,0.9252,5229,yes,Use as a cell-type search term; require an observed exact pair before adding an edge,Homolog incidence is not an edge probability or a named target neuron
12,C_type_hypothesis,720575940610715204,R1-6,right,L1,3730,3451,0.9252,5229,yes,Use as a cell-type search term; require an observed exact pair before adding an edge,Homolog incidence is not an edge probability or a named target neuron
13,C_type_hypothesis,720575940610821188,R1-6,right,L1,3730,3451,0.9252,5229,yes,Use as a cell-type search term; require an observed exact pair before adding an edge,Homolog incidence is not an edge probability or a named target neuron
14,C_type_hypothesis,720575940611532664,R1-6,right,L1,3730,3451,0.9252,5229,yes,Use as a cell-type search term; require an observed exact pair before adding an edge,Homolog incidence is not an edge probability or a named target neuron
15,C_type_hypothesis,720575940611550840,R1-6,right,L1,3730,3451,0.9252,5229,yes,Use as a cell-type search term; require an observed exact pair before adding an edge,Homolog incidence is not an edge probability or a named target neuron
16,C_type_hypothesis,720575940612735194,R1-6,right,L1,3730,3451,0.9252,5229,yes,Use as a cell-type search term; require an observed exact pair before adding an edge,Homolog incidence is not an edge probability or a named target neuron
17,C_type_hypothesis,720575940612839793,R1-6,right,L1,3730,3451,0.9252,5229,yes,Use as a cell-type search term; require an observed exact pair before adding an edge,Homolog incidence is not an edge probability or a named target neuron
18,C_type_hypothesis,720575940612899763,R1-6,right,L1,3730,3451,0.9252,5229,yes,Use as a cell-type search term; require an observed exact pair before adding an edge,Homolog incidence is not an edge probability or a named target neuron
19,C_type_hypothesis,720575940612943066,R1-6,right,L1,3730,3451,0.9252,5229,yes,Use as a cell-type search term; require an observed exact pair before adding an edge,Homolog incidence is not an edge probability or a named target neuron
20,C_type_hypothesis,720575940612947635,R1-6,right,L1,3730,3451,0.9252,5229,yes,Use as a cell-type search term; require an observed exact pair before adding an edge,Homolog incidence is not an edge probability or a named target neuron
21,C_type_hypothesis,720575940613196261,R1-6,right,L1,3730,3451,0.9252,5229,yes,Use as a cell-type search term; require an observed exact pair before adding an edge,Homolog incidence is not an edge probability or a named target neuron
22,C_type_hypothesis,720575940613474474,R1-6,right,L1,3730,3451,0.9252,5229,yes,Use as a cell-type search term; require an observed exact pair before adding an edge,Homolog incidence is not an edge probability or a named target neuron
23,C_type_hypothesis,720575940613971683,R1-6,right,L1,3730,3451,0.9252,5229,yes,Use as a cell-type search term; require an observed exact pair before adding an edge,Homolog incidence is not an edge probability or a named target neuron
24,C_type_hypothesis,720575940614792623,R1-6,right,L1,3730,3451,0.9252,5229,yes,Use as a cell-type search term; require an observed exact pair before adding an edge,Homolog incidence is not an edge probability or a named target neuron
25,C_type_hypothesis,720575940614839215,R1-6,right,L1,3730,3451,0.9252,5229,yes,Use as a cell-type search term; require an observed exact pair before adding an edge,Homolog incidence is not an edge probability or a named target neuron
26,C_type_hypothesis,720575940614928849,R1-6,right,L1,3730,3451,0.9252,5229,yes,Use as a cell-type search term; require an observed exact pair before adding an edge,Homolog incidence is not an edge probability or a named target neuron
27,C_type_hypothesis,720575940615167742,R1-6,right,L1,3730,3451,0.9252,5229,yes,Use as a cell-type search term; require an observed exact pair before adding an edge,Homolog incidence is not an edge probability or a named target neuron
28,C_type_hypothesis,720575940615708066,R1-6,right,L1,3730,3451,0.9252,5229,yes,Use as a cell-type search term; require an observed exact pair before adding an edge,Homolog incidence is not an edge probability or a named target neuron
29,C_type_hypothesis,720575940615951839,R1-6,right,L1,3730,3451,0.9252,5229,yes,Use as a cell-type search term; require an observed exact pair before adding an edge,Homolog incidence is not an edge probability or a named target neuron
30,C_type_hypothesis,720575940616346822,R1-6,right,L1,3730,3451,0.9252,5229,yes,Use as a cell-type search term; require an observed exact pair before adding an edge,Homolog incidence is not an edge probability or a named target neuron
31,C_type_hypothesis,720575940616450626,R1-6,right,L1,3730,3451,0.9252,5229,yes,Use as a cell-type search term; require an observed exact pair before adding an edge,Homolog incidence is not an edge probability or a named target neuron
32,C_type_hypothesis,720575940617920827,R1-6,right,L1,3730,3451,0.9252,5229,yes,Use as a cell-type search term; require an observed exact pair before adding an edge,Homolog incidence is not an edge probability or a named target neuron
33,C_type_hypothesis,720575940618115289,R1-6,right,L1,3730,3451,0.9252,5229,yes,Use as a cell-type search term; require an observed exact pair before adding an edge,Homolog incidence is not an edge probability or a named target neuron
34,C_type_hypothesis,720575940618150105,R1-6,right,L1,3730,3451,0.9252,5229,yes,Use as a cell-type search term; require an observed exact pair before adding an edge,Homolog incidence is not an edge probability or a named target neuron
35,C_type_hypothesis,720575940618223419,R1-6,right,L1,3730,3451,0.9252,5229,yes,Use as a cell-type search term; require an observed exact pair before adding an edge,Homolog incidence is not an edge probability or a named target neuron
36,C_type_hypothesis,720575940618437922,R1-6,right,L1,3730,3451,0.9252,5229,yes,Use as a cell-type search term; require an observed exact pair before adding an edge,Homolog incidence is not an edge probability or a named target neuron
37,C_type_hypothesis,720575940618531618,R1-6,right,L1,3730,3451,0.9252,5229,yes,Use as a cell-type search term; require an observed exact pair before adding an edge,Homolog incidence is not an edge probability or a named target neuron
38,C_type_hypothesis,720575940618663069,R1-6,right,L1,3730,3451,0.9252,5229,yes,Use as a cell-type search term; require an observed exact pair before adding an edge,Homolog incidence is not an edge probability or a named target neuron
39,C_type_hypothesis,720575940618712221,R1-6,right,L1,3730,3451,0.9252,5229,yes,Use as a cell-type search term; require an observed exact pair before adding an edge,Homolog incidence is not an edge probability or a named target neuron
40,C_type_hypothesis,720575940618718977,R1-6,right,L1,3730,3451,0.9252,5229,yes,Use as a cell-type search term; require an observed exact pair before adding an edge,Homolog incidence is not an edge probability or a named target neuron
41,C_type_hypothesis,720575940618743709,R1-6,right,L1,3730,3451,0.9252,5229,yes,Use as a cell-type search term; require an observed exact pair before adding an edge,Homolog incidence is not an edge probability or a named target neuron
42,C_type_hypothesis,720575940619065664,R1-6,right,L1,3730,3451,0.9252,5229,yes,Use as a cell-type search term; require an observed exact pair before adding an edge,Homolog incidence is not an edge probability or a named target neuron
43,C_type_hypothesis,720575940619877022,R1-6,right,L1,3730,3451,0.9252,5229,yes,Use as a cell-type search term; require an observed exact pair before adding an edge,Homolog incidence is not an edge probability or a named target neuron
44,C_type_hypothesis,720575940620232920,R1-6,right,L1,3730,3451,0.9252,5229,yes,Use as a cell-type search term; require an observed exact pair before adding an edge,Homolog incidence is not an edge probability or a named target neuron
45,C_type_hypothesis,720575940620629553,R1-6,right,L1,3730,3451,0.9252,5229,yes,Use as a cell-type search term; require an observed exact pair before adding an edge,Homolog incidence is not an edge probability or a named target neuron
46,C_type_hypothesis,720575940620647760,R1-6,right,L1,3730,3451,0.9252,5229,yes,Use as a cell-type search term; require an observed exact pair before adding an edge,Homolog incidence is not an edge probability or a named target neuron
47,C_type_hypothesis,720575940620666315,R1-6,right,L1,3730,3451,0.9252,5229,yes,Use as a cell-type search term; require an observed exact pair before adding an edge,Homolog incidence is not an edge probability or a named target neuron
48,C_type_hypothesis,720575940620722000,R1-6,right,L1,3730,3451,0.9252,5229,yes,Use as a cell-type search term; require an observed exact pair before adding an edge,Homolog incidence is not an edge probability or a named target neuron
49,C_type_hypothesis,720575940620753744,R1-6,right,L1,3730,3451,0.9252,5229,yes,Use as a cell-type search term; require an observed exact pair before adding an edge,Homolog incidence is not an edge probability or a named target neuron
50,C_type_hypothesis,720575940621090213,R1-6,right,L1,3730,3451,0.9252,5229,yes,Use as a cell-type search term; require an observed exact pair before adding an edge,Homolog incidence is not an edge probability or a named target neuron
51,C_type_hypothesis,720575940621103269,R1-6,right,L1,3730,3451,0.9252,5229,yes,Use as a cell-type search term; require an observed exact pair before adding an edge,Homolog incidence is not an edge probability or a named target neuron
52,C_type_hypothesis,720575940621193051,R1-6,right,L1,3730,3451,0.9252,5229,yes,Use as a cell-type search term; require an observed exact pair before adding an edge,Homolog incidence is not an edge probability or a named target neuron
53,C_type_hypothesis,720575940621349285,R1-6,right,L1,3730,3451,0.9252,5229,yes,Use as a cell-type search term; require an observed exact pair before adding an edge,Homolog incidence is not an edge probability or a named target neuron
54,C_type_hypothesis,720575940621443206,R1-6,right,L1,3730,3451,0.9252,5229,yes,Use as a cell-type search term; require an observed exact pair before adding an edge,Homolog incidence is not an edge probability or a named target neuron
55,C_type_hypothesis,720575940621462511,R1-6,right,L1,3730,3451,0.9252,5229,yes,Use as a cell-type search term; require an observed exact pair before adding an edge,Homolog incidence is not an edge probability or a named target neuron
56,C_type_hypothesis,720575940621489243,R1-6,right,L1,3730,3451,0.9252,5229,yes,Use as a cell-type search term; require an observed exact pair before adding an edge,Homolog incidence is not an edge probability or a named target neuron
57,C_type_hypothesis,720575940621500070,R1-6,right,L1,3730,3451,0.9252,5229,yes,Use as a cell-type search term; require an observed exact pair before adding an edge,Homolog incidence is not an edge probability or a named target neuron
58,C_type_hypothesis,720575940621667462,R1-6,right,L1,3730,3451,0.9252,5229,yes,Use as a cell-type search term; require an observed exact pair before adding an edge,Homolog incidence is not an edge probability or a named target neuron
59,C_type_hypothesis,720575940621944941,R1-6,right,L1,3730,3451,0.9252,5229,yes,Use as a cell-type search term; require an observed exact pair before adding an edge,Homolog incidence is not an edge probability or a named target neuron
60,C_type_hypothesis,720575940622029494,R1-6,right,L1,3730,3451,0.9252,5229,yes,Use as a cell-type search term; require an observed exact pair before adding an edge,Homolog incidence is not an edge probability or a named target neuron
61,C_type_hypothesis,720575940622056368,R1-6,right,L1,3730,3451,0.9252,5229,yes,Use as a cell-type search term; require an observed exact pair before adding an edge,Homolog incidence is not an edge probability or a named target neuron
62,C_type_hypothesis,720575940622270273,R1-6,right,L1,3730,3451,0.9252,5229,yes,Use as a cell-type search term; require an observed exact pair before adding an edge,Homolog incidence is not an edge probability or a named target neuron
63,C_type_hypothesis,720575940622303216,R1-6,right,L1,3730,3451,0.9252,5229,yes,Use as a cell-type search term; require an observed exact pair before adding an edge,Homolog incidence is not an edge probability or a named target neuron
64,C_type_hypothesis,720575940622404991,R1-6,right,L1,3730,3451,0.9252,5229,yes,Use as a cell-type search term; require an observed exact pair before adding an edge,Homolog incidence is not an edge probability or a named target neuron
65,C_type_hypothesis,720575940622545023,R1-6,right,L1,3730,3451,0.9252,5229,yes,Use as a cell-type search term; require an observed exact pair before adding an edge,Homolog incidence is not an edge probability or a named target neuron
66,C_type_hypothesis,720575940622703640,R1-6,right,L1,3730,3451,0.9252,5229,yes,Use as a cell-type search term; require an observed exact pair before adding an edge,Homolog incidence is not an edge probability or a named target neuron
67,C_type_hypothesis,720575940622799137,R1-6,right,L1,3730,3451,0.9252,5229,yes,Use as a cell-type search term; require an observed exact pair before adding an edge,Homolog incidence is not an edge probability or a named target neuron
68,C_type_hypothesis,720575940622799898,R1-6,right,L1,3730,3451,0.9252,5229,yes,Use as a cell-type search term; require an observed exact pair before adding an edge,Homolog incidence is not an edge probability or a named target neuron
69,C_type_hypothesis,720575940622814302,R1-6,right,L1,3730,3451,0.9252,5229,yes,Use as a cell-type search term; require an observed exact pair before adding an edge,Homolog incidence is not an edge probability or a named target neuron
70,C_type_hypothesis,720575940622918012,R1-6,right,L1,3730,3451,0.9252,5229,yes,Use as a cell-type search term; require an observed exact pair before adding an edge,Homolog incidence is not an edge probability or a named target neuron
71,C_type_hypothesis,720575940622939998,R1-6,right,L1,3730,3451,0.9252,5229,yes,Use as a cell-type search term; require an observed exact pair before adding an edge,Homolog incidence is not an edge probability or a named target neuron
72,C_type_hypothesis,720575940623003169,R1-6,right,L1,3730,3451,0.9252,5229,yes,Use as a cell-type search term; require an observed exact pair before adding an edge,Homolog incidence is not an edge probability or a named target neuron
73,C_type_hypothesis,720575940623005308,R1-6,right,L1,3730,3451,0.9252,5229,yes,Use as a cell-type search term; require an observed exact pair before adding an edge,Homolog incidence is not an edge probability or a named target neuron
74,C_type_hypothesis,720575940623239133,R1-6,right,L1,3730,3451,0.9252,5229,yes,Use as a cell-type search term; require an observed exact pair before adding an edge,Homolog incidence is not an edge probability or a named target neuron
75,C_type_hypothesis,720575940623770637,R1-6,right,L1,3730,3451,0.9252,5229,yes,Use as a cell-type search term; require an observed exact pair before adding an edge,Homolog incidence is not an edge probability or a named target neuron
76,C_type_hypothesis,720575940624139305,R1-6,right,L1,3730,3451,0.9252,5229,yes,Use as a cell-type search term; require an observed exact pair before adding an edge,Homolog incidence is not an edge probability or a named target neuron
77,C_type_hypothesis,720575940624141508,R1-6,right,L1,3730,3451,0.9252,5229,yes,Use as a cell-type search term; require an observed exact pair before adding an edge,Homolog incidence is not an edge probability or a named target neuron
78,C_type_hypothesis,720575940624870217,R1-6,right,L1,3730,3451,0.9252,5229,yes,Use as a cell-type search term; require an observed exact pair before adding an edge,Homolog incidence is not an edge probability or a named target neuron
79,C_type_hypothesis,720575940624956139,R1-6,right,L1,3730,3451,0.9252,5229,yes,Use as a cell-type search term; require an observed exact pair before adding an edge,Homolog incidence is not an edge probability or a named target neuron
80,C_type_hypothesis,720575940625113015,R1-6,right,L1,3730,3451,0.9252,5229,yes,Use as a cell-type search term; require an observed exact pair before adding an edge,Homolog incidence is not an edge probability or a named target neuron
81,C_type_hypothesis,720575940625125640,R1-6,right,L1,3730,3451,0.9252,5229,yes,Use as a cell-type search term; require an observed exact pair before adding an edge,Homolog incidence is not an edge probability or a named target neuron
82,C_type_hypothesis,720575940625416167,R1-6,right,L1,3730,3451,0.9252,5229,yes,Use as a cell-type search term; require an observed exact pair before adding an edge,Homolog incidence is not an edge probability or a named target neuron
83,C_type_hypothesis,720575940625511572,R1-6,right,L1,3730,3451,0.9252,5229,yes,Use as a cell-type search term; require an observed exact pair before adding an edge,Homolog incidence is not an edge probability or a named target neuron
84,C_type_hypothesis,720575940625717747,R1-6,right,L1,3730,3451,0.9252,5229,yes,Use as a cell-type search term; require an observed exact pair before adding an edge,Homolog incidence is not an edge probability or a named target neuron
85,C_type_hypothesis,720575940625781692,R1-6,right,L1,3730,3451,0.9252,5229,yes,Use as a cell-type search term; require an observed exact pair before adding an edge,Homolog incidence is not an edge probability or a named target neuron
86,C_type_hypothesis,720575940626585744,R1-6,right,L1,3730,3451,0.9252,5229,yes,Use as a cell-type search term; require an observed exact pair before adding an edge,Homolog incidence is not an edge probability or a named target neuron
87,C_type_hypothesis,720575940626928740,R1-6,right,L1,3730,3451,0.9252,5229,yes,Use as a cell-type search term; require an observed exact pair before adding an edge,Homolog incidence is not an edge probability or a named target neuron
88,C_type_hypothesis,720575940627138306,R1-6,right,L1,3730,3451,0.9252,5229,yes,Use as a cell-type search term; require an observed exact pair before adding an edge,Homolog incidence is not an edge probability or a named target neuron
89,C_type_hypothesis,720575940627638558,R1-6,right,L1,3730,3451,0.9252,5229,yes,Use as a cell-type search term; require an observed exact pair before adding an edge,Homolog incidence is not an edge probability or a named target neuron
90,C_type_hypothesis,720575940627671433,R1-6,right,L1,3730,3451,0.9252,5229,yes,Use as a cell-type search term; require an observed exact pair before adding an edge,Homolog incidence is not an edge probability or a named target neuron
91,C_type_hypothesis,720575940627855768,R1-6,right,L1,3730,3451,0.9252,5229,yes,Use as a cell-type search term; require an observed exact pair before adding an edge,Homolog incidence is not an edge probability or a named target neuron
92,C_type_hypothesis,720575940627873299,R1-6,right,L1,3730,3451,0.9252,5229,yes,Use as a cell-type search term; require an observed exact pair before adding an edge,Homolog incidence is not an edge probability or a named target neuron
93,C_type_hypothesis,720575940628054397,R1-6,right,L1,3730,3451,0.9252,5229,yes,Use as a cell-type search term; require an observed exact pair before adding an edge,Homolog incidence is not an edge probability or a named target neuron
94,C_type_hypothesis,720575940628102013,R1-6,right,L1,3730,3451,0.9252,5229,yes,Use as a cell-type search term; require an observed exact pair before adding an edge,Homolog incidence is not an edge probability or a named target neuron
95,C_type_hypothesis,720575940628131130,R1-6,right,L1,3730,3451,0.9252,5229,yes,Use as a cell-type search term; require an observed exact pair before adding an edge,Homolog incidence is not an edge probability or a named target neuron
96,C_type_hypothesis,720575940628442389,R1-6,right,L1,3730,3451,0.9252,5229,yes,Use as a cell-type search term; require an observed exact pair before adding an edge,Homolog incidence is not an edge probability or a named target neuron
97,C_type_hypothesis,720575940628522152,R1-6,right,L1,3730,3451,0.9252,5229,yes,Use as a cell-type search term; require an observed exact pair before adding an edge,Homolog incidence is not an edge probability or a named target neuron
98,C_type_hypothesis,720575940628648936,R1-6,right,L1,3730,3451,0.9252,5229,yes,Use as a cell-type search term; require an observed exact pair before adding an edge,Homolog incidence is not an edge probability or a named target neuron
99,C_type_hypothesis,720575940628789064,R1-6,right,L1,3730,3451,0.9252,5229,yes,Use as a cell-type search term; require an observed exact pair before adding an edge,Homolog incidence is not an edge probability or a named target neuron
100,C_type_hypothesis,720575940629285873,R1-6,right,L1,3730,3451,0.9252,5229,yes,Use as a cell-type search term; require an observed exact pair before adding an edge,Homolog incidence is not an edge probability or a named target neuron
101,C_type_hypothesis,720575940629377641,R1-6,right,L1,3730,3451,0.9252,5229,yes,Use as a cell-type search term; require an observed exact pair before adding an edge,Homolog incidence is not an edge probability or a named target neuron
102,C_type_hypothesis,720575940629499395,R1-6,right,L1,3730,3451,0.9252,5229,yes,Use as a cell-type search term; require an observed exact pair before adding an edge,Homolog incidence is not an edge probability or a named target neuron
103,C_type_hypothesis,720575940629714793,R1-6,right,L1,3730,3451,0.9252,5229,yes,Use as a cell-type search term; require an observed exact pair before adding an edge,Homolog incidence is not an edge probability or a named target neuron
104,C_type_hypothesis,720575940629854507,R1-6,right,L1,3730,3451,0.9252,5229,yes,Use as a cell-type search term; require an observed exact pair before adding an edge,Homolog incidence is not an edge probability or a named target neuron
105,C_type_hypothesis,720575940630333566,R1-6,right,L1,3730,3451,0.9252,5229,yes,Use as a cell-type search term; require an observed exact pair before adding an edge,Homolog incidence is not an edge probability or a named target neuron
106,C_type_hypothesis,720575940630351554,R1-6,right,L1,3730,3451,0.9252,5229,yes,Use as a cell-type search term; require an observed exact pair before adding an edge,Homolog incidence is not an edge probability or a named target neuron
107,C_type_hypothesis,720575940630423418,R1-6,right,L1,3730,3451,0.9252,5229,yes,Use as a cell-type search term; require an observed exact pair before adding an edge,Homolog incidence is not an edge probability or a named target neuron
108,C_type_hypothesis,720575940630485626,R1-6,right,L1,3730,3451,0.9252,5229,yes,Use as a cell-type search term; require an observed exact pair before adding an edge,Homolog incidence is not an edge probability or a named target neuron
109,C_type_hypothesis,720575940630869548,R1-6,right,L1,3730,3451,0.9252,5229,yes,Use as a cell-type search term; require an observed exact pair before adding an edge,Homolog incidence is not an edge probability or a named target neuron
110,C_type_hypothesis,720575940630871260,R1-6,right,L1,3730,3451,0.9252,5229,yes,Use as a cell-type search term; require an observed exact pair before adding an edge,Homolog incidence is not an edge probability or a named target neuron
111,C_type_hypothesis,720575940631043900,R1-6,right,L1,3730,3451,0.9252,5229,yes,Use as a cell-type search term; require an observed exact pair before adding an edge,Homolog incidence is not an edge probability or a named target neuron
112,C_type_hypothesis,720575940631048812,R1-6,right,L1,3730,3451,0.9252,5229,yes,Use as a cell-type search term; require an observed exact pair before adding an edge,Homolog incidence is not an edge probability or a named target neuron
113,C_type_hypothesis,720575940631186550,R1-6,right,L1,3730,3451,0.9252,5229,yes,Use as a cell-type search term; require an observed exact pair before adding an edge,Homolog incidence is not an edge probability or a named target neuron
114,C_type_hypothesis,720575940631286636,R1-6,right,L1,3730,3451,0.9252,5229,yes,Use as a cell-type search term; require an observed exact pair before adding an edge,Homolog incidence is not an edge probability or a named target neuron
115,C_type_hypothesis,720575940631301883,R1-6,right,L1,3730,3451,0.9252,5229,yes,Use as a cell-type search term; require an observed exact pair before adding an edge,Homolog incidence is not an edge probability or a named target neuron
116,C_type_hypothesis,720575940631388887,R1-6,right,L1,3730,3451,0.9252,5229,yes,Use as a cell-type search term; require an observed exact pair before adding an edge,Homolog incidence is not an edge probability or a named target neuron
117,C_type_hypothesis,720575940631647173,R1-6,right,L1,3730,3451,0.9252,5229,yes,Use as a cell-type search term; require an observed exact pair before adding an edge,Homolog incidence is not an edge probability or a named target neuron
118,C_type_hypothesis,720575940631750095,R1-6,right,L1,3730,3451,0.9252,5229,yes,Use as a cell-type search term; require an observed exact pair before adding an edge,Homolog incidence is not an edge probability or a named target neuron
119,C_type_hypothesis,720575940631845839,R1-6,right,L1,3730,3451,0.9252,5229,yes,Use as a cell-type search term; require an observed exact pair before adding an edge,Homolog incidence is not an edge probability or a named target neuron
120,C_type_hypothesis,720575940632083275,R1-6,right,L1,3730,3451,0.9252,5229,yes,Use as a cell-type search term; require an observed exact pair before adding an edge,Homolog incidence is not an edge probability or a named target neuron
121,C_type_hypothesis,720575940632189970,R1-6,right,L1,3730,3451,0.9252,5229,yes,Use as a cell-type search term; require an observed exact pair before adding an edge,Homolog incidence is not an edge probability or a named target neuron
122,C_type_hypothesis,720575940632382994,R1-6,right,L1,3730,3451,0.9252,5229,yes,Use as a cell-type search term; require an observed exact pair before adding an edge,Homolog incidence is not an edge probability or a named target neuron
123,C_type_hypothesis,720575940632581945,R1-6,right,L1,3730,3451,0.9252,5229,yes,Use as a cell-type search term; require an observed exact pair before adding an edge,Homolog incidence is not an edge probability or a named target neuron
124,C_type_hypothesis,720575940633176351,R1-6,right,L1,3730,3451,0.9252,5229,yes,Use as a cell-type search term; require an observed exact pair before adding an edge,Homolog incidence is not an edge probability or a named target neuron
125,C_type_hypothesis,720575940633188492,R1-6,right,L1,3730,3451,0.9252,5229,yes,Use as a cell-type search term; require an observed exact pair before adding an edge,Homolog incidence is not an edge probability or a named target neuron
126,C_type_hypothesis,720575940633561887,R1-6,right,L1,3730,3451,0.9252,5229,yes,Use as a cell-type search term; require an observed exact pair before adding an edge,Homolog incidence is not an edge probability or a named target neuron
127,C_type_hypothesis,720575940633773523,R1-6,right,L1,3730,3451,0.9252,5229,yes,Use as a cell-type search term; require an observed exact pair before adding an edge,Homolog incidence is not an edge probability or a named target neuron
128,C_type_hypothesis,720575940635013020,R1-6,right,L1,3730,3451,0.9252,5229,yes,Use as a cell-type search term; require an observed exact pair before adding an edge,Homolog incidence is not an edge probability or a named target neuron
129,C_type_hypothesis,720575940635168407,R1-6,right,L1,3730,3451,0.9252,5229,yes,Use as a cell-type search term; require an observed exact pair before adding an edge,Homolog incidence is not an edge probability or a named target neuron
130,C_type_hypothesis,720575940635516058,R1-6,right,L1,3730,3451,0.9252,5229,yes,Use as a cell-type search term; require an observed exact pair before adding an edge,Homolog incidence is not an edge probability or a named target neuron
131,C_type_hypothesis,720575940635677887,R1-6,right,L1,3730,3451,0.9252,5229,yes,Use as a cell-type search term; require an observed exact pair before adding an edge,Homolog incidence is not an edge probability or a named target neuron
132,C_type_hypothesis,720575940636307960,R1-6,right,L1,3730,3451,0.9252,5229,yes,Use as a cell-type search term; require an observed exact pair before adding an edge,Homolog incidence is not an edge probability or a named target neuron
133,C_type_hypothesis,720575940636401400,R1-6,right,L1,3730,3451,0.9252,5229,yes,Use as a cell-type search term; require an observed exact pair before adding an edge,Homolog incidence is not an edge probability or a named target neuron
134,C_type_hypothesis,720575940637514414,R1-6,right,L1,3730,3451,0.9252,5229,yes,Use as a cell-type search term; require an observed exact pair before adding an edge,Homolog incidence is not an edge probability or a named target neuron
135,C_type_hypothesis,720575940638616922,R1-6,right,L1,3730,3451,0.9252,5229,yes,Use as a cell-type search term; require an observed exact pair before adding an edge,Homolog incidence is not an edge probability or a named target neuron
136,C_type_hypothesis,720575940638921700,R1-6,right,L1,3730,3451,0.9252,5229,yes,Use as a cell-type search term; require an observed exact pair before adding an edge,Homolog incidence is not an edge probability or a named target neuron
137,C_type_hypothesis,720575940639201508,R1-6,right,L1,3730,3451,0.9252,5229,yes,Use as a cell-type search term; require an observed exact pair before adding an edge,Homolog incidence is not an edge probability or a named target neuron
138,C_type_hypothesis,720575940640017597,R1-6,right,L1,3730,3451,0.9252,5229,yes,Use as a cell-type search term; require an observed exact pair before adding an edge,Homolog incidence is not an edge probability or a named target neuron
139,C_type_hypothesis,720575940643034765,R1-6,right,L1,3730,3451,0.9252,5229,yes,Use as a cell-type search term; require an observed exact pair before adding an edge,Homolog incidence is not an edge probability or a named target neuron
140,C_type_hypothesis,720575940644276128,R1-6,right,L1,3730,3451,0.9252,5229,yes,Use as a cell-type search term; require an observed exact pair before adding an edge,Homolog incidence is not an edge probability or a named target neuron
141,C_type_hypothesis,720575940645941027,R1-6,right,L1,3730,3451,0.9252,5229,yes,Use as a cell-type search term; require an observed exact pair before adding an edge,Homolog incidence is not an edge probability or a named target neuron
142,C_type_hypothesis,720575940645991278,R1-6,right,L1,3730,3451,0.9252,5229,yes,Use as a cell-type search term; require an observed exact pair before adding an edge,Homolog incidence is not an edge probability or a named target neuron
143,C_type_hypothesis,720575940646459502,R1-6,right,L1,3730,3451,0.9252,5229,yes,Use as a cell-type search term; require an observed exact pair before adding an edge,Homolog incidence is not an edge probability or a named target neuron
144,C_type_hypothesis,720575940647229219,R1-6,right,L1,3730,3451,0.9252,5229,yes,Use as a cell-type search term; require an observed exact pair before adding an edge,Homolog incidence is not an edge probability or a named target neuron
145,C_type_hypothesis,720575940648383364,R1-6,right,L1,3730,3451,0.9252,5229,yes,Use as a cell-type search term; require an observed exact pair before adding an edge,Homolog incidence is not an edge probability or a named target neuron
146,C_type_hypothesis,720575940655596193,R1-6,right,L1,3730,3451,0.9252,5229,yes,Use as a cell-type search term; require an observed exact pair before adding an edge,Homolog incidence is not an edge probability or a named target neuron
147,C_type_hypothesis,720575940613587609,R8,right,Dm9,648,587,0.9059,920,yes,Use as a cell-type search term; require an observed exact pair before adding an edge,Homolog incidence is not an edge probability or a named target neuron
148,C_type_hypothesis,720575940648702084,R8,right,Dm9,648,587,0.9059,920,yes,Use as a cell-type search term; require an observed exact pair before adding an edge,Homolog incidence is not an edge probability or a named target neuron
149,C_type_hypothesis,720575940606503870,R1-6,right,L2,3730,3351,0.8984,5196,yes,Use as a cell-type search term; require an observed exact pair before adding an edge,Homolog incidence is not an edge probability or a named target neuron
150,C_type_hypothesis,720575940607773314,R1-6,right,L2,3730,3351,0.8984,5196,yes,Use as a cell-type search term; require an observed exact pair before adding an edge,Homolog incidence is not an edge probability or a named target neuron
151,C_type_hypothesis,720575940607860169,R1-6,right,L2,3730,3351,0.8984,5196,yes,Use as a cell-type search term; require an observed exact pair before adding an edge,Homolog incidence is not an edge probability or a named target neuron
152,C_type_hypothesis,720575940608078345,R1-6,right,L2,3730,3351,0.8984,5196,yes,Use as a cell-type search term; require an observed exact pair before adding an edge,Homolog incidence is not an edge probability or a named target neuron
153,C_type_hypothesis,720575940609016668,R1-6,right,L2,3730,3351,0.8984,5196,yes,Use as a cell-type search term; require an observed exact pair before adding an edge,Homolog incidence is not an edge probability or a named target neuron
154,C_type_hypothesis,720575940609485579,R1-6,right,L2,3730,3351,0.8984,5196,yes,Use as a cell-type search term; require an observed exact pair before adding an edge,Homolog incidence is not an edge probability or a named target neuron
155,C_type_hypothesis,720575940610715204,R1-6,right,L2,3730,3351,0.8984,5196,yes,Use as a cell-type search term; require an observed exact pair before adding an edge,Homolog incidence is not an edge probability or a named target neuron
156,C_type_hypothesis,720575940610821188,R1-6,right,L2,3730,3351,0.8984,5196,yes,Use as a cell-type search term; require an observed exact pair before adding an edge,Homolog incidence is not an edge probability or a named target neuron
157,C_type_hypothesis,720575940611532664,R1-6,right,L2,3730,3351,0.8984,5196,yes,Use as a cell-type search term; require an observed exact pair before adding an edge,Homolog incidence is not an edge probability or a named target neuron
158,C_type_hypothesis,720575940611550840,R1-6,right,L2,3730,3351,0.8984,5196,yes,Use as a cell-type search term; require an observed exact pair before adding an edge,Homolog incidence is not an edge probability or a named target neuron
159,C_type_hypothesis,720575940612735194,R1-6,right,L2,3730,3351,0.8984,5196,yes,Use as a cell-type search term; require an observed exact pair before adding an edge,Homolog incidence is not an edge probability or a named target neuron
160,C_type_hypothesis,720575940612839793,R1-6,right,L2,3730,3351,0.8984,5196,yes,Use as a cell-type search term; require an observed exact pair before adding an edge,Homolog incidence is not an edge probability or a named target neuron
161,C_type_hypothesis,720575940612899763,R1-6,right,L2,3730,3351,0.8984,5196,yes,Use as a cell-type search term; require an observed exact pair before adding an edge,Homolog incidence is not an edge probability or a named target neuron
162,C_type_hypothesis,720575940612943066,R1-6,right,L2,3730,3351,0.8984,5196,yes,Use as a cell-type search term; require an observed exact pair before adding an edge,Homolog incidence is not an edge probability or a named target neuron
163,C_type_hypothesis,720575940612947635,R1-6,right,L2,3730,3351,0.8984,5196,yes,Use as a cell-type search term; require an observed exact pair before adding an edge,Homolog incidence is not an edge probability or a named target neuron
164,C_type_hypothesis,720575940613196261,R1-6,right,L2,3730,3351,0.8984,5196,yes,Use as a cell-type search term; require an observed exact pair before adding an edge,Homolog incidence is not an edge probability or a named target neuron
165,C_type_hypothesis,720575940613474474,R1-6,right,L2,3730,3351,0.8984,5196,yes,Use as a cell-type search term; require an observed exact pair before adding an edge,Homolog incidence is not an edge probability or a named target neuron
166,C_type_hypothesis,720575940613971683,R1-6,right,L2,3730,3351,0.8984,5196,yes,Use as a cell-type search term; require an observed exact pair before adding an edge,Homolog incidence is not an edge probability or a named target neuron
167,C_type_hypothesis,720575940614792623,R1-6,right,L2,3730,3351,0.8984,5196,yes,Use as a cell-type search term; require an observed exact pair before adding an edge,Homolog incidence is not an edge probability or a named target neuron
168,C_type_hypothesis,720575940614839215,R1-6,right,L2,3730,3351,0.8984,5196,yes,Use as a cell-type search term; require an observed exact pair before adding an edge,Homolog incidence is not an edge probability or a named target neuron
169,C_type_hypothesis,720575940614928849,R1-6,right,L2,3730,3351,0.8984,5196,yes,Use as a cell-type search term; require an observed exact pair before adding an edge,Homolog incidence is not an edge probability or a named target neuron
170,C_type_hypothesis,720575940615167742,R1-6,right,L2,3730,3351,0.8984,5196,yes,Use as a cell-type search term; require an observed exact pair before adding an edge,Homolog incidence is not an edge probability or a named target neuron
171,C_type_hypothesis,720575940615708066,R1-6,right,L2,3730,3351,0.8984,5196,yes,Use as a cell-type search term; require an observed exact pair before adding an edge,Homolog incidence is not an edge probability or a named target neuron
172,C_type_hypothesis,720575940615951839,R1-6,right,L2,3730,3351,0.8984,5196,yes,Use as a cell-type search term; require an observed exact pair before adding an edge,Homolog incidence is not an edge probability or a named target neuron
173,C_type_hypothesis,720575940616346822,R1-6,right,L2,3730,3351,0.8984,5196,yes,Use as a cell-type search term; require an observed exact pair before adding an edge,Homolog incidence is not an edge probability or a named target neuron
174,C_type_hypothesis,720575940616450626,R1-6,right,L2,3730,3351,0.8984,5196,yes,Use as a cell-type search term; require an observed exact pair before adding an edge,Homolog incidence is not an edge probability or a named target neuron
175,C_type_hypothesis,720575940617920827,R1-6,right,L2,3730,3351,0.8984,5196,yes,Use as a cell-type search term; require an observed exact pair before adding an edge,Homolog incidence is not an edge probability or a named target neuron
176,C_type_hypothesis,720575940618115289,R1-6,right,L2,3730,3351,0.8984,5196,yes,Use as a cell-type search term; require an observed exact pair before adding an edge,Homolog incidence is not an edge probability or a named target neuron
177,C_type_hypothesis,720575940618150105,R1-6,right,L2,3730,3351,0.8984,5196,yes,Use as a cell-type search term; require an observed exact pair before adding an edge,Homolog incidence is not an edge probability or a named target neuron
178,C_type_hypothesis,720575940618223419,R1-6,right,L2,3730,3351,0.8984,5196,yes,Use as a cell-type search term; require an observed exact pair before adding an edge,Homolog incidence is not an edge probability or a named target neuron
179,C_type_hypothesis,720575940618437922,R1-6,right,L2,3730,3351,0.8984,5196,yes,Use as a cell-type search term; require an observed exact pair before adding an edge,Homolog incidence is not an edge probability or a named target neuron
180,C_type_hypothesis,720575940618531618,R1-6,right,L2,3730,3351,0.8984,5196,yes,Use as a cell-type search term; require an observed exact pair before adding an edge,Homolog incidence is not an edge probability or a named target neuron
181,C_type_hypothesis,720575940618663069,R1-6,right,L2,3730,3351,0.8984,5196,yes,Use as a cell-type search term; require an observed exact pair before adding an edge,Homolog incidence is not an edge probability or a named target neuron
182,C_type_hypothesis,720575940618712221,R1-6,right,L2,3730,3351,0.8984,5196,yes,Use as a cell-type search term; require an observed exact pair before adding an edge,Homolog incidence is not an edge probability or a named target neuron
183,C_type_hypothesis,720575940618718977,R1-6,right,L2,3730,3351,0.8984,5196,yes,Use as a cell-type search term; require an observed exact pair before adding an edge,Homolog incidence is not an edge probability or a named target neuron
184,C_type_hypothesis,720575940618743709,R1-6,right,L2,3730,3351,0.8984,5196,yes,Use as a cell-type search term; require an observed exact pair before adding an edge,Homolog incidence is not an edge probability or a named target neuron
185,C_type_hypothesis,720575940619065664,R1-6,right,L2,3730,3351,0.8984,5196,yes,Use as a cell-type search term; require an observed exact pair before adding an edge,Homolog incidence is not an edge probability or a named target neuron
186,C_type_hypothesis,720575940619877022,R1-6,right,L2,3730,3351,0.8984,5196,yes,Use as a cell-type search term; require an observed exact pair before adding an edge,Homolog incidence is not an edge probability or a named target neuron
187,C_type_hypothesis,720575940620232920,R1-6,right,L2,3730,3351,0.8984,5196,yes,Use as a cell-type search term; require an observed exact pair before adding an edge,Homolog incidence is not an edge probability or a named target neuron
188,C_type_hypothesis,720575940620629553,R1-6,right,L2,3730,3351,0.8984,5196,yes,Use as a cell-type search term; require an observed exact pair before adding an edge,Homolog incidence is not an edge probability or a named target neuron
189,C_type_hypothesis,720575940620647760,R1-6,right,L2,3730,3351,0.8984,5196,yes,Use as a cell-type search term; require an observed exact pair before adding an edge,Homolog incidence is not an edge probability or a named target neuron
190,C_type_hypothesis,720575940620666315,R1-6,right,L2,3730,3351,0.8984,5196,yes,Use as a cell-type search term; require an observed exact pair before adding an edge,Homolog incidence is not an edge probability or a named target neuron
191,C_type_hypothesis,720575940620722000,R1-6,right,L2,3730,3351,0.8984,5196,yes,Use as a cell-type search term; require an observed exact pair before adding an edge,Homolog incidence is not an edge probability or a named target neuron
192,C_type_hypothesis,720575940620753744,R1-6,right,L2,3730,3351,0.8984,5196,yes,Use as a cell-type search term; require an observed exact pair before adding an edge,Homolog incidence is not an edge probability or a named target neuron
193,C_type_hypothesis,720575940621090213,R1-6,right,L2,3730,3351,0.8984,5196,yes,Use as a cell-type search term; require an observed exact pair before adding an edge,Homolog incidence is not an edge probability or a named target neuron
194,C_type_hypothesis,720575940621103269,R1-6,right,L2,3730,3351,0.8984,5196,yes,Use as a cell-type search term; require an observed exact pair before adding an edge,Homolog incidence is not an edge probability or a named target neuron
195,C_type_hypothesis,720575940621193051,R1-6,right,L2,3730,3351,0.8984,5196,yes,Use as a cell-type search term; require an observed exact pair before adding an edge,Homolog incidence is not an edge probability or a named target neuron
196,C_type_hypothesis,720575940621349285,R1-6,right,L2,3730,3351,0.8984,5196,yes,Use as a cell-type search term; require an observed exact pair before adding an edge,Homolog incidence is not an edge probability or a named target neuron
197,C_type_hypothesis,720575940621443206,R1-6,right,L2,3730,3351,0.8984,5196,yes,Use as a cell-type search term; require an observed exact pair before adding an edge,Homolog incidence is not an edge probability or a named target neuron
198,C_type_hypothesis,720575940621462511,R1-6,right,L2,3730,3351,0.8984,5196,yes,Use as a cell-type search term; require an observed exact pair before adding an edge,Homolog incidence is not an edge probability or a named target neuron
199,C_type_hypothesis,720575940621489243,R1-6,right,L2,3730,3351,0.8984,5196,yes,Use as a cell-type search term; require an observed exact pair before adding an edge,Homolog incidence is not an edge probability or a named target neuron
200,C_type_hypothesis,720575940621500070,R1-6,right,L2,3730,3351,0.8984,5196,yes,Use as a cell-type search term; require an observed exact pair before adding an edge,Homolog incidence is not an edge probability or a named target neuron
201,C_type_hypothesis,720575940621667462,R1-6,right,L2,3730,3351,0.8984,5196,yes,Use as a cell-type search term; require an observed exact pair before adding an edge,Homolog incidence is not an edge probability or a named target neuron
202,C_type_hypothesis,720575940621944941,R1-6,right,L2,3730,3351,0.8984,5196,yes,Use as a cell-type search term; require an observed exact pair before adding an edge,Homolog incidence is not an edge probability or a named target neuron
203,C_type_hypothesis,720575940622029494,R1-6,right,L2,3730,3351,0.8984,5196,yes,Use as a cell-type search term; require an observed exact pair before adding an edge,Homolog incidence is not an edge probability or a named target neuron
204,C_type_hypothesis,720575940622056368,R1-6,right,L2,3730,3351,0.8984,5196,yes,Use as a cell-type search term; require an observed exact pair before adding an edge,Homolog incidence is not an edge probability or a named target neuron
205,C_type_hypothesis,720575940622270273,R1-6,right,L2,3730,3351,0.8984,5196,yes,Use as a cell-type search term; require an observed exact pair before adding an edge,Homolog incidence is not an edge probability or a named target neuron
206,C_type_hypothesis,720575940622303216,R1-6,right,L2,3730,3351,0.8984,5196,yes,Use as a cell-type search term; require an observed exact pair before adding an edge,Homolog incidence is not an edge probability or a named target neuron
207,C_type_hypothesis,720575940622404991,R1-6,right,L2,3730,3351,0.8984,5196,yes,Use as a cell-type search term; require an observed exact pair before adding an edge,Homolog incidence is not an edge probability or a named target neuron
208,C_type_hypothesis,720575940622545023,R1-6,right,L2,3730,3351,0.8984,5196,yes,Use as a cell-type search term; require an observed exact pair before adding an edge,Homolog incidence is not an edge probability or a named target neuron
209,C_type_hypothesis,720575940622703640,R1-6,right,L2,3730,3351,0.8984,5196,yes,Use as a cell-type search term; require an observed exact pair before adding an edge,Homolog incidence is not an edge probability or a named target neuron
210,C_type_hypothesis,720575940622799137,R1-6,right,L2,3730,3351,0.8984,5196,yes,Use as a cell-type search term; require an observed exact pair before adding an edge,Homolog incidence is not an edge probability or a named target neuron
211,C_type_hypothesis,720575940622799898,R1-6,right,L2,3730,3351,0.8984,5196,yes,Use as a cell-type search term; require an observed exact pair before adding an edge,Homolog incidence is not an edge probability or a named target neuron
212,C_type_hypothesis,720575940622814302,R1-6,right,L2,3730,3351,0.8984,5196,yes,Use as a cell-type search term; require an observed exact pair before adding an edge,Homolog incidence is not an edge probability or a named target neuron
213,C_type_hypothesis,720575940622918012,R1-6,right,L2,3730,3351,0.8984,5196,yes,Use as a cell-type search term; require an observed exact pair before adding an edge,Homolog incidence is not an edge probability or a named target neuron
214,C_type_hypothesis,720575940622939998,R1-6,right,L2,3730,3351,0.8984,5196,yes,Use as a cell-type search term; require an observed exact pair before adding an edge,Homolog incidence is not an edge probability or a named target neuron
215,C_type_hypothesis,720575940623003169,R1-6,right,L2,3730,3351,0.8984,5196,yes,Use as a cell-type search term; require an observed exact pair before adding an edge,Homolog incidence is not an edge probability or a named target neuron
216,C_type_hypothesis,720575940623005308,R1-6,right,L2,3730,3351,0.8984,5196,yes,Use as a cell-type search term; require an observed exact pair before adding an edge,Homolog incidence is not an edge probability or a named target neuron
217,C_type_hypothesis,720575940623239133,R1-6,right,L2,3730,3351,0.8984,5196,yes,Use as a cell-type search term; require an observed exact pair before adding an edge,Homolog incidence is not an edge probability or a named target neuron
218,C_type_hypothesis,720575940623770637,R1-6,right,L2,3730,3351,0.8984,5196,yes,Use as a cell-type search term; require an observed exact pair before adding an edge,Homolog incidence is not an edge probability or a named target neuron
219,C_type_hypothesis,720575940624139305,R1-6,right,L2,3730,3351,0.8984,5196,yes,Use as a cell-type search term; require an observed exact pair before adding an edge,Homolog incidence is not an edge probability or a named target neuron
220,C_type_hypothesis,720575940624141508,R1-6,right,L2,3730,3351,0.8984,5196,yes,Use as a cell-type search term; require an observed exact pair before adding an edge,Homolog incidence is not an edge probability or a named target neuron
221,C_type_hypothesis,720575940624870217,R1-6,right,L2,3730,3351,0.8984,5196,yes,Use as a cell-type search term; require an observed exact pair before adding an edge,Homolog incidence is not an edge probability or a named target neuron
222,C_type_hypothesis,720575940624956139,R1-6,right,L2,3730,3351,0.8984,5196,yes,Use as a cell-type search term; require an observed exact pair before adding an edge,Homolog incidence is not an edge probability or a named target neuron
223,C_type_hypothesis,720575940625113015,R1-6,right,L2,3730,3351,0.8984,5196,yes,Use as a cell-type search term; require an observed exact pair before adding an edge,Homolog incidence is not an edge probability or a named target neuron
224,C_type_hypothesis,720575940625125640,R1-6,right,L2,3730,3351,0.8984,5196,yes,Use as a cell-type search term; require an observed exact pair before adding an edge,Homolog incidence is not an edge probability or a named target neuron
225,C_type_hypothesis,720575940625416167,R1-6,right,L2,3730,3351,0.8984,5196,yes,Use as a cell-type search term; require an observed exact pair before adding an edge,Homolog incidence is not an edge probability or a named target neuron
226,C_type_hypothesis,720575940625511572,R1-6,right,L2,3730,3351,0.8984,5196,yes,Use as a cell-type search term; require an observed exact pair before adding an edge,Homolog incidence is not an edge probability or a named target neuron
227,C_type_hypothesis,720575940625717747,R1-6,right,L2,3730,3351,0.8984,5196,yes,Use as a cell-type search term; require an observed exact pair before adding an edge,Homolog incidence is not an edge probability or a named target neuron
228,C_type_hypothesis,720575940625781692,R1-6,right,L2,3730,3351,0.8984,5196,yes,Use as a cell-type search term; require an observed exact pair before adding an edge,Homolog incidence is not an edge probability or a named target neuron
229,C_type_hypothesis,720575940626585744,R1-6,right,L2,3730,3351,0.8984,5196,yes,Use as a cell-type search term; require an observed exact pair before adding an edge,Homolog incidence is not an edge probability or a named target neuron
230,C_type_hypothesis,720575940626928740,R1-6,right,L2,3730,3351,0.8984,5196,yes,Use as a cell-type search term; require an observed exact pair before adding an edge,Homolog incidence is not an edge probability or a named target neuron
231,C_type_hypothesis,720575940627138306,R1-6,right,L2,3730,3351,0.8984,5196,yes,Use as a cell-type search term; require an observed exact pair before adding an edge,Homolog incidence is not an edge probability or a named target neuron
232,C_type_hypothesis,720575940627638558,R1-6,right,L2,3730,3351,0.8984,5196,yes,Use as a cell-type search term; require an observed exact pair before adding an edge,Homolog incidence is not an edge probability or a named target neuron
233,C_type_hypothesis,720575940627671433,R1-6,right,L2,3730,3351,0.8984,5196,yes,Use as a cell-type search term; require an observed exact pair before adding an edge,Homolog incidence is not an edge probability or a named target neuron
234,C_type_hypothesis,720575940627855768,R1-6,right,L2,3730,3351,0.8984,5196,yes,Use as a cell-type search term; require an observed exact pair before adding an edge,Homolog incidence is not an edge probability or a named target neuron
235,C_type_hypothesis,720575940627873299,R1-6,right,L2,3730,3351,0.8984,5196,yes,Use as a cell-type search term; require an observed exact pair before adding an edge,Homolog incidence is not an edge probability or a named target neuron
236,C_type_hypothesis,720575940628054397,R1-6,right,L2,3730,3351,0.8984,5196,yes,Use as a cell-type search term; require an observed exact pair before adding an edge,Homolog incidence is not an edge probability or a named target neuron
237,C_type_hypothesis,720575940628102013,R1-6,right,L2,3730,3351,0.8984,5196,yes,Use as a cell-type search term; require an observed exact pair before adding an edge,Homolog incidence is not an edge probability or a named target neuron
238,C_type_hypothesis,720575940628131130,R1-6,right,L2,3730,3351,0.8984,5196,yes,Use as a cell-type search term; require an observed exact pair before adding an edge,Homolog incidence is not an edge probability or a named target neuron
239,C_type_hypothesis,720575940628442389,R1-6,right,L2,3730,3351,0.8984,5196,yes,Use as a cell-type search term; require an observed exact pair before adding an edge,Homolog incidence is not an edge probability or a named target neuron
240,C_type_hypothesis,720575940628522152,R1-6,right,L2,3730,3351,0.8984,5196,yes,Use as a cell-type search term; require an observed exact pair before adding an edge,Homolog incidence is not an edge probability or a named target neuron
241,C_type_hypothesis,720575940628648936,R1-6,right,L2,3730,3351,0.8984,5196,yes,Use as a cell-type search term; require an observed exact pair before adding an edge,Homolog incidence is not an edge probability or a named target neuron
242,C_type_hypothesis,720575940628789064,R1-6,right,L2,3730,3351,0.8984,5196,yes,Use as a cell-type search term; require an observed exact pair before adding an edge,Homolog incidence is not an edge probability or a named target neuron
243,C_type_hypothesis,720575940629285873,R1-6,right,L2,3730,3351,0.8984,5196,yes,Use as a cell-type search term; require an observed exact pair before adding an edge,Homolog incidence is not an edge probability or a named target neuron
244,C_type_hypothesis,720575940629377641,R1-6,right,L2,3730,3351,0.8984,5196,yes,Use as a cell-type search term; require an observed exact pair before adding an edge,Homolog incidence is not an edge probability or a named target neuron
245,C_type_hypothesis,720575940629499395,R1-6,right,L2,3730,3351,0.8984,5196,yes,Use as a cell-type search term; require an observed exact pair before adding an edge,Homolog incidence is not an edge probability or a named target neuron
246,C_type_hypothesis,720575940629714793,R1-6,right,L2,3730,3351,0.8984,5196,yes,Use as a cell-type search term; require an observed exact pair before adding an edge,Homolog incidence is not an edge probability or a named target neuron
247,C_type_hypothesis,720575940629854507,R1-6,right,L2,3730,3351,0.8984,5196,yes,Use as a cell-type search term; require an observed exact pair before adding an edge,Homolog incidence is not an edge probability or a named target neuron
248,C_type_hypothesis,720575940630333566,R1-6,right,L2,3730,3351,0.8984,5196,yes,Use as a cell-type search term; require an observed exact pair before adding an edge,Homolog incidence is not an edge probability or a named target neuron
249,C_type_hypothesis,720575940630351554,R1-6,right,L2,3730,3351,0.8984,5196,yes,Use as a cell-type search term; require an observed exact pair before adding an edge,Homolog incidence is not an edge probability or a named target neuron
250,C_type_hypothesis,720575940630423418,R1-6,right,L2,3730,3351,0.8984,5196,yes,Use as a cell-type search term; require an observed exact pair before adding an edge,Homolog incidence is not an edge probability or a named target neuron
251,C_type_hypothesis,720575940630485626,R1-6,right,L2,3730,3351,0.8984,5196,yes,Use as a cell-type search term; require an observed exact pair before adding an edge,Homolog incidence is not an edge probability or a named target neuron
252,C_type_hypothesis,720575940630869548,R1-6,right,L2,3730,3351,0.8984,5196,yes,Use as a cell-type search term; require an observed exact pair before adding an edge,Homolog incidence is not an edge probability or a named target neuron
253,C_type_hypothesis,720575940630871260,R1-6,right,L2,3730,3351,0.8984,5196,yes,Use as a cell-type search term; require an observed exact pair before adding an edge,Homolog incidence is not an edge probability or a named target neuron
254,C_type_hypothesis,720575940631043900,R1-6,right,L2,3730,3351,0.8984,5196,yes,Use as a cell-type search term; require an observed exact pair before adding an edge,Homolog incidence is not an edge probability or a named target neuron
255,C_type_hypothesis,720575940631048812,R1-6,right,L2,3730,3351,0.8984,5196,yes,Use as a cell-type search term; require an observed exact pair before adding an edge,Homolog incidence is not an edge probability or a named target neuron
256,C_type_hypothesis,720575940631186550,R1-6,right,L2,3730,3351,0.8984,5196,yes,Use as a cell-type search term; require an observed exact pair before adding an edge,Homolog incidence is not an edge probability or a named target neuron
257,C_type_hypothesis,720575940631286636,R1-6,right,L2,3730,3351,0.8984,5196,yes,Use as a cell-type search term; require an observed exact pair before adding an edge,Homolog incidence is not an edge probability or a named target neuron
258,C_type_hypothesis,720575940631301883,R1-6,right,L2,3730,3351,0.8984,5196,yes,Use as a cell-type search term; require an observed exact pair before adding an edge,Homolog incidence is not an edge probability or a named target neuron
259,C_type_hypothesis,720575940631388887,R1-6,right,L2,3730,3351,0.8984,5196,yes,Use as a cell-type search term; require an observed exact pair before adding an edge,Homolog incidence is not an edge probability or a named target neuron
260,C_type_hypothesis,720575940631647173,R1-6,right,L2,3730,3351,0.8984,5196,yes,Use as a cell-type search term; require an observed exact pair before adding an edge,Homolog incidence is not an edge probability or a named target neuron
261,C_type_hypothesis,720575940631750095,R1-6,right,L2,3730,3351,0.8984,5196,yes,Use as a cell-type search term; require an observed exact pair before adding an edge,Homolog incidence is not an edge probability or a named target neuron
262,C_type_hypothesis,720575940631845839,R1-6,right,L2,3730,3351,0.8984,5196,yes,Use as a cell-type search term; require an observed exact pair before adding an edge,Homolog incidence is not an edge probability or a named target neuron
263,C_type_hypothesis,720575940632083275,R1-6,right,L2,3730,3351,0.8984,5196,yes,Use as a cell-type search term; require an observed exact pair before adding an edge,Homolog incidence is not an edge probability or a named target neuron
264,C_type_hypothesis,720575940632189970,R1-6,right,L2,3730,3351,0.8984,5196,yes,Use as a cell-type search term; require an observed exact pair before adding an edge,Homolog incidence is not an edge probability or a named target neuron
265,C_type_hypothesis,720575940632382994,R1-6,right,L2,3730,3351,0.8984,5196,yes,Use as a cell-type search term; require an observed exact pair before adding an edge,Homolog incidence is not an edge probability or a named target neuron
266,C_type_hypothesis,720575940632581945,R1-6,right,L2,3730,3351,0.8984,5196,yes,Use as a cell-type search term; require an observed exact pair before adding an edge,Homolog incidence is not an edge probability or a named target neuron
267,C_type_hypothesis,720575940633176351,R1-6,right,L2,3730,3351,0.8984,5196,yes,Use as a cell-type search term; require an observed exact pair before adding an edge,Homolog incidence is not an edge probability or a named target neuron
268,C_type_hypothesis,720575940633188492,R1-6,right,L2,3730,3351,0.8984,5196,yes,Use as a cell-type search term; require an observed exact pair before adding an edge,Homolog incidence is not an edge probability or a named target neuron
269,C_type_hypothesis,720575940633561887,R1-6,right,L2,3730,3351,0.8984,5196,yes,Use as a cell-type search term; require an observed exact pair before adding an edge,Homolog incidence is not an edge probability or a named target neuron
270,C_type_hypothesis,720575940633773523,R1-6,right,L2,3730,3351,0.8984,5196,yes,Use as a cell-type search term; require an observed exact pair before adding an edge,Homolog incidence is not an edge probability or a named target neuron
271,C_type_hypothesis,720575940635013020,R1-6,right,L2,3730,3351,0.8984,5196,yes,Use as a cell-type search term; require an observed exact pair before adding an edge,Homolog incidence is not an edge probability or a named target neuron
272,C_type_hypothesis,720575940635168407,R1-6,right,L2,3730,3351,0.8984,5196,yes,Use as a cell-type search term; require an observed exact pair before adding an edge,Homolog incidence is not an edge probability or a named target neuron
273,C_type_hypothesis,720575940635516058,R1-6,right,L2,3730,3351,0.8984,5196,yes,Use as a cell-type search term; require an observed exact pair before adding an edge,Homolog incidence is not an edge probability or a named target neuron
274,C_type_hypothesis,720575940635677887,R1-6,right,L2,3730,3351,0.8984,5196,yes,Use as a cell-type search term; require an observed exact pair before adding an edge,Homolog incidence is not an edge probability or a named target neuron
275,C_type_hypothesis,720575940636307960,R1-6,right,L2,3730,3351,0.8984,5196,yes,Use as a cell-type search term; require an observed exact pair before adding an edge,Homolog incidence is not an edge probability or a named target neuron
276,C_type_hypothesis,720575940636401400,R1-6,right,L2,3730,3351,0.8984,5196,yes,Use as a cell-type search term; require an observed exact pair before adding an edge,Homolog incidence is not an edge probability or a named target neuron
277,C_type_hypothesis,720575940637514414,R1-6,right,L2,3730,3351,0.8984,5196,yes,Use as a cell-type search term; require an observed exact pair before adding an edge,Homolog incidence is not an edge probability or a named target neuron
278,C_type_hypothesis,720575940638616922,R1-6,right,L2,3730,3351,0.8984,5196,yes,Use as a cell-type search term; require an observed exact pair before adding an edge,Homolog incidence is not an edge probability or a named target neuron
279,C_type_hypothesis,720575940638921700,R1-6,right,L2,3730,3351,0.8984,5196,yes,Use as a cell-type search term; require an observed exact pair before adding an edge,Homolog incidence is not an edge probability or a named target neuron
280,C_type_hypothesis,720575940639201508,R1-6,right,L2,3730,3351,0.8984,5196,yes,Use as a cell-type search term; require an observed exact pair before adding an edge,Homolog incidence is not an edge probability or a named target neuron
281,C_type_hypothesis,720575940640017597,R1-6,right,L2,3730,3351,0.8984,5196,yes,Use as a cell-type search term; require an observed exact pair before adding an edge,Homolog incidence is not an edge probability or a named target neuron
282,C_type_hypothesis,720575940643034765,R1-6,right,L2,3730,3351,0.8984,5196,yes,Use as a cell-type search term; require an observed exact pair before adding an edge,Homolog incidence is not an edge probability or a named target neuron
283,C_type_hypothesis,720575940644276128,R1-6,right,L2,3730,3351,0.8984,5196,yes,Use as a cell-type search term; require an observed exact pair before adding an edge,Homolog incidence is not an edge probability or a named target neuron
284,C_type_hypothesis,720575940645941027,R1-6,right,L2,3730,3351,0.8984,5196,yes,Use as a cell-type search term; require an observed exact pair before adding an edge,Homolog incidence is not an edge probability or a named target neuron
285,C_type_hypothesis,720575940645991278,R1-6,right,L2,3730,3351,0.8984,5196,yes,Use as a cell-type search term; require an observed exact pair before adding an edge,Homolog incidence is not an edge probability or a named target neuron
286,C_type_hypothesis,720575940646459502,R1-6,right,L2,3730,3351,0.8984,5196,yes,Use as a cell-type search term; require an observed exact pair before adding an edge,Homolog incidence is not an edge probability or a named target neuron
287,C_type_hypothesis,720575940647229219,R1-6,right,L2,3730,3351,0.8984,5196,yes,Use as a cell-type search term; require an observed exact pair before adding an edge,Homolog incidence is not an edge probability or a named target neuron
288,C_type_hypothesis,720575940648383364,R1-6,right,L2,3730,3351,0.8984,5196,yes,Use as a cell-type search term; require an observed exact pair before adding an edge,Homolog incidence is not an edge probability or a named target neuron
289,C_type_hypothesis,720575940655596193,R1-6,right,L2,3730,3351,0.8984,5196,yes,Use as a cell-type search term; require an observed exact pair before adding an edge,Homolog incidence is not an edge probability or a named target neuron
290,C_type_hypothesis,720575940609703179,R7,right,Dm9,669,577,0.8625,714,yes,Use as a cell-type search term; require an observed exact pair before adding an edge,Homolog incidence is not an edge probability or a named target neuron
291,C_type_hypothesis,720575940623940963,R7,right,Dm9,669,577,0.8625,714,yes,Use as a cell-type search term; require an observed exact pair before adding an edge,Homolog incidence is not an edge probability or a named target neuron
292,C_type_hypothesis,720575940632884792,Lawf1,left,Lawf1,196,161,0.8214,186,no,Use as a cell-type search term; require an observed exact pair before adding an edge,Homolog incidence is not an edge probability or a named target neuron
293,C_type_hypothesis,720575940639655238,Lawf1,left,Lawf1,196,161,0.8214,186,no,Use as a cell-type search term; require an observed exact pair before adding an edge,Homolog incidence is not an edge probability or a named target neuron
294,C_type_hypothesis,720575940613587609,R8,right,Tm20,648,522,0.8056,826,yes,Use as a cell-type search term; require an observed exact pair before adding an edge,Homolog incidence is not an edge probability or a named target neuron
295,C_type_hypothesis,720575940648702084,R8,right,Tm20,648,522,0.8056,826,yes,Use as a cell-type search term; require an observed exact pair before adding an edge,Homolog incidence is not an edge probability or a named target neuron
296,C_type_hypothesis,720575940609622281,R8,left,Tm20,653,518,0.7933,826,yes,Use as a cell-type search term; require an observed exact pair before adding an edge,Homolog incidence is not an edge probability or a named target neuron
297,C_type_hypothesis,720575940612326606,R8,left,Tm20,653,518,0.7933,826,yes,Use as a cell-type search term; require an observed exact pair before adding an edge,Homolog incidence is not an edge probability or a named target neuron
298,C_type_hypothesis,720575940614218989,R8,left,Tm20,653,518,0.7933,826,yes,Use as a cell-type search term; require an observed exact pair before adding an edge,Homolog incidence is not an edge probability or a named target neuron
299,C_type_hypothesis,720575940617768587,R8,left,Tm20,653,518,0.7933,826,yes,Use as a cell-type search term; require an observed exact pair before adding an edge,Homolog incidence is not an edge probability or a named target neuron
300,C_type_hypothesis,720575940621338246,R8,left,Tm20,653,518,0.7933,826,yes,Use as a cell-type search term; require an observed exact pair before adding an edge,Homolog incidence is not an edge probability or a named target neuron
301,C_type_hypothesis,720575940621544175,R8,left,Tm20,653,518,0.7933,826,yes,Use as a cell-type search term; require an observed exact pair before adding an edge,Homolog incidence is not an edge probability or a named target neuron
302,C_type_hypothesis,720575940629636713,R8,left,Tm20,653,518,0.7933,826,yes,Use as a cell-type search term; require an observed exact pair before adding an edge,Homolog incidence is not an edge probability or a named target neuron
303,C_type_hypothesis,720575940632280338,R8,left,Tm20,653,518,0.7933,826,yes,Use as a cell-type search term; require an observed exact pair before adding an edge,Homolog incidence is not an edge probability or a named target neuron
304,C_type_hypothesis,720575940613587609,R8,right,Mi1,648,509,0.7855,797,yes,Use as a cell-type search term; require an observed exact pair before adding an edge,Homolog incidence is not an edge probability or a named target neuron
305,C_type_hypothesis,720575940648702084,R8,right,Mi1,648,509,0.7855,797,yes,Use as a cell-type search term; require an observed exact pair before adding an edge,Homolog incidence is not an edge probability or a named target neuron
306,C_type_hypothesis,720575940609622281,R8,left,Mi1,653,507,0.7764,797,yes,Use as a cell-type search term; require an observed exact pair before adding an edge,Homolog incidence is not an edge probability or a named target neuron
307,C_type_hypothesis,720575940612326606,R8,left,Mi1,653,507,0.7764,797,yes,Use as a cell-type search term; require an observed exact pair before adding an edge,Homolog incidence is not an edge probability or a named target neuron
308,C_type_hypothesis,720575940614218989,R8,left,Mi1,653,507,0.7764,797,yes,Use as a cell-type search term; require an observed exact pair before adding an edge,Homolog incidence is not an edge probability or a named target neuron
309,C_type_hypothesis,720575940617768587,R8,left,Mi1,653,507,0.7764,797,yes,Use as a cell-type search term; require an observed exact pair before adding an edge,Homolog incidence is not an edge probability or a named target neuron
310,C_type_hypothesis,720575940621338246,R8,left,Mi1,653,507,0.7764,797,yes,Use as a cell-type search term; require an observed exact pair before adding an edge,Homolog incidence is not an edge probability or a named target neuron
311,C_type_hypothesis,720575940621544175,R8,left,Mi1,653,507,0.7764,797,yes,Use as a cell-type search term; require an observed exact pair before adding an edge,Homolog incidence is not an edge probability or a named target neuron
312,C_type_hypothesis,720575940629636713,R8,left,Mi1,653,507,0.7764,797,yes,Use as a cell-type search term; require an observed exact pair before adding an edge,Homolog incidence is not an edge probability or a named target neuron
313,C_type_hypothesis,720575940632280338,R8,left,Mi1,653,507,0.7764,797,yes,Use as a cell-type search term; require an observed exact pair before adding an edge,Homolog incidence is not an edge probability or a named target neuron
314,C_type_hypothesis,720575940621914209,L1-3,left,R1-6,375,284,0.7573,,no,Use as a cell-type search term; require an observed exact pair before adding an edge,Homolog incidence is not an edge probability or a named target neuron
315,C_type_hypothesis,720575940606503870,R1-6,right,L3,3730,2816,0.755,3803,yes,Use as a cell-type search term; require an observed exact pair before adding an edge,Homolog incidence is not an edge probability or a named target neuron
316,C_type_hypothesis,720575940607773314,R1-6,right,L3,3730,2816,0.755,3803,yes,Use as a cell-type search term; require an observed exact pair before adding an edge,Homolog incidence is not an edge probability or a named target neuron
317,C_type_hypothesis,720575940607860169,R1-6,right,L3,3730,2816,0.755,3803,yes,Use as a cell-type search term; require an observed exact pair before adding an edge,Homolog incidence is not an edge probability or a named target neuron
318,C_type_hypothesis,720575940608078345,R1-6,right,L3,3730,2816,0.755,3803,yes,Use as a cell-type search term; require an observed exact pair before adding an edge,Homolog incidence is not an edge probability or a named target neuron
319,C_type_hypothesis,720575940609016668,R1-6,right,L3,3730,2816,0.755,3803,yes,Use as a cell-type search term; require an observed exact pair before adding an edge,Homolog incidence is not an edge probability or a named target neuron
320,C_type_hypothesis,720575940609485579,R1-6,right,L3,3730,2816,0.755,3803,yes,Use as a cell-type search term; require an observed exact pair before adding an edge,Homolog incidence is not an edge probability or a named target neuron
321,C_type_hypothesis,720575940610715204,R1-6,right,L3,3730,2816,0.755,3803,yes,Use as a cell-type search term; require an observed exact pair before adding an edge,Homolog incidence is not an edge probability or a named target neuron
322,C_type_hypothesis,720575940610821188,R1-6,right,L3,3730,2816,0.755,3803,yes,Use as a cell-type search term; require an observed exact pair before adding an edge,Homolog incidence is not an edge probability or a named target neuron
323,C_type_hypothesis,720575940611532664,R1-6,right,L3,3730,2816,0.755,3803,yes,Use as a cell-type search term; require an observed exact pair before adding an edge,Homolog incidence is not an edge probability or a named target neuron
324,C_type_hypothesis,720575940611550840,R1-6,right,L3,3730,2816,0.755,3803,yes,Use as a cell-type search term; require an observed exact pair before adding an edge,Homolog incidence is not an edge probability or a named target neuron
325,C_type_hypothesis,720575940612735194,R1-6,right,L3,3730,2816,0.755,3803,yes,Use as a cell-type search term; require an observed exact pair before adding an edge,Homolog incidence is not an edge probability or a named target neuron
326,C_type_hypothesis,720575940612839793,R1-6,right,L3,3730,2816,0.755,3803,yes,Use as a cell-type search term; require an observed exact pair before adding an edge,Homolog incidence is not an edge probability or a named target neuron
327,C_type_hypothesis,720575940612899763,R1-6,right,L3,3730,2816,0.755,3803,yes,Use as a cell-type search term; require an observed exact pair before adding an edge,Homolog incidence is not an edge probability or a named target neuron
328,C_type_hypothesis,720575940612943066,R1-6,right,L3,3730,2816,0.755,3803,yes,Use as a cell-type search term; require an observed exact pair before adding an edge,Homolog incidence is not an edge probability or a named target neuron
329,C_type_hypothesis,720575940612947635,R1-6,right,L3,3730,2816,0.755,3803,yes,Use as a cell-type search term; require an observed exact pair before adding an edge,Homolog incidence is not an edge probability or a named target neuron
330,C_type_hypothesis,720575940613196261,R1-6,right,L3,3730,2816,0.755,3803,yes,Use as a cell-type search term; require an observed exact pair before adding an edge,Homolog incidence is not an edge probability or a named target neuron
331,C_type_hypothesis,720575940613474474,R1-6,right,L3,3730,2816,0.755,3803,yes,Use as a cell-type search term; require an observed exact pair before adding an edge,Homolog incidence is not an edge probability or a named target neuron
332,C_type_hypothesis,720575940613971683,R1-6,right,L3,3730,2816,0.755,3803,yes,Use as a cell-type search term; require an observed exact pair before adding an edge,Homolog incidence is not an edge probability or a named target neuron
333,C_type_hypothesis,720575940614792623,R1-6,right,L3,3730,2816,0.755,3803,yes,Use as a cell-type search term; require an observed exact pair before adding an edge,Homolog incidence is not an edge probability or a named target neuron
334,C_type_hypothesis,720575940614839215,R1-6,right,L3,3730,2816,0.755,3803,yes,Use as a cell-type search term; require an observed exact pair before adding an edge,Homolog incidence is not an edge probability or a named target neuron
335,C_type_hypothesis,720575940614928849,R1-6,right,L3,3730,2816,0.755,3803,yes,Use as a cell-type search term; require an observed exact pair before adding an edge,Homolog incidence is not an edge probability or a named target neuron
336,C_type_hypothesis,720575940615167742,R1-6,right,L3,3730,2816,0.755,3803,yes,Use as a cell-type search term; require an observed exact pair before adding an edge,Homolog incidence is not an edge probability or a named target neuron
337,C_type_hypothesis,720575940615708066,R1-6,right,L3,3730,2816,0.755,3803,yes,Use as a cell-type search term; require an observed exact pair before adding an edge,Homolog incidence is not an edge probability or a named target neuron
338,C_type_hypothesis,720575940615951839,R1-6,right,L3,3730,2816,0.755,3803,yes,Use as a cell-type search term; require an observed exact pair before adding an edge,Homolog incidence is not an edge probability or a named target neuron
339,C_type_hypothesis,720575940616346822,R1-6,right,L3,3730,2816,0.755,3803,yes,Use as a cell-type search term; require an observed exact pair before adding an edge,Homolog incidence is not an edge probability or a named target neuron
340,C_type_hypothesis,720575940616450626,R1-6,right,L3,3730,2816,0.755,3803,yes,Use as a cell-type search term; require an observed exact pair before adding an edge,Homolog incidence is not an edge probability or a named target neuron
341,C_type_hypothesis,720575940617920827,R1-6,right,L3,3730,2816,0.755,3803,yes,Use as a cell-type search term; require an observed exact pair before adding an edge,Homolog incidence is not an edge probability or a named target neuron
342,C_type_hypothesis,720575940618115289,R1-6,right,L3,3730,2816,0.755,3803,yes,Use as a cell-type search term; require an observed exact pair before adding an edge,Homolog incidence is not an edge probability or a named target neuron
343,C_type_hypothesis,720575940618150105,R1-6,right,L3,3730,2816,0.755,3803,yes,Use as a cell-type search term; require an observed exact pair before adding an edge,Homolog incidence is not an edge probability or a named target neuron
344,C_type_hypothesis,720575940618223419,R1-6,right,L3,3730,2816,0.755,3803,yes,Use as a cell-type search term; require an observed exact pair before adding an edge,Homolog incidence is not an edge probability or a named target neuron
345,C_type_hypothesis,720575940618437922,R1-6,right,L3,3730,2816,0.755,3803,yes,Use as a cell-type search term; require an observed exact pair before adding an edge,Homolog incidence is not an edge probability or a named target neuron
346,C_type_hypothesis,720575940618531618,R1-6,right,L3,3730,2816,0.755,3803,yes,Use as a cell-type search term; require an observed exact pair before adding an edge,Homolog incidence is not an edge probability or a named target neuron
347,C_type_hypothesis,720575940618663069,R1-6,right,L3,3730,2816,0.755,3803,yes,Use as a cell-type search term; require an observed exact pair before adding an edge,Homolog incidence is not an edge probability or a named target neuron
348,C_type_hypothesis,720575940618712221,R1-6,right,L3,3730,2816,0.755,3803,yes,Use as a cell-type search term; require an observed exact pair before adding an edge,Homolog incidence is not an edge probability or a named target neuron
349,C_type_hypothesis,720575940618718977,R1-6,right,L3,3730,2816,0.755,3803,yes,Use as a cell-type search term; require an observed exact pair before adding an edge,Homolog incidence is not an edge probability or a named target neuron
350,C_type_hypothesis,720575940618743709,R1-6,right,L3,3730,2816,0.755,3803,yes,Use as a cell-type search term; require an observed exact pair before adding an edge,Homolog incidence is not an edge probability or a named target neuron
351,C_type_hypothesis,720575940619065664,R1-6,right,L3,3730,2816,0.755,3803,yes,Use as a cell-type search term; require an observed exact pair before adding an edge,Homolog incidence is not an edge probability or a named target neuron
352,C_type_hypothesis,720575940619877022,R1-6,right,L3,3730,2816,0.755,3803,yes,Use as a cell-type search term; require an observed exact pair before adding an edge,Homolog incidence is not an edge probability or a named target neuron
353,C_type_hypothesis,720575940620232920,R1-6,right,L3,3730,2816,0.755,3803,yes,Use as a cell-type search term; require an observed exact pair before adding an edge,Homolog incidence is not an edge probability or a named target neuron
354,C_type_hypothesis,720575940620629553,R1-6,right,L3,3730,2816,0.755,3803,yes,Use as a cell-type search term; require an observed exact pair before adding an edge,Homolog incidence is not an edge probability or a named target neuron
355,C_type_hypothesis,720575940620647760,R1-6,right,L3,3730,2816,0.755,3803,yes,Use as a cell-type search term; require an observed exact pair before adding an edge,Homolog incidence is not an edge probability or a named target neuron
356,C_type_hypothesis,720575940620666315,R1-6,right,L3,3730,2816,0.755,3803,yes,Use as a cell-type search term; require an observed exact pair before adding an edge,Homolog incidence is not an edge probability or a named target neuron
357,C_type_hypothesis,720575940620722000,R1-6,right,L3,3730,2816,0.755,3803,yes,Use as a cell-type search term; require an observed exact pair before adding an edge,Homolog incidence is not an edge probability or a named target neuron
358,C_type_hypothesis,720575940620753744,R1-6,right,L3,3730,2816,0.755,3803,yes,Use as a cell-type search term; require an observed exact pair before adding an edge,Homolog incidence is not an edge probability or a named target neuron
359,C_type_hypothesis,720575940621090213,R1-6,right,L3,3730,2816,0.755,3803,yes,Use as a cell-type search term; require an observed exact pair before adding an edge,Homolog incidence is not an edge probability or a named target neuron
360,C_type_hypothesis,720575940621103269,R1-6,right,L3,3730,2816,0.755,3803,yes,Use as a cell-type search term; require an observed exact pair before adding an edge,Homolog incidence is not an edge probability or a named target neuron
361,C_type_hypothesis,720575940621193051,R1-6,right,L3,3730,2816,0.755,3803,yes,Use as a cell-type search term; require an observed exact pair before adding an edge,Homolog incidence is not an edge probability or a named target neuron
362,C_type_hypothesis,720575940621349285,R1-6,right,L3,3730,2816,0.755,3803,yes,Use as a cell-type search term; require an observed exact pair before adding an edge,Homolog incidence is not an edge probability or a named target neuron
363,C_type_hypothesis,720575940621443206,R1-6,right,L3,3730,2816,0.755,3803,yes,Use as a cell-type search term; require an observed exact pair before adding an edge,Homolog incidence is not an edge probability or a named target neuron
364,C_type_hypothesis,720575940621462511,R1-6,right,L3,3730,2816,0.755,3803,yes,Use as a cell-type search term; require an observed exact pair before adding an edge,Homolog incidence is not an edge probability or a named target neuron
365,C_type_hypothesis,720575940621489243,R1-6,right,L3,3730,2816,0.755,3803,yes,Use as a cell-type search term; require an observed exact pair before adding an edge,Homolog incidence is not an edge probability or a named target neuron
366,C_type_hypothesis,720575940621500070,R1-6,right,L3,3730,2816,0.755,3803,yes,Use as a cell-type search term; require an observed exact pair before adding an edge,Homolog incidence is not an edge probability or a named target neuron
367,C_type_hypothesis,720575940621667462,R1-6,right,L3,3730,2816,0.755,3803,yes,Use as a cell-type search term; require an observed exact pair before adding an edge,Homolog incidence is not an edge probability or a named target neuron
368,C_type_hypothesis,720575940621944941,R1-6,right,L3,3730,2816,0.755,3803,yes,Use as a cell-type search term; require an observed exact pair before adding an edge,Homolog incidence is not an edge probability or a named target neuron
369,C_type_hypothesis,720575940622029494,R1-6,right,L3,3730,2816,0.755,3803,yes,Use as a cell-type search term; require an observed exact pair before adding an edge,Homolog incidence is not an edge probability or a named target neuron
370,C_type_hypothesis,720575940622056368,R1-6,right,L3,3730,2816,0.755,3803,yes,Use as a cell-type search term; require an observed exact pair before adding an edge,Homolog incidence is not an edge probability or a named target neuron
371,C_type_hypothesis,720575940622270273,R1-6,right,L3,3730,2816,0.755,3803,yes,Use as a cell-type search term; require an observed exact pair before adding an edge,Homolog incidence is not an edge probability or a named target neuron
372,C_type_hypothesis,720575940622303216,R1-6,right,L3,3730,2816,0.755,3803,yes,Use as a cell-type search term; require an observed exact pair before adding an edge,Homolog incidence is not an edge probability or a named target neuron
373,C_type_hypothesis,720575940622404991,R1-6,right,L3,3730,2816,0.755,3803,yes,Use as a cell-type search term; require an observed exact pair before adding an edge,Homolog incidence is not an edge probability or a named target neuron
374,C_type_hypothesis,720575940622545023,R1-6,right,L3,3730,2816,0.755,3803,yes,Use as a cell-type search term; require an observed exact pair before adding an edge,Homolog incidence is not an edge probability or a named target neuron
375,C_type_hypothesis,720575940622703640,R1-6,right,L3,3730,2816,0.755,3803,yes,Use as a cell-type search term; require an observed exact pair before adding an edge,Homolog incidence is not an edge probability or a named target neuron
376,C_type_hypothesis,720575940622799137,R1-6,right,L3,3730,2816,0.755,3803,yes,Use as a cell-type search term; require an observed exact pair before adding an edge,Homolog incidence is not an edge probability or a named target neuron
377,C_type_hypothesis,720575940622799898,R1-6,right,L3,3730,2816,0.755,3803,yes,Use as a cell-type search term; require an observed exact pair before adding an edge,Homolog incidence is not an edge probability or a named target neuron
378,C_type_hypothesis,720575940622814302,R1-6,right,L3,3730,2816,0.755,3803,yes,Use as a cell-type search term; require an observed exact pair before adding an edge,Homolog incidence is not an edge probability or a named target neuron
379,C_type_hypothesis,720575940622918012,R1-6,right,L3,3730,2816,0.755,3803,yes,Use as a cell-type search term; require an observed exact pair before adding an edge,Homolog incidence is not an edge probability or a named target neuron
380,C_type_hypothesis,720575940622939998,R1-6,right,L3,3730,2816,0.755,3803,yes,Use as a cell-type search term; require an observed exact pair before adding an edge,Homolog incidence is not an edge probability or a named target neuron
381,C_type_hypothesis,720575940623003169,R1-6,right,L3,3730,2816,0.755,3803,yes,Use as a cell-type search term; require an observed exact pair before adding an edge,Homolog incidence is not an edge probability or a named target neuron
382,C_type_hypothesis,720575940623005308,R1-6,right,L3,3730,2816,0.755,3803,yes,Use as a cell-type search term; require an observed exact pair before adding an edge,Homolog incidence is not an edge probability or a named target neuron
383,C_type_hypothesis,720575940623239133,R1-6,right,L3,3730,2816,0.755,3803,yes,Use as a cell-type search term; require an observed exact pair before adding an edge,Homolog incidence is not an edge probability or a named target neuron
384,C_type_hypothesis,720575940623770637,R1-6,right,L3,3730,2816,0.755,3803,yes,Use as a cell-type search term; require an observed exact pair before adding an edge,Homolog incidence is not an edge probability or a named target neuron
385,C_type_hypothesis,720575940624139305,R1-6,right,L3,3730,2816,0.755,3803,yes,Use as a cell-type search term; require an observed exact pair before adding an edge,Homolog incidence is not an edge probability or a named target neuron
386,C_type_hypothesis,720575940624141508,R1-6,right,L3,3730,2816,0.755,3803,yes,Use as a cell-type search term; require an observed exact pair before adding an edge,Homolog incidence is not an edge probability or a named target neuron
387,C_type_hypothesis,720575940624870217,R1-6,right,L3,3730,2816,0.755,3803,yes,Use as a cell-type search term; require an observed exact pair before adding an edge,Homolog incidence is not an edge probability or a named target neuron
388,C_type_hypothesis,720575940624956139,R1-6,right,L3,3730,2816,0.755,3803,yes,Use as a cell-type search term; require an observed exact pair before adding an edge,Homolog incidence is not an edge probability or a named target neuron
389,C_type_hypothesis,720575940625113015,R1-6,right,L3,3730,2816,0.755,3803,yes,Use as a cell-type search term; require an observed exact pair before adding an edge,Homolog incidence is not an edge probability or a named target neuron
390,C_type_hypothesis,720575940625125640,R1-6,right,L3,3730,2816,0.755,3803,yes,Use as a cell-type search term; require an observed exact pair before adding an edge,Homolog incidence is not an edge probability or a named target neuron
391,C_type_hypothesis,720575940625416167,R1-6,right,L3,3730,2816,0.755,3803,yes,Use as a cell-type search term; require an observed exact pair before adding an edge,Homolog incidence is not an edge probability or a named target neuron
392,C_type_hypothesis,720575940625511572,R1-6,right,L3,3730,2816,0.755,3803,yes,Use as a cell-type search term; require an observed exact pair before adding an edge,Homolog incidence is not an edge probability or a named target neuron
393,C_type_hypothesis,720575940625717747,R1-6,right,L3,3730,2816,0.755,3803,yes,Use as a cell-type search term; require an observed exact pair before adding an edge,Homolog incidence is not an edge probability or a named target neuron
394,C_type_hypothesis,720575940625781692,R1-6,right,L3,3730,2816,0.755,3803,yes,Use as a cell-type search term; require an observed exact pair before adding an edge,Homolog incidence is not an edge probability or a named target neuron
395,C_type_hypothesis,720575940626585744,R1-6,right,L3,3730,2816,0.755,3803,yes,Use as a cell-type search term; require an observed exact pair before adding an edge,Homolog incidence is not an edge probability or a named target neuron
396,C_type_hypothesis,720575940626928740,R1-6,right,L3,3730,2816,0.755,3803,yes,Use as a cell-type search term; require an observed exact pair before adding an edge,Homolog incidence is not an edge probability or a named target neuron
397,C_type_hypothesis,720575940627138306,R1-6,right,L3,3730,2816,0.755,3803,yes,Use as a cell-type search term; require an observed exact pair before adding an edge,Homolog incidence is not an edge probability or a named target neuron
398,C_type_hypothesis,720575940627638558,R1-6,right,L3,3730,2816,0.755,3803,yes,Use as a cell-type search term; require an observed exact pair before adding an edge,Homolog incidence is not an edge probability or a named target neuron
399,C_type_hypothesis,720575940627671433,R1-6,right,L3,3730,2816,0.755,3803,yes,Use as a cell-type search term; require an observed exact pair before adding an edge,Homolog incidence is not an edge probability or a named target neuron
400,C_type_hypothesis,720575940627855768,R1-6,right,L3,3730,2816,0.755,3803,yes,Use as a cell-type search term; require an observed exact pair before adding an edge,Homolog incidence is not an edge probability or a named target neuron
401,C_type_hypothesis,720575940627873299,R1-6,right,L3,3730,2816,0.755,3803,yes,Use as a cell-type search term; require an observed exact pair before adding an edge,Homolog incidence is not an edge probability or a named target neuron
402,C_type_hypothesis,720575940628054397,R1-6,right,L3,3730,2816,0.755,3803,yes,Use as a cell-type search term; require an observed exact pair before adding an edge,Homolog incidence is not an edge probability or a named target neuron
403,C_type_hypothesis,720575940628102013,R1-6,right,L3,3730,2816,0.755,3803,yes,Use as a cell-type search term; require an observed exact pair before adding an edge,Homolog incidence is not an edge probability or a named target neuron
404,C_type_hypothesis,720575940628131130,R1-6,right,L3,3730,2816,0.755,3803,yes,Use as a cell-type search term; require an observed exact pair before adding an edge,Homolog incidence is not an edge probability or a named target neuron
405,C_type_hypothesis,720575940628442389,R1-6,right,L3,3730,2816,0.755,3803,yes,Use as a cell-type search term; require an observed exact pair before adding an edge,Homolog incidence is not an edge probability or a named target neuron
406,C_type_hypothesis,720575940628522152,R1-6,right,L3,3730,2816,0.755,3803,yes,Use as a cell-type search term; require an observed exact pair before adding an edge,Homolog incidence is not an edge probability or a named target neuron
407,C_type_hypothesis,720575940628648936,R1-6,right,L3,3730,2816,0.755,3803,yes,Use as a cell-type search term; require an observed exact pair before adding an edge,Homolog incidence is not an edge probability or a named target neuron
408,C_type_hypothesis,720575940628789064,R1-6,right,L3,3730,2816,0.755,3803,yes,Use as a cell-type search term; require an observed exact pair before adding an edge,Homolog incidence is not an edge probability or a named target neuron
409,C_type_hypothesis,720575940629285873,R1-6,right,L3,3730,2816,0.755,3803,yes,Use as a cell-type search term; require an observed exact pair before adding an edge,Homolog incidence is not an edge probability or a named target neuron
410,C_type_hypothesis,720575940629377641,R1-6,right,L3,3730,2816,0.755,3803,yes,Use as a cell-type search term; require an observed exact pair before adding an edge,Homolog incidence is not an edge probability or a named target neuron
411,C_type_hypothesis,720575940629499395,R1-6,right,L3,3730,2816,0.755,3803,yes,Use as a cell-type search term; require an observed exact pair before adding an edge,Homolog incidence is not an edge probability or a named target neuron
412,C_type_hypothesis,720575940629714793,R1-6,right,L3,3730,2816,0.755,3803,yes,Use as a cell-type search term; require an observed exact pair before adding an edge,Homolog incidence is not an edge probability or a named target neuron
413,C_type_hypothesis,720575940629854507,R1-6,right,L3,3730,2816,0.755,3803,yes,Use as a cell-type search term; require an observed exact pair before adding an edge,Homolog incidence is not an edge probability or a named target neuron
414,C_type_hypothesis,720575940630333566,R1-6,right,L3,3730,2816,0.755,3803,yes,Use as a cell-type search term; require an observed exact pair before adding an edge,Homolog incidence is not an edge probability or a named target neuron
415,C_type_hypothesis,720575940630351554,R1-6,right,L3,3730,2816,0.755,3803,yes,Use as a cell-type search term; require an observed exact pair before adding an edge,Homolog incidence is not an edge probability or a named target neuron
416,C_type_hypothesis,720575940630423418,R1-6,right,L3,3730,2816,0.755,3803,yes,Use as a cell-type search term; require an observed exact pair before adding an edge,Homolog incidence is not an edge probability or a named target neuron
417,C_type_hypothesis,720575940630485626,R1-6,right,L3,3730,2816,0.755,3803,yes,Use as a cell-type search term; require an observed exact pair before adding an edge,Homolog incidence is not an edge probability or a named target neuron
418,C_type_hypothesis,720575940630869548,R1-6,right,L3,3730,2816,0.755,3803,yes,Use as a cell-type search term; require an observed exact pair before adding an edge,Homolog incidence is not an edge probability or a named target neuron
419,C_type_hypothesis,720575940630871260,R1-6,right,L3,3730,2816,0.755,3803,yes,Use as a cell-type search term; require an observed exact pair before adding an edge,Homolog incidence is not an edge probability or a named target neuron
420,C_type_hypothesis,720575940631043900,R1-6,right,L3,3730,2816,0.755,3803,yes,Use as a cell-type search term; require an observed exact pair before adding an edge,Homolog incidence is not an edge probability or a named target neuron
421,C_type_hypothesis,720575940631048812,R1-6,right,L3,3730,2816,0.755,3803,yes,Use as a cell-type search term; require an observed exact pair before adding an edge,Homolog incidence is not an edge probability or a named target neuron
422,C_type_hypothesis,720575940631186550,R1-6,right,L3,3730,2816,0.755,3803,yes,Use as a cell-type search term; require an observed exact pair before adding an edge,Homolog incidence is not an edge probability or a named target neuron
423,C_type_hypothesis,720575940631286636,R1-6,right,L3,3730,2816,0.755,3803,yes,Use as a cell-type search term; require an observed exact pair before adding an edge,Homolog incidence is not an edge probability or a named target neuron
424,C_type_hypothesis,720575940631301883,R1-6,right,L3,3730,2816,0.755,3803,yes,Use as a cell-type search term; require an observed exact pair before adding an edge,Homolog incidence is not an edge probability or a named target neuron
425,C_type_hypothesis,720575940631388887,R1-6,right,L3,3730,2816,0.755,3803,yes,Use as a cell-type search term; require an observed exact pair before adding an edge,Homolog incidence is not an edge probability or a named target neuron
426,C_type_hypothesis,720575940631647173,R1-6,right,L3,3730,2816,0.755,3803,yes,Use as a cell-type search term; require an observed exact pair before adding an edge,Homolog incidence is not an edge probability or a named target neuron
427,C_type_hypothesis,720575940631750095,R1-6,right,L3,3730,2816,0.755,3803,yes,Use as a cell-type search term; require an observed exact pair before adding an edge,Homolog incidence is not an edge probability or a named target neuron
428,C_type_hypothesis,720575940631845839,R1-6,right,L3,3730,2816,0.755,3803,yes,Use as a cell-type search term; require an observed exact pair before adding an edge,Homolog incidence is not an edge probability or a named target neuron
429,C_type_hypothesis,720575940632083275,R1-6,right,L3,3730,2816,0.755,3803,yes,Use as a cell-type search term; require an observed exact pair before adding an edge,Homolog incidence is not an edge probability or a named target neuron
430,C_type_hypothesis,720575940632189970,R1-6,right,L3,3730,2816,0.755,3803,yes,Use as a cell-type search term; require an observed exact pair before adding an edge,Homolog incidence is not an edge probability or a named target neuron
431,C_type_hypothesis,720575940632382994,R1-6,right,L3,3730,2816,0.755,3803,yes,Use as a cell-type search term; require an observed exact pair before adding an edge,Homolog incidence is not an edge probability or a named target neuron
432,C_type_hypothesis,720575940632581945,R1-6,right,L3,3730,2816,0.755,3803,yes,Use as a cell-type search term; require an observed exact pair before adding an edge,Homolog incidence is not an edge probability or a named target neuron
433,C_type_hypothesis,720575940633176351,R1-6,right,L3,3730,2816,0.755,3803,yes,Use as a cell-type search term; require an observed exact pair before adding an edge,Homolog incidence is not an edge probability or a named target neuron
434,C_type_hypothesis,720575940633188492,R1-6,right,L3,3730,2816,0.755,3803,yes,Use as a cell-type search term; require an observed exact pair before adding an edge,Homolog incidence is not an edge probability or a named target neuron
435,C_type_hypothesis,720575940633561887,R1-6,right,L3,3730,2816,0.755,3803,yes,Use as a cell-type search term; require an observed exact pair before adding an edge,Homolog incidence is not an edge probability or a named target neuron
436,C_type_hypothesis,720575940633773523,R1-6,right,L3,3730,2816,0.755,3803,yes,Use as a cell-type search term; require an observed exact pair before adding an edge,Homolog incidence is not an edge probability or a named target neuron
437,C_type_hypothesis,720575940635013020,R1-6,right,L3,3730,2816,0.755,3803,yes,Use as a cell-type search term; require an observed exact pair before adding an edge,Homolog incidence is not an edge probability or a named target neuron
438,C_type_hypothesis,720575940635168407,R1-6,right,L3,3730,2816,0.755,3803,yes,Use as a cell-type search term; require an observed exact pair before adding an edge,Homolog incidence is not an edge probability or a named target neuron
439,C_type_hypothesis,720575940635516058,R1-6,right,L3,3730,2816,0.755,3803,yes,Use as a cell-type search term; require an observed exact pair before adding an edge,Homolog incidence is not an edge probability or a named target neuron
440,C_type_hypothesis,720575940635677887,R1-6,right,L3,3730,2816,0.755,3803,yes,Use as a cell-type search term; require an observed exact pair before adding an edge,Homolog incidence is not an edge probability or a named target neuron
441,C_type_hypothesis,720575940636307960,R1-6,right,L3,3730,2816,0.755,3803,yes,Use as a cell-type search term; require an observed exact pair before adding an edge,Homolog incidence is not an edge probability or a named target neuron
442,C_type_hypothesis,720575940636401400,R1-6,right,L3,3730,2816,0.755,3803,yes,Use as a cell-type search term; require an observed exact pair before adding an edge,Homolog incidence is not an edge probability or a named target neuron
443,C_type_hypothesis,720575940637514414,R1-6,right,L3,3730,2816,0.755,3803,yes,Use as a cell-type search term; require an observed exact pair before adding an edge,Homolog incidence is not an edge probability or a named target neuron
444,C_type_hypothesis,720575940638616922,R1-6,right,L3,3730,2816,0.755,3803,yes,Use as a cell-type search term; require an observed exact pair before adding an edge,Homolog incidence is not an edge probability or a named target neuron
445,C_type_hypothesis,720575940638921700,R1-6,right,L3,3730,2816,0.755,3803,yes,Use as a cell-type search term; require an observed exact pair before adding an edge,Homolog incidence is not an edge probability or a named target neuron
446,C_type_hypothesis,720575940639201508,R1-6,right,L3,3730,2816,0.755,3803,yes,Use as a cell-type search term; require an observed exact pair before adding an edge,Homolog incidence is not an edge probability or a named target neuron
447,C_type_hypothesis,720575940640017597,R1-6,right,L3,3730,2816,0.755,3803,yes,Use as a cell-type search term; require an observed exact pair before adding an edge,Homolog incidence is not an edge probability or a named target neuron
448,C_type_hypothesis,720575940643034765,R1-6,right,L3,3730,2816,0.755,3803,yes,Use as a cell-type search term; require an observed exact pair before adding an edge,Homolog incidence is not an edge probability or a named target neuron
449,C_type_hypothesis,720575940644276128,R1-6,right,L3,3730,2816,0.755,3803,yes,Use as a cell-type search term; require an observed exact pair before adding an edge,Homolog incidence is not an edge probability or a named target neuron
450,C_type_hypothesis,720575940645941027,R1-6,right,L3,3730,2816,0.755,3803,yes,Use as a cell-type search term; require an observed exact pair before adding an edge,Homolog incidence is not an edge probability or a named target neuron
451,C_type_hypothesis,720575940645991278,R1-6,right,L3,3730,2816,0.755,3803,yes,Use as a cell-type search term; require an observed exact pair before adding an edge,Homolog incidence is not an edge probability or a named target neuron
452,C_type_hypothesis,720575940646459502,R1-6,right,L3,3730,2816,0.755,3803,yes,Use as a cell-type search term; require an observed exact pair before adding an edge,Homolog incidence is not an edge probability or a named target neuron
453,C_type_hypothesis,720575940647229219,R1-6,right,L3,3730,2816,0.755,3803,yes,Use as a cell-type search term; require an observed exact pair before adding an edge,Homolog incidence is not an edge probability or a named target neuron
454,C_type_hypothesis,720575940648383364,R1-6,right,L3,3730,2816,0.755,3803,yes,Use as a cell-type search term; require an observed exact pair before adding an edge,Homolog incidence is not an edge probability or a named target neuron
455,C_type_hypothesis,720575940655596193,R1-6,right,L3,3730,2816,0.755,3803,yes,Use as a cell-type search term; require an observed exact pair before adding an edge,Homolog incidence is not an edge probability or a named target neuron
456,C_type_hypothesis,720575940613587609,R8,right,R7,648,472,0.7284,623,yes,Use as a cell-type search term; require an observed exact pair before adding an edge,Homolog incidence is not an edge probability or a named target neuron
457,C_type_hypothesis,720575940648702084,R8,right,R7,648,472,0.7284,623,yes,Use as a cell-type search term; require an observed exact pair before adding an edge,Homolog incidence is not an edge probability or a named target neuron
458,C_type_hypothesis,720575940609622281,R8,left,R7,653,474,0.7259,623,yes,Use as a cell-type search term; require an observed exact pair before adding an edge,Homolog incidence is not an edge probability or a named target neuron
459,C_type_hypothesis,720575940612326606,R8,left,R7,653,474,0.7259,623,yes,Use as a cell-type search term; require an observed exact pair before adding an edge,Homolog incidence is not an edge probability or a named target neuron
460,C_type_hypothesis,720575940614218989,R8,left,R7,653,474,0.7259,623,yes,Use as a cell-type search term; require an observed exact pair before adding an edge,Homolog incidence is not an edge probability or a named target neuron
461,C_type_hypothesis,720575940617768587,R8,left,R7,653,474,0.7259,623,yes,Use as a cell-type search term; require an observed exact pair before adding an edge,Homolog incidence is not an edge probability or a named target neuron
462,C_type_hypothesis,720575940621338246,R8,left,R7,653,474,0.7259,623,yes,Use as a cell-type search term; require an observed exact pair before adding an edge,Homolog incidence is not an edge probability or a named target neuron
463,C_type_hypothesis,720575940621544175,R8,left,R7,653,474,0.7259,623,yes,Use as a cell-type search term; require an observed exact pair before adding an edge,Homolog incidence is not an edge probability or a named target neuron
464,C_type_hypothesis,720575940629636713,R8,left,R7,653,474,0.7259,623,yes,Use as a cell-type search term; require an observed exact pair before adding an edge,Homolog incidence is not an edge probability or a named target neuron
465,C_type_hypothesis,720575940632280338,R8,left,R7,653,474,0.7259,623,yes,Use as a cell-type search term; require an observed exact pair before adding an edge,Homolog incidence is not an edge probability or a named target neuron
466,C_type_hypothesis,720575940623325993,JO-E,right,JO-E,182,123,0.6758,,no,Use as a cell-type search term; require an observed exact pair before adding an edge,Homolog incidence is not an edge probability or a named target neuron
467,C_type_hypothesis,720575940624501747,JO-EVM,left,CB0980,43,29,0.6744,,no,Use as a cell-type search term; require an observed exact pair before adding an edge,Homolog incidence is not an edge probability or a named target neuron
468,C_type_hypothesis,720575940609703179,R7,right,R8,669,449,0.6712,587,yes,Use as a cell-type search term; require an observed exact pair before adding an edge,Homolog incidence is not an edge probability or a named target neuron
469,C_type_hypothesis,720575940623940963,R7,right,R8,669,449,0.6712,587,yes,Use as a cell-type search term; require an observed exact pair before adding an edge,Homolog incidence is not an edge probability or a named target neuron
470,C_type_hypothesis,720575940621914209,L1-3,left,L1-3,375,250,0.6667,,no,Use as a cell-type search term; require an observed exact pair before adding an edge,Homolog incidence is not an edge probability or a named target neuron
471,C_type_hypothesis,720575940624501747,JO-EVM,left,CB0404,43,28,0.6512,,no,Use as a cell-type search term; require an observed exact pair before adding an edge,Homolog incidence is not an edge probability or a named target neuron
472,C_type_hypothesis,720575940624501747,JO-EVM,left,CB1622,43,28,0.6512,,no,Use as a cell-type search term; require an observed exact pair before adding an edge,Homolog incidence is not an edge probability or a named target neuron
473,C_type_hypothesis,720575940632884792,Lawf1,left,R1-6,196,127,0.648,1009,no,Use as a cell-type search term; require an observed exact pair before adding an edge,Homolog incidence is not an edge probability or a named target neuron
474,C_type_hypothesis,720575940639655238,Lawf1,left,R1-6,196,127,0.648,1009,no,Use as a cell-type search term; require an observed exact pair before adding an edge,Homolog incidence is not an edge probability or a named target neuron
475,C_type_hypothesis,720575940616413382,R7,left,R8,660,417,0.6318,587,yes,Use as a cell-type search term; require an observed exact pair before adding an edge,Homolog incidence is not an edge probability or a named target neuron
476,C_type_hypothesis,720575940617499765,R7,left,R8,660,417,0.6318,587,yes,Use as a cell-type search term; require an observed exact pair before adding an edge,Homolog incidence is not an edge probability or a named target neuron
477,C_type_hypothesis,720575940630098075,R7,left,R8,660,417,0.6318,587,yes,Use as a cell-type search term; require an observed exact pair before adding an edge,Homolog incidence is not an edge probability or a named target neuron
478,C_type_hypothesis,720575940637390181,R7,left,R8,660,417,0.6318,587,yes,Use as a cell-type search term; require an observed exact pair before adding an edge,Homolog incidence is not an edge probability or a named target neuron
479,C_type_hypothesis,720575940624501747,JO-EVM,left,CB1394,43,27,0.6279,,no,Use as a cell-type search term; require an observed exact pair before adding an edge,Homolog incidence is not an edge probability or a named target neuron
480,C_type_hypothesis,720575940623325993,JO-E,right,CB1231,182,114,0.6264,,no,Use as a cell-type search term; require an observed exact pair before adding an edge,Homolog incidence is not an edge probability or a named target neuron
481,C_type_hypothesis,720575940623151565,JO-F,right,AN_GNG_65,80,50,0.625,,no,Use as a cell-type search term; require an observed exact pair before adding an edge,Homolog incidence is not an edge probability or a named target neuron
482,C_type_hypothesis,720575940625912250,JO-F,right,AN_GNG_65,80,50,0.625,,no,Use as a cell-type search term; require an observed exact pair before adding an edge,Homolog incidence is not an edge probability or a named target neuron
483,C_type_hypothesis,720575940625929765,JO-F,right,AN_GNG_65,80,50,0.625,,no,Use as a cell-type search term; require an observed exact pair before adding an edge,Homolog incidence is not an edge probability or a named target neuron
484,C_type_hypothesis,720575940631769845,JO-F,right,AN_GNG_65,80,50,0.625,,no,Use as a cell-type search term; require an observed exact pair before adding an edge,Homolog incidence is not an edge probability or a named target neuron
485,C_type_hypothesis,720575940647404932,JO-F,right,AN_GNG_65,80,50,0.625,,no,Use as a cell-type search term; require an observed exact pair before adding an edge,Homolog incidence is not an edge probability or a named target neuron
486,C_type_hypothesis,720575940623151565,JO-F,right,DNg35,80,49,0.6125,,no,Use as a cell-type search term; require an observed exact pair before adding an edge,Homolog incidence is not an edge probability or a named target neuron
487,C_type_hypothesis,720575940625912250,JO-F,right,DNg35,80,49,0.6125,,no,Use as a cell-type search term; require an observed exact pair before adding an edge,Homolog incidence is not an edge probability or a named target neuron
488,C_type_hypothesis,720575940625929765,JO-F,right,DNg35,80,49,0.6125,,no,Use as a cell-type search term; require an observed exact pair before adding an edge,Homolog incidence is not an edge probability or a named target neuron
489,C_type_hypothesis,720575940631769845,JO-F,right,DNg35,80,49,0.6125,,no,Use as a cell-type search term; require an observed exact pair before adding an edge,Homolog incidence is not an edge probability or a named target neuron
490,C_type_hypothesis,720575940647404932,JO-F,right,DNg35,80,49,0.6125,,no,Use as a cell-type search term; require an observed exact pair before adding an edge,Homolog incidence is not an edge probability or a named target neuron
491,C_type_hypothesis,720575940613587609,R8,right,Mi4,648,395,0.6096,505,yes,Use as a cell-type search term; require an observed exact pair before adding an edge,Homolog incidence is not an edge probability or a named target neuron
492,C_type_hypothesis,720575940648702084,R8,right,Mi4,648,395,0.6096,505,yes,Use as a cell-type search term; require an observed exact pair before adding an edge,Homolog incidence is not an edge probability or a named target neuron
493,C_type_hypothesis,720575940632884792,Lawf1,left,L3,196,119,0.6071,3745,no,Use as a cell-type search term; require an observed exact pair before adding an edge,Homolog incidence is not an edge probability or a named target neuron
494,C_type_hypothesis,720575940639655238,Lawf1,left,L3,196,119,0.6071,3745,no,Use as a cell-type search term; require an observed exact pair before adding an edge,Homolog incidence is not an edge probability or a named target neuron
495,C_type_hypothesis,720575940605634220,R1-6,left,L1,3925,2374,0.6048,5229,yes,Use as a cell-type search term; require an observed exact pair before adding an edge,Homolog incidence is not an edge probability or a named target neuron
496,C_type_hypothesis,720575940606007280,R1-6,left,L1,3925,2374,0.6048,5229,yes,Use as a cell-type search term; require an observed exact pair before adding an edge,Homolog incidence is not an edge probability or a named target neuron
497,C_type_hypothesis,720575940606022128,R1-6,left,L1,3925,2374,0.6048,5229,yes,Use as a cell-type search term; require an observed exact pair before adding an edge,Homolog incidence is not an edge probability or a named target neuron
498,C_type_hypothesis,720575940606180896,R1-6,left,L1,3925,2374,0.6048,5229,yes,Use as a cell-type search term; require an observed exact pair before adding an edge,Homolog incidence is not an edge probability or a named target neuron
499,C_type_hypothesis,720575940606245822,R1-6,left,L1,3925,2374,0.6048,5229,yes,Use as a cell-type search term; require an observed exact pair before adding an edge,Homolog incidence is not an edge probability or a named target neuron
500,C_type_hypothesis,720575940606292326,R1-6,left,L1,3925,2374,0.6048,5229,yes,Use as a cell-type search term; require an observed exact pair before adding an edge,Homolog incidence is not an edge probability or a named target neuron
501,C_type_hypothesis,720575940606292582,R1-6,left,L1,3925,2374,0.6048,5229,yes,Use as a cell-type search term; require an observed exact pair before adding an edge,Homolog incidence is not an edge probability or a named target neuron
502,C_type_hypothesis,720575940606578790,R1-6,left,L1,3925,2374,0.6048,5229,yes,Use as a cell-type search term; require an observed exact pair before adding an edge,Homolog incidence is not an edge probability or a named target neuron
503,C_type_hypothesis,720575940606630590,R1-6,left,L1,3925,2374,0.6048,5229,yes,Use as a cell-type search term; require an observed exact pair before adding an edge,Homolog incidence is not an edge probability or a named target neuron
504,C_type_hypothesis,720575940606631102,R1-6,left,L1,3925,2374,0.6048,5229,yes,Use as a cell-type search term; require an observed exact pair before adding an edge,Homolog incidence is not an edge probability or a named target neuron
505,C_type_hypothesis,720575940606679742,R1-6,left,L1,3925,2374,0.6048,5229,yes,Use as a cell-type search term; require an observed exact pair before adding an edge,Homolog incidence is not an edge probability or a named target neuron
506,C_type_hypothesis,720575940606872816,R1-6,left,L1,3925,2374,0.6048,5229,yes,Use as a cell-type search term; require an observed exact pair before adding an edge,Homolog incidence is not an edge probability or a named target neuron
507,C_type_hypothesis,720575940606928561,R1-6,left,L1,3925,2374,0.6048,5229,yes,Use as a cell-type search term; require an observed exact pair before adding an edge,Homolog incidence is not an edge probability or a named target neuron
508,C_type_hypothesis,720575940606930865,R1-6,left,L1,3925,2374,0.6048,5229,yes,Use as a cell-type search term; require an observed exact pair before adding an edge,Homolog incidence is not an edge probability or a named target neuron
509,C_type_hypothesis,720575940607808130,R1-6,left,L1,3925,2374,0.6048,5229,yes,Use as a cell-type search term; require an observed exact pair before adding an edge,Homolog incidence is not an edge probability or a named target neuron
510,C_type_hypothesis,720575940608224178,R1-6,left,L1,3925,2374,0.6048,5229,yes,Use as a cell-type search term; require an observed exact pair before adding an edge,Homolog incidence is not an edge probability or a named target neuron
511,C_type_hypothesis,720575940608903260,R1-6,left,L1,3925,2374,0.6048,5229,yes,Use as a cell-type search term; require an observed exact pair before adding an edge,Homolog incidence is not an edge probability or a named target neuron
512,C_type_hypothesis,720575940608989276,R1-6,left,L1,3925,2374,0.6048,5229,yes,Use as a cell-type search term; require an observed exact pair before adding an edge,Homolog incidence is not an edge probability or a named target neuron
513,C_type_hypothesis,720575940609220873,R1-6,left,L1,3925,2374,0.6048,5229,yes,Use as a cell-type search term; require an observed exact pair before adding an edge,Homolog incidence is not an edge probability or a named target neuron
514,C_type_hypothesis,720575940609221900,R1-6,left,L1,3925,2374,0.6048,5229,yes,Use as a cell-type search term; require an observed exact pair before adding an edge,Homolog incidence is not an edge probability or a named target neuron
515,C_type_hypothesis,720575940609518091,R1-6,left,L1,3925,2374,0.6048,5229,yes,Use as a cell-type search term; require an observed exact pair before adding an edge,Homolog incidence is not an edge probability or a named target neuron
516,C_type_hypothesis,720575940609748437,R1-6,left,L1,3925,2374,0.6048,5229,yes,Use as a cell-type search term; require an observed exact pair before adding an edge,Homolog incidence is not an edge probability or a named target neuron
517,C_type_hypothesis,720575940609782027,R1-6,left,L1,3925,2374,0.6048,5229,yes,Use as a cell-type search term; require an observed exact pair before adding an edge,Homolog incidence is not an edge probability or a named target neuron
518,C_type_hypothesis,720575940609782283,R1-6,left,L1,3925,2374,0.6048,5229,yes,Use as a cell-type search term; require an observed exact pair before adding an edge,Homolog incidence is not an edge probability or a named target neuron
519,C_type_hypothesis,720575940609970371,R1-6,left,L1,3925,2374,0.6048,5229,yes,Use as a cell-type search term; require an observed exact pair before adding an edge,Homolog incidence is not an edge probability or a named target neuron
520,C_type_hypothesis,720575940609972675,R1-6,left,L1,3925,2374,0.6048,5229,yes,Use as a cell-type search term; require an observed exact pair before adding an edge,Homolog incidence is not an edge probability or a named target neuron
521,C_type_hypothesis,720575940610004675,R1-6,left,L1,3925,2374,0.6048,5229,yes,Use as a cell-type search term; require an observed exact pair before adding an edge,Homolog incidence is not an edge probability or a named target neuron
522,C_type_hypothesis,720575940610073940,R1-6,left,L1,3925,2374,0.6048,5229,yes,Use as a cell-type search term; require an observed exact pair before adding an edge,Homolog incidence is not an edge probability or a named target neuron
523,C_type_hypothesis,720575940610188669,R1-6,left,L1,3925,2374,0.6048,5229,yes,Use as a cell-type search term; require an observed exact pair before adding an edge,Homolog incidence is not an edge probability or a named target neuron
524,C_type_hypothesis,720575940610759764,R1-6,left,L1,3925,2374,0.6048,5229,yes,Use as a cell-type search term; require an observed exact pair before adding an edge,Homolog incidence is not an edge probability or a named target neuron
525,C_type_hypothesis,720575940610761300,R1-6,left,L1,3925,2374,0.6048,5229,yes,Use as a cell-type search term; require an observed exact pair before adding an edge,Homolog incidence is not an edge probability or a named target neuron
526,C_type_hypothesis,720575940610948164,R1-6,left,L1,3925,2374,0.6048,5229,yes,Use as a cell-type search term; require an observed exact pair before adding an edge,Homolog incidence is not an edge probability or a named target neuron
527,C_type_hypothesis,720575940610973252,R1-6,left,L1,3925,2374,0.6048,5229,yes,Use as a cell-type search term; require an observed exact pair before adding an edge,Homolog incidence is not an edge probability or a named target neuron
528,C_type_hypothesis,720575940611539666,R1-6,left,L1,3925,2374,0.6048,5229,yes,Use as a cell-type search term; require an observed exact pair before adding an edge,Homolog incidence is not an edge probability or a named target neuron
529,C_type_hypothesis,720575940611801976,R1-6,left,L1,3925,2374,0.6048,5229,yes,Use as a cell-type search term; require an observed exact pair before adding an edge,Homolog incidence is not an edge probability or a named target neuron
530,C_type_hypothesis,720575940611982690,R1-6,left,L1,3925,2374,0.6048,5229,yes,Use as a cell-type search term; require an observed exact pair before adding an edge,Homolog incidence is not an edge probability or a named target neuron
531,C_type_hypothesis,720575940612354196,R1-6,left,L1,3925,2374,0.6048,5229,yes,Use as a cell-type search term; require an observed exact pair before adding an edge,Homolog incidence is not an edge probability or a named target neuron
532,C_type_hypothesis,720575940612688789,R1-6,left,L1,3925,2374,0.6048,5229,yes,Use as a cell-type search term; require an observed exact pair before adding an edge,Homolog incidence is not an edge probability or a named target neuron
533,C_type_hypothesis,720575940612706778,R1-6,left,L1,3925,2374,0.6048,5229,yes,Use as a cell-type search term; require an observed exact pair before adding an edge,Homolog incidence is not an edge probability or a named target neuron
534,C_type_hypothesis,720575940612888026,R1-6,left,L1,3925,2374,0.6048,5229,yes,Use as a cell-type search term; require an observed exact pair before adding an edge,Homolog incidence is not an edge probability or a named target neuron
535,C_type_hypothesis,720575940612910578,R1-6,left,L1,3925,2374,0.6048,5229,yes,Use as a cell-type search term; require an observed exact pair before adding an edge,Homolog incidence is not an edge probability or a named target neuron
536,C_type_hypothesis,720575940612970202,R1-6,left,L1,3925,2374,0.6048,5229,yes,Use as a cell-type search term; require an observed exact pair before adding an edge,Homolog incidence is not an edge probability or a named target neuron
537,C_type_hypothesis,720575940613055194,R1-6,left,L1,3925,2374,0.6048,5229,yes,Use as a cell-type search term; require an observed exact pair before adding an edge,Homolog incidence is not an edge probability or a named target neuron
538,C_type_hypothesis,720575940613138674,R1-6,left,L1,3925,2374,0.6048,5229,yes,Use as a cell-type search term; require an observed exact pair before adding an edge,Homolog incidence is not an edge probability or a named target neuron
539,C_type_hypothesis,720575940613270642,R1-6,left,L1,3925,2374,0.6048,5229,yes,Use as a cell-type search term; require an observed exact pair before adding an edge,Homolog incidence is not an edge probability or a named target neuron
540,C_type_hypothesis,720575940613465366,R1-6,left,L1,3925,2374,0.6048,5229,yes,Use as a cell-type search term; require an observed exact pair before adding an edge,Homolog incidence is not an edge probability or a named target neuron
541,C_type_hypothesis,720575940613466134,R1-6,left,L1,3925,2374,0.6048,5229,yes,Use as a cell-type search term; require an observed exact pair before adding an edge,Homolog incidence is not an edge probability or a named target neuron
542,C_type_hypothesis,720575940613466853,R1-6,left,L1,3925,2374,0.6048,5229,yes,Use as a cell-type search term; require an observed exact pair before adding an edge,Homolog incidence is not an edge probability or a named target neuron
543,C_type_hypothesis,720575940613468389,R1-6,left,L1,3925,2374,0.6048,5229,yes,Use as a cell-type search term; require an observed exact pair before adding an edge,Homolog incidence is not an edge probability or a named target neuron
544,C_type_hypothesis,720575940613476581,R1-6,left,L1,3925,2374,0.6048,5229,yes,Use as a cell-type search term; require an observed exact pair before adding an edge,Homolog incidence is not an edge probability or a named target neuron
545,C_type_hypothesis,720575940613486762,R1-6,left,L1,3925,2374,0.6048,5229,yes,Use as a cell-type search term; require an observed exact pair before adding an edge,Homolog incidence is not an edge probability or a named target neuron
546,C_type_hypothesis,720575940613582996,R1-6,left,L1,3925,2374,0.6048,5229,yes,Use as a cell-type search term; require an observed exact pair before adding an edge,Homolog incidence is not an edge probability or a named target neuron
547,C_type_hypothesis,720575940613823090,R1-6,left,L1,3925,2374,0.6048,5229,yes,Use as a cell-type search term; require an observed exact pair before adding an edge,Homolog incidence is not an edge probability or a named target neuron
548,C_type_hypothesis,720575940614194925,R1-6,left,L1,3925,2374,0.6048,5229,yes,Use as a cell-type search term; require an observed exact pair before adding an edge,Homolog incidence is not an edge probability or a named target neuron
549,C_type_hypothesis,720575940614197485,R1-6,left,L1,3925,2374,0.6048,5229,yes,Use as a cell-type search term; require an observed exact pair before adding an edge,Homolog incidence is not an edge probability or a named target neuron
550,C_type_hypothesis,720575940614199789,R1-6,left,L1,3925,2374,0.6048,5229,yes,Use as a cell-type search term; require an observed exact pair before adding an edge,Homolog incidence is not an edge probability or a named target neuron
551,C_type_hypothesis,720575940614200557,R1-6,left,L1,3925,2374,0.6048,5229,yes,Use as a cell-type search term; require an observed exact pair before adding an edge,Homolog incidence is not an edge probability or a named target neuron
552,C_type_hypothesis,720575940614309736,R1-6,left,L1,3925,2374,0.6048,5229,yes,Use as a cell-type search term; require an observed exact pair before adding an edge,Homolog incidence is not an edge probability or a named target neuron
553,C_type_hypothesis,720575940614567855,R1-6,left,L1,3925,2374,0.6048,5229,yes,Use as a cell-type search term; require an observed exact pair before adding an edge,Homolog incidence is not an edge probability or a named target neuron
554,C_type_hypothesis,720575940614634927,R1-6,left,L1,3925,2374,0.6048,5229,yes,Use as a cell-type search term; require an observed exact pair before adding an edge,Homolog incidence is not an edge probability or a named target neuron
555,C_type_hypothesis,720575940614641000,R1-6,left,L1,3925,2374,0.6048,5229,yes,Use as a cell-type search term; require an observed exact pair before adding an edge,Homolog incidence is not an edge probability or a named target neuron
556,C_type_hypothesis,720575940614849967,R1-6,left,L1,3925,2374,0.6048,5229,yes,Use as a cell-type search term; require an observed exact pair before adding an edge,Homolog incidence is not an edge probability or a named target neuron
557,C_type_hypothesis,720575940614951377,R1-6,left,L1,3925,2374,0.6048,5229,yes,Use as a cell-type search term; require an observed exact pair before adding an edge,Homolog incidence is not an edge probability or a named target neuron
558,C_type_hypothesis,720575940615103998,R1-6,left,L1,3925,2374,0.6048,5229,yes,Use as a cell-type search term; require an observed exact pair before adding an edge,Homolog incidence is not an edge probability or a named target neuron
559,C_type_hypothesis,720575940615196839,R1-6,left,L1,3925,2374,0.6048,5229,yes,Use as a cell-type search term; require an observed exact pair before adding an edge,Homolog incidence is not an edge probability or a named target neuron
560,C_type_hypothesis,720575940615234001,R1-6,left,L1,3925,2374,0.6048,5229,yes,Use as a cell-type search term; require an observed exact pair before adding an edge,Homolog incidence is not an edge probability or a named target neuron
561,C_type_hypothesis,720575940615322514,R1-6,left,L1,3925,2374,0.6048,5229,yes,Use as a cell-type search term; require an observed exact pair before adding an edge,Homolog incidence is not an edge probability or a named target neuron
562,C_type_hypothesis,720575940615556498,R1-6,left,L1,3925,2374,0.6048,5229,yes,Use as a cell-type search term; require an observed exact pair before adding an edge,Homolog incidence is not an edge probability or a named target neuron
563,C_type_hypothesis,720575940615642786,R1-6,left,L1,3925,2374,0.6048,5229,yes,Use as a cell-type search term; require an observed exact pair before adding an edge,Homolog incidence is not an edge probability or a named target neuron
564,C_type_hypothesis,720575940615650666,R1-6,left,L1,3925,2374,0.6048,5229,yes,Use as a cell-type search term; require an observed exact pair before adding an edge,Homolog incidence is not an edge probability or a named target neuron
565,C_type_hypothesis,720575940615855510,R1-6,left,L1,3925,2374,0.6048,5229,yes,Use as a cell-type search term; require an observed exact pair before adding an edge,Homolog incidence is not an edge probability or a named target neuron
566,C_type_hypothesis,720575940615905247,R1-6,left,L1,3925,2374,0.6048,5229,yes,Use as a cell-type search term; require an observed exact pair before adding an edge,Homolog incidence is not an edge probability or a named target neuron
567,C_type_hypothesis,720575940615927263,R1-6,left,L1,3925,2374,0.6048,5229,yes,Use as a cell-type search term; require an observed exact pair before adding an edge,Homolog incidence is not an edge probability or a named target neuron
568,C_type_hypothesis,720575940615957215,R1-6,left,L1,3925,2374,0.6048,5229,yes,Use as a cell-type search term; require an observed exact pair before adding an edge,Homolog incidence is not an edge probability or a named target neuron
569,C_type_hypothesis,720575940616172866,R1-6,left,L1,3925,2374,0.6048,5229,yes,Use as a cell-type search term; require an observed exact pair before adding an edge,Homolog incidence is not an edge probability or a named target neuron
570,C_type_hypothesis,720575940616173122,R1-6,left,L1,3925,2374,0.6048,5229,yes,Use as a cell-type search term; require an observed exact pair before adding an edge,Homolog incidence is not an edge probability or a named target neuron
571,C_type_hypothesis,720575940616206658,R1-6,left,L1,3925,2374,0.6048,5229,yes,Use as a cell-type search term; require an observed exact pair before adding an edge,Homolog incidence is not an edge probability or a named target neuron
572,C_type_hypothesis,720575940616207170,R1-6,left,L1,3925,2374,0.6048,5229,yes,Use as a cell-type search term; require an observed exact pair before adding an edge,Homolog incidence is not an edge probability or a named target neuron
573,C_type_hypothesis,720575940616281311,R1-6,left,L1,3925,2374,0.6048,5229,yes,Use as a cell-type search term; require an observed exact pair before adding an edge,Homolog incidence is not an edge probability or a named target neuron
574,C_type_hypothesis,720575940616388550,R1-6,left,L1,3925,2374,0.6048,5229,yes,Use as a cell-type search term; require an observed exact pair before adding an edge,Homolog incidence is not an edge probability or a named target neuron
575,C_type_hypothesis,720575940616591372,R1-6,left,L1,3925,2374,0.6048,5229,yes,Use as a cell-type search term; require an observed exact pair before adding an edge,Homolog incidence is not an edge probability or a named target neuron
576,C_type_hypothesis,720575940616710412,R1-6,left,L1,3925,2374,0.6048,5229,yes,Use as a cell-type search term; require an observed exact pair before adding an edge,Homolog incidence is not an edge probability or a named target neuron
577,C_type_hypothesis,720575940617211253,R1-6,left,L1,3925,2374,0.6048,5229,yes,Use as a cell-type search term; require an observed exact pair before adding an edge,Homolog incidence is not an edge probability or a named target neuron
578,C_type_hypothesis,720575940617513589,R1-6,left,L1,3925,2374,0.6048,5229,yes,Use as a cell-type search term; require an observed exact pair before adding an edge,Homolog incidence is not an edge probability or a named target neuron
579,C_type_hypothesis,720575940618061661,R1-6,left,L1,3925,2374,0.6048,5229,yes,Use as a cell-type search term; require an observed exact pair before adding an edge,Homolog incidence is not an edge probability or a named target neuron
580,C_type_hypothesis,720575940618065501,R1-6,left,L1,3925,2374,0.6048,5229,yes,Use as a cell-type search term; require an observed exact pair before adding an edge,Homolog incidence is not an edge probability or a named target neuron
581,C_type_hypothesis,720575940618071481,R1-6,left,L1,3925,2374,0.6048,5229,yes,Use as a cell-type search term; require an observed exact pair before adding an edge,Homolog incidence is not an edge probability or a named target neuron
582,C_type_hypothesis,720575940618090129,R1-6,left,L1,3925,2374,0.6048,5229,yes,Use as a cell-type search term; require an observed exact pair before adding an edge,Homolog incidence is not an edge probability or a named target neuron
583,C_type_hypothesis,720575940618140987,R1-6,left,L1,3925,2374,0.6048,5229,yes,Use as a cell-type search term; require an observed exact pair before adding an edge,Homolog incidence is not an edge probability or a named target neuron
584,C_type_hypothesis,720575940618204390,R1-6,left,L1,3925,2374,0.6048,5229,yes,Use as a cell-type search term; require an observed exact pair before adding an edge,Homolog incidence is not an edge probability or a named target neuron
585,C_type_hypothesis,720575940618238681,R1-6,left,L1,3925,2374,0.6048,5229,yes,Use as a cell-type search term; require an observed exact pair before adding an edge,Homolog incidence is not an edge probability or a named target neuron
586,C_type_hypothesis,720575940618240401,R1-6,left,L1,3925,2374,0.6048,5229,yes,Use as a cell-type search term; require an observed exact pair before adding an edge,Homolog incidence is not an edge probability or a named target neuron
587,C_type_hypothesis,720575940618422929,R1-6,left,L1,3925,2374,0.6048,5229,yes,Use as a cell-type search term; require an observed exact pair before adding an edge,Homolog incidence is not an edge probability or a named target neuron
588,C_type_hypothesis,720575940618423441,R1-6,left,L1,3925,2374,0.6048,5229,yes,Use as a cell-type search term; require an observed exact pair before adding an edge,Homolog incidence is not an edge probability or a named target neuron
589,C_type_hypothesis,720575940618464925,R1-6,left,L1,3925,2374,0.6048,5229,yes,Use as a cell-type search term; require an observed exact pair before adding an edge,Homolog incidence is not an edge probability or a named target neuron
590,C_type_hypothesis,720575940618530594,R1-6,left,L1,3925,2374,0.6048,5229,yes,Use as a cell-type search term; require an observed exact pair before adding an edge,Homolog incidence is not an edge probability or a named target neuron
591,C_type_hypothesis,720575940618600020,R1-6,left,L1,3925,2374,0.6048,5229,yes,Use as a cell-type search term; require an observed exact pair before adding an edge,Homolog incidence is not an edge probability or a named target neuron
592,C_type_hypothesis,720575940618600276,R1-6,left,L1,3925,2374,0.6048,5229,yes,Use as a cell-type search term; require an observed exact pair before adding an edge,Homolog incidence is not an edge probability or a named target neuron
593,C_type_hypothesis,720575940618712091,R1-6,left,L1,3925,2374,0.6048,5229,yes,Use as a cell-type search term; require an observed exact pair before adding an edge,Homolog incidence is not an edge probability or a named target neuron
594,C_type_hypothesis,720575940618725147,R1-6,left,L1,3925,2374,0.6048,5229,yes,Use as a cell-type search term; require an observed exact pair before adding an edge,Homolog incidence is not an edge probability or a named target neuron
595,C_type_hypothesis,720575940618728475,R1-6,left,L1,3925,2374,0.6048,5229,yes,Use as a cell-type search term; require an observed exact pair before adding an edge,Homolog incidence is not an edge probability or a named target neuron
596,C_type_hypothesis,720575940618849537,R1-6,left,L1,3925,2374,0.6048,5229,yes,Use as a cell-type search term; require an observed exact pair before adding an edge,Homolog incidence is not an edge probability or a named target neuron
597,C_type_hypothesis,720575940618864724,R1-6,left,L1,3925,2374,0.6048,5229,yes,Use as a cell-type search term; require an observed exact pair before adding an edge,Homolog incidence is not an edge probability or a named target neuron
598,C_type_hypothesis,720575940618916125,R1-6,left,L1,3925,2374,0.6048,5229,yes,Use as a cell-type search term; require an observed exact pair before adding an edge,Homolog incidence is not an edge probability or a named target neuron
599,C_type_hypothesis,720575940619643702,R1-6,left,L1,3925,2374,0.6048,5229,yes,Use as a cell-type search term; require an observed exact pair before adding an edge,Homolog incidence is not an edge probability or a named target neuron
600,C_type_hypothesis,720575940619984798,R1-6,left,L1,3925,2374,0.6048,5229,yes,Use as a cell-type search term; require an observed exact pair before adding an edge,Homolog incidence is not an edge probability or a named target neuron
601,C_type_hypothesis,720575940620236593,R1-6,left,L1,3925,2374,0.6048,5229,yes,Use as a cell-type search term; require an observed exact pair before adding an edge,Homolog incidence is not an edge probability or a named target neuron
602,C_type_hypothesis,720575940620238296,R1-6,left,L1,3925,2374,0.6048,5229,yes,Use as a cell-type search term; require an observed exact pair before adding an edge,Homolog incidence is not an edge probability or a named target neuron
603,C_type_hypothesis,720575940620476363,R1-6,left,L1,3925,2374,0.6048,5229,yes,Use as a cell-type search term; require an observed exact pair before adding an edge,Homolog incidence is not an edge probability or a named target neuron
604,C_type_hypothesis,720575940620487504,R1-6,left,L1,3925,2374,0.6048,5229,yes,Use as a cell-type search term; require an observed exact pair before adding an edge,Homolog incidence is not an edge probability or a named target neuron
605,C_type_hypothesis,720575940620488784,R1-6,left,L1,3925,2374,0.6048,5229,yes,Use as a cell-type search term; require an observed exact pair before adding an edge,Homolog incidence is not an edge probability or a named target neuron
606,C_type_hypothesis,720575940620531761,R1-6,left,L1,3925,2374,0.6048,5229,yes,Use as a cell-type search term; require an observed exact pair before adding an edge,Homolog incidence is not an edge probability or a named target neuron
607,C_type_hypothesis,720575940620545616,R1-6,left,L1,3925,2374,0.6048,5229,yes,Use as a cell-type search term; require an observed exact pair before adding an edge,Homolog incidence is not an edge probability or a named target neuron
608,C_type_hypothesis,720575940620556117,R1-6,left,L1,3925,2374,0.6048,5229,yes,Use as a cell-type search term; require an observed exact pair before adding an edge,Homolog incidence is not an edge probability or a named target neuron
609,C_type_hypothesis,720575940620562517,R1-6,left,L1,3925,2374,0.6048,5229,yes,Use as a cell-type search term; require an observed exact pair before adding an edge,Homolog incidence is not an edge probability or a named target neuron
610,C_type_hypothesis,720575940620562773,R1-6,left,L1,3925,2374,0.6048,5229,yes,Use as a cell-type search term; require an observed exact pair before adding an edge,Homolog incidence is not an edge probability or a named target neuron
611,C_type_hypothesis,720575940620568405,R1-6,left,L1,3925,2374,0.6048,5229,yes,Use as a cell-type search term; require an observed exact pair before adding an edge,Homolog incidence is not an edge probability or a named target neuron
612,C_type_hypothesis,720575940620623320,R1-6,left,L1,3925,2374,0.6048,5229,yes,Use as a cell-type search term; require an observed exact pair before adding an edge,Homolog incidence is not an edge probability or a named target neuron
613,C_type_hypothesis,720575940620665680,R1-6,left,L1,3925,2374,0.6048,5229,yes,Use as a cell-type search term; require an observed exact pair before adding an edge,Homolog incidence is not an edge probability or a named target neuron
614,C_type_hypothesis,720575940620797131,R1-6,left,L1,3925,2374,0.6048,5229,yes,Use as a cell-type search term; require an observed exact pair before adding an edge,Homolog incidence is not an edge probability or a named target neuron
615,C_type_hypothesis,720575940620797643,R1-6,left,L1,3925,2374,0.6048,5229,yes,Use as a cell-type search term; require an observed exact pair before adding an edge,Homolog incidence is not an edge probability or a named target neuron
616,C_type_hypothesis,720575940620881829,R1-6,left,L1,3925,2374,0.6048,5229,yes,Use as a cell-type search term; require an observed exact pair before adding an edge,Homolog incidence is not an edge probability or a named target neuron
617,C_type_hypothesis,720575940620885157,R1-6,left,L1,3925,2374,0.6048,5229,yes,Use as a cell-type search term; require an observed exact pair before adding an edge,Homolog incidence is not an edge probability or a named target neuron
618,C_type_hypothesis,720575940620886181,R1-6,left,L1,3925,2374,0.6048,5229,yes,Use as a cell-type search term; require an observed exact pair before adding an edge,Homolog incidence is not an edge probability or a named target neuron
619,C_type_hypothesis,720575940620886693,R1-6,left,L1,3925,2374,0.6048,5229,yes,Use as a cell-type search term; require an observed exact pair before adding an edge,Homolog incidence is not an edge probability or a named target neuron
620,C_type_hypothesis,720575940620909332,R1-6,left,L1,3925,2374,0.6048,5229,yes,Use as a cell-type search term; require an observed exact pair before adding an edge,Homolog incidence is not an edge probability or a named target neuron
621,C_type_hypothesis,720575940620944037,R1-6,left,L1,3925,2374,0.6048,5229,yes,Use as a cell-type search term; require an observed exact pair before adding an edge,Homolog incidence is not an edge probability or a named target neuron
622,C_type_hypothesis,720575940621144198,R1-6,left,L1,3925,2374,0.6048,5229,yes,Use as a cell-type search term; require an observed exact pair before adding an edge,Homolog incidence is not an edge probability or a named target neuron
623,C_type_hypothesis,720575940621323247,R1-6,left,L1,3925,2374,0.6048,5229,yes,Use as a cell-type search term; require an observed exact pair before adding an edge,Homolog incidence is not an edge probability or a named target neuron
624,C_type_hypothesis,720575940621458625,R1-6,left,L1,3925,2374,0.6048,5229,yes,Use as a cell-type search term; require an observed exact pair before adding an edge,Homolog incidence is not an edge probability or a named target neuron
625,C_type_hypothesis,720575940621466048,R1-6,left,L1,3925,2374,0.6048,5229,yes,Use as a cell-type search term; require an observed exact pair before adding an edge,Homolog incidence is not an edge probability or a named target neuron
626,C_type_hypothesis,720575940621482667,R1-6,left,L1,3925,2374,0.6048,5229,yes,Use as a cell-type search term; require an observed exact pair before adding an edge,Homolog incidence is not an edge probability or a named target neuron
627,C_type_hypothesis,720575940621514667,R1-6,left,L1,3925,2374,0.6048,5229,yes,Use as a cell-type search term; require an observed exact pair before adding an edge,Homolog incidence is not an edge probability or a named target neuron
628,C_type_hypothesis,720575940621526510,R1-6,left,L1,3925,2374,0.6048,5229,yes,Use as a cell-type search term; require an observed exact pair before adding an edge,Homolog incidence is not an edge probability or a named target neuron
629,C_type_hypothesis,720575940621605286,R1-6,left,L1,3925,2374,0.6048,5229,yes,Use as a cell-type search term; require an observed exact pair before adding an edge,Homolog incidence is not an edge probability or a named target neuron
630,C_type_hypothesis,720575940621687489,R1-6,left,L1,3925,2374,0.6048,5229,yes,Use as a cell-type search term; require an observed exact pair before adding an edge,Homolog incidence is not an edge probability or a named target neuron
631,C_type_hypothesis,720575940621817409,R1-6,left,L1,3925,2374,0.6048,5229,yes,Use as a cell-type search term; require an observed exact pair before adding an edge,Homolog incidence is not an edge probability or a named target neuron
632,C_type_hypothesis,720575940621855920,R1-6,left,L1,3925,2374,0.6048,5229,yes,Use as a cell-type search term; require an observed exact pair before adding an edge,Homolog incidence is not an edge probability or a named target neuron
633,C_type_hypothesis,720575940621884854,R1-6,left,L1,3925,2374,0.6048,5229,yes,Use as a cell-type search term; require an observed exact pair before adding an edge,Homolog incidence is not an edge probability or a named target neuron
634,C_type_hypothesis,720575940621962081,R1-6,left,L1,3925,2374,0.6048,5229,yes,Use as a cell-type search term; require an observed exact pair before adding an edge,Homolog incidence is not an edge probability or a named target neuron
635,C_type_hypothesis,720575940621962337,R1-6,left,L1,3925,2374,0.6048,5229,yes,Use as a cell-type search term; require an observed exact pair before adding an edge,Homolog incidence is not an edge probability or a named target neuron
636,C_type_hypothesis,720575940621978534,R1-6,left,L1,3925,2374,0.6048,5229,yes,Use as a cell-type search term; require an observed exact pair before adding an edge,Homolog incidence is not an edge probability or a named target neuron
637,C_type_hypothesis,720575940622064048,R1-6,left,L1,3925,2374,0.6048,5229,yes,Use as a cell-type search term; require an observed exact pair before adding an edge,Homolog incidence is not an edge probability or a named target neuron
638,C_type_hypothesis,720575940622064961,R1-6,left,L1,3925,2374,0.6048,5229,yes,Use as a cell-type search term; require an observed exact pair before adding an edge,Homolog incidence is not an edge probability or a named target neuron
639,C_type_hypothesis,720575940622132656,R1-6,left,L1,3925,2374,0.6048,5229,yes,Use as a cell-type search term; require an observed exact pair before adding an edge,Homolog incidence is not an edge probability or a named target neuron
640,C_type_hypothesis,720575940622208688,R1-6,left,L1,3925,2374,0.6048,5229,yes,Use as a cell-type search term; require an observed exact pair before adding an edge,Homolog incidence is not an edge probability or a named target neuron
641,C_type_hypothesis,720575940622339967,R1-6,left,L1,3925,2374,0.6048,5229,yes,Use as a cell-type search term; require an observed exact pair before adding an edge,Homolog incidence is not an edge probability or a named target neuron
642,C_type_hypothesis,720575940622406896,R1-6,left,L1,3925,2374,0.6048,5229,yes,Use as a cell-type search term; require an observed exact pair before adding an edge,Homolog incidence is not an edge probability or a named target neuron
643,C_type_hypothesis,720575940622413040,R1-6,left,L1,3925,2374,0.6048,5229,yes,Use as a cell-type search term; require an observed exact pair before adding an edge,Homolog incidence is not an edge probability or a named target neuron
644,C_type_hypothesis,720575940622433524,R1-6,left,L1,3925,2374,0.6048,5229,yes,Use as a cell-type search term; require an observed exact pair before adding an edge,Homolog incidence is not an edge probability or a named target neuron
645,C_type_hypothesis,720575940622549342,R1-6,left,L1,3925,2374,0.6048,5229,yes,Use as a cell-type search term; require an observed exact pair before adding an edge,Homolog incidence is not an edge probability or a named target neuron
646,C_type_hypothesis,720575940622550878,R1-6,left,L1,3925,2374,0.6048,5229,yes,Use as a cell-type search term; require an observed exact pair before adding an edge,Homolog incidence is not an edge probability or a named target neuron
647,C_type_hypothesis,720575940622638430,R1-6,left,L1,3925,2374,0.6048,5229,yes,Use as a cell-type search term; require an observed exact pair before adding an edge,Homolog incidence is not an edge probability or a named target neuron
648,C_type_hypothesis,720575940622640990,R1-6,left,L1,3925,2374,0.6048,5229,yes,Use as a cell-type search term; require an observed exact pair before adding an edge,Homolog incidence is not an edge probability or a named target neuron
649,C_type_hypothesis,720575940622643806,R1-6,left,L1,3925,2374,0.6048,5229,yes,Use as a cell-type search term; require an observed exact pair before adding an edge,Homolog incidence is not an edge probability or a named target neuron
650,C_type_hypothesis,720575940622654591,R1-6,left,L1,3925,2374,0.6048,5229,yes,Use as a cell-type search term; require an observed exact pair before adding an edge,Homolog incidence is not an edge probability or a named target neuron
651,C_type_hypothesis,720575940622662170,R1-6,left,L1,3925,2374,0.6048,5229,yes,Use as a cell-type search term; require an observed exact pair before adding an edge,Homolog incidence is not an edge probability or a named target neuron
652,C_type_hypothesis,720575940622798836,R1-6,left,L1,3925,2374,0.6048,5229,yes,Use as a cell-type search term; require an observed exact pair before adding an edge,Homolog incidence is not an edge probability or a named target neuron
653,C_type_hypothesis,720575940622879521,R1-6,left,L1,3925,2374,0.6048,5229,yes,Use as a cell-type search term; require an observed exact pair before adding an edge,Homolog incidence is not an edge probability or a named target neuron
654,C_type_hypothesis,720575940623027550,R1-6,left,L1,3925,2374,0.6048,5229,yes,Use as a cell-type search term; require an observed exact pair before adding an edge,Homolog incidence is not an edge probability or a named target neuron
655,C_type_hypothesis,720575940623111593,R1-6,left,L1,3925,2374,0.6048,5229,yes,Use as a cell-type search term; require an observed exact pair before adding an edge,Homolog incidence is not an edge probability or a named target neuron
656,C_type_hypothesis,720575940623242108,R1-6,left,L1,3925,2374,0.6048,5229,yes,Use as a cell-type search term; require an observed exact pair before adding an edge,Homolog incidence is not an edge probability or a named target neuron
657,C_type_hypothesis,720575940623335715,R1-6,left,L1,3925,2374,0.6048,5229,yes,Use as a cell-type search term; require an observed exact pair before adding an edge,Homolog incidence is not an edge probability or a named target neuron
658,C_type_hypothesis,720575940623337251,R1-6,left,L1,3925,2374,0.6048,5229,yes,Use as a cell-type search term; require an observed exact pair before adding an edge,Homolog incidence is not an edge probability or a named target neuron
659,C_type_hypothesis,720575940623337507,R1-6,left,L1,3925,2374,0.6048,5229,yes,Use as a cell-type search term; require an observed exact pair before adding an edge,Homolog incidence is not an edge probability or a named target neuron
660,C_type_hypothesis,720575940623342716,R1-6,left,L1,3925,2374,0.6048,5229,yes,Use as a cell-type search term; require an observed exact pair before adding an edge,Homolog incidence is not an edge probability or a named target neuron
661,C_type_hypothesis,720575940623343139,R1-6,left,L1,3925,2374,0.6048,5229,yes,Use as a cell-type search term; require an observed exact pair before adding an edge,Homolog incidence is not an edge probability or a named target neuron
662,C_type_hypothesis,720575940623347414,R1-6,left,L1,3925,2374,0.6048,5229,yes,Use as a cell-type search term; require an observed exact pair before adding an edge,Homolog incidence is not an edge probability or a named target neuron
663,C_type_hypothesis,720575940623400216,R1-6,left,L1,3925,2374,0.6048,5229,yes,Use as a cell-type search term; require an observed exact pair before adding an edge,Homolog incidence is not an edge probability or a named target neuron
664,C_type_hypothesis,720575940623495693,R1-6,left,L1,3925,2374,0.6048,5229,yes,Use as a cell-type search term; require an observed exact pair before adding an edge,Homolog incidence is not an edge probability or a named target neuron
665,C_type_hypothesis,720575940623518051,R1-6,left,L1,3925,2374,0.6048,5229,yes,Use as a cell-type search term; require an observed exact pair before adding an edge,Homolog incidence is not an edge probability or a named target neuron
666,C_type_hypothesis,720575940623518819,R1-6,left,L1,3925,2374,0.6048,5229,yes,Use as a cell-type search term; require an observed exact pair before adding an edge,Homolog incidence is not an edge probability or a named target neuron
667,C_type_hypothesis,720575940623522147,R1-6,left,L1,3925,2374,0.6048,5229,yes,Use as a cell-type search term; require an observed exact pair before adding an edge,Homolog incidence is not an edge probability or a named target neuron
668,C_type_hypothesis,720575940623668248,R1-6,left,L1,3925,2374,0.6048,5229,yes,Use as a cell-type search term; require an observed exact pair before adding an edge,Homolog incidence is not an edge probability or a named target neuron
669,C_type_hypothesis,720575940623694104,R1-6,left,L1,3925,2374,0.6048,5229,yes,Use as a cell-type search term; require an observed exact pair before adding an edge,Homolog incidence is not an edge probability or a named target neuron
670,C_type_hypothesis,720575940623710232,R1-6,left,L1,3925,2374,0.6048,5229,yes,Use as a cell-type search term; require an observed exact pair before adding an edge,Homolog incidence is not an edge probability or a named target neuron
671,C_type_hypothesis,720575940623721496,R1-6,left,L1,3925,2374,0.6048,5229,yes,Use as a cell-type search term; require an observed exact pair before adding an edge,Homolog incidence is not an edge probability or a named target neuron
672,C_type_hypothesis,720575940623823240,R1-6,left,L1,3925,2374,0.6048,5229,yes,Use as a cell-type search term; require an observed exact pair before adding an edge,Homolog incidence is not an edge probability or a named target neuron
673,C_type_hypothesis,720575940623825544,R1-6,left,L1,3925,2374,0.6048,5229,yes,Use as a cell-type search term; require an observed exact pair before adding an edge,Homolog incidence is not an edge probability or a named target neuron
674,C_type_hypothesis,720575940623866248,R1-6,left,L1,3925,2374,0.6048,5229,yes,Use as a cell-type search term; require an observed exact pair before adding an edge,Homolog incidence is not an edge probability or a named target neuron
675,C_type_hypothesis,720575940623867016,R1-6,left,L1,3925,2374,0.6048,5229,yes,Use as a cell-type search term; require an observed exact pair before adding an edge,Homolog incidence is not an edge probability or a named target neuron
676,C_type_hypothesis,720575940623892579,R1-6,left,L1,3925,2374,0.6048,5229,yes,Use as a cell-type search term; require an observed exact pair before adding an edge,Homolog incidence is not an edge probability or a named target neuron
677,C_type_hypothesis,720575940623984520,R1-6,left,L1,3925,2374,0.6048,5229,yes,Use as a cell-type search term; require an observed exact pair before adding an edge,Homolog incidence is not an edge probability or a named target neuron
678,C_type_hypothesis,720575940624001791,R1-6,left,L1,3925,2374,0.6048,5229,yes,Use as a cell-type search term; require an observed exact pair before adding an edge,Homolog incidence is not an edge probability or a named target neuron
679,C_type_hypothesis,720575940624046227,R1-6,left,L1,3925,2374,0.6048,5229,yes,Use as a cell-type search term; require an observed exact pair before adding an edge,Homolog incidence is not an edge probability or a named target neuron
680,C_type_hypothesis,720575940624048275,R1-6,left,L1,3925,2374,0.6048,5229,yes,Use as a cell-type search term; require an observed exact pair before adding an edge,Homolog incidence is not an edge probability or a named target neuron
681,C_type_hypothesis,720575940624103827,R1-6,left,L1,3925,2374,0.6048,5229,yes,Use as a cell-type search term; require an observed exact pair before adding an edge,Homolog incidence is not an edge probability or a named target neuron
682,C_type_hypothesis,720575940624106131,R1-6,left,L1,3925,2374,0.6048,5229,yes,Use as a cell-type search term; require an observed exact pair before adding an edge,Homolog incidence is not an edge probability or a named target neuron
683,C_type_hypothesis,720575940624338058,R1-6,left,L1,3925,2374,0.6048,5229,yes,Use as a cell-type search term; require an observed exact pair before adding an edge,Homolog incidence is not an edge probability or a named target neuron
684,C_type_hypothesis,720575940624438566,R1-6,left,L1,3925,2374,0.6048,5229,yes,Use as a cell-type search term; require an observed exact pair before adding an edge,Homolog incidence is not an edge probability or a named target neuron
685,C_type_hypothesis,720575940624735229,R1-6,left,L1,3925,2374,0.6048,5229,yes,Use as a cell-type search term; require an observed exact pair before adding an edge,Homolog incidence is not an edge probability or a named target neuron
686,C_type_hypothesis,720575940625037509,R1-6,left,L1,3925,2374,0.6048,5229,yes,Use as a cell-type search term; require an observed exact pair before adding an edge,Homolog incidence is not an edge probability or a named target neuron
687,C_type_hypothesis,720575940625039557,R1-6,left,L1,3925,2374,0.6048,5229,yes,Use as a cell-type search term; require an observed exact pair before adding an edge,Homolog incidence is not an edge probability or a named target neuron
688,C_type_hypothesis,720575940625044421,R1-6,left,L1,3925,2374,0.6048,5229,yes,Use as a cell-type search term; require an observed exact pair before adding an edge,Homolog incidence is not an edge probability or a named target neuron
689,C_type_hypothesis,720575940625052101,R1-6,left,L1,3925,2374,0.6048,5229,yes,Use as a cell-type search term; require an observed exact pair before adding an edge,Homolog incidence is not an edge probability or a named target neuron
690,C_type_hypothesis,720575940625052869,R1-6,left,L1,3925,2374,0.6048,5229,yes,Use as a cell-type search term; require an observed exact pair before adding an edge,Homolog incidence is not an edge probability or a named target neuron
691,C_type_hypothesis,720575940625067243,R1-6,left,L1,3925,2374,0.6048,5229,yes,Use as a cell-type search term; require an observed exact pair before adding an edge,Homolog incidence is not an edge probability or a named target neuron
692,C_type_hypothesis,720575940625132948,R1-6,left,L1,3925,2374,0.6048,5229,yes,Use as a cell-type search term; require an observed exact pair before adding an edge,Homolog incidence is not an edge probability or a named target neuron
693,C_type_hypothesis,720575940625237923,R1-6,left,L1,3925,2374,0.6048,5229,yes,Use as a cell-type search term; require an observed exact pair before adding an edge,Homolog incidence is not an edge probability or a named target neuron
694,C_type_hypothesis,720575940625564860,R1-6,left,L1,3925,2374,0.6048,5229,yes,Use as a cell-type search term; require an observed exact pair before adding an edge,Homolog incidence is not an edge probability or a named target neuron
695,C_type_hypothesis,720575940625579704,R1-6,left,L1,3925,2374,0.6048,5229,yes,Use as a cell-type search term; require an observed exact pair before adding an edge,Homolog incidence is not an edge probability or a named target neuron
696,C_type_hypothesis,720575940625583118,R1-6,left,L1,3925,2374,0.6048,5229,yes,Use as a cell-type search term; require an observed exact pair before adding an edge,Homolog incidence is not an edge probability or a named target neuron
697,C_type_hypothesis,720575940625603512,R1-6,left,L1,3925,2374,0.6048,5229,yes,Use as a cell-type search term; require an observed exact pair before adding an edge,Homolog incidence is not an edge probability or a named target neuron
698,C_type_hypothesis,720575940625621518,R1-6,left,L1,3925,2374,0.6048,5229,yes,Use as a cell-type search term; require an observed exact pair before adding an edge,Homolog incidence is not an edge probability or a named target neuron
699,C_type_hypothesis,720575940625635119,R1-6,left,L1,3925,2374,0.6048,5229,yes,Use as a cell-type search term; require an observed exact pair before adding an edge,Homolog incidence is not an edge probability or a named target neuron
700,C_type_hypothesis,720575940625643495,R1-6,left,L1,3925,2374,0.6048,5229,yes,Use as a cell-type search term; require an observed exact pair before adding an edge,Homolog incidence is not an edge probability or a named target neuron
701,C_type_hypothesis,720575940625733095,R1-6,left,L1,3925,2374,0.6048,5229,yes,Use as a cell-type search term; require an observed exact pair before adding an edge,Homolog incidence is not an edge probability or a named target neuron
702,C_type_hypothesis,720575940625823101,R1-6,left,L1,3925,2374,0.6048,5229,yes,Use as a cell-type search term; require an observed exact pair before adding an edge,Homolog incidence is not an edge probability or a named target neuron
703,C_type_hypothesis,720575940625882701,R1-6,left,L1,3925,2374,0.6048,5229,yes,Use as a cell-type search term; require an observed exact pair before adding an edge,Homolog incidence is not an edge probability or a named target neuron
704,C_type_hypothesis,720575940625916207,R1-6,left,L1,3925,2374,0.6048,5229,yes,Use as a cell-type search term; require an observed exact pair before adding an edge,Homolog incidence is not an edge probability or a named target neuron
705,C_type_hypothesis,720575940625956429,R1-6,left,L1,3925,2374,0.6048,5229,yes,Use as a cell-type search term; require an observed exact pair before adding an edge,Homolog incidence is not an edge probability or a named target neuron
706,C_type_hypothesis,720575940626322992,R1-6,left,L1,3925,2374,0.6048,5229,yes,Use as a cell-type search term; require an observed exact pair before adding an edge,Homolog incidence is not an edge probability or a named target neuron
707,C_type_hypothesis,720575940626770532,R1-6,left,L1,3925,2374,0.6048,5229,yes,Use as a cell-type search term; require an observed exact pair before adding an edge,Homolog incidence is not an edge probability or a named target neuron
708,C_type_hypothesis,720575940627087106,R1-6,left,L1,3925,2374,0.6048,5229,yes,Use as a cell-type search term; require an observed exact pair before adding an edge,Homolog incidence is not an edge probability or a named target neuron
709,C_type_hypothesis,720575940627098942,R1-6,left,L1,3925,2374,0.6048,5229,yes,Use as a cell-type search term; require an observed exact pair before adding an edge,Homolog incidence is not an edge probability or a named target neuron
710,C_type_hypothesis,720575940627212644,R1-6,left,L1,3925,2374,0.6048,5229,yes,Use as a cell-type search term; require an observed exact pair before adding an edge,Homolog incidence is not an edge probability or a named target neuron
711,C_type_hypothesis,720575940627267842,R1-6,left,L1,3925,2374,0.6048,5229,yes,Use as a cell-type search term; require an observed exact pair before adding an edge,Homolog incidence is not an edge probability or a named target neuron
712,C_type_hypothesis,720575940627309913,R1-6,left,L1,3925,2374,0.6048,5229,yes,Use as a cell-type search term; require an observed exact pair before adding an edge,Homolog incidence is not an edge probability or a named target neuron
713,C_type_hypothesis,720575940627462914,R1-6,left,L1,3925,2374,0.6048,5229,yes,Use as a cell-type search term; require an observed exact pair before adding an edge,Homolog incidence is not an edge probability or a named target neuron
714,C_type_hypothesis,720575940627618905,R1-6,left,L1,3925,2374,0.6048,5229,yes,Use as a cell-type search term; require an observed exact pair before adding an edge,Homolog incidence is not an edge probability or a named target neuron
715,C_type_hypothesis,720575940627652441,R1-6,left,L1,3925,2374,0.6048,5229,yes,Use as a cell-type search term; require an observed exact pair before adding an edge,Homolog incidence is not an edge probability or a named target neuron
716,C_type_hypothesis,720575940627660121,R1-6,left,L1,3925,2374,0.6048,5229,yes,Use as a cell-type search term; require an observed exact pair before adding an edge,Homolog incidence is not an edge probability or a named target neuron
717,C_type_hypothesis,720575940627660440,R1-6,left,L1,3925,2374,0.6048,5229,yes,Use as a cell-type search term; require an observed exact pair before adding an edge,Homolog incidence is not an edge probability or a named target neuron
718,C_type_hypothesis,720575940627665241,R1-6,left,L1,3925,2374,0.6048,5229,yes,Use as a cell-type search term; require an observed exact pair before adding an edge,Homolog incidence is not an edge probability or a named target neuron
719,C_type_hypothesis,720575940627693181,R1-6,left,L1,3925,2374,0.6048,5229,yes,Use as a cell-type search term; require an observed exact pair before adding an edge,Homolog incidence is not an edge probability or a named target neuron
720,C_type_hypothesis,720575940627715102,R1-6,left,L1,3925,2374,0.6048,5229,yes,Use as a cell-type search term; require an observed exact pair before adding an edge,Homolog incidence is not an edge probability or a named target neuron
721,C_type_hypothesis,720575940627852669,R1-6,left,L1,3925,2374,0.6048,5229,yes,Use as a cell-type search term; require an observed exact pair before adding an edge,Homolog incidence is not an edge probability or a named target neuron
722,C_type_hypothesis,720575940627853693,R1-6,left,L1,3925,2374,0.6048,5229,yes,Use as a cell-type search term; require an observed exact pair before adding an edge,Homolog incidence is not an edge probability or a named target neuron
723,C_type_hypothesis,720575940627938200,R1-6,left,L1,3925,2374,0.6048,5229,yes,Use as a cell-type search term; require an observed exact pair before adding an edge,Homolog incidence is not an edge probability or a named target neuron
724,C_type_hypothesis,720575940627941202,R1-6,left,L1,3925,2374,0.6048,5229,yes,Use as a cell-type search term; require an observed exact pair before adding an edge,Homolog incidence is not an edge probability or a named target neuron
725,C_type_hypothesis,720575940627941714,R1-6,left,L1,3925,2374,0.6048,5229,yes,Use as a cell-type search term; require an observed exact pair before adding an edge,Homolog incidence is not an edge probability or a named target neuron
726,C_type_hypothesis,720575940628035721,R1-6,left,L1,3925,2374,0.6048,5229,yes,Use as a cell-type search term; require an observed exact pair before adding an edge,Homolog incidence is not an edge probability or a named target neuron
727,C_type_hypothesis,720575940628036233,R1-6,left,L1,3925,2374,0.6048,5229,yes,Use as a cell-type search term; require an observed exact pair before adding an edge,Homolog incidence is not an edge probability or a named target neuron
728,C_type_hypothesis,720575940628089402,R1-6,left,L1,3925,2374,0.6048,5229,yes,Use as a cell-type search term; require an observed exact pair before adding an edge,Homolog incidence is not an edge probability or a named target neuron
729,C_type_hypothesis,720575940628210831,R1-6,left,L1,3925,2374,0.6048,5229,yes,Use as a cell-type search term; require an observed exact pair before adding an edge,Homolog incidence is not an edge probability or a named target neuron
730,C_type_hypothesis,720575940628240210,R1-6,left,L1,3925,2374,0.6048,5229,yes,Use as a cell-type search term; require an observed exact pair before adding an edge,Homolog incidence is not an edge probability or a named target neuron
731,C_type_hypothesis,720575940628255034,R1-6,left,L1,3925,2374,0.6048,5229,yes,Use as a cell-type search term; require an observed exact pair before adding an edge,Homolog incidence is not an edge probability or a named target neuron
732,C_type_hypothesis,720575940628307077,R1-6,left,L1,3925,2374,0.6048,5229,yes,Use as a cell-type search term; require an observed exact pair before adding an edge,Homolog incidence is not an edge probability or a named target neuron
733,C_type_hypothesis,720575940628308613,R1-6,left,L1,3925,2374,0.6048,5229,yes,Use as a cell-type search term; require an observed exact pair before adding an edge,Homolog incidence is not an edge probability or a named target neuron
734,C_type_hypothesis,720575940628346170,R1-6,left,L1,3925,2374,0.6048,5229,yes,Use as a cell-type search term; require an observed exact pair before adding an edge,Homolog incidence is not an edge probability or a named target neuron
735,C_type_hypothesis,720575940628387656,R1-6,left,L1,3925,2374,0.6048,5229,yes,Use as a cell-type search term; require an observed exact pair before adding an edge,Homolog incidence is not an edge probability or a named target neuron
736,C_type_hypothesis,720575940628388936,R1-6,left,L1,3925,2374,0.6048,5229,yes,Use as a cell-type search term; require an observed exact pair before adding an edge,Homolog incidence is not an edge probability or a named target neuron
737,C_type_hypothesis,720575940628391240,R1-6,left,L1,3925,2374,0.6048,5229,yes,Use as a cell-type search term; require an observed exact pair before adding an edge,Homolog incidence is not an edge probability or a named target neuron
738,C_type_hypothesis,720575940628492264,R1-6,left,L1,3925,2374,0.6048,5229,yes,Use as a cell-type search term; require an observed exact pair before adding an edge,Homolog incidence is not an edge probability or a named target neuron
739,C_type_hypothesis,720575940628564712,R1-6,left,L1,3925,2374,0.6048,5229,yes,Use as a cell-type search term; require an observed exact pair before adding an edge,Homolog incidence is not an edge probability or a named target neuron
740,C_type_hypothesis,720575940628728040,R1-6,left,L1,3925,2374,0.6048,5229,yes,Use as a cell-type search term; require an observed exact pair before adding an edge,Homolog incidence is not an edge probability or a named target neuron
741,C_type_hypothesis,720575940628732744,R1-6,left,L1,3925,2374,0.6048,5229,yes,Use as a cell-type search term; require an observed exact pair before adding an edge,Homolog incidence is not an edge probability or a named target neuron
742,C_type_hypothesis,720575940628758319,R1-6,left,L1,3925,2374,0.6048,5229,yes,Use as a cell-type search term; require an observed exact pair before adding an edge,Homolog incidence is not an edge probability or a named target neuron
743,C_type_hypothesis,720575940628877308,R1-6,left,L1,3925,2374,0.6048,5229,yes,Use as a cell-type search term; require an observed exact pair before adding an edge,Homolog incidence is not an edge probability or a named target neuron
744,C_type_hypothesis,720575940628893514,R1-6,left,L1,3925,2374,0.6048,5229,yes,Use as a cell-type search term; require an observed exact pair before adding an edge,Homolog incidence is not an edge probability or a named target neuron
745,C_type_hypothesis,720575940628938314,R1-6,left,L1,3925,2374,0.6048,5229,yes,Use as a cell-type search term; require an observed exact pair before adding an edge,Homolog incidence is not an edge probability or a named target neuron
746,C_type_hypothesis,720575940628938570,R1-6,left,L1,3925,2374,0.6048,5229,yes,Use as a cell-type search term; require an observed exact pair before adding an edge,Homolog incidence is not an edge probability or a named target neuron
747,C_type_hypothesis,720575940628955722,R1-6,left,L1,3925,2374,0.6048,5229,yes,Use as a cell-type search term; require an observed exact pair before adding an edge,Homolog incidence is not an edge probability or a named target neuron
748,C_type_hypothesis,720575940629063409,R1-6,left,L1,3925,2374,0.6048,5229,yes,Use as a cell-type search term; require an observed exact pair before adding an edge,Homolog incidence is not an edge probability or a named target neuron
749,C_type_hypothesis,720575940629182825,R1-6,left,L1,3925,2374,0.6048,5229,yes,Use as a cell-type search term; require an observed exact pair before adding an edge,Homolog incidence is not an edge probability or a named target neuron
750,C_type_hypothesis,720575940629411883,R1-6,left,L1,3925,2374,0.6048,5229,yes,Use as a cell-type search term; require an observed exact pair before adding an edge,Homolog incidence is not an edge probability or a named target neuron
751,C_type_hypothesis,720575940629426161,R1-6,left,L1,3925,2374,0.6048,5229,yes,Use as a cell-type search term; require an observed exact pair before adding an edge,Homolog incidence is not an edge probability or a named target neuron
752,C_type_hypothesis,720575940629438193,R1-6,left,L1,3925,2374,0.6048,5229,yes,Use as a cell-type search term; require an observed exact pair before adding an edge,Homolog incidence is not an edge probability or a named target neuron
753,C_type_hypothesis,720575940629615209,R1-6,left,L1,3925,2374,0.6048,5229,yes,Use as a cell-type search term; require an observed exact pair before adding an edge,Homolog incidence is not an edge probability or a named target neuron
754,C_type_hypothesis,720575940629634921,R1-6,left,L1,3925,2374,0.6048,5229,yes,Use as a cell-type search term; require an observed exact pair before adding an edge,Homolog incidence is not an edge probability or a named target neuron
755,C_type_hypothesis,720575940629716779,R1-6,left,L1,3925,2374,0.6048,5229,yes,Use as a cell-type search term; require an observed exact pair before adding an edge,Homolog incidence is not an edge probability or a named target neuron
756,C_type_hypothesis,720575940629752080,R1-6,left,L1,3925,2374,0.6048,5229,yes,Use as a cell-type search term; require an observed exact pair before adding an edge,Homolog incidence is not an edge probability or a named target neuron
757,C_type_hypothesis,720575940629834768,R1-6,left,L1,3925,2374,0.6048,5229,yes,Use as a cell-type search term; require an observed exact pair before adding an edge,Homolog incidence is not an edge probability or a named target neuron
758,C_type_hypothesis,720575940629870379,R1-6,left,L1,3925,2374,0.6048,5229,yes,Use as a cell-type search term; require an observed exact pair before adding an edge,Homolog incidence is not an edge probability or a named target neuron
759,C_type_hypothesis,720575940629888515,R1-6,left,L1,3925,2374,0.6048,5229,yes,Use as a cell-type search term; require an observed exact pair before adding an edge,Homolog incidence is not an edge probability or a named target neuron
760,C_type_hypothesis,720575940630060135,R1-6,left,L1,3925,2374,0.6048,5229,yes,Use as a cell-type search term; require an observed exact pair before adding an edge,Homolog incidence is not an edge probability or a named target neuron
761,C_type_hypothesis,720575940630239327,R1-6,left,L1,3925,2374,0.6048,5229,yes,Use as a cell-type search term; require an observed exact pair before adding an edge,Homolog incidence is not an edge probability or a named target neuron
762,C_type_hypothesis,720575940630408570,R1-6,left,L1,3925,2374,0.6048,5229,yes,Use as a cell-type search term; require an observed exact pair before adding an edge,Homolog incidence is not an edge probability or a named target neuron
763,C_type_hypothesis,720575940630408898,R1-6,left,L1,3925,2374,0.6048,5229,yes,Use as a cell-type search term; require an observed exact pair before adding an edge,Homolog incidence is not an edge probability or a named target neuron
764,C_type_hypothesis,720575940630544250,R1-6,left,L1,3925,2374,0.6048,5229,yes,Use as a cell-type search term; require an observed exact pair before adding an edge,Homolog incidence is not an edge probability or a named target neuron
765,C_type_hypothesis,720575940630581564,R1-6,left,L1,3925,2374,0.6048,5229,yes,Use as a cell-type search term; require an observed exact pair before adding an edge,Homolog incidence is not an edge probability or a named target neuron
766,C_type_hypothesis,720575940630581754,R1-6,left,L1,3925,2374,0.6048,5229,yes,Use as a cell-type search term; require an observed exact pair before adding an edge,Homolog incidence is not an edge probability or a named target neuron
767,C_type_hypothesis,720575940630657792,R1-6,left,L1,3925,2374,0.6048,5229,yes,Use as a cell-type search term; require an observed exact pair before adding an edge,Homolog incidence is not an edge probability or a named target neuron
768,C_type_hypothesis,720575940630660034,R1-6,left,L1,3925,2374,0.6048,5229,yes,Use as a cell-type search term; require an observed exact pair before adding an edge,Homolog incidence is not an edge probability or a named target neuron
769,C_type_hypothesis,720575940630664062,R1-6,left,L1,3925,2374,0.6048,5229,yes,Use as a cell-type search term; require an observed exact pair before adding an edge,Homolog incidence is not an edge probability or a named target neuron
770,C_type_hypothesis,720575940630712442,R1-6,left,L1,3925,2374,0.6048,5229,yes,Use as a cell-type search term; require an observed exact pair before adding an edge,Homolog incidence is not an edge probability or a named target neuron
771,C_type_hypothesis,720575940630714562,R1-6,left,L1,3925,2374,0.6048,5229,yes,Use as a cell-type search term; require an observed exact pair before adding an edge,Homolog incidence is not an edge probability or a named target neuron
772,C_type_hypothesis,720575940630727212,R1-6,left,L1,3925,2374,0.6048,5229,yes,Use as a cell-type search term; require an observed exact pair before adding an edge,Homolog incidence is not an edge probability or a named target neuron
773,C_type_hypothesis,720575940630746924,R1-6,left,L1,3925,2374,0.6048,5229,yes,Use as a cell-type search term; require an observed exact pair before adding an edge,Homolog incidence is not an edge probability or a named target neuron
774,C_type_hypothesis,720575940630767360,R1-6,left,L1,3925,2374,0.6048,5229,yes,Use as a cell-type search term; require an observed exact pair before adding an edge,Homolog incidence is not an edge probability or a named target neuron
775,C_type_hypothesis,720575940630787388,R1-6,left,L1,3925,2374,0.6048,5229,yes,Use as a cell-type search term; require an observed exact pair before adding an edge,Homolog incidence is not an edge probability or a named target neuron
776,C_type_hypothesis,720575940630942428,R1-6,left,L1,3925,2374,0.6048,5229,yes,Use as a cell-type search term; require an observed exact pair before adding an edge,Homolog incidence is not an edge probability or a named target neuron
777,C_type_hypothesis,720575940630944215,R1-6,left,L1,3925,2374,0.6048,5229,yes,Use as a cell-type search term; require an observed exact pair before adding an edge,Homolog incidence is not an edge probability or a named target neuron
778,C_type_hypothesis,720575940630947292,R1-6,left,L1,3925,2374,0.6048,5229,yes,Use as a cell-type search term; require an observed exact pair before adding an edge,Homolog incidence is not an edge probability or a named target neuron
779,C_type_hypothesis,720575940630982495,R1-6,left,L1,3925,2374,0.6048,5229,yes,Use as a cell-type search term; require an observed exact pair before adding an edge,Homolog incidence is not an edge probability or a named target neuron
780,C_type_hypothesis,720575940631059932,R1-6,left,L1,3925,2374,0.6048,5229,yes,Use as a cell-type search term; require an observed exact pair before adding an edge,Homolog incidence is not an edge probability or a named target neuron
781,C_type_hypothesis,720575940631079900,R1-6,left,L1,3925,2374,0.6048,5229,yes,Use as a cell-type search term; require an observed exact pair before adding an edge,Homolog incidence is not an edge probability or a named target neuron
782,C_type_hypothesis,720575940631095296,R1-6,left,L1,3925,2374,0.6048,5229,yes,Use as a cell-type search term; require an observed exact pair before adding an edge,Homolog incidence is not an edge probability or a named target neuron
783,C_type_hypothesis,720575940631100160,R1-6,left,L1,3925,2374,0.6048,5229,yes,Use as a cell-type search term; require an observed exact pair before adding an edge,Homolog incidence is not an edge probability or a named target neuron
784,C_type_hypothesis,720575940631143020,R1-6,left,L1,3925,2374,0.6048,5229,yes,Use as a cell-type search term; require an observed exact pair before adding an edge,Homolog incidence is not an edge probability or a named target neuron
785,C_type_hypothesis,720575940631149372,R1-6,left,L1,3925,2374,0.6048,5229,yes,Use as a cell-type search term; require an observed exact pair before adding an edge,Homolog incidence is not an edge probability or a named target neuron
786,C_type_hypothesis,720575940631184246,R1-6,left,L1,3925,2374,0.6048,5229,yes,Use as a cell-type search term; require an observed exact pair before adding an edge,Homolog incidence is not an edge probability or a named target neuron
787,C_type_hypothesis,720575940631230167,R1-6,left,L1,3925,2374,0.6048,5229,yes,Use as a cell-type search term; require an observed exact pair before adding an edge,Homolog incidence is not an edge probability or a named target neuron
788,C_type_hypothesis,720575940631292892,R1-6,left,L1,3925,2374,0.6048,5229,yes,Use as a cell-type search term; require an observed exact pair before adding an edge,Homolog incidence is not an edge probability or a named target neuron
789,C_type_hypothesis,720575940631505260,R1-6,left,L1,3925,2374,0.6048,5229,yes,Use as a cell-type search term; require an observed exact pair before adding an edge,Homolog incidence is not an edge probability or a named target neuron
790,C_type_hypothesis,720575940631515643,R1-6,left,L1,3925,2374,0.6048,5229,yes,Use as a cell-type search term; require an observed exact pair before adding an edge,Homolog incidence is not an edge probability or a named target neuron
791,C_type_hypothesis,720575940631590393,R1-6,left,L1,3925,2374,0.6048,5229,yes,Use as a cell-type search term; require an observed exact pair before adding an edge,Homolog incidence is not an edge probability or a named target neuron
792,C_type_hypothesis,720575940631926287,R1-6,left,L1,3925,2374,0.6048,5229,yes,Use as a cell-type search term; require an observed exact pair before adding an edge,Homolog incidence is not an edge probability or a named target neuron
793,C_type_hypothesis,720575940631958287,R1-6,left,L1,3925,2374,0.6048,5229,yes,Use as a cell-type search term; require an observed exact pair before adding an edge,Homolog incidence is not an edge probability or a named target neuron
794,C_type_hypothesis,720575940631959826,R1-6,left,L1,3925,2374,0.6048,5229,yes,Use as a cell-type search term; require an observed exact pair before adding an edge,Homolog incidence is not an edge probability or a named target neuron
795,C_type_hypothesis,720575940632257091,R1-6,left,L1,3925,2374,0.6048,5229,yes,Use as a cell-type search term; require an observed exact pair before adding an edge,Homolog incidence is not an edge probability or a named target neuron
796,C_type_hypothesis,720575940632266258,R1-6,left,L1,3925,2374,0.6048,5229,yes,Use as a cell-type search term; require an observed exact pair before adding an edge,Homolog incidence is not an edge probability or a named target neuron
797,C_type_hypothesis,720575940632314955,R1-6,left,L1,3925,2374,0.6048,5229,yes,Use as a cell-type search term; require an observed exact pair before adding an edge,Homolog incidence is not an edge probability or a named target neuron
798,C_type_hypothesis,720575940632346666,R1-6,left,L1,3925,2374,0.6048,5229,yes,Use as a cell-type search term; require an observed exact pair before adding an edge,Homolog incidence is not an edge probability or a named target neuron
799,C_type_hypothesis,720575940632352104,R1-6,left,L1,3925,2374,0.6048,5229,yes,Use as a cell-type search term; require an observed exact pair before adding an edge,Homolog incidence is not an edge probability or a named target neuron
800,C_type_hypothesis,720575940632357992,R1-6,left,L1,3925,2374,0.6048,5229,yes,Use as a cell-type search term; require an observed exact pair before adding an edge,Homolog incidence is not an edge probability or a named target neuron
801,C_type_hypothesis,720575940632358504,R1-6,left,L1,3925,2374,0.6048,5229,yes,Use as a cell-type search term; require an observed exact pair before adding an edge,Homolog incidence is not an edge probability or a named target neuron
802,C_type_hypothesis,720575940632425002,R1-6,left,L1,3925,2374,0.6048,5229,yes,Use as a cell-type search term; require an observed exact pair before adding an edge,Homolog incidence is not an edge probability or a named target neuron
803,C_type_hypothesis,720575940632425258,R1-6,left,L1,3925,2374,0.6048,5229,yes,Use as a cell-type search term; require an observed exact pair before adding an edge,Homolog incidence is not an edge probability or a named target neuron
804,C_type_hypothesis,720575940632436803,R1-6,left,L1,3925,2374,0.6048,5229,yes,Use as a cell-type search term; require an observed exact pair before adding an edge,Homolog incidence is not an edge probability or a named target neuron
805,C_type_hypothesis,720575940632674444,R1-6,left,L1,3925,2374,0.6048,5229,yes,Use as a cell-type search term; require an observed exact pair before adding an edge,Homolog incidence is not an edge probability or a named target neuron
806,C_type_hypothesis,720575940632687672,R1-6,left,L1,3925,2374,0.6048,5229,yes,Use as a cell-type search term; require an observed exact pair before adding an edge,Homolog incidence is not an edge probability or a named target neuron
807,C_type_hypothesis,720575940632704303,R1-6,left,L1,3925,2374,0.6048,5229,yes,Use as a cell-type search term; require an observed exact pair before adding an edge,Homolog incidence is not an edge probability or a named target neuron
808,C_type_hypothesis,720575940633220516,R1-6,left,L1,3925,2374,0.6048,5229,yes,Use as a cell-type search term; require an observed exact pair before adding an edge,Homolog incidence is not an edge probability or a named target neuron
809,C_type_hypothesis,720575940633241764,R1-6,left,L1,3925,2374,0.6048,5229,yes,Use as a cell-type search term; require an observed exact pair before adding an edge,Homolog incidence is not an edge probability or a named target neuron
810,C_type_hypothesis,720575940633457709,R1-6,left,L1,3925,2374,0.6048,5229,yes,Use as a cell-type search term; require an observed exact pair before adding an edge,Homolog incidence is not an edge probability or a named target neuron
811,C_type_hypothesis,720575940633512908,R1-6,left,L1,3925,2374,0.6048,5229,yes,Use as a cell-type search term; require an observed exact pair before adding an edge,Homolog incidence is not an edge probability or a named target neuron
812,C_type_hypothesis,720575940633517260,R1-6,left,L1,3925,2374,0.6048,5229,yes,Use as a cell-type search term; require an observed exact pair before adding an edge,Homolog incidence is not an edge probability or a named target neuron
813,C_type_hypothesis,720575940633592996,R1-6,left,L1,3925,2374,0.6048,5229,yes,Use as a cell-type search term; require an observed exact pair before adding an edge,Homolog incidence is not an edge probability or a named target neuron
814,C_type_hypothesis,720575940634246626,R1-6,left,L1,3925,2374,0.6048,5229,yes,Use as a cell-type search term; require an observed exact pair before adding an edge,Homolog incidence is not an edge probability or a named target neuron
815,C_type_hypothesis,720575940634643993,R1-6,left,L1,3925,2374,0.6048,5229,yes,Use as a cell-type search term; require an observed exact pair before adding an edge,Homolog incidence is not an edge probability or a named target neuron
816,C_type_hypothesis,720575940634857884,R1-6,left,L1,3925,2374,0.6048,5229,yes,Use as a cell-type search term; require an observed exact pair before adding an edge,Homolog incidence is not an edge probability or a named target neuron
817,C_type_hypothesis,720575940634947484,R1-6,left,L1,3925,2374,0.6048,5229,yes,Use as a cell-type search term; require an observed exact pair before adding an edge,Homolog incidence is not an edge probability or a named target neuron
818,C_type_hypothesis,720575940635440235,R1-6,left,L1,3925,2374,0.6048,5229,yes,Use as a cell-type search term; require an observed exact pair before adding an edge,Homolog incidence is not an edge probability or a named target neuron
819,C_type_hypothesis,720575940636021855,R1-6,left,L1,3925,2374,0.6048,5229,yes,Use as a cell-type search term; require an observed exact pair before adding an edge,Homolog incidence is not an edge probability or a named target neuron
820,C_type_hypothesis,720575940636156596,R1-6,left,L1,3925,2374,0.6048,5229,yes,Use as a cell-type search term; require an observed exact pair before adding an edge,Homolog incidence is not an edge probability or a named target neuron
821,C_type_hypothesis,720575940636168116,R1-6,left,L1,3925,2374,0.6048,5229,yes,Use as a cell-type search term; require an observed exact pair before adding an edge,Homolog incidence is not an edge probability or a named target neuron
822,C_type_hypothesis,720575940636169464,R1-6,left,L1,3925,2374,0.6048,5229,yes,Use as a cell-type search term; require an observed exact pair before adding an edge,Homolog incidence is not an edge probability or a named target neuron
823,C_type_hypothesis,720575940636176888,R1-6,left,L1,3925,2374,0.6048,5229,yes,Use as a cell-type search term; require an observed exact pair before adding an edge,Homolog incidence is not an edge probability or a named target neuron
824,C_type_hypothesis,720575940636191480,R1-6,left,L1,3925,2374,0.6048,5229,yes,Use as a cell-type search term; require an observed exact pair before adding an edge,Homolog incidence is not an edge probability or a named target neuron
825,C_type_hypothesis,720575940636208052,R1-6,left,L1,3925,2374,0.6048,5229,yes,Use as a cell-type search term; require an observed exact pair before adding an edge,Homolog incidence is not an edge probability or a named target neuron
826,C_type_hypothesis,720575940636893303,R1-6,left,L1,3925,2374,0.6048,5229,yes,Use as a cell-type search term; require an observed exact pair before adding an edge,Homolog incidence is not an edge probability or a named target neuron
827,C_type_hypothesis,720575940637125239,R1-6,left,L1,3925,2374,0.6048,5229,yes,Use as a cell-type search term; require an observed exact pair before adding an edge,Homolog incidence is not an edge probability or a named target neuron
828,C_type_hypothesis,720575940637782958,R1-6,left,L1,3925,2374,0.6048,5229,yes,Use as a cell-type search term; require an observed exact pair before adding an edge,Homolog incidence is not an edge probability or a named target neuron
829,C_type_hypothesis,720575940638004080,R1-6,left,L1,3925,2374,0.6048,5229,yes,Use as a cell-type search term; require an observed exact pair before adding an edge,Homolog incidence is not an edge probability or a named target neuron
830,C_type_hypothesis,720575940638078832,R1-6,left,L1,3925,2374,0.6048,5229,yes,Use as a cell-type search term; require an observed exact pair before adding an edge,Homolog incidence is not an edge probability or a named target neuron
831,C_type_hypothesis,720575940638523994,R1-6,left,L1,3925,2374,0.6048,5229,yes,Use as a cell-type search term; require an observed exact pair before adding an edge,Homolog incidence is not an edge probability or a named target neuron
832,C_type_hypothesis,720575940638556382,R1-6,left,L1,3925,2374,0.6048,5229,yes,Use as a cell-type search term; require an observed exact pair before adding an edge,Homolog incidence is not an edge probability or a named target neuron
833,C_type_hypothesis,720575940638577215,R1-6,left,L1,3925,2374,0.6048,5229,yes,Use as a cell-type search term; require an observed exact pair before adding an edge,Homolog incidence is not an edge probability or a named target neuron
834,C_type_hypothesis,720575940638684649,R1-6,left,L1,3925,2374,0.6048,5229,yes,Use as a cell-type search term; require an observed exact pair before adding an edge,Homolog incidence is not an edge probability or a named target neuron
835,C_type_hypothesis,720575940638711359,R1-6,left,L1,3925,2374,0.6048,5229,yes,Use as a cell-type search term; require an observed exact pair before adding an edge,Homolog incidence is not an edge probability or a named target neuron
836,C_type_hypothesis,720575940638712127,R1-6,left,L1,3925,2374,0.6048,5229,yes,Use as a cell-type search term; require an observed exact pair before adding an edge,Homolog incidence is not an edge probability or a named target neuron
837,C_type_hypothesis,720575940638713407,R1-6,left,L1,3925,2374,0.6048,5229,yes,Use as a cell-type search term; require an observed exact pair before adding an edge,Homolog incidence is not an edge probability or a named target neuron
838,C_type_hypothesis,720575940638759999,R1-6,left,L1,3925,2374,0.6048,5229,yes,Use as a cell-type search term; require an observed exact pair before adding an edge,Homolog incidence is not an edge probability or a named target neuron
839,C_type_hypothesis,720575940638820442,R1-6,left,L1,3925,2374,0.6048,5229,yes,Use as a cell-type search term; require an observed exact pair before adding an edge,Homolog incidence is not an edge probability or a named target neuron
840,C_type_hypothesis,720575940638872553,R1-6,left,L1,3925,2374,0.6048,5229,yes,Use as a cell-type search term; require an observed exact pair before adding an edge,Homolog incidence is not an edge probability or a named target neuron
841,C_type_hypothesis,720575940639049193,R1-6,left,L1,3925,2374,0.6048,5229,yes,Use as a cell-type search term; require an observed exact pair before adding an edge,Homolog incidence is not an edge probability or a named target neuron
842,C_type_hypothesis,720575940639657661,R1-6,left,L1,3925,2374,0.6048,5229,yes,Use as a cell-type search term; require an observed exact pair before adding an edge,Homolog incidence is not an edge probability or a named target neuron
843,C_type_hypothesis,720575940639783989,R1-6,left,L1,3925,2374,0.6048,5229,yes,Use as a cell-type search term; require an observed exact pair before adding an edge,Homolog incidence is not an edge probability or a named target neuron
844,C_type_hypothesis,720575940639787061,R1-6,left,L1,3925,2374,0.6048,5229,yes,Use as a cell-type search term; require an observed exact pair before adding an edge,Homolog incidence is not an edge probability or a named target neuron
845,C_type_hypothesis,720575940639884622,R1-6,left,L1,3925,2374,0.6048,5229,yes,Use as a cell-type search term; require an observed exact pair before adding an edge,Homolog incidence is not an edge probability or a named target neuron
846,C_type_hypothesis,720575940640193614,R1-6,left,L1,3925,2374,0.6048,5229,yes,Use as a cell-type search term; require an observed exact pair before adding an edge,Homolog incidence is not an edge probability or a named target neuron
847,C_type_hypothesis,720575940640196413,R1-6,left,L1,3925,2374,0.6048,5229,yes,Use as a cell-type search term; require an observed exact pair before adding an edge,Homolog incidence is not an edge probability or a named target neuron
848,C_type_hypothesis,720575940640197949,R1-6,left,L1,3925,2374,0.6048,5229,yes,Use as a cell-type search term; require an observed exact pair before adding an edge,Homolog incidence is not an edge probability or a named target neuron
849,C_type_hypothesis,720575940640287310,R1-6,left,L1,3925,2374,0.6048,5229,yes,Use as a cell-type search term; require an observed exact pair before adding an edge,Homolog incidence is not an edge probability or a named target neuron
850,C_type_hypothesis,720575940640297075,R1-6,left,L1,3925,2374,0.6048,5229,yes,Use as a cell-type search term; require an observed exact pair before adding an edge,Homolog incidence is not an edge probability or a named target neuron
851,C_type_hypothesis,720575940640480856,R1-6,left,L1,3925,2374,0.6048,5229,yes,Use as a cell-type search term; require an observed exact pair before adding an edge,Homolog incidence is not an edge probability or a named target neuron
852,C_type_hypothesis,720575940640525144,R1-6,left,L1,3925,2374,0.6048,5229,yes,Use as a cell-type search term; require an observed exact pair before adding an edge,Homolog incidence is not an edge probability or a named target neuron
853,C_type_hypothesis,720575940640780160,R1-6,left,L1,3925,2374,0.6048,5229,yes,Use as a cell-type search term; require an observed exact pair before adding an edge,Homolog incidence is not an edge probability or a named target neuron
854,C_type_hypothesis,720575940641249232,R1-6,left,L1,3925,2374,0.6048,5229,yes,Use as a cell-type search term; require an observed exact pair before adding an edge,Homolog incidence is not an edge probability or a named target neuron
855,C_type_hypothesis,720575940641271504,R1-6,left,L1,3925,2374,0.6048,5229,yes,Use as a cell-type search term; require an observed exact pair before adding an edge,Homolog incidence is not an edge probability or a named target neuron
856,C_type_hypothesis,720575940641277904,R1-6,left,L1,3925,2374,0.6048,5229,yes,Use as a cell-type search term; require an observed exact pair before adding an edge,Homolog incidence is not an edge probability or a named target neuron
857,C_type_hypothesis,720575940641599184,R1-6,left,L1,3925,2374,0.6048,5229,yes,Use as a cell-type search term; require an observed exact pair before adding an edge,Homolog incidence is not an edge probability or a named target neuron
858,C_type_hypothesis,720575940642527451,R1-6,left,L1,3925,2374,0.6048,5229,yes,Use as a cell-type search term; require an observed exact pair before adding an edge,Homolog incidence is not an edge probability or a named target neuron
859,C_type_hypothesis,720575940642532827,R1-6,left,L1,3925,2374,0.6048,5229,yes,Use as a cell-type search term; require an observed exact pair before adding an edge,Homolog incidence is not an edge probability or a named target neuron
860,C_type_hypothesis,720575940642539995,R1-6,left,L1,3925,2374,0.6048,5229,yes,Use as a cell-type search term; require an observed exact pair before adding an edge,Homolog incidence is not an edge probability or a named target neuron
861,C_type_hypothesis,720575940642891405,R1-6,left,L1,3925,2374,0.6048,5229,yes,Use as a cell-type search term; require an observed exact pair before adding an edge,Homolog incidence is not an edge probability or a named target neuron
862,C_type_hypothesis,720575940643079309,R1-6,left,L1,3925,2374,0.6048,5229,yes,Use as a cell-type search term; require an observed exact pair before adding an edge,Homolog incidence is not an edge probability or a named target neuron
863,C_type_hypothesis,720575940645837335,R1-6,left,L1,3925,2374,0.6048,5229,yes,Use as a cell-type search term; require an observed exact pair before adding an edge,Homolog incidence is not an edge probability or a named target neuron
864,C_type_hypothesis,720575940646253422,R1-6,left,L1,3925,2374,0.6048,5229,yes,Use as a cell-type search term; require an observed exact pair before adding an edge,Homolog incidence is not an edge probability or a named target neuron
865,C_type_hypothesis,720575940646392942,R1-6,left,L1,3925,2374,0.6048,5229,yes,Use as a cell-type search term; require an observed exact pair before adding an edge,Homolog incidence is not an edge probability or a named target neuron
866,C_type_hypothesis,720575940646803747,R1-6,left,L1,3925,2374,0.6048,5229,yes,Use as a cell-type search term; require an observed exact pair before adding an edge,Homolog incidence is not an edge probability or a named target neuron
867,C_type_hypothesis,720575940647021091,R1-6,left,L1,3925,2374,0.6048,5229,yes,Use as a cell-type search term; require an observed exact pair before adding an edge,Homolog incidence is not an edge probability or a named target neuron
868,C_type_hypothesis,720575940647077411,R1-6,left,L1,3925,2374,0.6048,5229,yes,Use as a cell-type search term; require an observed exact pair before adding an edge,Homolog incidence is not an edge probability or a named target neuron
869,C_type_hypothesis,720575940647962500,R1-6,left,L1,3925,2374,0.6048,5229,yes,Use as a cell-type search term; require an observed exact pair before adding an edge,Homolog incidence is not an edge probability or a named target neuron
870,C_type_hypothesis,720575940648163972,R1-6,left,L1,3925,2374,0.6048,5229,yes,Use as a cell-type search term; require an observed exact pair before adding an edge,Homolog incidence is not an edge probability or a named target neuron
871,C_type_hypothesis,720575940650447993,R1-6,left,L1,3925,2374,0.6048,5229,yes,Use as a cell-type search term; require an observed exact pair before adding an edge,Homolog incidence is not an edge probability or a named target neuron
872,C_type_hypothesis,720575940653106422,R1-6,left,L1,3925,2374,0.6048,5229,yes,Use as a cell-type search term; require an observed exact pair before adding an edge,Homolog incidence is not an edge probability or a named target neuron
873,C_type_hypothesis,720575940661099137,R1-6,left,L1,3925,2374,0.6048,5229,yes,Use as a cell-type search term; require an observed exact pair before adding an edge,Homolog incidence is not an edge probability or a named target neuron
874,C_type_hypothesis,720575940632884792,Lawf1,left,Tm3,196,118,0.602,1220,no,Use as a cell-type search term; require an observed exact pair before adding an edge,Homolog incidence is not an edge probability or a named target neuron
875,C_type_hypothesis,720575940639655238,Lawf1,left,Tm3,196,118,0.602,1220,no,Use as a cell-type search term; require an observed exact pair before adding an edge,Homolog incidence is not an edge probability or a named target neuron
876,C_type_hypothesis,720575940623151565,JO-F,right,DNg29,80,48,0.6,,no,Use as a cell-type search term; require an observed exact pair before adding an edge,Homolog incidence is not an edge probability or a named target neuron
877,C_type_hypothesis,720575940625912250,JO-F,right,DNg29,80,48,0.6,,no,Use as a cell-type search term; require an observed exact pair before adding an edge,Homolog incidence is not an edge probability or a named target neuron
878,C_type_hypothesis,720575940625929765,JO-F,right,DNg29,80,48,0.6,,no,Use as a cell-type search term; require an observed exact pair before adding an edge,Homolog incidence is not an edge probability or a named target neuron
879,C_type_hypothesis,720575940631769845,JO-F,right,DNg29,80,48,0.6,,no,Use as a cell-type search term; require an observed exact pair before adding an edge,Homolog incidence is not an edge probability or a named target neuron
880,C_type_hypothesis,720575940647404932,JO-F,right,DNg29,80,48,0.6,,no,Use as a cell-type search term; require an observed exact pair before adding an edge,Homolog incidence is not an edge probability or a named target neuron
881,C_type_hypothesis,720575940622811903,JO-mz,left,DNg29,20,12,0.6,,no,Use as a cell-type search term; require an observed exact pair before adding an edge,Homolog incidence is not an edge probability or a named target neuron
882,C_type_hypothesis,720575940605634220,R1-6,left,L2,3925,2327,0.5929,5196,yes,Use as a cell-type search term; require an observed exact pair before adding an edge,Homolog incidence is not an edge probability or a named target neuron
883,C_type_hypothesis,720575940606007280,R1-6,left,L2,3925,2327,0.5929,5196,yes,Use as a cell-type search term; require an observed exact pair before adding an edge,Homolog incidence is not an edge probability or a named target neuron
884,C_type_hypothesis,720575940606022128,R1-6,left,L2,3925,2327,0.5929,5196,yes,Use as a cell-type search term; require an observed exact pair before adding an edge,Homolog incidence is not an edge probability or a named target neuron
885,C_type_hypothesis,720575940606180896,R1-6,left,L2,3925,2327,0.5929,5196,yes,Use as a cell-type search term; require an observed exact pair before adding an edge,Homolog incidence is not an edge probability or a named target neuron
886,C_type_hypothesis,720575940606245822,R1-6,left,L2,3925,2327,0.5929,5196,yes,Use as a cell-type search term; require an observed exact pair before adding an edge,Homolog incidence is not an edge probability or a named target neuron
887,C_type_hypothesis,720575940606292326,R1-6,left,L2,3925,2327,0.5929,5196,yes,Use as a cell-type search term; require an observed exact pair before adding an edge,Homolog incidence is not an edge probability or a named target neuron
888,C_type_hypothesis,720575940606292582,R1-6,left,L2,3925,2327,0.5929,5196,yes,Use as a cell-type search term; require an observed exact pair before adding an edge,Homolog incidence is not an edge probability or a named target neuron
889,C_type_hypothesis,720575940606578790,R1-6,left,L2,3925,2327,0.5929,5196,yes,Use as a cell-type search term; require an observed exact pair before adding an edge,Homolog incidence is not an edge probability or a named target neuron
890,C_type_hypothesis,720575940606630590,R1-6,left,L2,3925,2327,0.5929,5196,yes,Use as a cell-type search term; require an observed exact pair before adding an edge,Homolog incidence is not an edge probability or a named target neuron
891,C_type_hypothesis,720575940606631102,R1-6,left,L2,3925,2327,0.5929,5196,yes,Use as a cell-type search term; require an observed exact pair before adding an edge,Homolog incidence is not an edge probability or a named target neuron
892,C_type_hypothesis,720575940606679742,R1-6,left,L2,3925,2327,0.5929,5196,yes,Use as a cell-type search term; require an observed exact pair before adding an edge,Homolog incidence is not an edge probability or a named target neuron
893,C_type_hypothesis,720575940606872816,R1-6,left,L2,3925,2327,0.5929,5196,yes,Use as a cell-type search term; require an observed exact pair before adding an edge,Homolog incidence is not an edge probability or a named target neuron
894,C_type_hypothesis,720575940606928561,R1-6,left,L2,3925,2327,0.5929,5196,yes,Use as a cell-type search term; require an observed exact pair before adding an edge,Homolog incidence is not an edge probability or a named target neuron
895,C_type_hypothesis,720575940606930865,R1-6,left,L2,3925,2327,0.5929,5196,yes,Use as a cell-type search term; require an observed exact pair before adding an edge,Homolog incidence is not an edge probability or a named target neuron
896,C_type_hypothesis,720575940607808130,R1-6,left,L2,3925,2327,0.5929,5196,yes,Use as a cell-type search term; require an observed exact pair before adding an edge,Homolog incidence is not an edge probability or a named target neuron
897,C_type_hypothesis,720575940608224178,R1-6,left,L2,3925,2327,0.5929,5196,yes,Use as a cell-type search term; require an observed exact pair before adding an edge,Homolog incidence is not an edge probability or a named target neuron
898,C_type_hypothesis,720575940608903260,R1-6,left,L2,3925,2327,0.5929,5196,yes,Use as a cell-type search term; require an observed exact pair before adding an edge,Homolog incidence is not an edge probability or a named target neuron
899,C_type_hypothesis,720575940608989276,R1-6,left,L2,3925,2327,0.5929,5196,yes,Use as a cell-type search term; require an observed exact pair before adding an edge,Homolog incidence is not an edge probability or a named target neuron
900,C_type_hypothesis,720575940609220873,R1-6,left,L2,3925,2327,0.5929,5196,yes,Use as a cell-type search term; require an observed exact pair before adding an edge,Homolog incidence is not an edge probability or a named target neuron
901,C_type_hypothesis,720575940609221900,R1-6,left,L2,3925,2327,0.5929,5196,yes,Use as a cell-type search term; require an observed exact pair before adding an edge,Homolog incidence is not an edge probability or a named target neuron
902,C_type_hypothesis,720575940609518091,R1-6,left,L2,3925,2327,0.5929,5196,yes,Use as a cell-type search term; require an observed exact pair before adding an edge,Homolog incidence is not an edge probability or a named target neuron
903,C_type_hypothesis,720575940609748437,R1-6,left,L2,3925,2327,0.5929,5196,yes,Use as a cell-type search term; require an observed exact pair before adding an edge,Homolog incidence is not an edge probability or a named target neuron
904,C_type_hypothesis,720575940609782027,R1-6,left,L2,3925,2327,0.5929,5196,yes,Use as a cell-type search term; require an observed exact pair before adding an edge,Homolog incidence is not an edge probability or a named target neuron
905,C_type_hypothesis,720575940609782283,R1-6,left,L2,3925,2327,0.5929,5196,yes,Use as a cell-type search term; require an observed exact pair before adding an edge,Homolog incidence is not an edge probability or a named target neuron
906,C_type_hypothesis,720575940609970371,R1-6,left,L2,3925,2327,0.5929,5196,yes,Use as a cell-type search term; require an observed exact pair before adding an edge,Homolog incidence is not an edge probability or a named target neuron
907,C_type_hypothesis,720575940609972675,R1-6,left,L2,3925,2327,0.5929,5196,yes,Use as a cell-type search term; require an observed exact pair before adding an edge,Homolog incidence is not an edge probability or a named target neuron
908,C_type_hypothesis,720575940610004675,R1-6,left,L2,3925,2327,0.5929,5196,yes,Use as a cell-type search term; require an observed exact pair before adding an edge,Homolog incidence is not an edge probability or a named target neuron
909,C_type_hypothesis,720575940610073940,R1-6,left,L2,3925,2327,0.5929,5196,yes,Use as a cell-type search term; require an observed exact pair before adding an edge,Homolog incidence is not an edge probability or a named target neuron
910,C_type_hypothesis,720575940610188669,R1-6,left,L2,3925,2327,0.5929,5196,yes,Use as a cell-type search term; require an observed exact pair before adding an edge,Homolog incidence is not an edge probability or a named target neuron
911,C_type_hypothesis,720575940610759764,R1-6,left,L2,3925,2327,0.5929,5196,yes,Use as a cell-type search term; require an observed exact pair before adding an edge,Homolog incidence is not an edge probability or a named target neuron
912,C_type_hypothesis,720575940610761300,R1-6,left,L2,3925,2327,0.5929,5196,yes,Use as a cell-type search term; require an observed exact pair before adding an edge,Homolog incidence is not an edge probability or a named target neuron
913,C_type_hypothesis,720575940610948164,R1-6,left,L2,3925,2327,0.5929,5196,yes,Use as a cell-type search term; require an observed exact pair before adding an edge,Homolog incidence is not an edge probability or a named target neuron
914,C_type_hypothesis,720575940610973252,R1-6,left,L2,3925,2327,0.5929,5196,yes,Use as a cell-type search term; require an observed exact pair before adding an edge,Homolog incidence is not an edge probability or a named target neuron
915,C_type_hypothesis,720575940611539666,R1-6,left,L2,3925,2327,0.5929,5196,yes,Use as a cell-type search term; require an observed exact pair before adding an edge,Homolog incidence is not an edge probability or a named target neuron
916,C_type_hypothesis,720575940611801976,R1-6,left,L2,3925,2327,0.5929,5196,yes,Use as a cell-type search term; require an observed exact pair before adding an edge,Homolog incidence is not an edge probability or a named target neuron
917,C_type_hypothesis,720575940611982690,R1-6,left,L2,3925,2327,0.5929,5196,yes,Use as a cell-type search term; require an observed exact pair before adding an edge,Homolog incidence is not an edge probability or a named target neuron
918,C_type_hypothesis,720575940612354196,R1-6,left,L2,3925,2327,0.5929,5196,yes,Use as a cell-type search term; require an observed exact pair before adding an edge,Homolog incidence is not an edge probability or a named target neuron
919,C_type_hypothesis,720575940612688789,R1-6,left,L2,3925,2327,0.5929,5196,yes,Use as a cell-type search term; require an observed exact pair before adding an edge,Homolog incidence is not an edge probability or a named target neuron
920,C_type_hypothesis,720575940612706778,R1-6,left,L2,3925,2327,0.5929,5196,yes,Use as a cell-type search term; require an observed exact pair before adding an edge,Homolog incidence is not an edge probability or a named target neuron
921,C_type_hypothesis,720575940612888026,R1-6,left,L2,3925,2327,0.5929,5196,yes,Use as a cell-type search term; require an observed exact pair before adding an edge,Homolog incidence is not an edge probability or a named target neuron
922,C_type_hypothesis,720575940612910578,R1-6,left,L2,3925,2327,0.5929,5196,yes,Use as a cell-type search term; require an observed exact pair before adding an edge,Homolog incidence is not an edge probability or a named target neuron
923,C_type_hypothesis,720575940612970202,R1-6,left,L2,3925,2327,0.5929,5196,yes,Use as a cell-type search term; require an observed exact pair before adding an edge,Homolog incidence is not an edge probability or a named target neuron
924,C_type_hypothesis,720575940613055194,R1-6,left,L2,3925,2327,0.5929,5196,yes,Use as a cell-type search term; require an observed exact pair before adding an edge,Homolog incidence is not an edge probability or a named target neuron
925,C_type_hypothesis,720575940613138674,R1-6,left,L2,3925,2327,0.5929,5196,yes,Use as a cell-type search term; require an observed exact pair before adding an edge,Homolog incidence is not an edge probability or a named target neuron
926,C_type_hypothesis,720575940613270642,R1-6,left,L2,3925,2327,0.5929,5196,yes,Use as a cell-type search term; require an observed exact pair before adding an edge,Homolog incidence is not an edge probability or a named target neuron
927,C_type_hypothesis,720575940613465366,R1-6,left,L2,3925,2327,0.5929,5196,yes,Use as a cell-type search term; require an observed exact pair before adding an edge,Homolog incidence is not an edge probability or a named target neuron
928,C_type_hypothesis,720575940613466134,R1-6,left,L2,3925,2327,0.5929,5196,yes,Use as a cell-type search term; require an observed exact pair before adding an edge,Homolog incidence is not an edge probability or a named target neuron
929,C_type_hypothesis,720575940613466853,R1-6,left,L2,3925,2327,0.5929,5196,yes,Use as a cell-type search term; require an observed exact pair before adding an edge,Homolog incidence is not an edge probability or a named target neuron
930,C_type_hypothesis,720575940613468389,R1-6,left,L2,3925,2327,0.5929,5196,yes,Use as a cell-type search term; require an observed exact pair before adding an edge,Homolog incidence is not an edge probability or a named target neuron
931,C_type_hypothesis,720575940613476581,R1-6,left,L2,3925,2327,0.5929,5196,yes,Use as a cell-type search term; require an observed exact pair before adding an edge,Homolog incidence is not an edge probability or a named target neuron
932,C_type_hypothesis,720575940613486762,R1-6,left,L2,3925,2327,0.5929,5196,yes,Use as a cell-type search term; require an observed exact pair before adding an edge,Homolog incidence is not an edge probability or a named target neuron
933,C_type_hypothesis,720575940613582996,R1-6,left,L2,3925,2327,0.5929,5196,yes,Use as a cell-type search term; require an observed exact pair before adding an edge,Homolog incidence is not an edge probability or a named target neuron
934,C_type_hypothesis,720575940613823090,R1-6,left,L2,3925,2327,0.5929,5196,yes,Use as a cell-type search term; require an observed exact pair before adding an edge,Homolog incidence is not an edge probability or a named target neuron
935,C_type_hypothesis,720575940614194925,R1-6,left,L2,3925,2327,0.5929,5196,yes,Use as a cell-type search term; require an observed exact pair before adding an edge,Homolog incidence is not an edge probability or a named target neuron
936,C_type_hypothesis,720575940614197485,R1-6,left,L2,3925,2327,0.5929,5196,yes,Use as a cell-type search term; require an observed exact pair before adding an edge,Homolog incidence is not an edge probability or a named target neuron
937,C_type_hypothesis,720575940614199789,R1-6,left,L2,3925,2327,0.5929,5196,yes,Use as a cell-type search term; require an observed exact pair before adding an edge,Homolog incidence is not an edge probability or a named target neuron
938,C_type_hypothesis,720575940614200557,R1-6,left,L2,3925,2327,0.5929,5196,yes,Use as a cell-type search term; require an observed exact pair before adding an edge,Homolog incidence is not an edge probability or a named target neuron
939,C_type_hypothesis,720575940614309736,R1-6,left,L2,3925,2327,0.5929,5196,yes,Use as a cell-type search term; require an observed exact pair before adding an edge,Homolog incidence is not an edge probability or a named target neuron
940,C_type_hypothesis,720575940614567855,R1-6,left,L2,3925,2327,0.5929,5196,yes,Use as a cell-type search term; require an observed exact pair before adding an edge,Homolog incidence is not an edge probability or a named target neuron
941,C_type_hypothesis,720575940614634927,R1-6,left,L2,3925,2327,0.5929,5196,yes,Use as a cell-type search term; require an observed exact pair before adding an edge,Homolog incidence is not an edge probability or a named target neuron
942,C_type_hypothesis,720575940614641000,R1-6,left,L2,3925,2327,0.5929,5196,yes,Use as a cell-type search term; require an observed exact pair before adding an edge,Homolog incidence is not an edge probability or a named target neuron
943,C_type_hypothesis,720575940614849967,R1-6,left,L2,3925,2327,0.5929,5196,yes,Use as a cell-type search term; require an observed exact pair before adding an edge,Homolog incidence is not an edge probability or a named target neuron
944,C_type_hypothesis,720575940614951377,R1-6,left,L2,3925,2327,0.5929,5196,yes,Use as a cell-type search term; require an observed exact pair before adding an edge,Homolog incidence is not an edge probability or a named target neuron
945,C_type_hypothesis,720575940615103998,R1-6,left,L2,3925,2327,0.5929,5196,yes,Use as a cell-type search term; require an observed exact pair before adding an edge,Homolog incidence is not an edge probability or a named target neuron
946,C_type_hypothesis,720575940615196839,R1-6,left,L2,3925,2327,0.5929,5196,yes,Use as a cell-type search term; require an observed exact pair before adding an edge,Homolog incidence is not an edge probability or a named target neuron
947,C_type_hypothesis,720575940615234001,R1-6,left,L2,3925,2327,0.5929,5196,yes,Use as a cell-type search term; require an observed exact pair before adding an edge,Homolog incidence is not an edge probability or a named target neuron
948,C_type_hypothesis,720575940615322514,R1-6,left,L2,3925,2327,0.5929,5196,yes,Use as a cell-type search term; require an observed exact pair before adding an edge,Homolog incidence is not an edge probability or a named target neuron
949,C_type_hypothesis,720575940615556498,R1-6,left,L2,3925,2327,0.5929,5196,yes,Use as a cell-type search term; require an observed exact pair before adding an edge,Homolog incidence is not an edge probability or a named target neuron
950,C_type_hypothesis,720575940615642786,R1-6,left,L2,3925,2327,0.5929,5196,yes,Use as a cell-type search term; require an observed exact pair before adding an edge,Homolog incidence is not an edge probability or a named target neuron
951,C_type_hypothesis,720575940615650666,R1-6,left,L2,3925,2327,0.5929,5196,yes,Use as a cell-type search term; require an observed exact pair before adding an edge,Homolog incidence is not an edge probability or a named target neuron
952,C_type_hypothesis,720575940615855510,R1-6,left,L2,3925,2327,0.5929,5196,yes,Use as a cell-type search term; require an observed exact pair before adding an edge,Homolog incidence is not an edge probability or a named target neuron
953,C_type_hypothesis,720575940615905247,R1-6,left,L2,3925,2327,0.5929,5196,yes,Use as a cell-type search term; require an observed exact pair before adding an edge,Homolog incidence is not an edge probability or a named target neuron
954,C_type_hypothesis,720575940615927263,R1-6,left,L2,3925,2327,0.5929,5196,yes,Use as a cell-type search term; require an observed exact pair before adding an edge,Homolog incidence is not an edge probability or a named target neuron
955,C_type_hypothesis,720575940615957215,R1-6,left,L2,3925,2327,0.5929,5196,yes,Use as a cell-type search term; require an observed exact pair before adding an edge,Homolog incidence is not an edge probability or a named target neuron
956,C_type_hypothesis,720575940616172866,R1-6,left,L2,3925,2327,0.5929,5196,yes,Use as a cell-type search term; require an observed exact pair before adding an edge,Homolog incidence is not an edge probability or a named target neuron
957,C_type_hypothesis,720575940616173122,R1-6,left,L2,3925,2327,0.5929,5196,yes,Use as a cell-type search term; require an observed exact pair before adding an edge,Homolog incidence is not an edge probability or a named target neuron
958,C_type_hypothesis,720575940616206658,R1-6,left,L2,3925,2327,0.5929,5196,yes,Use as a cell-type search term; require an observed exact pair before adding an edge,Homolog incidence is not an edge probability or a named target neuron
959,C_type_hypothesis,720575940616207170,R1-6,left,L2,3925,2327,0.5929,5196,yes,Use as a cell-type search term; require an observed exact pair before adding an edge,Homolog incidence is not an edge probability or a named target neuron
960,C_type_hypothesis,720575940616281311,R1-6,left,L2,3925,2327,0.5929,5196,yes,Use as a cell-type search term; require an observed exact pair before adding an edge,Homolog incidence is not an edge probability or a named target neuron
961,C_type_hypothesis,720575940616388550,R1-6,left,L2,3925,2327,0.5929,5196,yes,Use as a cell-type search term; require an observed exact pair before adding an edge,Homolog incidence is not an edge probability or a named target neuron
962,C_type_hypothesis,720575940616591372,R1-6,left,L2,3925,2327,0.5929,5196,yes,Use as a cell-type search term; require an observed exact pair before adding an edge,Homolog incidence is not an edge probability or a named target neuron
963,C_type_hypothesis,720575940616710412,R1-6,left,L2,3925,2327,0.5929,5196,yes,Use as a cell-type search term; require an observed exact pair before adding an edge,Homolog incidence is not an edge probability or a named target neuron
964,C_type_hypothesis,720575940617211253,R1-6,left,L2,3925,2327,0.5929,5196,yes,Use as a cell-type search term; require an observed exact pair before adding an edge,Homolog incidence is not an edge probability or a named target neuron
965,C_type_hypothesis,720575940617513589,R1-6,left,L2,3925,2327,0.5929,5196,yes,Use as a cell-type search term; require an observed exact pair before adding an edge,Homolog incidence is not an edge probability or a named target neuron
966,C_type_hypothesis,720575940618061661,R1-6,left,L2,3925,2327,0.5929,5196,yes,Use as a cell-type search term; require an observed exact pair before adding an edge,Homolog incidence is not an edge probability or a named target neuron
967,C_type_hypothesis,720575940618065501,R1-6,left,L2,3925,2327,0.5929,5196,yes,Use as a cell-type search term; require an observed exact pair before adding an edge,Homolog incidence is not an edge probability or a named target neuron
968,C_type_hypothesis,720575940618071481,R1-6,left,L2,3925,2327,0.5929,5196,yes,Use as a cell-type search term; require an observed exact pair before adding an edge,Homolog incidence is not an edge probability or a named target neuron
969,C_type_hypothesis,720575940618090129,R1-6,left,L2,3925,2327,0.5929,5196,yes,Use as a cell-type search term; require an observed exact pair before adding an edge,Homolog incidence is not an edge probability or a named target neuron
970,C_type_hypothesis,720575940618140987,R1-6,left,L2,3925,2327,0.5929,5196,yes,Use as a cell-type search term; require an observed exact pair before adding an edge,Homolog incidence is not an edge probability or a named target neuron
971,C_type_hypothesis,720575940618204390,R1-6,left,L2,3925,2327,0.5929,5196,yes,Use as a cell-type search term; require an observed exact pair before adding an edge,Homolog incidence is not an edge probability or a named target neuron
972,C_type_hypothesis,720575940618238681,R1-6,left,L2,3925,2327,0.5929,5196,yes,Use as a cell-type search term; require an observed exact pair before adding an edge,Homolog incidence is not an edge probability or a named target neuron
973,C_type_hypothesis,720575940618240401,R1-6,left,L2,3925,2327,0.5929,5196,yes,Use as a cell-type search term; require an observed exact pair before adding an edge,Homolog incidence is not an edge probability or a named target neuron
974,C_type_hypothesis,720575940618422929,R1-6,left,L2,3925,2327,0.5929,5196,yes,Use as a cell-type search term; require an observed exact pair before adding an edge,Homolog incidence is not an edge probability or a named target neuron
975,C_type_hypothesis,720575940618423441,R1-6,left,L2,3925,2327,0.5929,5196,yes,Use as a cell-type search term; require an observed exact pair before adding an edge,Homolog incidence is not an edge probability or a named target neuron
976,C_type_hypothesis,720575940618464925,R1-6,left,L2,3925,2327,0.5929,5196,yes,Use as a cell-type search term; require an observed exact pair before adding an edge,Homolog incidence is not an edge probability or a named target neuron
977,C_type_hypothesis,720575940618530594,R1-6,left,L2,3925,2327,0.5929,5196,yes,Use as a cell-type search term; require an observed exact pair before adding an edge,Homolog incidence is not an edge probability or a named target neuron
978,C_type_hypothesis,720575940618600020,R1-6,left,L2,3925,2327,0.5929,5196,yes,Use as a cell-type search term; require an observed exact pair before adding an edge,Homolog incidence is not an edge probability or a named target neuron
979,C_type_hypothesis,720575940618600276,R1-6,left,L2,3925,2327,0.5929,5196,yes,Use as a cell-type search term; require an observed exact pair before adding an edge,Homolog incidence is not an edge probability or a named target neuron
980,C_type_hypothesis,720575940618712091,R1-6,left,L2,3925,2327,0.5929,5196,yes,Use as a cell-type search term; require an observed exact pair before adding an edge,Homolog incidence is not an edge probability or a named target neuron
981,C_type_hypothesis,720575940618725147,R1-6,left,L2,3925,2327,0.5929,5196,yes,Use as a cell-type search term; require an observed exact pair before adding an edge,Homolog incidence is not an edge probability or a named target neuron
982,C_type_hypothesis,720575940618728475,R1-6,left,L2,3925,2327,0.5929,5196,yes,Use as a cell-type search term; require an observed exact pair before adding an edge,Homolog incidence is not an edge probability or a named target neuron
983,C_type_hypothesis,720575940618849537,R1-6,left,L2,3925,2327,0.5929,5196,yes,Use as a cell-type search term; require an observed exact pair before adding an edge,Homolog incidence is not an edge probability or a named target neuron
984,C_type_hypothesis,720575940618864724,R1-6,left,L2,3925,2327,0.5929,5196,yes,Use as a cell-type search term; require an observed exact pair before adding an edge,Homolog incidence is not an edge probability or a named target neuron
985,C_type_hypothesis,720575940618916125,R1-6,left,L2,3925,2327,0.5929,5196,yes,Use as a cell-type search term; require an observed exact pair before adding an edge,Homolog incidence is not an edge probability or a named target neuron
986,C_type_hypothesis,720575940619643702,R1-6,left,L2,3925,2327,0.5929,5196,yes,Use as a cell-type search term; require an observed exact pair before adding an edge,Homolog incidence is not an edge probability or a named target neuron
987,C_type_hypothesis,720575940619984798,R1-6,left,L2,3925,2327,0.5929,5196,yes,Use as a cell-type search term; require an observed exact pair before adding an edge,Homolog incidence is not an edge probability or a named target neuron
988,C_type_hypothesis,720575940620236593,R1-6,left,L2,3925,2327,0.5929,5196,yes,Use as a cell-type search term; require an observed exact pair before adding an edge,Homolog incidence is not an edge probability or a named target neuron
989,C_type_hypothesis,720575940620238296,R1-6,left,L2,3925,2327,0.5929,5196,yes,Use as a cell-type search term; require an observed exact pair before adding an edge,Homolog incidence is not an edge probability or a named target neuron
990,C_type_hypothesis,720575940620476363,R1-6,left,L2,3925,2327,0.5929,5196,yes,Use as a cell-type search term; require an observed exact pair before adding an edge,Homolog incidence is not an edge probability or a named target neuron
991,C_type_hypothesis,720575940620487504,R1-6,left,L2,3925,2327,0.5929,5196,yes,Use as a cell-type search term; require an observed exact pair before adding an edge,Homolog incidence is not an edge probability or a named target neuron
992,C_type_hypothesis,720575940620488784,R1-6,left,L2,3925,2327,0.5929,5196,yes,Use as a cell-type search term; require an observed exact pair before adding an edge,Homolog incidence is not an edge probability or a named target neuron
993,C_type_hypothesis,720575940620531761,R1-6,left,L2,3925,2327,0.5929,5196,yes,Use as a cell-type search term; require an observed exact pair before adding an edge,Homolog incidence is not an edge probability or a named target neuron
994,C_type_hypothesis,720575940620545616,R1-6,left,L2,3925,2327,0.5929,5196,yes,Use as a cell-type search term; require an observed exact pair before adding an edge,Homolog incidence is not an edge probability or a named target neuron
995,C_type_hypothesis,720575940620556117,R1-6,left,L2,3925,2327,0.5929,5196,yes,Use as a cell-type search term; require an observed exact pair before adding an edge,Homolog incidence is not an edge probability or a named target neuron
996,C_type_hypothesis,720575940620562517,R1-6,left,L2,3925,2327,0.5929,5196,yes,Use as a cell-type search term; require an observed exact pair before adding an edge,Homolog incidence is not an edge probability or a named target neuron
997,C_type_hypothesis,720575940620562773,R1-6,left,L2,3925,2327,0.5929,5196,yes,Use as a cell-type search term; require an observed exact pair before adding an edge,Homolog incidence is not an edge probability or a named target neuron
998,C_type_hypothesis,720575940620568405,R1-6,left,L2,3925,2327,0.5929,5196,yes,Use as a cell-type search term; require an observed exact pair before adding an edge,Homolog incidence is not an edge probability or a named target neuron
999,C_type_hypothesis,720575940620623320,R1-6,left,L2,3925,2327,0.5929,5196,yes,Use as a cell-type search term; require an observed exact pair before adding an edge,Homolog incidence is not an edge probability or a named target neuron
1000,C_type_hypothesis,720575940620665680,R1-6,left,L2,3925,2327,0.5929,5196,yes,Use as a cell-type search term; require an observed exact pair before adding an edge,Homolog incidence is not an edge probability or a named target neuron
1001,C_type_hypothesis,720575940620797131,R1-6,left,L2,3925,2327,0.5929,5196,yes,Use as a cell-type search term; require an observed exact pair before adding an edge,Homolog incidence is not an edge probability or a named target neuron
1002,C_type_hypothesis,720575940620797643,R1-6,left,L2,3925,2327,0.5929,5196,yes,Use as a cell-type search term; require an observed exact pair before adding an edge,Homolog incidence is not an edge probability or a named target neuron
1003,C_type_hypothesis,720575940620881829,R1-6,left,L2,3925,2327,0.5929,5196,yes,Use as a cell-type search term; require an observed exact pair before adding an edge,Homolog incidence is not an edge probability or a named target neuron
1004,C_type_hypothesis,720575940620885157,R1-6,left,L2,3925,2327,0.5929,5196,yes,Use as a cell-type search term; require an observed exact pair before adding an edge,Homolog incidence is not an edge probability or a named target neuron
1005,C_type_hypothesis,720575940620886181,R1-6,left,L2,3925,2327,0.5929,5196,yes,Use as a cell-type search term; require an observed exact pair before adding an edge,Homolog incidence is not an edge probability or a named target neuron
1006,C_type_hypothesis,720575940620886693,R1-6,left,L2,3925,2327,0.5929,5196,yes,Use as a cell-type search term; require an observed exact pair before adding an edge,Homolog incidence is not an edge probability or a named target neuron
1007,C_type_hypothesis,720575940620909332,R1-6,left,L2,3925,2327,0.5929,5196,yes,Use as a cell-type search term; require an observed exact pair before adding an edge,Homolog incidence is not an edge probability or a named target neuron
1008,C_type_hypothesis,720575940620944037,R1-6,left,L2,3925,2327,0.5929,5196,yes,Use as a cell-type search term; require an observed exact pair before adding an edge,Homolog incidence is not an edge probability or a named target neuron
1009,C_type_hypothesis,720575940621144198,R1-6,left,L2,3925,2327,0.5929,5196,yes,Use as a cell-type search term; require an observed exact pair before adding an edge,Homolog incidence is not an edge probability or a named target neuron
1010,C_type_hypothesis,720575940621323247,R1-6,left,L2,3925,2327,0.5929,5196,yes,Use as a cell-type search term; require an observed exact pair before adding an edge,Homolog incidence is not an edge probability or a named target neuron
1011,C_type_hypothesis,720575940621458625,R1-6,left,L2,3925,2327,0.5929,5196,yes,Use as a cell-type search term; require an observed exact pair before adding an edge,Homolog incidence is not an edge probability or a named target neuron
1012,C_type_hypothesis,720575940621466048,R1-6,left,L2,3925,2327,0.5929,5196,yes,Use as a cell-type search term; require an observed exact pair before adding an edge,Homolog incidence is not an edge probability or a named target neuron
1013,C_type_hypothesis,720575940621482667,R1-6,left,L2,3925,2327,0.5929,5196,yes,Use as a cell-type search term; require an observed exact pair before adding an edge,Homolog incidence is not an edge probability or a named target neuron
1014,C_type_hypothesis,720575940621514667,R1-6,left,L2,3925,2327,0.5929,5196,yes,Use as a cell-type search term; require an observed exact pair before adding an edge,Homolog incidence is not an edge probability or a named target neuron
1015,C_type_hypothesis,720575940621526510,R1-6,left,L2,3925,2327,0.5929,5196,yes,Use as a cell-type search term; require an observed exact pair before adding an edge,Homolog incidence is not an edge probability or a named target neuron
1016,C_type_hypothesis,720575940621605286,R1-6,left,L2,3925,2327,0.5929,5196,yes,Use as a cell-type search term; require an observed exact pair before adding an edge,Homolog incidence is not an edge probability or a named target neuron
1017,C_type_hypothesis,720575940621687489,R1-6,left,L2,3925,2327,0.5929,5196,yes,Use as a cell-type search term; require an observed exact pair before adding an edge,Homolog incidence is not an edge probability or a named target neuron
1018,C_type_hypothesis,720575940621817409,R1-6,left,L2,3925,2327,0.5929,5196,yes,Use as a cell-type search term; require an observed exact pair before adding an edge,Homolog incidence is not an edge probability or a named target neuron
1019,C_type_hypothesis,720575940621855920,R1-6,left,L2,3925,2327,0.5929,5196,yes,Use as a cell-type search term; require an observed exact pair before adding an edge,Homolog incidence is not an edge probability or a named target neuron
1020,C_type_hypothesis,720575940621884854,R1-6,left,L2,3925,2327,0.5929,5196,yes,Use as a cell-type search term; require an observed exact pair before adding an edge,Homolog incidence is not an edge probability or a named target neuron
1021,C_type_hypothesis,720575940621962081,R1-6,left,L2,3925,2327,0.5929,5196,yes,Use as a cell-type search term; require an observed exact pair before adding an edge,Homolog incidence is not an edge probability or a named target neuron
1022,C_type_hypothesis,720575940621962337,R1-6,left,L2,3925,2327,0.5929,5196,yes,Use as a cell-type search term; require an observed exact pair before adding an edge,Homolog incidence is not an edge probability or a named target neuron
1023,C_type_hypothesis,720575940621978534,R1-6,left,L2,3925,2327,0.5929,5196,yes,Use as a cell-type search term; require an observed exact pair before adding an edge,Homolog incidence is not an edge probability or a named target neuron
1024,C_type_hypothesis,720575940622064048,R1-6,left,L2,3925,2327,0.5929,5196,yes,Use as a cell-type search term; require an observed exact pair before adding an edge,Homolog incidence is not an edge probability or a named target neuron
1025,C_type_hypothesis,720575940622064961,R1-6,left,L2,3925,2327,0.5929,5196,yes,Use as a cell-type search term; require an observed exact pair before adding an edge,Homolog incidence is not an edge probability or a named target neuron
1026,C_type_hypothesis,720575940622132656,R1-6,left,L2,3925,2327,0.5929,5196,yes,Use as a cell-type search term; require an observed exact pair before adding an edge,Homolog incidence is not an edge probability or a named target neuron
1027,C_type_hypothesis,720575940622208688,R1-6,left,L2,3925,2327,0.5929,5196,yes,Use as a cell-type search term; require an observed exact pair before adding an edge,Homolog incidence is not an edge probability or a named target neuron
1028,C_type_hypothesis,720575940622339967,R1-6,left,L2,3925,2327,0.5929,5196,yes,Use as a cell-type search term; require an observed exact pair before adding an edge,Homolog incidence is not an edge probability or a named target neuron
1029,C_type_hypothesis,720575940622406896,R1-6,left,L2,3925,2327,0.5929,5196,yes,Use as a cell-type search term; require an observed exact pair before adding an edge,Homolog incidence is not an edge probability or a named target neuron
1030,C_type_hypothesis,720575940622413040,R1-6,left,L2,3925,2327,0.5929,5196,yes,Use as a cell-type search term; require an observed exact pair before adding an edge,Homolog incidence is not an edge probability or a named target neuron
1031,C_type_hypothesis,720575940622433524,R1-6,left,L2,3925,2327,0.5929,5196,yes,Use as a cell-type search term; require an observed exact pair before adding an edge,Homolog incidence is not an edge probability or a named target neuron
1032,C_type_hypothesis,720575940622549342,R1-6,left,L2,3925,2327,0.5929,5196,yes,Use as a cell-type search term; require an observed exact pair before adding an edge,Homolog incidence is not an edge probability or a named target neuron
1033,C_type_hypothesis,720575940622550878,R1-6,left,L2,3925,2327,0.5929,5196,yes,Use as a cell-type search term; require an observed exact pair before adding an edge,Homolog incidence is not an edge probability or a named target neuron
1034,C_type_hypothesis,720575940622638430,R1-6,left,L2,3925,2327,0.5929,5196,yes,Use as a cell-type search term; require an observed exact pair before adding an edge,Homolog incidence is not an edge probability or a named target neuron
1035,C_type_hypothesis,720575940622640990,R1-6,left,L2,3925,2327,0.5929,5196,yes,Use as a cell-type search term; require an observed exact pair before adding an edge,Homolog incidence is not an edge probability or a named target neuron
1036,C_type_hypothesis,720575940622643806,R1-6,left,L2,3925,2327,0.5929,5196,yes,Use as a cell-type search term; require an observed exact pair before adding an edge,Homolog incidence is not an edge probability or a named target neuron
1037,C_type_hypothesis,720575940622654591,R1-6,left,L2,3925,2327,0.5929,5196,yes,Use as a cell-type search term; require an observed exact pair before adding an edge,Homolog incidence is not an edge probability or a named target neuron
1038,C_type_hypothesis,720575940622662170,R1-6,left,L2,3925,2327,0.5929,5196,yes,Use as a cell-type search term; require an observed exact pair before adding an edge,Homolog incidence is not an edge probability or a named target neuron
1039,C_type_hypothesis,720575940622798836,R1-6,left,L2,3925,2327,0.5929,5196,yes,Use as a cell-type search term; require an observed exact pair before adding an edge,Homolog incidence is not an edge probability or a named target neuron
1040,C_type_hypothesis,720575940622879521,R1-6,left,L2,3925,2327,0.5929,5196,yes,Use as a cell-type search term; require an observed exact pair before adding an edge,Homolog incidence is not an edge probability or a named target neuron
1041,C_type_hypothesis,720575940623027550,R1-6,left,L2,3925,2327,0.5929,5196,yes,Use as a cell-type search term; require an observed exact pair before adding an edge,Homolog incidence is not an edge probability or a named target neuron
1042,C_type_hypothesis,720575940623111593,R1-6,left,L2,3925,2327,0.5929,5196,yes,Use as a cell-type search term; require an observed exact pair before adding an edge,Homolog incidence is not an edge probability or a named target neuron
1043,C_type_hypothesis,720575940623242108,R1-6,left,L2,3925,2327,0.5929,5196,yes,Use as a cell-type search term; require an observed exact pair before adding an edge,Homolog incidence is not an edge probability or a named target neuron
1044,C_type_hypothesis,720575940623335715,R1-6,left,L2,3925,2327,0.5929,5196,yes,Use as a cell-type search term; require an observed exact pair before adding an edge,Homolog incidence is not an edge probability or a named target neuron
1045,C_type_hypothesis,720575940623337251,R1-6,left,L2,3925,2327,0.5929,5196,yes,Use as a cell-type search term; require an observed exact pair before adding an edge,Homolog incidence is not an edge probability or a named target neuron
1046,C_type_hypothesis,720575940623337507,R1-6,left,L2,3925,2327,0.5929,5196,yes,Use as a cell-type search term; require an observed exact pair before adding an edge,Homolog incidence is not an edge probability or a named target neuron
1047,C_type_hypothesis,720575940623342716,R1-6,left,L2,3925,2327,0.5929,5196,yes,Use as a cell-type search term; require an observed exact pair before adding an edge,Homolog incidence is not an edge probability or a named target neuron
1048,C_type_hypothesis,720575940623343139,R1-6,left,L2,3925,2327,0.5929,5196,yes,Use as a cell-type search term; require an observed exact pair before adding an edge,Homolog incidence is not an edge probability or a named target neuron
1049,C_type_hypothesis,720575940623347414,R1-6,left,L2,3925,2327,0.5929,5196,yes,Use as a cell-type search term; require an observed exact pair before adding an edge,Homolog incidence is not an edge probability or a named target neuron
1050,C_type_hypothesis,720575940623400216,R1-6,left,L2,3925,2327,0.5929,5196,yes,Use as a cell-type search term; require an observed exact pair before adding an edge,Homolog incidence is not an edge probability or a named target neuron
1051,C_type_hypothesis,720575940623495693,R1-6,left,L2,3925,2327,0.5929,5196,yes,Use as a cell-type search term; require an observed exact pair before adding an edge,Homolog incidence is not an edge probability or a named target neuron
1052,C_type_hypothesis,720575940623518051,R1-6,left,L2,3925,2327,0.5929,5196,yes,Use as a cell-type search term; require an observed exact pair before adding an edge,Homolog incidence is not an edge probability or a named target neuron
1053,C_type_hypothesis,720575940623518819,R1-6,left,L2,3925,2327,0.5929,5196,yes,Use as a cell-type search term; require an observed exact pair before adding an edge,Homolog incidence is not an edge probability or a named target neuron
1054,C_type_hypothesis,720575940623522147,R1-6,left,L2,3925,2327,0.5929,5196,yes,Use as a cell-type search term; require an observed exact pair before adding an edge,Homolog incidence is not an edge probability or a named target neuron
1055,C_type_hypothesis,720575940623668248,R1-6,left,L2,3925,2327,0.5929,5196,yes,Use as a cell-type search term; require an observed exact pair before adding an edge,Homolog incidence is not an edge probability or a named target neuron
1056,C_type_hypothesis,720575940623694104,R1-6,left,L2,3925,2327,0.5929,5196,yes,Use as a cell-type search term; require an observed exact pair before adding an edge,Homolog incidence is not an edge probability or a named target neuron
1057,C_type_hypothesis,720575940623710232,R1-6,left,L2,3925,2327,0.5929,5196,yes,Use as a cell-type search term; require an observed exact pair before adding an edge,Homolog incidence is not an edge probability or a named target neuron
1058,C_type_hypothesis,720575940623721496,R1-6,left,L2,3925,2327,0.5929,5196,yes,Use as a cell-type search term; require an observed exact pair before adding an edge,Homolog incidence is not an edge probability or a named target neuron
1059,C_type_hypothesis,720575940623823240,R1-6,left,L2,3925,2327,0.5929,5196,yes,Use as a cell-type search term; require an observed exact pair before adding an edge,Homolog incidence is not an edge probability or a named target neuron
1060,C_type_hypothesis,720575940623825544,R1-6,left,L2,3925,2327,0.5929,5196,yes,Use as a cell-type search term; require an observed exact pair before adding an edge,Homolog incidence is not an edge probability or a named target neuron
1061,C_type_hypothesis,720575940623866248,R1-6,left,L2,3925,2327,0.5929,5196,yes,Use as a cell-type search term; require an observed exact pair before adding an edge,Homolog incidence is not an edge probability or a named target neuron
1062,C_type_hypothesis,720575940623867016,R1-6,left,L2,3925,2327,0.5929,5196,yes,Use as a cell-type search term; require an observed exact pair before adding an edge,Homolog incidence is not an edge probability or a named target neuron
1063,C_type_hypothesis,720575940623892579,R1-6,left,L2,3925,2327,0.5929,5196,yes,Use as a cell-type search term; require an observed exact pair before adding an edge,Homolog incidence is not an edge probability or a named target neuron
1064,C_type_hypothesis,720575940623984520,R1-6,left,L2,3925,2327,0.5929,5196,yes,Use as a cell-type search term; require an observed exact pair before adding an edge,Homolog incidence is not an edge probability or a named target neuron
1065,C_type_hypothesis,720575940624001791,R1-6,left,L2,3925,2327,0.5929,5196,yes,Use as a cell-type search term; require an observed exact pair before adding an edge,Homolog incidence is not an edge probability or a named target neuron
1066,C_type_hypothesis,720575940624046227,R1-6,left,L2,3925,2327,0.5929,5196,yes,Use as a cell-type search term; require an observed exact pair before adding an edge,Homolog incidence is not an edge probability or a named target neuron
1067,C_type_hypothesis,720575940624048275,R1-6,left,L2,3925,2327,0.5929,5196,yes,Use as a cell-type search term; require an observed exact pair before adding an edge,Homolog incidence is not an edge probability or a named target neuron
1068,C_type_hypothesis,720575940624103827,R1-6,left,L2,3925,2327,0.5929,5196,yes,Use as a cell-type search term; require an observed exact pair before adding an edge,Homolog incidence is not an edge probability or a named target neuron
1069,C_type_hypothesis,720575940624106131,R1-6,left,L2,3925,2327,0.5929,5196,yes,Use as a cell-type search term; require an observed exact pair before adding an edge,Homolog incidence is not an edge probability or a named target neuron
1070,C_type_hypothesis,720575940624338058,R1-6,left,L2,3925,2327,0.5929,5196,yes,Use as a cell-type search term; require an observed exact pair before adding an edge,Homolog incidence is not an edge probability or a named target neuron
1071,C_type_hypothesis,720575940624438566,R1-6,left,L2,3925,2327,0.5929,5196,yes,Use as a cell-type search term; require an observed exact pair before adding an edge,Homolog incidence is not an edge probability or a named target neuron
1072,C_type_hypothesis,720575940624735229,R1-6,left,L2,3925,2327,0.5929,5196,yes,Use as a cell-type search term; require an observed exact pair before adding an edge,Homolog incidence is not an edge probability or a named target neuron
1073,C_type_hypothesis,720575940625037509,R1-6,left,L2,3925,2327,0.5929,5196,yes,Use as a cell-type search term; require an observed exact pair before adding an edge,Homolog incidence is not an edge probability or a named target neuron
1074,C_type_hypothesis,720575940625039557,R1-6,left,L2,3925,2327,0.5929,5196,yes,Use as a cell-type search term; require an observed exact pair before adding an edge,Homolog incidence is not an edge probability or a named target neuron
1075,C_type_hypothesis,720575940625044421,R1-6,left,L2,3925,2327,0.5929,5196,yes,Use as a cell-type search term; require an observed exact pair before adding an edge,Homolog incidence is not an edge probability or a named target neuron
1076,C_type_hypothesis,720575940625052101,R1-6,left,L2,3925,2327,0.5929,5196,yes,Use as a cell-type search term; require an observed exact pair before adding an edge,Homolog incidence is not an edge probability or a named target neuron
1077,C_type_hypothesis,720575940625052869,R1-6,left,L2,3925,2327,0.5929,5196,yes,Use as a cell-type search term; require an observed exact pair before adding an edge,Homolog incidence is not an edge probability or a named target neuron
1078,C_type_hypothesis,720575940625067243,R1-6,left,L2,3925,2327,0.5929,5196,yes,Use as a cell-type search term; require an observed exact pair before adding an edge,Homolog incidence is not an edge probability or a named target neuron
1079,C_type_hypothesis,720575940625132948,R1-6,left,L2,3925,2327,0.5929,5196,yes,Use as a cell-type search term; require an observed exact pair before adding an edge,Homolog incidence is not an edge probability or a named target neuron
1080,C_type_hypothesis,720575940625237923,R1-6,left,L2,3925,2327,0.5929,5196,yes,Use as a cell-type search term; require an observed exact pair before adding an edge,Homolog incidence is not an edge probability or a named target neuron
1081,C_type_hypothesis,720575940625564860,R1-6,left,L2,3925,2327,0.5929,5196,yes,Use as a cell-type search term; require an observed exact pair before adding an edge,Homolog incidence is not an edge probability or a named target neuron
1082,C_type_hypothesis,720575940625579704,R1-6,left,L2,3925,2327,0.5929,5196,yes,Use as a cell-type search term; require an observed exact pair before adding an edge,Homolog incidence is not an edge probability or a named target neuron
1083,C_type_hypothesis,720575940625583118,R1-6,left,L2,3925,2327,0.5929,5196,yes,Use as a cell-type search term; require an observed exact pair before adding an edge,Homolog incidence is not an edge probability or a named target neuron
1084,C_type_hypothesis,720575940625603512,R1-6,left,L2,3925,2327,0.5929,5196,yes,Use as a cell-type search term; require an observed exact pair before adding an edge,Homolog incidence is not an edge probability or a named target neuron
1085,C_type_hypothesis,720575940625621518,R1-6,left,L2,3925,2327,0.5929,5196,yes,Use as a cell-type search term; require an observed exact pair before adding an edge,Homolog incidence is not an edge probability or a named target neuron
1086,C_type_hypothesis,720575940625635119,R1-6,left,L2,3925,2327,0.5929,5196,yes,Use as a cell-type search term; require an observed exact pair before adding an edge,Homolog incidence is not an edge probability or a named target neuron
1087,C_type_hypothesis,720575940625643495,R1-6,left,L2,3925,2327,0.5929,5196,yes,Use as a cell-type search term; require an observed exact pair before adding an edge,Homolog incidence is not an edge probability or a named target neuron
1088,C_type_hypothesis,720575940625733095,R1-6,left,L2,3925,2327,0.5929,5196,yes,Use as a cell-type search term; require an observed exact pair before adding an edge,Homolog incidence is not an edge probability or a named target neuron
1089,C_type_hypothesis,720575940625823101,R1-6,left,L2,3925,2327,0.5929,5196,yes,Use as a cell-type search term; require an observed exact pair before adding an edge,Homolog incidence is not an edge probability or a named target neuron
1090,C_type_hypothesis,720575940625882701,R1-6,left,L2,3925,2327,0.5929,5196,yes,Use as a cell-type search term; require an observed exact pair before adding an edge,Homolog incidence is not an edge probability or a named target neuron
1091,C_type_hypothesis,720575940625916207,R1-6,left,L2,3925,2327,0.5929,5196,yes,Use as a cell-type search term; require an observed exact pair before adding an edge,Homolog incidence is not an edge probability or a named target neuron
1092,C_type_hypothesis,720575940625956429,R1-6,left,L2,3925,2327,0.5929,5196,yes,Use as a cell-type search term; require an observed exact pair before adding an edge,Homolog incidence is not an edge probability or a named target neuron
1093,C_type_hypothesis,720575940626322992,R1-6,left,L2,3925,2327,0.5929,5196,yes,Use as a cell-type search term; require an observed exact pair before adding an edge,Homolog incidence is not an edge probability or a named target neuron
1094,C_type_hypothesis,720575940626770532,R1-6,left,L2,3925,2327,0.5929,5196,yes,Use as a cell-type search term; require an observed exact pair before adding an edge,Homolog incidence is not an edge probability or a named target neuron
1095,C_type_hypothesis,720575940627087106,R1-6,left,L2,3925,2327,0.5929,5196,yes,Use as a cell-type search term; require an observed exact pair before adding an edge,Homolog incidence is not an edge probability or a named target neuron
1096,C_type_hypothesis,720575940627098942,R1-6,left,L2,3925,2327,0.5929,5196,yes,Use as a cell-type search term; require an observed exact pair before adding an edge,Homolog incidence is not an edge probability or a named target neuron
1097,C_type_hypothesis,720575940627212644,R1-6,left,L2,3925,2327,0.5929,5196,yes,Use as a cell-type search term; require an observed exact pair before adding an edge,Homolog incidence is not an edge probability or a named target neuron
1098,C_type_hypothesis,720575940627267842,R1-6,left,L2,3925,2327,0.5929,5196,yes,Use as a cell-type search term; require an observed exact pair before adding an edge,Homolog incidence is not an edge probability or a named target neuron
1099,C_type_hypothesis,720575940627309913,R1-6,left,L2,3925,2327,0.5929,5196,yes,Use as a cell-type search term; require an observed exact pair before adding an edge,Homolog incidence is not an edge probability or a named target neuron
1100,C_type_hypothesis,720575940627462914,R1-6,left,L2,3925,2327,0.5929,5196,yes,Use as a cell-type search term; require an observed exact pair before adding an edge,Homolog incidence is not an edge probability or a named target neuron
1101,C_type_hypothesis,720575940627618905,R1-6,left,L2,3925,2327,0.5929,5196,yes,Use as a cell-type search term; require an observed exact pair before adding an edge,Homolog incidence is not an edge probability or a named target neuron
1102,C_type_hypothesis,720575940627652441,R1-6,left,L2,3925,2327,0.5929,5196,yes,Use as a cell-type search term; require an observed exact pair before adding an edge,Homolog incidence is not an edge probability or a named target neuron
1103,C_type_hypothesis,720575940627660121,R1-6,left,L2,3925,2327,0.5929,5196,yes,Use as a cell-type search term; require an observed exact pair before adding an edge,Homolog incidence is not an edge probability or a named target neuron
1104,C_type_hypothesis,720575940627660440,R1-6,left,L2,3925,2327,0.5929,5196,yes,Use as a cell-type search term; require an observed exact pair before adding an edge,Homolog incidence is not an edge probability or a named target neuron
1105,C_type_hypothesis,720575940627665241,R1-6,left,L2,3925,2327,0.5929,5196,yes,Use as a cell-type search term; require an observed exact pair before adding an edge,Homolog incidence is not an edge probability or a named target neuron
1106,C_type_hypothesis,720575940627693181,R1-6,left,L2,3925,2327,0.5929,5196,yes,Use as a cell-type search term; require an observed exact pair before adding an edge,Homolog incidence is not an edge probability or a named target neuron
1107,C_type_hypothesis,720575940627715102,R1-6,left,L2,3925,2327,0.5929,5196,yes,Use as a cell-type search term; require an observed exact pair before adding an edge,Homolog incidence is not an edge probability or a named target neuron
1108,C_type_hypothesis,720575940627852669,R1-6,left,L2,3925,2327,0.5929,5196,yes,Use as a cell-type search term; require an observed exact pair before adding an edge,Homolog incidence is not an edge probability or a named target neuron
1109,C_type_hypothesis,720575940627853693,R1-6,left,L2,3925,2327,0.5929,5196,yes,Use as a cell-type search term; require an observed exact pair before adding an edge,Homolog incidence is not an edge probability or a named target neuron
1110,C_type_hypothesis,720575940627938200,R1-6,left,L2,3925,2327,0.5929,5196,yes,Use as a cell-type search term; require an observed exact pair before adding an edge,Homolog incidence is not an edge probability or a named target neuron
1111,C_type_hypothesis,720575940627941202,R1-6,left,L2,3925,2327,0.5929,5196,yes,Use as a cell-type search term; require an observed exact pair before adding an edge,Homolog incidence is not an edge probability or a named target neuron
1112,C_type_hypothesis,720575940627941714,R1-6,left,L2,3925,2327,0.5929,5196,yes,Use as a cell-type search term; require an observed exact pair before adding an edge,Homolog incidence is not an edge probability or a named target neuron
1113,C_type_hypothesis,720575940628035721,R1-6,left,L2,3925,2327,0.5929,5196,yes,Use as a cell-type search term; require an observed exact pair before adding an edge,Homolog incidence is not an edge probability or a named target neuron
1114,C_type_hypothesis,720575940628036233,R1-6,left,L2,3925,2327,0.5929,5196,yes,Use as a cell-type search term; require an observed exact pair before adding an edge,Homolog incidence is not an edge probability or a named target neuron
1115,C_type_hypothesis,720575940628089402,R1-6,left,L2,3925,2327,0.5929,5196,yes,Use as a cell-type search term; require an observed exact pair before adding an edge,Homolog incidence is not an edge probability or a named target neuron
1116,C_type_hypothesis,720575940628210831,R1-6,left,L2,3925,2327,0.5929,5196,yes,Use as a cell-type search term; require an observed exact pair before adding an edge,Homolog incidence is not an edge probability or a named target neuron
1117,C_type_hypothesis,720575940628240210,R1-6,left,L2,3925,2327,0.5929,5196,yes,Use as a cell-type search term; require an observed exact pair before adding an edge,Homolog incidence is not an edge probability or a named target neuron
1118,C_type_hypothesis,720575940628255034,R1-6,left,L2,3925,2327,0.5929,5196,yes,Use as a cell-type search term; require an observed exact pair before adding an edge,Homolog incidence is not an edge probability or a named target neuron
1119,C_type_hypothesis,720575940628307077,R1-6,left,L2,3925,2327,0.5929,5196,yes,Use as a cell-type search term; require an observed exact pair before adding an edge,Homolog incidence is not an edge probability or a named target neuron
1120,C_type_hypothesis,720575940628308613,R1-6,left,L2,3925,2327,0.5929,5196,yes,Use as a cell-type search term; require an observed exact pair before adding an edge,Homolog incidence is not an edge probability or a named target neuron
1121,C_type_hypothesis,720575940628346170,R1-6,left,L2,3925,2327,0.5929,5196,yes,Use as a cell-type search term; require an observed exact pair before adding an edge,Homolog incidence is not an edge probability or a named target neuron
1122,C_type_hypothesis,720575940628387656,R1-6,left,L2,3925,2327,0.5929,5196,yes,Use as a cell-type search term; require an observed exact pair before adding an edge,Homolog incidence is not an edge probability or a named target neuron
1123,C_type_hypothesis,720575940628388936,R1-6,left,L2,3925,2327,0.5929,5196,yes,Use as a cell-type search term; require an observed exact pair before adding an edge,Homolog incidence is not an edge probability or a named target neuron
1124,C_type_hypothesis,720575940628391240,R1-6,left,L2,3925,2327,0.5929,5196,yes,Use as a cell-type search term; require an observed exact pair before adding an edge,Homolog incidence is not an edge probability or a named target neuron
1125,C_type_hypothesis,720575940628492264,R1-6,left,L2,3925,2327,0.5929,5196,yes,Use as a cell-type search term; require an observed exact pair before adding an edge,Homolog incidence is not an edge probability or a named target neuron
1126,C_type_hypothesis,720575940628564712,R1-6,left,L2,3925,2327,0.5929,5196,yes,Use as a cell-type search term; require an observed exact pair before adding an edge,Homolog incidence is not an edge probability or a named target neuron
1127,C_type_hypothesis,720575940628728040,R1-6,left,L2,3925,2327,0.5929,5196,yes,Use as a cell-type search term; require an observed exact pair before adding an edge,Homolog incidence is not an edge probability or a named target neuron
1128,C_type_hypothesis,720575940628732744,R1-6,left,L2,3925,2327,0.5929,5196,yes,Use as a cell-type search term; require an observed exact pair before adding an edge,Homolog incidence is not an edge probability or a named target neuron
1129,C_type_hypothesis,720575940628758319,R1-6,left,L2,3925,2327,0.5929,5196,yes,Use as a cell-type search term; require an observed exact pair before adding an edge,Homolog incidence is not an edge probability or a named target neuron
1130,C_type_hypothesis,720575940628877308,R1-6,left,L2,3925,2327,0.5929,5196,yes,Use as a cell-type search term; require an observed exact pair before adding an edge,Homolog incidence is not an edge probability or a named target neuron
1131,C_type_hypothesis,720575940628893514,R1-6,left,L2,3925,2327,0.5929,5196,yes,Use as a cell-type search term; require an observed exact pair before adding an edge,Homolog incidence is not an edge probability or a named target neuron
1132,C_type_hypothesis,720575940628938314,R1-6,left,L2,3925,2327,0.5929,5196,yes,Use as a cell-type search term; require an observed exact pair before adding an edge,Homolog incidence is not an edge probability or a named target neuron
1133,C_type_hypothesis,720575940628938570,R1-6,left,L2,3925,2327,0.5929,5196,yes,Use as a cell-type search term; require an observed exact pair before adding an edge,Homolog incidence is not an edge probability or a named target neuron
1134,C_type_hypothesis,720575940628955722,R1-6,left,L2,3925,2327,0.5929,5196,yes,Use as a cell-type search term; require an observed exact pair before adding an edge,Homolog incidence is not an edge probability or a named target neuron
1135,C_type_hypothesis,720575940629063409,R1-6,left,L2,3925,2327,0.5929,5196,yes,Use as a cell-type search term; require an observed exact pair before adding an edge,Homolog incidence is not an edge probability or a named target neuron
1136,C_type_hypothesis,720575940629182825,R1-6,left,L2,3925,2327,0.5929,5196,yes,Use as a cell-type search term; require an observed exact pair before adding an edge,Homolog incidence is not an edge probability or a named target neuron
1137,C_type_hypothesis,720575940629411883,R1-6,left,L2,3925,2327,0.5929,5196,yes,Use as a cell-type search term; require an observed exact pair before adding an edge,Homolog incidence is not an edge probability or a named target neuron
1138,C_type_hypothesis,720575940629426161,R1-6,left,L2,3925,2327,0.5929,5196,yes,Use as a cell-type search term; require an observed exact pair before adding an edge,Homolog incidence is not an edge probability or a named target neuron
1139,C_type_hypothesis,720575940629438193,R1-6,left,L2,3925,2327,0.5929,5196,yes,Use as a cell-type search term; require an observed exact pair before adding an edge,Homolog incidence is not an edge probability or a named target neuron
1140,C_type_hypothesis,720575940629615209,R1-6,left,L2,3925,2327,0.5929,5196,yes,Use as a cell-type search term; require an observed exact pair before adding an edge,Homolog incidence is not an edge probability or a named target neuron
1141,C_type_hypothesis,720575940629634921,R1-6,left,L2,3925,2327,0.5929,5196,yes,Use as a cell-type search term; require an observed exact pair before adding an edge,Homolog incidence is not an edge probability or a named target neuron
1142,C_type_hypothesis,720575940629716779,R1-6,left,L2,3925,2327,0.5929,5196,yes,Use as a cell-type search term; require an observed exact pair before adding an edge,Homolog incidence is not an edge probability or a named target neuron
1143,C_type_hypothesis,720575940629752080,R1-6,left,L2,3925,2327,0.5929,5196,yes,Use as a cell-type search term; require an observed exact pair before adding an edge,Homolog incidence is not an edge probability or a named target neuron
1144,C_type_hypothesis,720575940629834768,R1-6,left,L2,3925,2327,0.5929,5196,yes,Use as a cell-type search term; require an observed exact pair before adding an edge,Homolog incidence is not an edge probability or a named target neuron
1145,C_type_hypothesis,720575940629870379,R1-6,left,L2,3925,2327,0.5929,5196,yes,Use as a cell-type search term; require an observed exact pair before adding an edge,Homolog incidence is not an edge probability or a named target neuron
1146,C_type_hypothesis,720575940629888515,R1-6,left,L2,3925,2327,0.5929,5196,yes,Use as a cell-type search term; require an observed exact pair before adding an edge,Homolog incidence is not an edge probability or a named target neuron
1147,C_type_hypothesis,720575940630060135,R1-6,left,L2,3925,2327,0.5929,5196,yes,Use as a cell-type search term; require an observed exact pair before adding an edge,Homolog incidence is not an edge probability or a named target neuron
1148,C_type_hypothesis,720575940630239327,R1-6,left,L2,3925,2327,0.5929,5196,yes,Use as a cell-type search term; require an observed exact pair before adding an edge,Homolog incidence is not an edge probability or a named target neuron
1149,C_type_hypothesis,720575940630408570,R1-6,left,L2,3925,2327,0.5929,5196,yes,Use as a cell-type search term; require an observed exact pair before adding an edge,Homolog incidence is not an edge probability or a named target neuron
1150,C_type_hypothesis,720575940630408898,R1-6,left,L2,3925,2327,0.5929,5196,yes,Use as a cell-type search term; require an observed exact pair before adding an edge,Homolog incidence is not an edge probability or a named target neuron
1151,C_type_hypothesis,720575940630544250,R1-6,left,L2,3925,2327,0.5929,5196,yes,Use as a cell-type search term; require an observed exact pair before adding an edge,Homolog incidence is not an edge probability or a named target neuron
1152,C_type_hypothesis,720575940630581564,R1-6,left,L2,3925,2327,0.5929,5196,yes,Use as a cell-type search term; require an observed exact pair before adding an edge,Homolog incidence is not an edge probability or a named target neuron
1153,C_type_hypothesis,720575940630581754,R1-6,left,L2,3925,2327,0.5929,5196,yes,Use as a cell-type search term; require an observed exact pair before adding an edge,Homolog incidence is not an edge probability or a named target neuron
1154,C_type_hypothesis,720575940630657792,R1-6,left,L2,3925,2327,0.5929,5196,yes,Use as a cell-type search term; require an observed exact pair before adding an edge,Homolog incidence is not an edge probability or a named target neuron
1155,C_type_hypothesis,720575940630660034,R1-6,left,L2,3925,2327,0.5929,5196,yes,Use as a cell-type search term; require an observed exact pair before adding an edge,Homolog incidence is not an edge probability or a named target neuron
1156,C_type_hypothesis,720575940630664062,R1-6,left,L2,3925,2327,0.5929,5196,yes,Use as a cell-type search term; require an observed exact pair before adding an edge,Homolog incidence is not an edge probability or a named target neuron
1157,C_type_hypothesis,720575940630712442,R1-6,left,L2,3925,2327,0.5929,5196,yes,Use as a cell-type search term; require an observed exact pair before adding an edge,Homolog incidence is not an edge probability or a named target neuron
1158,C_type_hypothesis,720575940630714562,R1-6,left,L2,3925,2327,0.5929,5196,yes,Use as a cell-type search term; require an observed exact pair before adding an edge,Homolog incidence is not an edge probability or a named target neuron
1159,C_type_hypothesis,720575940630727212,R1-6,left,L2,3925,2327,0.5929,5196,yes,Use as a cell-type search term; require an observed exact pair before adding an edge,Homolog incidence is not an edge probability or a named target neuron
1160,C_type_hypothesis,720575940630746924,R1-6,left,L2,3925,2327,0.5929,5196,yes,Use as a cell-type search term; require an observed exact pair before adding an edge,Homolog incidence is not an edge probability or a named target neuron
1161,C_type_hypothesis,720575940630767360,R1-6,left,L2,3925,2327,0.5929,5196,yes,Use as a cell-type search term; require an observed exact pair before adding an edge,Homolog incidence is not an edge probability or a named target neuron
1162,C_type_hypothesis,720575940630787388,R1-6,left,L2,3925,2327,0.5929,5196,yes,Use as a cell-type search term; require an observed exact pair before adding an edge,Homolog incidence is not an edge probability or a named target neuron
1163,C_type_hypothesis,720575940630942428,R1-6,left,L2,3925,2327,0.5929,5196,yes,Use as a cell-type search term; require an observed exact pair before adding an edge,Homolog incidence is not an edge probability or a named target neuron
1164,C_type_hypothesis,720575940630944215,R1-6,left,L2,3925,2327,0.5929,5196,yes,Use as a cell-type search term; require an observed exact pair before adding an edge,Homolog incidence is not an edge probability or a named target neuron
1165,C_type_hypothesis,720575940630947292,R1-6,left,L2,3925,2327,0.5929,5196,yes,Use as a cell-type search term; require an observed exact pair before adding an edge,Homolog incidence is not an edge probability or a named target neuron
1166,C_type_hypothesis,720575940630982495,R1-6,left,L2,3925,2327,0.5929,5196,yes,Use as a cell-type search term; require an observed exact pair before adding an edge,Homolog incidence is not an edge probability or a named target neuron
1167,C_type_hypothesis,720575940631059932,R1-6,left,L2,3925,2327,0.5929,5196,yes,Use as a cell-type search term; require an observed exact pair before adding an edge,Homolog incidence is not an edge probability or a named target neuron
1168,C_type_hypothesis,720575940631079900,R1-6,left,L2,3925,2327,0.5929,5196,yes,Use as a cell-type search term; require an observed exact pair before adding an edge,Homolog incidence is not an edge probability or a named target neuron
1169,C_type_hypothesis,720575940631095296,R1-6,left,L2,3925,2327,0.5929,5196,yes,Use as a cell-type search term; require an observed exact pair before adding an edge,Homolog incidence is not an edge probability or a named target neuron
1170,C_type_hypothesis,720575940631100160,R1-6,left,L2,3925,2327,0.5929,5196,yes,Use as a cell-type search term; require an observed exact pair before adding an edge,Homolog incidence is not an edge probability or a named target neuron
1171,C_type_hypothesis,720575940631143020,R1-6,left,L2,3925,2327,0.5929,5196,yes,Use as a cell-type search term; require an observed exact pair before adding an edge,Homolog incidence is not an edge probability or a named target neuron
1172,C_type_hypothesis,720575940631149372,R1-6,left,L2,3925,2327,0.5929,5196,yes,Use as a cell-type search term; require an observed exact pair before adding an edge,Homolog incidence is not an edge probability or a named target neuron
1173,C_type_hypothesis,720575940631184246,R1-6,left,L2,3925,2327,0.5929,5196,yes,Use as a cell-type search term; require an observed exact pair before adding an edge,Homolog incidence is not an edge probability or a named target neuron
1174,C_type_hypothesis,720575940631230167,R1-6,left,L2,3925,2327,0.5929,5196,yes,Use as a cell-type search term; require an observed exact pair before adding an edge,Homolog incidence is not an edge probability or a named target neuron
1175,C_type_hypothesis,720575940631292892,R1-6,left,L2,3925,2327,0.5929,5196,yes,Use as a cell-type search term; require an observed exact pair before adding an edge,Homolog incidence is not an edge probability or a named target neuron
1176,C_type_hypothesis,720575940631505260,R1-6,left,L2,3925,2327,0.5929,5196,yes,Use as a cell-type search term; require an observed exact pair before adding an edge,Homolog incidence is not an edge probability or a named target neuron
1177,C_type_hypothesis,720575940631515643,R1-6,left,L2,3925,2327,0.5929,5196,yes,Use as a cell-type search term; require an observed exact pair before adding an edge,Homolog incidence is not an edge probability or a named target neuron
1178,C_type_hypothesis,720575940631590393,R1-6,left,L2,3925,2327,0.5929,5196,yes,Use as a cell-type search term; require an observed exact pair before adding an edge,Homolog incidence is not an edge probability or a named target neuron
1179,C_type_hypothesis,720575940631926287,R1-6,left,L2,3925,2327,0.5929,5196,yes,Use as a cell-type search term; require an observed exact pair before adding an edge,Homolog incidence is not an edge probability or a named target neuron
1180,C_type_hypothesis,720575940631958287,R1-6,left,L2,3925,2327,0.5929,5196,yes,Use as a cell-type search term; require an observed exact pair before adding an edge,Homolog incidence is not an edge probability or a named target neuron
1181,C_type_hypothesis,720575940631959826,R1-6,left,L2,3925,2327,0.5929,5196,yes,Use as a cell-type search term; require an observed exact pair before adding an edge,Homolog incidence is not an edge probability or a named target neuron
1182,C_type_hypothesis,720575940632257091,R1-6,left,L2,3925,2327,0.5929,5196,yes,Use as a cell-type search term; require an observed exact pair before adding an edge,Homolog incidence is not an edge probability or a named target neuron
1183,C_type_hypothesis,720575940632266258,R1-6,left,L2,3925,2327,0.5929,5196,yes,Use as a cell-type search term; require an observed exact pair before adding an edge,Homolog incidence is not an edge probability or a named target neuron
1184,C_type_hypothesis,720575940632314955,R1-6,left,L2,3925,2327,0.5929,5196,yes,Use as a cell-type search term; require an observed exact pair before adding an edge,Homolog incidence is not an edge probability or a named target neuron
1185,C_type_hypothesis,720575940632346666,R1-6,left,L2,3925,2327,0.5929,5196,yes,Use as a cell-type search term; require an observed exact pair before adding an edge,Homolog incidence is not an edge probability or a named target neuron
1186,C_type_hypothesis,720575940632352104,R1-6,left,L2,3925,2327,0.5929,5196,yes,Use as a cell-type search term; require an observed exact pair before adding an edge,Homolog incidence is not an edge probability or a named target neuron
1187,C_type_hypothesis,720575940632357992,R1-6,left,L2,3925,2327,0.5929,5196,yes,Use as a cell-type search term; require an observed exact pair before adding an edge,Homolog incidence is not an edge probability or a named target neuron
1188,C_type_hypothesis,720575940632358504,R1-6,left,L2,3925,2327,0.5929,5196,yes,Use as a cell-type search term; require an observed exact pair before adding an edge,Homolog incidence is not an edge probability or a named target neuron
1189,C_type_hypothesis,720575940632425002,R1-6,left,L2,3925,2327,0.5929,5196,yes,Use as a cell-type search term; require an observed exact pair before adding an edge,Homolog incidence is not an edge probability or a named target neuron
1190,C_type_hypothesis,720575940632425258,R1-6,left,L2,3925,2327,0.5929,5196,yes,Use as a cell-type search term; require an observed exact pair before adding an edge,Homolog incidence is not an edge probability or a named target neuron
1191,C_type_hypothesis,720575940632436803,R1-6,left,L2,3925,2327,0.5929,5196,yes,Use as a cell-type search term; require an observed exact pair before adding an edge,Homolog incidence is not an edge probability or a named target neuron
1192,C_type_hypothesis,720575940632674444,R1-6,left,L2,3925,2327,0.5929,5196,yes,Use as a cell-type search term; require an observed exact pair before adding an edge,Homolog incidence is not an edge probability or a named target neuron
1193,C_type_hypothesis,720575940632687672,R1-6,left,L2,3925,2327,0.5929,5196,yes,Use as a cell-type search term; require an observed exact pair before adding an edge,Homolog incidence is not an edge probability or a named target neuron
1194,C_type_hypothesis,720575940632704303,R1-6,left,L2,3925,2327,0.5929,5196,yes,Use as a cell-type search term; require an observed exact pair before adding an edge,Homolog incidence is not an edge probability or a named target neuron
1195,C_type_hypothesis,720575940633220516,R1-6,left,L2,3925,2327,0.5929,5196,yes,Use as a cell-type search term; require an observed exact pair before adding an edge,Homolog incidence is not an edge probability or a named target neuron
1196,C_type_hypothesis,720575940633241764,R1-6,left,L2,3925,2327,0.5929,5196,yes,Use as a cell-type search term; require an observed exact pair before adding an edge,Homolog incidence is not an edge probability or a named target neuron
1197,C_type_hypothesis,720575940633457709,R1-6,left,L2,3925,2327,0.5929,5196,yes,Use as a cell-type search term; require an observed exact pair before adding an edge,Homolog incidence is not an edge probability or a named target neuron
1198,C_type_hypothesis,720575940633512908,R1-6,left,L2,3925,2327,0.5929,5196,yes,Use as a cell-type search term; require an observed exact pair before adding an edge,Homolog incidence is not an edge probability or a named target neuron
1199,C_type_hypothesis,720575940633517260,R1-6,left,L2,3925,2327,0.5929,5196,yes,Use as a cell-type search term; require an observed exact pair before adding an edge,Homolog incidence is not an edge probability or a named target neuron
1200,C_type_hypothesis,720575940633592996,R1-6,left,L2,3925,2327,0.5929,5196,yes,Use as a cell-type search term; require an observed exact pair before adding an edge,Homolog incidence is not an edge probability or a named target neuron
1201,C_type_hypothesis,720575940634246626,R1-6,left,L2,3925,2327,0.5929,5196,yes,Use as a cell-type search term; require an observed exact pair before adding an edge,Homolog incidence is not an edge probability or a named target neuron
1202,C_type_hypothesis,720575940634643993,R1-6,left,L2,3925,2327,0.5929,5196,yes,Use as a cell-type search term; require an observed exact pair before adding an edge,Homolog incidence is not an edge probability or a named target neuron
1203,C_type_hypothesis,720575940634857884,R1-6,left,L2,3925,2327,0.5929,5196,yes,Use as a cell-type search term; require an observed exact pair before adding an edge,Homolog incidence is not an edge probability or a named target neuron
1204,C_type_hypothesis,720575940634947484,R1-6,left,L2,3925,2327,0.5929,5196,yes,Use as a cell-type search term; require an observed exact pair before adding an edge,Homolog incidence is not an edge probability or a named target neuron
1205,C_type_hypothesis,720575940635440235,R1-6,left,L2,3925,2327,0.5929,5196,yes,Use as a cell-type search term; require an observed exact pair before adding an edge,Homolog incidence is not an edge probability or a named target neuron
1206,C_type_hypothesis,720575940636021855,R1-6,left,L2,3925,2327,0.5929,5196,yes,Use as a cell-type search term; require an observed exact pair before adding an edge,Homolog incidence is not an edge probability or a named target neuron
1207,C_type_hypothesis,720575940636156596,R1-6,left,L2,3925,2327,0.5929,5196,yes,Use as a cell-type search term; require an observed exact pair before adding an edge,Homolog incidence is not an edge probability or a named target neuron
1208,C_type_hypothesis,720575940636168116,R1-6,left,L2,3925,2327,0.5929,5196,yes,Use as a cell-type search term; require an observed exact pair before adding an edge,Homolog incidence is not an edge probability or a named target neuron
1209,C_type_hypothesis,720575940636169464,R1-6,left,L2,3925,2327,0.5929,5196,yes,Use as a cell-type search term; require an observed exact pair before adding an edge,Homolog incidence is not an edge probability or a named target neuron
1210,C_type_hypothesis,720575940636176888,R1-6,left,L2,3925,2327,0.5929,5196,yes,Use as a cell-type search term; require an observed exact pair before adding an edge,Homolog incidence is not an edge probability or a named target neuron
1211,C_type_hypothesis,720575940636191480,R1-6,left,L2,3925,2327,0.5929,5196,yes,Use as a cell-type search term; require an observed exact pair before adding an edge,Homolog incidence is not an edge probability or a named target neuron
1212,C_type_hypothesis,720575940636208052,R1-6,left,L2,3925,2327,0.5929,5196,yes,Use as a cell-type search term; require an observed exact pair before adding an edge,Homolog incidence is not an edge probability or a named target neuron
1213,C_type_hypothesis,720575940636893303,R1-6,left,L2,3925,2327,0.5929,5196,yes,Use as a cell-type search term; require an observed exact pair before adding an edge,Homolog incidence is not an edge probability or a named target neuron
1214,C_type_hypothesis,720575940637125239,R1-6,left,L2,3925,2327,0.5929,5196,yes,Use as a cell-type search term; require an observed exact pair before adding an edge,Homolog incidence is not an edge probability or a named target neuron
1215,C_type_hypothesis,720575940637782958,R1-6,left,L2,3925,2327,0.5929,5196,yes,Use as a cell-type search term; require an observed exact pair before adding an edge,Homolog incidence is not an edge probability or a named target neuron
1216,C_type_hypothesis,720575940638004080,R1-6,left,L2,3925,2327,0.5929,5196,yes,Use as a cell-type search term; require an observed exact pair before adding an edge,Homolog incidence is not an edge probability or a named target neuron
1217,C_type_hypothesis,720575940638078832,R1-6,left,L2,3925,2327,0.5929,5196,yes,Use as a cell-type search term; require an observed exact pair before adding an edge,Homolog incidence is not an edge probability or a named target neuron
1218,C_type_hypothesis,720575940638523994,R1-6,left,L2,3925,2327,0.5929,5196,yes,Use as a cell-type search term; require an observed exact pair before adding an edge,Homolog incidence is not an edge probability or a named target neuron
1219,C_type_hypothesis,720575940638556382,R1-6,left,L2,3925,2327,0.5929,5196,yes,Use as a cell-type search term; require an observed exact pair before adding an edge,Homolog incidence is not an edge probability or a named target neuron
1220,C_type_hypothesis,720575940638577215,R1-6,left,L2,3925,2327,0.5929,5196,yes,Use as a cell-type search term; require an observed exact pair before adding an edge,Homolog incidence is not an edge probability or a named target neuron
1221,C_type_hypothesis,720575940638684649,R1-6,left,L2,3925,2327,0.5929,5196,yes,Use as a cell-type search term; require an observed exact pair before adding an edge,Homolog incidence is not an edge probability or a named target neuron
1222,C_type_hypothesis,720575940638711359,R1-6,left,L2,3925,2327,0.5929,5196,yes,Use as a cell-type search term; require an observed exact pair before adding an edge,Homolog incidence is not an edge probability or a named target neuron
1223,C_type_hypothesis,720575940638712127,R1-6,left,L2,3925,2327,0.5929,5196,yes,Use as a cell-type search term; require an observed exact pair before adding an edge,Homolog incidence is not an edge probability or a named target neuron
1224,C_type_hypothesis,720575940638713407,R1-6,left,L2,3925,2327,0.5929,5196,yes,Use as a cell-type search term; require an observed exact pair before adding an edge,Homolog incidence is not an edge probability or a named target neuron
1225,C_type_hypothesis,720575940638759999,R1-6,left,L2,3925,2327,0.5929,5196,yes,Use as a cell-type search term; require an observed exact pair before adding an edge,Homolog incidence is not an edge probability or a named target neuron
1226,C_type_hypothesis,720575940638820442,R1-6,left,L2,3925,2327,0.5929,5196,yes,Use as a cell-type search term; require an observed exact pair before adding an edge,Homolog incidence is not an edge probability or a named target neuron
1227,C_type_hypothesis,720575940638872553,R1-6,left,L2,3925,2327,0.5929,5196,yes,Use as a cell-type search term; require an observed exact pair before adding an edge,Homolog incidence is not an edge probability or a named target neuron
1228,C_type_hypothesis,720575940639049193,R1-6,left,L2,3925,2327,0.5929,5196,yes,Use as a cell-type search term; require an observed exact pair before adding an edge,Homolog incidence is not an edge probability or a named target neuron
1229,C_type_hypothesis,720575940639657661,R1-6,left,L2,3925,2327,0.5929,5196,yes,Use as a cell-type search term; require an observed exact pair before adding an edge,Homolog incidence is not an edge probability or a named target neuron
1230,C_type_hypothesis,720575940639783989,R1-6,left,L2,3925,2327,0.5929,5196,yes,Use as a cell-type search term; require an observed exact pair before adding an edge,Homolog incidence is not an edge probability or a named target neuron
1231,C_type_hypothesis,720575940639787061,R1-6,left,L2,3925,2327,0.5929,5196,yes,Use as a cell-type search term; require an observed exact pair before adding an edge,Homolog incidence is not an edge probability or a named target neuron
1232,C_type_hypothesis,720575940639884622,R1-6,left,L2,3925,2327,0.5929,5196,yes,Use as a cell-type search term; require an observed exact pair before adding an edge,Homolog incidence is not an edge probability or a named target neuron
1233,C_type_hypothesis,720575940640193614,R1-6,left,L2,3925,2327,0.5929,5196,yes,Use as a cell-type search term; require an observed exact pair before adding an edge,Homolog incidence is not an edge probability or a named target neuron
1234,C_type_hypothesis,720575940640196413,R1-6,left,L2,3925,2327,0.5929,5196,yes,Use as a cell-type search term; require an observed exact pair before adding an edge,Homolog incidence is not an edge probability or a named target neuron
1235,C_type_hypothesis,720575940640197949,R1-6,left,L2,3925,2327,0.5929,5196,yes,Use as a cell-type search term; require an observed exact pair before adding an edge,Homolog incidence is not an edge probability or a named target neuron
1236,C_type_hypothesis,720575940640287310,R1-6,left,L2,3925,2327,0.5929,5196,yes,Use as a cell-type search term; require an observed exact pair before adding an edge,Homolog incidence is not an edge probability or a named target neuron
1237,C_type_hypothesis,720575940640297075,R1-6,left,L2,3925,2327,0.5929,5196,yes,Use as a cell-type search term; require an observed exact pair before adding an edge,Homolog incidence is not an edge probability or a named target neuron
1238,C_type_hypothesis,720575940640480856,R1-6,left,L2,3925,2327,0.5929,5196,yes,Use as a cell-type search term; require an observed exact pair before adding an edge,Homolog incidence is not an edge probability or a named target neuron
1239,C_type_hypothesis,720575940640525144,R1-6,left,L2,3925,2327,0.5929,5196,yes,Use as a cell-type search term; require an observed exact pair before adding an edge,Homolog incidence is not an edge probability or a named target neuron
1240,C_type_hypothesis,720575940640780160,R1-6,left,L2,3925,2327,0.5929,5196,yes,Use as a cell-type search term; require an observed exact pair before adding an edge,Homolog incidence is not an edge probability or a named target neuron
1241,C_type_hypothesis,720575940641249232,R1-6,left,L2,3925,2327,0.5929,5196,yes,Use as a cell-type search term; require an observed exact pair before adding an edge,Homolog incidence is not an edge probability or a named target neuron
1242,C_type_hypothesis,720575940641271504,R1-6,left,L2,3925,2327,0.5929,5196,yes,Use as a cell-type search term; require an observed exact pair before adding an edge,Homolog incidence is not an edge probability or a named target neuron
1243,C_type_hypothesis,720575940641277904,R1-6,left,L2,3925,2327,0.5929,5196,yes,Use as a cell-type search term; require an observed exact pair before adding an edge,Homolog incidence is not an edge probability or a named target neuron
1244,C_type_hypothesis,720575940641599184,R1-6,left,L2,3925,2327,0.5929,5196,yes,Use as a cell-type search term; require an observed exact pair before adding an edge,Homolog incidence is not an edge probability or a named target neuron
1245,C_type_hypothesis,720575940642527451,R1-6,left,L2,3925,2327,0.5929,5196,yes,Use as a cell-type search term; require an observed exact pair before adding an edge,Homolog incidence is not an edge probability or a named target neuron
1246,C_type_hypothesis,720575940642532827,R1-6,left,L2,3925,2327,0.5929,5196,yes,Use as a cell-type search term; require an observed exact pair before adding an edge,Homolog incidence is not an edge probability or a named target neuron
1247,C_type_hypothesis,720575940642539995,R1-6,left,L2,3925,2327,0.5929,5196,yes,Use as a cell-type search term; require an observed exact pair before adding an edge,Homolog incidence is not an edge probability or a named target neuron
1248,C_type_hypothesis,720575940642891405,R1-6,left,L2,3925,2327,0.5929,5196,yes,Use as a cell-type search term; require an observed exact pair before adding an edge,Homolog incidence is not an edge probability or a named target neuron
1249,C_type_hypothesis,720575940643079309,R1-6,left,L2,3925,2327,0.5929,5196,yes,Use as a cell-type search term; require an observed exact pair before adding an edge,Homolog incidence is not an edge probability or a named target neuron
1250,C_type_hypothesis,720575940645837335,R1-6,left,L2,3925,2327,0.5929,5196,yes,Use as a cell-type search term; require an observed exact pair before adding an edge,Homolog incidence is not an edge probability or a named target neuron
1251,C_type_hypothesis,720575940646253422,R1-6,left,L2,3925,2327,0.5929,5196,yes,Use as a cell-type search term; require an observed exact pair before adding an edge,Homolog incidence is not an edge probability or a named target neuron
1252,C_type_hypothesis,720575940646392942,R1-6,left,L2,3925,2327,0.5929,5196,yes,Use as a cell-type search term; require an observed exact pair before adding an edge,Homolog incidence is not an edge probability or a named target neuron
1253,C_type_hypothesis,720575940646803747,R1-6,left,L2,3925,2327,0.5929,5196,yes,Use as a cell-type search term; require an observed exact pair before adding an edge,Homolog incidence is not an edge probability or a named target neuron
1254,C_type_hypothesis,720575940647021091,R1-6,left,L2,3925,2327,0.5929,5196,yes,Use as a cell-type search term; require an observed exact pair before adding an edge,Homolog incidence is not an edge probability or a named target neuron
1255,C_type_hypothesis,720575940647077411,R1-6,left,L2,3925,2327,0.5929,5196,yes,Use as a cell-type search term; require an observed exact pair before adding an edge,Homolog incidence is not an edge probability or a named target neuron
1256,C_type_hypothesis,720575940647962500,R1-6,left,L2,3925,2327,0.5929,5196,yes,Use as a cell-type search term; require an observed exact pair before adding an edge,Homolog incidence is not an edge probability or a named target neuron
1257,C_type_hypothesis,720575940648163972,R1-6,left,L2,3925,2327,0.5929,5196,yes,Use as a cell-type search term; require an observed exact pair before adding an edge,Homolog incidence is not an edge probability or a named target neuron
1258,C_type_hypothesis,720575940650447993,R1-6,left,L2,3925,2327,0.5929,5196,yes,Use as a cell-type search term; require an observed exact pair before adding an edge,Homolog incidence is not an edge probability or a named target neuron
1259,C_type_hypothesis,720575940653106422,R1-6,left,L2,3925,2327,0.5929,5196,yes,Use as a cell-type search term; require an observed exact pair before adding an edge,Homolog incidence is not an edge probability or a named target neuron
1260,C_type_hypothesis,720575940661099137,R1-6,left,L2,3925,2327,0.5929,5196,yes,Use as a cell-type search term; require an observed exact pair before adding an edge,Homolog incidence is not an edge probability or a named target neuron
1261,C_type_hypothesis,720575940609703179,R7,right,Dm2,669,374,0.559,362,yes,Use as a cell-type search term; require an observed exact pair before adding an edge,Homolog incidence is not an edge probability or a named target neuron
1262,C_type_hypothesis,720575940623940963,R7,right,Dm2,669,374,0.559,362,yes,Use as a cell-type search term; require an observed exact pair before adding an edge,Homolog incidence is not an edge probability or a named target neuron
1263,C_type_hypothesis,720575940624501747,JO-EVM,left,CB2664,43,24,0.5581,,no,Use as a cell-type search term; require an observed exact pair before adding an edge,Homolog incidence is not an edge probability or a named target neuron
1264,C_type_hypothesis,720575940609622281,R8,left,Mi4,653,358,0.5482,505,yes,Use as a cell-type search term; require an observed exact pair before adding an edge,Homolog incidence is not an edge probability or a named target neuron
1265,C_type_hypothesis,720575940612326606,R8,left,Mi4,653,358,0.5482,505,yes,Use as a cell-type search term; require an observed exact pair before adding an edge,Homolog incidence is not an edge probability or a named target neuron
1266,C_type_hypothesis,720575940614218989,R8,left,Mi4,653,358,0.5482,505,yes,Use as a cell-type search term; require an observed exact pair before adding an edge,Homolog incidence is not an edge probability or a named target neuron
1267,C_type_hypothesis,720575940617768587,R8,left,Mi4,653,358,0.5482,505,yes,Use as a cell-type search term; require an observed exact pair before adding an edge,Homolog incidence is not an edge probability or a named target neuron
1268,C_type_hypothesis,720575940621338246,R8,left,Mi4,653,358,0.5482,505,yes,Use as a cell-type search term; require an observed exact pair before adding an edge,Homolog incidence is not an edge probability or a named target neuron
1269,C_type_hypothesis,720575940621544175,R8,left,Mi4,653,358,0.5482,505,yes,Use as a cell-type search term; require an observed exact pair before adding an edge,Homolog incidence is not an edge probability or a named target neuron
1270,C_type_hypothesis,720575940629636713,R8,left,Mi4,653,358,0.5482,505,yes,Use as a cell-type search term; require an observed exact pair before adding an edge,Homolog incidence is not an edge probability or a named target neuron
1271,C_type_hypothesis,720575940632280338,R8,left,Mi4,653,358,0.5482,505,yes,Use as a cell-type search term; require an observed exact pair before adding an edge,Homolog incidence is not an edge probability or a named target neuron
1272,C_type_hypothesis,720575940623151565,JO-F,right,DNg15,80,43,0.5375,,no,Use as a cell-type search term; require an observed exact pair before adding an edge,Homolog incidence is not an edge probability or a named target neuron
1273,C_type_hypothesis,720575940625912250,JO-F,right,DNg15,80,43,0.5375,,no,Use as a cell-type search term; require an observed exact pair before adding an edge,Homolog incidence is not an edge probability or a named target neuron
1274,C_type_hypothesis,720575940625929765,JO-F,right,DNg15,80,43,0.5375,,no,Use as a cell-type search term; require an observed exact pair before adding an edge,Homolog incidence is not an edge probability or a named target neuron
1275,C_type_hypothesis,720575940631769845,JO-F,right,DNg15,80,43,0.5375,,no,Use as a cell-type search term; require an observed exact pair before adding an edge,Homolog incidence is not an edge probability or a named target neuron
1276,C_type_hypothesis,720575940647404932,JO-F,right,DNg15,80,43,0.5375,,no,Use as a cell-type search term; require an observed exact pair before adding an edge,Homolog incidence is not an edge probability or a named target neuron
1277,C_type_hypothesis,720575940609622281,R8,left,Mi15,653,349,0.5345,469,yes,Use as a cell-type search term; require an observed exact pair before adding an edge,Homolog incidence is not an edge probability or a named target neuron
1278,C_type_hypothesis,720575940612326606,R8,left,Mi15,653,349,0.5345,469,yes,Use as a cell-type search term; require an observed exact pair before adding an edge,Homolog incidence is not an edge probability or a named target neuron
1279,C_type_hypothesis,720575940614218989,R8,left,Mi15,653,349,0.5345,469,yes,Use as a cell-type search term; require an observed exact pair before adding an edge,Homolog incidence is not an edge probability or a named target neuron
1280,C_type_hypothesis,720575940617768587,R8,left,Mi15,653,349,0.5345,469,yes,Use as a cell-type search term; require an observed exact pair before adding an edge,Homolog incidence is not an edge probability or a named target neuron
1281,C_type_hypothesis,720575940621338246,R8,left,Mi15,653,349,0.5345,469,yes,Use as a cell-type search term; require an observed exact pair before adding an edge,Homolog incidence is not an edge probability or a named target neuron
1282,C_type_hypothesis,720575940621544175,R8,left,Mi15,653,349,0.5345,469,yes,Use as a cell-type search term; require an observed exact pair before adding an edge,Homolog incidence is not an edge probability or a named target neuron
1283,C_type_hypothesis,720575940629636713,R8,left,Mi15,653,349,0.5345,469,yes,Use as a cell-type search term; require an observed exact pair before adding an edge,Homolog incidence is not an edge probability or a named target neuron
1284,C_type_hypothesis,720575940632280338,R8,left,Mi15,653,349,0.5345,469,yes,Use as a cell-type search term; require an observed exact pair before adding an edge,Homolog incidence is not an edge probability or a named target neuron
1285,C_type_hypothesis,720575940632884792,Lawf1,left,L2,196,102,0.5204,1515,no,Use as a cell-type search term; require an observed exact pair before adding an edge,Homolog incidence is not an edge probability or a named target neuron
1286,C_type_hypothesis,720575940639655238,Lawf1,left,L2,196,102,0.5204,1515,no,Use as a cell-type search term; require an observed exact pair before adding an edge,Homolog incidence is not an edge probability or a named target neuron
1287,C_type_hypothesis,720575940623151565,JO-F,right,JO-F,80,41,0.5125,,no,Use as a cell-type search term; require an observed exact pair before adding an edge,Homolog incidence is not an edge probability or a named target neuron
1288,C_type_hypothesis,720575940625912250,JO-F,right,JO-F,80,41,0.5125,,no,Use as a cell-type search term; require an observed exact pair before adding an edge,Homolog incidence is not an edge probability or a named target neuron
1289,C_type_hypothesis,720575940625929765,JO-F,right,JO-F,80,41,0.5125,,no,Use as a cell-type search term; require an observed exact pair before adding an edge,Homolog incidence is not an edge probability or a named target neuron
1290,C_type_hypothesis,720575940631769845,JO-F,right,JO-F,80,41,0.5125,,no,Use as a cell-type search term; require an observed exact pair before adding an edge,Homolog incidence is not an edge probability or a named target neuron
1291,C_type_hypothesis,720575940647404932,JO-F,right,JO-F,80,41,0.5125,,no,Use as a cell-type search term; require an observed exact pair before adding an edge,Homolog incidence is not an edge probability or a named target neuron
1292,C_type_hypothesis,720575940620320193,JO-EV,left,DNg29,22,11,0.5,,no,Use as a cell-type search term; require an observed exact pair before adding an edge,Homolog incidence is not an edge probability or a named target neuron
1293,C_type_hypothesis,720575940609703179,R7,right,L3,669,329,0.4918,289,yes,Use as a cell-type search term; require an observed exact pair before adding an edge,Homolog incidence is not an edge probability or a named target neuron
1294,C_type_hypothesis,720575940623940963,R7,right,L3,669,329,0.4918,289,yes,Use as a cell-type search term; require an observed exact pair before adding an edge,Homolog incidence is not an edge probability or a named target neuron
1295,C_type_hypothesis,720575940605634220,R1-6,left,L3,3925,1910,0.4866,3803,yes,Use as a cell-type search term; require an observed exact pair before adding an edge,Homolog incidence is not an edge probability or a named target neuron
1296,C_type_hypothesis,720575940606007280,R1-6,left,L3,3925,1910,0.4866,3803,yes,Use as a cell-type search term; require an observed exact pair before adding an edge,Homolog incidence is not an edge probability or a named target neuron
1297,C_type_hypothesis,720575940606022128,R1-6,left,L3,3925,1910,0.4866,3803,yes,Use as a cell-type search term; require an observed exact pair before adding an edge,Homolog incidence is not an edge probability or a named target neuron
1298,C_type_hypothesis,720575940606180896,R1-6,left,L3,3925,1910,0.4866,3803,yes,Use as a cell-type search term; require an observed exact pair before adding an edge,Homolog incidence is not an edge probability or a named target neuron
1299,C_type_hypothesis,720575940606245822,R1-6,left,L3,3925,1910,0.4866,3803,yes,Use as a cell-type search term; require an observed exact pair before adding an edge,Homolog incidence is not an edge probability or a named target neuron
1300,C_type_hypothesis,720575940606292326,R1-6,left,L3,3925,1910,0.4866,3803,yes,Use as a cell-type search term; require an observed exact pair before adding an edge,Homolog incidence is not an edge probability or a named target neuron
1301,C_type_hypothesis,720575940606292582,R1-6,left,L3,3925,1910,0.4866,3803,yes,Use as a cell-type search term; require an observed exact pair before adding an edge,Homolog incidence is not an edge probability or a named target neuron
1302,C_type_hypothesis,720575940606578790,R1-6,left,L3,3925,1910,0.4866,3803,yes,Use as a cell-type search term; require an observed exact pair before adding an edge,Homolog incidence is not an edge probability or a named target neuron
1303,C_type_hypothesis,720575940606630590,R1-6,left,L3,3925,1910,0.4866,3803,yes,Use as a cell-type search term; require an observed exact pair before adding an edge,Homolog incidence is not an edge probability or a named target neuron
1304,C_type_hypothesis,720575940606631102,R1-6,left,L3,3925,1910,0.4866,3803,yes,Use as a cell-type search term; require an observed exact pair before adding an edge,Homolog incidence is not an edge probability or a named target neuron
1305,C_type_hypothesis,720575940606679742,R1-6,left,L3,3925,1910,0.4866,3803,yes,Use as a cell-type search term; require an observed exact pair before adding an edge,Homolog incidence is not an edge probability or a named target neuron
1306,C_type_hypothesis,720575940606872816,R1-6,left,L3,3925,1910,0.4866,3803,yes,Use as a cell-type search term; require an observed exact pair before adding an edge,Homolog incidence is not an edge probability or a named target neuron
1307,C_type_hypothesis,720575940606928561,R1-6,left,L3,3925,1910,0.4866,3803,yes,Use as a cell-type search term; require an observed exact pair before adding an edge,Homolog incidence is not an edge probability or a named target neuron
1308,C_type_hypothesis,720575940606930865,R1-6,left,L3,3925,1910,0.4866,3803,yes,Use as a cell-type search term; require an observed exact pair before adding an edge,Homolog incidence is not an edge probability or a named target neuron
1309,C_type_hypothesis,720575940607808130,R1-6,left,L3,3925,1910,0.4866,3803,yes,Use as a cell-type search term; require an observed exact pair before adding an edge,Homolog incidence is not an edge probability or a named target neuron
1310,C_type_hypothesis,720575940608224178,R1-6,left,L3,3925,1910,0.4866,3803,yes,Use as a cell-type search term; require an observed exact pair before adding an edge,Homolog incidence is not an edge probability or a named target neuron
1311,C_type_hypothesis,720575940608903260,R1-6,left,L3,3925,1910,0.4866,3803,yes,Use as a cell-type search term; require an observed exact pair before adding an edge,Homolog incidence is not an edge probability or a named target neuron
1312,C_type_hypothesis,720575940608989276,R1-6,left,L3,3925,1910,0.4866,3803,yes,Use as a cell-type search term; require an observed exact pair before adding an edge,Homolog incidence is not an edge probability or a named target neuron
1313,C_type_hypothesis,720575940609220873,R1-6,left,L3,3925,1910,0.4866,3803,yes,Use as a cell-type search term; require an observed exact pair before adding an edge,Homolog incidence is not an edge probability or a named target neuron
1314,C_type_hypothesis,720575940609221900,R1-6,left,L3,3925,1910,0.4866,3803,yes,Use as a cell-type search term; require an observed exact pair before adding an edge,Homolog incidence is not an edge probability or a named target neuron
1315,C_type_hypothesis,720575940609518091,R1-6,left,L3,3925,1910,0.4866,3803,yes,Use as a cell-type search term; require an observed exact pair before adding an edge,Homolog incidence is not an edge probability or a named target neuron
1316,C_type_hypothesis,720575940609748437,R1-6,left,L3,3925,1910,0.4866,3803,yes,Use as a cell-type search term; require an observed exact pair before adding an edge,Homolog incidence is not an edge probability or a named target neuron
1317,C_type_hypothesis,720575940609782027,R1-6,left,L3,3925,1910,0.4866,3803,yes,Use as a cell-type search term; require an observed exact pair before adding an edge,Homolog incidence is not an edge probability or a named target neuron
1318,C_type_hypothesis,720575940609782283,R1-6,left,L3,3925,1910,0.4866,3803,yes,Use as a cell-type search term; require an observed exact pair before adding an edge,Homolog incidence is not an edge probability or a named target neuron
1319,C_type_hypothesis,720575940609970371,R1-6,left,L3,3925,1910,0.4866,3803,yes,Use as a cell-type search term; require an observed exact pair before adding an edge,Homolog incidence is not an edge probability or a named target neuron
1320,C_type_hypothesis,720575940609972675,R1-6,left,L3,3925,1910,0.4866,3803,yes,Use as a cell-type search term; require an observed exact pair before adding an edge,Homolog incidence is not an edge probability or a named target neuron
1321,C_type_hypothesis,720575940610004675,R1-6,left,L3,3925,1910,0.4866,3803,yes,Use as a cell-type search term; require an observed exact pair before adding an edge,Homolog incidence is not an edge probability or a named target neuron
1322,C_type_hypothesis,720575940610073940,R1-6,left,L3,3925,1910,0.4866,3803,yes,Use as a cell-type search term; require an observed exact pair before adding an edge,Homolog incidence is not an edge probability or a named target neuron
1323,C_type_hypothesis,720575940610188669,R1-6,left,L3,3925,1910,0.4866,3803,yes,Use as a cell-type search term; require an observed exact pair before adding an edge,Homolog incidence is not an edge probability or a named target neuron
1324,C_type_hypothesis,720575940610759764,R1-6,left,L3,3925,1910,0.4866,3803,yes,Use as a cell-type search term; require an observed exact pair before adding an edge,Homolog incidence is not an edge probability or a named target neuron
1325,C_type_hypothesis,720575940610761300,R1-6,left,L3,3925,1910,0.4866,3803,yes,Use as a cell-type search term; require an observed exact pair before adding an edge,Homolog incidence is not an edge probability or a named target neuron
1326,C_type_hypothesis,720575940610948164,R1-6,left,L3,3925,1910,0.4866,3803,yes,Use as a cell-type search term; require an observed exact pair before adding an edge,Homolog incidence is not an edge probability or a named target neuron
1327,C_type_hypothesis,720575940610973252,R1-6,left,L3,3925,1910,0.4866,3803,yes,Use as a cell-type search term; require an observed exact pair before adding an edge,Homolog incidence is not an edge probability or a named target neuron
1328,C_type_hypothesis,720575940611539666,R1-6,left,L3,3925,1910,0.4866,3803,yes,Use as a cell-type search term; require an observed exact pair before adding an edge,Homolog incidence is not an edge probability or a named target neuron
1329,C_type_hypothesis,720575940611801976,R1-6,left,L3,3925,1910,0.4866,3803,yes,Use as a cell-type search term; require an observed exact pair before adding an edge,Homolog incidence is not an edge probability or a named target neuron
1330,C_type_hypothesis,720575940611982690,R1-6,left,L3,3925,1910,0.4866,3803,yes,Use as a cell-type search term; require an observed exact pair before adding an edge,Homolog incidence is not an edge probability or a named target neuron
1331,C_type_hypothesis,720575940612354196,R1-6,left,L3,3925,1910,0.4866,3803,yes,Use as a cell-type search term; require an observed exact pair before adding an edge,Homolog incidence is not an edge probability or a named target neuron
1332,C_type_hypothesis,720575940612688789,R1-6,left,L3,3925,1910,0.4866,3803,yes,Use as a cell-type search term; require an observed exact pair before adding an edge,Homolog incidence is not an edge probability or a named target neuron
1333,C_type_hypothesis,720575940612706778,R1-6,left,L3,3925,1910,0.4866,3803,yes,Use as a cell-type search term; require an observed exact pair before adding an edge,Homolog incidence is not an edge probability or a named target neuron
1334,C_type_hypothesis,720575940612888026,R1-6,left,L3,3925,1910,0.4866,3803,yes,Use as a cell-type search term; require an observed exact pair before adding an edge,Homolog incidence is not an edge probability or a named target neuron
1335,C_type_hypothesis,720575940612910578,R1-6,left,L3,3925,1910,0.4866,3803,yes,Use as a cell-type search term; require an observed exact pair before adding an edge,Homolog incidence is not an edge probability or a named target neuron
1336,C_type_hypothesis,720575940612970202,R1-6,left,L3,3925,1910,0.4866,3803,yes,Use as a cell-type search term; require an observed exact pair before adding an edge,Homolog incidence is not an edge probability or a named target neuron
1337,C_type_hypothesis,720575940613055194,R1-6,left,L3,3925,1910,0.4866,3803,yes,Use as a cell-type search term; require an observed exact pair before adding an edge,Homolog incidence is not an edge probability or a named target neuron
1338,C_type_hypothesis,720575940613138674,R1-6,left,L3,3925,1910,0.4866,3803,yes,Use as a cell-type search term; require an observed exact pair before adding an edge,Homolog incidence is not an edge probability or a named target neuron
1339,C_type_hypothesis,720575940613270642,R1-6,left,L3,3925,1910,0.4866,3803,yes,Use as a cell-type search term; require an observed exact pair before adding an edge,Homolog incidence is not an edge probability or a named target neuron
1340,C_type_hypothesis,720575940613465366,R1-6,left,L3,3925,1910,0.4866,3803,yes,Use as a cell-type search term; require an observed exact pair before adding an edge,Homolog incidence is not an edge probability or a named target neuron
1341,C_type_hypothesis,720575940613466134,R1-6,left,L3,3925,1910,0.4866,3803,yes,Use as a cell-type search term; require an observed exact pair before adding an edge,Homolog incidence is not an edge probability or a named target neuron
1342,C_type_hypothesis,720575940613466853,R1-6,left,L3,3925,1910,0.4866,3803,yes,Use as a cell-type search term; require an observed exact pair before adding an edge,Homolog incidence is not an edge probability or a named target neuron
1343,C_type_hypothesis,720575940613468389,R1-6,left,L3,3925,1910,0.4866,3803,yes,Use as a cell-type search term; require an observed exact pair before adding an edge,Homolog incidence is not an edge probability or a named target neuron
1344,C_type_hypothesis,720575940613476581,R1-6,left,L3,3925,1910,0.4866,3803,yes,Use as a cell-type search term; require an observed exact pair before adding an edge,Homolog incidence is not an edge probability or a named target neuron
1345,C_type_hypothesis,720575940613486762,R1-6,left,L3,3925,1910,0.4866,3803,yes,Use as a cell-type search term; require an observed exact pair before adding an edge,Homolog incidence is not an edge probability or a named target neuron
1346,C_type_hypothesis,720575940613582996,R1-6,left,L3,3925,1910,0.4866,3803,yes,Use as a cell-type search term; require an observed exact pair before adding an edge,Homolog incidence is not an edge probability or a named target neuron
1347,C_type_hypothesis,720575940613823090,R1-6,left,L3,3925,1910,0.4866,3803,yes,Use as a cell-type search term; require an observed exact pair before adding an edge,Homolog incidence is not an edge probability or a named target neuron
1348,C_type_hypothesis,720575940614194925,R1-6,left,L3,3925,1910,0.4866,3803,yes,Use as a cell-type search term; require an observed exact pair before adding an edge,Homolog incidence is not an edge probability or a named target neuron
1349,C_type_hypothesis,720575940614197485,R1-6,left,L3,3925,1910,0.4866,3803,yes,Use as a cell-type search term; require an observed exact pair before adding an edge,Homolog incidence is not an edge probability or a named target neuron
1350,C_type_hypothesis,720575940614199789,R1-6,left,L3,3925,1910,0.4866,3803,yes,Use as a cell-type search term; require an observed exact pair before adding an edge,Homolog incidence is not an edge probability or a named target neuron
1351,C_type_hypothesis,720575940614200557,R1-6,left,L3,3925,1910,0.4866,3803,yes,Use as a cell-type search term; require an observed exact pair before adding an edge,Homolog incidence is not an edge probability or a named target neuron
1352,C_type_hypothesis,720575940614309736,R1-6,left,L3,3925,1910,0.4866,3803,yes,Use as a cell-type search term; require an observed exact pair before adding an edge,Homolog incidence is not an edge probability or a named target neuron
1353,C_type_hypothesis,720575940614567855,R1-6,left,L3,3925,1910,0.4866,3803,yes,Use as a cell-type search term; require an observed exact pair before adding an edge,Homolog incidence is not an edge probability or a named target neuron
1354,C_type_hypothesis,720575940614634927,R1-6,left,L3,3925,1910,0.4866,3803,yes,Use as a cell-type search term; require an observed exact pair before adding an edge,Homolog incidence is not an edge probability or a named target neuron
1355,C_type_hypothesis,720575940614641000,R1-6,left,L3,3925,1910,0.4866,3803,yes,Use as a cell-type search term; require an observed exact pair before adding an edge,Homolog incidence is not an edge probability or a named target neuron
1356,C_type_hypothesis,720575940614849967,R1-6,left,L3,3925,1910,0.4866,3803,yes,Use as a cell-type search term; require an observed exact pair before adding an edge,Homolog incidence is not an edge probability or a named target neuron
1357,C_type_hypothesis,720575940614951377,R1-6,left,L3,3925,1910,0.4866,3803,yes,Use as a cell-type search term; require an observed exact pair before adding an edge,Homolog incidence is not an edge probability or a named target neuron
1358,C_type_hypothesis,720575940615103998,R1-6,left,L3,3925,1910,0.4866,3803,yes,Use as a cell-type search term; require an observed exact pair before adding an edge,Homolog incidence is not an edge probability or a named target neuron
1359,C_type_hypothesis,720575940615196839,R1-6,left,L3,3925,1910,0.4866,3803,yes,Use as a cell-type search term; require an observed exact pair before adding an edge,Homolog incidence is not an edge probability or a named target neuron
1360,C_type_hypothesis,720575940615234001,R1-6,left,L3,3925,1910,0.4866,3803,yes,Use as a cell-type search term; require an observed exact pair before adding an edge,Homolog incidence is not an edge probability or a named target neuron
1361,C_type_hypothesis,720575940615322514,R1-6,left,L3,3925,1910,0.4866,3803,yes,Use as a cell-type search term; require an observed exact pair before adding an edge,Homolog incidence is not an edge probability or a named target neuron
1362,C_type_hypothesis,720575940615556498,R1-6,left,L3,3925,1910,0.4866,3803,yes,Use as a cell-type search term; require an observed exact pair before adding an edge,Homolog incidence is not an edge probability or a named target neuron
1363,C_type_hypothesis,720575940615642786,R1-6,left,L3,3925,1910,0.4866,3803,yes,Use as a cell-type search term; require an observed exact pair before adding an edge,Homolog incidence is not an edge probability or a named target neuron
1364,C_type_hypothesis,720575940615650666,R1-6,left,L3,3925,1910,0.4866,3803,yes,Use as a cell-type search term; require an observed exact pair before adding an edge,Homolog incidence is not an edge probability or a named target neuron
1365,C_type_hypothesis,720575940615855510,R1-6,left,L3,3925,1910,0.4866,3803,yes,Use as a cell-type search term; require an observed exact pair before adding an edge,Homolog incidence is not an edge probability or a named target neuron
1366,C_type_hypothesis,720575940615905247,R1-6,left,L3,3925,1910,0.4866,3803,yes,Use as a cell-type search term; require an observed exact pair before adding an edge,Homolog incidence is not an edge probability or a named target neuron
1367,C_type_hypothesis,720575940615927263,R1-6,left,L3,3925,1910,0.4866,3803,yes,Use as a cell-type search term; require an observed exact pair before adding an edge,Homolog incidence is not an edge probability or a named target neuron
1368,C_type_hypothesis,720575940615957215,R1-6,left,L3,3925,1910,0.4866,3803,yes,Use as a cell-type search term; require an observed exact pair before adding an edge,Homolog incidence is not an edge probability or a named target neuron
1369,C_type_hypothesis,720575940616172866,R1-6,left,L3,3925,1910,0.4866,3803,yes,Use as a cell-type search term; require an observed exact pair before adding an edge,Homolog incidence is not an edge probability or a named target neuron
1370,C_type_hypothesis,720575940616173122,R1-6,left,L3,3925,1910,0.4866,3803,yes,Use as a cell-type search term; require an observed exact pair before adding an edge,Homolog incidence is not an edge probability or a named target neuron
1371,C_type_hypothesis,720575940616206658,R1-6,left,L3,3925,1910,0.4866,3803,yes,Use as a cell-type search term; require an observed exact pair before adding an edge,Homolog incidence is not an edge probability or a named target neuron
1372,C_type_hypothesis,720575940616207170,R1-6,left,L3,3925,1910,0.4866,3803,yes,Use as a cell-type search term; require an observed exact pair before adding an edge,Homolog incidence is not an edge probability or a named target neuron
1373,C_type_hypothesis,720575940616281311,R1-6,left,L3,3925,1910,0.4866,3803,yes,Use as a cell-type search term; require an observed exact pair before adding an edge,Homolog incidence is not an edge probability or a named target neuron
1374,C_type_hypothesis,720575940616388550,R1-6,left,L3,3925,1910,0.4866,3803,yes,Use as a cell-type search term; require an observed exact pair before adding an edge,Homolog incidence is not an edge probability or a named target neuron
1375,C_type_hypothesis,720575940616591372,R1-6,left,L3,3925,1910,0.4866,3803,yes,Use as a cell-type search term; require an observed exact pair before adding an edge,Homolog incidence is not an edge probability or a named target neuron
1376,C_type_hypothesis,720575940616710412,R1-6,left,L3,3925,1910,0.4866,3803,yes,Use as a cell-type search term; require an observed exact pair before adding an edge,Homolog incidence is not an edge probability or a named target neuron
1377,C_type_hypothesis,720575940617211253,R1-6,left,L3,3925,1910,0.4866,3803,yes,Use as a cell-type search term; require an observed exact pair before adding an edge,Homolog incidence is not an edge probability or a named target neuron
1378,C_type_hypothesis,720575940617513589,R1-6,left,L3,3925,1910,0.4866,3803,yes,Use as a cell-type search term; require an observed exact pair before adding an edge,Homolog incidence is not an edge probability or a named target neuron
1379,C_type_hypothesis,720575940618061661,R1-6,left,L3,3925,1910,0.4866,3803,yes,Use as a cell-type search term; require an observed exact pair before adding an edge,Homolog incidence is not an edge probability or a named target neuron
1380,C_type_hypothesis,720575940618065501,R1-6,left,L3,3925,1910,0.4866,3803,yes,Use as a cell-type search term; require an observed exact pair before adding an edge,Homolog incidence is not an edge probability or a named target neuron
1381,C_type_hypothesis,720575940618071481,R1-6,left,L3,3925,1910,0.4866,3803,yes,Use as a cell-type search term; require an observed exact pair before adding an edge,Homolog incidence is not an edge probability or a named target neuron
1382,C_type_hypothesis,720575940618090129,R1-6,left,L3,3925,1910,0.4866,3803,yes,Use as a cell-type search term; require an observed exact pair before adding an edge,Homolog incidence is not an edge probability or a named target neuron
1383,C_type_hypothesis,720575940618140987,R1-6,left,L3,3925,1910,0.4866,3803,yes,Use as a cell-type search term; require an observed exact pair before adding an edge,Homolog incidence is not an edge probability or a named target neuron
1384,C_type_hypothesis,720575940618204390,R1-6,left,L3,3925,1910,0.4866,3803,yes,Use as a cell-type search term; require an observed exact pair before adding an edge,Homolog incidence is not an edge probability or a named target neuron
1385,C_type_hypothesis,720575940618238681,R1-6,left,L3,3925,1910,0.4866,3803,yes,Use as a cell-type search term; require an observed exact pair before adding an edge,Homolog incidence is not an edge probability or a named target neuron
1386,C_type_hypothesis,720575940618240401,R1-6,left,L3,3925,1910,0.4866,3803,yes,Use as a cell-type search term; require an observed exact pair before adding an edge,Homolog incidence is not an edge probability or a named target neuron
1387,C_type_hypothesis,720575940618422929,R1-6,left,L3,3925,1910,0.4866,3803,yes,Use as a cell-type search term; require an observed exact pair before adding an edge,Homolog incidence is not an edge probability or a named target neuron
1388,C_type_hypothesis,720575940618423441,R1-6,left,L3,3925,1910,0.4866,3803,yes,Use as a cell-type search term; require an observed exact pair before adding an edge,Homolog incidence is not an edge probability or a named target neuron
1389,C_type_hypothesis,720575940618464925,R1-6,left,L3,3925,1910,0.4866,3803,yes,Use as a cell-type search term; require an observed exact pair before adding an edge,Homolog incidence is not an edge probability or a named target neuron
1390,C_type_hypothesis,720575940618530594,R1-6,left,L3,3925,1910,0.4866,3803,yes,Use as a cell-type search term; require an observed exact pair before adding an edge,Homolog incidence is not an edge probability or a named target neuron
1391,C_type_hypothesis,720575940618600020,R1-6,left,L3,3925,1910,0.4866,3803,yes,Use as a cell-type search term; require an observed exact pair before adding an edge,Homolog incidence is not an edge probability or a named target neuron
1392,C_type_hypothesis,720575940618600276,R1-6,left,L3,3925,1910,0.4866,3803,yes,Use as a cell-type search term; require an observed exact pair before adding an edge,Homolog incidence is not an edge probability or a named target neuron
1393,C_type_hypothesis,720575940618712091,R1-6,left,L3,3925,1910,0.4866,3803,yes,Use as a cell-type search term; require an observed exact pair before adding an edge,Homolog incidence is not an edge probability or a named target neuron
1394,C_type_hypothesis,720575940618725147,R1-6,left,L3,3925,1910,0.4866,3803,yes,Use as a cell-type search term; require an observed exact pair before adding an edge,Homolog incidence is not an edge probability or a named target neuron
1395,C_type_hypothesis,720575940618728475,R1-6,left,L3,3925,1910,0.4866,3803,yes,Use as a cell-type search term; require an observed exact pair before adding an edge,Homolog incidence is not an edge probability or a named target neuron
1396,C_type_hypothesis,720575940618849537,R1-6,left,L3,3925,1910,0.4866,3803,yes,Use as a cell-type search term; require an observed exact pair before adding an edge,Homolog incidence is not an edge probability or a named target neuron
1397,C_type_hypothesis,720575940618864724,R1-6,left,L3,3925,1910,0.4866,3803,yes,Use as a cell-type search term; require an observed exact pair before adding an edge,Homolog incidence is not an edge probability or a named target neuron
1398,C_type_hypothesis,720575940618916125,R1-6,left,L3,3925,1910,0.4866,3803,yes,Use as a cell-type search term; require an observed exact pair before adding an edge,Homolog incidence is not an edge probability or a named target neuron
1399,C_type_hypothesis,720575940619643702,R1-6,left,L3,3925,1910,0.4866,3803,yes,Use as a cell-type search term; require an observed exact pair before adding an edge,Homolog incidence is not an edge probability or a named target neuron
1400,C_type_hypothesis,720575940619984798,R1-6,left,L3,3925,1910,0.4866,3803,yes,Use as a cell-type search term; require an observed exact pair before adding an edge,Homolog incidence is not an edge probability or a named target neuron
1401,C_type_hypothesis,720575940620236593,R1-6,left,L3,3925,1910,0.4866,3803,yes,Use as a cell-type search term; require an observed exact pair before adding an edge,Homolog incidence is not an edge probability or a named target neuron
1402,C_type_hypothesis,720575940620238296,R1-6,left,L3,3925,1910,0.4866,3803,yes,Use as a cell-type search term; require an observed exact pair before adding an edge,Homolog incidence is not an edge probability or a named target neuron
1403,C_type_hypothesis,720575940620476363,R1-6,left,L3,3925,1910,0.4866,3803,yes,Use as a cell-type search term; require an observed exact pair before adding an edge,Homolog incidence is not an edge probability or a named target neuron
1404,C_type_hypothesis,720575940620487504,R1-6,left,L3,3925,1910,0.4866,3803,yes,Use as a cell-type search term; require an observed exact pair before adding an edge,Homolog incidence is not an edge probability or a named target neuron
1405,C_type_hypothesis,720575940620488784,R1-6,left,L3,3925,1910,0.4866,3803,yes,Use as a cell-type search term; require an observed exact pair before adding an edge,Homolog incidence is not an edge probability or a named target neuron
1406,C_type_hypothesis,720575940620531761,R1-6,left,L3,3925,1910,0.4866,3803,yes,Use as a cell-type search term; require an observed exact pair before adding an edge,Homolog incidence is not an edge probability or a named target neuron
1407,C_type_hypothesis,720575940620545616,R1-6,left,L3,3925,1910,0.4866,3803,yes,Use as a cell-type search term; require an observed exact pair before adding an edge,Homolog incidence is not an edge probability or a named target neuron
1408,C_type_hypothesis,720575940620556117,R1-6,left,L3,3925,1910,0.4866,3803,yes,Use as a cell-type search term; require an observed exact pair before adding an edge,Homolog incidence is not an edge probability or a named target neuron
1409,C_type_hypothesis,720575940620562517,R1-6,left,L3,3925,1910,0.4866,3803,yes,Use as a cell-type search term; require an observed exact pair before adding an edge,Homolog incidence is not an edge probability or a named target neuron
1410,C_type_hypothesis,720575940620562773,R1-6,left,L3,3925,1910,0.4866,3803,yes,Use as a cell-type search term; require an observed exact pair before adding an edge,Homolog incidence is not an edge probability or a named target neuron
1411,C_type_hypothesis,720575940620568405,R1-6,left,L3,3925,1910,0.4866,3803,yes,Use as a cell-type search term; require an observed exact pair before adding an edge,Homolog incidence is not an edge probability or a named target neuron
1412,C_type_hypothesis,720575940620623320,R1-6,left,L3,3925,1910,0.4866,3803,yes,Use as a cell-type search term; require an observed exact pair before adding an edge,Homolog incidence is not an edge probability or a named target neuron
1413,C_type_hypothesis,720575940620665680,R1-6,left,L3,3925,1910,0.4866,3803,yes,Use as a cell-type search term; require an observed exact pair before adding an edge,Homolog incidence is not an edge probability or a named target neuron
1414,C_type_hypothesis,720575940620797131,R1-6,left,L3,3925,1910,0.4866,3803,yes,Use as a cell-type search term; require an observed exact pair before adding an edge,Homolog incidence is not an edge probability or a named target neuron
1415,C_type_hypothesis,720575940620797643,R1-6,left,L3,3925,1910,0.4866,3803,yes,Use as a cell-type search term; require an observed exact pair before adding an edge,Homolog incidence is not an edge probability or a named target neuron
1416,C_type_hypothesis,720575940620881829,R1-6,left,L3,3925,1910,0.4866,3803,yes,Use as a cell-type search term; require an observed exact pair before adding an edge,Homolog incidence is not an edge probability or a named target neuron
1417,C_type_hypothesis,720575940620885157,R1-6,left,L3,3925,1910,0.4866,3803,yes,Use as a cell-type search term; require an observed exact pair before adding an edge,Homolog incidence is not an edge probability or a named target neuron
1418,C_type_hypothesis,720575940620886181,R1-6,left,L3,3925,1910,0.4866,3803,yes,Use as a cell-type search term; require an observed exact pair before adding an edge,Homolog incidence is not an edge probability or a named target neuron
1419,C_type_hypothesis,720575940620886693,R1-6,left,L3,3925,1910,0.4866,3803,yes,Use as a cell-type search term; require an observed exact pair before adding an edge,Homolog incidence is not an edge probability or a named target neuron
1420,C_type_hypothesis,720575940620909332,R1-6,left,L3,3925,1910,0.4866,3803,yes,Use as a cell-type search term; require an observed exact pair before adding an edge,Homolog incidence is not an edge probability or a named target neuron
1421,C_type_hypothesis,720575940620944037,R1-6,left,L3,3925,1910,0.4866,3803,yes,Use as a cell-type search term; require an observed exact pair before adding an edge,Homolog incidence is not an edge probability or a named target neuron
1422,C_type_hypothesis,720575940621144198,R1-6,left,L3,3925,1910,0.4866,3803,yes,Use as a cell-type search term; require an observed exact pair before adding an edge,Homolog incidence is not an edge probability or a named target neuron
1423,C_type_hypothesis,720575940621323247,R1-6,left,L3,3925,1910,0.4866,3803,yes,Use as a cell-type search term; require an observed exact pair before adding an edge,Homolog incidence is not an edge probability or a named target neuron
1424,C_type_hypothesis,720575940621458625,R1-6,left,L3,3925,1910,0.4866,3803,yes,Use as a cell-type search term; require an observed exact pair before adding an edge,Homolog incidence is not an edge probability or a named target neuron
1425,C_type_hypothesis,720575940621466048,R1-6,left,L3,3925,1910,0.4866,3803,yes,Use as a cell-type search term; require an observed exact pair before adding an edge,Homolog incidence is not an edge probability or a named target neuron
1426,C_type_hypothesis,720575940621482667,R1-6,left,L3,3925,1910,0.4866,3803,yes,Use as a cell-type search term; require an observed exact pair before adding an edge,Homolog incidence is not an edge probability or a named target neuron
1427,C_type_hypothesis,720575940621514667,R1-6,left,L3,3925,1910,0.4866,3803,yes,Use as a cell-type search term; require an observed exact pair before adding an edge,Homolog incidence is not an edge probability or a named target neuron
1428,C_type_hypothesis,720575940621526510,R1-6,left,L3,3925,1910,0.4866,3803,yes,Use as a cell-type search term; require an observed exact pair before adding an edge,Homolog incidence is not an edge probability or a named target neuron
1429,C_type_hypothesis,720575940621605286,R1-6,left,L3,3925,1910,0.4866,3803,yes,Use as a cell-type search term; require an observed exact pair before adding an edge,Homolog incidence is not an edge probability or a named target neuron
1430,C_type_hypothesis,720575940621687489,R1-6,left,L3,3925,1910,0.4866,3803,yes,Use as a cell-type search term; require an observed exact pair before adding an edge,Homolog incidence is not an edge probability or a named target neuron
1431,C_type_hypothesis,720575940621817409,R1-6,left,L3,3925,1910,0.4866,3803,yes,Use as a cell-type search term; require an observed exact pair before adding an edge,Homolog incidence is not an edge probability or a named target neuron
1432,C_type_hypothesis,720575940621855920,R1-6,left,L3,3925,1910,0.4866,3803,yes,Use as a cell-type search term; require an observed exact pair before adding an edge,Homolog incidence is not an edge probability or a named target neuron
1433,C_type_hypothesis,720575940621884854,R1-6,left,L3,3925,1910,0.4866,3803,yes,Use as a cell-type search term; require an observed exact pair before adding an edge,Homolog incidence is not an edge probability or a named target neuron
1434,C_type_hypothesis,720575940621962081,R1-6,left,L3,3925,1910,0.4866,3803,yes,Use as a cell-type search term; require an observed exact pair before adding an edge,Homolog incidence is not an edge probability or a named target neuron
1435,C_type_hypothesis,720575940621962337,R1-6,left,L3,3925,1910,0.4866,3803,yes,Use as a cell-type search term; require an observed exact pair before adding an edge,Homolog incidence is not an edge probability or a named target neuron
1436,C_type_hypothesis,720575940621978534,R1-6,left,L3,3925,1910,0.4866,3803,yes,Use as a cell-type search term; require an observed exact pair before adding an edge,Homolog incidence is not an edge probability or a named target neuron
1437,C_type_hypothesis,720575940622064048,R1-6,left,L3,3925,1910,0.4866,3803,yes,Use as a cell-type search term; require an observed exact pair before adding an edge,Homolog incidence is not an edge probability or a named target neuron
1438,C_type_hypothesis,720575940622064961,R1-6,left,L3,3925,1910,0.4866,3803,yes,Use as a cell-type search term; require an observed exact pair before adding an edge,Homolog incidence is not an edge probability or a named target neuron
1439,C_type_hypothesis,720575940622132656,R1-6,left,L3,3925,1910,0.4866,3803,yes,Use as a cell-type search term; require an observed exact pair before adding an edge,Homolog incidence is not an edge probability or a named target neuron
1440,C_type_hypothesis,720575940622208688,R1-6,left,L3,3925,1910,0.4866,3803,yes,Use as a cell-type search term; require an observed exact pair before adding an edge,Homolog incidence is not an edge probability or a named target neuron
1441,C_type_hypothesis,720575940622339967,R1-6,left,L3,3925,1910,0.4866,3803,yes,Use as a cell-type search term; require an observed exact pair before adding an edge,Homolog incidence is not an edge probability or a named target neuron
1442,C_type_hypothesis,720575940622406896,R1-6,left,L3,3925,1910,0.4866,3803,yes,Use as a cell-type search term; require an observed exact pair before adding an edge,Homolog incidence is not an edge probability or a named target neuron
1443,C_type_hypothesis,720575940622413040,R1-6,left,L3,3925,1910,0.4866,3803,yes,Use as a cell-type search term; require an observed exact pair before adding an edge,Homolog incidence is not an edge probability or a named target neuron
1444,C_type_hypothesis,720575940622433524,R1-6,left,L3,3925,1910,0.4866,3803,yes,Use as a cell-type search term; require an observed exact pair before adding an edge,Homolog incidence is not an edge probability or a named target neuron
1445,C_type_hypothesis,720575940622549342,R1-6,left,L3,3925,1910,0.4866,3803,yes,Use as a cell-type search term; require an observed exact pair before adding an edge,Homolog incidence is not an edge probability or a named target neuron
1446,C_type_hypothesis,720575940622550878,R1-6,left,L3,3925,1910,0.4866,3803,yes,Use as a cell-type search term; require an observed exact pair before adding an edge,Homolog incidence is not an edge probability or a named target neuron
1447,C_type_hypothesis,720575940622638430,R1-6,left,L3,3925,1910,0.4866,3803,yes,Use as a cell-type search term; require an observed exact pair before adding an edge,Homolog incidence is not an edge probability or a named target neuron
1448,C_type_hypothesis,720575940622640990,R1-6,left,L3,3925,1910,0.4866,3803,yes,Use as a cell-type search term; require an observed exact pair before adding an edge,Homolog incidence is not an edge probability or a named target neuron
1449,C_type_hypothesis,720575940622643806,R1-6,left,L3,3925,1910,0.4866,3803,yes,Use as a cell-type search term; require an observed exact pair before adding an edge,Homolog incidence is not an edge probability or a named target neuron
1450,C_type_hypothesis,720575940622654591,R1-6,left,L3,3925,1910,0.4866,3803,yes,Use as a cell-type search term; require an observed exact pair before adding an edge,Homolog incidence is not an edge probability or a named target neuron
1451,C_type_hypothesis,720575940622662170,R1-6,left,L3,3925,1910,0.4866,3803,yes,Use as a cell-type search term; require an observed exact pair before adding an edge,Homolog incidence is not an edge probability or a named target neuron
1452,C_type_hypothesis,720575940622798836,R1-6,left,L3,3925,1910,0.4866,3803,yes,Use as a cell-type search term; require an observed exact pair before adding an edge,Homolog incidence is not an edge probability or a named target neuron
1453,C_type_hypothesis,720575940622879521,R1-6,left,L3,3925,1910,0.4866,3803,yes,Use as a cell-type search term; require an observed exact pair before adding an edge,Homolog incidence is not an edge probability or a named target neuron
1454,C_type_hypothesis,720575940623027550,R1-6,left,L3,3925,1910,0.4866,3803,yes,Use as a cell-type search term; require an observed exact pair before adding an edge,Homolog incidence is not an edge probability or a named target neuron
1455,C_type_hypothesis,720575940623111593,R1-6,left,L3,3925,1910,0.4866,3803,yes,Use as a cell-type search term; require an observed exact pair before adding an edge,Homolog incidence is not an edge probability or a named target neuron
1456,C_type_hypothesis,720575940623242108,R1-6,left,L3,3925,1910,0.4866,3803,yes,Use as a cell-type search term; require an observed exact pair before adding an edge,Homolog incidence is not an edge probability or a named target neuron
1457,C_type_hypothesis,720575940623335715,R1-6,left,L3,3925,1910,0.4866,3803,yes,Use as a cell-type search term; require an observed exact pair before adding an edge,Homolog incidence is not an edge probability or a named target neuron
1458,C_type_hypothesis,720575940623337251,R1-6,left,L3,3925,1910,0.4866,3803,yes,Use as a cell-type search term; require an observed exact pair before adding an edge,Homolog incidence is not an edge probability or a named target neuron
1459,C_type_hypothesis,720575940623337507,R1-6,left,L3,3925,1910,0.4866,3803,yes,Use as a cell-type search term; require an observed exact pair before adding an edge,Homolog incidence is not an edge probability or a named target neuron
1460,C_type_hypothesis,720575940623342716,R1-6,left,L3,3925,1910,0.4866,3803,yes,Use as a cell-type search term; require an observed exact pair before adding an edge,Homolog incidence is not an edge probability or a named target neuron
1461,C_type_hypothesis,720575940623343139,R1-6,left,L3,3925,1910,0.4866,3803,yes,Use as a cell-type search term; require an observed exact pair before adding an edge,Homolog incidence is not an edge probability or a named target neuron
1462,C_type_hypothesis,720575940623347414,R1-6,left,L3,3925,1910,0.4866,3803,yes,Use as a cell-type search term; require an observed exact pair before adding an edge,Homolog incidence is not an edge probability or a named target neuron
1463,C_type_hypothesis,720575940623400216,R1-6,left,L3,3925,1910,0.4866,3803,yes,Use as a cell-type search term; require an observed exact pair before adding an edge,Homolog incidence is not an edge probability or a named target neuron
1464,C_type_hypothesis,720575940623495693,R1-6,left,L3,3925,1910,0.4866,3803,yes,Use as a cell-type search term; require an observed exact pair before adding an edge,Homolog incidence is not an edge probability or a named target neuron
1465,C_type_hypothesis,720575940623518051,R1-6,left,L3,3925,1910,0.4866,3803,yes,Use as a cell-type search term; require an observed exact pair before adding an edge,Homolog incidence is not an edge probability or a named target neuron
1466,C_type_hypothesis,720575940623518819,R1-6,left,L3,3925,1910,0.4866,3803,yes,Use as a cell-type search term; require an observed exact pair before adding an edge,Homolog incidence is not an edge probability or a named target neuron
1467,C_type_hypothesis,720575940623522147,R1-6,left,L3,3925,1910,0.4866,3803,yes,Use as a cell-type search term; require an observed exact pair before adding an edge,Homolog incidence is not an edge probability or a named target neuron
1468,C_type_hypothesis,720575940623668248,R1-6,left,L3,3925,1910,0.4866,3803,yes,Use as a cell-type search term; require an observed exact pair before adding an edge,Homolog incidence is not an edge probability or a named target neuron
1469,C_type_hypothesis,720575940623694104,R1-6,left,L3,3925,1910,0.4866,3803,yes,Use as a cell-type search term; require an observed exact pair before adding an edge,Homolog incidence is not an edge probability or a named target neuron
1470,C_type_hypothesis,720575940623710232,R1-6,left,L3,3925,1910,0.4866,3803,yes,Use as a cell-type search term; require an observed exact pair before adding an edge,Homolog incidence is not an edge probability or a named target neuron
1471,C_type_hypothesis,720575940623721496,R1-6,left,L3,3925,1910,0.4866,3803,yes,Use as a cell-type search term; require an observed exact pair before adding an edge,Homolog incidence is not an edge probability or a named target neuron
1472,C_type_hypothesis,720575940623823240,R1-6,left,L3,3925,1910,0.4866,3803,yes,Use as a cell-type search term; require an observed exact pair before adding an edge,Homolog incidence is not an edge probability or a named target neuron
1473,C_type_hypothesis,720575940623825544,R1-6,left,L3,3925,1910,0.4866,3803,yes,Use as a cell-type search term; require an observed exact pair before adding an edge,Homolog incidence is not an edge probability or a named target neuron
1474,C_type_hypothesis,720575940623866248,R1-6,left,L3,3925,1910,0.4866,3803,yes,Use as a cell-type search term; require an observed exact pair before adding an edge,Homolog incidence is not an edge probability or a named target neuron
1475,C_type_hypothesis,720575940623867016,R1-6,left,L3,3925,1910,0.4866,3803,yes,Use as a cell-type search term; require an observed exact pair before adding an edge,Homolog incidence is not an edge probability or a named target neuron
1476,C_type_hypothesis,720575940623892579,R1-6,left,L3,3925,1910,0.4866,3803,yes,Use as a cell-type search term; require an observed exact pair before adding an edge,Homolog incidence is not an edge probability or a named target neuron
1477,C_type_hypothesis,720575940623984520,R1-6,left,L3,3925,1910,0.4866,3803,yes,Use as a cell-type search term; require an observed exact pair before adding an edge,Homolog incidence is not an edge probability or a named target neuron
1478,C_type_hypothesis,720575940624001791,R1-6,left,L3,3925,1910,0.4866,3803,yes,Use as a cell-type search term; require an observed exact pair before adding an edge,Homolog incidence is not an edge probability or a named target neuron
1479,C_type_hypothesis,720575940624046227,R1-6,left,L3,3925,1910,0.4866,3803,yes,Use as a cell-type search term; require an observed exact pair before adding an edge,Homolog incidence is not an edge probability or a named target neuron
1480,C_type_hypothesis,720575940624048275,R1-6,left,L3,3925,1910,0.4866,3803,yes,Use as a cell-type search term; require an observed exact pair before adding an edge,Homolog incidence is not an edge probability or a named target neuron
1481,C_type_hypothesis,720575940624103827,R1-6,left,L3,3925,1910,0.4866,3803,yes,Use as a cell-type search term; require an observed exact pair before adding an edge,Homolog incidence is not an edge probability or a named target neuron
1482,C_type_hypothesis,720575940624106131,R1-6,left,L3,3925,1910,0.4866,3803,yes,Use as a cell-type search term; require an observed exact pair before adding an edge,Homolog incidence is not an edge probability or a named target neuron
1483,C_type_hypothesis,720575940624338058,R1-6,left,L3,3925,1910,0.4866,3803,yes,Use as a cell-type search term; require an observed exact pair before adding an edge,Homolog incidence is not an edge probability or a named target neuron
1484,C_type_hypothesis,720575940624438566,R1-6,left,L3,3925,1910,0.4866,3803,yes,Use as a cell-type search term; require an observed exact pair before adding an edge,Homolog incidence is not an edge probability or a named target neuron
1485,C_type_hypothesis,720575940624735229,R1-6,left,L3,3925,1910,0.4866,3803,yes,Use as a cell-type search term; require an observed exact pair before adding an edge,Homolog incidence is not an edge probability or a named target neuron
1486,C_type_hypothesis,720575940625037509,R1-6,left,L3,3925,1910,0.4866,3803,yes,Use as a cell-type search term; require an observed exact pair before adding an edge,Homolog incidence is not an edge probability or a named target neuron
1487,C_type_hypothesis,720575940625039557,R1-6,left,L3,3925,1910,0.4866,3803,yes,Use as a cell-type search term; require an observed exact pair before adding an edge,Homolog incidence is not an edge probability or a named target neuron
1488,C_type_hypothesis,720575940625044421,R1-6,left,L3,3925,1910,0.4866,3803,yes,Use as a cell-type search term; require an observed exact pair before adding an edge,Homolog incidence is not an edge probability or a named target neuron
1489,C_type_hypothesis,720575940625052101,R1-6,left,L3,3925,1910,0.4866,3803,yes,Use as a cell-type search term; require an observed exact pair before adding an edge,Homolog incidence is not an edge probability or a named target neuron
1490,C_type_hypothesis,720575940625052869,R1-6,left,L3,3925,1910,0.4866,3803,yes,Use as a cell-type search term; require an observed exact pair before adding an edge,Homolog incidence is not an edge probability or a named target neuron
1491,C_type_hypothesis,720575940625067243,R1-6,left,L3,3925,1910,0.4866,3803,yes,Use as a cell-type search term; require an observed exact pair before adding an edge,Homolog incidence is not an edge probability or a named target neuron
1492,C_type_hypothesis,720575940625132948,R1-6,left,L3,3925,1910,0.4866,3803,yes,Use as a cell-type search term; require an observed exact pair before adding an edge,Homolog incidence is not an edge probability or a named target neuron
1493,C_type_hypothesis,720575940625237923,R1-6,left,L3,3925,1910,0.4866,3803,yes,Use as a cell-type search term; require an observed exact pair before adding an edge,Homolog incidence is not an edge probability or a named target neuron
1494,C_type_hypothesis,720575940625564860,R1-6,left,L3,3925,1910,0.4866,3803,yes,Use as a cell-type search term; require an observed exact pair before adding an edge,Homolog incidence is not an edge probability or a named target neuron
1495,C_type_hypothesis,720575940625579704,R1-6,left,L3,3925,1910,0.4866,3803,yes,Use as a cell-type search term; require an observed exact pair before adding an edge,Homolog incidence is not an edge probability or a named target neuron
1496,C_type_hypothesis,720575940625583118,R1-6,left,L3,3925,1910,0.4866,3803,yes,Use as a cell-type search term; require an observed exact pair before adding an edge,Homolog incidence is not an edge probability or a named target neuron
1497,C_type_hypothesis,720575940625603512,R1-6,left,L3,3925,1910,0.4866,3803,yes,Use as a cell-type search term; require an observed exact pair before adding an edge,Homolog incidence is not an edge probability or a named target neuron
1498,C_type_hypothesis,720575940625621518,R1-6,left,L3,3925,1910,0.4866,3803,yes,Use as a cell-type search term; require an observed exact pair before adding an edge,Homolog incidence is not an edge probability or a named target neuron
1499,C_type_hypothesis,720575940625635119,R1-6,left,L3,3925,1910,0.4866,3803,yes,Use as a cell-type search term; require an observed exact pair before adding an edge,Homolog incidence is not an edge probability or a named target neuron
1500,C_type_hypothesis,720575940625643495,R1-6,left,L3,3925,1910,0.4866,3803,yes,Use as a cell-type search term; require an observed exact pair before adding an edge,Homolog incidence is not an edge probability or a named target neuron
1501,C_type_hypothesis,720575940625733095,R1-6,left,L3,3925,1910,0.4866,3803,yes,Use as a cell-type search term; require an observed exact pair before adding an edge,Homolog incidence is not an edge probability or a named target neuron
1502,C_type_hypothesis,720575940625823101,R1-6,left,L3,3925,1910,0.4866,3803,yes,Use as a cell-type search term; require an observed exact pair before adding an edge,Homolog incidence is not an edge probability or a named target neuron
1503,C_type_hypothesis,720575940625882701,R1-6,left,L3,3925,1910,0.4866,3803,yes,Use as a cell-type search term; require an observed exact pair before adding an edge,Homolog incidence is not an edge probability or a named target neuron
1504,C_type_hypothesis,720575940625916207,R1-6,left,L3,3925,1910,0.4866,3803,yes,Use as a cell-type search term; require an observed exact pair before adding an edge,Homolog incidence is not an edge probability or a named target neuron
1505,C_type_hypothesis,720575940625956429,R1-6,left,L3,3925,1910,0.4866,3803,yes,Use as a cell-type search term; require an observed exact pair before adding an edge,Homolog incidence is not an edge probability or a named target neuron
1506,C_type_hypothesis,720575940626322992,R1-6,left,L3,3925,1910,0.4866,3803,yes,Use as a cell-type search term; require an observed exact pair before adding an edge,Homolog incidence is not an edge probability or a named target neuron
1507,C_type_hypothesis,720575940626770532,R1-6,left,L3,3925,1910,0.4866,3803,yes,Use as a cell-type search term; require an observed exact pair before adding an edge,Homolog incidence is not an edge probability or a named target neuron
1508,C_type_hypothesis,720575940627087106,R1-6,left,L3,3925,1910,0.4866,3803,yes,Use as a cell-type search term; require an observed exact pair before adding an edge,Homolog incidence is not an edge probability or a named target neuron
1509,C_type_hypothesis,720575940627098942,R1-6,left,L3,3925,1910,0.4866,3803,yes,Use as a cell-type search term; require an observed exact pair before adding an edge,Homolog incidence is not an edge probability or a named target neuron
1510,C_type_hypothesis,720575940627212644,R1-6,left,L3,3925,1910,0.4866,3803,yes,Use as a cell-type search term; require an observed exact pair before adding an edge,Homolog incidence is not an edge probability or a named target neuron
1511,C_type_hypothesis,720575940627267842,R1-6,left,L3,3925,1910,0.4866,3803,yes,Use as a cell-type search term; require an observed exact pair before adding an edge,Homolog incidence is not an edge probability or a named target neuron
1512,C_type_hypothesis,720575940627309913,R1-6,left,L3,3925,1910,0.4866,3803,yes,Use as a cell-type search term; require an observed exact pair before adding an edge,Homolog incidence is not an edge probability or a named target neuron
1513,C_type_hypothesis,720575940627462914,R1-6,left,L3,3925,1910,0.4866,3803,yes,Use as a cell-type search term; require an observed exact pair before adding an edge,Homolog incidence is not an edge probability or a named target neuron
1514,C_type_hypothesis,720575940627618905,R1-6,left,L3,3925,1910,0.4866,3803,yes,Use as a cell-type search term; require an observed exact pair before adding an edge,Homolog incidence is not an edge probability or a named target neuron
1515,C_type_hypothesis,720575940627652441,R1-6,left,L3,3925,1910,0.4866,3803,yes,Use as a cell-type search term; require an observed exact pair before adding an edge,Homolog incidence is not an edge probability or a named target neuron
1516,C_type_hypothesis,720575940627660121,R1-6,left,L3,3925,1910,0.4866,3803,yes,Use as a cell-type search term; require an observed exact pair before adding an edge,Homolog incidence is not an edge probability or a named target neuron
1517,C_type_hypothesis,720575940627660440,R1-6,left,L3,3925,1910,0.4866,3803,yes,Use as a cell-type search term; require an observed exact pair before adding an edge,Homolog incidence is not an edge probability or a named target neuron
1518,C_type_hypothesis,720575940627665241,R1-6,left,L3,3925,1910,0.4866,3803,yes,Use as a cell-type search term; require an observed exact pair before adding an edge,Homolog incidence is not an edge probability or a named target neuron
1519,C_type_hypothesis,720575940627693181,R1-6,left,L3,3925,1910,0.4866,3803,yes,Use as a cell-type search term; require an observed exact pair before adding an edge,Homolog incidence is not an edge probability or a named target neuron
1520,C_type_hypothesis,720575940627715102,R1-6,left,L3,3925,1910,0.4866,3803,yes,Use as a cell-type search term; require an observed exact pair before adding an edge,Homolog incidence is not an edge probability or a named target neuron
1521,C_type_hypothesis,720575940627852669,R1-6,left,L3,3925,1910,0.4866,3803,yes,Use as a cell-type search term; require an observed exact pair before adding an edge,Homolog incidence is not an edge probability or a named target neuron
1522,C_type_hypothesis,720575940627853693,R1-6,left,L3,3925,1910,0.4866,3803,yes,Use as a cell-type search term; require an observed exact pair before adding an edge,Homolog incidence is not an edge probability or a named target neuron
1523,C_type_hypothesis,720575940627938200,R1-6,left,L3,3925,1910,0.4866,3803,yes,Use as a cell-type search term; require an observed exact pair before adding an edge,Homolog incidence is not an edge probability or a named target neuron
1524,C_type_hypothesis,720575940627941202,R1-6,left,L3,3925,1910,0.4866,3803,yes,Use as a cell-type search term; require an observed exact pair before adding an edge,Homolog incidence is not an edge probability or a named target neuron
1525,C_type_hypothesis,720575940627941714,R1-6,left,L3,3925,1910,0.4866,3803,yes,Use as a cell-type search term; require an observed exact pair before adding an edge,Homolog incidence is not an edge probability or a named target neuron
1526,C_type_hypothesis,720575940628035721,R1-6,left,L3,3925,1910,0.4866,3803,yes,Use as a cell-type search term; require an observed exact pair before adding an edge,Homolog incidence is not an edge probability or a named target neuron
1527,C_type_hypothesis,720575940628036233,R1-6,left,L3,3925,1910,0.4866,3803,yes,Use as a cell-type search term; require an observed exact pair before adding an edge,Homolog incidence is not an edge probability or a named target neuron
1528,C_type_hypothesis,720575940628089402,R1-6,left,L3,3925,1910,0.4866,3803,yes,Use as a cell-type search term; require an observed exact pair before adding an edge,Homolog incidence is not an edge probability or a named target neuron
1529,C_type_hypothesis,720575940628210831,R1-6,left,L3,3925,1910,0.4866,3803,yes,Use as a cell-type search term; require an observed exact pair before adding an edge,Homolog incidence is not an edge probability or a named target neuron
1530,C_type_hypothesis,720575940628240210,R1-6,left,L3,3925,1910,0.4866,3803,yes,Use as a cell-type search term; require an observed exact pair before adding an edge,Homolog incidence is not an edge probability or a named target neuron
1531,C_type_hypothesis,720575940628255034,R1-6,left,L3,3925,1910,0.4866,3803,yes,Use as a cell-type search term; require an observed exact pair before adding an edge,Homolog incidence is not an edge probability or a named target neuron
1532,C_type_hypothesis,720575940628307077,R1-6,left,L3,3925,1910,0.4866,3803,yes,Use as a cell-type search term; require an observed exact pair before adding an edge,Homolog incidence is not an edge probability or a named target neuron
1533,C_type_hypothesis,720575940628308613,R1-6,left,L3,3925,1910,0.4866,3803,yes,Use as a cell-type search term; require an observed exact pair before adding an edge,Homolog incidence is not an edge probability or a named target neuron
1534,C_type_hypothesis,720575940628346170,R1-6,left,L3,3925,1910,0.4866,3803,yes,Use as a cell-type search term; require an observed exact pair before adding an edge,Homolog incidence is not an edge probability or a named target neuron
1535,C_type_hypothesis,720575940628387656,R1-6,left,L3,3925,1910,0.4866,3803,yes,Use as a cell-type search term; require an observed exact pair before adding an edge,Homolog incidence is not an edge probability or a named target neuron
1536,C_type_hypothesis,720575940628388936,R1-6,left,L3,3925,1910,0.4866,3803,yes,Use as a cell-type search term; require an observed exact pair before adding an edge,Homolog incidence is not an edge probability or a named target neuron
1537,C_type_hypothesis,720575940628391240,R1-6,left,L3,3925,1910,0.4866,3803,yes,Use as a cell-type search term; require an observed exact pair before adding an edge,Homolog incidence is not an edge probability or a named target neuron
1538,C_type_hypothesis,720575940628492264,R1-6,left,L3,3925,1910,0.4866,3803,yes,Use as a cell-type search term; require an observed exact pair before adding an edge,Homolog incidence is not an edge probability or a named target neuron
1539,C_type_hypothesis,720575940628564712,R1-6,left,L3,3925,1910,0.4866,3803,yes,Use as a cell-type search term; require an observed exact pair before adding an edge,Homolog incidence is not an edge probability or a named target neuron
1540,C_type_hypothesis,720575940628728040,R1-6,left,L3,3925,1910,0.4866,3803,yes,Use as a cell-type search term; require an observed exact pair before adding an edge,Homolog incidence is not an edge probability or a named target neuron
1541,C_type_hypothesis,720575940628732744,R1-6,left,L3,3925,1910,0.4866,3803,yes,Use as a cell-type search term; require an observed exact pair before adding an edge,Homolog incidence is not an edge probability or a named target neuron
1542,C_type_hypothesis,720575940628758319,R1-6,left,L3,3925,1910,0.4866,3803,yes,Use as a cell-type search term; require an observed exact pair before adding an edge,Homolog incidence is not an edge probability or a named target neuron
1543,C_type_hypothesis,720575940628877308,R1-6,left,L3,3925,1910,0.4866,3803,yes,Use as a cell-type search term; require an observed exact pair before adding an edge,Homolog incidence is not an edge probability or a named target neuron
1544,C_type_hypothesis,720575940628893514,R1-6,left,L3,3925,1910,0.4866,3803,yes,Use as a cell-type search term; require an observed exact pair before adding an edge,Homolog incidence is not an edge probability or a named target neuron
1545,C_type_hypothesis,720575940628938314,R1-6,left,L3,3925,1910,0.4866,3803,yes,Use as a cell-type search term; require an observed exact pair before adding an edge,Homolog incidence is not an edge probability or a named target neuron
1546,C_type_hypothesis,720575940628938570,R1-6,left,L3,3925,1910,0.4866,3803,yes,Use as a cell-type search term; require an observed exact pair before adding an edge,Homolog incidence is not an edge probability or a named target neuron
1547,C_type_hypothesis,720575940628955722,R1-6,left,L3,3925,1910,0.4866,3803,yes,Use as a cell-type search term; require an observed exact pair before adding an edge,Homolog incidence is not an edge probability or a named target neuron
1548,C_type_hypothesis,720575940629063409,R1-6,left,L3,3925,1910,0.4866,3803,yes,Use as a cell-type search term; require an observed exact pair before adding an edge,Homolog incidence is not an edge probability or a named target neuron
1549,C_type_hypothesis,720575940629182825,R1-6,left,L3,3925,1910,0.4866,3803,yes,Use as a cell-type search term; require an observed exact pair before adding an edge,Homolog incidence is not an edge probability or a named target neuron
1550,C_type_hypothesis,720575940629411883,R1-6,left,L3,3925,1910,0.4866,3803,yes,Use as a cell-type search term; require an observed exact pair before adding an edge,Homolog incidence is not an edge probability or a named target neuron
1551,C_type_hypothesis,720575940629426161,R1-6,left,L3,3925,1910,0.4866,3803,yes,Use as a cell-type search term; require an observed exact pair before adding an edge,Homolog incidence is not an edge probability or a named target neuron
1552,C_type_hypothesis,720575940629438193,R1-6,left,L3,3925,1910,0.4866,3803,yes,Use as a cell-type search term; require an observed exact pair before adding an edge,Homolog incidence is not an edge probability or a named target neuron
1553,C_type_hypothesis,720575940629615209,R1-6,left,L3,3925,1910,0.4866,3803,yes,Use as a cell-type search term; require an observed exact pair before adding an edge,Homolog incidence is not an edge probability or a named target neuron
1554,C_type_hypothesis,720575940629634921,R1-6,left,L3,3925,1910,0.4866,3803,yes,Use as a cell-type search term; require an observed exact pair before adding an edge,Homolog incidence is not an edge probability or a named target neuron
1555,C_type_hypothesis,720575940629716779,R1-6,left,L3,3925,1910,0.4866,3803,yes,Use as a cell-type search term; require an observed exact pair before adding an edge,Homolog incidence is not an edge probability or a named target neuron
1556,C_type_hypothesis,720575940629752080,R1-6,left,L3,3925,1910,0.4866,3803,yes,Use as a cell-type search term; require an observed exact pair before adding an edge,Homolog incidence is not an edge probability or a named target neuron
1557,C_type_hypothesis,720575940629834768,R1-6,left,L3,3925,1910,0.4866,3803,yes,Use as a cell-type search term; require an observed exact pair before adding an edge,Homolog incidence is not an edge probability or a named target neuron
1558,C_type_hypothesis,720575940629870379,R1-6,left,L3,3925,1910,0.4866,3803,yes,Use as a cell-type search term; require an observed exact pair before adding an edge,Homolog incidence is not an edge probability or a named target neuron
1559,C_type_hypothesis,720575940629888515,R1-6,left,L3,3925,1910,0.4866,3803,yes,Use as a cell-type search term; require an observed exact pair before adding an edge,Homolog incidence is not an edge probability or a named target neuron
1560,C_type_hypothesis,720575940630060135,R1-6,left,L3,3925,1910,0.4866,3803,yes,Use as a cell-type search term; require an observed exact pair before adding an edge,Homolog incidence is not an edge probability or a named target neuron
1561,C_type_hypothesis,720575940630239327,R1-6,left,L3,3925,1910,0.4866,3803,yes,Use as a cell-type search term; require an observed exact pair before adding an edge,Homolog incidence is not an edge probability or a named target neuron
1562,C_type_hypothesis,720575940630408570,R1-6,left,L3,3925,1910,0.4866,3803,yes,Use as a cell-type search term; require an observed exact pair before adding an edge,Homolog incidence is not an edge probability or a named target neuron
1563,C_type_hypothesis,720575940630408898,R1-6,left,L3,3925,1910,0.4866,3803,yes,Use as a cell-type search term; require an observed exact pair before adding an edge,Homolog incidence is not an edge probability or a named target neuron
1564,C_type_hypothesis,720575940630544250,R1-6,left,L3,3925,1910,0.4866,3803,yes,Use as a cell-type search term; require an observed exact pair before adding an edge,Homolog incidence is not an edge probability or a named target neuron
1565,C_type_hypothesis,720575940630581564,R1-6,left,L3,3925,1910,0.4866,3803,yes,Use as a cell-type search term; require an observed exact pair before adding an edge,Homolog incidence is not an edge probability or a named target neuron
1566,C_type_hypothesis,720575940630581754,R1-6,left,L3,3925,1910,0.4866,3803,yes,Use as a cell-type search term; require an observed exact pair before adding an edge,Homolog incidence is not an edge probability or a named target neuron
1567,C_type_hypothesis,720575940630657792,R1-6,left,L3,3925,1910,0.4866,3803,yes,Use as a cell-type search term; require an observed exact pair before adding an edge,Homolog incidence is not an edge probability or a named target neuron
1568,C_type_hypothesis,720575940630660034,R1-6,left,L3,3925,1910,0.4866,3803,yes,Use as a cell-type search term; require an observed exact pair before adding an edge,Homolog incidence is not an edge probability or a named target neuron
1569,C_type_hypothesis,720575940630664062,R1-6,left,L3,3925,1910,0.4866,3803,yes,Use as a cell-type search term; require an observed exact pair before adding an edge,Homolog incidence is not an edge probability or a named target neuron
1570,C_type_hypothesis,720575940630712442,R1-6,left,L3,3925,1910,0.4866,3803,yes,Use as a cell-type search term; require an observed exact pair before adding an edge,Homolog incidence is not an edge probability or a named target neuron
1571,C_type_hypothesis,720575940630714562,R1-6,left,L3,3925,1910,0.4866,3803,yes,Use as a cell-type search term; require an observed exact pair before adding an edge,Homolog incidence is not an edge probability or a named target neuron
1572,C_type_hypothesis,720575940630727212,R1-6,left,L3,3925,1910,0.4866,3803,yes,Use as a cell-type search term; require an observed exact pair before adding an edge,Homolog incidence is not an edge probability or a named target neuron
1573,C_type_hypothesis,720575940630746924,R1-6,left,L3,3925,1910,0.4866,3803,yes,Use as a cell-type search term; require an observed exact pair before adding an edge,Homolog incidence is not an edge probability or a named target neuron
1574,C_type_hypothesis,720575940630767360,R1-6,left,L3,3925,1910,0.4866,3803,yes,Use as a cell-type search term; require an observed exact pair before adding an edge,Homolog incidence is not an edge probability or a named target neuron
1575,C_type_hypothesis,720575940630787388,R1-6,left,L3,3925,1910,0.4866,3803,yes,Use as a cell-type search term; require an observed exact pair before adding an edge,Homolog incidence is not an edge probability or a named target neuron
1576,C_type_hypothesis,720575940630942428,R1-6,left,L3,3925,1910,0.4866,3803,yes,Use as a cell-type search term; require an observed exact pair before adding an edge,Homolog incidence is not an edge probability or a named target neuron
1577,C_type_hypothesis,720575940630944215,R1-6,left,L3,3925,1910,0.4866,3803,yes,Use as a cell-type search term; require an observed exact pair before adding an edge,Homolog incidence is not an edge probability or a named target neuron
1578,C_type_hypothesis,720575940630947292,R1-6,left,L3,3925,1910,0.4866,3803,yes,Use as a cell-type search term; require an observed exact pair before adding an edge,Homolog incidence is not an edge probability or a named target neuron
1579,C_type_hypothesis,720575940630982495,R1-6,left,L3,3925,1910,0.4866,3803,yes,Use as a cell-type search term; require an observed exact pair before adding an edge,Homolog incidence is not an edge probability or a named target neuron
1580,C_type_hypothesis,720575940631059932,R1-6,left,L3,3925,1910,0.4866,3803,yes,Use as a cell-type search term; require an observed exact pair before adding an edge,Homolog incidence is not an edge probability or a named target neuron
1581,C_type_hypothesis,720575940631079900,R1-6,left,L3,3925,1910,0.4866,3803,yes,Use as a cell-type search term; require an observed exact pair before adding an edge,Homolog incidence is not an edge probability or a named target neuron
1582,C_type_hypothesis,720575940631095296,R1-6,left,L3,3925,1910,0.4866,3803,yes,Use as a cell-type search term; require an observed exact pair before adding an edge,Homolog incidence is not an edge probability or a named target neuron
1583,C_type_hypothesis,720575940631100160,R1-6,left,L3,3925,1910,0.4866,3803,yes,Use as a cell-type search term; require an observed exact pair before adding an edge,Homolog incidence is not an edge probability or a named target neuron
1584,C_type_hypothesis,720575940631143020,R1-6,left,L3,3925,1910,0.4866,3803,yes,Use as a cell-type search term; require an observed exact pair before adding an edge,Homolog incidence is not an edge probability or a named target neuron
1585,C_type_hypothesis,720575940631149372,R1-6,left,L3,3925,1910,0.4866,3803,yes,Use as a cell-type search term; require an observed exact pair before adding an edge,Homolog incidence is not an edge probability or a named target neuron
1586,C_type_hypothesis,720575940631184246,R1-6,left,L3,3925,1910,0.4866,3803,yes,Use as a cell-type search term; require an observed exact pair before adding an edge,Homolog incidence is not an edge probability or a named target neuron
1587,C_type_hypothesis,720575940631230167,R1-6,left,L3,3925,1910,0.4866,3803,yes,Use as a cell-type search term; require an observed exact pair before adding an edge,Homolog incidence is not an edge probability or a named target neuron
1588,C_type_hypothesis,720575940631292892,R1-6,left,L3,3925,1910,0.4866,3803,yes,Use as a cell-type search term; require an observed exact pair before adding an edge,Homolog incidence is not an edge probability or a named target neuron
1589,C_type_hypothesis,720575940631505260,R1-6,left,L3,3925,1910,0.4866,3803,yes,Use as a cell-type search term; require an observed exact pair before adding an edge,Homolog incidence is not an edge probability or a named target neuron
1590,C_type_hypothesis,720575940631515643,R1-6,left,L3,3925,1910,0.4866,3803,yes,Use as a cell-type search term; require an observed exact pair before adding an edge,Homolog incidence is not an edge probability or a named target neuron
1591,C_type_hypothesis,720575940631590393,R1-6,left,L3,3925,1910,0.4866,3803,yes,Use as a cell-type search term; require an observed exact pair before adding an edge,Homolog incidence is not an edge probability or a named target neuron
1592,C_type_hypothesis,720575940631926287,R1-6,left,L3,3925,1910,0.4866,3803,yes,Use as a cell-type search term; require an observed exact pair before adding an edge,Homolog incidence is not an edge probability or a named target neuron
1593,C_type_hypothesis,720575940631958287,R1-6,left,L3,3925,1910,0.4866,3803,yes,Use as a cell-type search term; require an observed exact pair before adding an edge,Homolog incidence is not an edge probability or a named target neuron
1594,C_type_hypothesis,720575940631959826,R1-6,left,L3,3925,1910,0.4866,3803,yes,Use as a cell-type search term; require an observed exact pair before adding an edge,Homolog incidence is not an edge probability or a named target neuron
1595,C_type_hypothesis,720575940632257091,R1-6,left,L3,3925,1910,0.4866,3803,yes,Use as a cell-type search term; require an observed exact pair before adding an edge,Homolog incidence is not an edge probability or a named target neuron
1596,C_type_hypothesis,720575940632266258,R1-6,left,L3,3925,1910,0.4866,3803,yes,Use as a cell-type search term; require an observed exact pair before adding an edge,Homolog incidence is not an edge probability or a named target neuron
1597,C_type_hypothesis,720575940632314955,R1-6,left,L3,3925,1910,0.4866,3803,yes,Use as a cell-type search term; require an observed exact pair before adding an edge,Homolog incidence is not an edge probability or a named target neuron
1598,C_type_hypothesis,720575940632346666,R1-6,left,L3,3925,1910,0.4866,3803,yes,Use as a cell-type search term; require an observed exact pair before adding an edge,Homolog incidence is not an edge probability or a named target neuron
1599,C_type_hypothesis,720575940632352104,R1-6,left,L3,3925,1910,0.4866,3803,yes,Use as a cell-type search term; require an observed exact pair before adding an edge,Homolog incidence is not an edge probability or a named target neuron
1600,C_type_hypothesis,720575940632357992,R1-6,left,L3,3925,1910,0.4866,3803,yes,Use as a cell-type search term; require an observed exact pair before adding an edge,Homolog incidence is not an edge probability or a named target neuron
1601,C_type_hypothesis,720575940632358504,R1-6,left,L3,3925,1910,0.4866,3803,yes,Use as a cell-type search term; require an observed exact pair before adding an edge,Homolog incidence is not an edge probability or a named target neuron
1602,C_type_hypothesis,720575940632425002,R1-6,left,L3,3925,1910,0.4866,3803,yes,Use as a cell-type search term; require an observed exact pair before adding an edge,Homolog incidence is not an edge probability or a named target neuron
1603,C_type_hypothesis,720575940632425258,R1-6,left,L3,3925,1910,0.4866,3803,yes,Use as a cell-type search term; require an observed exact pair before adding an edge,Homolog incidence is not an edge probability or a named target neuron
1604,C_type_hypothesis,720575940632436803,R1-6,left,L3,3925,1910,0.4866,3803,yes,Use as a cell-type search term; require an observed exact pair before adding an edge,Homolog incidence is not an edge probability or a named target neuron
1605,C_type_hypothesis,720575940632674444,R1-6,left,L3,3925,1910,0.4866,3803,yes,Use as a cell-type search term; require an observed exact pair before adding an edge,Homolog incidence is not an edge probability or a named target neuron
1606,C_type_hypothesis,720575940632687672,R1-6,left,L3,3925,1910,0.4866,3803,yes,Use as a cell-type search term; require an observed exact pair before adding an edge,Homolog incidence is not an edge probability or a named target neuron
1607,C_type_hypothesis,720575940632704303,R1-6,left,L3,3925,1910,0.4866,3803,yes,Use as a cell-type search term; require an observed exact pair before adding an edge,Homolog incidence is not an edge probability or a named target neuron
1608,C_type_hypothesis,720575940633220516,R1-6,left,L3,3925,1910,0.4866,3803,yes,Use as a cell-type search term; require an observed exact pair before adding an edge,Homolog incidence is not an edge probability or a named target neuron
1609,C_type_hypothesis,720575940633241764,R1-6,left,L3,3925,1910,0.4866,3803,yes,Use as a cell-type search term; require an observed exact pair before adding an edge,Homolog incidence is not an edge probability or a named target neuron
1610,C_type_hypothesis,720575940633457709,R1-6,left,L3,3925,1910,0.4866,3803,yes,Use as a cell-type search term; require an observed exact pair before adding an edge,Homolog incidence is not an edge probability or a named target neuron
1611,C_type_hypothesis,720575940633512908,R1-6,left,L3,3925,1910,0.4866,3803,yes,Use as a cell-type search term; require an observed exact pair before adding an edge,Homolog incidence is not an edge probability or a named target neuron
1612,C_type_hypothesis,720575940633517260,R1-6,left,L3,3925,1910,0.4866,3803,yes,Use as a cell-type search term; require an observed exact pair before adding an edge,Homolog incidence is not an edge probability or a named target neuron
1613,C_type_hypothesis,720575940633592996,R1-6,left,L3,3925,1910,0.4866,3803,yes,Use as a cell-type search term; require an observed exact pair before adding an edge,Homolog incidence is not an edge probability or a named target neuron
1614,C_type_hypothesis,720575940634246626,R1-6,left,L3,3925,1910,0.4866,3803,yes,Use as a cell-type search term; require an observed exact pair before adding an edge,Homolog incidence is not an edge probability or a named target neuron
1615,C_type_hypothesis,720575940634643993,R1-6,left,L3,3925,1910,0.4866,3803,yes,Use as a cell-type search term; require an observed exact pair before adding an edge,Homolog incidence is not an edge probability or a named target neuron
1616,C_type_hypothesis,720575940634857884,R1-6,left,L3,3925,1910,0.4866,3803,yes,Use as a cell-type search term; require an observed exact pair before adding an edge,Homolog incidence is not an edge probability or a named target neuron
1617,C_type_hypothesis,720575940634947484,R1-6,left,L3,3925,1910,0.4866,3803,yes,Use as a cell-type search term; require an observed exact pair before adding an edge,Homolog incidence is not an edge probability or a named target neuron
1618,C_type_hypothesis,720575940635440235,R1-6,left,L3,3925,1910,0.4866,3803,yes,Use as a cell-type search term; require an observed exact pair before adding an edge,Homolog incidence is not an edge probability or a named target neuron
1619,C_type_hypothesis,720575940636021855,R1-6,left,L3,3925,1910,0.4866,3803,yes,Use as a cell-type search term; require an observed exact pair before adding an edge,Homolog incidence is not an edge probability or a named target neuron
1620,C_type_hypothesis,720575940636156596,R1-6,left,L3,3925,1910,0.4866,3803,yes,Use as a cell-type search term; require an observed exact pair before adding an edge,Homolog incidence is not an edge probability or a named target neuron
1621,C_type_hypothesis,720575940636168116,R1-6,left,L3,3925,1910,0.4866,3803,yes,Use as a cell-type search term; require an observed exact pair before adding an edge,Homolog incidence is not an edge probability or a named target neuron
1622,C_type_hypothesis,720575940636169464,R1-6,left,L3,3925,1910,0.4866,3803,yes,Use as a cell-type search term; require an observed exact pair before adding an edge,Homolog incidence is not an edge probability or a named target neuron
1623,C_type_hypothesis,720575940636176888,R1-6,left,L3,3925,1910,0.4866,3803,yes,Use as a cell-type search term; require an observed exact pair before adding an edge,Homolog incidence is not an edge probability or a named target neuron
1624,C_type_hypothesis,720575940636191480,R1-6,left,L3,3925,1910,0.4866,3803,yes,Use as a cell-type search term; require an observed exact pair before adding an edge,Homolog incidence is not an edge probability or a named target neuron
1625,C_type_hypothesis,720575940636208052,R1-6,left,L3,3925,1910,0.4866,3803,yes,Use as a cell-type search term; require an observed exact pair before adding an edge,Homolog incidence is not an edge probability or a named target neuron
1626,C_type_hypothesis,720575940636893303,R1-6,left,L3,3925,1910,0.4866,3803,yes,Use as a cell-type search term; require an observed exact pair before adding an edge,Homolog incidence is not an edge probability or a named target neuron
1627,C_type_hypothesis,720575940637125239,R1-6,left,L3,3925,1910,0.4866,3803,yes,Use as a cell-type search term; require an observed exact pair before adding an edge,Homolog incidence is not an edge probability or a named target neuron
1628,C_type_hypothesis,720575940637782958,R1-6,left,L3,3925,1910,0.4866,3803,yes,Use as a cell-type search term; require an observed exact pair before adding an edge,Homolog incidence is not an edge probability or a named target neuron
1629,C_type_hypothesis,720575940638004080,R1-6,left,L3,3925,1910,0.4866,3803,yes,Use as a cell-type search term; require an observed exact pair before adding an edge,Homolog incidence is not an edge probability or a named target neuron
1630,C_type_hypothesis,720575940638078832,R1-6,left,L3,3925,1910,0.4866,3803,yes,Use as a cell-type search term; require an observed exact pair before adding an edge,Homolog incidence is not an edge probability or a named target neuron
1631,C_type_hypothesis,720575940638523994,R1-6,left,L3,3925,1910,0.4866,3803,yes,Use as a cell-type search term; require an observed exact pair before adding an edge,Homolog incidence is not an edge probability or a named target neuron
1632,C_type_hypothesis,720575940638556382,R1-6,left,L3,3925,1910,0.4866,3803,yes,Use as a cell-type search term; require an observed exact pair before adding an edge,Homolog incidence is not an edge probability or a named target neuron
1633,C_type_hypothesis,720575940638577215,R1-6,left,L3,3925,1910,0.4866,3803,yes,Use as a cell-type search term; require an observed exact pair before adding an edge,Homolog incidence is not an edge probability or a named target neuron
1634,C_type_hypothesis,720575940638684649,R1-6,left,L3,3925,1910,0.4866,3803,yes,Use as a cell-type search term; require an observed exact pair before adding an edge,Homolog incidence is not an edge probability or a named target neuron
1635,C_type_hypothesis,720575940638711359,R1-6,left,L3,3925,1910,0.4866,3803,yes,Use as a cell-type search term; require an observed exact pair before adding an edge,Homolog incidence is not an edge probability or a named target neuron
1636,C_type_hypothesis,720575940638712127,R1-6,left,L3,3925,1910,0.4866,3803,yes,Use as a cell-type search term; require an observed exact pair before adding an edge,Homolog incidence is not an edge probability or a named target neuron
1637,C_type_hypothesis,720575940638713407,R1-6,left,L3,3925,1910,0.4866,3803,yes,Use as a cell-type search term; require an observed exact pair before adding an edge,Homolog incidence is not an edge probability or a named target neuron
1638,C_type_hypothesis,720575940638759999,R1-6,left,L3,3925,1910,0.4866,3803,yes,Use as a cell-type search term; require an observed exact pair before adding an edge,Homolog incidence is not an edge probability or a named target neuron
1639,C_type_hypothesis,720575940638820442,R1-6,left,L3,3925,1910,0.4866,3803,yes,Use as a cell-type search term; require an observed exact pair before adding an edge,Homolog incidence is not an edge probability or a named target neuron
1640,C_type_hypothesis,720575940638872553,R1-6,left,L3,3925,1910,0.4866,3803,yes,Use as a cell-type search term; require an observed exact pair before adding an edge,Homolog incidence is not an edge probability or a named target neuron
1641,C_type_hypothesis,720575940639049193,R1-6,left,L3,3925,1910,0.4866,3803,yes,Use as a cell-type search term; require an observed exact pair before adding an edge,Homolog incidence is not an edge probability or a named target neuron
1642,C_type_hypothesis,720575940639657661,R1-6,left,L3,3925,1910,0.4866,3803,yes,Use as a cell-type search term; require an observed exact pair before adding an edge,Homolog incidence is not an edge probability or a named target neuron
1643,C_type_hypothesis,720575940639783989,R1-6,left,L3,3925,1910,0.4866,3803,yes,Use as a cell-type search term; require an observed exact pair before adding an edge,Homolog incidence is not an edge probability or a named target neuron
1644,C_type_hypothesis,720575940639787061,R1-6,left,L3,3925,1910,0.4866,3803,yes,Use as a cell-type search term; require an observed exact pair before adding an edge,Homolog incidence is not an edge probability or a named target neuron
1645,C_type_hypothesis,720575940639884622,R1-6,left,L3,3925,1910,0.4866,3803,yes,Use as a cell-type search term; require an observed exact pair before adding an edge,Homolog incidence is not an edge probability or a named target neuron
1646,C_type_hypothesis,720575940640193614,R1-6,left,L3,3925,1910,0.4866,3803,yes,Use as a cell-type search term; require an observed exact pair before adding an edge,Homolog incidence is not an edge probability or a named target neuron
1647,C_type_hypothesis,720575940640196413,R1-6,left,L3,3925,1910,0.4866,3803,yes,Use as a cell-type search term; require an observed exact pair before adding an edge,Homolog incidence is not an edge probability or a named target neuron
1648,C_type_hypothesis,720575940640197949,R1-6,left,L3,3925,1910,0.4866,3803,yes,Use as a cell-type search term; require an observed exact pair before adding an edge,Homolog incidence is not an edge probability or a named target neuron
1649,C_type_hypothesis,720575940640287310,R1-6,left,L3,3925,1910,0.4866,3803,yes,Use as a cell-type search term; require an observed exact pair before adding an edge,Homolog incidence is not an edge probability or a named target neuron
1650,C_type_hypothesis,720575940640297075,R1-6,left,L3,3925,1910,0.4866,3803,yes,Use as a cell-type search term; require an observed exact pair before adding an edge,Homolog incidence is not an edge probability or a named target neuron
1651,C_type_hypothesis,720575940640480856,R1-6,left,L3,3925,1910,0.4866,3803,yes,Use as a cell-type search term; require an observed exact pair before adding an edge,Homolog incidence is not an edge probability or a named target neuron
1652,C_type_hypothesis,720575940640525144,R1-6,left,L3,3925,1910,0.4866,3803,yes,Use as a cell-type search term; require an observed exact pair before adding an edge,Homolog incidence is not an edge probability or a named target neuron
1653,C_type_hypothesis,720575940640780160,R1-6,left,L3,3925,1910,0.4866,3803,yes,Use as a cell-type search term; require an observed exact pair before adding an edge,Homolog incidence is not an edge probability or a named target neuron
1654,C_type_hypothesis,720575940641249232,R1-6,left,L3,3925,1910,0.4866,3803,yes,Use as a cell-type search term; require an observed exact pair before adding an edge,Homolog incidence is not an edge probability or a named target neuron
1655,C_type_hypothesis,720575940641271504,R1-6,left,L3,3925,1910,0.4866,3803,yes,Use as a cell-type search term; require an observed exact pair before adding an edge,Homolog incidence is not an edge probability or a named target neuron
1656,C_type_hypothesis,720575940641277904,R1-6,left,L3,3925,1910,0.4866,3803,yes,Use as a cell-type search term; require an observed exact pair before adding an edge,Homolog incidence is not an edge probability or a named target neuron
1657,C_type_hypothesis,720575940641599184,R1-6,left,L3,3925,1910,0.4866,3803,yes,Use as a cell-type search term; require an observed exact pair before adding an edge,Homolog incidence is not an edge probability or a named target neuron
1658,C_type_hypothesis,720575940642527451,R1-6,left,L3,3925,1910,0.4866,3803,yes,Use as a cell-type search term; require an observed exact pair before adding an edge,Homolog incidence is not an edge probability or a named target neuron
1659,C_type_hypothesis,720575940642532827,R1-6,left,L3,3925,1910,0.4866,3803,yes,Use as a cell-type search term; require an observed exact pair before adding an edge,Homolog incidence is not an edge probability or a named target neuron
1660,C_type_hypothesis,720575940642539995,R1-6,left,L3,3925,1910,0.4866,3803,yes,Use as a cell-type search term; require an observed exact pair before adding an edge,Homolog incidence is not an edge probability or a named target neuron
1661,C_type_hypothesis,720575940642891405,R1-6,left,L3,3925,1910,0.4866,3803,yes,Use as a cell-type search term; require an observed exact pair before adding an edge,Homolog incidence is not an edge probability or a named target neuron
1662,C_type_hypothesis,720575940643079309,R1-6,left,L3,3925,1910,0.4866,3803,yes,Use as a cell-type search term; require an observed exact pair before adding an edge,Homolog incidence is not an edge probability or a named target neuron
1663,C_type_hypothesis,720575940645837335,R1-6,left,L3,3925,1910,0.4866,3803,yes,Use as a cell-type search term; require an observed exact pair before adding an edge,Homolog incidence is not an edge probability or a named target neuron
1664,C_type_hypothesis,720575940646253422,R1-6,left,L3,3925,1910,0.4866,3803,yes,Use as a cell-type search term; require an observed exact pair before adding an edge,Homolog incidence is not an edge probability or a named target neuron
1665,C_type_hypothesis,720575940646392942,R1-6,left,L3,3925,1910,0.4866,3803,yes,Use as a cell-type search term; require an observed exact pair before adding an edge,Homolog incidence is not an edge probability or a named target neuron
1666,C_type_hypothesis,720575940646803747,R1-6,left,L3,3925,1910,0.4866,3803,yes,Use as a cell-type search term; require an observed exact pair before adding an edge,Homolog incidence is not an edge probability or a named target neuron
1667,C_type_hypothesis,720575940647021091,R1-6,left,L3,3925,1910,0.4866,3803,yes,Use as a cell-type search term; require an observed exact pair before adding an edge,Homolog incidence is not an edge probability or a named target neuron
1668,C_type_hypothesis,720575940647077411,R1-6,left,L3,3925,1910,0.4866,3803,yes,Use as a cell-type search term; require an observed exact pair before adding an edge,Homolog incidence is not an edge probability or a named target neuron
1669,C_type_hypothesis,720575940647962500,R1-6,left,L3,3925,1910,0.4866,3803,yes,Use as a cell-type search term; require an observed exact pair before adding an edge,Homolog incidence is not an edge probability or a named target neuron
1670,C_type_hypothesis,720575940648163972,R1-6,left,L3,3925,1910,0.4866,3803,yes,Use as a cell-type search term; require an observed exact pair before adding an edge,Homolog incidence is not an edge probability or a named target neuron
1671,C_type_hypothesis,720575940650447993,R1-6,left,L3,3925,1910,0.4866,3803,yes,Use as a cell-type search term; require an observed exact pair before adding an edge,Homolog incidence is not an edge probability or a named target neuron
1672,C_type_hypothesis,720575940653106422,R1-6,left,L3,3925,1910,0.4866,3803,yes,Use as a cell-type search term; require an observed exact pair before adding an edge,Homolog incidence is not an edge probability or a named target neuron
1673,C_type_hypothesis,720575940661099137,R1-6,left,L3,3925,1910,0.4866,3803,yes,Use as a cell-type search term; require an observed exact pair before adding an edge,Homolog incidence is not an edge probability or a named target neuron
1674,C_type_hypothesis,720575940626286432,JO-B,right,JO-B,112,54,0.4821,,no,Use as a cell-type search term; require an observed exact pair before adding an edge,Homolog incidence is not an edge probability or a named target neuron
1675,C_type_hypothesis,720575940630161152,JO-B,right,JO-B,112,54,0.4821,,no,Use as a cell-type search term; require an observed exact pair before adding an edge,Homolog incidence is not an edge probability or a named target neuron
1676,C_type_hypothesis,720575940609703179,R7,right,Dm11,669,302,0.4514,307,yes,Use as a cell-type search term; require an observed exact pair before adding an edge,Homolog incidence is not an edge probability or a named target neuron
1677,C_type_hypothesis,720575940623940963,R7,right,Dm11,669,302,0.4514,307,yes,Use as a cell-type search term; require an observed exact pair before adding an edge,Homolog incidence is not an edge probability or a named target neuron
1678,C_type_hypothesis,720575940622811903,JO-mz,left,CB1138,20,9,0.45,,no,Use as a cell-type search term; require an observed exact pair before adding an edge,Homolog incidence is not an edge probability or a named target neuron
1679,C_type_hypothesis,720575940622811903,JO-mz,left,CB1231,20,9,0.45,,no,Use as a cell-type search term; require an observed exact pair before adding an edge,Homolog incidence is not an edge probability or a named target neuron
1680,C_type_hypothesis,720575940623325993,JO-E,right,CB3275,182,79,0.4341,,no,Use as a cell-type search term; require an observed exact pair before adding an edge,Homolog incidence is not an edge probability or a named target neuron
1681,C_type_hypothesis,720575940616413382,R7,left,Dm2,660,285,0.4318,362,yes,Use as a cell-type search term; require an observed exact pair before adding an edge,Homolog incidence is not an edge probability or a named target neuron
1682,C_type_hypothesis,720575940617499765,R7,left,Dm2,660,285,0.4318,362,yes,Use as a cell-type search term; require an observed exact pair before adding an edge,Homolog incidence is not an edge probability or a named target neuron
1683,C_type_hypothesis,720575940630098075,R7,left,Dm2,660,285,0.4318,362,yes,Use as a cell-type search term; require an observed exact pair before adding an edge,Homolog incidence is not an edge probability or a named target neuron
1684,C_type_hypothesis,720575940637390181,R7,left,Dm2,660,285,0.4318,362,yes,Use as a cell-type search term; require an observed exact pair before adding an edge,Homolog incidence is not an edge probability or a named target neuron
1685,C_type_hypothesis,720575940626286432,JO-B,right,CB1075,112,46,0.4107,,no,Use as a cell-type search term; require an observed exact pair before adding an edge,Homolog incidence is not an edge probability or a named target neuron
1686,C_type_hypothesis,720575940630161152,JO-B,right,CB1075,112,46,0.4107,,no,Use as a cell-type search term; require an observed exact pair before adding an edge,Homolog incidence is not an edge probability or a named target neuron
1687,C_type_hypothesis,720575940623325993,JO-E,right,CB1038,182,74,0.4066,,no,Use as a cell-type search term; require an observed exact pair before adding an edge,Homolog incidence is not an edge probability or a named target neuron
1688,C_type_hypothesis,720575940622811903,JO-mz,left,DNg106,20,8,0.4,,no,Use as a cell-type search term; require an observed exact pair before adding an edge,Homolog incidence is not an edge probability or a named target neuron
1689,C_type_hypothesis,720575940616413382,R7,left,L3,660,260,0.3939,289,yes,Use as a cell-type search term; require an observed exact pair before adding an edge,Homolog incidence is not an edge probability or a named target neuron
1690,C_type_hypothesis,720575940617499765,R7,left,L3,660,260,0.3939,289,yes,Use as a cell-type search term; require an observed exact pair before adding an edge,Homolog incidence is not an edge probability or a named target neuron
1691,C_type_hypothesis,720575940630098075,R7,left,L3,660,260,0.3939,289,yes,Use as a cell-type search term; require an observed exact pair before adding an edge,Homolog incidence is not an edge probability or a named target neuron
1692,C_type_hypothesis,720575940637390181,R7,left,L3,660,260,0.3939,289,yes,Use as a cell-type search term; require an observed exact pair before adding an edge,Homolog incidence is not an edge probability or a named target neuron
1693,C_type_hypothesis,720575940623325993,JO-E,right,CB1622,182,70,0.3846,,no,Use as a cell-type search term; require an observed exact pair before adding an edge,Homolog incidence is not an edge probability or a named target neuron
1694,C_type_hypothesis,720575940616413382,R7,left,Dm11,660,252,0.3818,307,yes,Use as a cell-type search term; require an observed exact pair before adding an edge,Homolog incidence is not an edge probability or a named target neuron
1695,C_type_hypothesis,720575940617499765,R7,left,Dm11,660,252,0.3818,307,yes,Use as a cell-type search term; require an observed exact pair before adding an edge,Homolog incidence is not an edge probability or a named target neuron
1696,C_type_hypothesis,720575940630098075,R7,left,Dm11,660,252,0.3818,307,yes,Use as a cell-type search term; require an observed exact pair before adding an edge,Homolog incidence is not an edge probability or a named target neuron
1697,C_type_hypothesis,720575940637390181,R7,left,Dm11,660,252,0.3818,307,yes,Use as a cell-type search term; require an observed exact pair before adding an edge,Homolog incidence is not an edge probability or a named target neuron
1698,C_type_hypothesis,720575940616413382,R7,left,Dm9,660,244,0.3697,714,yes,Use as a cell-type search term; require an observed exact pair before adding an edge,Homolog incidence is not an edge probability or a named target neuron
1699,C_type_hypothesis,720575940617499765,R7,left,Dm9,660,244,0.3697,714,yes,Use as a cell-type search term; require an observed exact pair before adding an edge,Homolog incidence is not an edge probability or a named target neuron
1700,C_type_hypothesis,720575940630098075,R7,left,Dm9,660,244,0.3697,714,yes,Use as a cell-type search term; require an observed exact pair before adding an edge,Homolog incidence is not an edge probability or a named target neuron
1701,C_type_hypothesis,720575940637390181,R7,left,Dm9,660,244,0.3697,714,yes,Use as a cell-type search term; require an observed exact pair before adding an edge,Homolog incidence is not an edge probability or a named target neuron
1702,C_type_hypothesis,720575940620320193,JO-EV,left,CB1231,22,8,0.3636,,no,Use as a cell-type search term; require an observed exact pair before adding an edge,Homolog incidence is not an edge probability or a named target neuron
1703,C_type_hypothesis,720575940620320193,JO-EV,left,CB1542,22,8,0.3636,,no,Use as a cell-type search term; require an observed exact pair before adding an edge,Homolog incidence is not an edge probability or a named target neuron
1704,C_type_hypothesis,720575940616042508,JO-B,left,CB1542,131,46,0.3511,,no,Use as a cell-type search term; require an observed exact pair before adding an edge,Homolog incidence is not an edge probability or a named target neuron
1705,C_type_hypothesis,720575940616042508,JO-B,left,CB1078,131,45,0.3435,,no,Use as a cell-type search term; require an observed exact pair before adding an edge,Homolog incidence is not an edge probability or a named target neuron
1706,C_type_hypothesis,720575940626286432,JO-B,right,CB2556,112,37,0.3304,,no,Use as a cell-type search term; require an observed exact pair before adding an edge,Homolog incidence is not an edge probability or a named target neuron
1707,C_type_hypothesis,720575940630161152,JO-B,right,CB2556,112,37,0.3304,,no,Use as a cell-type search term; require an observed exact pair before adding an edge,Homolog incidence is not an edge probability or a named target neuron
1708,C_type_hypothesis,720575940616042508,JO-B,left,JO-B,131,42,0.3206,,no,Use as a cell-type search term; require an observed exact pair before adding an edge,Homolog incidence is not an edge probability or a named target neuron
1709,C_type_hypothesis,720575940620320193,JO-EV,left,DNge091,22,7,0.3182,,no,Use as a cell-type search term; require an observed exact pair before adding an edge,Homolog incidence is not an edge probability or a named target neuron
1710,C_type_hypothesis,720575940616042508,JO-B,left,CB1076,131,41,0.313,,no,Use as a cell-type search term; require an observed exact pair before adding an edge,Homolog incidence is not an edge probability or a named target neuron
1711,C_type_hypothesis,720575940626286432,JO-B,right,CB1076,112,34,0.3036,,no,Use as a cell-type search term; require an observed exact pair before adding an edge,Homolog incidence is not an edge probability or a named target neuron
1712,C_type_hypothesis,720575940630161152,JO-B,right,CB1076,112,34,0.3036,,no,Use as a cell-type search term; require an observed exact pair before adding an edge,Homolog incidence is not an edge probability or a named target neuron
1713,C_type_hypothesis,720575940622811903,JO-mz,left,CB0591,20,6,0.3,,no,Use as a cell-type search term; require an observed exact pair before adding an edge,Homolog incidence is not an edge probability or a named target neuron
1714,C_type_hypothesis,720575940616042508,JO-B,left,CB2556,131,38,0.2901,,no,Use as a cell-type search term; require an observed exact pair before adding an edge,Homolog incidence is not an edge probability or a named target neuron
1715,C_type_hypothesis,720575940626286432,JO-B,right,CB1425,112,30,0.2679,,no,Use as a cell-type search term; require an observed exact pair before adding an edge,Homolog incidence is not an edge probability or a named target neuron
1716,C_type_hypothesis,720575940630161152,JO-B,right,CB1425,112,30,0.2679,,no,Use as a cell-type search term; require an observed exact pair before adding an edge,Homolog incidence is not an edge probability or a named target neuron
1717,C_type_hypothesis,720575940620320193,JO-EV,left,CB2440,22,5,0.2273,,no,Use as a cell-type search term; require an observed exact pair before adding an edge,Homolog incidence is not an edge probability or a named target neuron
1718,C_type_hypothesis,720575940606503870,R1-6,right,T1,3730,825,0.2212,379,yes,Use as a cell-type search term; require an observed exact pair before adding an edge,Homolog incidence is not an edge probability or a named target neuron
1719,C_type_hypothesis,720575940607773314,R1-6,right,T1,3730,825,0.2212,379,yes,Use as a cell-type search term; require an observed exact pair before adding an edge,Homolog incidence is not an edge probability or a named target neuron
1720,C_type_hypothesis,720575940607860169,R1-6,right,T1,3730,825,0.2212,379,yes,Use as a cell-type search term; require an observed exact pair before adding an edge,Homolog incidence is not an edge probability or a named target neuron
1721,C_type_hypothesis,720575940608078345,R1-6,right,T1,3730,825,0.2212,379,yes,Use as a cell-type search term; require an observed exact pair before adding an edge,Homolog incidence is not an edge probability or a named target neuron
1722,C_type_hypothesis,720575940609016668,R1-6,right,T1,3730,825,0.2212,379,yes,Use as a cell-type search term; require an observed exact pair before adding an edge,Homolog incidence is not an edge probability or a named target neuron
1723,C_type_hypothesis,720575940609485579,R1-6,right,T1,3730,825,0.2212,379,yes,Use as a cell-type search term; require an observed exact pair before adding an edge,Homolog incidence is not an edge probability or a named target neuron
1724,C_type_hypothesis,720575940610715204,R1-6,right,T1,3730,825,0.2212,379,yes,Use as a cell-type search term; require an observed exact pair before adding an edge,Homolog incidence is not an edge probability or a named target neuron
1725,C_type_hypothesis,720575940610821188,R1-6,right,T1,3730,825,0.2212,379,yes,Use as a cell-type search term; require an observed exact pair before adding an edge,Homolog incidence is not an edge probability or a named target neuron
1726,C_type_hypothesis,720575940611532664,R1-6,right,T1,3730,825,0.2212,379,yes,Use as a cell-type search term; require an observed exact pair before adding an edge,Homolog incidence is not an edge probability or a named target neuron
1727,C_type_hypothesis,720575940611550840,R1-6,right,T1,3730,825,0.2212,379,yes,Use as a cell-type search term; require an observed exact pair before adding an edge,Homolog incidence is not an edge probability or a named target neuron
1728,C_type_hypothesis,720575940612735194,R1-6,right,T1,3730,825,0.2212,379,yes,Use as a cell-type search term; require an observed exact pair before adding an edge,Homolog incidence is not an edge probability or a named target neuron
1729,C_type_hypothesis,720575940612839793,R1-6,right,T1,3730,825,0.2212,379,yes,Use as a cell-type search term; require an observed exact pair before adding an edge,Homolog incidence is not an edge probability or a named target neuron
1730,C_type_hypothesis,720575940612899763,R1-6,right,T1,3730,825,0.2212,379,yes,Use as a cell-type search term; require an observed exact pair before adding an edge,Homolog incidence is not an edge probability or a named target neuron
1731,C_type_hypothesis,720575940612943066,R1-6,right,T1,3730,825,0.2212,379,yes,Use as a cell-type search term; require an observed exact pair before adding an edge,Homolog incidence is not an edge probability or a named target neuron
1732,C_type_hypothesis,720575940612947635,R1-6,right,T1,3730,825,0.2212,379,yes,Use as a cell-type search term; require an observed exact pair before adding an edge,Homolog incidence is not an edge probability or a named target neuron
1733,C_type_hypothesis,720575940613196261,R1-6,right,T1,3730,825,0.2212,379,yes,Use as a cell-type search term; require an observed exact pair before adding an edge,Homolog incidence is not an edge probability or a named target neuron
1734,C_type_hypothesis,720575940613474474,R1-6,right,T1,3730,825,0.2212,379,yes,Use as a cell-type search term; require an observed exact pair before adding an edge,Homolog incidence is not an edge probability or a named target neuron
1735,C_type_hypothesis,720575940613971683,R1-6,right,T1,3730,825,0.2212,379,yes,Use as a cell-type search term; require an observed exact pair before adding an edge,Homolog incidence is not an edge probability or a named target neuron
1736,C_type_hypothesis,720575940614792623,R1-6,right,T1,3730,825,0.2212,379,yes,Use as a cell-type search term; require an observed exact pair before adding an edge,Homolog incidence is not an edge probability or a named target neuron
1737,C_type_hypothesis,720575940614839215,R1-6,right,T1,3730,825,0.2212,379,yes,Use as a cell-type search term; require an observed exact pair before adding an edge,Homolog incidence is not an edge probability or a named target neuron
1738,C_type_hypothesis,720575940614928849,R1-6,right,T1,3730,825,0.2212,379,yes,Use as a cell-type search term; require an observed exact pair before adding an edge,Homolog incidence is not an edge probability or a named target neuron
1739,C_type_hypothesis,720575940615167742,R1-6,right,T1,3730,825,0.2212,379,yes,Use as a cell-type search term; require an observed exact pair before adding an edge,Homolog incidence is not an edge probability or a named target neuron
1740,C_type_hypothesis,720575940615708066,R1-6,right,T1,3730,825,0.2212,379,yes,Use as a cell-type search term; require an observed exact pair before adding an edge,Homolog incidence is not an edge probability or a named target neuron
1741,C_type_hypothesis,720575940615951839,R1-6,right,T1,3730,825,0.2212,379,yes,Use as a cell-type search term; require an observed exact pair before adding an edge,Homolog incidence is not an edge probability or a named target neuron
1742,C_type_hypothesis,720575940616346822,R1-6,right,T1,3730,825,0.2212,379,yes,Use as a cell-type search term; require an observed exact pair before adding an edge,Homolog incidence is not an edge probability or a named target neuron
1743,C_type_hypothesis,720575940616450626,R1-6,right,T1,3730,825,0.2212,379,yes,Use as a cell-type search term; require an observed exact pair before adding an edge,Homolog incidence is not an edge probability or a named target neuron
1744,C_type_hypothesis,720575940617920827,R1-6,right,T1,3730,825,0.2212,379,yes,Use as a cell-type search term; require an observed exact pair before adding an edge,Homolog incidence is not an edge probability or a named target neuron
1745,C_type_hypothesis,720575940618115289,R1-6,right,T1,3730,825,0.2212,379,yes,Use as a cell-type search term; require an observed exact pair before adding an edge,Homolog incidence is not an edge probability or a named target neuron
1746,C_type_hypothesis,720575940618150105,R1-6,right,T1,3730,825,0.2212,379,yes,Use as a cell-type search term; require an observed exact pair before adding an edge,Homolog incidence is not an edge probability or a named target neuron
1747,C_type_hypothesis,720575940618223419,R1-6,right,T1,3730,825,0.2212,379,yes,Use as a cell-type search term; require an observed exact pair before adding an edge,Homolog incidence is not an edge probability or a named target neuron
1748,C_type_hypothesis,720575940618437922,R1-6,right,T1,3730,825,0.2212,379,yes,Use as a cell-type search term; require an observed exact pair before adding an edge,Homolog incidence is not an edge probability or a named target neuron
1749,C_type_hypothesis,720575940618531618,R1-6,right,T1,3730,825,0.2212,379,yes,Use as a cell-type search term; require an observed exact pair before adding an edge,Homolog incidence is not an edge probability or a named target neuron
1750,C_type_hypothesis,720575940618663069,R1-6,right,T1,3730,825,0.2212,379,yes,Use as a cell-type search term; require an observed exact pair before adding an edge,Homolog incidence is not an edge probability or a named target neuron
1751,C_type_hypothesis,720575940618712221,R1-6,right,T1,3730,825,0.2212,379,yes,Use as a cell-type search term; require an observed exact pair before adding an edge,Homolog incidence is not an edge probability or a named target neuron
1752,C_type_hypothesis,720575940618718977,R1-6,right,T1,3730,825,0.2212,379,yes,Use as a cell-type search term; require an observed exact pair before adding an edge,Homolog incidence is not an edge probability or a named target neuron
1753,C_type_hypothesis,720575940618743709,R1-6,right,T1,3730,825,0.2212,379,yes,Use as a cell-type search term; require an observed exact pair before adding an edge,Homolog incidence is not an edge probability or a named target neuron
1754,C_type_hypothesis,720575940619065664,R1-6,right,T1,3730,825,0.2212,379,yes,Use as a cell-type search term; require an observed exact pair before adding an edge,Homolog incidence is not an edge probability or a named target neuron
1755,C_type_hypothesis,720575940619877022,R1-6,right,T1,3730,825,0.2212,379,yes,Use as a cell-type search term; require an observed exact pair before adding an edge,Homolog incidence is not an edge probability or a named target neuron
1756,C_type_hypothesis,720575940620232920,R1-6,right,T1,3730,825,0.2212,379,yes,Use as a cell-type search term; require an observed exact pair before adding an edge,Homolog incidence is not an edge probability or a named target neuron
1757,C_type_hypothesis,720575940620629553,R1-6,right,T1,3730,825,0.2212,379,yes,Use as a cell-type search term; require an observed exact pair before adding an edge,Homolog incidence is not an edge probability or a named target neuron
1758,C_type_hypothesis,720575940620647760,R1-6,right,T1,3730,825,0.2212,379,yes,Use as a cell-type search term; require an observed exact pair before adding an edge,Homolog incidence is not an edge probability or a named target neuron
1759,C_type_hypothesis,720575940620666315,R1-6,right,T1,3730,825,0.2212,379,yes,Use as a cell-type search term; require an observed exact pair before adding an edge,Homolog incidence is not an edge probability or a named target neuron
1760,C_type_hypothesis,720575940620722000,R1-6,right,T1,3730,825,0.2212,379,yes,Use as a cell-type search term; require an observed exact pair before adding an edge,Homolog incidence is not an edge probability or a named target neuron
1761,C_type_hypothesis,720575940620753744,R1-6,right,T1,3730,825,0.2212,379,yes,Use as a cell-type search term; require an observed exact pair before adding an edge,Homolog incidence is not an edge probability or a named target neuron
1762,C_type_hypothesis,720575940621090213,R1-6,right,T1,3730,825,0.2212,379,yes,Use as a cell-type search term; require an observed exact pair before adding an edge,Homolog incidence is not an edge probability or a named target neuron
1763,C_type_hypothesis,720575940621103269,R1-6,right,T1,3730,825,0.2212,379,yes,Use as a cell-type search term; require an observed exact pair before adding an edge,Homolog incidence is not an edge probability or a named target neuron
1764,C_type_hypothesis,720575940621193051,R1-6,right,T1,3730,825,0.2212,379,yes,Use as a cell-type search term; require an observed exact pair before adding an edge,Homolog incidence is not an edge probability or a named target neuron
1765,C_type_hypothesis,720575940621349285,R1-6,right,T1,3730,825,0.2212,379,yes,Use as a cell-type search term; require an observed exact pair before adding an edge,Homolog incidence is not an edge probability or a named target neuron
1766,C_type_hypothesis,720575940621443206,R1-6,right,T1,3730,825,0.2212,379,yes,Use as a cell-type search term; require an observed exact pair before adding an edge,Homolog incidence is not an edge probability or a named target neuron
1767,C_type_hypothesis,720575940621462511,R1-6,right,T1,3730,825,0.2212,379,yes,Use as a cell-type search term; require an observed exact pair before adding an edge,Homolog incidence is not an edge probability or a named target neuron
1768,C_type_hypothesis,720575940621489243,R1-6,right,T1,3730,825,0.2212,379,yes,Use as a cell-type search term; require an observed exact pair before adding an edge,Homolog incidence is not an edge probability or a named target neuron
1769,C_type_hypothesis,720575940621500070,R1-6,right,T1,3730,825,0.2212,379,yes,Use as a cell-type search term; require an observed exact pair before adding an edge,Homolog incidence is not an edge probability or a named target neuron
1770,C_type_hypothesis,720575940621667462,R1-6,right,T1,3730,825,0.2212,379,yes,Use as a cell-type search term; require an observed exact pair before adding an edge,Homolog incidence is not an edge probability or a named target neuron
1771,C_type_hypothesis,720575940621944941,R1-6,right,T1,3730,825,0.2212,379,yes,Use as a cell-type search term; require an observed exact pair before adding an edge,Homolog incidence is not an edge probability or a named target neuron
1772,C_type_hypothesis,720575940622029494,R1-6,right,T1,3730,825,0.2212,379,yes,Use as a cell-type search term; require an observed exact pair before adding an edge,Homolog incidence is not an edge probability or a named target neuron
1773,C_type_hypothesis,720575940622056368,R1-6,right,T1,3730,825,0.2212,379,yes,Use as a cell-type search term; require an observed exact pair before adding an edge,Homolog incidence is not an edge probability or a named target neuron
1774,C_type_hypothesis,720575940622270273,R1-6,right,T1,3730,825,0.2212,379,yes,Use as a cell-type search term; require an observed exact pair before adding an edge,Homolog incidence is not an edge probability or a named target neuron
1775,C_type_hypothesis,720575940622303216,R1-6,right,T1,3730,825,0.2212,379,yes,Use as a cell-type search term; require an observed exact pair before adding an edge,Homolog incidence is not an edge probability or a named target neuron
1776,C_type_hypothesis,720575940622404991,R1-6,right,T1,3730,825,0.2212,379,yes,Use as a cell-type search term; require an observed exact pair before adding an edge,Homolog incidence is not an edge probability or a named target neuron
1777,C_type_hypothesis,720575940622545023,R1-6,right,T1,3730,825,0.2212,379,yes,Use as a cell-type search term; require an observed exact pair before adding an edge,Homolog incidence is not an edge probability or a named target neuron
1778,C_type_hypothesis,720575940622703640,R1-6,right,T1,3730,825,0.2212,379,yes,Use as a cell-type search term; require an observed exact pair before adding an edge,Homolog incidence is not an edge probability or a named target neuron
1779,C_type_hypothesis,720575940622799137,R1-6,right,T1,3730,825,0.2212,379,yes,Use as a cell-type search term; require an observed exact pair before adding an edge,Homolog incidence is not an edge probability or a named target neuron
1780,C_type_hypothesis,720575940622799898,R1-6,right,T1,3730,825,0.2212,379,yes,Use as a cell-type search term; require an observed exact pair before adding an edge,Homolog incidence is not an edge probability or a named target neuron
1781,C_type_hypothesis,720575940622814302,R1-6,right,T1,3730,825,0.2212,379,yes,Use as a cell-type search term; require an observed exact pair before adding an edge,Homolog incidence is not an edge probability or a named target neuron
1782,C_type_hypothesis,720575940622918012,R1-6,right,T1,3730,825,0.2212,379,yes,Use as a cell-type search term; require an observed exact pair before adding an edge,Homolog incidence is not an edge probability or a named target neuron
1783,C_type_hypothesis,720575940622939998,R1-6,right,T1,3730,825,0.2212,379,yes,Use as a cell-type search term; require an observed exact pair before adding an edge,Homolog incidence is not an edge probability or a named target neuron
1784,C_type_hypothesis,720575940623003169,R1-6,right,T1,3730,825,0.2212,379,yes,Use as a cell-type search term; require an observed exact pair before adding an edge,Homolog incidence is not an edge probability or a named target neuron
1785,C_type_hypothesis,720575940623005308,R1-6,right,T1,3730,825,0.2212,379,yes,Use as a cell-type search term; require an observed exact pair before adding an edge,Homolog incidence is not an edge probability or a named target neuron
1786,C_type_hypothesis,720575940623239133,R1-6,right,T1,3730,825,0.2212,379,yes,Use as a cell-type search term; require an observed exact pair before adding an edge,Homolog incidence is not an edge probability or a named target neuron
1787,C_type_hypothesis,720575940623770637,R1-6,right,T1,3730,825,0.2212,379,yes,Use as a cell-type search term; require an observed exact pair before adding an edge,Homolog incidence is not an edge probability or a named target neuron
1788,C_type_hypothesis,720575940624139305,R1-6,right,T1,3730,825,0.2212,379,yes,Use as a cell-type search term; require an observed exact pair before adding an edge,Homolog incidence is not an edge probability or a named target neuron
1789,C_type_hypothesis,720575940624141508,R1-6,right,T1,3730,825,0.2212,379,yes,Use as a cell-type search term; require an observed exact pair before adding an edge,Homolog incidence is not an edge probability or a named target neuron
1790,C_type_hypothesis,720575940624870217,R1-6,right,T1,3730,825,0.2212,379,yes,Use as a cell-type search term; require an observed exact pair before adding an edge,Homolog incidence is not an edge probability or a named target neuron
1791,C_type_hypothesis,720575940624956139,R1-6,right,T1,3730,825,0.2212,379,yes,Use as a cell-type search term; require an observed exact pair before adding an edge,Homolog incidence is not an edge probability or a named target neuron
1792,C_type_hypothesis,720575940625113015,R1-6,right,T1,3730,825,0.2212,379,yes,Use as a cell-type search term; require an observed exact pair before adding an edge,Homolog incidence is not an edge probability or a named target neuron
1793,C_type_hypothesis,720575940625125640,R1-6,right,T1,3730,825,0.2212,379,yes,Use as a cell-type search term; require an observed exact pair before adding an edge,Homolog incidence is not an edge probability or a named target neuron
1794,C_type_hypothesis,720575940625416167,R1-6,right,T1,3730,825,0.2212,379,yes,Use as a cell-type search term; require an observed exact pair before adding an edge,Homolog incidence is not an edge probability or a named target neuron
1795,C_type_hypothesis,720575940625511572,R1-6,right,T1,3730,825,0.2212,379,yes,Use as a cell-type search term; require an observed exact pair before adding an edge,Homolog incidence is not an edge probability or a named target neuron
1796,C_type_hypothesis,720575940625717747,R1-6,right,T1,3730,825,0.2212,379,yes,Use as a cell-type search term; require an observed exact pair before adding an edge,Homolog incidence is not an edge probability or a named target neuron
1797,C_type_hypothesis,720575940625781692,R1-6,right,T1,3730,825,0.2212,379,yes,Use as a cell-type search term; require an observed exact pair before adding an edge,Homolog incidence is not an edge probability or a named target neuron
1798,C_type_hypothesis,720575940626585744,R1-6,right,T1,3730,825,0.2212,379,yes,Use as a cell-type search term; require an observed exact pair before adding an edge,Homolog incidence is not an edge probability or a named target neuron
1799,C_type_hypothesis,720575940626928740,R1-6,right,T1,3730,825,0.2212,379,yes,Use as a cell-type search term; require an observed exact pair before adding an edge,Homolog incidence is not an edge probability or a named target neuron
1800,C_type_hypothesis,720575940627138306,R1-6,right,T1,3730,825,0.2212,379,yes,Use as a cell-type search term; require an observed exact pair before adding an edge,Homolog incidence is not an edge probability or a named target neuron
1801,C_type_hypothesis,720575940627638558,R1-6,right,T1,3730,825,0.2212,379,yes,Use as a cell-type search term; require an observed exact pair before adding an edge,Homolog incidence is not an edge probability or a named target neuron
1802,C_type_hypothesis,720575940627671433,R1-6,right,T1,3730,825,0.2212,379,yes,Use as a cell-type search term; require an observed exact pair before adding an edge,Homolog incidence is not an edge probability or a named target neuron
1803,C_type_hypothesis,720575940627855768,R1-6,right,T1,3730,825,0.2212,379,yes,Use as a cell-type search term; require an observed exact pair before adding an edge,Homolog incidence is not an edge probability or a named target neuron
1804,C_type_hypothesis,720575940627873299,R1-6,right,T1,3730,825,0.2212,379,yes,Use as a cell-type search term; require an observed exact pair before adding an edge,Homolog incidence is not an edge probability or a named target neuron
1805,C_type_hypothesis,720575940628054397,R1-6,right,T1,3730,825,0.2212,379,yes,Use as a cell-type search term; require an observed exact pair before adding an edge,Homolog incidence is not an edge probability or a named target neuron
1806,C_type_hypothesis,720575940628102013,R1-6,right,T1,3730,825,0.2212,379,yes,Use as a cell-type search term; require an observed exact pair before adding an edge,Homolog incidence is not an edge probability or a named target neuron
1807,C_type_hypothesis,720575940628131130,R1-6,right,T1,3730,825,0.2212,379,yes,Use as a cell-type search term; require an observed exact pair before adding an edge,Homolog incidence is not an edge probability or a named target neuron
1808,C_type_hypothesis,720575940628442389,R1-6,right,T1,3730,825,0.2212,379,yes,Use as a cell-type search term; require an observed exact pair before adding an edge,Homolog incidence is not an edge probability or a named target neuron
1809,C_type_hypothesis,720575940628522152,R1-6,right,T1,3730,825,0.2212,379,yes,Use as a cell-type search term; require an observed exact pair before adding an edge,Homolog incidence is not an edge probability or a named target neuron
1810,C_type_hypothesis,720575940628648936,R1-6,right,T1,3730,825,0.2212,379,yes,Use as a cell-type search term; require an observed exact pair before adding an edge,Homolog incidence is not an edge probability or a named target neuron
1811,C_type_hypothesis,720575940628789064,R1-6,right,T1,3730,825,0.2212,379,yes,Use as a cell-type search term; require an observed exact pair before adding an edge,Homolog incidence is not an edge probability or a named target neuron
1812,C_type_hypothesis,720575940629285873,R1-6,right,T1,3730,825,0.2212,379,yes,Use as a cell-type search term; require an observed exact pair before adding an edge,Homolog incidence is not an edge probability or a named target neuron
1813,C_type_hypothesis,720575940629377641,R1-6,right,T1,3730,825,0.2212,379,yes,Use as a cell-type search term; require an observed exact pair before adding an edge,Homolog incidence is not an edge probability or a named target neuron
1814,C_type_hypothesis,720575940629499395,R1-6,right,T1,3730,825,0.2212,379,yes,Use as a cell-type search term; require an observed exact pair before adding an edge,Homolog incidence is not an edge probability or a named target neuron
1815,C_type_hypothesis,720575940629714793,R1-6,right,T1,3730,825,0.2212,379,yes,Use as a cell-type search term; require an observed exact pair before adding an edge,Homolog incidence is not an edge probability or a named target neuron
1816,C_type_hypothesis,720575940629854507,R1-6,right,T1,3730,825,0.2212,379,yes,Use as a cell-type search term; require an observed exact pair before adding an edge,Homolog incidence is not an edge probability or a named target neuron
1817,C_type_hypothesis,720575940630333566,R1-6,right,T1,3730,825,0.2212,379,yes,Use as a cell-type search term; require an observed exact pair before adding an edge,Homolog incidence is not an edge probability or a named target neuron
1818,C_type_hypothesis,720575940630351554,R1-6,right,T1,3730,825,0.2212,379,yes,Use as a cell-type search term; require an observed exact pair before adding an edge,Homolog incidence is not an edge probability or a named target neuron
1819,C_type_hypothesis,720575940630423418,R1-6,right,T1,3730,825,0.2212,379,yes,Use as a cell-type search term; require an observed exact pair before adding an edge,Homolog incidence is not an edge probability or a named target neuron
1820,C_type_hypothesis,720575940630485626,R1-6,right,T1,3730,825,0.2212,379,yes,Use as a cell-type search term; require an observed exact pair before adding an edge,Homolog incidence is not an edge probability or a named target neuron
1821,C_type_hypothesis,720575940630869548,R1-6,right,T1,3730,825,0.2212,379,yes,Use as a cell-type search term; require an observed exact pair before adding an edge,Homolog incidence is not an edge probability or a named target neuron
1822,C_type_hypothesis,720575940630871260,R1-6,right,T1,3730,825,0.2212,379,yes,Use as a cell-type search term; require an observed exact pair before adding an edge,Homolog incidence is not an edge probability or a named target neuron
1823,C_type_hypothesis,720575940631043900,R1-6,right,T1,3730,825,0.2212,379,yes,Use as a cell-type search term; require an observed exact pair before adding an edge,Homolog incidence is not an edge probability or a named target neuron
1824,C_type_hypothesis,720575940631048812,R1-6,right,T1,3730,825,0.2212,379,yes,Use as a cell-type search term; require an observed exact pair before adding an edge,Homolog incidence is not an edge probability or a named target neuron
1825,C_type_hypothesis,720575940631186550,R1-6,right,T1,3730,825,0.2212,379,yes,Use as a cell-type search term; require an observed exact pair before adding an edge,Homolog incidence is not an edge probability or a named target neuron
1826,C_type_hypothesis,720575940631286636,R1-6,right,T1,3730,825,0.2212,379,yes,Use as a cell-type search term; require an observed exact pair before adding an edge,Homolog incidence is not an edge probability or a named target neuron
1827,C_type_hypothesis,720575940631301883,R1-6,right,T1,3730,825,0.2212,379,yes,Use as a cell-type search term; require an observed exact pair before adding an edge,Homolog incidence is not an edge probability or a named target neuron
1828,C_type_hypothesis,720575940631388887,R1-6,right,T1,3730,825,0.2212,379,yes,Use as a cell-type search term; require an observed exact pair before adding an edge,Homolog incidence is not an edge probability or a named target neuron
1829,C_type_hypothesis,720575940631647173,R1-6,right,T1,3730,825,0.2212,379,yes,Use as a cell-type search term; require an observed exact pair before adding an edge,Homolog incidence is not an edge probability or a named target neuron
1830,C_type_hypothesis,720575940631750095,R1-6,right,T1,3730,825,0.2212,379,yes,Use as a cell-type search term; require an observed exact pair before adding an edge,Homolog incidence is not an edge probability or a named target neuron
1831,C_type_hypothesis,720575940631845839,R1-6,right,T1,3730,825,0.2212,379,yes,Use as a cell-type search term; require an observed exact pair before adding an edge,Homolog incidence is not an edge probability or a named target neuron
1832,C_type_hypothesis,720575940632083275,R1-6,right,T1,3730,825,0.2212,379,yes,Use as a cell-type search term; require an observed exact pair before adding an edge,Homolog incidence is not an edge probability or a named target neuron
1833,C_type_hypothesis,720575940632189970,R1-6,right,T1,3730,825,0.2212,379,yes,Use as a cell-type search term; require an observed exact pair before adding an edge,Homolog incidence is not an edge probability or a named target neuron
1834,C_type_hypothesis,720575940632382994,R1-6,right,T1,3730,825,0.2212,379,yes,Use as a cell-type search term; require an observed exact pair before adding an edge,Homolog incidence is not an edge probability or a named target neuron
1835,C_type_hypothesis,720575940632581945,R1-6,right,T1,3730,825,0.2212,379,yes,Use as a cell-type search term; require an observed exact pair before adding an edge,Homolog incidence is not an edge probability or a named target neuron
1836,C_type_hypothesis,720575940633176351,R1-6,right,T1,3730,825,0.2212,379,yes,Use as a cell-type search term; require an observed exact pair before adding an edge,Homolog incidence is not an edge probability or a named target neuron
1837,C_type_hypothesis,720575940633188492,R1-6,right,T1,3730,825,0.2212,379,yes,Use as a cell-type search term; require an observed exact pair before adding an edge,Homolog incidence is not an edge probability or a named target neuron
1838,C_type_hypothesis,720575940633561887,R1-6,right,T1,3730,825,0.2212,379,yes,Use as a cell-type search term; require an observed exact pair before adding an edge,Homolog incidence is not an edge probability or a named target neuron
1839,C_type_hypothesis,720575940633773523,R1-6,right,T1,3730,825,0.2212,379,yes,Use as a cell-type search term; require an observed exact pair before adding an edge,Homolog incidence is not an edge probability or a named target neuron
1840,C_type_hypothesis,720575940635013020,R1-6,right,T1,3730,825,0.2212,379,yes,Use as a cell-type search term; require an observed exact pair before adding an edge,Homolog incidence is not an edge probability or a named target neuron
1841,C_type_hypothesis,720575940635168407,R1-6,right,T1,3730,825,0.2212,379,yes,Use as a cell-type search term; require an observed exact pair before adding an edge,Homolog incidence is not an edge probability or a named target neuron
1842,C_type_hypothesis,720575940635516058,R1-6,right,T1,3730,825,0.2212,379,yes,Use as a cell-type search term; require an observed exact pair before adding an edge,Homolog incidence is not an edge probability or a named target neuron
1843,C_type_hypothesis,720575940635677887,R1-6,right,T1,3730,825,0.2212,379,yes,Use as a cell-type search term; require an observed exact pair before adding an edge,Homolog incidence is not an edge probability or a named target neuron
1844,C_type_hypothesis,720575940636307960,R1-6,right,T1,3730,825,0.2212,379,yes,Use as a cell-type search term; require an observed exact pair before adding an edge,Homolog incidence is not an edge probability or a named target neuron
1845,C_type_hypothesis,720575940636401400,R1-6,right,T1,3730,825,0.2212,379,yes,Use as a cell-type search term; require an observed exact pair before adding an edge,Homolog incidence is not an edge probability or a named target neuron
1846,C_type_hypothesis,720575940637514414,R1-6,right,T1,3730,825,0.2212,379,yes,Use as a cell-type search term; require an observed exact pair before adding an edge,Homolog incidence is not an edge probability or a named target neuron
1847,C_type_hypothesis,720575940638616922,R1-6,right,T1,3730,825,0.2212,379,yes,Use as a cell-type search term; require an observed exact pair before adding an edge,Homolog incidence is not an edge probability or a named target neuron
1848,C_type_hypothesis,720575940638921700,R1-6,right,T1,3730,825,0.2212,379,yes,Use as a cell-type search term; require an observed exact pair before adding an edge,Homolog incidence is not an edge probability or a named target neuron
1849,C_type_hypothesis,720575940639201508,R1-6,right,T1,3730,825,0.2212,379,yes,Use as a cell-type search term; require an observed exact pair before adding an edge,Homolog incidence is not an edge probability or a named target neuron
1850,C_type_hypothesis,720575940640017597,R1-6,right,T1,3730,825,0.2212,379,yes,Use as a cell-type search term; require an observed exact pair before adding an edge,Homolog incidence is not an edge probability or a named target neuron
1851,C_type_hypothesis,720575940643034765,R1-6,right,T1,3730,825,0.2212,379,yes,Use as a cell-type search term; require an observed exact pair before adding an edge,Homolog incidence is not an edge probability or a named target neuron
1852,C_type_hypothesis,720575940644276128,R1-6,right,T1,3730,825,0.2212,379,yes,Use as a cell-type search term; require an observed exact pair before adding an edge,Homolog incidence is not an edge probability or a named target neuron
1853,C_type_hypothesis,720575940645941027,R1-6,right,T1,3730,825,0.2212,379,yes,Use as a cell-type search term; require an observed exact pair before adding an edge,Homolog incidence is not an edge probability or a named target neuron
1854,C_type_hypothesis,720575940645991278,R1-6,right,T1,3730,825,0.2212,379,yes,Use as a cell-type search term; require an observed exact pair before adding an edge,Homolog incidence is not an edge probability or a named target neuron
1855,C_type_hypothesis,720575940646459502,R1-6,right,T1,3730,825,0.2212,379,yes,Use as a cell-type search term; require an observed exact pair before adding an edge,Homolog incidence is not an edge probability or a named target neuron
1856,C_type_hypothesis,720575940647229219,R1-6,right,T1,3730,825,0.2212,379,yes,Use as a cell-type search term; require an observed exact pair before adding an edge,Homolog incidence is not an edge probability or a named target neuron
1857,C_type_hypothesis,720575940648383364,R1-6,right,T1,3730,825,0.2212,379,yes,Use as a cell-type search term; require an observed exact pair before adding an edge,Homolog incidence is not an edge probability or a named target neuron
1858,C_type_hypothesis,720575940655596193,R1-6,right,T1,3730,825,0.2212,379,yes,Use as a cell-type search term; require an observed exact pair before adding an edge,Homolog incidence is not an edge probability or a named target neuron
1859,C_type_hypothesis,720575940605634220,R1-6,left,R1-6,3925,543,0.1383,264,yes,Use as a cell-type search term; require an observed exact pair before adding an edge,Homolog incidence is not an edge probability or a named target neuron
1860,C_type_hypothesis,720575940606007280,R1-6,left,R1-6,3925,543,0.1383,264,yes,Use as a cell-type search term; require an observed exact pair before adding an edge,Homolog incidence is not an edge probability or a named target neuron
1861,C_type_hypothesis,720575940606022128,R1-6,left,R1-6,3925,543,0.1383,264,yes,Use as a cell-type search term; require an observed exact pair before adding an edge,Homolog incidence is not an edge probability or a named target neuron
1862,C_type_hypothesis,720575940606180896,R1-6,left,R1-6,3925,543,0.1383,264,yes,Use as a cell-type search term; require an observed exact pair before adding an edge,Homolog incidence is not an edge probability or a named target neuron
1863,C_type_hypothesis,720575940606245822,R1-6,left,R1-6,3925,543,0.1383,264,yes,Use as a cell-type search term; require an observed exact pair before adding an edge,Homolog incidence is not an edge probability or a named target neuron
1864,C_type_hypothesis,720575940606292326,R1-6,left,R1-6,3925,543,0.1383,264,yes,Use as a cell-type search term; require an observed exact pair before adding an edge,Homolog incidence is not an edge probability or a named target neuron
1865,C_type_hypothesis,720575940606292582,R1-6,left,R1-6,3925,543,0.1383,264,yes,Use as a cell-type search term; require an observed exact pair before adding an edge,Homolog incidence is not an edge probability or a named target neuron
1866,C_type_hypothesis,720575940606578790,R1-6,left,R1-6,3925,543,0.1383,264,yes,Use as a cell-type search term; require an observed exact pair before adding an edge,Homolog incidence is not an edge probability or a named target neuron
1867,C_type_hypothesis,720575940606630590,R1-6,left,R1-6,3925,543,0.1383,264,yes,Use as a cell-type search term; require an observed exact pair before adding an edge,Homolog incidence is not an edge probability or a named target neuron
1868,C_type_hypothesis,720575940606631102,R1-6,left,R1-6,3925,543,0.1383,264,yes,Use as a cell-type search term; require an observed exact pair before adding an edge,Homolog incidence is not an edge probability or a named target neuron
1869,C_type_hypothesis,720575940606679742,R1-6,left,R1-6,3925,543,0.1383,264,yes,Use as a cell-type search term; require an observed exact pair before adding an edge,Homolog incidence is not an edge probability or a named target neuron
1870,C_type_hypothesis,720575940606872816,R1-6,left,R1-6,3925,543,0.1383,264,yes,Use as a cell-type search term; require an observed exact pair before adding an edge,Homolog incidence is not an edge probability or a named target neuron
1871,C_type_hypothesis,720575940606928561,R1-6,left,R1-6,3925,543,0.1383,264,yes,Use as a cell-type search term; require an observed exact pair before adding an edge,Homolog incidence is not an edge probability or a named target neuron
1872,C_type_hypothesis,720575940606930865,R1-6,left,R1-6,3925,543,0.1383,264,yes,Use as a cell-type search term; require an observed exact pair before adding an edge,Homolog incidence is not an edge probability or a named target neuron
1873,C_type_hypothesis,720575940607808130,R1-6,left,R1-6,3925,543,0.1383,264,yes,Use as a cell-type search term; require an observed exact pair before adding an edge,Homolog incidence is not an edge probability or a named target neuron
1874,C_type_hypothesis,720575940608224178,R1-6,left,R1-6,3925,543,0.1383,264,yes,Use as a cell-type search term; require an observed exact pair before adding an edge,Homolog incidence is not an edge probability or a named target neuron
1875,C_type_hypothesis,720575940608903260,R1-6,left,R1-6,3925,543,0.1383,264,yes,Use as a cell-type search term; require an observed exact pair before adding an edge,Homolog incidence is not an edge probability or a named target neuron
1876,C_type_hypothesis,720575940608989276,R1-6,left,R1-6,3925,543,0.1383,264,yes,Use as a cell-type search term; require an observed exact pair before adding an edge,Homolog incidence is not an edge probability or a named target neuron
1877,C_type_hypothesis,720575940609220873,R1-6,left,R1-6,3925,543,0.1383,264,yes,Use as a cell-type search term; require an observed exact pair before adding an edge,Homolog incidence is not an edge probability or a named target neuron
1878,C_type_hypothesis,720575940609221900,R1-6,left,R1-6,3925,543,0.1383,264,yes,Use as a cell-type search term; require an observed exact pair before adding an edge,Homolog incidence is not an edge probability or a named target neuron
1879,C_type_hypothesis,720575940609518091,R1-6,left,R1-6,3925,543,0.1383,264,yes,Use as a cell-type search term; require an observed exact pair before adding an edge,Homolog incidence is not an edge probability or a named target neuron
1880,C_type_hypothesis,720575940609748437,R1-6,left,R1-6,3925,543,0.1383,264,yes,Use as a cell-type search term; require an observed exact pair before adding an edge,Homolog incidence is not an edge probability or a named target neuron
1881,C_type_hypothesis,720575940609782027,R1-6,left,R1-6,3925,543,0.1383,264,yes,Use as a cell-type search term; require an observed exact pair before adding an edge,Homolog incidence is not an edge probability or a named target neuron
1882,C_type_hypothesis,720575940609782283,R1-6,left,R1-6,3925,543,0.1383,264,yes,Use as a cell-type search term; require an observed exact pair before adding an edge,Homolog incidence is not an edge probability or a named target neuron
1883,C_type_hypothesis,720575940609970371,R1-6,left,R1-6,3925,543,0.1383,264,yes,Use as a cell-type search term; require an observed exact pair before adding an edge,Homolog incidence is not an edge probability or a named target neuron
1884,C_type_hypothesis,720575940609972675,R1-6,left,R1-6,3925,543,0.1383,264,yes,Use as a cell-type search term; require an observed exact pair before adding an edge,Homolog incidence is not an edge probability or a named target neuron
1885,C_type_hypothesis,720575940610004675,R1-6,left,R1-6,3925,543,0.1383,264,yes,Use as a cell-type search term; require an observed exact pair before adding an edge,Homolog incidence is not an edge probability or a named target neuron
1886,C_type_hypothesis,720575940610073940,R1-6,left,R1-6,3925,543,0.1383,264,yes,Use as a cell-type search term; require an observed exact pair before adding an edge,Homolog incidence is not an edge probability or a named target neuron
1887,C_type_hypothesis,720575940610188669,R1-6,left,R1-6,3925,543,0.1383,264,yes,Use as a cell-type search term; require an observed exact pair before adding an edge,Homolog incidence is not an edge probability or a named target neuron
1888,C_type_hypothesis,720575940610759764,R1-6,left,R1-6,3925,543,0.1383,264,yes,Use as a cell-type search term; require an observed exact pair before adding an edge,Homolog incidence is not an edge probability or a named target neuron
1889,C_type_hypothesis,720575940610761300,R1-6,left,R1-6,3925,543,0.1383,264,yes,Use as a cell-type search term; require an observed exact pair before adding an edge,Homolog incidence is not an edge probability or a named target neuron
1890,C_type_hypothesis,720575940610948164,R1-6,left,R1-6,3925,543,0.1383,264,yes,Use as a cell-type search term; require an observed exact pair before adding an edge,Homolog incidence is not an edge probability or a named target neuron
1891,C_type_hypothesis,720575940610973252,R1-6,left,R1-6,3925,543,0.1383,264,yes,Use as a cell-type search term; require an observed exact pair before adding an edge,Homolog incidence is not an edge probability or a named target neuron
1892,C_type_hypothesis,720575940611539666,R1-6,left,R1-6,3925,543,0.1383,264,yes,Use as a cell-type search term; require an observed exact pair before adding an edge,Homolog incidence is not an edge probability or a named target neuron
1893,C_type_hypothesis,720575940611801976,R1-6,left,R1-6,3925,543,0.1383,264,yes,Use as a cell-type search term; require an observed exact pair before adding an edge,Homolog incidence is not an edge probability or a named target neuron
1894,C_type_hypothesis,720575940611982690,R1-6,left,R1-6,3925,543,0.1383,264,yes,Use as a cell-type search term; require an observed exact pair before adding an edge,Homolog incidence is not an edge probability or a named target neuron
1895,C_type_hypothesis,720575940612354196,R1-6,left,R1-6,3925,543,0.1383,264,yes,Use as a cell-type search term; require an observed exact pair before adding an edge,Homolog incidence is not an edge probability or a named target neuron
1896,C_type_hypothesis,720575940612688789,R1-6,left,R1-6,3925,543,0.1383,264,yes,Use as a cell-type search term; require an observed exact pair before adding an edge,Homolog incidence is not an edge probability or a named target neuron
1897,C_type_hypothesis,720575940612706778,R1-6,left,R1-6,3925,543,0.1383,264,yes,Use as a cell-type search term; require an observed exact pair before adding an edge,Homolog incidence is not an edge probability or a named target neuron
1898,C_type_hypothesis,720575940612888026,R1-6,left,R1-6,3925,543,0.1383,264,yes,Use as a cell-type search term; require an observed exact pair before adding an edge,Homolog incidence is not an edge probability or a named target neuron
1899,C_type_hypothesis,720575940612910578,R1-6,left,R1-6,3925,543,0.1383,264,yes,Use as a cell-type search term; require an observed exact pair before adding an edge,Homolog incidence is not an edge probability or a named target neuron
1900,C_type_hypothesis,720575940612970202,R1-6,left,R1-6,3925,543,0.1383,264,yes,Use as a cell-type search term; require an observed exact pair before adding an edge,Homolog incidence is not an edge probability or a named target neuron
1901,C_type_hypothesis,720575940613055194,R1-6,left,R1-6,3925,543,0.1383,264,yes,Use as a cell-type search term; require an observed exact pair before adding an edge,Homolog incidence is not an edge probability or a named target neuron
1902,C_type_hypothesis,720575940613138674,R1-6,left,R1-6,3925,543,0.1383,264,yes,Use as a cell-type search term; require an observed exact pair before adding an edge,Homolog incidence is not an edge probability or a named target neuron
1903,C_type_hypothesis,720575940613270642,R1-6,left,R1-6,3925,543,0.1383,264,yes,Use as a cell-type search term; require an observed exact pair before adding an edge,Homolog incidence is not an edge probability or a named target neuron
1904,C_type_hypothesis,720575940613465366,R1-6,left,R1-6,3925,543,0.1383,264,yes,Use as a cell-type search term; require an observed exact pair before adding an edge,Homolog incidence is not an edge probability or a named target neuron
1905,C_type_hypothesis,720575940613466134,R1-6,left,R1-6,3925,543,0.1383,264,yes,Use as a cell-type search term; require an observed exact pair before adding an edge,Homolog incidence is not an edge probability or a named target neuron
1906,C_type_hypothesis,720575940613466853,R1-6,left,R1-6,3925,543,0.1383,264,yes,Use as a cell-type search term; require an observed exact pair before adding an edge,Homolog incidence is not an edge probability or a named target neuron
1907,C_type_hypothesis,720575940613468389,R1-6,left,R1-6,3925,543,0.1383,264,yes,Use as a cell-type search term; require an observed exact pair before adding an edge,Homolog incidence is not an edge probability or a named target neuron
1908,C_type_hypothesis,720575940613476581,R1-6,left,R1-6,3925,543,0.1383,264,yes,Use as a cell-type search term; require an observed exact pair before adding an edge,Homolog incidence is not an edge probability or a named target neuron
1909,C_type_hypothesis,720575940613486762,R1-6,left,R1-6,3925,543,0.1383,264,yes,Use as a cell-type search term; require an observed exact pair before adding an edge,Homolog incidence is not an edge probability or a named target neuron
1910,C_type_hypothesis,720575940613582996,R1-6,left,R1-6,3925,543,0.1383,264,yes,Use as a cell-type search term; require an observed exact pair before adding an edge,Homolog incidence is not an edge probability or a named target neuron
1911,C_type_hypothesis,720575940613823090,R1-6,left,R1-6,3925,543,0.1383,264,yes,Use as a cell-type search term; require an observed exact pair before adding an edge,Homolog incidence is not an edge probability or a named target neuron
1912,C_type_hypothesis,720575940614194925,R1-6,left,R1-6,3925,543,0.1383,264,yes,Use as a cell-type search term; require an observed exact pair before adding an edge,Homolog incidence is not an edge probability or a named target neuron
1913,C_type_hypothesis,720575940614197485,R1-6,left,R1-6,3925,543,0.1383,264,yes,Use as a cell-type search term; require an observed exact pair before adding an edge,Homolog incidence is not an edge probability or a named target neuron
1914,C_type_hypothesis,720575940614199789,R1-6,left,R1-6,3925,543,0.1383,264,yes,Use as a cell-type search term; require an observed exact pair before adding an edge,Homolog incidence is not an edge probability or a named target neuron
1915,C_type_hypothesis,720575940614200557,R1-6,left,R1-6,3925,543,0.1383,264,yes,Use as a cell-type search term; require an observed exact pair before adding an edge,Homolog incidence is not an edge probability or a named target neuron
1916,C_type_hypothesis,720575940614309736,R1-6,left,R1-6,3925,543,0.1383,264,yes,Use as a cell-type search term; require an observed exact pair before adding an edge,Homolog incidence is not an edge probability or a named target neuron
1917,C_type_hypothesis,720575940614567855,R1-6,left,R1-6,3925,543,0.1383,264,yes,Use as a cell-type search term; require an observed exact pair before adding an edge,Homolog incidence is not an edge probability or a named target neuron
1918,C_type_hypothesis,720575940614634927,R1-6,left,R1-6,3925,543,0.1383,264,yes,Use as a cell-type search term; require an observed exact pair before adding an edge,Homolog incidence is not an edge probability or a named target neuron
1919,C_type_hypothesis,720575940614641000,R1-6,left,R1-6,3925,543,0.1383,264,yes,Use as a cell-type search term; require an observed exact pair before adding an edge,Homolog incidence is not an edge probability or a named target neuron
1920,C_type_hypothesis,720575940614849967,R1-6,left,R1-6,3925,543,0.1383,264,yes,Use as a cell-type search term; require an observed exact pair before adding an edge,Homolog incidence is not an edge probability or a named target neuron
1921,C_type_hypothesis,720575940614951377,R1-6,left,R1-6,3925,543,0.1383,264,yes,Use as a cell-type search term; require an observed exact pair before adding an edge,Homolog incidence is not an edge probability or a named target neuron
1922,C_type_hypothesis,720575940615103998,R1-6,left,R1-6,3925,543,0.1383,264,yes,Use as a cell-type search term; require an observed exact pair before adding an edge,Homolog incidence is not an edge probability or a named target neuron
1923,C_type_hypothesis,720575940615196839,R1-6,left,R1-6,3925,543,0.1383,264,yes,Use as a cell-type search term; require an observed exact pair before adding an edge,Homolog incidence is not an edge probability or a named target neuron
1924,C_type_hypothesis,720575940615234001,R1-6,left,R1-6,3925,543,0.1383,264,yes,Use as a cell-type search term; require an observed exact pair before adding an edge,Homolog incidence is not an edge probability or a named target neuron
1925,C_type_hypothesis,720575940615322514,R1-6,left,R1-6,3925,543,0.1383,264,yes,Use as a cell-type search term; require an observed exact pair before adding an edge,Homolog incidence is not an edge probability or a named target neuron
1926,C_type_hypothesis,720575940615556498,R1-6,left,R1-6,3925,543,0.1383,264,yes,Use as a cell-type search term; require an observed exact pair before adding an edge,Homolog incidence is not an edge probability or a named target neuron
1927,C_type_hypothesis,720575940615642786,R1-6,left,R1-6,3925,543,0.1383,264,yes,Use as a cell-type search term; require an observed exact pair before adding an edge,Homolog incidence is not an edge probability or a named target neuron
1928,C_type_hypothesis,720575940615650666,R1-6,left,R1-6,3925,543,0.1383,264,yes,Use as a cell-type search term; require an observed exact pair before adding an edge,Homolog incidence is not an edge probability or a named target neuron
1929,C_type_hypothesis,720575940615855510,R1-6,left,R1-6,3925,543,0.1383,264,yes,Use as a cell-type search term; require an observed exact pair before adding an edge,Homolog incidence is not an edge probability or a named target neuron
1930,C_type_hypothesis,720575940615905247,R1-6,left,R1-6,3925,543,0.1383,264,yes,Use as a cell-type search term; require an observed exact pair before adding an edge,Homolog incidence is not an edge probability or a named target neuron
1931,C_type_hypothesis,720575940615927263,R1-6,left,R1-6,3925,543,0.1383,264,yes,Use as a cell-type search term; require an observed exact pair before adding an edge,Homolog incidence is not an edge probability or a named target neuron
1932,C_type_hypothesis,720575940615957215,R1-6,left,R1-6,3925,543,0.1383,264,yes,Use as a cell-type search term; require an observed exact pair before adding an edge,Homolog incidence is not an edge probability or a named target neuron
1933,C_type_hypothesis,720575940616172866,R1-6,left,R1-6,3925,543,0.1383,264,yes,Use as a cell-type search term; require an observed exact pair before adding an edge,Homolog incidence is not an edge probability or a named target neuron
1934,C_type_hypothesis,720575940616173122,R1-6,left,R1-6,3925,543,0.1383,264,yes,Use as a cell-type search term; require an observed exact pair before adding an edge,Homolog incidence is not an edge probability or a named target neuron
1935,C_type_hypothesis,720575940616206658,R1-6,left,R1-6,3925,543,0.1383,264,yes,Use as a cell-type search term; require an observed exact pair before adding an edge,Homolog incidence is not an edge probability or a named target neuron
1936,C_type_hypothesis,720575940616207170,R1-6,left,R1-6,3925,543,0.1383,264,yes,Use as a cell-type search term; require an observed exact pair before adding an edge,Homolog incidence is not an edge probability or a named target neuron
1937,C_type_hypothesis,720575940616281311,R1-6,left,R1-6,3925,543,0.1383,264,yes,Use as a cell-type search term; require an observed exact pair before adding an edge,Homolog incidence is not an edge probability or a named target neuron
1938,C_type_hypothesis,720575940616388550,R1-6,left,R1-6,3925,543,0.1383,264,yes,Use as a cell-type search term; require an observed exact pair before adding an edge,Homolog incidence is not an edge probability or a named target neuron
1939,C_type_hypothesis,720575940616591372,R1-6,left,R1-6,3925,543,0.1383,264,yes,Use as a cell-type search term; require an observed exact pair before adding an edge,Homolog incidence is not an edge probability or a named target neuron
1940,C_type_hypothesis,720575940616710412,R1-6,left,R1-6,3925,543,0.1383,264,yes,Use as a cell-type search term; require an observed exact pair before adding an edge,Homolog incidence is not an edge probability or a named target neuron
1941,C_type_hypothesis,720575940617211253,R1-6,left,R1-6,3925,543,0.1383,264,yes,Use as a cell-type search term; require an observed exact pair before adding an edge,Homolog incidence is not an edge probability or a named target neuron
1942,C_type_hypothesis,720575940617513589,R1-6,left,R1-6,3925,543,0.1383,264,yes,Use as a cell-type search term; require an observed exact pair before adding an edge,Homolog incidence is not an edge probability or a named target neuron
1943,C_type_hypothesis,720575940618061661,R1-6,left,R1-6,3925,543,0.1383,264,yes,Use as a cell-type search term; require an observed exact pair before adding an edge,Homolog incidence is not an edge probability or a named target neuron
1944,C_type_hypothesis,720575940618065501,R1-6,left,R1-6,3925,543,0.1383,264,yes,Use as a cell-type search term; require an observed exact pair before adding an edge,Homolog incidence is not an edge probability or a named target neuron
1945,C_type_hypothesis,720575940618071481,R1-6,left,R1-6,3925,543,0.1383,264,yes,Use as a cell-type search term; require an observed exact pair before adding an edge,Homolog incidence is not an edge probability or a named target neuron
1946,C_type_hypothesis,720575940618090129,R1-6,left,R1-6,3925,543,0.1383,264,yes,Use as a cell-type search term; require an observed exact pair before adding an edge,Homolog incidence is not an edge probability or a named target neuron
1947,C_type_hypothesis,720575940618140987,R1-6,left,R1-6,3925,543,0.1383,264,yes,Use as a cell-type search term; require an observed exact pair before adding an edge,Homolog incidence is not an edge probability or a named target neuron
1948,C_type_hypothesis,720575940618204390,R1-6,left,R1-6,3925,543,0.1383,264,yes,Use as a cell-type search term; require an observed exact pair before adding an edge,Homolog incidence is not an edge probability or a named target neuron
1949,C_type_hypothesis,720575940618238681,R1-6,left,R1-6,3925,543,0.1383,264,yes,Use as a cell-type search term; require an observed exact pair before adding an edge,Homolog incidence is not an edge probability or a named target neuron
1950,C_type_hypothesis,720575940618240401,R1-6,left,R1-6,3925,543,0.1383,264,yes,Use as a cell-type search term; require an observed exact pair before adding an edge,Homolog incidence is not an edge probability or a named target neuron
1951,C_type_hypothesis,720575940618422929,R1-6,left,R1-6,3925,543,0.1383,264,yes,Use as a cell-type search term; require an observed exact pair before adding an edge,Homolog incidence is not an edge probability or a named target neuron
1952,C_type_hypothesis,720575940618423441,R1-6,left,R1-6,3925,543,0.1383,264,yes,Use as a cell-type search term; require an observed exact pair before adding an edge,Homolog incidence is not an edge probability or a named target neuron
1953,C_type_hypothesis,720575940618464925,R1-6,left,R1-6,3925,543,0.1383,264,yes,Use as a cell-type search term; require an observed exact pair before adding an edge,Homolog incidence is not an edge probability or a named target neuron
1954,C_type_hypothesis,720575940618530594,R1-6,left,R1-6,3925,543,0.1383,264,yes,Use as a cell-type search term; require an observed exact pair before adding an edge,Homolog incidence is not an edge probability or a named target neuron
1955,C_type_hypothesis,720575940618600020,R1-6,left,R1-6,3925,543,0.1383,264,yes,Use as a cell-type search term; require an observed exact pair before adding an edge,Homolog incidence is not an edge probability or a named target neuron
1956,C_type_hypothesis,720575940618600276,R1-6,left,R1-6,3925,543,0.1383,264,yes,Use as a cell-type search term; require an observed exact pair before adding an edge,Homolog incidence is not an edge probability or a named target neuron
1957,C_type_hypothesis,720575940618712091,R1-6,left,R1-6,3925,543,0.1383,264,yes,Use as a cell-type search term; require an observed exact pair before adding an edge,Homolog incidence is not an edge probability or a named target neuron
1958,C_type_hypothesis,720575940618725147,R1-6,left,R1-6,3925,543,0.1383,264,yes,Use as a cell-type search term; require an observed exact pair before adding an edge,Homolog incidence is not an edge probability or a named target neuron
1959,C_type_hypothesis,720575940618728475,R1-6,left,R1-6,3925,543,0.1383,264,yes,Use as a cell-type search term; require an observed exact pair before adding an edge,Homolog incidence is not an edge probability or a named target neuron
1960,C_type_hypothesis,720575940618849537,R1-6,left,R1-6,3925,543,0.1383,264,yes,Use as a cell-type search term; require an observed exact pair before adding an edge,Homolog incidence is not an edge probability or a named target neuron
1961,C_type_hypothesis,720575940618864724,R1-6,left,R1-6,3925,543,0.1383,264,yes,Use as a cell-type search term; require an observed exact pair before adding an edge,Homolog incidence is not an edge probability or a named target neuron
1962,C_type_hypothesis,720575940618916125,R1-6,left,R1-6,3925,543,0.1383,264,yes,Use as a cell-type search term; require an observed exact pair before adding an edge,Homolog incidence is not an edge probability or a named target neuron
1963,C_type_hypothesis,720575940619643702,R1-6,left,R1-6,3925,543,0.1383,264,yes,Use as a cell-type search term; require an observed exact pair before adding an edge,Homolog incidence is not an edge probability or a named target neuron
1964,C_type_hypothesis,720575940619984798,R1-6,left,R1-6,3925,543,0.1383,264,yes,Use as a cell-type search term; require an observed exact pair before adding an edge,Homolog incidence is not an edge probability or a named target neuron
1965,C_type_hypothesis,720575940620236593,R1-6,left,R1-6,3925,543,0.1383,264,yes,Use as a cell-type search term; require an observed exact pair before adding an edge,Homolog incidence is not an edge probability or a named target neuron
1966,C_type_hypothesis,720575940620238296,R1-6,left,R1-6,3925,543,0.1383,264,yes,Use as a cell-type search term; require an observed exact pair before adding an edge,Homolog incidence is not an edge probability or a named target neuron
1967,C_type_hypothesis,720575940620476363,R1-6,left,R1-6,3925,543,0.1383,264,yes,Use as a cell-type search term; require an observed exact pair before adding an edge,Homolog incidence is not an edge probability or a named target neuron
1968,C_type_hypothesis,720575940620487504,R1-6,left,R1-6,3925,543,0.1383,264,yes,Use as a cell-type search term; require an observed exact pair before adding an edge,Homolog incidence is not an edge probability or a named target neuron
1969,C_type_hypothesis,720575940620488784,R1-6,left,R1-6,3925,543,0.1383,264,yes,Use as a cell-type search term; require an observed exact pair before adding an edge,Homolog incidence is not an edge probability or a named target neuron
1970,C_type_hypothesis,720575940620531761,R1-6,left,R1-6,3925,543,0.1383,264,yes,Use as a cell-type search term; require an observed exact pair before adding an edge,Homolog incidence is not an edge probability or a named target neuron
1971,C_type_hypothesis,720575940620545616,R1-6,left,R1-6,3925,543,0.1383,264,yes,Use as a cell-type search term; require an observed exact pair before adding an edge,Homolog incidence is not an edge probability or a named target neuron
1972,C_type_hypothesis,720575940620556117,R1-6,left,R1-6,3925,543,0.1383,264,yes,Use as a cell-type search term; require an observed exact pair before adding an edge,Homolog incidence is not an edge probability or a named target neuron
1973,C_type_hypothesis,720575940620562517,R1-6,left,R1-6,3925,543,0.1383,264,yes,Use as a cell-type search term; require an observed exact pair before adding an edge,Homolog incidence is not an edge probability or a named target neuron
1974,C_type_hypothesis,720575940620562773,R1-6,left,R1-6,3925,543,0.1383,264,yes,Use as a cell-type search term; require an observed exact pair before adding an edge,Homolog incidence is not an edge probability or a named target neuron
1975,C_type_hypothesis,720575940620568405,R1-6,left,R1-6,3925,543,0.1383,264,yes,Use as a cell-type search term; require an observed exact pair before adding an edge,Homolog incidence is not an edge probability or a named target neuron
1976,C_type_hypothesis,720575940620623320,R1-6,left,R1-6,3925,543,0.1383,264,yes,Use as a cell-type search term; require an observed exact pair before adding an edge,Homolog incidence is not an edge probability or a named target neuron
1977,C_type_hypothesis,720575940620665680,R1-6,left,R1-6,3925,543,0.1383,264,yes,Use as a cell-type search term; require an observed exact pair before adding an edge,Homolog incidence is not an edge probability or a named target neuron
1978,C_type_hypothesis,720575940620797131,R1-6,left,R1-6,3925,543,0.1383,264,yes,Use as a cell-type search term; require an observed exact pair before adding an edge,Homolog incidence is not an edge probability or a named target neuron
1979,C_type_hypothesis,720575940620797643,R1-6,left,R1-6,3925,543,0.1383,264,yes,Use as a cell-type search term; require an observed exact pair before adding an edge,Homolog incidence is not an edge probability or a named target neuron
1980,C_type_hypothesis,720575940620881829,R1-6,left,R1-6,3925,543,0.1383,264,yes,Use as a cell-type search term; require an observed exact pair before adding an edge,Homolog incidence is not an edge probability or a named target neuron
1981,C_type_hypothesis,720575940620885157,R1-6,left,R1-6,3925,543,0.1383,264,yes,Use as a cell-type search term; require an observed exact pair before adding an edge,Homolog incidence is not an edge probability or a named target neuron
1982,C_type_hypothesis,720575940620886181,R1-6,left,R1-6,3925,543,0.1383,264,yes,Use as a cell-type search term; require an observed exact pair before adding an edge,Homolog incidence is not an edge probability or a named target neuron
1983,C_type_hypothesis,720575940620886693,R1-6,left,R1-6,3925,543,0.1383,264,yes,Use as a cell-type search term; require an observed exact pair before adding an edge,Homolog incidence is not an edge probability or a named target neuron
1984,C_type_hypothesis,720575940620909332,R1-6,left,R1-6,3925,543,0.1383,264,yes,Use as a cell-type search term; require an observed exact pair before adding an edge,Homolog incidence is not an edge probability or a named target neuron
1985,C_type_hypothesis,720575940620944037,R1-6,left,R1-6,3925,543,0.1383,264,yes,Use as a cell-type search term; require an observed exact pair before adding an edge,Homolog incidence is not an edge probability or a named target neuron
1986,C_type_hypothesis,720575940621144198,R1-6,left,R1-6,3925,543,0.1383,264,yes,Use as a cell-type search term; require an observed exact pair before adding an edge,Homolog incidence is not an edge probability or a named target neuron
1987,C_type_hypothesis,720575940621323247,R1-6,left,R1-6,3925,543,0.1383,264,yes,Use as a cell-type search term; require an observed exact pair before adding an edge,Homolog incidence is not an edge probability or a named target neuron
1988,C_type_hypothesis,720575940621458625,R1-6,left,R1-6,3925,543,0.1383,264,yes,Use as a cell-type search term; require an observed exact pair before adding an edge,Homolog incidence is not an edge probability or a named target neuron
1989,C_type_hypothesis,720575940621466048,R1-6,left,R1-6,3925,543,0.1383,264,yes,Use as a cell-type search term; require an observed exact pair before adding an edge,Homolog incidence is not an edge probability or a named target neuron
1990,C_type_hypothesis,720575940621482667,R1-6,left,R1-6,3925,543,0.1383,264,yes,Use as a cell-type search term; require an observed exact pair before adding an edge,Homolog incidence is not an edge probability or a named target neuron
1991,C_type_hypothesis,720575940621514667,R1-6,left,R1-6,3925,543,0.1383,264,yes,Use as a cell-type search term; require an observed exact pair before adding an edge,Homolog incidence is not an edge probability or a named target neuron
1992,C_type_hypothesis,720575940621526510,R1-6,left,R1-6,3925,543,0.1383,264,yes,Use as a cell-type search term; require an observed exact pair before adding an edge,Homolog incidence is not an edge probability or a named target neuron
1993,C_type_hypothesis,720575940621605286,R1-6,left,R1-6,3925,543,0.1383,264,yes,Use as a cell-type search term; require an observed exact pair before adding an edge,Homolog incidence is not an edge probability or a named target neuron
1994,C_type_hypothesis,720575940621687489,R1-6,left,R1-6,3925,543,0.1383,264,yes,Use as a cell-type search term; require an observed exact pair before adding an edge,Homolog incidence is not an edge probability or a named target neuron
1995,C_type_hypothesis,720575940621817409,R1-6,left,R1-6,3925,543,0.1383,264,yes,Use as a cell-type search term; require an observed exact pair before adding an edge,Homolog incidence is not an edge probability or a named target neuron
1996,C_type_hypothesis,720575940621855920,R1-6,left,R1-6,3925,543,0.1383,264,yes,Use as a cell-type search term; require an observed exact pair before adding an edge,Homolog incidence is not an edge probability or a named target neuron
1997,C_type_hypothesis,720575940621884854,R1-6,left,R1-6,3925,543,0.1383,264,yes,Use as a cell-type search term; require an observed exact pair before adding an edge,Homolog incidence is not an edge probability or a named target neuron
1998,C_type_hypothesis,720575940621962081,R1-6,left,R1-6,3925,543,0.1383,264,yes,Use as a cell-type search term; require an observed exact pair before adding an edge,Homolog incidence is not an edge probability or a named target neuron
1999,C_type_hypothesis,720575940621962337,R1-6,left,R1-6,3925,543,0.1383,264,yes,Use as a cell-type search term; require an observed exact pair before adding an edge,Homolog incidence is not an edge probability or a named target neuron
2000,C_type_hypothesis,720575940621978534,R1-6,left,R1-6,3925,543,0.1383,264,yes,Use as a cell-type search term; require an observed exact pair before adding an edge,Homolog incidence is not an edge probability or a named target neuron
2001,C_type_hypothesis,720575940622064048,R1-6,left,R1-6,3925,543,0.1383,264,yes,Use as a cell-type search term; require an observed exact pair before adding an edge,Homolog incidence is not an edge probability or a named target neuron
2002,C_type_hypothesis,720575940622064961,R1-6,left,R1-6,3925,543,0.1383,264,yes,Use as a cell-type search term; require an observed exact pair before adding an edge,Homolog incidence is not an edge probability or a named target neuron
2003,C_type_hypothesis,720575940622132656,R1-6,left,R1-6,3925,543,0.1383,264,yes,Use as a cell-type search term; require an observed exact pair before adding an edge,Homolog incidence is not an edge probability or a named target neuron
2004,C_type_hypothesis,720575940622208688,R1-6,left,R1-6,3925,543,0.1383,264,yes,Use as a cell-type search term; require an observed exact pair before adding an edge,Homolog incidence is not an edge probability or a named target neuron
2005,C_type_hypothesis,720575940622339967,R1-6,left,R1-6,3925,543,0.1383,264,yes,Use as a cell-type search term; require an observed exact pair before adding an edge,Homolog incidence is not an edge probability or a named target neuron
2006,C_type_hypothesis,720575940622406896,R1-6,left,R1-6,3925,543,0.1383,264,yes,Use as a cell-type search term; require an observed exact pair before adding an edge,Homolog incidence is not an edge probability or a named target neuron
2007,C_type_hypothesis,720575940622413040,R1-6,left,R1-6,3925,543,0.1383,264,yes,Use as a cell-type search term; require an observed exact pair before adding an edge,Homolog incidence is not an edge probability or a named target neuron
2008,C_type_hypothesis,720575940622433524,R1-6,left,R1-6,3925,543,0.1383,264,yes,Use as a cell-type search term; require an observed exact pair before adding an edge,Homolog incidence is not an edge probability or a named target neuron
2009,C_type_hypothesis,720575940622549342,R1-6,left,R1-6,3925,543,0.1383,264,yes,Use as a cell-type search term; require an observed exact pair before adding an edge,Homolog incidence is not an edge probability or a named target neuron
2010,C_type_hypothesis,720575940622550878,R1-6,left,R1-6,3925,543,0.1383,264,yes,Use as a cell-type search term; require an observed exact pair before adding an edge,Homolog incidence is not an edge probability or a named target neuron
2011,C_type_hypothesis,720575940622638430,R1-6,left,R1-6,3925,543,0.1383,264,yes,Use as a cell-type search term; require an observed exact pair before adding an edge,Homolog incidence is not an edge probability or a named target neuron
2012,C_type_hypothesis,720575940622640990,R1-6,left,R1-6,3925,543,0.1383,264,yes,Use as a cell-type search term; require an observed exact pair before adding an edge,Homolog incidence is not an edge probability or a named target neuron
2013,C_type_hypothesis,720575940622643806,R1-6,left,R1-6,3925,543,0.1383,264,yes,Use as a cell-type search term; require an observed exact pair before adding an edge,Homolog incidence is not an edge probability or a named target neuron
2014,C_type_hypothesis,720575940622654591,R1-6,left,R1-6,3925,543,0.1383,264,yes,Use as a cell-type search term; require an observed exact pair before adding an edge,Homolog incidence is not an edge probability or a named target neuron
2015,C_type_hypothesis,720575940622662170,R1-6,left,R1-6,3925,543,0.1383,264,yes,Use as a cell-type search term; require an observed exact pair before adding an edge,Homolog incidence is not an edge probability or a named target neuron
2016,C_type_hypothesis,720575940622798836,R1-6,left,R1-6,3925,543,0.1383,264,yes,Use as a cell-type search term; require an observed exact pair before adding an edge,Homolog incidence is not an edge probability or a named target neuron
2017,C_type_hypothesis,720575940622879521,R1-6,left,R1-6,3925,543,0.1383,264,yes,Use as a cell-type search term; require an observed exact pair before adding an edge,Homolog incidence is not an edge probability or a named target neuron
2018,C_type_hypothesis,720575940623027550,R1-6,left,R1-6,3925,543,0.1383,264,yes,Use as a cell-type search term; require an observed exact pair before adding an edge,Homolog incidence is not an edge probability or a named target neuron
2019,C_type_hypothesis,720575940623111593,R1-6,left,R1-6,3925,543,0.1383,264,yes,Use as a cell-type search term; require an observed exact pair before adding an edge,Homolog incidence is not an edge probability or a named target neuron
2020,C_type_hypothesis,720575940623242108,R1-6,left,R1-6,3925,543,0.1383,264,yes,Use as a cell-type search term; require an observed exact pair before adding an edge,Homolog incidence is not an edge probability or a named target neuron
2021,C_type_hypothesis,720575940623335715,R1-6,left,R1-6,3925,543,0.1383,264,yes,Use as a cell-type search term; require an observed exact pair before adding an edge,Homolog incidence is not an edge probability or a named target neuron
2022,C_type_hypothesis,720575940623337251,R1-6,left,R1-6,3925,543,0.1383,264,yes,Use as a cell-type search term; require an observed exact pair before adding an edge,Homolog incidence is not an edge probability or a named target neuron
2023,C_type_hypothesis,720575940623337507,R1-6,left,R1-6,3925,543,0.1383,264,yes,Use as a cell-type search term; require an observed exact pair before adding an edge,Homolog incidence is not an edge probability or a named target neuron
2024,C_type_hypothesis,720575940623342716,R1-6,left,R1-6,3925,543,0.1383,264,yes,Use as a cell-type search term; require an observed exact pair before adding an edge,Homolog incidence is not an edge probability or a named target neuron
2025,C_type_hypothesis,720575940623343139,R1-6,left,R1-6,3925,543,0.1383,264,yes,Use as a cell-type search term; require an observed exact pair before adding an edge,Homolog incidence is not an edge probability or a named target neuron
2026,C_type_hypothesis,720575940623347414,R1-6,left,R1-6,3925,543,0.1383,264,yes,Use as a cell-type search term; require an observed exact pair before adding an edge,Homolog incidence is not an edge probability or a named target neuron
2027,C_type_hypothesis,720575940623400216,R1-6,left,R1-6,3925,543,0.1383,264,yes,Use as a cell-type search term; require an observed exact pair before adding an edge,Homolog incidence is not an edge probability or a named target neuron
2028,C_type_hypothesis,720575940623495693,R1-6,left,R1-6,3925,543,0.1383,264,yes,Use as a cell-type search term; require an observed exact pair before adding an edge,Homolog incidence is not an edge probability or a named target neuron
2029,C_type_hypothesis,720575940623518051,R1-6,left,R1-6,3925,543,0.1383,264,yes,Use as a cell-type search term; require an observed exact pair before adding an edge,Homolog incidence is not an edge probability or a named target neuron
2030,C_type_hypothesis,720575940623518819,R1-6,left,R1-6,3925,543,0.1383,264,yes,Use as a cell-type search term; require an observed exact pair before adding an edge,Homolog incidence is not an edge probability or a named target neuron
2031,C_type_hypothesis,720575940623522147,R1-6,left,R1-6,3925,543,0.1383,264,yes,Use as a cell-type search term; require an observed exact pair before adding an edge,Homolog incidence is not an edge probability or a named target neuron
2032,C_type_hypothesis,720575940623668248,R1-6,left,R1-6,3925,543,0.1383,264,yes,Use as a cell-type search term; require an observed exact pair before adding an edge,Homolog incidence is not an edge probability or a named target neuron
2033,C_type_hypothesis,720575940623694104,R1-6,left,R1-6,3925,543,0.1383,264,yes,Use as a cell-type search term; require an observed exact pair before adding an edge,Homolog incidence is not an edge probability or a named target neuron
2034,C_type_hypothesis,720575940623710232,R1-6,left,R1-6,3925,543,0.1383,264,yes,Use as a cell-type search term; require an observed exact pair before adding an edge,Homolog incidence is not an edge probability or a named target neuron
2035,C_type_hypothesis,720575940623721496,R1-6,left,R1-6,3925,543,0.1383,264,yes,Use as a cell-type search term; require an observed exact pair before adding an edge,Homolog incidence is not an edge probability or a named target neuron
2036,C_type_hypothesis,720575940623823240,R1-6,left,R1-6,3925,543,0.1383,264,yes,Use as a cell-type search term; require an observed exact pair before adding an edge,Homolog incidence is not an edge probability or a named target neuron
2037,C_type_hypothesis,720575940623825544,R1-6,left,R1-6,3925,543,0.1383,264,yes,Use as a cell-type search term; require an observed exact pair before adding an edge,Homolog incidence is not an edge probability or a named target neuron
2038,C_type_hypothesis,720575940623866248,R1-6,left,R1-6,3925,543,0.1383,264,yes,Use as a cell-type search term; require an observed exact pair before adding an edge,Homolog incidence is not an edge probability or a named target neuron
2039,C_type_hypothesis,720575940623867016,R1-6,left,R1-6,3925,543,0.1383,264,yes,Use as a cell-type search term; require an observed exact pair before adding an edge,Homolog incidence is not an edge probability or a named target neuron
2040,C_type_hypothesis,720575940623892579,R1-6,left,R1-6,3925,543,0.1383,264,yes,Use as a cell-type search term; require an observed exact pair before adding an edge,Homolog incidence is not an edge probability or a named target neuron
2041,C_type_hypothesis,720575940623984520,R1-6,left,R1-6,3925,543,0.1383,264,yes,Use as a cell-type search term; require an observed exact pair before adding an edge,Homolog incidence is not an edge probability or a named target neuron
2042,C_type_hypothesis,720575940624001791,R1-6,left,R1-6,3925,543,0.1383,264,yes,Use as a cell-type search term; require an observed exact pair before adding an edge,Homolog incidence is not an edge probability or a named target neuron
2043,C_type_hypothesis,720575940624046227,R1-6,left,R1-6,3925,543,0.1383,264,yes,Use as a cell-type search term; require an observed exact pair before adding an edge,Homolog incidence is not an edge probability or a named target neuron
2044,C_type_hypothesis,720575940624048275,R1-6,left,R1-6,3925,543,0.1383,264,yes,Use as a cell-type search term; require an observed exact pair before adding an edge,Homolog incidence is not an edge probability or a named target neuron
2045,C_type_hypothesis,720575940624103827,R1-6,left,R1-6,3925,543,0.1383,264,yes,Use as a cell-type search term; require an observed exact pair before adding an edge,Homolog incidence is not an edge probability or a named target neuron
2046,C_type_hypothesis,720575940624106131,R1-6,left,R1-6,3925,543,0.1383,264,yes,Use as a cell-type search term; require an observed exact pair before adding an edge,Homolog incidence is not an edge probability or a named target neuron
2047,C_type_hypothesis,720575940624338058,R1-6,left,R1-6,3925,543,0.1383,264,yes,Use as a cell-type search term; require an observed exact pair before adding an edge,Homolog incidence is not an edge probability or a named target neuron
2048,C_type_hypothesis,720575940624438566,R1-6,left,R1-6,3925,543,0.1383,264,yes,Use as a cell-type search term; require an observed exact pair before adding an edge,Homolog incidence is not an edge probability or a named target neuron
2049,C_type_hypothesis,720575940624735229,R1-6,left,R1-6,3925,543,0.1383,264,yes,Use as a cell-type search term; require an observed exact pair before adding an edge,Homolog incidence is not an edge probability or a named target neuron
2050,C_type_hypothesis,720575940625037509,R1-6,left,R1-6,3925,543,0.1383,264,yes,Use as a cell-type search term; require an observed exact pair before adding an edge,Homolog incidence is not an edge probability or a named target neuron
2051,C_type_hypothesis,720575940625039557,R1-6,left,R1-6,3925,543,0.1383,264,yes,Use as a cell-type search term; require an observed exact pair before adding an edge,Homolog incidence is not an edge probability or a named target neuron
2052,C_type_hypothesis,720575940625044421,R1-6,left,R1-6,3925,543,0.1383,264,yes,Use as a cell-type search term; require an observed exact pair before adding an edge,Homolog incidence is not an edge probability or a named target neuron
2053,C_type_hypothesis,720575940625052101,R1-6,left,R1-6,3925,543,0.1383,264,yes,Use as a cell-type search term; require an observed exact pair before adding an edge,Homolog incidence is not an edge probability or a named target neuron
2054,C_type_hypothesis,720575940625052869,R1-6,left,R1-6,3925,543,0.1383,264,yes,Use as a cell-type search term; require an observed exact pair before adding an edge,Homolog incidence is not an edge probability or a named target neuron
2055,C_type_hypothesis,720575940625067243,R1-6,left,R1-6,3925,543,0.1383,264,yes,Use as a cell-type search term; require an observed exact pair before adding an edge,Homolog incidence is not an edge probability or a named target neuron
2056,C_type_hypothesis,720575940625132948,R1-6,left,R1-6,3925,543,0.1383,264,yes,Use as a cell-type search term; require an observed exact pair before adding an edge,Homolog incidence is not an edge probability or a named target neuron
2057,C_type_hypothesis,720575940625237923,R1-6,left,R1-6,3925,543,0.1383,264,yes,Use as a cell-type search term; require an observed exact pair before adding an edge,Homolog incidence is not an edge probability or a named target neuron
2058,C_type_hypothesis,720575940625564860,R1-6,left,R1-6,3925,543,0.1383,264,yes,Use as a cell-type search term; require an observed exact pair before adding an edge,Homolog incidence is not an edge probability or a named target neuron
2059,C_type_hypothesis,720575940625579704,R1-6,left,R1-6,3925,543,0.1383,264,yes,Use as a cell-type search term; require an observed exact pair before adding an edge,Homolog incidence is not an edge probability or a named target neuron
2060,C_type_hypothesis,720575940625583118,R1-6,left,R1-6,3925,543,0.1383,264,yes,Use as a cell-type search term; require an observed exact pair before adding an edge,Homolog incidence is not an edge probability or a named target neuron
2061,C_type_hypothesis,720575940625603512,R1-6,left,R1-6,3925,543,0.1383,264,yes,Use as a cell-type search term; require an observed exact pair before adding an edge,Homolog incidence is not an edge probability or a named target neuron
2062,C_type_hypothesis,720575940625621518,R1-6,left,R1-6,3925,543,0.1383,264,yes,Use as a cell-type search term; require an observed exact pair before adding an edge,Homolog incidence is not an edge probability or a named target neuron
2063,C_type_hypothesis,720575940625635119,R1-6,left,R1-6,3925,543,0.1383,264,yes,Use as a cell-type search term; require an observed exact pair before adding an edge,Homolog incidence is not an edge probability or a named target neuron
2064,C_type_hypothesis,720575940625643495,R1-6,left,R1-6,3925,543,0.1383,264,yes,Use as a cell-type search term; require an observed exact pair before adding an edge,Homolog incidence is not an edge probability or a named target neuron
2065,C_type_hypothesis,720575940625733095,R1-6,left,R1-6,3925,543,0.1383,264,yes,Use as a cell-type search term; require an observed exact pair before adding an edge,Homolog incidence is not an edge probability or a named target neuron
2066,C_type_hypothesis,720575940625823101,R1-6,left,R1-6,3925,543,0.1383,264,yes,Use as a cell-type search term; require an observed exact pair before adding an edge,Homolog incidence is not an edge probability or a named target neuron
2067,C_type_hypothesis,720575940625882701,R1-6,left,R1-6,3925,543,0.1383,264,yes,Use as a cell-type search term; require an observed exact pair before adding an edge,Homolog incidence is not an edge probability or a named target neuron
2068,C_type_hypothesis,720575940625916207,R1-6,left,R1-6,3925,543,0.1383,264,yes,Use as a cell-type search term; require an observed exact pair before adding an edge,Homolog incidence is not an edge probability or a named target neuron
2069,C_type_hypothesis,720575940625956429,R1-6,left,R1-6,3925,543,0.1383,264,yes,Use as a cell-type search term; require an observed exact pair before adding an edge,Homolog incidence is not an edge probability or a named target neuron
2070,C_type_hypothesis,720575940626322992,R1-6,left,R1-6,3925,543,0.1383,264,yes,Use as a cell-type search term; require an observed exact pair before adding an edge,Homolog incidence is not an edge probability or a named target neuron
2071,C_type_hypothesis,720575940626770532,R1-6,left,R1-6,3925,543,0.1383,264,yes,Use as a cell-type search term; require an observed exact pair before adding an edge,Homolog incidence is not an edge probability or a named target neuron
2072,C_type_hypothesis,720575940627087106,R1-6,left,R1-6,3925,543,0.1383,264,yes,Use as a cell-type search term; require an observed exact pair before adding an edge,Homolog incidence is not an edge probability or a named target neuron
2073,C_type_hypothesis,720575940627098942,R1-6,left,R1-6,3925,543,0.1383,264,yes,Use as a cell-type search term; require an observed exact pair before adding an edge,Homolog incidence is not an edge probability or a named target neuron
2074,C_type_hypothesis,720575940627212644,R1-6,left,R1-6,3925,543,0.1383,264,yes,Use as a cell-type search term; require an observed exact pair before adding an edge,Homolog incidence is not an edge probability or a named target neuron
2075,C_type_hypothesis,720575940627267842,R1-6,left,R1-6,3925,543,0.1383,264,yes,Use as a cell-type search term; require an observed exact pair before adding an edge,Homolog incidence is not an edge probability or a named target neuron
2076,C_type_hypothesis,720575940627309913,R1-6,left,R1-6,3925,543,0.1383,264,yes,Use as a cell-type search term; require an observed exact pair before adding an edge,Homolog incidence is not an edge probability or a named target neuron
2077,C_type_hypothesis,720575940627462914,R1-6,left,R1-6,3925,543,0.1383,264,yes,Use as a cell-type search term; require an observed exact pair before adding an edge,Homolog incidence is not an edge probability or a named target neuron
2078,C_type_hypothesis,720575940627618905,R1-6,left,R1-6,3925,543,0.1383,264,yes,Use as a cell-type search term; require an observed exact pair before adding an edge,Homolog incidence is not an edge probability or a named target neuron
2079,C_type_hypothesis,720575940627652441,R1-6,left,R1-6,3925,543,0.1383,264,yes,Use as a cell-type search term; require an observed exact pair before adding an edge,Homolog incidence is not an edge probability or a named target neuron
2080,C_type_hypothesis,720575940627660121,R1-6,left,R1-6,3925,543,0.1383,264,yes,Use as a cell-type search term; require an observed exact pair before adding an edge,Homolog incidence is not an edge probability or a named target neuron
2081,C_type_hypothesis,720575940627660440,R1-6,left,R1-6,3925,543,0.1383,264,yes,Use as a cell-type search term; require an observed exact pair before adding an edge,Homolog incidence is not an edge probability or a named target neuron
2082,C_type_hypothesis,720575940627665241,R1-6,left,R1-6,3925,543,0.1383,264,yes,Use as a cell-type search term; require an observed exact pair before adding an edge,Homolog incidence is not an edge probability or a named target neuron
2083,C_type_hypothesis,720575940627693181,R1-6,left,R1-6,3925,543,0.1383,264,yes,Use as a cell-type search term; require an observed exact pair before adding an edge,Homolog incidence is not an edge probability or a named target neuron
2084,C_type_hypothesis,720575940627715102,R1-6,left,R1-6,3925,543,0.1383,264,yes,Use as a cell-type search term; require an observed exact pair before adding an edge,Homolog incidence is not an edge probability or a named target neuron
2085,C_type_hypothesis,720575940627852669,R1-6,left,R1-6,3925,543,0.1383,264,yes,Use as a cell-type search term; require an observed exact pair before adding an edge,Homolog incidence is not an edge probability or a named target neuron
2086,C_type_hypothesis,720575940627853693,R1-6,left,R1-6,3925,543,0.1383,264,yes,Use as a cell-type search term; require an observed exact pair before adding an edge,Homolog incidence is not an edge probability or a named target neuron
2087,C_type_hypothesis,720575940627938200,R1-6,left,R1-6,3925,543,0.1383,264,yes,Use as a cell-type search term; require an observed exact pair before adding an edge,Homolog incidence is not an edge probability or a named target neuron
2088,C_type_hypothesis,720575940627941202,R1-6,left,R1-6,3925,543,0.1383,264,yes,Use as a cell-type search term; require an observed exact pair before adding an edge,Homolog incidence is not an edge probability or a named target neuron
2089,C_type_hypothesis,720575940627941714,R1-6,left,R1-6,3925,543,0.1383,264,yes,Use as a cell-type search term; require an observed exact pair before adding an edge,Homolog incidence is not an edge probability or a named target neuron
2090,C_type_hypothesis,720575940628035721,R1-6,left,R1-6,3925,543,0.1383,264,yes,Use as a cell-type search term; require an observed exact pair before adding an edge,Homolog incidence is not an edge probability or a named target neuron
2091,C_type_hypothesis,720575940628036233,R1-6,left,R1-6,3925,543,0.1383,264,yes,Use as a cell-type search term; require an observed exact pair before adding an edge,Homolog incidence is not an edge probability or a named target neuron
2092,C_type_hypothesis,720575940628089402,R1-6,left,R1-6,3925,543,0.1383,264,yes,Use as a cell-type search term; require an observed exact pair before adding an edge,Homolog incidence is not an edge probability or a named target neuron
2093,C_type_hypothesis,720575940628210831,R1-6,left,R1-6,3925,543,0.1383,264,yes,Use as a cell-type search term; require an observed exact pair before adding an edge,Homolog incidence is not an edge probability or a named target neuron
2094,C_type_hypothesis,720575940628240210,R1-6,left,R1-6,3925,543,0.1383,264,yes,Use as a cell-type search term; require an observed exact pair before adding an edge,Homolog incidence is not an edge probability or a named target neuron
2095,C_type_hypothesis,720575940628255034,R1-6,left,R1-6,3925,543,0.1383,264,yes,Use as a cell-type search term; require an observed exact pair before adding an edge,Homolog incidence is not an edge probability or a named target neuron
2096,C_type_hypothesis,720575940628307077,R1-6,left,R1-6,3925,543,0.1383,264,yes,Use as a cell-type search term; require an observed exact pair before adding an edge,Homolog incidence is not an edge probability or a named target neuron
2097,C_type_hypothesis,720575940628308613,R1-6,left,R1-6,3925,543,0.1383,264,yes,Use as a cell-type search term; require an observed exact pair before adding an edge,Homolog incidence is not an edge probability or a named target neuron
2098,C_type_hypothesis,720575940628346170,R1-6,left,R1-6,3925,543,0.1383,264,yes,Use as a cell-type search term; require an observed exact pair before adding an edge,Homolog incidence is not an edge probability or a named target neuron
2099,C_type_hypothesis,720575940628387656,R1-6,left,R1-6,3925,543,0.1383,264,yes,Use as a cell-type search term; require an observed exact pair before adding an edge,Homolog incidence is not an edge probability or a named target neuron
2100,C_type_hypothesis,720575940628388936,R1-6,left,R1-6,3925,543,0.1383,264,yes,Use as a cell-type search term; require an observed exact pair before adding an edge,Homolog incidence is not an edge probability or a named target neuron
2101,C_type_hypothesis,720575940628391240,R1-6,left,R1-6,3925,543,0.1383,264,yes,Use as a cell-type search term; require an observed exact pair before adding an edge,Homolog incidence is not an edge probability or a named target neuron
2102,C_type_hypothesis,720575940628492264,R1-6,left,R1-6,3925,543,0.1383,264,yes,Use as a cell-type search term; require an observed exact pair before adding an edge,Homolog incidence is not an edge probability or a named target neuron
2103,C_type_hypothesis,720575940628564712,R1-6,left,R1-6,3925,543,0.1383,264,yes,Use as a cell-type search term; require an observed exact pair before adding an edge,Homolog incidence is not an edge probability or a named target neuron
2104,C_type_hypothesis,720575940628728040,R1-6,left,R1-6,3925,543,0.1383,264,yes,Use as a cell-type search term; require an observed exact pair before adding an edge,Homolog incidence is not an edge probability or a named target neuron
2105,C_type_hypothesis,720575940628732744,R1-6,left,R1-6,3925,543,0.1383,264,yes,Use as a cell-type search term; require an observed exact pair before adding an edge,Homolog incidence is not an edge probability or a named target neuron
2106,C_type_hypothesis,720575940628758319,R1-6,left,R1-6,3925,543,0.1383,264,yes,Use as a cell-type search term; require an observed exact pair before adding an edge,Homolog incidence is not an edge probability or a named target neuron
2107,C_type_hypothesis,720575940628877308,R1-6,left,R1-6,3925,543,0.1383,264,yes,Use as a cell-type search term; require an observed exact pair before adding an edge,Homolog incidence is not an edge probability or a named target neuron
2108,C_type_hypothesis,720575940628893514,R1-6,left,R1-6,3925,543,0.1383,264,yes,Use as a cell-type search term; require an observed exact pair before adding an edge,Homolog incidence is not an edge probability or a named target neuron
2109,C_type_hypothesis,720575940628938314,R1-6,left,R1-6,3925,543,0.1383,264,yes,Use as a cell-type search term; require an observed exact pair before adding an edge,Homolog incidence is not an edge probability or a named target neuron
2110,C_type_hypothesis,720575940628938570,R1-6,left,R1-6,3925,543,0.1383,264,yes,Use as a cell-type search term; require an observed exact pair before adding an edge,Homolog incidence is not an edge probability or a named target neuron
2111,C_type_hypothesis,720575940628955722,R1-6,left,R1-6,3925,543,0.1383,264,yes,Use as a cell-type search term; require an observed exact pair before adding an edge,Homolog incidence is not an edge probability or a named target neuron
2112,C_type_hypothesis,720575940629063409,R1-6,left,R1-6,3925,543,0.1383,264,yes,Use as a cell-type search term; require an observed exact pair before adding an edge,Homolog incidence is not an edge probability or a named target neuron
2113,C_type_hypothesis,720575940629182825,R1-6,left,R1-6,3925,543,0.1383,264,yes,Use as a cell-type search term; require an observed exact pair before adding an edge,Homolog incidence is not an edge probability or a named target neuron
2114,C_type_hypothesis,720575940629411883,R1-6,left,R1-6,3925,543,0.1383,264,yes,Use as a cell-type search term; require an observed exact pair before adding an edge,Homolog incidence is not an edge probability or a named target neuron
2115,C_type_hypothesis,720575940629426161,R1-6,left,R1-6,3925,543,0.1383,264,yes,Use as a cell-type search term; require an observed exact pair before adding an edge,Homolog incidence is not an edge probability or a named target neuron
2116,C_type_hypothesis,720575940629438193,R1-6,left,R1-6,3925,543,0.1383,264,yes,Use as a cell-type search term; require an observed exact pair before adding an edge,Homolog incidence is not an edge probability or a named target neuron
2117,C_type_hypothesis,720575940629615209,R1-6,left,R1-6,3925,543,0.1383,264,yes,Use as a cell-type search term; require an observed exact pair before adding an edge,Homolog incidence is not an edge probability or a named target neuron
2118,C_type_hypothesis,720575940629634921,R1-6,left,R1-6,3925,543,0.1383,264,yes,Use as a cell-type search term; require an observed exact pair before adding an edge,Homolog incidence is not an edge probability or a named target neuron
2119,C_type_hypothesis,720575940629716779,R1-6,left,R1-6,3925,543,0.1383,264,yes,Use as a cell-type search term; require an observed exact pair before adding an edge,Homolog incidence is not an edge probability or a named target neuron
2120,C_type_hypothesis,720575940629752080,R1-6,left,R1-6,3925,543,0.1383,264,yes,Use as a cell-type search term; require an observed exact pair before adding an edge,Homolog incidence is not an edge probability or a named target neuron
2121,C_type_hypothesis,720575940629834768,R1-6,left,R1-6,3925,543,0.1383,264,yes,Use as a cell-type search term; require an observed exact pair before adding an edge,Homolog incidence is not an edge probability or a named target neuron
2122,C_type_hypothesis,720575940629870379,R1-6,left,R1-6,3925,543,0.1383,264,yes,Use as a cell-type search term; require an observed exact pair before adding an edge,Homolog incidence is not an edge probability or a named target neuron
2123,C_type_hypothesis,720575940629888515,R1-6,left,R1-6,3925,543,0.1383,264,yes,Use as a cell-type search term; require an observed exact pair before adding an edge,Homolog incidence is not an edge probability or a named target neuron
2124,C_type_hypothesis,720575940630060135,R1-6,left,R1-6,3925,543,0.1383,264,yes,Use as a cell-type search term; require an observed exact pair before adding an edge,Homolog incidence is not an edge probability or a named target neuron
2125,C_type_hypothesis,720575940630239327,R1-6,left,R1-6,3925,543,0.1383,264,yes,Use as a cell-type search term; require an observed exact pair before adding an edge,Homolog incidence is not an edge probability or a named target neuron
2126,C_type_hypothesis,720575940630408570,R1-6,left,R1-6,3925,543,0.1383,264,yes,Use as a cell-type search term; require an observed exact pair before adding an edge,Homolog incidence is not an edge probability or a named target neuron
2127,C_type_hypothesis,720575940630408898,R1-6,left,R1-6,3925,543,0.1383,264,yes,Use as a cell-type search term; require an observed exact pair before adding an edge,Homolog incidence is not an edge probability or a named target neuron
2128,C_type_hypothesis,720575940630544250,R1-6,left,R1-6,3925,543,0.1383,264,yes,Use as a cell-type search term; require an observed exact pair before adding an edge,Homolog incidence is not an edge probability or a named target neuron
2129,C_type_hypothesis,720575940630581564,R1-6,left,R1-6,3925,543,0.1383,264,yes,Use as a cell-type search term; require an observed exact pair before adding an edge,Homolog incidence is not an edge probability or a named target neuron
2130,C_type_hypothesis,720575940630581754,R1-6,left,R1-6,3925,543,0.1383,264,yes,Use as a cell-type search term; require an observed exact pair before adding an edge,Homolog incidence is not an edge probability or a named target neuron
2131,C_type_hypothesis,720575940630657792,R1-6,left,R1-6,3925,543,0.1383,264,yes,Use as a cell-type search term; require an observed exact pair before adding an edge,Homolog incidence is not an edge probability or a named target neuron
2132,C_type_hypothesis,720575940630660034,R1-6,left,R1-6,3925,543,0.1383,264,yes,Use as a cell-type search term; require an observed exact pair before adding an edge,Homolog incidence is not an edge probability or a named target neuron
2133,C_type_hypothesis,720575940630664062,R1-6,left,R1-6,3925,543,0.1383,264,yes,Use as a cell-type search term; require an observed exact pair before adding an edge,Homolog incidence is not an edge probability or a named target neuron
2134,C_type_hypothesis,720575940630712442,R1-6,left,R1-6,3925,543,0.1383,264,yes,Use as a cell-type search term; require an observed exact pair before adding an edge,Homolog incidence is not an edge probability or a named target neuron
2135,C_type_hypothesis,720575940630714562,R1-6,left,R1-6,3925,543,0.1383,264,yes,Use as a cell-type search term; require an observed exact pair before adding an edge,Homolog incidence is not an edge probability or a named target neuron
2136,C_type_hypothesis,720575940630727212,R1-6,left,R1-6,3925,543,0.1383,264,yes,Use as a cell-type search term; require an observed exact pair before adding an edge,Homolog incidence is not an edge probability or a named target neuron
2137,C_type_hypothesis,720575940630746924,R1-6,left,R1-6,3925,543,0.1383,264,yes,Use as a cell-type search term; require an observed exact pair before adding an edge,Homolog incidence is not an edge probability or a named target neuron
2138,C_type_hypothesis,720575940630767360,R1-6,left,R1-6,3925,543,0.1383,264,yes,Use as a cell-type search term; require an observed exact pair before adding an edge,Homolog incidence is not an edge probability or a named target neuron
2139,C_type_hypothesis,720575940630787388,R1-6,left,R1-6,3925,543,0.1383,264,yes,Use as a cell-type search term; require an observed exact pair before adding an edge,Homolog incidence is not an edge probability or a named target neuron
2140,C_type_hypothesis,720575940630942428,R1-6,left,R1-6,3925,543,0.1383,264,yes,Use as a cell-type search term; require an observed exact pair before adding an edge,Homolog incidence is not an edge probability or a named target neuron
2141,C_type_hypothesis,720575940630944215,R1-6,left,R1-6,3925,543,0.1383,264,yes,Use as a cell-type search term; require an observed exact pair before adding an edge,Homolog incidence is not an edge probability or a named target neuron
2142,C_type_hypothesis,720575940630947292,R1-6,left,R1-6,3925,543,0.1383,264,yes,Use as a cell-type search term; require an observed exact pair before adding an edge,Homolog incidence is not an edge probability or a named target neuron
2143,C_type_hypothesis,720575940630982495,R1-6,left,R1-6,3925,543,0.1383,264,yes,Use as a cell-type search term; require an observed exact pair before adding an edge,Homolog incidence is not an edge probability or a named target neuron
2144,C_type_hypothesis,720575940631059932,R1-6,left,R1-6,3925,543,0.1383,264,yes,Use as a cell-type search term; require an observed exact pair before adding an edge,Homolog incidence is not an edge probability or a named target neuron
2145,C_type_hypothesis,720575940631079900,R1-6,left,R1-6,3925,543,0.1383,264,yes,Use as a cell-type search term; require an observed exact pair before adding an edge,Homolog incidence is not an edge probability or a named target neuron
2146,C_type_hypothesis,720575940631095296,R1-6,left,R1-6,3925,543,0.1383,264,yes,Use as a cell-type search term; require an observed exact pair before adding an edge,Homolog incidence is not an edge probability or a named target neuron
2147,C_type_hypothesis,720575940631100160,R1-6,left,R1-6,3925,543,0.1383,264,yes,Use as a cell-type search term; require an observed exact pair before adding an edge,Homolog incidence is not an edge probability or a named target neuron
2148,C_type_hypothesis,720575940631143020,R1-6,left,R1-6,3925,543,0.1383,264,yes,Use as a cell-type search term; require an observed exact pair before adding an edge,Homolog incidence is not an edge probability or a named target neuron
2149,C_type_hypothesis,720575940631149372,R1-6,left,R1-6,3925,543,0.1383,264,yes,Use as a cell-type search term; require an observed exact pair before adding an edge,Homolog incidence is not an edge probability or a named target neuron
2150,C_type_hypothesis,720575940631184246,R1-6,left,R1-6,3925,543,0.1383,264,yes,Use as a cell-type search term; require an observed exact pair before adding an edge,Homolog incidence is not an edge probability or a named target neuron
2151,C_type_hypothesis,720575940631230167,R1-6,left,R1-6,3925,543,0.1383,264,yes,Use as a cell-type search term; require an observed exact pair before adding an edge,Homolog incidence is not an edge probability or a named target neuron
2152,C_type_hypothesis,720575940631292892,R1-6,left,R1-6,3925,543,0.1383,264,yes,Use as a cell-type search term; require an observed exact pair before adding an edge,Homolog incidence is not an edge probability or a named target neuron
2153,C_type_hypothesis,720575940631505260,R1-6,left,R1-6,3925,543,0.1383,264,yes,Use as a cell-type search term; require an observed exact pair before adding an edge,Homolog incidence is not an edge probability or a named target neuron
2154,C_type_hypothesis,720575940631515643,R1-6,left,R1-6,3925,543,0.1383,264,yes,Use as a cell-type search term; require an observed exact pair before adding an edge,Homolog incidence is not an edge probability or a named target neuron
2155,C_type_hypothesis,720575940631590393,R1-6,left,R1-6,3925,543,0.1383,264,yes,Use as a cell-type search term; require an observed exact pair before adding an edge,Homolog incidence is not an edge probability or a named target neuron
2156,C_type_hypothesis,720575940631926287,R1-6,left,R1-6,3925,543,0.1383,264,yes,Use as a cell-type search term; require an observed exact pair before adding an edge,Homolog incidence is not an edge probability or a named target neuron
2157,C_type_hypothesis,720575940631958287,R1-6,left,R1-6,3925,543,0.1383,264,yes,Use as a cell-type search term; require an observed exact pair before adding an edge,Homolog incidence is not an edge probability or a named target neuron
2158,C_type_hypothesis,720575940631959826,R1-6,left,R1-6,3925,543,0.1383,264,yes,Use as a cell-type search term; require an observed exact pair before adding an edge,Homolog incidence is not an edge probability or a named target neuron
2159,C_type_hypothesis,720575940632257091,R1-6,left,R1-6,3925,543,0.1383,264,yes,Use as a cell-type search term; require an observed exact pair before adding an edge,Homolog incidence is not an edge probability or a named target neuron
2160,C_type_hypothesis,720575940632266258,R1-6,left,R1-6,3925,543,0.1383,264,yes,Use as a cell-type search term; require an observed exact pair before adding an edge,Homolog incidence is not an edge probability or a named target neuron
2161,C_type_hypothesis,720575940632314955,R1-6,left,R1-6,3925,543,0.1383,264,yes,Use as a cell-type search term; require an observed exact pair before adding an edge,Homolog incidence is not an edge probability or a named target neuron
2162,C_type_hypothesis,720575940632346666,R1-6,left,R1-6,3925,543,0.1383,264,yes,Use as a cell-type search term; require an observed exact pair before adding an edge,Homolog incidence is not an edge probability or a named target neuron
2163,C_type_hypothesis,720575940632352104,R1-6,left,R1-6,3925,543,0.1383,264,yes,Use as a cell-type search term; require an observed exact pair before adding an edge,Homolog incidence is not an edge probability or a named target neuron
2164,C_type_hypothesis,720575940632357992,R1-6,left,R1-6,3925,543,0.1383,264,yes,Use as a cell-type search term; require an observed exact pair before adding an edge,Homolog incidence is not an edge probability or a named target neuron
2165,C_type_hypothesis,720575940632358504,R1-6,left,R1-6,3925,543,0.1383,264,yes,Use as a cell-type search term; require an observed exact pair before adding an edge,Homolog incidence is not an edge probability or a named target neuron
2166,C_type_hypothesis,720575940632425002,R1-6,left,R1-6,3925,543,0.1383,264,yes,Use as a cell-type search term; require an observed exact pair before adding an edge,Homolog incidence is not an edge probability or a named target neuron
2167,C_type_hypothesis,720575940632425258,R1-6,left,R1-6,3925,543,0.1383,264,yes,Use as a cell-type search term; require an observed exact pair before adding an edge,Homolog incidence is not an edge probability or a named target neuron
2168,C_type_hypothesis,720575940632436803,R1-6,left,R1-6,3925,543,0.1383,264,yes,Use as a cell-type search term; require an observed exact pair before adding an edge,Homolog incidence is not an edge probability or a named target neuron
2169,C_type_hypothesis,720575940632674444,R1-6,left,R1-6,3925,543,0.1383,264,yes,Use as a cell-type search term; require an observed exact pair before adding an edge,Homolog incidence is not an edge probability or a named target neuron
2170,C_type_hypothesis,720575940632687672,R1-6,left,R1-6,3925,543,0.1383,264,yes,Use as a cell-type search term; require an observed exact pair before adding an edge,Homolog incidence is not an edge probability or a named target neuron
2171,C_type_hypothesis,720575940632704303,R1-6,left,R1-6,3925,543,0.1383,264,yes,Use as a cell-type search term; require an observed exact pair before adding an edge,Homolog incidence is not an edge probability or a named target neuron
2172,C_type_hypothesis,720575940633220516,R1-6,left,R1-6,3925,543,0.1383,264,yes,Use as a cell-type search term; require an observed exact pair before adding an edge,Homolog incidence is not an edge probability or a named target neuron
2173,C_type_hypothesis,720575940633241764,R1-6,left,R1-6,3925,543,0.1383,264,yes,Use as a cell-type search term; require an observed exact pair before adding an edge,Homolog incidence is not an edge probability or a named target neuron
2174,C_type_hypothesis,720575940633457709,R1-6,left,R1-6,3925,543,0.1383,264,yes,Use as a cell-type search term; require an observed exact pair before adding an edge,Homolog incidence is not an edge probability or a named target neuron
2175,C_type_hypothesis,720575940633512908,R1-6,left,R1-6,3925,543,0.1383,264,yes,Use as a cell-type search term; require an observed exact pair before adding an edge,Homolog incidence is not an edge probability or a named target neuron
2176,C_type_hypothesis,720575940633517260,R1-6,left,R1-6,3925,543,0.1383,264,yes,Use as a cell-type search term; require an observed exact pair before adding an edge,Homolog incidence is not an edge probability or a named target neuron
2177,C_type_hypothesis,720575940633592996,R1-6,left,R1-6,3925,543,0.1383,264,yes,Use as a cell-type search term; require an observed exact pair before adding an edge,Homolog incidence is not an edge probability or a named target neuron
2178,C_type_hypothesis,720575940634246626,R1-6,left,R1-6,3925,543,0.1383,264,yes,Use as a cell-type search term; require an observed exact pair before adding an edge,Homolog incidence is not an edge probability or a named target neuron
2179,C_type_hypothesis,720575940634643993,R1-6,left,R1-6,3925,543,0.1383,264,yes,Use as a cell-type search term; require an observed exact pair before adding an edge,Homolog incidence is not an edge probability or a named target neuron
2180,C_type_hypothesis,720575940634857884,R1-6,left,R1-6,3925,543,0.1383,264,yes,Use as a cell-type search term; require an observed exact pair before adding an edge,Homolog incidence is not an edge probability or a named target neuron
2181,C_type_hypothesis,720575940634947484,R1-6,left,R1-6,3925,543,0.1383,264,yes,Use as a cell-type search term; require an observed exact pair before adding an edge,Homolog incidence is not an edge probability or a named target neuron
2182,C_type_hypothesis,720575940635440235,R1-6,left,R1-6,3925,543,0.1383,264,yes,Use as a cell-type search term; require an observed exact pair before adding an edge,Homolog incidence is not an edge probability or a named target neuron
2183,C_type_hypothesis,720575940636021855,R1-6,left,R1-6,3925,543,0.1383,264,yes,Use as a cell-type search term; require an observed exact pair before adding an edge,Homolog incidence is not an edge probability or a named target neuron
2184,C_type_hypothesis,720575940636156596,R1-6,left,R1-6,3925,543,0.1383,264,yes,Use as a cell-type search term; require an observed exact pair before adding an edge,Homolog incidence is not an edge probability or a named target neuron
2185,C_type_hypothesis,720575940636168116,R1-6,left,R1-6,3925,543,0.1383,264,yes,Use as a cell-type search term; require an observed exact pair before adding an edge,Homolog incidence is not an edge probability or a named target neuron
2186,C_type_hypothesis,720575940636169464,R1-6,left,R1-6,3925,543,0.1383,264,yes,Use as a cell-type search term; require an observed exact pair before adding an edge,Homolog incidence is not an edge probability or a named target neuron
2187,C_type_hypothesis,720575940636176888,R1-6,left,R1-6,3925,543,0.1383,264,yes,Use as a cell-type search term; require an observed exact pair before adding an edge,Homolog incidence is not an edge probability or a named target neuron
2188,C_type_hypothesis,720575940636191480,R1-6,left,R1-6,3925,543,0.1383,264,yes,Use as a cell-type search term; require an observed exact pair before adding an edge,Homolog incidence is not an edge probability or a named target neuron
2189,C_type_hypothesis,720575940636208052,R1-6,left,R1-6,3925,543,0.1383,264,yes,Use as a cell-type search term; require an observed exact pair before adding an edge,Homolog incidence is not an edge probability or a named target neuron
2190,C_type_hypothesis,720575940636893303,R1-6,left,R1-6,3925,543,0.1383,264,yes,Use as a cell-type search term; require an observed exact pair before adding an edge,Homolog incidence is not an edge probability or a named target neuron
2191,C_type_hypothesis,720575940637125239,R1-6,left,R1-6,3925,543,0.1383,264,yes,Use as a cell-type search term; require an observed exact pair before adding an edge,Homolog incidence is not an edge probability or a named target neuron
2192,C_type_hypothesis,720575940637782958,R1-6,left,R1-6,3925,543,0.1383,264,yes,Use as a cell-type search term; require an observed exact pair before adding an edge,Homolog incidence is not an edge probability or a named target neuron
2193,C_type_hypothesis,720575940638004080,R1-6,left,R1-6,3925,543,0.1383,264,yes,Use as a cell-type search term; require an observed exact pair before adding an edge,Homolog incidence is not an edge probability or a named target neuron
2194,C_type_hypothesis,720575940638078832,R1-6,left,R1-6,3925,543,0.1383,264,yes,Use as a cell-type search term; require an observed exact pair before adding an edge,Homolog incidence is not an edge probability or a named target neuron
2195,C_type_hypothesis,720575940638523994,R1-6,left,R1-6,3925,543,0.1383,264,yes,Use as a cell-type search term; require an observed exact pair before adding an edge,Homolog incidence is not an edge probability or a named target neuron
2196,C_type_hypothesis,720575940638556382,R1-6,left,R1-6,3925,543,0.1383,264,yes,Use as a cell-type search term; require an observed exact pair before adding an edge,Homolog incidence is not an edge probability or a named target neuron
2197,C_type_hypothesis,720575940638577215,R1-6,left,R1-6,3925,543,0.1383,264,yes,Use as a cell-type search term; require an observed exact pair before adding an edge,Homolog incidence is not an edge probability or a named target neuron
2198,C_type_hypothesis,720575940638684649,R1-6,left,R1-6,3925,543,0.1383,264,yes,Use as a cell-type search term; require an observed exact pair before adding an edge,Homolog incidence is not an edge probability or a named target neuron
2199,C_type_hypothesis,720575940638711359,R1-6,left,R1-6,3925,543,0.1383,264,yes,Use as a cell-type search term; require an observed exact pair before adding an edge,Homolog incidence is not an edge probability or a named target neuron
2200,C_type_hypothesis,720575940638712127,R1-6,left,R1-6,3925,543,0.1383,264,yes,Use as a cell-type search term; require an observed exact pair before adding an edge,Homolog incidence is not an edge probability or a named target neuron
2201,C_type_hypothesis,720575940638713407,R1-6,left,R1-6,3925,543,0.1383,264,yes,Use as a cell-type search term; require an observed exact pair before adding an edge,Homolog incidence is not an edge probability or a named target neuron
2202,C_type_hypothesis,720575940638759999,R1-6,left,R1-6,3925,543,0.1383,264,yes,Use as a cell-type search term; require an observed exact pair before adding an edge,Homolog incidence is not an edge probability or a named target neuron
2203,C_type_hypothesis,720575940638820442,R1-6,left,R1-6,3925,543,0.1383,264,yes,Use as a cell-type search term; require an observed exact pair before adding an edge,Homolog incidence is not an edge probability or a named target neuron
2204,C_type_hypothesis,720575940638872553,R1-6,left,R1-6,3925,543,0.1383,264,yes,Use as a cell-type search term; require an observed exact pair before adding an edge,Homolog incidence is not an edge probability or a named target neuron
2205,C_type_hypothesis,720575940639049193,R1-6,left,R1-6,3925,543,0.1383,264,yes,Use as a cell-type search term; require an observed exact pair before adding an edge,Homolog incidence is not an edge probability or a named target neuron
2206,C_type_hypothesis,720575940639657661,R1-6,left,R1-6,3925,543,0.1383,264,yes,Use as a cell-type search term; require an observed exact pair before adding an edge,Homolog incidence is not an edge probability or a named target neuron
2207,C_type_hypothesis,720575940639783989,R1-6,left,R1-6,3925,543,0.1383,264,yes,Use as a cell-type search term; require an observed exact pair before adding an edge,Homolog incidence is not an edge probability or a named target neuron
2208,C_type_hypothesis,720575940639787061,R1-6,left,R1-6,3925,543,0.1383,264,yes,Use as a cell-type search term; require an observed exact pair before adding an edge,Homolog incidence is not an edge probability or a named target neuron
2209,C_type_hypothesis,720575940639884622,R1-6,left,R1-6,3925,543,0.1383,264,yes,Use as a cell-type search term; require an observed exact pair before adding an edge,Homolog incidence is not an edge probability or a named target neuron
2210,C_type_hypothesis,720575940640193614,R1-6,left,R1-6,3925,543,0.1383,264,yes,Use as a cell-type search term; require an observed exact pair before adding an edge,Homolog incidence is not an edge probability or a named target neuron
2211,C_type_hypothesis,720575940640196413,R1-6,left,R1-6,3925,543,0.1383,264,yes,Use as a cell-type search term; require an observed exact pair before adding an edge,Homolog incidence is not an edge probability or a named target neuron
2212,C_type_hypothesis,720575940640197949,R1-6,left,R1-6,3925,543,0.1383,264,yes,Use as a cell-type search term; require an observed exact pair before adding an edge,Homolog incidence is not an edge probability or a named target neuron
2213,C_type_hypothesis,720575940640287310,R1-6,left,R1-6,3925,543,0.1383,264,yes,Use as a cell-type search term; require an observed exact pair before adding an edge,Homolog incidence is not an edge probability or a named target neuron
2214,C_type_hypothesis,720575940640297075,R1-6,left,R1-6,3925,543,0.1383,264,yes,Use as a cell-type search term; require an observed exact pair before adding an edge,Homolog incidence is not an edge probability or a named target neuron
2215,C_type_hypothesis,720575940640480856,R1-6,left,R1-6,3925,543,0.1383,264,yes,Use as a cell-type search term; require an observed exact pair before adding an edge,Homolog incidence is not an edge probability or a named target neuron
2216,C_type_hypothesis,720575940640525144,R1-6,left,R1-6,3925,543,0.1383,264,yes,Use as a cell-type search term; require an observed exact pair before adding an edge,Homolog incidence is not an edge probability or a named target neuron
2217,C_type_hypothesis,720575940640780160,R1-6,left,R1-6,3925,543,0.1383,264,yes,Use as a cell-type search term; require an observed exact pair before adding an edge,Homolog incidence is not an edge probability or a named target neuron
2218,C_type_hypothesis,720575940641249232,R1-6,left,R1-6,3925,543,0.1383,264,yes,Use as a cell-type search term; require an observed exact pair before adding an edge,Homolog incidence is not an edge probability or a named target neuron
2219,C_type_hypothesis,720575940641271504,R1-6,left,R1-6,3925,543,0.1383,264,yes,Use as a cell-type search term; require an observed exact pair before adding an edge,Homolog incidence is not an edge probability or a named target neuron
2220,C_type_hypothesis,720575940641277904,R1-6,left,R1-6,3925,543,0.1383,264,yes,Use as a cell-type search term; require an observed exact pair before adding an edge,Homolog incidence is not an edge probability or a named target neuron
2221,C_type_hypothesis,720575940641599184,R1-6,left,R1-6,3925,543,0.1383,264,yes,Use as a cell-type search term; require an observed exact pair before adding an edge,Homolog incidence is not an edge probability or a named target neuron
2222,C_type_hypothesis,720575940642527451,R1-6,left,R1-6,3925,543,0.1383,264,yes,Use as a cell-type search term; require an observed exact pair before adding an edge,Homolog incidence is not an edge probability or a named target neuron
2223,C_type_hypothesis,720575940642532827,R1-6,left,R1-6,3925,543,0.1383,264,yes,Use as a cell-type search term; require an observed exact pair before adding an edge,Homolog incidence is not an edge probability or a named target neuron
2224,C_type_hypothesis,720575940642539995,R1-6,left,R1-6,3925,543,0.1383,264,yes,Use as a cell-type search term; require an observed exact pair before adding an edge,Homolog incidence is not an edge probability or a named target neuron
2225,C_type_hypothesis,720575940642891405,R1-6,left,R1-6,3925,543,0.1383,264,yes,Use as a cell-type search term; require an observed exact pair before adding an edge,Homolog incidence is not an edge probability or a named target neuron
2226,C_type_hypothesis,720575940643079309,R1-6,left,R1-6,3925,543,0.1383,264,yes,Use as a cell-type search term; require an observed exact pair before adding an edge,Homolog incidence is not an edge probability or a named target neuron
2227,C_type_hypothesis,720575940645837335,R1-6,left,R1-6,3925,543,0.1383,264,yes,Use as a cell-type search term; require an observed exact pair before adding an edge,Homolog incidence is not an edge probability or a named target neuron
2228,C_type_hypothesis,720575940646253422,R1-6,left,R1-6,3925,543,0.1383,264,yes,Use as a cell-type search term; require an observed exact pair before adding an edge,Homolog incidence is not an edge probability or a named target neuron
2229,C_type_hypothesis,720575940646392942,R1-6,left,R1-6,3925,543,0.1383,264,yes,Use as a cell-type search term; require an observed exact pair before adding an edge,Homolog incidence is not an edge probability or a named target neuron
2230,C_type_hypothesis,720575940646803747,R1-6,left,R1-6,3925,543,0.1383,264,yes,Use as a cell-type search term; require an observed exact pair before adding an edge,Homolog incidence is not an edge probability or a named target neuron
2231,C_type_hypothesis,720575940647021091,R1-6,left,R1-6,3925,543,0.1383,264,yes,Use as a cell-type search term; require an observed exact pair before adding an edge,Homolog incidence is not an edge probability or a named target neuron
2232,C_type_hypothesis,720575940647077411,R1-6,left,R1-6,3925,543,0.1383,264,yes,Use as a cell-type search term; require an observed exact pair before adding an edge,Homolog incidence is not an edge probability or a named target neuron
2233,C_type_hypothesis,720575940647962500,R1-6,left,R1-6,3925,543,0.1383,264,yes,Use as a cell-type search term; require an observed exact pair before adding an edge,Homolog incidence is not an edge probability or a named target neuron
2234,C_type_hypothesis,720575940648163972,R1-6,left,R1-6,3925,543,0.1383,264,yes,Use as a cell-type search term; require an observed exact pair before adding an edge,Homolog incidence is not an edge probability or a named target neuron
2235,C_type_hypothesis,720575940650447993,R1-6,left,R1-6,3925,543,0.1383,264,yes,Use as a cell-type search term; require an observed exact pair before adding an edge,Homolog incidence is not an edge probability or a named target neuron
2236,C_type_hypothesis,720575940653106422,R1-6,left,R1-6,3925,543,0.1383,264,yes,Use as a cell-type search term; require an observed exact pair before adding an edge,Homolog incidence is not an edge probability or a named target neuron
2237,C_type_hypothesis,720575940661099137,R1-6,left,R1-6,3925,543,0.1383,264,yes,Use as a cell-type search term; require an observed exact pair before adding an edge,Homolog incidence is not an edge probability or a named target neuron
2238,C_type_hypothesis,720575940606503870,R1-6,right,R1-6,3730,464,0.1244,264,yes,Use as a cell-type search term; require an observed exact pair before adding an edge,Homolog incidence is not an edge probability or a named target neuron
2239,C_type_hypothesis,720575940607773314,R1-6,right,R1-6,3730,464,0.1244,264,yes,Use as a cell-type search term; require an observed exact pair before adding an edge,Homolog incidence is not an edge probability or a named target neuron
2240,C_type_hypothesis,720575940607860169,R1-6,right,R1-6,3730,464,0.1244,264,yes,Use as a cell-type search term; require an observed exact pair before adding an edge,Homolog incidence is not an edge probability or a named target neuron
2241,C_type_hypothesis,720575940608078345,R1-6,right,R1-6,3730,464,0.1244,264,yes,Use as a cell-type search term; require an observed exact pair before adding an edge,Homolog incidence is not an edge probability or a named target neuron
2242,C_type_hypothesis,720575940609016668,R1-6,right,R1-6,3730,464,0.1244,264,yes,Use as a cell-type search term; require an observed exact pair before adding an edge,Homolog incidence is not an edge probability or a named target neuron
2243,C_type_hypothesis,720575940609485579,R1-6,right,R1-6,3730,464,0.1244,264,yes,Use as a cell-type search term; require an observed exact pair before adding an edge,Homolog incidence is not an edge probability or a named target neuron
2244,C_type_hypothesis,720575940610715204,R1-6,right,R1-6,3730,464,0.1244,264,yes,Use as a cell-type search term; require an observed exact pair before adding an edge,Homolog incidence is not an edge probability or a named target neuron
2245,C_type_hypothesis,720575940610821188,R1-6,right,R1-6,3730,464,0.1244,264,yes,Use as a cell-type search term; require an observed exact pair before adding an edge,Homolog incidence is not an edge probability or a named target neuron
2246,C_type_hypothesis,720575940611532664,R1-6,right,R1-6,3730,464,0.1244,264,yes,Use as a cell-type search term; require an observed exact pair before adding an edge,Homolog incidence is not an edge probability or a named target neuron
2247,C_type_hypothesis,720575940611550840,R1-6,right,R1-6,3730,464,0.1244,264,yes,Use as a cell-type search term; require an observed exact pair before adding an edge,Homolog incidence is not an edge probability or a named target neuron
2248,C_type_hypothesis,720575940612735194,R1-6,right,R1-6,3730,464,0.1244,264,yes,Use as a cell-type search term; require an observed exact pair before adding an edge,Homolog incidence is not an edge probability or a named target neuron
2249,C_type_hypothesis,720575940612839793,R1-6,right,R1-6,3730,464,0.1244,264,yes,Use as a cell-type search term; require an observed exact pair before adding an edge,Homolog incidence is not an edge probability or a named target neuron
2250,C_type_hypothesis,720575940612899763,R1-6,right,R1-6,3730,464,0.1244,264,yes,Use as a cell-type search term; require an observed exact pair before adding an edge,Homolog incidence is not an edge probability or a named target neuron
2251,C_type_hypothesis,720575940612943066,R1-6,right,R1-6,3730,464,0.1244,264,yes,Use as a cell-type search term; require an observed exact pair before adding an edge,Homolog incidence is not an edge probability or a named target neuron
2252,C_type_hypothesis,720575940612947635,R1-6,right,R1-6,3730,464,0.1244,264,yes,Use as a cell-type search term; require an observed exact pair before adding an edge,Homolog incidence is not an edge probability or a named target neuron
2253,C_type_hypothesis,720575940613196261,R1-6,right,R1-6,3730,464,0.1244,264,yes,Use as a cell-type search term; require an observed exact pair before adding an edge,Homolog incidence is not an edge probability or a named target neuron
2254,C_type_hypothesis,720575940613474474,R1-6,right,R1-6,3730,464,0.1244,264,yes,Use as a cell-type search term; require an observed exact pair before adding an edge,Homolog incidence is not an edge probability or a named target neuron
2255,C_type_hypothesis,720575940613971683,R1-6,right,R1-6,3730,464,0.1244,264,yes,Use as a cell-type search term; require an observed exact pair before adding an edge,Homolog incidence is not an edge probability or a named target neuron
2256,C_type_hypothesis,720575940614792623,R1-6,right,R1-6,3730,464,0.1244,264,yes,Use as a cell-type search term; require an observed exact pair before adding an edge,Homolog incidence is not an edge probability or a named target neuron
2257,C_type_hypothesis,720575940614839215,R1-6,right,R1-6,3730,464,0.1244,264,yes,Use as a cell-type search term; require an observed exact pair before adding an edge,Homolog incidence is not an edge probability or a named target neuron
2258,C_type_hypothesis,720575940614928849,R1-6,right,R1-6,3730,464,0.1244,264,yes,Use as a cell-type search term; require an observed exact pair before adding an edge,Homolog incidence is not an edge probability or a named target neuron
2259,C_type_hypothesis,720575940615167742,R1-6,right,R1-6,3730,464,0.1244,264,yes,Use as a cell-type search term; require an observed exact pair before adding an edge,Homolog incidence is not an edge probability or a named target neuron
2260,C_type_hypothesis,720575940615708066,R1-6,right,R1-6,3730,464,0.1244,264,yes,Use as a cell-type search term; require an observed exact pair before adding an edge,Homolog incidence is not an edge probability or a named target neuron
2261,C_type_hypothesis,720575940615951839,R1-6,right,R1-6,3730,464,0.1244,264,yes,Use as a cell-type search term; require an observed exact pair before adding an edge,Homolog incidence is not an edge probability or a named target neuron
2262,C_type_hypothesis,720575940616346822,R1-6,right,R1-6,3730,464,0.1244,264,yes,Use as a cell-type search term; require an observed exact pair before adding an edge,Homolog incidence is not an edge probability or a named target neuron
2263,C_type_hypothesis,720575940616450626,R1-6,right,R1-6,3730,464,0.1244,264,yes,Use as a cell-type search term; require an observed exact pair before adding an edge,Homolog incidence is not an edge probability or a named target neuron
2264,C_type_hypothesis,720575940617920827,R1-6,right,R1-6,3730,464,0.1244,264,yes,Use as a cell-type search term; require an observed exact pair before adding an edge,Homolog incidence is not an edge probability or a named target neuron
2265,C_type_hypothesis,720575940618115289,R1-6,right,R1-6,3730,464,0.1244,264,yes,Use as a cell-type search term; require an observed exact pair before adding an edge,Homolog incidence is not an edge probability or a named target neuron
2266,C_type_hypothesis,720575940618150105,R1-6,right,R1-6,3730,464,0.1244,264,yes,Use as a cell-type search term; require an observed exact pair before adding an edge,Homolog incidence is not an edge probability or a named target neuron
2267,C_type_hypothesis,720575940618223419,R1-6,right,R1-6,3730,464,0.1244,264,yes,Use as a cell-type search term; require an observed exact pair before adding an edge,Homolog incidence is not an edge probability or a named target neuron
2268,C_type_hypothesis,720575940618437922,R1-6,right,R1-6,3730,464,0.1244,264,yes,Use as a cell-type search term; require an observed exact pair before adding an edge,Homolog incidence is not an edge probability or a named target neuron
2269,C_type_hypothesis,720575940618531618,R1-6,right,R1-6,3730,464,0.1244,264,yes,Use as a cell-type search term; require an observed exact pair before adding an edge,Homolog incidence is not an edge probability or a named target neuron
2270,C_type_hypothesis,720575940618663069,R1-6,right,R1-6,3730,464,0.1244,264,yes,Use as a cell-type search term; require an observed exact pair before adding an edge,Homolog incidence is not an edge probability or a named target neuron
2271,C_type_hypothesis,720575940618712221,R1-6,right,R1-6,3730,464,0.1244,264,yes,Use as a cell-type search term; require an observed exact pair before adding an edge,Homolog incidence is not an edge probability or a named target neuron
2272,C_type_hypothesis,720575940618718977,R1-6,right,R1-6,3730,464,0.1244,264,yes,Use as a cell-type search term; require an observed exact pair before adding an edge,Homolog incidence is not an edge probability or a named target neuron
2273,C_type_hypothesis,720575940618743709,R1-6,right,R1-6,3730,464,0.1244,264,yes,Use as a cell-type search term; require an observed exact pair before adding an edge,Homolog incidence is not an edge probability or a named target neuron
2274,C_type_hypothesis,720575940619065664,R1-6,right,R1-6,3730,464,0.1244,264,yes,Use as a cell-type search term; require an observed exact pair before adding an edge,Homolog incidence is not an edge probability or a named target neuron
2275,C_type_hypothesis,720575940619877022,R1-6,right,R1-6,3730,464,0.1244,264,yes,Use as a cell-type search term; require an observed exact pair before adding an edge,Homolog incidence is not an edge probability or a named target neuron
2276,C_type_hypothesis,720575940620232920,R1-6,right,R1-6,3730,464,0.1244,264,yes,Use as a cell-type search term; require an observed exact pair before adding an edge,Homolog incidence is not an edge probability or a named target neuron
2277,C_type_hypothesis,720575940620629553,R1-6,right,R1-6,3730,464,0.1244,264,yes,Use as a cell-type search term; require an observed exact pair before adding an edge,Homolog incidence is not an edge probability or a named target neuron
2278,C_type_hypothesis,720575940620647760,R1-6,right,R1-6,3730,464,0.1244,264,yes,Use as a cell-type search term; require an observed exact pair before adding an edge,Homolog incidence is not an edge probability or a named target neuron
2279,C_type_hypothesis,720575940620666315,R1-6,right,R1-6,3730,464,0.1244,264,yes,Use as a cell-type search term; require an observed exact pair before adding an edge,Homolog incidence is not an edge probability or a named target neuron
2280,C_type_hypothesis,720575940620722000,R1-6,right,R1-6,3730,464,0.1244,264,yes,Use as a cell-type search term; require an observed exact pair before adding an edge,Homolog incidence is not an edge probability or a named target neuron
2281,C_type_hypothesis,720575940620753744,R1-6,right,R1-6,3730,464,0.1244,264,yes,Use as a cell-type search term; require an observed exact pair before adding an edge,Homolog incidence is not an edge probability or a named target neuron
2282,C_type_hypothesis,720575940621090213,R1-6,right,R1-6,3730,464,0.1244,264,yes,Use as a cell-type search term; require an observed exact pair before adding an edge,Homolog incidence is not an edge probability or a named target neuron
2283,C_type_hypothesis,720575940621103269,R1-6,right,R1-6,3730,464,0.1244,264,yes,Use as a cell-type search term; require an observed exact pair before adding an edge,Homolog incidence is not an edge probability or a named target neuron
2284,C_type_hypothesis,720575940621193051,R1-6,right,R1-6,3730,464,0.1244,264,yes,Use as a cell-type search term; require an observed exact pair before adding an edge,Homolog incidence is not an edge probability or a named target neuron
2285,C_type_hypothesis,720575940621349285,R1-6,right,R1-6,3730,464,0.1244,264,yes,Use as a cell-type search term; require an observed exact pair before adding an edge,Homolog incidence is not an edge probability or a named target neuron
2286,C_type_hypothesis,720575940621443206,R1-6,right,R1-6,3730,464,0.1244,264,yes,Use as a cell-type search term; require an observed exact pair before adding an edge,Homolog incidence is not an edge probability or a named target neuron
2287,C_type_hypothesis,720575940621462511,R1-6,right,R1-6,3730,464,0.1244,264,yes,Use as a cell-type search term; require an observed exact pair before adding an edge,Homolog incidence is not an edge probability or a named target neuron
2288,C_type_hypothesis,720575940621489243,R1-6,right,R1-6,3730,464,0.1244,264,yes,Use as a cell-type search term; require an observed exact pair before adding an edge,Homolog incidence is not an edge probability or a named target neuron
2289,C_type_hypothesis,720575940621500070,R1-6,right,R1-6,3730,464,0.1244,264,yes,Use as a cell-type search term; require an observed exact pair before adding an edge,Homolog incidence is not an edge probability or a named target neuron
2290,C_type_hypothesis,720575940621667462,R1-6,right,R1-6,3730,464,0.1244,264,yes,Use as a cell-type search term; require an observed exact pair before adding an edge,Homolog incidence is not an edge probability or a named target neuron
2291,C_type_hypothesis,720575940621944941,R1-6,right,R1-6,3730,464,0.1244,264,yes,Use as a cell-type search term; require an observed exact pair before adding an edge,Homolog incidence is not an edge probability or a named target neuron
2292,C_type_hypothesis,720575940622029494,R1-6,right,R1-6,3730,464,0.1244,264,yes,Use as a cell-type search term; require an observed exact pair before adding an edge,Homolog incidence is not an edge probability or a named target neuron
2293,C_type_hypothesis,720575940622056368,R1-6,right,R1-6,3730,464,0.1244,264,yes,Use as a cell-type search term; require an observed exact pair before adding an edge,Homolog incidence is not an edge probability or a named target neuron
2294,C_type_hypothesis,720575940622270273,R1-6,right,R1-6,3730,464,0.1244,264,yes,Use as a cell-type search term; require an observed exact pair before adding an edge,Homolog incidence is not an edge probability or a named target neuron
2295,C_type_hypothesis,720575940622303216,R1-6,right,R1-6,3730,464,0.1244,264,yes,Use as a cell-type search term; require an observed exact pair before adding an edge,Homolog incidence is not an edge probability or a named target neuron
2296,C_type_hypothesis,720575940622404991,R1-6,right,R1-6,3730,464,0.1244,264,yes,Use as a cell-type search term; require an observed exact pair before adding an edge,Homolog incidence is not an edge probability or a named target neuron
2297,C_type_hypothesis,720575940622545023,R1-6,right,R1-6,3730,464,0.1244,264,yes,Use as a cell-type search term; require an observed exact pair before adding an edge,Homolog incidence is not an edge probability or a named target neuron
2298,C_type_hypothesis,720575940622703640,R1-6,right,R1-6,3730,464,0.1244,264,yes,Use as a cell-type search term; require an observed exact pair before adding an edge,Homolog incidence is not an edge probability or a named target neuron
2299,C_type_hypothesis,720575940622799137,R1-6,right,R1-6,3730,464,0.1244,264,yes,Use as a cell-type search term; require an observed exact pair before adding an edge,Homolog incidence is not an edge probability or a named target neuron
2300,C_type_hypothesis,720575940622799898,R1-6,right,R1-6,3730,464,0.1244,264,yes,Use as a cell-type search term; require an observed exact pair before adding an edge,Homolog incidence is not an edge probability or a named target neuron
2301,C_type_hypothesis,720575940622814302,R1-6,right,R1-6,3730,464,0.1244,264,yes,Use as a cell-type search term; require an observed exact pair before adding an edge,Homolog incidence is not an edge probability or a named target neuron
2302,C_type_hypothesis,720575940622918012,R1-6,right,R1-6,3730,464,0.1244,264,yes,Use as a cell-type search term; require an observed exact pair before adding an edge,Homolog incidence is not an edge probability or a named target neuron
2303,C_type_hypothesis,720575940622939998,R1-6,right,R1-6,3730,464,0.1244,264,yes,Use as a cell-type search term; require an observed exact pair before adding an edge,Homolog incidence is not an edge probability or a named target neuron
2304,C_type_hypothesis,720575940623003169,R1-6,right,R1-6,3730,464,0.1244,264,yes,Use as a cell-type search term; require an observed exact pair before adding an edge,Homolog incidence is not an edge probability or a named target neuron
2305,C_type_hypothesis,720575940623005308,R1-6,right,R1-6,3730,464,0.1244,264,yes,Use as a cell-type search term; require an observed exact pair before adding an edge,Homolog incidence is not an edge probability or a named target neuron
2306,C_type_hypothesis,720575940623239133,R1-6,right,R1-6,3730,464,0.1244,264,yes,Use as a cell-type search term; require an observed exact pair before adding an edge,Homolog incidence is not an edge probability or a named target neuron
2307,C_type_hypothesis,720575940623770637,R1-6,right,R1-6,3730,464,0.1244,264,yes,Use as a cell-type search term; require an observed exact pair before adding an edge,Homolog incidence is not an edge probability or a named target neuron
2308,C_type_hypothesis,720575940624139305,R1-6,right,R1-6,3730,464,0.1244,264,yes,Use as a cell-type search term; require an observed exact pair before adding an edge,Homolog incidence is not an edge probability or a named target neuron
2309,C_type_hypothesis,720575940624141508,R1-6,right,R1-6,3730,464,0.1244,264,yes,Use as a cell-type search term; require an observed exact pair before adding an edge,Homolog incidence is not an edge probability or a named target neuron
2310,C_type_hypothesis,720575940624870217,R1-6,right,R1-6,3730,464,0.1244,264,yes,Use as a cell-type search term; require an observed exact pair before adding an edge,Homolog incidence is not an edge probability or a named target neuron
2311,C_type_hypothesis,720575940624956139,R1-6,right,R1-6,3730,464,0.1244,264,yes,Use as a cell-type search term; require an observed exact pair before adding an edge,Homolog incidence is not an edge probability or a named target neuron
2312,C_type_hypothesis,720575940625113015,R1-6,right,R1-6,3730,464,0.1244,264,yes,Use as a cell-type search term; require an observed exact pair before adding an edge,Homolog incidence is not an edge probability or a named target neuron
2313,C_type_hypothesis,720575940625125640,R1-6,right,R1-6,3730,464,0.1244,264,yes,Use as a cell-type search term; require an observed exact pair before adding an edge,Homolog incidence is not an edge probability or a named target neuron
2314,C_type_hypothesis,720575940625416167,R1-6,right,R1-6,3730,464,0.1244,264,yes,Use as a cell-type search term; require an observed exact pair before adding an edge,Homolog incidence is not an edge probability or a named target neuron
2315,C_type_hypothesis,720575940625511572,R1-6,right,R1-6,3730,464,0.1244,264,yes,Use as a cell-type search term; require an observed exact pair before adding an edge,Homolog incidence is not an edge probability or a named target neuron
2316,C_type_hypothesis,720575940625717747,R1-6,right,R1-6,3730,464,0.1244,264,yes,Use as a cell-type search term; require an observed exact pair before adding an edge,Homolog incidence is not an edge probability or a named target neuron
2317,C_type_hypothesis,720575940625781692,R1-6,right,R1-6,3730,464,0.1244,264,yes,Use as a cell-type search term; require an observed exact pair before adding an edge,Homolog incidence is not an edge probability or a named target neuron
2318,C_type_hypothesis,720575940626585744,R1-6,right,R1-6,3730,464,0.1244,264,yes,Use as a cell-type search term; require an observed exact pair before adding an edge,Homolog incidence is not an edge probability or a named target neuron
2319,C_type_hypothesis,720575940626928740,R1-6,right,R1-6,3730,464,0.1244,264,yes,Use as a cell-type search term; require an observed exact pair before adding an edge,Homolog incidence is not an edge probability or a named target neuron
2320,C_type_hypothesis,720575940627138306,R1-6,right,R1-6,3730,464,0.1244,264,yes,Use as a cell-type search term; require an observed exact pair before adding an edge,Homolog incidence is not an edge probability or a named target neuron
2321,C_type_hypothesis,720575940627638558,R1-6,right,R1-6,3730,464,0.1244,264,yes,Use as a cell-type search term; require an observed exact pair before adding an edge,Homolog incidence is not an edge probability or a named target neuron
2322,C_type_hypothesis,720575940627671433,R1-6,right,R1-6,3730,464,0.1244,264,yes,Use as a cell-type search term; require an observed exact pair before adding an edge,Homolog incidence is not an edge probability or a named target neuron
2323,C_type_hypothesis,720575940627855768,R1-6,right,R1-6,3730,464,0.1244,264,yes,Use as a cell-type search term; require an observed exact pair before adding an edge,Homolog incidence is not an edge probability or a named target neuron
2324,C_type_hypothesis,720575940627873299,R1-6,right,R1-6,3730,464,0.1244,264,yes,Use as a cell-type search term; require an observed exact pair before adding an edge,Homolog incidence is not an edge probability or a named target neuron
2325,C_type_hypothesis,720575940628054397,R1-6,right,R1-6,3730,464,0.1244,264,yes,Use as a cell-type search term; require an observed exact pair before adding an edge,Homolog incidence is not an edge probability or a named target neuron
2326,C_type_hypothesis,720575940628102013,R1-6,right,R1-6,3730,464,0.1244,264,yes,Use as a cell-type search term; require an observed exact pair before adding an edge,Homolog incidence is not an edge probability or a named target neuron
2327,C_type_hypothesis,720575940628131130,R1-6,right,R1-6,3730,464,0.1244,264,yes,Use as a cell-type search term; require an observed exact pair before adding an edge,Homolog incidence is not an edge probability or a named target neuron
2328,C_type_hypothesis,720575940628442389,R1-6,right,R1-6,3730,464,0.1244,264,yes,Use as a cell-type search term; require an observed exact pair before adding an edge,Homolog incidence is not an edge probability or a named target neuron
2329,C_type_hypothesis,720575940628522152,R1-6,right,R1-6,3730,464,0.1244,264,yes,Use as a cell-type search term; require an observed exact pair before adding an edge,Homolog incidence is not an edge probability or a named target neuron
2330,C_type_hypothesis,720575940628648936,R1-6,right,R1-6,3730,464,0.1244,264,yes,Use as a cell-type search term; require an observed exact pair before adding an edge,Homolog incidence is not an edge probability or a named target neuron
2331,C_type_hypothesis,720575940628789064,R1-6,right,R1-6,3730,464,0.1244,264,yes,Use as a cell-type search term; require an observed exact pair before adding an edge,Homolog incidence is not an edge probability or a named target neuron
2332,C_type_hypothesis,720575940629285873,R1-6,right,R1-6,3730,464,0.1244,264,yes,Use as a cell-type search term; require an observed exact pair before adding an edge,Homolog incidence is not an edge probability or a named target neuron
2333,C_type_hypothesis,720575940629377641,R1-6,right,R1-6,3730,464,0.1244,264,yes,Use as a cell-type search term; require an observed exact pair before adding an edge,Homolog incidence is not an edge probability or a named target neuron
2334,C_type_hypothesis,720575940629499395,R1-6,right,R1-6,3730,464,0.1244,264,yes,Use as a cell-type search term; require an observed exact pair before adding an edge,Homolog incidence is not an edge probability or a named target neuron
2335,C_type_hypothesis,720575940629714793,R1-6,right,R1-6,3730,464,0.1244,264,yes,Use as a cell-type search term; require an observed exact pair before adding an edge,Homolog incidence is not an edge probability or a named target neuron
2336,C_type_hypothesis,720575940629854507,R1-6,right,R1-6,3730,464,0.1244,264,yes,Use as a cell-type search term; require an observed exact pair before adding an edge,Homolog incidence is not an edge probability or a named target neuron
2337,C_type_hypothesis,720575940630333566,R1-6,right,R1-6,3730,464,0.1244,264,yes,Use as a cell-type search term; require an observed exact pair before adding an edge,Homolog incidence is not an edge probability or a named target neuron
2338,C_type_hypothesis,720575940630351554,R1-6,right,R1-6,3730,464,0.1244,264,yes,Use as a cell-type search term; require an observed exact pair before adding an edge,Homolog incidence is not an edge probability or a named target neuron
2339,C_type_hypothesis,720575940630423418,R1-6,right,R1-6,3730,464,0.1244,264,yes,Use as a cell-type search term; require an observed exact pair before adding an edge,Homolog incidence is not an edge probability or a named target neuron
2340,C_type_hypothesis,720575940630485626,R1-6,right,R1-6,3730,464,0.1244,264,yes,Use as a cell-type search term; require an observed exact pair before adding an edge,Homolog incidence is not an edge probability or a named target neuron
2341,C_type_hypothesis,720575940630869548,R1-6,right,R1-6,3730,464,0.1244,264,yes,Use as a cell-type search term; require an observed exact pair before adding an edge,Homolog incidence is not an edge probability or a named target neuron
2342,C_type_hypothesis,720575940630871260,R1-6,right,R1-6,3730,464,0.1244,264,yes,Use as a cell-type search term; require an observed exact pair before adding an edge,Homolog incidence is not an edge probability or a named target neuron
2343,C_type_hypothesis,720575940631043900,R1-6,right,R1-6,3730,464,0.1244,264,yes,Use as a cell-type search term; require an observed exact pair before adding an edge,Homolog incidence is not an edge probability or a named target neuron
2344,C_type_hypothesis,720575940631048812,R1-6,right,R1-6,3730,464,0.1244,264,yes,Use as a cell-type search term; require an observed exact pair before adding an edge,Homolog incidence is not an edge probability or a named target neuron
2345,C_type_hypothesis,720575940631186550,R1-6,right,R1-6,3730,464,0.1244,264,yes,Use as a cell-type search term; require an observed exact pair before adding an edge,Homolog incidence is not an edge probability or a named target neuron
2346,C_type_hypothesis,720575940631286636,R1-6,right,R1-6,3730,464,0.1244,264,yes,Use as a cell-type search term; require an observed exact pair before adding an edge,Homolog incidence is not an edge probability or a named target neuron
2347,C_type_hypothesis,720575940631301883,R1-6,right,R1-6,3730,464,0.1244,264,yes,Use as a cell-type search term; require an observed exact pair before adding an edge,Homolog incidence is not an edge probability or a named target neuron
2348,C_type_hypothesis,720575940631388887,R1-6,right,R1-6,3730,464,0.1244,264,yes,Use as a cell-type search term; require an observed exact pair before adding an edge,Homolog incidence is not an edge probability or a named target neuron
2349,C_type_hypothesis,720575940631647173,R1-6,right,R1-6,3730,464,0.1244,264,yes,Use as a cell-type search term; require an observed exact pair before adding an edge,Homolog incidence is not an edge probability or a named target neuron
2350,C_type_hypothesis,720575940631750095,R1-6,right,R1-6,3730,464,0.1244,264,yes,Use as a cell-type search term; require an observed exact pair before adding an edge,Homolog incidence is not an edge probability or a named target neuron
2351,C_type_hypothesis,720575940631845839,R1-6,right,R1-6,3730,464,0.1244,264,yes,Use as a cell-type search term; require an observed exact pair before adding an edge,Homolog incidence is not an edge probability or a named target neuron
2352,C_type_hypothesis,720575940632083275,R1-6,right,R1-6,3730,464,0.1244,264,yes,Use as a cell-type search term; require an observed exact pair before adding an edge,Homolog incidence is not an edge probability or a named target neuron
2353,C_type_hypothesis,720575940632189970,R1-6,right,R1-6,3730,464,0.1244,264,yes,Use as a cell-type search term; require an observed exact pair before adding an edge,Homolog incidence is not an edge probability or a named target neuron
2354,C_type_hypothesis,720575940632382994,R1-6,right,R1-6,3730,464,0.1244,264,yes,Use as a cell-type search term; require an observed exact pair before adding an edge,Homolog incidence is not an edge probability or a named target neuron
2355,C_type_hypothesis,720575940632581945,R1-6,right,R1-6,3730,464,0.1244,264,yes,Use as a cell-type search term; require an observed exact pair before adding an edge,Homolog incidence is not an edge probability or a named target neuron
2356,C_type_hypothesis,720575940633176351,R1-6,right,R1-6,3730,464,0.1244,264,yes,Use as a cell-type search term; require an observed exact pair before adding an edge,Homolog incidence is not an edge probability or a named target neuron
2357,C_type_hypothesis,720575940633188492,R1-6,right,R1-6,3730,464,0.1244,264,yes,Use as a cell-type search term; require an observed exact pair before adding an edge,Homolog incidence is not an edge probability or a named target neuron
2358,C_type_hypothesis,720575940633561887,R1-6,right,R1-6,3730,464,0.1244,264,yes,Use as a cell-type search term; require an observed exact pair before adding an edge,Homolog incidence is not an edge probability or a named target neuron
2359,C_type_hypothesis,720575940633773523,R1-6,right,R1-6,3730,464,0.1244,264,yes,Use as a cell-type search term; require an observed exact pair before adding an edge,Homolog incidence is not an edge probability or a named target neuron
2360,C_type_hypothesis,720575940635013020,R1-6,right,R1-6,3730,464,0.1244,264,yes,Use as a cell-type search term; require an observed exact pair before adding an edge,Homolog incidence is not an edge probability or a named target neuron
2361,C_type_hypothesis,720575940635168407,R1-6,right,R1-6,3730,464,0.1244,264,yes,Use as a cell-type search term; require an observed exact pair before adding an edge,Homolog incidence is not an edge probability or a named target neuron
2362,C_type_hypothesis,720575940635516058,R1-6,right,R1-6,3730,464,0.1244,264,yes,Use as a cell-type search term; require an observed exact pair before adding an edge,Homolog incidence is not an edge probability or a named target neuron
2363,C_type_hypothesis,720575940635677887,R1-6,right,R1-6,3730,464,0.1244,264,yes,Use as a cell-type search term; require an observed exact pair before adding an edge,Homolog incidence is not an edge probability or a named target neuron
2364,C_type_hypothesis,720575940636307960,R1-6,right,R1-6,3730,464,0.1244,264,yes,Use as a cell-type search term; require an observed exact pair before adding an edge,Homolog incidence is not an edge probability or a named target neuron
2365,C_type_hypothesis,720575940636401400,R1-6,right,R1-6,3730,464,0.1244,264,yes,Use as a cell-type search term; require an observed exact pair before adding an edge,Homolog incidence is not an edge probability or a named target neuron
2366,C_type_hypothesis,720575940637514414,R1-6,right,R1-6,3730,464,0.1244,264,yes,Use as a cell-type search term; require an observed exact pair before adding an edge,Homolog incidence is not an edge probability or a named target neuron
2367,C_type_hypothesis,720575940638616922,R1-6,right,R1-6,3730,464,0.1244,264,yes,Use as a cell-type search term; require an observed exact pair before adding an edge,Homolog incidence is not an edge probability or a named target neuron
2368,C_type_hypothesis,720575940638921700,R1-6,right,R1-6,3730,464,0.1244,264,yes,Use as a cell-type search term; require an observed exact pair before adding an edge,Homolog incidence is not an edge probability or a named target neuron
2369,C_type_hypothesis,720575940639201508,R1-6,right,R1-6,3730,464,0.1244,264,yes,Use as a cell-type search term; require an observed exact pair before adding an edge,Homolog incidence is not an edge probability or a named target neuron
2370,C_type_hypothesis,720575940640017597,R1-6,right,R1-6,3730,464,0.1244,264,yes,Use as a cell-type search term; require an observed exact pair before adding an edge,Homolog incidence is not an edge probability or a named target neuron
2371,C_type_hypothesis,720575940643034765,R1-6,right,R1-6,3730,464,0.1244,264,yes,Use as a cell-type search term; require an observed exact pair before adding an edge,Homolog incidence is not an edge probability or a named target neuron
2372,C_type_hypothesis,720575940644276128,R1-6,right,R1-6,3730,464,0.1244,264,yes,Use as a cell-type search term; require an observed exact pair before adding an edge,Homolog incidence is not an edge probability or a named target neuron
2373,C_type_hypothesis,720575940645941027,R1-6,right,R1-6,3730,464,0.1244,264,yes,Use as a cell-type search term; require an observed exact pair before adding an edge,Homolog incidence is not an edge probability or a named target neuron
2374,C_type_hypothesis,720575940645991278,R1-6,right,R1-6,3730,464,0.1244,264,yes,Use as a cell-type search term; require an observed exact pair before adding an edge,Homolog incidence is not an edge probability or a named target neuron
2375,C_type_hypothesis,720575940646459502,R1-6,right,R1-6,3730,464,0.1244,264,yes,Use as a cell-type search term; require an observed exact pair before adding an edge,Homolog incidence is not an edge probability or a named target neuron
2376,C_type_hypothesis,720575940647229219,R1-6,right,R1-6,3730,464,0.1244,264,yes,Use as a cell-type search term; require an observed exact pair before adding an edge,Homolog incidence is not an edge probability or a named target neuron
2377,C_type_hypothesis,720575940648383364,R1-6,right,R1-6,3730,464,0.1244,264,yes,Use as a cell-type search term; require an observed exact pair before adding an edge,Homolog incidence is not an edge probability or a named target neuron
2378,C_type_hypothesis,720575940655596193,R1-6,right,R1-6,3730,464,0.1244,264,yes,Use as a cell-type search term; require an observed exact pair before adding an edge,Homolog incidence is not an edge probability or a named target neuron
2379,C_type_hypothesis,720575940605634220,R1-6,left,T1,3925,443,0.1129,379,yes,Use as a cell-type search term; require an observed exact pair before adding an edge,Homolog incidence is not an edge probability or a named target neuron
2380,C_type_hypothesis,720575940606007280,R1-6,left,T1,3925,443,0.1129,379,yes,Use as a cell-type search term; require an observed exact pair before adding an edge,Homolog incidence is not an edge probability or a named target neuron
2381,C_type_hypothesis,720575940606022128,R1-6,left,T1,3925,443,0.1129,379,yes,Use as a cell-type search term; require an observed exact pair before adding an edge,Homolog incidence is not an edge probability or a named target neuron
2382,C_type_hypothesis,720575940606180896,R1-6,left,T1,3925,443,0.1129,379,yes,Use as a cell-type search term; require an observed exact pair before adding an edge,Homolog incidence is not an edge probability or a named target neuron
2383,C_type_hypothesis,720575940606245822,R1-6,left,T1,3925,443,0.1129,379,yes,Use as a cell-type search term; require an observed exact pair before adding an edge,Homolog incidence is not an edge probability or a named target neuron
2384,C_type_hypothesis,720575940606292326,R1-6,left,T1,3925,443,0.1129,379,yes,Use as a cell-type search term; require an observed exact pair before adding an edge,Homolog incidence is not an edge probability or a named target neuron
2385,C_type_hypothesis,720575940606292582,R1-6,left,T1,3925,443,0.1129,379,yes,Use as a cell-type search term; require an observed exact pair before adding an edge,Homolog incidence is not an edge probability or a named target neuron
2386,C_type_hypothesis,720575940606578790,R1-6,left,T1,3925,443,0.1129,379,yes,Use as a cell-type search term; require an observed exact pair before adding an edge,Homolog incidence is not an edge probability or a named target neuron
2387,C_type_hypothesis,720575940606630590,R1-6,left,T1,3925,443,0.1129,379,yes,Use as a cell-type search term; require an observed exact pair before adding an edge,Homolog incidence is not an edge probability or a named target neuron
2388,C_type_hypothesis,720575940606631102,R1-6,left,T1,3925,443,0.1129,379,yes,Use as a cell-type search term; require an observed exact pair before adding an edge,Homolog incidence is not an edge probability or a named target neuron
2389,C_type_hypothesis,720575940606679742,R1-6,left,T1,3925,443,0.1129,379,yes,Use as a cell-type search term; require an observed exact pair before adding an edge,Homolog incidence is not an edge probability or a named target neuron
2390,C_type_hypothesis,720575940606872816,R1-6,left,T1,3925,443,0.1129,379,yes,Use as a cell-type search term; require an observed exact pair before adding an edge,Homolog incidence is not an edge probability or a named target neuron
2391,C_type_hypothesis,720575940606928561,R1-6,left,T1,3925,443,0.1129,379,yes,Use as a cell-type search term; require an observed exact pair before adding an edge,Homolog incidence is not an edge probability or a named target neuron
2392,C_type_hypothesis,720575940606930865,R1-6,left,T1,3925,443,0.1129,379,yes,Use as a cell-type search term; require an observed exact pair before adding an edge,Homolog incidence is not an edge probability or a named target neuron
2393,C_type_hypothesis,720575940607808130,R1-6,left,T1,3925,443,0.1129,379,yes,Use as a cell-type search term; require an observed exact pair before adding an edge,Homolog incidence is not an edge probability or a named target neuron
2394,C_type_hypothesis,720575940608224178,R1-6,left,T1,3925,443,0.1129,379,yes,Use as a cell-type search term; require an observed exact pair before adding an edge,Homolog incidence is not an edge probability or a named target neuron
2395,C_type_hypothesis,720575940608903260,R1-6,left,T1,3925,443,0.1129,379,yes,Use as a cell-type search term; require an observed exact pair before adding an edge,Homolog incidence is not an edge probability or a named target neuron
2396,C_type_hypothesis,720575940608989276,R1-6,left,T1,3925,443,0.1129,379,yes,Use as a cell-type search term; require an observed exact pair before adding an edge,Homolog incidence is not an edge probability or a named target neuron
2397,C_type_hypothesis,720575940609220873,R1-6,left,T1,3925,443,0.1129,379,yes,Use as a cell-type search term; require an observed exact pair before adding an edge,Homolog incidence is not an edge probability or a named target neuron
2398,C_type_hypothesis,720575940609221900,R1-6,left,T1,3925,443,0.1129,379,yes,Use as a cell-type search term; require an observed exact pair before adding an edge,Homolog incidence is not an edge probability or a named target neuron
2399,C_type_hypothesis,720575940609518091,R1-6,left,T1,3925,443,0.1129,379,yes,Use as a cell-type search term; require an observed exact pair before adding an edge,Homolog incidence is not an edge probability or a named target neuron
2400,C_type_hypothesis,720575940609748437,R1-6,left,T1,3925,443,0.1129,379,yes,Use as a cell-type search term; require an observed exact pair before adding an edge,Homolog incidence is not an edge probability or a named target neuron
2401,C_type_hypothesis,720575940609782027,R1-6,left,T1,3925,443,0.1129,379,yes,Use as a cell-type search term; require an observed exact pair before adding an edge,Homolog incidence is not an edge probability or a named target neuron
2402,C_type_hypothesis,720575940609782283,R1-6,left,T1,3925,443,0.1129,379,yes,Use as a cell-type search term; require an observed exact pair before adding an edge,Homolog incidence is not an edge probability or a named target neuron
2403,C_type_hypothesis,720575940609970371,R1-6,left,T1,3925,443,0.1129,379,yes,Use as a cell-type search term; require an observed exact pair before adding an edge,Homolog incidence is not an edge probability or a named target neuron
2404,C_type_hypothesis,720575940609972675,R1-6,left,T1,3925,443,0.1129,379,yes,Use as a cell-type search term; require an observed exact pair before adding an edge,Homolog incidence is not an edge probability or a named target neuron
2405,C_type_hypothesis,720575940610004675,R1-6,left,T1,3925,443,0.1129,379,yes,Use as a cell-type search term; require an observed exact pair before adding an edge,Homolog incidence is not an edge probability or a named target neuron
2406,C_type_hypothesis,720575940610073940,R1-6,left,T1,3925,443,0.1129,379,yes,Use as a cell-type search term; require an observed exact pair before adding an edge,Homolog incidence is not an edge probability or a named target neuron
2407,C_type_hypothesis,720575940610188669,R1-6,left,T1,3925,443,0.1129,379,yes,Use as a cell-type search term; require an observed exact pair before adding an edge,Homolog incidence is not an edge probability or a named target neuron
2408,C_type_hypothesis,720575940610759764,R1-6,left,T1,3925,443,0.1129,379,yes,Use as a cell-type search term; require an observed exact pair before adding an edge,Homolog incidence is not an edge probability or a named target neuron
2409,C_type_hypothesis,720575940610761300,R1-6,left,T1,3925,443,0.1129,379,yes,Use as a cell-type search term; require an observed exact pair before adding an edge,Homolog incidence is not an edge probability or a named target neuron
2410,C_type_hypothesis,720575940610948164,R1-6,left,T1,3925,443,0.1129,379,yes,Use as a cell-type search term; require an observed exact pair before adding an edge,Homolog incidence is not an edge probability or a named target neuron
2411,C_type_hypothesis,720575940610973252,R1-6,left,T1,3925,443,0.1129,379,yes,Use as a cell-type search term; require an observed exact pair before adding an edge,Homolog incidence is not an edge probability or a named target neuron
2412,C_type_hypothesis,720575940611539666,R1-6,left,T1,3925,443,0.1129,379,yes,Use as a cell-type search term; require an observed exact pair before adding an edge,Homolog incidence is not an edge probability or a named target neuron
2413,C_type_hypothesis,720575940611801976,R1-6,left,T1,3925,443,0.1129,379,yes,Use as a cell-type search term; require an observed exact pair before adding an edge,Homolog incidence is not an edge probability or a named target neuron
2414,C_type_hypothesis,720575940611982690,R1-6,left,T1,3925,443,0.1129,379,yes,Use as a cell-type search term; require an observed exact pair before adding an edge,Homolog incidence is not an edge probability or a named target neuron
2415,C_type_hypothesis,720575940612354196,R1-6,left,T1,3925,443,0.1129,379,yes,Use as a cell-type search term; require an observed exact pair before adding an edge,Homolog incidence is not an edge probability or a named target neuron
2416,C_type_hypothesis,720575940612688789,R1-6,left,T1,3925,443,0.1129,379,yes,Use as a cell-type search term; require an observed exact pair before adding an edge,Homolog incidence is not an edge probability or a named target neuron
2417,C_type_hypothesis,720575940612706778,R1-6,left,T1,3925,443,0.1129,379,yes,Use as a cell-type search term; require an observed exact pair before adding an edge,Homolog incidence is not an edge probability or a named target neuron
2418,C_type_hypothesis,720575940612888026,R1-6,left,T1,3925,443,0.1129,379,yes,Use as a cell-type search term; require an observed exact pair before adding an edge,Homolog incidence is not an edge probability or a named target neuron
2419,C_type_hypothesis,720575940612910578,R1-6,left,T1,3925,443,0.1129,379,yes,Use as a cell-type search term; require an observed exact pair before adding an edge,Homolog incidence is not an edge probability or a named target neuron
2420,C_type_hypothesis,720575940612970202,R1-6,left,T1,3925,443,0.1129,379,yes,Use as a cell-type search term; require an observed exact pair before adding an edge,Homolog incidence is not an edge probability or a named target neuron
2421,C_type_hypothesis,720575940613055194,R1-6,left,T1,3925,443,0.1129,379,yes,Use as a cell-type search term; require an observed exact pair before adding an edge,Homolog incidence is not an edge probability or a named target neuron
2422,C_type_hypothesis,720575940613138674,R1-6,left,T1,3925,443,0.1129,379,yes,Use as a cell-type search term; require an observed exact pair before adding an edge,Homolog incidence is not an edge probability or a named target neuron
2423,C_type_hypothesis,720575940613270642,R1-6,left,T1,3925,443,0.1129,379,yes,Use as a cell-type search term; require an observed exact pair before adding an edge,Homolog incidence is not an edge probability or a named target neuron
2424,C_type_hypothesis,720575940613465366,R1-6,left,T1,3925,443,0.1129,379,yes,Use as a cell-type search term; require an observed exact pair before adding an edge,Homolog incidence is not an edge probability or a named target neuron
2425,C_type_hypothesis,720575940613466134,R1-6,left,T1,3925,443,0.1129,379,yes,Use as a cell-type search term; require an observed exact pair before adding an edge,Homolog incidence is not an edge probability or a named target neuron
2426,C_type_hypothesis,720575940613466853,R1-6,left,T1,3925,443,0.1129,379,yes,Use as a cell-type search term; require an observed exact pair before adding an edge,Homolog incidence is not an edge probability or a named target neuron
2427,C_type_hypothesis,720575940613468389,R1-6,left,T1,3925,443,0.1129,379,yes,Use as a cell-type search term; require an observed exact pair before adding an edge,Homolog incidence is not an edge probability or a named target neuron
2428,C_type_hypothesis,720575940613476581,R1-6,left,T1,3925,443,0.1129,379,yes,Use as a cell-type search term; require an observed exact pair before adding an edge,Homolog incidence is not an edge probability or a named target neuron
2429,C_type_hypothesis,720575940613486762,R1-6,left,T1,3925,443,0.1129,379,yes,Use as a cell-type search term; require an observed exact pair before adding an edge,Homolog incidence is not an edge probability or a named target neuron
2430,C_type_hypothesis,720575940613582996,R1-6,left,T1,3925,443,0.1129,379,yes,Use as a cell-type search term; require an observed exact pair before adding an edge,Homolog incidence is not an edge probability or a named target neuron
2431,C_type_hypothesis,720575940613823090,R1-6,left,T1,3925,443,0.1129,379,yes,Use as a cell-type search term; require an observed exact pair before adding an edge,Homolog incidence is not an edge probability or a named target neuron
2432,C_type_hypothesis,720575940614194925,R1-6,left,T1,3925,443,0.1129,379,yes,Use as a cell-type search term; require an observed exact pair before adding an edge,Homolog incidence is not an edge probability or a named target neuron
2433,C_type_hypothesis,720575940614197485,R1-6,left,T1,3925,443,0.1129,379,yes,Use as a cell-type search term; require an observed exact pair before adding an edge,Homolog incidence is not an edge probability or a named target neuron
2434,C_type_hypothesis,720575940614199789,R1-6,left,T1,3925,443,0.1129,379,yes,Use as a cell-type search term; require an observed exact pair before adding an edge,Homolog incidence is not an edge probability or a named target neuron
2435,C_type_hypothesis,720575940614200557,R1-6,left,T1,3925,443,0.1129,379,yes,Use as a cell-type search term; require an observed exact pair before adding an edge,Homolog incidence is not an edge probability or a named target neuron
2436,C_type_hypothesis,720575940614309736,R1-6,left,T1,3925,443,0.1129,379,yes,Use as a cell-type search term; require an observed exact pair before adding an edge,Homolog incidence is not an edge probability or a named target neuron
2437,C_type_hypothesis,720575940614567855,R1-6,left,T1,3925,443,0.1129,379,yes,Use as a cell-type search term; require an observed exact pair before adding an edge,Homolog incidence is not an edge probability or a named target neuron
2438,C_type_hypothesis,720575940614634927,R1-6,left,T1,3925,443,0.1129,379,yes,Use as a cell-type search term; require an observed exact pair before adding an edge,Homolog incidence is not an edge probability or a named target neuron
2439,C_type_hypothesis,720575940614641000,R1-6,left,T1,3925,443,0.1129,379,yes,Use as a cell-type search term; require an observed exact pair before adding an edge,Homolog incidence is not an edge probability or a named target neuron
2440,C_type_hypothesis,720575940614849967,R1-6,left,T1,3925,443,0.1129,379,yes,Use as a cell-type search term; require an observed exact pair before adding an edge,Homolog incidence is not an edge probability or a named target neuron
2441,C_type_hypothesis,720575940614951377,R1-6,left,T1,3925,443,0.1129,379,yes,Use as a cell-type search term; require an observed exact pair before adding an edge,Homolog incidence is not an edge probability or a named target neuron
2442,C_type_hypothesis,720575940615103998,R1-6,left,T1,3925,443,0.1129,379,yes,Use as a cell-type search term; require an observed exact pair before adding an edge,Homolog incidence is not an edge probability or a named target neuron
2443,C_type_hypothesis,720575940615196839,R1-6,left,T1,3925,443,0.1129,379,yes,Use as a cell-type search term; require an observed exact pair before adding an edge,Homolog incidence is not an edge probability or a named target neuron
2444,C_type_hypothesis,720575940615234001,R1-6,left,T1,3925,443,0.1129,379,yes,Use as a cell-type search term; require an observed exact pair before adding an edge,Homolog incidence is not an edge probability or a named target neuron
2445,C_type_hypothesis,720575940615322514,R1-6,left,T1,3925,443,0.1129,379,yes,Use as a cell-type search term; require an observed exact pair before adding an edge,Homolog incidence is not an edge probability or a named target neuron
2446,C_type_hypothesis,720575940615556498,R1-6,left,T1,3925,443,0.1129,379,yes,Use as a cell-type search term; require an observed exact pair before adding an edge,Homolog incidence is not an edge probability or a named target neuron
2447,C_type_hypothesis,720575940615642786,R1-6,left,T1,3925,443,0.1129,379,yes,Use as a cell-type search term; require an observed exact pair before adding an edge,Homolog incidence is not an edge probability or a named target neuron
2448,C_type_hypothesis,720575940615650666,R1-6,left,T1,3925,443,0.1129,379,yes,Use as a cell-type search term; require an observed exact pair before adding an edge,Homolog incidence is not an edge probability or a named target neuron
2449,C_type_hypothesis,720575940615855510,R1-6,left,T1,3925,443,0.1129,379,yes,Use as a cell-type search term; require an observed exact pair before adding an edge,Homolog incidence is not an edge probability or a named target neuron
2450,C_type_hypothesis,720575940615905247,R1-6,left,T1,3925,443,0.1129,379,yes,Use as a cell-type search term; require an observed exact pair before adding an edge,Homolog incidence is not an edge probability or a named target neuron
2451,C_type_hypothesis,720575940615927263,R1-6,left,T1,3925,443,0.1129,379,yes,Use as a cell-type search term; require an observed exact pair before adding an edge,Homolog incidence is not an edge probability or a named target neuron
2452,C_type_hypothesis,720575940615957215,R1-6,left,T1,3925,443,0.1129,379,yes,Use as a cell-type search term; require an observed exact pair before adding an edge,Homolog incidence is not an edge probability or a named target neuron
2453,C_type_hypothesis,720575940616172866,R1-6,left,T1,3925,443,0.1129,379,yes,Use as a cell-type search term; require an observed exact pair before adding an edge,Homolog incidence is not an edge probability or a named target neuron
2454,C_type_hypothesis,720575940616173122,R1-6,left,T1,3925,443,0.1129,379,yes,Use as a cell-type search term; require an observed exact pair before adding an edge,Homolog incidence is not an edge probability or a named target neuron
2455,C_type_hypothesis,720575940616206658,R1-6,left,T1,3925,443,0.1129,379,yes,Use as a cell-type search term; require an observed exact pair before adding an edge,Homolog incidence is not an edge probability or a named target neuron
2456,C_type_hypothesis,720575940616207170,R1-6,left,T1,3925,443,0.1129,379,yes,Use as a cell-type search term; require an observed exact pair before adding an edge,Homolog incidence is not an edge probability or a named target neuron
2457,C_type_hypothesis,720575940616281311,R1-6,left,T1,3925,443,0.1129,379,yes,Use as a cell-type search term; require an observed exact pair before adding an edge,Homolog incidence is not an edge probability or a named target neuron
2458,C_type_hypothesis,720575940616388550,R1-6,left,T1,3925,443,0.1129,379,yes,Use as a cell-type search term; require an observed exact pair before adding an edge,Homolog incidence is not an edge probability or a named target neuron
2459,C_type_hypothesis,720575940616591372,R1-6,left,T1,3925,443,0.1129,379,yes,Use as a cell-type search term; require an observed exact pair before adding an edge,Homolog incidence is not an edge probability or a named target neuron
2460,C_type_hypothesis,720575940616710412,R1-6,left,T1,3925,443,0.1129,379,yes,Use as a cell-type search term; require an observed exact pair before adding an edge,Homolog incidence is not an edge probability or a named target neuron
2461,C_type_hypothesis,720575940617211253,R1-6,left,T1,3925,443,0.1129,379,yes,Use as a cell-type search term; require an observed exact pair before adding an edge,Homolog incidence is not an edge probability or a named target neuron
2462,C_type_hypothesis,720575940617513589,R1-6,left,T1,3925,443,0.1129,379,yes,Use as a cell-type search term; require an observed exact pair before adding an edge,Homolog incidence is not an edge probability or a named target neuron
2463,C_type_hypothesis,720575940618061661,R1-6,left,T1,3925,443,0.1129,379,yes,Use as a cell-type search term; require an observed exact pair before adding an edge,Homolog incidence is not an edge probability or a named target neuron
2464,C_type_hypothesis,720575940618065501,R1-6,left,T1,3925,443,0.1129,379,yes,Use as a cell-type search term; require an observed exact pair before adding an edge,Homolog incidence is not an edge probability or a named target neuron
2465,C_type_hypothesis,720575940618071481,R1-6,left,T1,3925,443,0.1129,379,yes,Use as a cell-type search term; require an observed exact pair before adding an edge,Homolog incidence is not an edge probability or a named target neuron
2466,C_type_hypothesis,720575940618090129,R1-6,left,T1,3925,443,0.1129,379,yes,Use as a cell-type search term; require an observed exact pair before adding an edge,Homolog incidence is not an edge probability or a named target neuron
2467,C_type_hypothesis,720575940618140987,R1-6,left,T1,3925,443,0.1129,379,yes,Use as a cell-type search term; require an observed exact pair before adding an edge,Homolog incidence is not an edge probability or a named target neuron
2468,C_type_hypothesis,720575940618204390,R1-6,left,T1,3925,443,0.1129,379,yes,Use as a cell-type search term; require an observed exact pair before adding an edge,Homolog incidence is not an edge probability or a named target neuron
2469,C_type_hypothesis,720575940618238681,R1-6,left,T1,3925,443,0.1129,379,yes,Use as a cell-type search term; require an observed exact pair before adding an edge,Homolog incidence is not an edge probability or a named target neuron
2470,C_type_hypothesis,720575940618240401,R1-6,left,T1,3925,443,0.1129,379,yes,Use as a cell-type search term; require an observed exact pair before adding an edge,Homolog incidence is not an edge probability or a named target neuron
2471,C_type_hypothesis,720575940618422929,R1-6,left,T1,3925,443,0.1129,379,yes,Use as a cell-type search term; require an observed exact pair before adding an edge,Homolog incidence is not an edge probability or a named target neuron
2472,C_type_hypothesis,720575940618423441,R1-6,left,T1,3925,443,0.1129,379,yes,Use as a cell-type search term; require an observed exact pair before adding an edge,Homolog incidence is not an edge probability or a named target neuron
2473,C_type_hypothesis,720575940618464925,R1-6,left,T1,3925,443,0.1129,379,yes,Use as a cell-type search term; require an observed exact pair before adding an edge,Homolog incidence is not an edge probability or a named target neuron
2474,C_type_hypothesis,720575940618530594,R1-6,left,T1,3925,443,0.1129,379,yes,Use as a cell-type search term; require an observed exact pair before adding an edge,Homolog incidence is not an edge probability or a named target neuron
2475,C_type_hypothesis,720575940618600020,R1-6,left,T1,3925,443,0.1129,379,yes,Use as a cell-type search term; require an observed exact pair before adding an edge,Homolog incidence is not an edge probability or a named target neuron
2476,C_type_hypothesis,720575940618600276,R1-6,left,T1,3925,443,0.1129,379,yes,Use as a cell-type search term; require an observed exact pair before adding an edge,Homolog incidence is not an edge probability or a named target neuron
2477,C_type_hypothesis,720575940618712091,R1-6,left,T1,3925,443,0.1129,379,yes,Use as a cell-type search term; require an observed exact pair before adding an edge,Homolog incidence is not an edge probability or a named target neuron
2478,C_type_hypothesis,720575940618725147,R1-6,left,T1,3925,443,0.1129,379,yes,Use as a cell-type search term; require an observed exact pair before adding an edge,Homolog incidence is not an edge probability or a named target neuron
2479,C_type_hypothesis,720575940618728475,R1-6,left,T1,3925,443,0.1129,379,yes,Use as a cell-type search term; require an observed exact pair before adding an edge,Homolog incidence is not an edge probability or a named target neuron
2480,C_type_hypothesis,720575940618849537,R1-6,left,T1,3925,443,0.1129,379,yes,Use as a cell-type search term; require an observed exact pair before adding an edge,Homolog incidence is not an edge probability or a named target neuron
2481,C_type_hypothesis,720575940618864724,R1-6,left,T1,3925,443,0.1129,379,yes,Use as a cell-type search term; require an observed exact pair before adding an edge,Homolog incidence is not an edge probability or a named target neuron
2482,C_type_hypothesis,720575940618916125,R1-6,left,T1,3925,443,0.1129,379,yes,Use as a cell-type search term; require an observed exact pair before adding an edge,Homolog incidence is not an edge probability or a named target neuron
2483,C_type_hypothesis,720575940619643702,R1-6,left,T1,3925,443,0.1129,379,yes,Use as a cell-type search term; require an observed exact pair before adding an edge,Homolog incidence is not an edge probability or a named target neuron
2484,C_type_hypothesis,720575940619984798,R1-6,left,T1,3925,443,0.1129,379,yes,Use as a cell-type search term; require an observed exact pair before adding an edge,Homolog incidence is not an edge probability or a named target neuron
2485,C_type_hypothesis,720575940620236593,R1-6,left,T1,3925,443,0.1129,379,yes,Use as a cell-type search term; require an observed exact pair before adding an edge,Homolog incidence is not an edge probability or a named target neuron
2486,C_type_hypothesis,720575940620238296,R1-6,left,T1,3925,443,0.1129,379,yes,Use as a cell-type search term; require an observed exact pair before adding an edge,Homolog incidence is not an edge probability or a named target neuron
2487,C_type_hypothesis,720575940620476363,R1-6,left,T1,3925,443,0.1129,379,yes,Use as a cell-type search term; require an observed exact pair before adding an edge,Homolog incidence is not an edge probability or a named target neuron
2488,C_type_hypothesis,720575940620487504,R1-6,left,T1,3925,443,0.1129,379,yes,Use as a cell-type search term; require an observed exact pair before adding an edge,Homolog incidence is not an edge probability or a named target neuron
2489,C_type_hypothesis,720575940620488784,R1-6,left,T1,3925,443,0.1129,379,yes,Use as a cell-type search term; require an observed exact pair before adding an edge,Homolog incidence is not an edge probability or a named target neuron
2490,C_type_hypothesis,720575940620531761,R1-6,left,T1,3925,443,0.1129,379,yes,Use as a cell-type search term; require an observed exact pair before adding an edge,Homolog incidence is not an edge probability or a named target neuron
2491,C_type_hypothesis,720575940620545616,R1-6,left,T1,3925,443,0.1129,379,yes,Use as a cell-type search term; require an observed exact pair before adding an edge,Homolog incidence is not an edge probability or a named target neuron
2492,C_type_hypothesis,720575940620556117,R1-6,left,T1,3925,443,0.1129,379,yes,Use as a cell-type search term; require an observed exact pair before adding an edge,Homolog incidence is not an edge probability or a named target neuron
2493,C_type_hypothesis,720575940620562517,R1-6,left,T1,3925,443,0.1129,379,yes,Use as a cell-type search term; require an observed exact pair before adding an edge,Homolog incidence is not an edge probability or a named target neuron
2494,C_type_hypothesis,720575940620562773,R1-6,left,T1,3925,443,0.1129,379,yes,Use as a cell-type search term; require an observed exact pair before adding an edge,Homolog incidence is not an edge probability or a named target neuron
2495,C_type_hypothesis,720575940620568405,R1-6,left,T1,3925,443,0.1129,379,yes,Use as a cell-type search term; require an observed exact pair before adding an edge,Homolog incidence is not an edge probability or a named target neuron
2496,C_type_hypothesis,720575940620623320,R1-6,left,T1,3925,443,0.1129,379,yes,Use as a cell-type search term; require an observed exact pair before adding an edge,Homolog incidence is not an edge probability or a named target neuron
2497,C_type_hypothesis,720575940620665680,R1-6,left,T1,3925,443,0.1129,379,yes,Use as a cell-type search term; require an observed exact pair before adding an edge,Homolog incidence is not an edge probability or a named target neuron
2498,C_type_hypothesis,720575940620797131,R1-6,left,T1,3925,443,0.1129,379,yes,Use as a cell-type search term; require an observed exact pair before adding an edge,Homolog incidence is not an edge probability or a named target neuron
2499,C_type_hypothesis,720575940620797643,R1-6,left,T1,3925,443,0.1129,379,yes,Use as a cell-type search term; require an observed exact pair before adding an edge,Homolog incidence is not an edge probability or a named target neuron
2500,C_type_hypothesis,720575940620881829,R1-6,left,T1,3925,443,0.1129,379,yes,Use as a cell-type search term; require an observed exact pair before adding an edge,Homolog incidence is not an edge probability or a named target neuron
2501,C_type_hypothesis,720575940620885157,R1-6,left,T1,3925,443,0.1129,379,yes,Use as a cell-type search term; require an observed exact pair before adding an edge,Homolog incidence is not an edge probability or a named target neuron
2502,C_type_hypothesis,720575940620886181,R1-6,left,T1,3925,443,0.1129,379,yes,Use as a cell-type search term; require an observed exact pair before adding an edge,Homolog incidence is not an edge probability or a named target neuron
2503,C_type_hypothesis,720575940620886693,R1-6,left,T1,3925,443,0.1129,379,yes,Use as a cell-type search term; require an observed exact pair before adding an edge,Homolog incidence is not an edge probability or a named target neuron
2504,C_type_hypothesis,720575940620909332,R1-6,left,T1,3925,443,0.1129,379,yes,Use as a cell-type search term; require an observed exact pair before adding an edge,Homolog incidence is not an edge probability or a named target neuron
2505,C_type_hypothesis,720575940620944037,R1-6,left,T1,3925,443,0.1129,379,yes,Use as a cell-type search term; require an observed exact pair before adding an edge,Homolog incidence is not an edge probability or a named target neuron
2506,C_type_hypothesis,720575940621144198,R1-6,left,T1,3925,443,0.1129,379,yes,Use as a cell-type search term; require an observed exact pair before adding an edge,Homolog incidence is not an edge probability or a named target neuron
2507,C_type_hypothesis,720575940621323247,R1-6,left,T1,3925,443,0.1129,379,yes,Use as a cell-type search term; require an observed exact pair before adding an edge,Homolog incidence is not an edge probability or a named target neuron
2508,C_type_hypothesis,720575940621458625,R1-6,left,T1,3925,443,0.1129,379,yes,Use as a cell-type search term; require an observed exact pair before adding an edge,Homolog incidence is not an edge probability or a named target neuron
2509,C_type_hypothesis,720575940621466048,R1-6,left,T1,3925,443,0.1129,379,yes,Use as a cell-type search term; require an observed exact pair before adding an edge,Homolog incidence is not an edge probability or a named target neuron
2510,C_type_hypothesis,720575940621482667,R1-6,left,T1,3925,443,0.1129,379,yes,Use as a cell-type search term; require an observed exact pair before adding an edge,Homolog incidence is not an edge probability or a named target neuron
2511,C_type_hypothesis,720575940621514667,R1-6,left,T1,3925,443,0.1129,379,yes,Use as a cell-type search term; require an observed exact pair before adding an edge,Homolog incidence is not an edge probability or a named target neuron
2512,C_type_hypothesis,720575940621526510,R1-6,left,T1,3925,443,0.1129,379,yes,Use as a cell-type search term; require an observed exact pair before adding an edge,Homolog incidence is not an edge probability or a named target neuron
2513,C_type_hypothesis,720575940621605286,R1-6,left,T1,3925,443,0.1129,379,yes,Use as a cell-type search term; require an observed exact pair before adding an edge,Homolog incidence is not an edge probability or a named target neuron
2514,C_type_hypothesis,720575940621687489,R1-6,left,T1,3925,443,0.1129,379,yes,Use as a cell-type search term; require an observed exact pair before adding an edge,Homolog incidence is not an edge probability or a named target neuron
2515,C_type_hypothesis,720575940621817409,R1-6,left,T1,3925,443,0.1129,379,yes,Use as a cell-type search term; require an observed exact pair before adding an edge,Homolog incidence is not an edge probability or a named target neuron
2516,C_type_hypothesis,720575940621855920,R1-6,left,T1,3925,443,0.1129,379,yes,Use as a cell-type search term; require an observed exact pair before adding an edge,Homolog incidence is not an edge probability or a named target neuron
2517,C_type_hypothesis,720575940621884854,R1-6,left,T1,3925,443,0.1129,379,yes,Use as a cell-type search term; require an observed exact pair before adding an edge,Homolog incidence is not an edge probability or a named target neuron
2518,C_type_hypothesis,720575940621962081,R1-6,left,T1,3925,443,0.1129,379,yes,Use as a cell-type search term; require an observed exact pair before adding an edge,Homolog incidence is not an edge probability or a named target neuron
2519,C_type_hypothesis,720575940621962337,R1-6,left,T1,3925,443,0.1129,379,yes,Use as a cell-type search term; require an observed exact pair before adding an edge,Homolog incidence is not an edge probability or a named target neuron
2520,C_type_hypothesis,720575940621978534,R1-6,left,T1,3925,443,0.1129,379,yes,Use as a cell-type search term; require an observed exact pair before adding an edge,Homolog incidence is not an edge probability or a named target neuron
2521,C_type_hypothesis,720575940622064048,R1-6,left,T1,3925,443,0.1129,379,yes,Use as a cell-type search term; require an observed exact pair before adding an edge,Homolog incidence is not an edge probability or a named target neuron
2522,C_type_hypothesis,720575940622064961,R1-6,left,T1,3925,443,0.1129,379,yes,Use as a cell-type search term; require an observed exact pair before adding an edge,Homolog incidence is not an edge probability or a named target neuron
2523,C_type_hypothesis,720575940622132656,R1-6,left,T1,3925,443,0.1129,379,yes,Use as a cell-type search term; require an observed exact pair before adding an edge,Homolog incidence is not an edge probability or a named target neuron
2524,C_type_hypothesis,720575940622208688,R1-6,left,T1,3925,443,0.1129,379,yes,Use as a cell-type search term; require an observed exact pair before adding an edge,Homolog incidence is not an edge probability or a named target neuron
2525,C_type_hypothesis,720575940622339967,R1-6,left,T1,3925,443,0.1129,379,yes,Use as a cell-type search term; require an observed exact pair before adding an edge,Homolog incidence is not an edge probability or a named target neuron
2526,C_type_hypothesis,720575940622406896,R1-6,left,T1,3925,443,0.1129,379,yes,Use as a cell-type search term; require an observed exact pair before adding an edge,Homolog incidence is not an edge probability or a named target neuron
2527,C_type_hypothesis,720575940622413040,R1-6,left,T1,3925,443,0.1129,379,yes,Use as a cell-type search term; require an observed exact pair before adding an edge,Homolog incidence is not an edge probability or a named target neuron
2528,C_type_hypothesis,720575940622433524,R1-6,left,T1,3925,443,0.1129,379,yes,Use as a cell-type search term; require an observed exact pair before adding an edge,Homolog incidence is not an edge probability or a named target neuron
2529,C_type_hypothesis,720575940622549342,R1-6,left,T1,3925,443,0.1129,379,yes,Use as a cell-type search term; require an observed exact pair before adding an edge,Homolog incidence is not an edge probability or a named target neuron
2530,C_type_hypothesis,720575940622550878,R1-6,left,T1,3925,443,0.1129,379,yes,Use as a cell-type search term; require an observed exact pair before adding an edge,Homolog incidence is not an edge probability or a named target neuron
2531,C_type_hypothesis,720575940622638430,R1-6,left,T1,3925,443,0.1129,379,yes,Use as a cell-type search term; require an observed exact pair before adding an edge,Homolog incidence is not an edge probability or a named target neuron
2532,C_type_hypothesis,720575940622640990,R1-6,left,T1,3925,443,0.1129,379,yes,Use as a cell-type search term; require an observed exact pair before adding an edge,Homolog incidence is not an edge probability or a named target neuron
2533,C_type_hypothesis,720575940622643806,R1-6,left,T1,3925,443,0.1129,379,yes,Use as a cell-type search term; require an observed exact pair before adding an edge,Homolog incidence is not an edge probability or a named target neuron
2534,C_type_hypothesis,720575940622654591,R1-6,left,T1,3925,443,0.1129,379,yes,Use as a cell-type search term; require an observed exact pair before adding an edge,Homolog incidence is not an edge probability or a named target neuron
2535,C_type_hypothesis,720575940622662170,R1-6,left,T1,3925,443,0.1129,379,yes,Use as a cell-type search term; require an observed exact pair before adding an edge,Homolog incidence is not an edge probability or a named target neuron
2536,C_type_hypothesis,720575940622798836,R1-6,left,T1,3925,443,0.1129,379,yes,Use as a cell-type search term; require an observed exact pair before adding an edge,Homolog incidence is not an edge probability or a named target neuron
2537,C_type_hypothesis,720575940622879521,R1-6,left,T1,3925,443,0.1129,379,yes,Use as a cell-type search term; require an observed exact pair before adding an edge,Homolog incidence is not an edge probability or a named target neuron
2538,C_type_hypothesis,720575940623027550,R1-6,left,T1,3925,443,0.1129,379,yes,Use as a cell-type search term; require an observed exact pair before adding an edge,Homolog incidence is not an edge probability or a named target neuron
2539,C_type_hypothesis,720575940623111593,R1-6,left,T1,3925,443,0.1129,379,yes,Use as a cell-type search term; require an observed exact pair before adding an edge,Homolog incidence is not an edge probability or a named target neuron
2540,C_type_hypothesis,720575940623242108,R1-6,left,T1,3925,443,0.1129,379,yes,Use as a cell-type search term; require an observed exact pair before adding an edge,Homolog incidence is not an edge probability or a named target neuron
2541,C_type_hypothesis,720575940623335715,R1-6,left,T1,3925,443,0.1129,379,yes,Use as a cell-type search term; require an observed exact pair before adding an edge,Homolog incidence is not an edge probability or a named target neuron
2542,C_type_hypothesis,720575940623337251,R1-6,left,T1,3925,443,0.1129,379,yes,Use as a cell-type search term; require an observed exact pair before adding an edge,Homolog incidence is not an edge probability or a named target neuron
2543,C_type_hypothesis,720575940623337507,R1-6,left,T1,3925,443,0.1129,379,yes,Use as a cell-type search term; require an observed exact pair before adding an edge,Homolog incidence is not an edge probability or a named target neuron
2544,C_type_hypothesis,720575940623342716,R1-6,left,T1,3925,443,0.1129,379,yes,Use as a cell-type search term; require an observed exact pair before adding an edge,Homolog incidence is not an edge probability or a named target neuron
2545,C_type_hypothesis,720575940623343139,R1-6,left,T1,3925,443,0.1129,379,yes,Use as a cell-type search term; require an observed exact pair before adding an edge,Homolog incidence is not an edge probability or a named target neuron
2546,C_type_hypothesis,720575940623347414,R1-6,left,T1,3925,443,0.1129,379,yes,Use as a cell-type search term; require an observed exact pair before adding an edge,Homolog incidence is not an edge probability or a named target neuron
2547,C_type_hypothesis,720575940623400216,R1-6,left,T1,3925,443,0.1129,379,yes,Use as a cell-type search term; require an observed exact pair before adding an edge,Homolog incidence is not an edge probability or a named target neuron
2548,C_type_hypothesis,720575940623495693,R1-6,left,T1,3925,443,0.1129,379,yes,Use as a cell-type search term; require an observed exact pair before adding an edge,Homolog incidence is not an edge probability or a named target neuron
2549,C_type_hypothesis,720575940623518051,R1-6,left,T1,3925,443,0.1129,379,yes,Use as a cell-type search term; require an observed exact pair before adding an edge,Homolog incidence is not an edge probability or a named target neuron
2550,C_type_hypothesis,720575940623518819,R1-6,left,T1,3925,443,0.1129,379,yes,Use as a cell-type search term; require an observed exact pair before adding an edge,Homolog incidence is not an edge probability or a named target neuron
2551,C_type_hypothesis,720575940623522147,R1-6,left,T1,3925,443,0.1129,379,yes,Use as a cell-type search term; require an observed exact pair before adding an edge,Homolog incidence is not an edge probability or a named target neuron
2552,C_type_hypothesis,720575940623668248,R1-6,left,T1,3925,443,0.1129,379,yes,Use as a cell-type search term; require an observed exact pair before adding an edge,Homolog incidence is not an edge probability or a named target neuron
2553,C_type_hypothesis,720575940623694104,R1-6,left,T1,3925,443,0.1129,379,yes,Use as a cell-type search term; require an observed exact pair before adding an edge,Homolog incidence is not an edge probability or a named target neuron
2554,C_type_hypothesis,720575940623710232,R1-6,left,T1,3925,443,0.1129,379,yes,Use as a cell-type search term; require an observed exact pair before adding an edge,Homolog incidence is not an edge probability or a named target neuron
2555,C_type_hypothesis,720575940623721496,R1-6,left,T1,3925,443,0.1129,379,yes,Use as a cell-type search term; require an observed exact pair before adding an edge,Homolog incidence is not an edge probability or a named target neuron
2556,C_type_hypothesis,720575940623823240,R1-6,left,T1,3925,443,0.1129,379,yes,Use as a cell-type search term; require an observed exact pair before adding an edge,Homolog incidence is not an edge probability or a named target neuron
2557,C_type_hypothesis,720575940623825544,R1-6,left,T1,3925,443,0.1129,379,yes,Use as a cell-type search term; require an observed exact pair before adding an edge,Homolog incidence is not an edge probability or a named target neuron
2558,C_type_hypothesis,720575940623866248,R1-6,left,T1,3925,443,0.1129,379,yes,Use as a cell-type search term; require an observed exact pair before adding an edge,Homolog incidence is not an edge probability or a named target neuron
2559,C_type_hypothesis,720575940623867016,R1-6,left,T1,3925,443,0.1129,379,yes,Use as a cell-type search term; require an observed exact pair before adding an edge,Homolog incidence is not an edge probability or a named target neuron
2560,C_type_hypothesis,720575940623892579,R1-6,left,T1,3925,443,0.1129,379,yes,Use as a cell-type search term; require an observed exact pair before adding an edge,Homolog incidence is not an edge probability or a named target neuron
2561,C_type_hypothesis,720575940623984520,R1-6,left,T1,3925,443,0.1129,379,yes,Use as a cell-type search term; require an observed exact pair before adding an edge,Homolog incidence is not an edge probability or a named target neuron
2562,C_type_hypothesis,720575940624001791,R1-6,left,T1,3925,443,0.1129,379,yes,Use as a cell-type search term; require an observed exact pair before adding an edge,Homolog incidence is not an edge probability or a named target neuron
2563,C_type_hypothesis,720575940624046227,R1-6,left,T1,3925,443,0.1129,379,yes,Use as a cell-type search term; require an observed exact pair before adding an edge,Homolog incidence is not an edge probability or a named target neuron
2564,C_type_hypothesis,720575940624048275,R1-6,left,T1,3925,443,0.1129,379,yes,Use as a cell-type search term; require an observed exact pair before adding an edge,Homolog incidence is not an edge probability or a named target neuron
2565,C_type_hypothesis,720575940624103827,R1-6,left,T1,3925,443,0.1129,379,yes,Use as a cell-type search term; require an observed exact pair before adding an edge,Homolog incidence is not an edge probability or a named target neuron
2566,C_type_hypothesis,720575940624106131,R1-6,left,T1,3925,443,0.1129,379,yes,Use as a cell-type search term; require an observed exact pair before adding an edge,Homolog incidence is not an edge probability or a named target neuron
2567,C_type_hypothesis,720575940624338058,R1-6,left,T1,3925,443,0.1129,379,yes,Use as a cell-type search term; require an observed exact pair before adding an edge,Homolog incidence is not an edge probability or a named target neuron
2568,C_type_hypothesis,720575940624438566,R1-6,left,T1,3925,443,0.1129,379,yes,Use as a cell-type search term; require an observed exact pair before adding an edge,Homolog incidence is not an edge probability or a named target neuron
2569,C_type_hypothesis,720575940624735229,R1-6,left,T1,3925,443,0.1129,379,yes,Use as a cell-type search term; require an observed exact pair before adding an edge,Homolog incidence is not an edge probability or a named target neuron
2570,C_type_hypothesis,720575940625037509,R1-6,left,T1,3925,443,0.1129,379,yes,Use as a cell-type search term; require an observed exact pair before adding an edge,Homolog incidence is not an edge probability or a named target neuron
2571,C_type_hypothesis,720575940625039557,R1-6,left,T1,3925,443,0.1129,379,yes,Use as a cell-type search term; require an observed exact pair before adding an edge,Homolog incidence is not an edge probability or a named target neuron
2572,C_type_hypothesis,720575940625044421,R1-6,left,T1,3925,443,0.1129,379,yes,Use as a cell-type search term; require an observed exact pair before adding an edge,Homolog incidence is not an edge probability or a named target neuron
2573,C_type_hypothesis,720575940625052101,R1-6,left,T1,3925,443,0.1129,379,yes,Use as a cell-type search term; require an observed exact pair before adding an edge,Homolog incidence is not an edge probability or a named target neuron
2574,C_type_hypothesis,720575940625052869,R1-6,left,T1,3925,443,0.1129,379,yes,Use as a cell-type search term; require an observed exact pair before adding an edge,Homolog incidence is not an edge probability or a named target neuron
2575,C_type_hypothesis,720575940625067243,R1-6,left,T1,3925,443,0.1129,379,yes,Use as a cell-type search term; require an observed exact pair before adding an edge,Homolog incidence is not an edge probability or a named target neuron
2576,C_type_hypothesis,720575940625132948,R1-6,left,T1,3925,443,0.1129,379,yes,Use as a cell-type search term; require an observed exact pair before adding an edge,Homolog incidence is not an edge probability or a named target neuron
2577,C_type_hypothesis,720575940625237923,R1-6,left,T1,3925,443,0.1129,379,yes,Use as a cell-type search term; require an observed exact pair before adding an edge,Homolog incidence is not an edge probability or a named target neuron
2578,C_type_hypothesis,720575940625564860,R1-6,left,T1,3925,443,0.1129,379,yes,Use as a cell-type search term; require an observed exact pair before adding an edge,Homolog incidence is not an edge probability or a named target neuron
2579,C_type_hypothesis,720575940625579704,R1-6,left,T1,3925,443,0.1129,379,yes,Use as a cell-type search term; require an observed exact pair before adding an edge,Homolog incidence is not an edge probability or a named target neuron
2580,C_type_hypothesis,720575940625583118,R1-6,left,T1,3925,443,0.1129,379,yes,Use as a cell-type search term; require an observed exact pair before adding an edge,Homolog incidence is not an edge probability or a named target neuron
2581,C_type_hypothesis,720575940625603512,R1-6,left,T1,3925,443,0.1129,379,yes,Use as a cell-type search term; require an observed exact pair before adding an edge,Homolog incidence is not an edge probability or a named target neuron
2582,C_type_hypothesis,720575940625621518,R1-6,left,T1,3925,443,0.1129,379,yes,Use as a cell-type search term; require an observed exact pair before adding an edge,Homolog incidence is not an edge probability or a named target neuron
2583,C_type_hypothesis,720575940625635119,R1-6,left,T1,3925,443,0.1129,379,yes,Use as a cell-type search term; require an observed exact pair before adding an edge,Homolog incidence is not an edge probability or a named target neuron
2584,C_type_hypothesis,720575940625643495,R1-6,left,T1,3925,443,0.1129,379,yes,Use as a cell-type search term; require an observed exact pair before adding an edge,Homolog incidence is not an edge probability or a named target neuron
2585,C_type_hypothesis,720575940625733095,R1-6,left,T1,3925,443,0.1129,379,yes,Use as a cell-type search term; require an observed exact pair before adding an edge,Homolog incidence is not an edge probability or a named target neuron
2586,C_type_hypothesis,720575940625823101,R1-6,left,T1,3925,443,0.1129,379,yes,Use as a cell-type search term; require an observed exact pair before adding an edge,Homolog incidence is not an edge probability or a named target neuron
2587,C_type_hypothesis,720575940625882701,R1-6,left,T1,3925,443,0.1129,379,yes,Use as a cell-type search term; require an observed exact pair before adding an edge,Homolog incidence is not an edge probability or a named target neuron
2588,C_type_hypothesis,720575940625916207,R1-6,left,T1,3925,443,0.1129,379,yes,Use as a cell-type search term; require an observed exact pair before adding an edge,Homolog incidence is not an edge probability or a named target neuron
2589,C_type_hypothesis,720575940625956429,R1-6,left,T1,3925,443,0.1129,379,yes,Use as a cell-type search term; require an observed exact pair before adding an edge,Homolog incidence is not an edge probability or a named target neuron
2590,C_type_hypothesis,720575940626322992,R1-6,left,T1,3925,443,0.1129,379,yes,Use as a cell-type search term; require an observed exact pair before adding an edge,Homolog incidence is not an edge probability or a named target neuron
2591,C_type_hypothesis,720575940626770532,R1-6,left,T1,3925,443,0.1129,379,yes,Use as a cell-type search term; require an observed exact pair before adding an edge,Homolog incidence is not an edge probability or a named target neuron
2592,C_type_hypothesis,720575940627087106,R1-6,left,T1,3925,443,0.1129,379,yes,Use as a cell-type search term; require an observed exact pair before adding an edge,Homolog incidence is not an edge probability or a named target neuron
2593,C_type_hypothesis,720575940627098942,R1-6,left,T1,3925,443,0.1129,379,yes,Use as a cell-type search term; require an observed exact pair before adding an edge,Homolog incidence is not an edge probability or a named target neuron
2594,C_type_hypothesis,720575940627212644,R1-6,left,T1,3925,443,0.1129,379,yes,Use as a cell-type search term; require an observed exact pair before adding an edge,Homolog incidence is not an edge probability or a named target neuron
2595,C_type_hypothesis,720575940627267842,R1-6,left,T1,3925,443,0.1129,379,yes,Use as a cell-type search term; require an observed exact pair before adding an edge,Homolog incidence is not an edge probability or a named target neuron
2596,C_type_hypothesis,720575940627309913,R1-6,left,T1,3925,443,0.1129,379,yes,Use as a cell-type search term; require an observed exact pair before adding an edge,Homolog incidence is not an edge probability or a named target neuron
2597,C_type_hypothesis,720575940627462914,R1-6,left,T1,3925,443,0.1129,379,yes,Use as a cell-type search term; require an observed exact pair before adding an edge,Homolog incidence is not an edge probability or a named target neuron
2598,C_type_hypothesis,720575940627618905,R1-6,left,T1,3925,443,0.1129,379,yes,Use as a cell-type search term; require an observed exact pair before adding an edge,Homolog incidence is not an edge probability or a named target neuron
2599,C_type_hypothesis,720575940627652441,R1-6,left,T1,3925,443,0.1129,379,yes,Use as a cell-type search term; require an observed exact pair before adding an edge,Homolog incidence is not an edge probability or a named target neuron
2600,C_type_hypothesis,720575940627660121,R1-6,left,T1,3925,443,0.1129,379,yes,Use as a cell-type search term; require an observed exact pair before adding an edge,Homolog incidence is not an edge probability or a named target neuron
2601,C_type_hypothesis,720575940627660440,R1-6,left,T1,3925,443,0.1129,379,yes,Use as a cell-type search term; require an observed exact pair before adding an edge,Homolog incidence is not an edge probability or a named target neuron
2602,C_type_hypothesis,720575940627665241,R1-6,left,T1,3925,443,0.1129,379,yes,Use as a cell-type search term; require an observed exact pair before adding an edge,Homolog incidence is not an edge probability or a named target neuron
2603,C_type_hypothesis,720575940627693181,R1-6,left,T1,3925,443,0.1129,379,yes,Use as a cell-type search term; require an observed exact pair before adding an edge,Homolog incidence is not an edge probability or a named target neuron
2604,C_type_hypothesis,720575940627715102,R1-6,left,T1,3925,443,0.1129,379,yes,Use as a cell-type search term; require an observed exact pair before adding an edge,Homolog incidence is not an edge probability or a named target neuron
2605,C_type_hypothesis,720575940627852669,R1-6,left,T1,3925,443,0.1129,379,yes,Use as a cell-type search term; require an observed exact pair before adding an edge,Homolog incidence is not an edge probability or a named target neuron
2606,C_type_hypothesis,720575940627853693,R1-6,left,T1,3925,443,0.1129,379,yes,Use as a cell-type search term; require an observed exact pair before adding an edge,Homolog incidence is not an edge probability or a named target neuron
2607,C_type_hypothesis,720575940627938200,R1-6,left,T1,3925,443,0.1129,379,yes,Use as a cell-type search term; require an observed exact pair before adding an edge,Homolog incidence is not an edge probability or a named target neuron
2608,C_type_hypothesis,720575940627941202,R1-6,left,T1,3925,443,0.1129,379,yes,Use as a cell-type search term; require an observed exact pair before adding an edge,Homolog incidence is not an edge probability or a named target neuron
2609,C_type_hypothesis,720575940627941714,R1-6,left,T1,3925,443,0.1129,379,yes,Use as a cell-type search term; require an observed exact pair before adding an edge,Homolog incidence is not an edge probability or a named target neuron
2610,C_type_hypothesis,720575940628035721,R1-6,left,T1,3925,443,0.1129,379,yes,Use as a cell-type search term; require an observed exact pair before adding an edge,Homolog incidence is not an edge probability or a named target neuron
2611,C_type_hypothesis,720575940628036233,R1-6,left,T1,3925,443,0.1129,379,yes,Use as a cell-type search term; require an observed exact pair before adding an edge,Homolog incidence is not an edge probability or a named target neuron
2612,C_type_hypothesis,720575940628089402,R1-6,left,T1,3925,443,0.1129,379,yes,Use as a cell-type search term; require an observed exact pair before adding an edge,Homolog incidence is not an edge probability or a named target neuron
2613,C_type_hypothesis,720575940628210831,R1-6,left,T1,3925,443,0.1129,379,yes,Use as a cell-type search term; require an observed exact pair before adding an edge,Homolog incidence is not an edge probability or a named target neuron
2614,C_type_hypothesis,720575940628240210,R1-6,left,T1,3925,443,0.1129,379,yes,Use as a cell-type search term; require an observed exact pair before adding an edge,Homolog incidence is not an edge probability or a named target neuron
2615,C_type_hypothesis,720575940628255034,R1-6,left,T1,3925,443,0.1129,379,yes,Use as a cell-type search term; require an observed exact pair before adding an edge,Homolog incidence is not an edge probability or a named target neuron
2616,C_type_hypothesis,720575940628307077,R1-6,left,T1,3925,443,0.1129,379,yes,Use as a cell-type search term; require an observed exact pair before adding an edge,Homolog incidence is not an edge probability or a named target neuron
2617,C_type_hypothesis,720575940628308613,R1-6,left,T1,3925,443,0.1129,379,yes,Use as a cell-type search term; require an observed exact pair before adding an edge,Homolog incidence is not an edge probability or a named target neuron
2618,C_type_hypothesis,720575940628346170,R1-6,left,T1,3925,443,0.1129,379,yes,Use as a cell-type search term; require an observed exact pair before adding an edge,Homolog incidence is not an edge probability or a named target neuron
2619,C_type_hypothesis,720575940628387656,R1-6,left,T1,3925,443,0.1129,379,yes,Use as a cell-type search term; require an observed exact pair before adding an edge,Homolog incidence is not an edge probability or a named target neuron
2620,C_type_hypothesis,720575940628388936,R1-6,left,T1,3925,443,0.1129,379,yes,Use as a cell-type search term; require an observed exact pair before adding an edge,Homolog incidence is not an edge probability or a named target neuron
2621,C_type_hypothesis,720575940628391240,R1-6,left,T1,3925,443,0.1129,379,yes,Use as a cell-type search term; require an observed exact pair before adding an edge,Homolog incidence is not an edge probability or a named target neuron
2622,C_type_hypothesis,720575940628492264,R1-6,left,T1,3925,443,0.1129,379,yes,Use as a cell-type search term; require an observed exact pair before adding an edge,Homolog incidence is not an edge probability or a named target neuron
2623,C_type_hypothesis,720575940628564712,R1-6,left,T1,3925,443,0.1129,379,yes,Use as a cell-type search term; require an observed exact pair before adding an edge,Homolog incidence is not an edge probability or a named target neuron
2624,C_type_hypothesis,720575940628728040,R1-6,left,T1,3925,443,0.1129,379,yes,Use as a cell-type search term; require an observed exact pair before adding an edge,Homolog incidence is not an edge probability or a named target neuron
2625,C_type_hypothesis,720575940628732744,R1-6,left,T1,3925,443,0.1129,379,yes,Use as a cell-type search term; require an observed exact pair before adding an edge,Homolog incidence is not an edge probability or a named target neuron
2626,C_type_hypothesis,720575940628758319,R1-6,left,T1,3925,443,0.1129,379,yes,Use as a cell-type search term; require an observed exact pair before adding an edge,Homolog incidence is not an edge probability or a named target neuron
2627,C_type_hypothesis,720575940628877308,R1-6,left,T1,3925,443,0.1129,379,yes,Use as a cell-type search term; require an observed exact pair before adding an edge,Homolog incidence is not an edge probability or a named target neuron
2628,C_type_hypothesis,720575940628893514,R1-6,left,T1,3925,443,0.1129,379,yes,Use as a cell-type search term; require an observed exact pair before adding an edge,Homolog incidence is not an edge probability or a named target neuron
2629,C_type_hypothesis,720575940628938314,R1-6,left,T1,3925,443,0.1129,379,yes,Use as a cell-type search term; require an observed exact pair before adding an edge,Homolog incidence is not an edge probability or a named target neuron
2630,C_type_hypothesis,720575940628938570,R1-6,left,T1,3925,443,0.1129,379,yes,Use as a cell-type search term; require an observed exact pair before adding an edge,Homolog incidence is not an edge probability or a named target neuron
2631,C_type_hypothesis,720575940628955722,R1-6,left,T1,3925,443,0.1129,379,yes,Use as a cell-type search term; require an observed exact pair before adding an edge,Homolog incidence is not an edge probability or a named target neuron
2632,C_type_hypothesis,720575940629063409,R1-6,left,T1,3925,443,0.1129,379,yes,Use as a cell-type search term; require an observed exact pair before adding an edge,Homolog incidence is not an edge probability or a named target neuron
2633,C_type_hypothesis,720575940629182825,R1-6,left,T1,3925,443,0.1129,379,yes,Use as a cell-type search term; require an observed exact pair before adding an edge,Homolog incidence is not an edge probability or a named target neuron
2634,C_type_hypothesis,720575940629411883,R1-6,left,T1,3925,443,0.1129,379,yes,Use as a cell-type search term; require an observed exact pair before adding an edge,Homolog incidence is not an edge probability or a named target neuron
2635,C_type_hypothesis,720575940629426161,R1-6,left,T1,3925,443,0.1129,379,yes,Use as a cell-type search term; require an observed exact pair before adding an edge,Homolog incidence is not an edge probability or a named target neuron
2636,C_type_hypothesis,720575940629438193,R1-6,left,T1,3925,443,0.1129,379,yes,Use as a cell-type search term; require an observed exact pair before adding an edge,Homolog incidence is not an edge probability or a named target neuron
2637,C_type_hypothesis,720575940629615209,R1-6,left,T1,3925,443,0.1129,379,yes,Use as a cell-type search term; require an observed exact pair before adding an edge,Homolog incidence is not an edge probability or a named target neuron
2638,C_type_hypothesis,720575940629634921,R1-6,left,T1,3925,443,0.1129,379,yes,Use as a cell-type search term; require an observed exact pair before adding an edge,Homolog incidence is not an edge probability or a named target neuron
2639,C_type_hypothesis,720575940629716779,R1-6,left,T1,3925,443,0.1129,379,yes,Use as a cell-type search term; require an observed exact pair before adding an edge,Homolog incidence is not an edge probability or a named target neuron
2640,C_type_hypothesis,720575940629752080,R1-6,left,T1,3925,443,0.1129,379,yes,Use as a cell-type search term; require an observed exact pair before adding an edge,Homolog incidence is not an edge probability or a named target neuron
2641,C_type_hypothesis,720575940629834768,R1-6,left,T1,3925,443,0.1129,379,yes,Use as a cell-type search term; require an observed exact pair before adding an edge,Homolog incidence is not an edge probability or a named target neuron
2642,C_type_hypothesis,720575940629870379,R1-6,left,T1,3925,443,0.1129,379,yes,Use as a cell-type search term; require an observed exact pair before adding an edge,Homolog incidence is not an edge probability or a named target neuron
2643,C_type_hypothesis,720575940629888515,R1-6,left,T1,3925,443,0.1129,379,yes,Use as a cell-type search term; require an observed exact pair before adding an edge,Homolog incidence is not an edge probability or a named target neuron
2644,C_type_hypothesis,720575940630060135,R1-6,left,T1,3925,443,0.1129,379,yes,Use as a cell-type search term; require an observed exact pair before adding an edge,Homolog incidence is not an edge probability or a named target neuron
2645,C_type_hypothesis,720575940630239327,R1-6,left,T1,3925,443,0.1129,379,yes,Use as a cell-type search term; require an observed exact pair before adding an edge,Homolog incidence is not an edge probability or a named target neuron
2646,C_type_hypothesis,720575940630408570,R1-6,left,T1,3925,443,0.1129,379,yes,Use as a cell-type search term; require an observed exact pair before adding an edge,Homolog incidence is not an edge probability or a named target neuron
2647,C_type_hypothesis,720575940630408898,R1-6,left,T1,3925,443,0.1129,379,yes,Use as a cell-type search term; require an observed exact pair before adding an edge,Homolog incidence is not an edge probability or a named target neuron
2648,C_type_hypothesis,720575940630544250,R1-6,left,T1,3925,443,0.1129,379,yes,Use as a cell-type search term; require an observed exact pair before adding an edge,Homolog incidence is not an edge probability or a named target neuron
2649,C_type_hypothesis,720575940630581564,R1-6,left,T1,3925,443,0.1129,379,yes,Use as a cell-type search term; require an observed exact pair before adding an edge,Homolog incidence is not an edge probability or a named target neuron
2650,C_type_hypothesis,720575940630581754,R1-6,left,T1,3925,443,0.1129,379,yes,Use as a cell-type search term; require an observed exact pair before adding an edge,Homolog incidence is not an edge probability or a named target neuron
2651,C_type_hypothesis,720575940630657792,R1-6,left,T1,3925,443,0.1129,379,yes,Use as a cell-type search term; require an observed exact pair before adding an edge,Homolog incidence is not an edge probability or a named target neuron
2652,C_type_hypothesis,720575940630660034,R1-6,left,T1,3925,443,0.1129,379,yes,Use as a cell-type search term; require an observed exact pair before adding an edge,Homolog incidence is not an edge probability or a named target neuron
2653,C_type_hypothesis,720575940630664062,R1-6,left,T1,3925,443,0.1129,379,yes,Use as a cell-type search term; require an observed exact pair before adding an edge,Homolog incidence is not an edge probability or a named target neuron
2654,C_type_hypothesis,720575940630712442,R1-6,left,T1,3925,443,0.1129,379,yes,Use as a cell-type search term; require an observed exact pair before adding an edge,Homolog incidence is not an edge probability or a named target neuron
2655,C_type_hypothesis,720575940630714562,R1-6,left,T1,3925,443,0.1129,379,yes,Use as a cell-type search term; require an observed exact pair before adding an edge,Homolog incidence is not an edge probability or a named target neuron
2656,C_type_hypothesis,720575940630727212,R1-6,left,T1,3925,443,0.1129,379,yes,Use as a cell-type search term; require an observed exact pair before adding an edge,Homolog incidence is not an edge probability or a named target neuron
2657,C_type_hypothesis,720575940630746924,R1-6,left,T1,3925,443,0.1129,379,yes,Use as a cell-type search term; require an observed exact pair before adding an edge,Homolog incidence is not an edge probability or a named target neuron
2658,C_type_hypothesis,720575940630767360,R1-6,left,T1,3925,443,0.1129,379,yes,Use as a cell-type search term; require an observed exact pair before adding an edge,Homolog incidence is not an edge probability or a named target neuron
2659,C_type_hypothesis,720575940630787388,R1-6,left,T1,3925,443,0.1129,379,yes,Use as a cell-type search term; require an observed exact pair before adding an edge,Homolog incidence is not an edge probability or a named target neuron
2660,C_type_hypothesis,720575940630942428,R1-6,left,T1,3925,443,0.1129,379,yes,Use as a cell-type search term; require an observed exact pair before adding an edge,Homolog incidence is not an edge probability or a named target neuron
2661,C_type_hypothesis,720575940630944215,R1-6,left,T1,3925,443,0.1129,379,yes,Use as a cell-type search term; require an observed exact pair before adding an edge,Homolog incidence is not an edge probability or a named target neuron
2662,C_type_hypothesis,720575940630947292,R1-6,left,T1,3925,443,0.1129,379,yes,Use as a cell-type search term; require an observed exact pair before adding an edge,Homolog incidence is not an edge probability or a named target neuron
2663,C_type_hypothesis,720575940630982495,R1-6,left,T1,3925,443,0.1129,379,yes,Use as a cell-type search term; require an observed exact pair before adding an edge,Homolog incidence is not an edge probability or a named target neuron
2664,C_type_hypothesis,720575940631059932,R1-6,left,T1,3925,443,0.1129,379,yes,Use as a cell-type search term; require an observed exact pair before adding an edge,Homolog incidence is not an edge probability or a named target neuron
2665,C_type_hypothesis,720575940631079900,R1-6,left,T1,3925,443,0.1129,379,yes,Use as a cell-type search term; require an observed exact pair before adding an edge,Homolog incidence is not an edge probability or a named target neuron
2666,C_type_hypothesis,720575940631095296,R1-6,left,T1,3925,443,0.1129,379,yes,Use as a cell-type search term; require an observed exact pair before adding an edge,Homolog incidence is not an edge probability or a named target neuron
2667,C_type_hypothesis,720575940631100160,R1-6,left,T1,3925,443,0.1129,379,yes,Use as a cell-type search term; require an observed exact pair before adding an edge,Homolog incidence is not an edge probability or a named target neuron
2668,C_type_hypothesis,720575940631143020,R1-6,left,T1,3925,443,0.1129,379,yes,Use as a cell-type search term; require an observed exact pair before adding an edge,Homolog incidence is not an edge probability or a named target neuron
2669,C_type_hypothesis,720575940631149372,R1-6,left,T1,3925,443,0.1129,379,yes,Use as a cell-type search term; require an observed exact pair before adding an edge,Homolog incidence is not an edge probability or a named target neuron
2670,C_type_hypothesis,720575940631184246,R1-6,left,T1,3925,443,0.1129,379,yes,Use as a cell-type search term; require an observed exact pair before adding an edge,Homolog incidence is not an edge probability or a named target neuron
2671,C_type_hypothesis,720575940631230167,R1-6,left,T1,3925,443,0.1129,379,yes,Use as a cell-type search term; require an observed exact pair before adding an edge,Homolog incidence is not an edge probability or a named target neuron
2672,C_type_hypothesis,720575940631292892,R1-6,left,T1,3925,443,0.1129,379,yes,Use as a cell-type search term; require an observed exact pair before adding an edge,Homolog incidence is not an edge probability or a named target neuron
2673,C_type_hypothesis,720575940631505260,R1-6,left,T1,3925,443,0.1129,379,yes,Use as a cell-type search term; require an observed exact pair before adding an edge,Homolog incidence is not an edge probability or a named target neuron
2674,C_type_hypothesis,720575940631515643,R1-6,left,T1,3925,443,0.1129,379,yes,Use as a cell-type search term; require an observed exact pair before adding an edge,Homolog incidence is not an edge probability or a named target neuron
2675,C_type_hypothesis,720575940631590393,R1-6,left,T1,3925,443,0.1129,379,yes,Use as a cell-type search term; require an observed exact pair before adding an edge,Homolog incidence is not an edge probability or a named target neuron
2676,C_type_hypothesis,720575940631926287,R1-6,left,T1,3925,443,0.1129,379,yes,Use as a cell-type search term; require an observed exact pair before adding an edge,Homolog incidence is not an edge probability or a named target neuron
2677,C_type_hypothesis,720575940631958287,R1-6,left,T1,3925,443,0.1129,379,yes,Use as a cell-type search term; require an observed exact pair before adding an edge,Homolog incidence is not an edge probability or a named target neuron
2678,C_type_hypothesis,720575940631959826,R1-6,left,T1,3925,443,0.1129,379,yes,Use as a cell-type search term; require an observed exact pair before adding an edge,Homolog incidence is not an edge probability or a named target neuron
2679,C_type_hypothesis,720575940632257091,R1-6,left,T1,3925,443,0.1129,379,yes,Use as a cell-type search term; require an observed exact pair before adding an edge,Homolog incidence is not an edge probability or a named target neuron
2680,C_type_hypothesis,720575940632266258,R1-6,left,T1,3925,443,0.1129,379,yes,Use as a cell-type search term; require an observed exact pair before adding an edge,Homolog incidence is not an edge probability or a named target neuron
2681,C_type_hypothesis,720575940632314955,R1-6,left,T1,3925,443,0.1129,379,yes,Use as a cell-type search term; require an observed exact pair before adding an edge,Homolog incidence is not an edge probability or a named target neuron
2682,C_type_hypothesis,720575940632346666,R1-6,left,T1,3925,443,0.1129,379,yes,Use as a cell-type search term; require an observed exact pair before adding an edge,Homolog incidence is not an edge probability or a named target neuron
2683,C_type_hypothesis,720575940632352104,R1-6,left,T1,3925,443,0.1129,379,yes,Use as a cell-type search term; require an observed exact pair before adding an edge,Homolog incidence is not an edge probability or a named target neuron
2684,C_type_hypothesis,720575940632357992,R1-6,left,T1,3925,443,0.1129,379,yes,Use as a cell-type search term; require an observed exact pair before adding an edge,Homolog incidence is not an edge probability or a named target neuron
2685,C_type_hypothesis,720575940632358504,R1-6,left,T1,3925,443,0.1129,379,yes,Use as a cell-type search term; require an observed exact pair before adding an edge,Homolog incidence is not an edge probability or a named target neuron
2686,C_type_hypothesis,720575940632425002,R1-6,left,T1,3925,443,0.1129,379,yes,Use as a cell-type search term; require an observed exact pair before adding an edge,Homolog incidence is not an edge probability or a named target neuron
2687,C_type_hypothesis,720575940632425258,R1-6,left,T1,3925,443,0.1129,379,yes,Use as a cell-type search term; require an observed exact pair before adding an edge,Homolog incidence is not an edge probability or a named target neuron
2688,C_type_hypothesis,720575940632436803,R1-6,left,T1,3925,443,0.1129,379,yes,Use as a cell-type search term; require an observed exact pair before adding an edge,Homolog incidence is not an edge probability or a named target neuron
2689,C_type_hypothesis,720575940632674444,R1-6,left,T1,3925,443,0.1129,379,yes,Use as a cell-type search term; require an observed exact pair before adding an edge,Homolog incidence is not an edge probability or a named target neuron
2690,C_type_hypothesis,720575940632687672,R1-6,left,T1,3925,443,0.1129,379,yes,Use as a cell-type search term; require an observed exact pair before adding an edge,Homolog incidence is not an edge probability or a named target neuron
2691,C_type_hypothesis,720575940632704303,R1-6,left,T1,3925,443,0.1129,379,yes,Use as a cell-type search term; require an observed exact pair before adding an edge,Homolog incidence is not an edge probability or a named target neuron
2692,C_type_hypothesis,720575940633220516,R1-6,left,T1,3925,443,0.1129,379,yes,Use as a cell-type search term; require an observed exact pair before adding an edge,Homolog incidence is not an edge probability or a named target neuron
2693,C_type_hypothesis,720575940633241764,R1-6,left,T1,3925,443,0.1129,379,yes,Use as a cell-type search term; require an observed exact pair before adding an edge,Homolog incidence is not an edge probability or a named target neuron
2694,C_type_hypothesis,720575940633457709,R1-6,left,T1,3925,443,0.1129,379,yes,Use as a cell-type search term; require an observed exact pair before adding an edge,Homolog incidence is not an edge probability or a named target neuron
2695,C_type_hypothesis,720575940633512908,R1-6,left,T1,3925,443,0.1129,379,yes,Use as a cell-type search term; require an observed exact pair before adding an edge,Homolog incidence is not an edge probability or a named target neuron
2696,C_type_hypothesis,720575940633517260,R1-6,left,T1,3925,443,0.1129,379,yes,Use as a cell-type search term; require an observed exact pair before adding an edge,Homolog incidence is not an edge probability or a named target neuron
2697,C_type_hypothesis,720575940633592996,R1-6,left,T1,3925,443,0.1129,379,yes,Use as a cell-type search term; require an observed exact pair before adding an edge,Homolog incidence is not an edge probability or a named target neuron
2698,C_type_hypothesis,720575940634246626,R1-6,left,T1,3925,443,0.1129,379,yes,Use as a cell-type search term; require an observed exact pair before adding an edge,Homolog incidence is not an edge probability or a named target neuron
2699,C_type_hypothesis,720575940634643993,R1-6,left,T1,3925,443,0.1129,379,yes,Use as a cell-type search term; require an observed exact pair before adding an edge,Homolog incidence is not an edge probability or a named target neuron
2700,C_type_hypothesis,720575940634857884,R1-6,left,T1,3925,443,0.1129,379,yes,Use as a cell-type search term; require an observed exact pair before adding an edge,Homolog incidence is not an edge probability or a named target neuron
2701,C_type_hypothesis,720575940634947484,R1-6,left,T1,3925,443,0.1129,379,yes,Use as a cell-type search term; require an observed exact pair before adding an edge,Homolog incidence is not an edge probability or a named target neuron
2702,C_type_hypothesis,720575940635440235,R1-6,left,T1,3925,443,0.1129,379,yes,Use as a cell-type search term; require an observed exact pair before adding an edge,Homolog incidence is not an edge probability or a named target neuron
2703,C_type_hypothesis,720575940636021855,R1-6,left,T1,3925,443,0.1129,379,yes,Use as a cell-type search term; require an observed exact pair before adding an edge,Homolog incidence is not an edge probability or a named target neuron
2704,C_type_hypothesis,720575940636156596,R1-6,left,T1,3925,443,0.1129,379,yes,Use as a cell-type search term; require an observed exact pair before adding an edge,Homolog incidence is not an edge probability or a named target neuron
2705,C_type_hypothesis,720575940636168116,R1-6,left,T1,3925,443,0.1129,379,yes,Use as a cell-type search term; require an observed exact pair before adding an edge,Homolog incidence is not an edge probability or a named target neuron
2706,C_type_hypothesis,720575940636169464,R1-6,left,T1,3925,443,0.1129,379,yes,Use as a cell-type search term; require an observed exact pair before adding an edge,Homolog incidence is not an edge probability or a named target neuron
2707,C_type_hypothesis,720575940636176888,R1-6,left,T1,3925,443,0.1129,379,yes,Use as a cell-type search term; require an observed exact pair before adding an edge,Homolog incidence is not an edge probability or a named target neuron
2708,C_type_hypothesis,720575940636191480,R1-6,left,T1,3925,443,0.1129,379,yes,Use as a cell-type search term; require an observed exact pair before adding an edge,Homolog incidence is not an edge probability or a named target neuron
2709,C_type_hypothesis,720575940636208052,R1-6,left,T1,3925,443,0.1129,379,yes,Use as a cell-type search term; require an observed exact pair before adding an edge,Homolog incidence is not an edge probability or a named target neuron
2710,C_type_hypothesis,720575940636893303,R1-6,left,T1,3925,443,0.1129,379,yes,Use as a cell-type search term; require an observed exact pair before adding an edge,Homolog incidence is not an edge probability or a named target neuron
2711,C_type_hypothesis,720575940637125239,R1-6,left,T1,3925,443,0.1129,379,yes,Use as a cell-type search term; require an observed exact pair before adding an edge,Homolog incidence is not an edge probability or a named target neuron
2712,C_type_hypothesis,720575940637782958,R1-6,left,T1,3925,443,0.1129,379,yes,Use as a cell-type search term; require an observed exact pair before adding an edge,Homolog incidence is not an edge probability or a named target neuron
2713,C_type_hypothesis,720575940638004080,R1-6,left,T1,3925,443,0.1129,379,yes,Use as a cell-type search term; require an observed exact pair before adding an edge,Homolog incidence is not an edge probability or a named target neuron
2714,C_type_hypothesis,720575940638078832,R1-6,left,T1,3925,443,0.1129,379,yes,Use as a cell-type search term; require an observed exact pair before adding an edge,Homolog incidence is not an edge probability or a named target neuron
2715,C_type_hypothesis,720575940638523994,R1-6,left,T1,3925,443,0.1129,379,yes,Use as a cell-type search term; require an observed exact pair before adding an edge,Homolog incidence is not an edge probability or a named target neuron
2716,C_type_hypothesis,720575940638556382,R1-6,left,T1,3925,443,0.1129,379,yes,Use as a cell-type search term; require an observed exact pair before adding an edge,Homolog incidence is not an edge probability or a named target neuron
2717,C_type_hypothesis,720575940638577215,R1-6,left,T1,3925,443,0.1129,379,yes,Use as a cell-type search term; require an observed exact pair before adding an edge,Homolog incidence is not an edge probability or a named target neuron
2718,C_type_hypothesis,720575940638684649,R1-6,left,T1,3925,443,0.1129,379,yes,Use as a cell-type search term; require an observed exact pair before adding an edge,Homolog incidence is not an edge probability or a named target neuron
2719,C_type_hypothesis,720575940638711359,R1-6,left,T1,3925,443,0.1129,379,yes,Use as a cell-type search term; require an observed exact pair before adding an edge,Homolog incidence is not an edge probability or a named target neuron
2720,C_type_hypothesis,720575940638712127,R1-6,left,T1,3925,443,0.1129,379,yes,Use as a cell-type search term; require an observed exact pair before adding an edge,Homolog incidence is not an edge probability or a named target neuron
2721,C_type_hypothesis,720575940638713407,R1-6,left,T1,3925,443,0.1129,379,yes,Use as a cell-type search term; require an observed exact pair before adding an edge,Homolog incidence is not an edge probability or a named target neuron
2722,C_type_hypothesis,720575940638759999,R1-6,left,T1,3925,443,0.1129,379,yes,Use as a cell-type search term; require an observed exact pair before adding an edge,Homolog incidence is not an edge probability or a named target neuron
2723,C_type_hypothesis,720575940638820442,R1-6,left,T1,3925,443,0.1129,379,yes,Use as a cell-type search term; require an observed exact pair before adding an edge,Homolog incidence is not an edge probability or a named target neuron
2724,C_type_hypothesis,720575940638872553,R1-6,left,T1,3925,443,0.1129,379,yes,Use as a cell-type search term; require an observed exact pair before adding an edge,Homolog incidence is not an edge probability or a named target neuron
2725,C_type_hypothesis,720575940639049193,R1-6,left,T1,3925,443,0.1129,379,yes,Use as a cell-type search term; require an observed exact pair before adding an edge,Homolog incidence is not an edge probability or a named target neuron
2726,C_type_hypothesis,720575940639657661,R1-6,left,T1,3925,443,0.1129,379,yes,Use as a cell-type search term; require an observed exact pair before adding an edge,Homolog incidence is not an edge probability or a named target neuron
2727,C_type_hypothesis,720575940639783989,R1-6,left,T1,3925,443,0.1129,379,yes,Use as a cell-type search term; require an observed exact pair before adding an edge,Homolog incidence is not an edge probability or a named target neuron
2728,C_type_hypothesis,720575940639787061,R1-6,left,T1,3925,443,0.1129,379,yes,Use as a cell-type search term; require an observed exact pair before adding an edge,Homolog incidence is not an edge probability or a named target neuron
2729,C_type_hypothesis,720575940639884622,R1-6,left,T1,3925,443,0.1129,379,yes,Use as a cell-type search term; require an observed exact pair before adding an edge,Homolog incidence is not an edge probability or a named target neuron
2730,C_type_hypothesis,720575940640193614,R1-6,left,T1,3925,443,0.1129,379,yes,Use as a cell-type search term; require an observed exact pair before adding an edge,Homolog incidence is not an edge probability or a named target neuron
2731,C_type_hypothesis,720575940640196413,R1-6,left,T1,3925,443,0.1129,379,yes,Use as a cell-type search term; require an observed exact pair before adding an edge,Homolog incidence is not an edge probability or a named target neuron
2732,C_type_hypothesis,720575940640197949,R1-6,left,T1,3925,443,0.1129,379,yes,Use as a cell-type search term; require an observed exact pair before adding an edge,Homolog incidence is not an edge probability or a named target neuron
2733,C_type_hypothesis,720575940640287310,R1-6,left,T1,3925,443,0.1129,379,yes,Use as a cell-type search term; require an observed exact pair before adding an edge,Homolog incidence is not an edge probability or a named target neuron
2734,C_type_hypothesis,720575940640297075,R1-6,left,T1,3925,443,0.1129,379,yes,Use as a cell-type search term; require an observed exact pair before adding an edge,Homolog incidence is not an edge probability or a named target neuron
2735,C_type_hypothesis,720575940640480856,R1-6,left,T1,3925,443,0.1129,379,yes,Use as a cell-type search term; require an observed exact pair before adding an edge,Homolog incidence is not an edge probability or a named target neuron
2736,C_type_hypothesis,720575940640525144,R1-6,left,T1,3925,443,0.1129,379,yes,Use as a cell-type search term; require an observed exact pair before adding an edge,Homolog incidence is not an edge probability or a named target neuron
2737,C_type_hypothesis,720575940640780160,R1-6,left,T1,3925,443,0.1129,379,yes,Use as a cell-type search term; require an observed exact pair before adding an edge,Homolog incidence is not an edge probability or a named target neuron
2738,C_type_hypothesis,720575940641249232,R1-6,left,T1,3925,443,0.1129,379,yes,Use as a cell-type search term; require an observed exact pair before adding an edge,Homolog incidence is not an edge probability or a named target neuron
2739,C_type_hypothesis,720575940641271504,R1-6,left,T1,3925,443,0.1129,379,yes,Use as a cell-type search term; require an observed exact pair before adding an edge,Homolog incidence is not an edge probability or a named target neuron
2740,C_type_hypothesis,720575940641277904,R1-6,left,T1,3925,443,0.1129,379,yes,Use as a cell-type search term; require an observed exact pair before adding an edge,Homolog incidence is not an edge probability or a named target neuron
2741,C_type_hypothesis,720575940641599184,R1-6,left,T1,3925,443,0.1129,379,yes,Use as a cell-type search term; require an observed exact pair before adding an edge,Homolog incidence is not an edge probability or a named target neuron
2742,C_type_hypothesis,720575940642527451,R1-6,left,T1,3925,443,0.1129,379,yes,Use as a cell-type search term; require an observed exact pair before adding an edge,Homolog incidence is not an edge probability or a named target neuron
2743,C_type_hypothesis,720575940642532827,R1-6,left,T1,3925,443,0.1129,379,yes,Use as a cell-type search term; require an observed exact pair before adding an edge,Homolog incidence is not an edge probability or a named target neuron
2744,C_type_hypothesis,720575940642539995,R1-6,left,T1,3925,443,0.1129,379,yes,Use as a cell-type search term; require an observed exact pair before adding an edge,Homolog incidence is not an edge probability or a named target neuron
2745,C_type_hypothesis,720575940642891405,R1-6,left,T1,3925,443,0.1129,379,yes,Use as a cell-type search term; require an observed exact pair before adding an edge,Homolog incidence is not an edge probability or a named target neuron
2746,C_type_hypothesis,720575940643079309,R1-6,left,T1,3925,443,0.1129,379,yes,Use as a cell-type search term; require an observed exact pair before adding an edge,Homolog incidence is not an edge probability or a named target neuron
2747,C_type_hypothesis,720575940645837335,R1-6,left,T1,3925,443,0.1129,379,yes,Use as a cell-type search term; require an observed exact pair before adding an edge,Homolog incidence is not an edge probability or a named target neuron
2748,C_type_hypothesis,720575940646253422,R1-6,left,T1,3925,443,0.1129,379,yes,Use as a cell-type search term; require an observed exact pair before adding an edge,Homolog incidence is not an edge probability or a named target neuron
2749,C_type_hypothesis,720575940646392942,R1-6,left,T1,3925,443,0.1129,379,yes,Use as a cell-type search term; require an observed exact pair before adding an edge,Homolog incidence is not an edge probability or a named target neuron
2750,C_type_hypothesis,720575940646803747,R1-6,left,T1,3925,443,0.1129,379,yes,Use as a cell-type search term; require an observed exact pair before adding an edge,Homolog incidence is not an edge probability or a named target neuron
2751,C_type_hypothesis,720575940647021091,R1-6,left,T1,3925,443,0.1129,379,yes,Use as a cell-type search term; require an observed exact pair before adding an edge,Homolog incidence is not an edge probability or a named target neuron
2752,C_type_hypothesis,720575940647077411,R1-6,left,T1,3925,443,0.1129,379,yes,Use as a cell-type search term; require an observed exact pair before adding an edge,Homolog incidence is not an edge probability or a named target neuron
2753,C_type_hypothesis,720575940647962500,R1-6,left,T1,3925,443,0.1129,379,yes,Use as a cell-type search term; require an observed exact pair before adding an edge,Homolog incidence is not an edge probability or a named target neuron
2754,C_type_hypothesis,720575940648163972,R1-6,left,T1,3925,443,0.1129,379,yes,Use as a cell-type search term; require an observed exact pair before adding an edge,Homolog incidence is not an edge probability or a named target neuron
2755,C_type_hypothesis,720575940650447993,R1-6,left,T1,3925,443,0.1129,379,yes,Use as a cell-type search term; require an observed exact pair before adding an edge,Homolog incidence is not an edge probability or a named target neuron
2756,C_type_hypothesis,720575940653106422,R1-6,left,T1,3925,443,0.1129,379,yes,Use as a cell-type search term; require an observed exact pair before adding an edge,Homolog incidence is not an edge probability or a named target neuron
2757,C_type_hypothesis,720575940661099137,R1-6,left,T1,3925,443,0.1129,379,yes,Use as a cell-type search term; require an observed exact pair before adding an edge,Homolog incidence is not an edge probability or a named target neuron
