id,leg,joint,subtype,cellType,side,observable,sourceSubclass,sourceFunction,tuningPolarity,tuningCurve,ntVerified,ntPredicted,proofread,nerve,fancMatch,fancNblastMatch,sourceId,tuningEvidence
720575941413112212,LF,femurTibia,claw,SNpp50,left,position,front_leg_claw_chordotonal_organ_neuron,position,,,acetylcholine,acetylcholine,True,left_prothoracic_leg_nerve,,15633,banc_meta,population-level modality from literature; exact-root direction and thresholds unknown
720575941438474258,LF,femurTibia,claw,SNpp50,left,position,front_leg_claw_chordotonal_organ_neuron,position,,,acetylcholine,acetylcholine,True,left_prothoracic_leg_nerve,,16090,banc_meta,population-level modality from literature; exact-root direction and thresholds unknown
720575941439451477,LF,femurTibia,claw,SNpp50,left,position,front_leg_claw_chordotonal_organ_neuron,position,,,acetylcholine,acetylcholine,True,left_prothoracic_leg_nerve,1356,14759,banc_meta,population-level modality from literature; exact-root direction and thresholds unknown
720575941448826805,LF,femurTibia,claw,SNpp50,left,position,front_leg_claw_chordotonal_organ_neuron,position,,,acetylcholine,acetylcholine,True,left_prothoracic_leg_nerve,,15639,banc_meta,population-level modality from literature; exact-root direction and thresholds unknown
720575941455760877,LF,femurTibia,claw,SNpp50,left,position,front_leg_claw_chordotonal_organ_neuron,position,,,acetylcholine,acetylcholine,True,left_prothoracic_leg_nerve,,15689,banc_meta,population-level modality from literature; exact-root direction and thresholds unknown
720575941457704863,LF,femurTibia,claw,SNpp50,left,position,front_leg_claw_chordotonal_organ_neuron,position,,,acetylcholine,acetylcholine,True,left_prothoracic_leg_nerve,1356,1356,banc_meta,population-level modality from literature; exact-root direction and thresholds unknown
720575941473832544,LF,femurTibia,claw,SNpp50,left,position,front_leg_claw_chordotonal_organ_neuron,position,,,acetylcholine,acetylcholine,True,left_prothoracic_leg_nerve,,14443,banc_meta,population-level modality from literature; exact-root direction and thresholds unknown
720575941478502209,LF,femurTibia,claw,SNpp51,left,position,front_leg_claw_chordotonal_organ_neuron,position,,,acetylcholine,acetylcholine,True,left_prothoracic_leg_nerve,1356,14173,banc_meta,population-level modality from literature; exact-root direction and thresholds unknown
720575941482795005,LF,femurTibia,claw,SNpp51,left,position,front_leg_claw_chordotonal_organ_neuron,position,,,acetylcholine,acetylcholine,True,left_prothoracic_leg_nerve,,15639,banc_meta,population-level modality from literature; exact-root direction and thresholds unknown
720575941506301861,LF,femurTibia,claw,SNpp50,left,position,front_leg_claw_chordotonal_organ_neuron,position,,,acetylcholine,acetylcholine,True,left_prothoracic_leg_nerve,,1549,banc_meta,population-level modality from literature; exact-root direction and thresholds unknown
720575941507004194,LF,femurTibia,claw,SNpp50,left,position,front_leg_claw_chordotonal_organ_neuron,position,,,acetylcholine,acetylcholine,True,left_prothoracic_leg_nerve,,15633,banc_meta,population-level modality from literature; exact-root direction and thresholds unknown
720575941519296428,LF,femurTibia,claw,SNpp51,left,position,front_leg_claw_chordotonal_organ_neuron,position,,,acetylcholine,acetylcholine,True,left_prothoracic_leg_nerve,,15606,banc_meta,population-level modality from literature; exact-root direction and thresholds unknown
720575941540132221,LF,femurTibia,claw,SNpp50,left,position,front_leg_claw_chordotonal_organ_neuron,position,,,acetylcholine,acetylcholine,True,left_prothoracic_leg_nerve,1356,1356,banc_meta,population-level modality from literature; exact-root direction and thresholds unknown
720575941544751877,LF,femurTibia,claw,SNpp50,left,position,front_leg_claw_chordotonal_organ_neuron,position,,,acetylcholine,acetylcholine,True,left_prothoracic_leg_nerve,,15802,banc_meta,population-level modality from literature; exact-root direction and thresholds unknown
720575941545449065,LF,femurTibia,claw,SNpp50,left,position,front_leg_claw_chordotonal_organ_neuron,position,,,acetylcholine,acetylcholine,True,left_prothoracic_leg_nerve,,15863,banc_meta,population-level modality from literature; exact-root direction and thresholds unknown
720575941549932093,LF,femurTibia,claw,SNpp50,left,position,front_leg_claw_chordotonal_organ_neuron,position,,,acetylcholine,acetylcholine,True,left_prothoracic_leg_nerve,1549,14527,banc_meta,population-level modality from literature; exact-root direction and thresholds unknown
720575941560894247,LF,femurTibia,claw,SNpp50,left,position,front_leg_claw_chordotonal_organ_neuron,position,,,acetylcholine,acetylcholine,True,left_prothoracic_leg_nerve,,15863,banc_meta,population-level modality from literature; exact-root direction and thresholds unknown
720575941566973434,LF,femurTibia,claw,SNpp50,left,position,front_leg_claw_chordotonal_organ_neuron,position,,,acetylcholine,acetylcholine,True,left_prothoracic_leg_nerve,,16109,banc_meta,population-level modality from literature; exact-root direction and thresholds unknown
720575941577505640,LF,femurTibia,claw,SNpp50,left,position,front_leg_claw_chordotonal_organ_neuron,position,,,acetylcholine,gaba,True,left_prothoracic_leg_nerve,,15775,banc_meta,population-level modality from literature; exact-root direction and thresholds unknown
720575941578935029,LF,femurTibia,claw,SNpp50,left,position,front_leg_claw_chordotonal_organ_neuron,position,,,acetylcholine,acetylcholine,True,left_prothoracic_leg_nerve,16378,17065,banc_meta,population-level modality from literature; exact-root direction and thresholds unknown
720575941583568479,LF,femurTibia,claw,SNpp50,left,position,front_leg_claw_chordotonal_organ_neuron,position,,,acetylcholine,acetylcholine,True,left_prothoracic_leg_nerve,,14527,banc_meta,population-level modality from literature; exact-root direction and thresholds unknown
720575941584957406,LF,femurTibia,claw,SNpp50,left,position,front_leg_claw_chordotonal_organ_neuron,position,,,acetylcholine,acetylcholine,True,left_prothoracic_leg_nerve,,15639,banc_meta,population-level modality from literature; exact-root direction and thresholds unknown
720575941589773566,LF,femurTibia,claw,SNpp50,left,position,front_leg_claw_chordotonal_organ_neuron,position,,,acetylcholine,acetylcholine,True,left_prothoracic_leg_nerve,,15582,banc_meta,population-level modality from literature; exact-root direction and thresholds unknown
720575941604058046,LF,femurTibia,claw,SNpp50,left,position,front_leg_claw_chordotonal_organ_neuron,position,,,acetylcholine,acetylcholine,True,left_prothoracic_leg_nerve,1252,1252,banc_meta,population-level modality from literature; exact-root direction and thresholds unknown
720575941644934856,LF,femurTibia,claw,SNpp50,left,position,front_leg_claw_chordotonal_organ_neuron,position,,,acetylcholine,acetylcholine,True,left_prothoracic_leg_nerve,,15639,banc_meta,population-level modality from literature; exact-root direction and thresholds unknown
720575941680271037,LF,femurTibia,claw,SNpp50,left,position,front_leg_claw_chordotonal_organ_neuron,position,,,acetylcholine,acetylcholine,True,left_prothoracic_leg_nerve,,16378,banc_meta,population-level modality from literature; exact-root direction and thresholds unknown
720575941689664780,LF,femurTibia,claw,SNpp50,left,position,front_leg_claw_chordotonal_organ_neuron,position,,,acetylcholine,acetylcholine,True,left_prothoracic_leg_nerve,,14527,banc_meta,population-level modality from literature; exact-root direction and thresholds unknown
720575941404746352,LF,femurTibia,club,SNpp18,left,vibration_and_bidirectional_motion,front_leg_club_chordotonal_organ_neuron,vibro_tactile,,,,acetylcholine,True,left_prothoracic_leg_nerve,1278,16291,banc_meta,population-level modality from literature; exact-root direction and thresholds unknown
720575941413320337,LF,femurTibia,club,SNpp60,left,vibration_and_bidirectional_motion,front_leg_club_chordotonal_organ_neuron,vibro_tactile,,,,acetylcholine,True,left_prothoracic_leg_nerve,1345,1345,banc_meta,population-level modality from literature; exact-root direction and thresholds unknown
720575941431920993,LF,femurTibia,club,SNpp59,left,vibration_and_bidirectional_motion,front_leg_club_chordotonal_organ_neuron,vibro_tactile,,,acetylcholine,acetylcholine,True,left_prothoracic_leg_nerve,1172,16636,banc_meta,population-level modality from literature; exact-root direction and thresholds unknown
720575941439213909,LF,femurTibia,club,SNpp58,left,vibration_and_bidirectional_motion,front_leg_club_chordotonal_organ_neuron,vibro_tactile,,,acetylcholine,acetylcholine,True,left_prothoracic_leg_nerve,1278,1278,banc_meta,population-level modality from literature; exact-root direction and thresholds unknown
720575941439718444,LF,femurTibia,club,SNpp58,left,vibration_and_bidirectional_motion,front_leg_club_chordotonal_organ_neuron,vibro_tactile,,,acetylcholine,acetylcholine,True,left_prothoracic_leg_nerve,,14981,banc_meta,population-level modality from literature; exact-root direction and thresholds unknown
720575941452949929,LF,femurTibia,club,SNpp43,left,vibration_and_bidirectional_motion,front_leg_club_chordotonal_organ_neuron,vibro_tactile,,,,acetylcholine,True,left_prothoracic_leg_nerve,1204,1204,banc_meta,population-level modality from literature; exact-root direction and thresholds unknown
720575941466537238,LF,femurTibia,club,SNpp59,left,vibration_and_bidirectional_motion,front_leg_club_chordotonal_organ_neuron,vibro_tactile,,,acetylcholine,acetylcholine,True,left_prothoracic_leg_nerve,1369,1369,banc_meta,population-level modality from literature; exact-root direction and thresholds unknown
720575941480772431,LF,femurTibia,club,SNpp59,left,vibration_and_bidirectional_motion,front_leg_club_chordotonal_organ_neuron,vibro_tactile,,,acetylcholine,gaba,True,left_prothoracic_leg_nerve,1369,1369,banc_meta,population-level modality from literature; exact-root direction and thresholds unknown
720575941497396347,LF,femurTibia,club,SNpp60,left,vibration_and_bidirectional_motion,front_leg_club_chordotonal_organ_neuron,vibro_tactile,,,acetylcholine,gaba,True,left_prothoracic_leg_nerve,1165,1165,banc_meta,population-level modality from literature; exact-root direction and thresholds unknown
720575941498411170,LF,femurTibia,club,SNpp60,left,vibration_and_bidirectional_motion,front_leg_club_chordotonal_organ_neuron,vibro_tactile,,,acetylcholine,gaba,True,left_prothoracic_leg_nerve,1054,1054,banc_meta,population-level modality from literature; exact-root direction and thresholds unknown
720575941505749176,LF,femurTibia,club,SNpp59,left,vibration_and_bidirectional_motion,front_leg_club_chordotonal_organ_neuron,vibro_tactile,,,acetylcholine,acetylcholine,True,left_prothoracic_leg_nerve,1369,1369,banc_meta,population-level modality from literature; exact-root direction and thresholds unknown
720575941506291269,LF,femurTibia,club,SNpp57,left,vibration_and_bidirectional_motion,front_leg_club_chordotonal_organ_neuron,vibro_tactile,,,acetylcholine,acetylcholine,True,left_prothoracic_leg_nerve,1052,1052,banc_meta,population-level modality from literature; exact-root direction and thresholds unknown
720575941508274967,LF,femurTibia,club,SNpp60,left,vibration_and_bidirectional_motion,front_leg_club_chordotonal_organ_neuron,vibro_tactile,,,acetylcholine,acetylcholine,True,left_prothoracic_leg_nerve,1165,1317,banc_meta,population-level modality from literature; exact-root direction and thresholds unknown
720575941508505729,LF,femurTibia,club,SNpp59,left,vibration_and_bidirectional_motion,front_leg_club_chordotonal_organ_neuron,vibro_tactile,,,acetylcholine,acetylcholine,True,left_prothoracic_leg_nerve,1172,14484,banc_meta,population-level modality from literature; exact-root direction and thresholds unknown
720575941514787793,LF,femurTibia,club,SNpp58,left,vibration_and_bidirectional_motion,front_leg_club_chordotonal_organ_neuron,vibro_tactile,,,acetylcholine,gaba,True,left_prothoracic_leg_nerve,1026,1026,banc_meta,population-level modality from literature; exact-root direction and thresholds unknown
720575941517946540,LF,femurTibia,club,SNpp60,left,vibration_and_bidirectional_motion,front_leg_club_chordotonal_organ_neuron,vibro_tactile,,,acetylcholine,acetylcholine,True,left_prothoracic_leg_nerve,1054,1054,banc_meta,population-level modality from literature; exact-root direction and thresholds unknown
720575941520052140,LF,femurTibia,club,SNpp59,left,vibration_and_bidirectional_motion,front_leg_club_chordotonal_organ_neuron,vibro_tactile,,,acetylcholine,acetylcholine,True,left_prothoracic_leg_nerve,1172,1172,banc_meta,population-level modality from literature; exact-root direction and thresholds unknown
720575941521039283,LF,femurTibia,club,SNpp60,left,vibration_and_bidirectional_motion,front_leg_club_chordotonal_organ_neuron,vibro_tactile,,,acetylcholine,gaba,True,left_prothoracic_leg_nerve,1196,1196,banc_meta,population-level modality from literature; exact-root direction and thresholds unknown
720575941525391526,LF,femurTibia,club,SNpp59,left,vibration_and_bidirectional_motion,front_leg_club_chordotonal_organ_neuron,vibro_tactile,,,acetylcholine,gaba,True,left_prothoracic_leg_nerve,1369,1369,banc_meta,population-level modality from literature; exact-root direction and thresholds unknown
720575941530288331,LF,femurTibia,club,SNpp44,left,vibration_and_bidirectional_motion,front_leg_club_chordotonal_organ_neuron,vibro_tactile,,,,acetylcholine,True,left_prothoracic_leg_nerve,1172,1172,banc_meta,population-level modality from literature; exact-root direction and thresholds unknown
720575941534281738,LF,femurTibia,club,SNpp60,left,vibration_and_bidirectional_motion,front_leg_club_chordotonal_organ_neuron,vibro_tactile,,,acetylcholine,gaba,True,left_prothoracic_leg_nerve,1196,1196,banc_meta,population-level modality from literature; exact-root direction and thresholds unknown
720575941537137930,LF,femurTibia,club,SNpp59,left,vibration_and_bidirectional_motion,front_leg_club_chordotonal_organ_neuron,vibro_tactile,,,acetylcholine,acetylcholine,True,left_prothoracic_leg_nerve,1346,1082,banc_meta,population-level modality from literature; exact-root direction and thresholds unknown
720575941538144405,LF,femurTibia,club,SNpp18,left,vibration_and_bidirectional_motion,front_leg_club_chordotonal_organ_neuron,vibro_tactile,,,,gaba,True,left_prothoracic_leg_nerve,1148,1148,banc_meta,population-level modality from literature; exact-root direction and thresholds unknown
720575941543148549,LF,femurTibia,club,SNpp60,left,vibration_and_bidirectional_motion,front_leg_club_chordotonal_organ_neuron,vibro_tactile,,,acetylcholine,gaba,True,left_prothoracic_leg_nerve,1054,1054,banc_meta,population-level modality from literature; exact-root direction and thresholds unknown
720575941548964669,LF,femurTibia,club,SNpp58,left,vibration_and_bidirectional_motion,front_leg_club_chordotonal_organ_neuron,vibro_tactile,,,acetylcholine,acetylcholine,True,left_prothoracic_leg_nerve,1278,1278,banc_meta,population-level modality from literature; exact-root direction and thresholds unknown
720575941549056061,LF,femurTibia,club,SNpp57,left,vibration_and_bidirectional_motion,front_leg_club_chordotonal_organ_neuron,vibro_tactile,,,acetylcholine,acetylcholine,True,left_prothoracic_leg_nerve,1148,1148,banc_meta,population-level modality from literature; exact-root direction and thresholds unknown
720575941551167604,LF,femurTibia,club,SNpp47,left,vibration_and_bidirectional_motion,front_leg_club_chordotonal_organ_neuron,vibro_tactile,,,acetylcholine,acetylcholine,True,left_prothoracic_leg_nerve,1026,14677,banc_meta,population-level modality from literature; exact-root direction and thresholds unknown
720575941560758643,LF,femurTibia,club,SNpp43,left,vibration_and_bidirectional_motion,front_leg_club_chordotonal_organ_neuron,vibro_tactile,,,acetylcholine,gaba,False,left_prothoracic_leg_nerve,,14562,banc_meta,population-level modality from literature; exact-root direction and thresholds unknown
720575941560895015,LF,femurTibia,club,SNpp43,left,vibration_and_bidirectional_motion,front_leg_club_chordotonal_organ_neuron,vibro_tactile,,,,acetylcholine,True,left_prothoracic_leg_nerve,1148,1148,banc_meta,population-level modality from literature; exact-root direction and thresholds unknown
720575941562182951,LF,femurTibia,club,SNpp47,left,vibration_and_bidirectional_motion,front_leg_club_chordotonal_organ_neuron,vibro_tactile,,,acetylcholine,acetylcholine,True,left_prothoracic_leg_nerve,1204,1204,banc_meta,population-level modality from literature; exact-root direction and thresholds unknown
720575941562201383,LF,femurTibia,club,SNpp59,left,vibration_and_bidirectional_motion,front_leg_club_chordotonal_organ_neuron,vibro_tactile,,,acetylcholine,acetylcholine,True,left_prothoracic_leg_nerve,1369,1369,banc_meta,population-level modality from literature; exact-root direction and thresholds unknown
720575941567640935,LF,femurTibia,club,SNpp60,left,vibration_and_bidirectional_motion,front_leg_club_chordotonal_organ_neuron,vibro_tactile,,,acetylcholine,gaba,True,left_prothoracic_leg_nerve,1346,15704,banc_meta,population-level modality from literature; exact-root direction and thresholds unknown
720575941573650077,LF,femurTibia,club,SNpp58,left,vibration_and_bidirectional_motion,front_leg_club_chordotonal_organ_neuron,vibro_tactile,,,acetylcholine,acetylcholine,True,left_prothoracic_leg_nerve,1204,1204,banc_meta,population-level modality from literature; exact-root direction and thresholds unknown
720575941576724406,LF,femurTibia,club,SNpp59,left,vibration_and_bidirectional_motion,front_leg_club_chordotonal_organ_neuron,vibro_tactile,,,acetylcholine,gaba,True,left_prothoracic_leg_nerve,1369,14287,banc_meta,population-level modality from literature; exact-root direction and thresholds unknown
720575941579312761,LF,femurTibia,club,SNpp59,left,vibration_and_bidirectional_motion,front_leg_club_chordotonal_organ_neuron,vibro_tactile,,,acetylcholine,gaba,True,left_prothoracic_leg_nerve,1346,1346,banc_meta,population-level modality from literature; exact-root direction and thresholds unknown
720575941583523935,LF,femurTibia,club,SNpp47,left,vibration_and_bidirectional_motion,front_leg_club_chordotonal_organ_neuron,vibro_tactile,,,acetylcholine,acetylcholine,True,left_prothoracic_leg_nerve,1034,1034,banc_meta,population-level modality from literature; exact-root direction and thresholds unknown
720575941588502405,LF,femurTibia,club,SNpp60,left,vibration_and_bidirectional_motion,front_leg_club_chordotonal_organ_neuron,vibro_tactile,,,acetylcholine,acetylcholine,True,left_prothoracic_leg_nerve,1054,1054,banc_meta,population-level modality from literature; exact-root direction and thresholds unknown
720575941588503173,LF,femurTibia,club,SNpp59,left,vibration_and_bidirectional_motion,front_leg_club_chordotonal_organ_neuron,vibro_tactile,,,acetylcholine,gaba,True,left_prothoracic_leg_nerve,1148,1148,banc_meta,population-level modality from literature; exact-root direction and thresholds unknown
720575941588503429,LF,femurTibia,club,SNpp47,left,vibration_and_bidirectional_motion,front_leg_club_chordotonal_organ_neuron,vibro_tactile,,,acetylcholine,gaba,True,left_prothoracic_leg_nerve,1169,1169,banc_meta,population-level modality from literature; exact-root direction and thresholds unknown
720575941588534917,LF,femurTibia,club,SNpp59,left,vibration_and_bidirectional_motion,front_leg_club_chordotonal_organ_neuron,vibro_tactile,,,acetylcholine,acetylcholine,True,left_prothoracic_leg_nerve,1345,1345,banc_meta,population-level modality from literature; exact-root direction and thresholds unknown
720575941591225128,LF,femurTibia,club,SNpp60,left,vibration_and_bidirectional_motion,front_leg_club_chordotonal_organ_neuron,vibro_tactile,,,acetylcholine,acetylcholine,True,left_prothoracic_leg_nerve,1054,1054,banc_meta,population-level modality from literature; exact-root direction and thresholds unknown
720575941594333733,LF,femurTibia,club,SNpp57,left,vibration_and_bidirectional_motion,front_leg_club_chordotonal_organ_neuron,vibro_tactile,,,acetylcholine,acetylcholine,True,left_prothoracic_leg_nerve,1148,1148,banc_meta,population-level modality from literature; exact-root direction and thresholds unknown
720575941604168894,LF,femurTibia,club,SNpp59,left,vibration_and_bidirectional_motion,front_leg_club_chordotonal_organ_neuron,vibro_tactile,,,acetylcholine,gaba,True,left_prothoracic_leg_nerve,,14692,banc_meta,population-level modality from literature; exact-root direction and thresholds unknown
720575941612214758,LF,femurTibia,club,SNpp43,left,vibration_and_bidirectional_motion,front_leg_club_chordotonal_organ_neuron,vibro_tactile,,,acetylcholine,gaba,True,left_prothoracic_leg_nerve,1444,1353,banc_meta,population-level modality from literature; exact-root direction and thresholds unknown
720575941612657404,LF,femurTibia,club,SNpp43,left,vibration_and_bidirectional_motion,front_leg_club_chordotonal_organ_neuron,vibro_tactile,,,,gaba,True,left_prothoracic_leg_nerve,1148,1148,banc_meta,population-level modality from literature; exact-root direction and thresholds unknown
720575941614551772,LF,femurTibia,club,SNpp59,left,vibration_and_bidirectional_motion,front_leg_club_chordotonal_organ_neuron,vibro_tactile,,,acetylcholine,gaba,True,left_prothoracic_leg_nerve,1378,1323,banc_meta,population-level modality from literature; exact-root direction and thresholds unknown
720575941631165627,LF,femurTibia,club,SNpp59,left,vibration_and_bidirectional_motion,front_leg_club_chordotonal_organ_neuron,vibro_tactile,,,acetylcholine,gaba,True,left_prothoracic_leg_nerve,1369,1369,banc_meta,population-level modality from literature; exact-root direction and thresholds unknown
720575941640168479,LF,femurTibia,club,SNpp57,left,vibration_and_bidirectional_motion,front_leg_club_chordotonal_organ_neuron,vibro_tactile,,,acetylcholine,,True,left_prothoracic_leg_nerve,1054,1054,banc_meta,population-level modality from literature; exact-root direction and thresholds unknown
720575941643984229,LF,femurTibia,club,SNpp60,left,vibration_and_bidirectional_motion,front_leg_club_chordotonal_organ_neuron,vibro_tactile,,,acetylcholine,gaba,True,left_prothoracic_leg_nerve,1125,14707,banc_meta,population-level modality from literature; exact-root direction and thresholds unknown
720575941656675540,LF,femurTibia,club,SNpp57,left,vibration_and_bidirectional_motion,front_leg_club_chordotonal_organ_neuron,vibro_tactile,,,acetylcholine,acetylcholine,True,left_prothoracic_leg_nerve,1148,14544,banc_meta,population-level modality from literature; exact-root direction and thresholds unknown
720575941670298330,LF,femurTibia,club,SNpp59,left,vibration_and_bidirectional_motion,front_leg_club_chordotonal_organ_neuron,vibro_tactile,,,acetylcholine,gaba,True,left_prothoracic_leg_nerve,1369,1369,banc_meta,population-level modality from literature; exact-root direction and thresholds unknown
720575941670298586,LF,femurTibia,club,SNpp59,left,vibration_and_bidirectional_motion,front_leg_club_chordotonal_organ_neuron,vibro_tactile,,,acetylcholine,gaba,True,left_prothoracic_leg_nerve,1346,1346,banc_meta,population-level modality from literature; exact-root direction and thresholds unknown
720575941670332634,LF,femurTibia,club,SNpp47,left,vibration_and_bidirectional_motion,front_leg_club_chordotonal_organ_neuron,vibro_tactile,,,acetylcholine,gaba,True,left_prothoracic_leg_nerve,1169,1169,banc_meta,population-level modality from literature; exact-root direction and thresholds unknown
720575941670332890,LF,femurTibia,club,SNpp60,left,vibration_and_bidirectional_motion,front_leg_club_chordotonal_organ_neuron,vibro_tactile,,,acetylcholine,gaba,True,left_prothoracic_leg_nerve,1165,1165,banc_meta,population-level modality from literature; exact-root direction and thresholds unknown
720575941670333658,LF,femurTibia,club,SNpp47,left,vibration_and_bidirectional_motion,front_leg_club_chordotonal_organ_neuron,vibro_tactile,,,acetylcholine,gaba,True,left_prothoracic_leg_nerve,1196,1196,banc_meta,population-level modality from literature; exact-root direction and thresholds unknown
720575941687076079,LF,femurTibia,club,SNpp59,left,vibration_and_bidirectional_motion,front_leg_club_chordotonal_organ_neuron,vibro_tactile,,,acetylcholine,acetylcholine,True,left_prothoracic_leg_nerve,1048,1275,banc_meta,population-level modality from literature; exact-root direction and thresholds unknown
720575941354084144,LF,femurTibia,hook,SNpp39,left,direction,front_leg_hook_chordotonal_organ_neuron,direction,,,acetylcholine,acetylcholine,True,left_prothoracic_leg_nerve,1317,14863,banc_meta,population-level modality from literature; exact-root direction and thresholds unknown
720575941439717676,LF,femurTibia,hook,SNpp39,left,direction,front_leg_hook_chordotonal_organ_neuron,direction,,,acetylcholine,gaba,True,left_prothoracic_leg_nerve,1396,14585,banc_meta,population-level modality from literature; exact-root direction and thresholds unknown
720575941460957651,LF,femurTibia,hook,SNpp41,left,direction,front_leg_hook_chordotonal_organ_neuron,direction,,,acetylcholine,acetylcholine,True,left_prothoracic_leg_nerve,1163,14585,banc_meta,population-level modality from literature; exact-root direction and thresholds unknown
720575941478068529,LF,femurTibia,hook,SNpp39,left,direction,front_leg_hook_chordotonal_organ_neuron,direction,,,acetylcholine,acetylcholine,True,left_prothoracic_leg_nerve,1317,15463,banc_meta,population-level modality from literature; exact-root direction and thresholds unknown
720575941497876352,LF,femurTibia,hook,SNpp39,left,direction,front_leg_hook_chordotonal_organ_neuron,direction,,,acetylcholine,gaba,True,left_prothoracic_leg_nerve,1346,14241,banc_meta,population-level modality from literature; exact-root direction and thresholds unknown
720575941508000069,LF,femurTibia,hook,SNpp39,left,direction,front_leg_hook_chordotonal_organ_neuron,direction,,,acetylcholine,acetylcholine,True,left_prothoracic_leg_nerve,1329,14105,banc_meta,population-level modality from literature; exact-root direction and thresholds unknown
720575941509347106,LF,femurTibia,hook,SNpp39,left,direction,front_leg_hook_chordotonal_organ_neuron,direction,,,acetylcholine,gaba,True,left_prothoracic_leg_nerve,1396,1295,banc_meta,population-level modality from literature; exact-root direction and thresholds unknown
720575941535149802,LF,femurTibia,hook,SNpp39,left,direction,front_leg_hook_chordotonal_organ_neuron,direction,,,acetylcholine,acetylcholine,True,left_prothoracic_leg_nerve,1163,1163,banc_meta,population-level modality from literature; exact-root direction and thresholds unknown
720575941538745059,LF,femurTibia,hook,SNpp39,left,direction,front_leg_hook_chordotonal_organ_neuron,direction,,,acetylcholine,acetylcholine,True,left_prothoracic_leg_nerve,1317,14889,banc_meta,population-level modality from literature; exact-root direction and thresholds unknown
720575941541413757,LF,femurTibia,hook,SNpp39,left,direction,front_leg_hook_chordotonal_organ_neuron,direction,,,acetylcholine,acetylcholine,True,left_prothoracic_leg_nerve,,1250,banc_meta,population-level modality from literature; exact-root direction and thresholds unknown
720575941546962721,LF,femurTibia,hook,SNpp41,left,direction,front_leg_hook_chordotonal_organ_neuron,direction,,,acetylcholine,acetylcholine,True,left_prothoracic_leg_nerve,1378,1378,banc_meta,population-level modality from literature; exact-root direction and thresholds unknown
720575941551004415,LF,femurTibia,hook,SNpp39,left,direction,front_leg_hook_chordotonal_organ_neuron,direction,,,acetylcholine,acetylcholine,True,left_prothoracic_leg_nerve,1334,1334,banc_meta,population-level modality from literature; exact-root direction and thresholds unknown
720575941556215524,LF,femurTibia,hook,SNpp39,left,direction,front_leg_hook_chordotonal_organ_neuron,direction,,,acetylcholine,acetylcholine,True,left_prothoracic_leg_nerve,1329,15040,banc_meta,population-level modality from literature; exact-root direction and thresholds unknown
720575941559126287,LF,femurTibia,hook,SNpp41,left,direction,front_leg_hook_chordotonal_organ_neuron,direction,,,acetylcholine,acetylcholine,True,left_prothoracic_leg_nerve,1154,1154,banc_meta,population-level modality from literature; exact-root direction and thresholds unknown
720575941561612915,LF,femurTibia,hook,SNpp39,left,direction,front_leg_hook_chordotonal_organ_neuron,direction,,,acetylcholine,gaba,True,left_prothoracic_leg_nerve,1289,14201,banc_meta,population-level modality from literature; exact-root direction and thresholds unknown
720575941562227751,LF,femurTibia,hook,SNpp39,left,direction,front_leg_hook_chordotonal_organ_neuron,direction,,,acetylcholine,acetylcholine,True,left_prothoracic_leg_nerve,,15219,banc_meta,population-level modality from literature; exact-root direction and thresholds unknown
720575941573480094,LF,femurTibia,hook,SNpp39,left,direction,front_leg_hook_chordotonal_organ_neuron,direction,,,acetylcholine,acetylcholine,True,left_prothoracic_leg_nerve,1302,16743,banc_meta,population-level modality from literature; exact-root direction and thresholds unknown
720575941579786997,LF,femurTibia,hook,SNpp39,left,direction,front_leg_hook_chordotonal_organ_neuron,direction,,,acetylcholine,gaba,True,left_prothoracic_leg_nerve,1346,1346,banc_meta,population-level modality from literature; exact-root direction and thresholds unknown
720575941595922801,LF,femurTibia,hook,SNpp39,left,direction,front_leg_hook_chordotonal_organ_neuron,direction,,,acetylcholine,gaba,True,left_prothoracic_leg_nerve,1424,1424,banc_meta,population-level modality from literature; exact-root direction and thresholds unknown
720575941596777511,LF,femurTibia,hook,SNpp39,left,direction,front_leg_hook_chordotonal_organ_neuron,direction,,,acetylcholine,gaba,True,left_prothoracic_leg_nerve,,16161,banc_meta,population-level modality from literature; exact-root direction and thresholds unknown
720575941612150858,LF,femurTibia,hook,SNpp39,left,direction,front_leg_hook_chordotonal_organ_neuron,direction,,,acetylcholine,acetylcholine,True,left_prothoracic_leg_nerve,1329,15107,banc_meta,population-level modality from literature; exact-root direction and thresholds unknown
720575941612455676,LF,femurTibia,hook,SNpp41,left,direction,front_leg_hook_chordotonal_organ_neuron,direction,,,acetylcholine,acetylcholine,True,left_prothoracic_leg_nerve,1154,1154,banc_meta,population-level modality from literature; exact-root direction and thresholds unknown
720575941612462332,LF,femurTibia,hook,SNpp41,left,direction,front_leg_hook_chordotonal_organ_neuron,direction,,,acetylcholine,acetylcholine,True,left_prothoracic_leg_nerve,1168,1168,banc_meta,population-level modality from literature; exact-root direction and thresholds unknown
720575941615782675,LF,femurTibia,hook,SNpp39,left,direction,front_leg_hook_chordotonal_organ_neuron,direction,,,acetylcholine,acetylcholine,True,left_prothoracic_leg_nerve,,1347,banc_meta,population-level modality from literature; exact-root direction and thresholds unknown
720575941633111968,LF,femurTibia,hook,SNpp39,left,direction,front_leg_hook_chordotonal_organ_neuron,direction,,,acetylcholine,acetylcholine,True,left_prothoracic_leg_nerve,,15616,banc_meta,population-level modality from literature; exact-root direction and thresholds unknown
720575941640337269,LF,femurTibia,hook,SNpp44,left,direction,front_leg_hook_chordotonal_organ_neuron,direction,,,,acetylcholine,True,left_prothoracic_leg_nerve,1154,4737,banc_meta,population-level modality from literature; exact-root direction and thresholds unknown
720575941691440091,LF,femurTibia,hook,SNpp39,left,direction,front_leg_hook_chordotonal_organ_neuron,direction,,,acetylcholine,acetylcholine,True,left_prothoracic_leg_nerve,1168,15212,banc_meta,population-level modality from literature; exact-root direction and thresholds unknown
720575941351530032,LH,femurTibia,claw,SNpp51,left,position,hind_leg_claw_chordotonal_organ_neuron,position,,,acetylcholine,acetylcholine,True,left_metathoracic_leg_nerve,,23707,banc_meta,population-level modality from literature; exact-root direction and thresholds unknown
720575941409200175,LH,femurTibia,claw,SNpp41,left,position,hind_leg_claw_chordotonal_organ_neuron,position,,,acetylcholine,acetylcholine,True,left_metathoracic_leg_nerve,,24596,banc_meta,population-level modality from literature; exact-root direction and thresholds unknown
720575941409798574,LH,femurTibia,claw,SNpp41,left,position,hind_leg_claw_chordotonal_organ_neuron,position,,,acetylcholine,gaba,True,left_metathoracic_leg_nerve,,24445,banc_meta,population-level modality from literature; exact-root direction and thresholds unknown
720575941451068538,LH,femurTibia,claw,SNpp50,left,position,hind_leg_claw_chordotonal_organ_neuron,position,,,acetylcholine,acetylcholine,True,left_metathoracic_leg_nerve,,23707,banc_meta,population-level modality from literature; exact-root direction and thresholds unknown
720575941459043910,LH,femurTibia,claw,SNpp51,left,position,hind_leg_claw_chordotonal_organ_neuron,position,,,acetylcholine,acetylcholine,True,left_metathoracic_leg_nerve,,25897,banc_meta,population-level modality from literature; exact-root direction and thresholds unknown
720575941460857232,LH,femurTibia,claw,SNpp50,left,position,hind_leg_claw_chordotonal_organ_neuron,position,,,acetylcholine,acetylcholine,True,left_metathoracic_leg_nerve,,23707,banc_meta,population-level modality from literature; exact-root direction and thresholds unknown
720575941474504763,LH,femurTibia,claw,SNpp50,left,position,hind_leg_claw_chordotonal_organ_neuron,position,,,acetylcholine,acetylcholine,True,left_metathoracic_leg_nerve,,24533,banc_meta,population-level modality from literature; exact-root direction and thresholds unknown
720575941475104608,LH,femurTibia,claw,SNpp50,left,position,hind_leg_claw_chordotonal_organ_neuron,position,,,acetylcholine,acetylcholine,True,left_metathoracic_leg_nerve,,24259,banc_meta,population-level modality from literature; exact-root direction and thresholds unknown
720575941477636458,LH,femurTibia,claw,SNpp41,left,position,hind_leg_claw_chordotonal_organ_neuron,position,,,acetylcholine,acetylcholine,True,left_metathoracic_leg_nerve,,22743,banc_meta,population-level modality from literature; exact-root direction and thresholds unknown
720575941478206513,LH,femurTibia,claw,SNpp41,left,position,hind_leg_claw_chordotonal_organ_neuron,position,,,acetylcholine,acetylcholine,True,left_metathoracic_leg_nerve,,23072,banc_meta,population-level modality from literature; exact-root direction and thresholds unknown
720575941481950659,LH,femurTibia,claw,SNpp50,left,position,hind_leg_claw_chordotonal_organ_neuron,position,,,acetylcholine,acetylcholine,True,left_metathoracic_leg_nerve,,25488,banc_meta,population-level modality from literature; exact-root direction and thresholds unknown
720575941497975163,LH,femurTibia,claw,SNpp41,left,position,hind_leg_claw_chordotonal_organ_neuron,position,,,acetylcholine,acetylcholine,True,left_metathoracic_leg_nerve,,25712,banc_meta,population-level modality from literature; exact-root direction and thresholds unknown
720575941506138903,LH,femurTibia,claw,SNpp50,left,position,hind_leg_claw_chordotonal_organ_neuron,position,,,acetylcholine,acetylcholine,True,left_metathoracic_leg_nerve,,24533,banc_meta,population-level modality from literature; exact-root direction and thresholds unknown
720575941506984482,LH,femurTibia,claw,SNpp50,left,position,hind_leg_claw_chordotonal_organ_neuron,position,,,acetylcholine,acetylcholine,True,left_metathoracic_leg_nerve,,23707,banc_meta,population-level modality from literature; exact-root direction and thresholds unknown
720575941515791251,LH,femurTibia,claw,SNpp50,left,position,hind_leg_claw_chordotonal_organ_neuron,position,,,acetylcholine,acetylcholine,True,left_metathoracic_leg_nerve,,23707,banc_meta,population-level modality from literature; exact-root direction and thresholds unknown
720575941515934457,LH,femurTibia,claw,SNpp50,left,position,hind_leg_claw_chordotonal_organ_neuron,position,,,acetylcholine,acetylcholine,True,left_metathoracic_leg_nerve,,24103,banc_meta,population-level modality from literature; exact-root direction and thresholds unknown
720575941535699994,LH,femurTibia,claw,SNpp50,left,position,hind_leg_claw_chordotonal_organ_neuron,position,,,acetylcholine,acetylcholine,True,left_metathoracic_leg_nerve,,23707,banc_meta,population-level modality from literature; exact-root direction and thresholds unknown
720575941538112661,LH,femurTibia,claw,SNpp50,left,position,hind_leg_claw_chordotonal_organ_neuron,position,,,acetylcholine,acetylcholine,True,left_metathoracic_leg_nerve,,23707,banc_meta,population-level modality from literature; exact-root direction and thresholds unknown
720575941552566043,LH,femurTibia,claw,SNpp50,left,position,hind_leg_claw_chordotonal_organ_neuron,position,,,acetylcholine,acetylcholine,True,left_metathoracic_leg_nerve,,24533,banc_meta,population-level modality from literature; exact-root direction and thresholds unknown
720575941553736731,LH,femurTibia,claw,SNpp50,left,position,hind_leg_claw_chordotonal_organ_neuron,position,,,acetylcholine,acetylcholine,True,left_metathoracic_leg_nerve,,23104,banc_meta,population-level modality from literature; exact-root direction and thresholds unknown
720575941555175169,LH,femurTibia,claw,SNpp41,left,position,hind_leg_claw_chordotonal_organ_neuron,position,,,acetylcholine,gaba,True,left_metathoracic_leg_nerve,,22352,banc_meta,population-level modality from literature; exact-root direction and thresholds unknown
720575941560641262,LH,femurTibia,claw,SNpp41,left,position,hind_leg_claw_chordotonal_organ_neuron,position,,,acetylcholine,acetylcholine,True,left_metathoracic_leg_nerve,,24632,banc_meta,population-level modality from literature; exact-root direction and thresholds unknown
720575941564054935,LH,femurTibia,claw,SNpp50,left,position,hind_leg_claw_chordotonal_organ_neuron,position,,,acetylcholine,acetylcholine,True,left_metathoracic_leg_nerve,,22206,banc_meta,population-level modality from literature; exact-root direction and thresholds unknown
720575941577762137,LH,femurTibia,claw,SNpp50,left,position,hind_leg_claw_chordotonal_organ_neuron,position,,,acetylcholine,acetylcholine,True,left_metathoracic_leg_nerve,,23707,banc_meta,population-level modality from literature; exact-root direction and thresholds unknown
720575941579639633,LH,femurTibia,claw,SNpp50,left,position,hind_leg_claw_chordotonal_organ_neuron,position,,,acetylcholine,acetylcholine,True,left_metathoracic_leg_nerve,,24839,banc_meta,population-level modality from literature; exact-root direction and thresholds unknown
720575941593897942,LH,femurTibia,claw,SNpp50,left,position,hind_leg_claw_chordotonal_organ_neuron,position,,,acetylcholine,acetylcholine,True,left_metathoracic_leg_nerve,,26124,banc_meta,population-level modality from literature; exact-root direction and thresholds unknown
720575941597425564,LH,femurTibia,claw,SNpp50,left,position,hind_leg_claw_chordotonal_organ_neuron,position,,,acetylcholine,acetylcholine,True,left_metathoracic_leg_nerve,,25000,banc_meta,population-level modality from literature; exact-root direction and thresholds unknown
720575941597740480,LH,femurTibia,claw,SNpp50,left,position,hind_leg_claw_chordotonal_organ_neuron,position,,,acetylcholine,acetylcholine,True,left_metathoracic_leg_nerve,,23707,banc_meta,population-level modality from literature; exact-root direction and thresholds unknown
720575941599289244,LH,femurTibia,claw,SNpp39,left,position,hind_leg_claw_chordotonal_organ_neuron,position,,,acetylcholine,acetylcholine,True,left_metathoracic_leg_nerve,,26110,banc_meta,population-level modality from literature; exact-root direction and thresholds unknown
720575941602836409,LH,femurTibia,claw,SNpp50,left,position,hind_leg_claw_chordotonal_organ_neuron,position,,,acetylcholine,acetylcholine,True,left_metathoracic_leg_nerve,,23707,banc_meta,population-level modality from literature; exact-root direction and thresholds unknown
720575941610808906,LH,femurTibia,claw,SNpp51,left,position,hind_leg_claw_chordotonal_organ_neuron,position,,,acetylcholine,acetylcholine,True,left_metathoracic_leg_nerve,,23178,banc_meta,population-level modality from literature; exact-root direction and thresholds unknown
720575941612452838,LH,femurTibia,claw,SNpp41,left,position,hind_leg_claw_chordotonal_organ_neuron,position,,,acetylcholine,acetylcholine,True,left_metathoracic_leg_nerve,,22673,banc_meta,population-level modality from literature; exact-root direction and thresholds unknown
720575941612551132,LH,femurTibia,claw,SNpp50,left,position,hind_leg_claw_chordotonal_organ_neuron,position,,,acetylcholine,acetylcholine,True,left_metathoracic_leg_nerve,,25989,banc_meta,population-level modality from literature; exact-root direction and thresholds unknown
720575941625057125,LH,femurTibia,claw,SNpp50,left,position,hind_leg_claw_chordotonal_organ_neuron,position,,,acetylcholine,acetylcholine,True,left_metathoracic_leg_nerve,,23707,banc_meta,population-level modality from literature; exact-root direction and thresholds unknown
720575941638477173,LH,femurTibia,claw,SNpp51,left,position,hind_leg_claw_chordotonal_organ_neuron,position,,,acetylcholine,acetylcholine,True,left_metathoracic_leg_nerve,,24103,banc_meta,population-level modality from literature; exact-root direction and thresholds unknown
720575941652417236,LH,femurTibia,claw,SNpp39,left,position,hind_leg_claw_chordotonal_organ_neuron,position,,,acetylcholine,acetylcholine,True,left_metathoracic_leg_nerve,,24038,banc_meta,population-level modality from literature; exact-root direction and thresholds unknown
720575941687916251,LH,femurTibia,claw,SNpp50,left,position,hind_leg_claw_chordotonal_organ_neuron,position,,,acetylcholine,acetylcholine,True,left_metathoracic_leg_nerve,,23707,banc_meta,population-level modality from literature; exact-root direction and thresholds unknown
720575941721502522,LH,femurTibia,claw,SNpp55,left,position,hind_leg_claw_chordotonal_organ_neuron,position,,,acetylcholine,acetylcholine,True,left_metathoracic_leg_nerve,,22352,banc_meta,population-level modality from literature; exact-root direction and thresholds unknown
720575941391840918,LH,femurTibia,club,SNpp42,left,vibration_and_bidirectional_motion,hind_leg_club_chordotonal_organ_neuron,vibro_tactile,,,,acetylcholine,True,left_metathoracic_leg_nerve,,24337,banc_meta,population-level modality from literature; exact-root direction and thresholds unknown
720575941392178838,LH,femurTibia,club,SNpp60,left,vibration_and_bidirectional_motion,hind_leg_club_chordotonal_organ_neuron,vibro_tactile,,,acetylcholine,acetylcholine,True,left_metathoracic_leg_nerve,,23607,banc_meta,population-level modality from literature; exact-root direction and thresholds unknown
720575941392197270,LH,femurTibia,club,SNpp47,left,vibration_and_bidirectional_motion,hind_leg_club_chordotonal_organ_neuron,vibro_tactile,,,acetylcholine,acetylcholine,True,left_metathoracic_leg_nerve,,23099,banc_meta,population-level modality from literature; exact-root direction and thresholds unknown
720575941392252310,LH,femurTibia,club,SNpp60,left,vibration_and_bidirectional_motion,hind_leg_club_chordotonal_organ_neuron,vibro_tactile,,,acetylcholine,acetylcholine,True,left_metathoracic_leg_nerve,,23607,banc_meta,population-level modality from literature; exact-root direction and thresholds unknown
720575941400265763,LH,femurTibia,club,SNpp58,left,vibration_and_bidirectional_motion,hind_leg_club_chordotonal_organ_neuron,vibro_tactile,,,acetylcholine,acetylcholine,True,left_metathoracic_leg_nerve,,23099,banc_meta,population-level modality from literature; exact-root direction and thresholds unknown
720575941430295288,LH,femurTibia,club,SNpp43,left,vibration_and_bidirectional_motion,hind_leg_club_chordotonal_organ_neuron,vibro_tactile,,,acetylcholine,acetylcholine,True,left_metathoracic_leg_nerve,,23099,banc_meta,population-level modality from literature; exact-root direction and thresholds unknown
720575941430711689,LH,femurTibia,club,SNpp58,left,vibration_and_bidirectional_motion,hind_leg_club_chordotonal_organ_neuron,vibro_tactile,,,acetylcholine,acetylcholine,True,left_metathoracic_leg_nerve,,23607,banc_meta,population-level modality from literature; exact-root direction and thresholds unknown
720575941434494350,LH,femurTibia,club,SNpp60,left,vibration_and_bidirectional_motion,hind_leg_club_chordotonal_organ_neuron,vibro_tactile,,,acetylcholine,acetylcholine,True,left_metathoracic_leg_nerve,,22495,banc_meta,population-level modality from literature; exact-root direction and thresholds unknown
720575941438262101,LH,femurTibia,club,SNpp42,left,vibration_and_bidirectional_motion,hind_leg_club_chordotonal_organ_neuron,vibro_tactile,,,,acetylcholine,True,left_metathoracic_leg_nerve,,4658,banc_meta,population-level modality from literature; exact-root direction and thresholds unknown
720575941439299413,LH,femurTibia,club,SNpp60,left,vibration_and_bidirectional_motion,hind_leg_club_chordotonal_organ_neuron,vibro_tactile,,,acetylcholine,acetylcholine,True,left_metathoracic_leg_nerve,,22495,banc_meta,population-level modality from literature; exact-root direction and thresholds unknown
720575941439310303,LH,femurTibia,club,SApp23,left,vibration_and_bidirectional_motion,hind_leg_club_chordotonal_organ_neuron,vibro_tactile,,,acetylcholine,acetylcholine,True,left_metathoracic_leg_nerve,,4772,banc_meta,population-level modality from literature; exact-root direction and thresholds unknown
720575941450753658,LH,femurTibia,club,SNpp60,left,vibration_and_bidirectional_motion,hind_leg_club_chordotonal_organ_neuron,vibro_tactile,,,acetylcholine,acetylcholine,True,left_metathoracic_leg_nerve,,22495,banc_meta,population-level modality from literature; exact-root direction and thresholds unknown
720575941455434477,LH,femurTibia,club,SNpp47,left,vibration_and_bidirectional_motion,hind_leg_club_chordotonal_organ_neuron,vibro_tactile,,,acetylcholine,gaba,True,left_metathoracic_leg_nerve,,25686,banc_meta,population-level modality from literature; exact-root direction and thresholds unknown
720575941465967894,LH,femurTibia,club,SNpp59,left,vibration_and_bidirectional_motion,hind_leg_club_chordotonal_organ_neuron,vibro_tactile,,,acetylcholine,acetylcholine,True,left_metathoracic_leg_nerve,,23099,banc_meta,population-level modality from literature; exact-root direction and thresholds unknown
720575941470247744,LH,femurTibia,club,SNpp56,left,vibration_and_bidirectional_motion,hind_leg_club_chordotonal_organ_neuron,vibro_tactile,,,acetylcholine,gaba,True,left_metathoracic_leg_nerve,,21100,banc_meta,population-level modality from literature; exact-root direction and thresholds unknown
720575941476260916,LH,femurTibia,club,SNpp58,left,vibration_and_bidirectional_motion,hind_leg_club_chordotonal_organ_neuron,vibro_tactile,,,acetylcholine,acetylcholine,True,left_metathoracic_leg_nerve,,23607,banc_meta,population-level modality from literature; exact-root direction and thresholds unknown
720575941479883599,LH,femurTibia,club,SNpp47,left,vibration_and_bidirectional_motion,hind_leg_club_chordotonal_organ_neuron,vibro_tactile,,,acetylcholine,acetylcholine,True,left_metathoracic_leg_nerve,,23448,banc_meta,population-level modality from literature; exact-root direction and thresholds unknown
720575941485211533,LH,femurTibia,club,SNpp47,left,vibration_and_bidirectional_motion,hind_leg_club_chordotonal_organ_neuron,vibro_tactile,,,acetylcholine,acetylcholine,True,left_metathoracic_leg_nerve,,23099,banc_meta,population-level modality from literature; exact-root direction and thresholds unknown
720575941504784549,LH,femurTibia,club,SNpp40,left,vibration_and_bidirectional_motion,hind_leg_club_chordotonal_organ_neuron,vibro_tactile,,,acetylcholine,gaba,True,left_metathoracic_leg_nerve,,25686,banc_meta,population-level modality from literature; exact-root direction and thresholds unknown
720575941513665868,LH,femurTibia,club,SNpp40,left,vibration_and_bidirectional_motion,hind_leg_club_chordotonal_organ_neuron,vibro_tactile,,,acetylcholine,acetylcholine,True,left_metathoracic_leg_nerve,,26233,banc_meta,population-level modality from literature; exact-root direction and thresholds unknown
720575941514788867,LH,femurTibia,club,SNpp56,left,vibration_and_bidirectional_motion,hind_leg_club_chordotonal_organ_neuron,vibro_tactile,,,acetylcholine,gaba,True,left_metathoracic_leg_nerve,,21100,banc_meta,population-level modality from literature; exact-root direction and thresholds unknown
720575941518926212,LH,femurTibia,club,SNpp47,left,vibration_and_bidirectional_motion,hind_leg_club_chordotonal_organ_neuron,vibro_tactile,,,acetylcholine,acetylcholine,True,left_metathoracic_leg_nerve,,21952,banc_meta,population-level modality from literature; exact-root direction and thresholds unknown
720575941519676036,LH,femurTibia,club,SNpp47,left,vibration_and_bidirectional_motion,hind_leg_club_chordotonal_organ_neuron,vibro_tactile,,,acetylcholine,gaba,True,left_metathoracic_leg_nerve,,24533,banc_meta,population-level modality from literature; exact-root direction and thresholds unknown
720575941523231563,LH,femurTibia,club,SNpp40,left,vibration_and_bidirectional_motion,hind_leg_club_chordotonal_organ_neuron,vibro_tactile,,,acetylcholine,acetylcholine,True,left_metathoracic_leg_nerve,,23099,banc_meta,population-level modality from literature; exact-root direction and thresholds unknown
720575941527843512,LH,femurTibia,club,SNpp42,left,vibration_and_bidirectional_motion,hind_leg_club_chordotonal_organ_neuron,vibro_tactile,,,,acetylcholine,True,left_metathoracic_leg_nerve,4654,4654,banc_meta,population-level modality from literature; exact-root direction and thresholds unknown
720575941530245579,LH,femurTibia,club,SNpp60,left,vibration_and_bidirectional_motion,hind_leg_club_chordotonal_organ_neuron,vibro_tactile,,,acetylcholine,acetylcholine,True,left_metathoracic_leg_nerve,,23607,banc_meta,population-level modality from literature; exact-root direction and thresholds unknown
720575941533239701,LH,femurTibia,club,SNpp60,left,vibration_and_bidirectional_motion,hind_leg_club_chordotonal_organ_neuron,vibro_tactile,,,acetylcholine,acetylcholine,True,left_metathoracic_leg_nerve,,22673,banc_meta,population-level modality from literature; exact-root direction and thresholds unknown
720575941534227178,LH,femurTibia,club,SNpp60,left,vibration_and_bidirectional_motion,hind_leg_club_chordotonal_organ_neuron,vibro_tactile,,,acetylcholine,acetylcholine,True,left_metathoracic_leg_nerve,,23470,banc_meta,population-level modality from literature; exact-root direction and thresholds unknown
720575941535138074,LH,femurTibia,club,SNpp58,left,vibration_and_bidirectional_motion,hind_leg_club_chordotonal_organ_neuron,vibro_tactile,,,acetylcholine,glutamate,True,left_metathoracic_leg_nerve,,23099,banc_meta,population-level modality from literature; exact-root direction and thresholds unknown
720575941535938792,LH,femurTibia,club,SNpp40,left,vibration_and_bidirectional_motion,hind_leg_club_chordotonal_organ_neuron,vibro_tactile,,,acetylcholine,acetylcholine,True,left_metathoracic_leg_nerve,,23099,banc_meta,population-level modality from literature; exact-root direction and thresholds unknown
720575941541986140,LH,femurTibia,club,SNpp60,left,vibration_and_bidirectional_motion,hind_leg_club_chordotonal_organ_neuron,vibro_tactile,,,acetylcholine,acetylcholine,True,left_metathoracic_leg_nerve,,22204,banc_meta,population-level modality from literature; exact-root direction and thresholds unknown
720575941552426497,LH,femurTibia,club,SNpp56,left,vibration_and_bidirectional_motion,hind_leg_club_chordotonal_organ_neuron,vibro_tactile,,,acetylcholine,acetylcholine,True,left_metathoracic_leg_nerve,,22495,banc_meta,population-level modality from literature; exact-root direction and thresholds unknown
720575941563000471,LH,femurTibia,club,SNpp42,left,vibration_and_bidirectional_motion,hind_leg_club_chordotonal_organ_neuron,vibro_tactile,,,,acetylcholine,True,left_metathoracic_leg_nerve,,4658,banc_meta,population-level modality from literature; exact-root direction and thresholds unknown
720575941564567094,LH,femurTibia,club,SNpp60,left,vibration_and_bidirectional_motion,hind_leg_club_chordotonal_organ_neuron,vibro_tactile,,,acetylcholine,acetylcholine,True,left_metathoracic_leg_nerve,,25136,banc_meta,population-level modality from literature; exact-root direction and thresholds unknown
720575941565115190,LH,femurTibia,club,SNpp56,left,vibration_and_bidirectional_motion,hind_leg_club_chordotonal_organ_neuron,vibro_tactile,,,acetylcholine,acetylcholine,True,left_metathoracic_leg_nerve,,4772,banc_meta,population-level modality from literature; exact-root direction and thresholds unknown
720575941566179382,LH,femurTibia,club,SNpp47,left,vibration_and_bidirectional_motion,hind_leg_club_chordotonal_organ_neuron,vibro_tactile,,,acetylcholine,acetylcholine,True,left_metathoracic_leg_nerve,,22126,banc_meta,population-level modality from literature; exact-root direction and thresholds unknown
720575941568455418,LH,femurTibia,club,SNpp59,left,vibration_and_bidirectional_motion,hind_leg_club_chordotonal_organ_neuron,vibro_tactile,,,acetylcholine,acetylcholine,True,left_metathoracic_leg_nerve,,22495,banc_meta,population-level modality from literature; exact-root direction and thresholds unknown
720575941578924533,LH,femurTibia,club,SNpp60,left,vibration_and_bidirectional_motion,hind_leg_club_chordotonal_organ_neuron,vibro_tactile,,,acetylcholine,acetylcholine,True,left_metathoracic_leg_nerve,,23731,banc_meta,population-level modality from literature; exact-root direction and thresholds unknown
720575941589293394,LH,femurTibia,club,SNpp60,left,vibration_and_bidirectional_motion,hind_leg_club_chordotonal_organ_neuron,vibro_tactile,,,acetylcholine,acetylcholine,True,left_metathoracic_leg_nerve,,22495,banc_meta,population-level modality from literature; exact-root direction and thresholds unknown
720575941589669714,LH,femurTibia,club,SNpp60,left,vibration_and_bidirectional_motion,hind_leg_club_chordotonal_organ_neuron,vibro_tactile,,,acetylcholine,acetylcholine,True,left_metathoracic_leg_nerve,,23607,banc_meta,population-level modality from literature; exact-root direction and thresholds unknown
720575941589671506,LH,femurTibia,club,SNpp60,left,vibration_and_bidirectional_motion,hind_leg_club_chordotonal_organ_neuron,vibro_tactile,,,acetylcholine,acetylcholine,True,left_metathoracic_leg_nerve,,22495,banc_meta,population-level modality from literature; exact-root direction and thresholds unknown
720575941591449896,LH,femurTibia,club,SNpp60,left,vibration_and_bidirectional_motion,hind_leg_club_chordotonal_organ_neuron,vibro_tactile,,,acetylcholine,acetylcholine,True,left_metathoracic_leg_nerve,,22495,banc_meta,population-level modality from literature; exact-root direction and thresholds unknown
720575941591662376,LH,femurTibia,club,SNpp47,left,vibration_and_bidirectional_motion,hind_leg_club_chordotonal_organ_neuron,vibro_tactile,,,acetylcholine,acetylcholine,True,left_metathoracic_leg_nerve,,23607,banc_meta,population-level modality from literature; exact-root direction and thresholds unknown
720575941594356517,LH,femurTibia,club,SNpp60,left,vibration_and_bidirectional_motion,hind_leg_club_chordotonal_organ_neuron,vibro_tactile,,,acetylcholine,acetylcholine,True,left_metathoracic_leg_nerve,,25136,banc_meta,population-level modality from literature; exact-root direction and thresholds unknown
720575941599520702,LH,femurTibia,club,SNpp56,left,vibration_and_bidirectional_motion,hind_leg_club_chordotonal_organ_neuron,vibro_tactile,,,acetylcholine,acetylcholine,True,left_metathoracic_leg_nerve,,4694,banc_meta,population-level modality from literature; exact-root direction and thresholds unknown
720575941606852461,LH,femurTibia,club,SNpp46,left,vibration_and_bidirectional_motion,hind_leg_club_chordotonal_organ_neuron,vibro_tactile,,,,acetylcholine,True,left_metathoracic_leg_nerve,4654,4654,banc_meta,population-level modality from literature; exact-root direction and thresholds unknown
720575941610243146,LH,femurTibia,club,SNpp60,left,vibration_and_bidirectional_motion,hind_leg_club_chordotonal_organ_neuron,vibro_tactile,,,acetylcholine,acetylcholine,True,left_metathoracic_leg_nerve,,23607,banc_meta,population-level modality from literature; exact-root direction and thresholds unknown
720575941611783388,LH,femurTibia,club,SNpp56,left,vibration_and_bidirectional_motion,hind_leg_club_chordotonal_organ_neuron,vibro_tactile,,,acetylcholine,acetylcholine,True,left_metathoracic_leg_nerve,,21930,banc_meta,population-level modality from literature; exact-root direction and thresholds unknown
720575941612348380,LH,femurTibia,club,SNpp56,left,vibration_and_bidirectional_motion,hind_leg_club_chordotonal_organ_neuron,vibro_tactile,,,acetylcholine,acetylcholine,True,left_metathoracic_leg_nerve,,22495,banc_meta,population-level modality from literature; exact-root direction and thresholds unknown
720575941626469322,LH,femurTibia,club,SNpp60,left,vibration_and_bidirectional_motion,hind_leg_club_chordotonal_organ_neuron,vibro_tactile,,,acetylcholine,acetylcholine,False,left_metathoracic_leg_nerve,4654,26253,banc_meta,population-level modality from literature; exact-root direction and thresholds unknown
720575941628897574,LH,femurTibia,club,SNpp43,left,vibration_and_bidirectional_motion,hind_leg_club_chordotonal_organ_neuron,vibro_tactile,,,acetylcholine,acetylcholine,True,left_metathoracic_leg_nerve,,23913,banc_meta,population-level modality from literature; exact-root direction and thresholds unknown
720575941644431560,LH,femurTibia,club,SNpp60,left,vibration_and_bidirectional_motion,hind_leg_club_chordotonal_organ_neuron,vibro_tactile,,,acetylcholine,acetylcholine,True,left_metathoracic_leg_nerve,,22495,banc_meta,population-level modality from literature; exact-root direction and thresholds unknown
720575941657313048,LH,femurTibia,club,SNpp56,left,vibration_and_bidirectional_motion,hind_leg_club_chordotonal_organ_neuron,vibro_tactile,,,acetylcholine,gaba,True,left_metathoracic_leg_nerve,,22495,banc_meta,population-level modality from literature; exact-root direction and thresholds unknown
720575941669802929,LH,femurTibia,club,SNpp60,left,vibration_and_bidirectional_motion,hind_leg_club_chordotonal_organ_neuron,vibro_tactile,,,acetylcholine,acetylcholine,True,left_metathoracic_leg_nerve,,22027,banc_meta,population-level modality from literature; exact-root direction and thresholds unknown
720575941413438356,LH,femurTibia,hook,SNpp41,left,direction,hind_leg_hook_chordotonal_organ_neuron,direction,,,acetylcholine,acetylcholine,True,left_metathoracic_leg_nerve,,22640,banc_meta,population-level modality from literature; exact-root direction and thresholds unknown
720575941434027662,LH,femurTibia,hook,SNpp39,left,direction,hind_leg_hook_chordotonal_organ_neuron,direction,,,acetylcholine,acetylcholine,True,left_metathoracic_leg_nerve,,22352,banc_meta,population-level modality from literature; exact-root direction and thresholds unknown
720575941448973134,LH,femurTibia,hook,SNpp41,left,direction,hind_leg_hook_chordotonal_organ_neuron,direction,,,acetylcholine,gaba,True,left_metathoracic_leg_nerve,,25686,banc_meta,population-level modality from literature; exact-root direction and thresholds unknown
720575941462371085,LH,femurTibia,hook,SNpp41,left,direction,hind_leg_hook_chordotonal_organ_neuron,direction,,,acetylcholine,acetylcholine,True,left_metathoracic_leg_nerve,,22352,banc_meta,population-level modality from literature; exact-root direction and thresholds unknown
720575941469229021,LH,femurTibia,hook,SNpp41,left,direction,hind_leg_hook_chordotonal_organ_neuron,direction,,,acetylcholine,acetylcholine,True,left_metathoracic_leg_nerve,,24640,banc_meta,population-level modality from literature; exact-root direction and thresholds unknown
720575941472970592,LH,femurTibia,hook,SNpp41,left,direction,hind_leg_hook_chordotonal_organ_neuron,direction,,,acetylcholine,gaba,True,left_metathoracic_leg_nerve,,22352,banc_meta,population-level modality from literature; exact-root direction and thresholds unknown
720575941478532929,LH,femurTibia,hook,SNpp39,left,direction,hind_leg_hook_chordotonal_organ_neuron,direction,,,acetylcholine,acetylcholine,True,left_metathoracic_leg_nerve,,23981,banc_meta,population-level modality from literature; exact-root direction and thresholds unknown
720575941484179130,LH,femurTibia,hook,SNpp39,left,direction,hind_leg_hook_chordotonal_organ_neuron,direction,,,acetylcholine,acetylcholine,True,left_metathoracic_leg_nerve,,24038,banc_meta,population-level modality from literature; exact-root direction and thresholds unknown
720575941503646514,LH,femurTibia,hook,SNpp41,left,direction,hind_leg_hook_chordotonal_organ_neuron,direction,,,acetylcholine,acetylcholine,True,left_metathoracic_leg_nerve,,24038,banc_meta,population-level modality from literature; exact-root direction and thresholds unknown
720575941527675524,LH,femurTibia,hook,SNpp41,left,direction,hind_leg_hook_chordotonal_organ_neuron,direction,,,acetylcholine,gaba,True,left_metathoracic_leg_nerve,,23698,banc_meta,population-level modality from literature; exact-root direction and thresholds unknown
720575941530214020,LH,femurTibia,hook,SNpp41,left,direction,hind_leg_hook_chordotonal_organ_neuron,direction,,,acetylcholine,gaba,True,left_metathoracic_leg_nerve,,13581,banc_meta,population-level modality from literature; exact-root direction and thresholds unknown
720575941539067285,LH,femurTibia,hook,SNpp41,left,direction,hind_leg_hook_chordotonal_organ_neuron,direction,,,acetylcholine,acetylcholine,True,left_metathoracic_leg_nerve,,24963,banc_meta,population-level modality from literature; exact-root direction and thresholds unknown
720575941547889697,LH,femurTibia,hook,SNpp41,left,direction,hind_leg_hook_chordotonal_organ_neuron,direction,,,acetylcholine,acetylcholine,True,left_metathoracic_leg_nerve,,24038,banc_meta,population-level modality from literature; exact-root direction and thresholds unknown
720575941556978340,LH,femurTibia,hook,SNpp52,left,direction,hind_leg_hook_chordotonal_organ_neuron,direction,,,acetylcholine,acetylcholine,True,left_metathoracic_leg_nerve,,22352,banc_meta,population-level modality from literature; exact-root direction and thresholds unknown
720575941561156590,LH,femurTibia,hook,SNpp39,left,direction,hind_leg_hook_chordotonal_organ_neuron,direction,,,acetylcholine,acetylcholine,True,left_metathoracic_leg_nerve,,21524,banc_meta,population-level modality from literature; exact-root direction and thresholds unknown
720575941587147486,LH,femurTibia,hook,SNpp39,left,direction,hind_leg_hook_chordotonal_organ_neuron,direction,,,acetylcholine,acetylcholine,True,left_metathoracic_leg_nerve,,25856,banc_meta,population-level modality from literature; exact-root direction and thresholds unknown
720575941612327644,LH,femurTibia,hook,SNpp41,left,direction,hind_leg_hook_chordotonal_organ_neuron,direction,,,acetylcholine,acetylcholine,True,left_metathoracic_leg_nerve,,24038,banc_meta,population-level modality from literature; exact-root direction and thresholds unknown
720575941612723629,LH,femurTibia,hook,SNpp39,left,direction,hind_leg_hook_chordotonal_organ_neuron,direction,,,acetylcholine,acetylcholine,True,left_metathoracic_leg_nerve,,25064,banc_meta,population-level modality from literature; exact-root direction and thresholds unknown
720575941612742573,LH,femurTibia,hook,SNpp39,left,direction,hind_leg_hook_chordotonal_organ_neuron,direction,,,acetylcholine,acetylcholine,True,left_metathoracic_leg_nerve,,24038,banc_meta,population-level modality from literature; exact-root direction and thresholds unknown
720575941632678892,LH,femurTibia,hook,SNpp39,left,direction,hind_leg_hook_chordotonal_organ_neuron,direction,,,acetylcholine,acetylcholine,True,left_metathoracic_leg_nerve,,25233,banc_meta,population-level modality from literature; exact-root direction and thresholds unknown
720575941687813238,LH,femurTibia,hook,SNpp39,left,direction,hind_leg_hook_chordotonal_organ_neuron,direction,,,acetylcholine,gaba,True,left_metathoracic_leg_nerve,,22352,banc_meta,population-level modality from literature; exact-root direction and thresholds unknown
720575941722170170,LH,femurTibia,hook,SNpp41,left,direction,hind_leg_hook_chordotonal_organ_neuron,direction,,,acetylcholine,acetylcholine,True,left_metathoracic_leg_nerve,,24038,banc_meta,population-level modality from literature; exact-root direction and thresholds unknown
720575941405772656,LM,femurTibia,claw,SNpp50,left,position,middle_leg_claw_chordotonal_organ_neuron,position,,,acetylcholine,acetylcholine,True,left_mesothoracic_leg_nerve,,18591,banc_meta,population-level modality from literature; exact-root direction and thresholds unknown
720575941415737492,LM,femurTibia,claw,SNpp50,left,position,middle_leg_claw_chordotonal_organ_neuron,position,,,acetylcholine,acetylcholine,True,left_mesothoracic_leg_nerve,,17194,banc_meta,population-level modality from literature; exact-root direction and thresholds unknown
720575941432165295,LM,femurTibia,claw,SNpp39,left,position,middle_leg_claw_chordotonal_organ_neuron,position,,,acetylcholine,acetylcholine,True,left_mesothoracic_leg_nerve,,17959,banc_meta,population-level modality from literature; exact-root direction and thresholds unknown
720575941434096910,LM,femurTibia,claw,SNpp50,left,position,middle_leg_claw_chordotonal_organ_neuron,position,,,acetylcholine,acetylcholine,True,left_mesothoracic_leg_nerve,,18115,banc_meta,population-level modality from literature; exact-root direction and thresholds unknown
720575941435754002,LM,femurTibia,claw,SNpp50,left,position,middle_leg_claw_chordotonal_organ_neuron,position,,,acetylcholine,acetylcholine,True,left_mesothoracic_leg_nerve,,3454,banc_meta,population-level modality from literature; exact-root direction and thresholds unknown
720575941447000757,LM,femurTibia,claw,SNpp50,left,position,middle_leg_claw_chordotonal_organ_neuron,position,,,acetylcholine,acetylcholine,True,left_mesothoracic_leg_nerve,,3846,banc_meta,population-level modality from literature; exact-root direction and thresholds unknown
720575941451761998,LM,femurTibia,claw,SNpp39,left,position,middle_leg_claw_chordotonal_organ_neuron,position,,,acetylcholine,acetylcholine,True,left_mesothoracic_leg_nerve,,21599,banc_meta,population-level modality from literature; exact-root direction and thresholds unknown
720575941459002015,LM,femurTibia,claw,SNpp50,left,position,middle_leg_claw_chordotonal_organ_neuron,position,,,acetylcholine,acetylcholine,True,left_mesothoracic_leg_nerve,,18241,banc_meta,population-level modality from literature; exact-root direction and thresholds unknown
720575941473362016,LM,femurTibia,claw,SNpp50,left,position,middle_leg_claw_chordotonal_organ_neuron,position,,,acetylcholine,acetylcholine,True,left_mesothoracic_leg_nerve,,3552,banc_meta,population-level modality from literature; exact-root direction and thresholds unknown
720575941473807200,LM,femurTibia,claw,SNpp50,left,position,middle_leg_claw_chordotonal_organ_neuron,position,,,acetylcholine,acetylcholine,True,left_mesothoracic_leg_nerve,,21389,banc_meta,population-level modality from literature; exact-root direction and thresholds unknown
720575941479198432,LM,femurTibia,claw,SNpp50,left,position,middle_leg_claw_chordotonal_organ_neuron,position,,,acetylcholine,acetylcholine,True,left_mesothoracic_leg_nerve,,3840,banc_meta,population-level modality from literature; exact-root direction and thresholds unknown
720575941480508802,LM,femurTibia,claw,SNpp51,left,position,middle_leg_claw_chordotonal_organ_neuron,position,,,acetylcholine,acetylcholine,True,left_mesothoracic_leg_nerve,,20219,banc_meta,population-level modality from literature; exact-root direction and thresholds unknown
720575941495205063,LM,femurTibia,claw,SNpp50,left,position,middle_leg_claw_chordotonal_organ_neuron,position,,,acetylcholine,acetylcholine,True,left_mesothoracic_leg_nerve,,3840,banc_meta,population-level modality from literature; exact-root direction and thresholds unknown
720575941496633472,LM,femurTibia,claw,SNpp51,left,position,middle_leg_claw_chordotonal_organ_neuron,position,,,acetylcholine,acetylcholine,True,left_mesothoracic_leg_nerve,,19010,banc_meta,population-level modality from literature; exact-root direction and thresholds unknown
720575941499269794,LM,femurTibia,claw,SNpp51,left,position,middle_leg_claw_chordotonal_organ_neuron,position,,,acetylcholine,acetylcholine,True,left_mesothoracic_leg_nerve,,3840,banc_meta,population-level modality from literature; exact-root direction and thresholds unknown
720575941499569633,LM,femurTibia,claw,SNpp50,left,position,middle_leg_claw_chordotonal_organ_neuron,position,,,acetylcholine,acetylcholine,True,left_mesothoracic_leg_nerve,,19938,banc_meta,population-level modality from literature; exact-root direction and thresholds unknown
720575941500313161,LM,femurTibia,claw,SNpp39,left,position,middle_leg_claw_chordotonal_organ_neuron,position,,,acetylcholine,acetylcholine,True,left_mesothoracic_leg_nerve,,18245,banc_meta,population-level modality from literature; exact-root direction and thresholds unknown
720575941508280645,LM,femurTibia,claw,SNpp50,left,position,middle_leg_claw_chordotonal_organ_neuron,position,,,acetylcholine,acetylcholine,True,left_mesothoracic_leg_nerve,,21701,banc_meta,population-level modality from literature; exact-root direction and thresholds unknown
720575941516720643,LM,femurTibia,claw,SNpp51,left,position,middle_leg_claw_chordotonal_organ_neuron,position,,,acetylcholine,acetylcholine,True,left_mesothoracic_leg_nerve,,3840,banc_meta,population-level modality from literature; exact-root direction and thresholds unknown
720575941527750733,LM,femurTibia,claw,SNpp39,left,position,middle_leg_claw_chordotonal_organ_neuron,position,,,acetylcholine,acetylcholine,True,left_mesothoracic_leg_nerve,,12799,banc_meta,population-level modality from literature; exact-root direction and thresholds unknown
720575941527856228,LM,femurTibia,claw,SNpp39,left,position,middle_leg_claw_chordotonal_organ_neuron,position,,,acetylcholine,acetylcholine,True,left_mesothoracic_leg_nerve,,18690,banc_meta,population-level modality from literature; exact-root direction and thresholds unknown
720575941537680410,LM,femurTibia,claw,SNpp51,left,position,middle_leg_claw_chordotonal_organ_neuron,position,,,acetylcholine,acetylcholine,True,left_mesothoracic_leg_nerve,,18668,banc_meta,population-level modality from literature; exact-root direction and thresholds unknown
720575941545469801,LM,femurTibia,claw,SNpp50,left,position,middle_leg_claw_chordotonal_organ_neuron,position,,,acetylcholine,acetylcholine,True,left_mesothoracic_leg_nerve,,18241,banc_meta,population-level modality from literature; exact-root direction and thresholds unknown
720575941545484137,LM,femurTibia,claw,SNpp50,left,position,middle_leg_claw_chordotonal_organ_neuron,position,,,acetylcholine,acetylcholine,True,left_mesothoracic_leg_nerve,,20368,banc_meta,population-level modality from literature; exact-root direction and thresholds unknown
720575941546713971,LM,femurTibia,claw,SNpp50,left,position,middle_leg_claw_chordotonal_organ_neuron,position,,,acetylcholine,acetylcholine,True,left_mesothoracic_leg_nerve,,3840,banc_meta,population-level modality from literature; exact-root direction and thresholds unknown
720575941550689396,LM,femurTibia,claw,SNpp39,left,position,middle_leg_claw_chordotonal_organ_neuron,position,,,acetylcholine,acetylcholine,True,left_mesothoracic_leg_nerve,,20645,banc_meta,population-level modality from literature; exact-root direction and thresholds unknown
720575941554596743,LM,femurTibia,claw,SNpp39,left,position,middle_leg_claw_chordotonal_organ_neuron,position,,,acetylcholine,acetylcholine,True,left_mesothoracic_leg_nerve,,21365,banc_meta,population-level modality from literature; exact-root direction and thresholds unknown
720575941560640783,LM,femurTibia,claw,SNpp51,left,position,middle_leg_claw_chordotonal_organ_neuron,position,,,acetylcholine,acetylcholine,True,left_mesothoracic_leg_nerve,,18300,banc_meta,population-level modality from literature; exact-root direction and thresholds unknown
720575941563934632,LM,femurTibia,claw,SNpp51,left,position,middle_leg_claw_chordotonal_organ_neuron,position,,,acetylcholine,acetylcholine,True,left_mesothoracic_leg_nerve,,21701,banc_meta,population-level modality from literature; exact-root direction and thresholds unknown
720575941580712825,LM,femurTibia,claw,SNpp51,left,position,middle_leg_claw_chordotonal_organ_neuron,position,,,acetylcholine,acetylcholine,True,left_mesothoracic_leg_nerve,,3840,banc_meta,population-level modality from literature; exact-root direction and thresholds unknown
720575941591137079,LM,femurTibia,claw,SNpp50,left,position,middle_leg_claw_chordotonal_organ_neuron,position,,,acetylcholine,acetylcholine,True,left_mesothoracic_leg_nerve,,17567,banc_meta,population-level modality from literature; exact-root direction and thresholds unknown
720575941606642541,LM,femurTibia,claw,SNpp50,left,position,middle_leg_claw_chordotonal_organ_neuron,position,,,acetylcholine,acetylcholine,True,left_mesothoracic_leg_nerve,,3840,banc_meta,population-level modality from literature; exact-root direction and thresholds unknown
720575941623155196,LM,femurTibia,claw,SNpp51,left,position,middle_leg_claw_chordotonal_organ_neuron,position,,,acetylcholine,acetylcholine,True,left_mesothoracic_leg_nerve,,3840,banc_meta,population-level modality from literature; exact-root direction and thresholds unknown
720575941654673681,LM,femurTibia,claw,SNpp39,left,position,middle_leg_claw_chordotonal_organ_neuron,position,,,acetylcholine,acetylcholine,True,left_mesothoracic_leg_nerve,,4171,banc_meta,population-level modality from literature; exact-root direction and thresholds unknown
720575941413887260,LM,femurTibia,club,SNpp58,left,vibration_and_bidirectional_motion,middle_leg_club_chordotonal_organ_neuron,vibro_tactile,,,acetylcholine,acetylcholine,True,left_mesothoracic_leg_nerve,,20452,banc_meta,population-level modality from literature; exact-root direction and thresholds unknown
720575941431794391,LM,femurTibia,club,SNpp47,left,vibration_and_bidirectional_motion,middle_leg_club_chordotonal_organ_neuron,vibro_tactile,,,acetylcholine,acetylcholine,True,left_mesothoracic_leg_nerve,,4085,banc_meta,population-level modality from literature; exact-root direction and thresholds unknown
720575941435984160,LM,femurTibia,club,SNpp58,left,vibration_and_bidirectional_motion,middle_leg_club_chordotonal_organ_neuron,vibro_tactile,,,acetylcholine,acetylcholine,True,left_mesothoracic_leg_nerve,,3862,banc_meta,population-level modality from literature; exact-root direction and thresholds unknown
720575941440447935,LM,femurTibia,club,SNpp47,left,vibration_and_bidirectional_motion,middle_leg_club_chordotonal_organ_neuron,vibro_tactile,,,acetylcholine,acetylcholine,True,left_mesothoracic_leg_nerve,,4122,banc_meta,population-level modality from literature; exact-root direction and thresholds unknown
720575941440568155,LM,femurTibia,club,SNpp40,left,vibration_and_bidirectional_motion,middle_leg_club_chordotonal_organ_neuron,vibro_tactile,,,acetylcholine,acetylcholine,True,left_mesothoracic_leg_nerve,,3862,banc_meta,population-level modality from literature; exact-root direction and thresholds unknown
720575941460114884,LM,femurTibia,club,SNpp60,left,vibration_and_bidirectional_motion,middle_leg_club_chordotonal_organ_neuron,vibro_tactile,,,acetylcholine,acetylcholine,True,left_mesothoracic_leg_nerve,,4140,banc_meta,population-level modality from literature; exact-root direction and thresholds unknown
720575941462708237,LM,femurTibia,club,SNpp47,left,vibration_and_bidirectional_motion,middle_leg_club_chordotonal_organ_neuron,vibro_tactile,,,acetylcholine,acetylcholine,True,left_mesothoracic_leg_nerve,,4122,banc_meta,population-level modality from literature; exact-root direction and thresholds unknown
720575941464959245,LM,femurTibia,club,SNpp40,left,vibration_and_bidirectional_motion,middle_leg_club_chordotonal_organ_neuron,vibro_tactile,,,acetylcholine,acetylcholine,True,left_mesothoracic_leg_nerve,,18425,banc_meta,population-level modality from literature; exact-root direction and thresholds unknown
720575941479283936,LM,femurTibia,club,SNpp57,left,vibration_and_bidirectional_motion,middle_leg_club_chordotonal_organ_neuron,vibro_tactile,,,acetylcholine,acetylcholine,True,left_mesothoracic_leg_nerve,,4132,banc_meta,population-level modality from literature; exact-root direction and thresholds unknown
720575941482153926,LM,femurTibia,club,SNpp57,left,vibration_and_bidirectional_motion,middle_leg_club_chordotonal_organ_neuron,vibro_tactile,,,acetylcholine,acetylcholine,True,left_mesothoracic_leg_nerve,,4132,banc_meta,population-level modality from literature; exact-root direction and thresholds unknown
720575941485737478,LM,femurTibia,club,SNpp58,left,vibration_and_bidirectional_motion,middle_leg_club_chordotonal_organ_neuron,vibro_tactile,,,acetylcholine,acetylcholine,True,left_mesothoracic_leg_nerve,,20452,banc_meta,population-level modality from literature; exact-root direction and thresholds unknown
720575941495086791,LM,femurTibia,club,SNpp59,left,vibration_and_bidirectional_motion,middle_leg_club_chordotonal_organ_neuron,vibro_tactile,,,acetylcholine,acetylcholine,True,left_mesothoracic_leg_nerve,,4060,banc_meta,population-level modality from literature; exact-root direction and thresholds unknown
720575941495194567,LM,femurTibia,club,SNpp60,left,vibration_and_bidirectional_motion,middle_leg_club_chordotonal_organ_neuron,vibro_tactile,,,acetylcholine,acetylcholine,True,left_mesothoracic_leg_nerve,,4140,banc_meta,population-level modality from literature; exact-root direction and thresholds unknown
720575941516862051,LM,femurTibia,club,SNpp51,left,vibration_and_bidirectional_motion,middle_leg_club_chordotonal_organ_neuron,vibro_tactile,,,acetylcholine,acetylcholine,True,left_mesothoracic_leg_nerve,,17826,banc_meta,population-level modality from literature; exact-root direction and thresholds unknown
720575941518148568,LM,femurTibia,club,SNpp58,left,vibration_and_bidirectional_motion,middle_leg_club_chordotonal_organ_neuron,vibro_tactile,,,acetylcholine,acetylcholine,True,left_mesothoracic_leg_nerve,,20452,banc_meta,population-level modality from literature; exact-root direction and thresholds unknown
720575941518206099,LM,femurTibia,club,SNpp47,left,vibration_and_bidirectional_motion,middle_leg_club_chordotonal_organ_neuron,vibro_tactile,,,acetylcholine,acetylcholine,True,left_mesothoracic_leg_nerve,,17680,banc_meta,population-level modality from literature; exact-root direction and thresholds unknown
720575941527860301,LM,femurTibia,club,SNpp51,left,vibration_and_bidirectional_motion,middle_leg_club_chordotonal_organ_neuron,vibro_tactile,,,acetylcholine,acetylcholine,True,left_mesothoracic_leg_nerve,,21777,banc_meta,population-level modality from literature; exact-root direction and thresholds unknown
720575941537744100,LM,femurTibia,club,SNpp58,left,vibration_and_bidirectional_motion,middle_leg_club_chordotonal_organ_neuron,vibro_tactile,,,acetylcholine,acetylcholine,True,left_mesothoracic_leg_nerve,,20452,banc_meta,population-level modality from literature; exact-root direction and thresholds unknown
720575941537824740,LM,femurTibia,club,SNpp40,left,vibration_and_bidirectional_motion,middle_leg_club_chordotonal_organ_neuron,vibro_tactile,,,acetylcholine,acetylcholine,True,left_mesothoracic_leg_nerve,,3862,banc_meta,population-level modality from literature; exact-root direction and thresholds unknown
720575941539524324,LM,femurTibia,club,SNpp47,left,vibration_and_bidirectional_motion,middle_leg_club_chordotonal_organ_neuron,vibro_tactile,,,acetylcholine,acetylcholine,True,left_mesothoracic_leg_nerve,,4140,banc_meta,population-level modality from literature; exact-root direction and thresholds unknown
720575941543853853,LM,femurTibia,club,SNpp58,left,vibration_and_bidirectional_motion,middle_leg_club_chordotonal_organ_neuron,vibro_tactile,,,acetylcholine,glutamate,True,left_mesothoracic_leg_nerve,,18139,banc_meta,population-level modality from literature; exact-root direction and thresholds unknown
720575941550880627,LM,femurTibia,club,SNpp58,left,vibration_and_bidirectional_motion,middle_leg_club_chordotonal_organ_neuron,vibro_tactile,,,acetylcholine,acetylcholine,True,left_mesothoracic_leg_nerve,,20452,banc_meta,population-level modality from literature; exact-root direction and thresholds unknown
720575941551124339,LM,femurTibia,club,SNpp60,left,vibration_and_bidirectional_motion,middle_leg_club_chordotonal_organ_neuron,vibro_tactile,,,acetylcholine,acetylcholine,True,left_mesothoracic_leg_nerve,,4140,banc_meta,population-level modality from literature; exact-root direction and thresholds unknown
720575941551124595,LM,femurTibia,club,SNpp57,left,vibration_and_bidirectional_motion,middle_leg_club_chordotonal_organ_neuron,vibro_tactile,,,acetylcholine,acetylcholine,True,left_mesothoracic_leg_nerve,,4140,banc_meta,population-level modality from literature; exact-root direction and thresholds unknown
720575941551125107,LM,femurTibia,club,SNpp60,left,vibration_and_bidirectional_motion,middle_leg_club_chordotonal_organ_neuron,vibro_tactile,,,acetylcholine,acetylcholine,True,left_mesothoracic_leg_nerve,,4085,banc_meta,population-level modality from literature; exact-root direction and thresholds unknown
720575941551256947,LM,femurTibia,club,SNpp56,left,vibration_and_bidirectional_motion,middle_leg_club_chordotonal_organ_neuron,vibro_tactile,,,acetylcholine,acetylcholine,True,left_mesothoracic_leg_nerve,,4060,banc_meta,population-level modality from literature; exact-root direction and thresholds unknown
720575941551257203,LM,femurTibia,club,SNpp57,left,vibration_and_bidirectional_motion,middle_leg_club_chordotonal_organ_neuron,vibro_tactile,,,acetylcholine,acetylcholine,True,left_mesothoracic_leg_nerve,,4154,banc_meta,population-level modality from literature; exact-root direction and thresholds unknown
720575941551323251,LM,femurTibia,club,SNpp60,left,vibration_and_bidirectional_motion,middle_leg_club_chordotonal_organ_neuron,vibro_tactile,,,acetylcholine,acetylcholine,True,left_mesothoracic_leg_nerve,,4140,banc_meta,population-level modality from literature; exact-root direction and thresholds unknown
720575941551475940,LM,femurTibia,club,SNpp47,left,vibration_and_bidirectional_motion,middle_leg_club_chordotonal_organ_neuron,vibro_tactile,,,acetylcholine,acetylcholine,True,left_mesothoracic_leg_nerve,,4085,banc_meta,population-level modality from literature; exact-root direction and thresholds unknown
720575941553139940,LM,femurTibia,club,SNpp47,left,vibration_and_bidirectional_motion,middle_leg_club_chordotonal_organ_neuron,vibro_tactile,,,acetylcholine,acetylcholine,True,left_mesothoracic_leg_nerve,,4051,banc_meta,population-level modality from literature; exact-root direction and thresholds unknown
720575941558461455,LM,femurTibia,club,SNpp47,left,vibration_and_bidirectional_motion,middle_leg_club_chordotonal_organ_neuron,vibro_tactile,,,acetylcholine,acetylcholine,True,left_mesothoracic_leg_nerve,,3936,banc_meta,population-level modality from literature; exact-root direction and thresholds unknown
720575941560552207,LM,femurTibia,club,SNpp40,left,vibration_and_bidirectional_motion,middle_leg_club_chordotonal_organ_neuron,vibro_tactile,,,acetylcholine,acetylcholine,True,left_mesothoracic_leg_nerve,,4029,banc_meta,population-level modality from literature; exact-root direction and thresholds unknown
720575941565157474,LM,femurTibia,club,SNpp58,left,vibration_and_bidirectional_motion,middle_leg_club_chordotonal_organ_neuron,vibro_tactile,,,acetylcholine,acetylcholine,False,left_mesothoracic_leg_nerve,,21133,banc_meta,population-level modality from literature; exact-root direction and thresholds unknown
720575941567040500,LM,femurTibia,club,SNpp58,left,vibration_and_bidirectional_motion,middle_leg_club_chordotonal_organ_neuron,vibro_tactile,,,acetylcholine,acetylcholine,True,left_mesothoracic_leg_nerve,,20452,banc_meta,population-level modality from literature; exact-root direction and thresholds unknown
720575941569799838,LM,femurTibia,club,SNpp47,left,vibration_and_bidirectional_motion,middle_leg_club_chordotonal_organ_neuron,vibro_tactile,,,acetylcholine,acetylcholine,True,left_mesothoracic_leg_nerve,,4122,banc_meta,population-level modality from literature; exact-root direction and thresholds unknown
720575941576575080,LM,femurTibia,club,SNpp58,left,vibration_and_bidirectional_motion,middle_leg_club_chordotonal_organ_neuron,vibro_tactile,,,acetylcholine,acetylcholine,True,left_mesothoracic_leg_nerve,,17740,banc_meta,population-level modality from literature; exact-root direction and thresholds unknown
720575941576751247,LM,femurTibia,club,SNpp51,left,vibration_and_bidirectional_motion,middle_leg_club_chordotonal_organ_neuron,vibro_tactile,,,acetylcholine,acetylcholine,True,left_mesothoracic_leg_nerve,,3454,banc_meta,population-level modality from literature; exact-root direction and thresholds unknown
720575941584044087,LM,femurTibia,club,SNpp58,left,vibration_and_bidirectional_motion,middle_leg_club_chordotonal_organ_neuron,vibro_tactile,,,acetylcholine,acetylcholine,True,left_mesothoracic_leg_nerve,,20452,banc_meta,population-level modality from literature; exact-root direction and thresholds unknown
720575941587217207,LM,femurTibia,club,SNpp47,left,vibration_and_bidirectional_motion,middle_leg_club_chordotonal_organ_neuron,vibro_tactile,,,acetylcholine,acetylcholine,True,left_mesothoracic_leg_nerve,,4085,banc_meta,population-level modality from literature; exact-root direction and thresholds unknown
720575941588994103,LM,femurTibia,club,SNpp47,left,vibration_and_bidirectional_motion,middle_leg_club_chordotonal_organ_neuron,vibro_tactile,,,acetylcholine,acetylcholine,True,left_mesothoracic_leg_nerve,,4122,banc_meta,population-level modality from literature; exact-root direction and thresholds unknown
720575941595664261,LM,femurTibia,club,SNpp57,left,vibration_and_bidirectional_motion,middle_leg_club_chordotonal_organ_neuron,vibro_tactile,,,acetylcholine,acetylcholine,True,left_mesothoracic_leg_nerve,,4154,banc_meta,population-level modality from literature; exact-root direction and thresholds unknown
720575941603698617,LM,femurTibia,club,SNpp58,left,vibration_and_bidirectional_motion,middle_leg_club_chordotonal_organ_neuron,vibro_tactile,,,acetylcholine,acetylcholine,True,left_mesothoracic_leg_nerve,,3980,banc_meta,population-level modality from literature; exact-root direction and thresholds unknown
720575941613161645,LM,femurTibia,club,SNpp59,left,vibration_and_bidirectional_motion,middle_leg_club_chordotonal_organ_neuron,vibro_tactile,,,acetylcholine,acetylcholine,True,left_mesothoracic_leg_nerve,,4029,banc_meta,population-level modality from literature; exact-root direction and thresholds unknown
720575941620724095,LM,femurTibia,club,SNpp40,left,vibration_and_bidirectional_motion,middle_leg_club_chordotonal_organ_neuron,vibro_tactile,,,acetylcholine,acetylcholine,True,left_mesothoracic_leg_nerve,,19092,banc_meta,population-level modality from literature; exact-root direction and thresholds unknown
720575941633038496,LM,femurTibia,club,SNpp57,left,vibration_and_bidirectional_motion,middle_leg_club_chordotonal_organ_neuron,vibro_tactile,,,acetylcholine,acetylcholine,False,left_mesothoracic_leg_nerve,,17680,banc_meta,population-level modality from literature; exact-root direction and thresholds unknown
720575941638428533,LM,femurTibia,club,SNpp57,left,vibration_and_bidirectional_motion,middle_leg_club_chordotonal_organ_neuron,vibro_tactile,,,acetylcholine,acetylcholine,True,left_mesothoracic_leg_nerve,,4154,banc_meta,population-level modality from literature; exact-root direction and thresholds unknown
720575941689334168,LM,femurTibia,club,SNpp57,left,vibration_and_bidirectional_motion,middle_leg_club_chordotonal_organ_neuron,vibro_tactile,,,acetylcholine,acetylcholine,True,left_mesothoracic_leg_nerve,,4140,banc_meta,population-level modality from literature; exact-root direction and thresholds unknown
720575941722220858,LM,femurTibia,club,SNpp56,left,vibration_and_bidirectional_motion,middle_leg_club_chordotonal_organ_neuron,vibro_tactile,,,acetylcholine,acetylcholine,True,left_mesothoracic_leg_nerve,,3862,banc_meta,population-level modality from literature; exact-root direction and thresholds unknown
720575941432214959,LM,femurTibia,hook,SNpp39,left,direction,middle_leg_hook_chordotonal_organ_neuron,direction,,,acetylcholine,gaba,True,left_mesothoracic_leg_nerve,,3862,banc_meta,population-level modality from literature; exact-root direction and thresholds unknown
720575941440855759,LM,femurTibia,hook,SNpp41,left,direction,middle_leg_hook_chordotonal_organ_neuron,direction,,,acetylcholine,acetylcholine,True,left_mesothoracic_leg_nerve,,18437,banc_meta,population-level modality from literature; exact-root direction and thresholds unknown
720575941450968698,LM,femurTibia,hook,SNpp41,left,direction,middle_leg_hook_chordotonal_organ_neuron,direction,,,acetylcholine,acetylcholine,True,left_mesothoracic_leg_nerve,,18437,banc_meta,population-level modality from literature; exact-root direction and thresholds unknown
720575941477919262,LM,femurTibia,hook,SNpp51,left,direction,middle_leg_hook_chordotonal_organ_neuron,direction,,,acetylcholine,acetylcholine,True,left_mesothoracic_leg_nerve,,18155,banc_meta,population-level modality from literature; exact-root direction and thresholds unknown
720575941485575174,LM,femurTibia,hook,SNpp51,left,direction,middle_leg_hook_chordotonal_organ_neuron,direction,,,acetylcholine,acetylcholine,True,left_mesothoracic_leg_nerve,,21791,banc_meta,population-level modality from literature; exact-root direction and thresholds unknown
720575941489292341,LM,femurTibia,hook,SNpp51,left,direction,middle_leg_hook_chordotonal_organ_neuron,direction,,,acetylcholine,acetylcholine,True,left_mesothoracic_leg_nerve,,4001,banc_meta,population-level modality from literature; exact-root direction and thresholds unknown
720575941496678272,LM,femurTibia,hook,SNpp41,left,direction,middle_leg_hook_chordotonal_organ_neuron,direction,,,acetylcholine,acetylcholine,True,left_mesothoracic_leg_nerve,,18077,banc_meta,population-level modality from literature; exact-root direction and thresholds unknown
720575941508169089,LM,femurTibia,hook,SNpp41,left,direction,middle_leg_hook_chordotonal_organ_neuron,direction,,,acetylcholine,acetylcholine,True,left_mesothoracic_leg_nerve,,20201,banc_meta,population-level modality from literature; exact-root direction and thresholds unknown
720575941515737235,LM,femurTibia,hook,SNpp41,left,direction,middle_leg_hook_chordotonal_organ_neuron,direction,,,acetylcholine,acetylcholine,True,left_mesothoracic_leg_nerve,,18077,banc_meta,population-level modality from literature; exact-root direction and thresholds unknown
720575941524170059,LM,femurTibia,hook,SNpp41,left,direction,middle_leg_hook_chordotonal_organ_neuron,direction,,,acetylcholine,acetylcholine,True,left_mesothoracic_leg_nerve,,17718,banc_meta,population-level modality from literature; exact-root direction and thresholds unknown
720575941528280066,LM,femurTibia,hook,SNpp51,left,direction,middle_leg_hook_chordotonal_organ_neuron,direction,,,acetylcholine,acetylcholine,True,left_mesothoracic_leg_nerve,,18996,banc_meta,population-level modality from literature; exact-root direction and thresholds unknown
720575941528715960,LM,femurTibia,hook,SNpp41,left,direction,middle_leg_hook_chordotonal_organ_neuron,direction,,,acetylcholine,acetylcholine,True,left_mesothoracic_leg_nerve,,21791,banc_meta,population-level modality from literature; exact-root direction and thresholds unknown
720575941531085240,LM,femurTibia,hook,SNpp51,left,direction,middle_leg_hook_chordotonal_organ_neuron,direction,,,acetylcholine,acetylcholine,True,left_mesothoracic_leg_nerve,,17807,banc_meta,population-level modality from literature; exact-root direction and thresholds unknown
720575941541012685,LM,femurTibia,hook,SNpp51,left,direction,middle_leg_hook_chordotonal_organ_neuron,direction,,,acetylcholine,acetylcholine,True,left_mesothoracic_leg_nerve,,18487,banc_meta,population-level modality from literature; exact-root direction and thresholds unknown
720575941556747891,LM,femurTibia,hook,SNpp39,left,direction,middle_leg_hook_chordotonal_organ_neuron,direction,,,acetylcholine,acetylcholine,True,left_mesothoracic_leg_nerve,,18483,banc_meta,population-level modality from literature; exact-root direction and thresholds unknown
720575941565033984,LM,femurTibia,hook,SNpp41,left,direction,middle_leg_hook_chordotonal_organ_neuron,direction,,,acetylcholine,acetylcholine,True,left_mesothoracic_leg_nerve,,18077,banc_meta,population-level modality from literature; exact-root direction and thresholds unknown
720575941574057800,LM,femurTibia,hook,SNpp51,left,direction,middle_leg_hook_chordotonal_organ_neuron,direction,,,acetylcholine,acetylcholine,True,left_mesothoracic_leg_nerve,,18245,banc_meta,population-level modality from literature; exact-root direction and thresholds unknown
720575941584353119,LM,femurTibia,hook,SNpp45,left,direction,middle_leg_hook_chordotonal_organ_neuron,direction,,,acetylcholine,acetylcholine,True,left_mesothoracic_leg_nerve,,4176,banc_meta,population-level modality from literature; exact-root direction and thresholds unknown
720575941593894102,LM,femurTibia,hook,SNpp41,left,direction,middle_leg_hook_chordotonal_organ_neuron,direction,,,acetylcholine,acetylcholine,True,left_mesothoracic_leg_nerve,,4001,banc_meta,population-level modality from literature; exact-root direction and thresholds unknown
720575941599516201,LM,femurTibia,hook,SNpp41,left,direction,middle_leg_hook_chordotonal_organ_neuron,direction,,,acetylcholine,acetylcholine,True,left_mesothoracic_leg_nerve,,18437,banc_meta,population-level modality from literature; exact-root direction and thresholds unknown
720575941352535088,RF,femurTibia,claw,SNpp51,right,position,front_leg_claw_chordotonal_organ_neuron,position,,,acetylcholine,acetylcholine,True,right_prothoracic_leg_nerve,,1356,banc_meta,population-level modality from literature; exact-root direction and thresholds unknown
720575941391853572,RF,femurTibia,claw,SNpp51,right,position,front_leg_claw_chordotonal_organ_neuron,position,,,acetylcholine,acetylcholine,True,right_prothoracic_leg_nerve,,1356,banc_meta,population-level modality from literature; exact-root direction and thresholds unknown
720575941444493495,RF,femurTibia,claw,SNpp51,right,position,front_leg_claw_chordotonal_organ_neuron,position,,,acetylcholine,acetylcholine,True,right_prothoracic_leg_nerve,,15193,banc_meta,population-level modality from literature; exact-root direction and thresholds unknown
720575941444576695,RF,femurTibia,claw,SNpp51,right,position,front_leg_claw_chordotonal_organ_neuron,position,,,acetylcholine,acetylcholine,True,right_prothoracic_leg_nerve,,1356,banc_meta,population-level modality from literature; exact-root direction and thresholds unknown
720575941473849898,RF,femurTibia,claw,SNpp51,right,position,front_leg_claw_chordotonal_organ_neuron,position,,,acetylcholine,acetylcholine,True,right_prothoracic_leg_nerve,,1332,banc_meta,population-level modality from literature; exact-root direction and thresholds unknown
720575941480585346,RF,femurTibia,claw,SNpp51,right,position,front_leg_claw_chordotonal_organ_neuron,position,,,acetylcholine,acetylcholine,True,right_prothoracic_leg_nerve,,14527,banc_meta,population-level modality from literature; exact-root direction and thresholds unknown
720575941481093885,RF,femurTibia,claw,SNpp51,right,position,front_leg_claw_chordotonal_organ_neuron,position,,,acetylcholine,acetylcholine,True,right_prothoracic_leg_nerve,,1315,banc_meta,population-level modality from literature; exact-root direction and thresholds unknown
720575941483384515,RF,femurTibia,claw,SNpp51,right,position,front_leg_claw_chordotonal_organ_neuron,position,,,acetylcholine,acetylcholine,True,right_prothoracic_leg_nerve,,16141,banc_meta,population-level modality from literature; exact-root direction and thresholds unknown
720575941495192519,RF,femurTibia,claw,SNpp50,right,position,front_leg_claw_chordotonal_organ_neuron,position,,,acetylcholine,acetylcholine,True,right_prothoracic_leg_nerve,,15088,banc_meta,population-level modality from literature; exact-root direction and thresholds unknown
720575941498087649,RF,femurTibia,claw,SNpp51,right,position,front_leg_claw_chordotonal_organ_neuron,position,,,,gaba,True,right_prothoracic_leg_nerve,,14741,banc_meta,population-level modality from literature; exact-root direction and thresholds unknown
720575941505856194,RF,femurTibia,claw,SNpp51,right,position,front_leg_claw_chordotonal_organ_neuron,position,,,,gaba,True,right_prothoracic_leg_nerve,,14527,banc_meta,population-level modality from literature; exact-root direction and thresholds unknown
720575941507364386,RF,femurTibia,claw,SNpp51,right,position,front_leg_claw_chordotonal_organ_neuron,position,,,,acetylcholine,True,right_prothoracic_leg_nerve,,1332,banc_meta,population-level modality from literature; exact-root direction and thresholds unknown
720575941533661220,RF,femurTibia,claw,SNpp51,right,position,front_leg_claw_chordotonal_organ_neuron,position,,,acetylcholine,acetylcholine,True,right_prothoracic_leg_nerve,,15639,banc_meta,population-level modality from literature; exact-root direction and thresholds unknown
720575941540248445,RF,femurTibia,claw,SNpp51,right,position,front_leg_claw_chordotonal_organ_neuron,position,,,acetylcholine,gaba,True,right_prothoracic_leg_nerve,,15263,banc_meta,population-level modality from literature; exact-root direction and thresholds unknown
720575941568187694,RF,femurTibia,claw,SNpp51,right,position,front_leg_claw_chordotonal_organ_neuron,position,,,acetylcholine,acetylcholine,True,right_prothoracic_leg_nerve,,1356,banc_meta,population-level modality from literature; exact-root direction and thresholds unknown
720575941582988921,RF,femurTibia,claw,SNpp51,right,position,front_leg_claw_chordotonal_organ_neuron,position,,,acetylcholine,acetylcholine,True,right_prothoracic_leg_nerve,,15005,banc_meta,population-level modality from literature; exact-root direction and thresholds unknown
720575941583573599,RF,femurTibia,claw,SNpp50,right,position,front_leg_claw_chordotonal_organ_neuron,position,,,acetylcholine,acetylcholine,True,right_prothoracic_leg_nerve,,1332,banc_meta,population-level modality from literature; exact-root direction and thresholds unknown
720575941595291687,RF,femurTibia,claw,SNpp50,right,position,front_leg_claw_chordotonal_organ_neuron,position,,,acetylcholine,acetylcholine,True,right_prothoracic_leg_nerve,,14527,banc_meta,population-level modality from literature; exact-root direction and thresholds unknown
720575941595563909,RF,femurTibia,claw,SNpp51,right,position,front_leg_claw_chordotonal_organ_neuron,position,,,acetylcholine,acetylcholine,True,right_prothoracic_leg_nerve,,14844,banc_meta,population-level modality from literature; exact-root direction and thresholds unknown
720575941605744062,RF,femurTibia,claw,SNpp51,right,position,front_leg_claw_chordotonal_organ_neuron,position,,,acetylcholine,acetylcholine,True,right_prothoracic_leg_nerve,,14769,banc_meta,population-level modality from literature; exact-root direction and thresholds unknown
720575941613788703,RF,femurTibia,claw,SNpp51,right,position,front_leg_claw_chordotonal_organ_neuron,position,,,acetylcholine,acetylcholine,True,right_prothoracic_leg_nerve,,1356,banc_meta,population-level modality from literature; exact-root direction and thresholds unknown
720575941625411210,RF,femurTibia,claw,SNpp51,right,position,front_leg_claw_chordotonal_organ_neuron,position,,,acetylcholine,acetylcholine,True,right_prothoracic_leg_nerve,,1332,banc_meta,population-level modality from literature; exact-root direction and thresholds unknown
720575941689654284,RF,femurTibia,claw,SNpp50,right,position,front_leg_claw_chordotonal_organ_neuron,position,,,acetylcholine,acetylcholine,True,right_prothoracic_leg_nerve,,14759,banc_meta,population-level modality from literature; exact-root direction and thresholds unknown
720575941702235610,RF,femurTibia,claw,SNpp50,right,position,front_leg_claw_chordotonal_organ_neuron,position,,,acetylcholine,acetylcholine,True,right_prothoracic_leg_nerve,,1315,banc_meta,population-level modality from literature; exact-root direction and thresholds unknown
720575941704458714,RF,femurTibia,claw,SNpp51,right,position,front_leg_claw_chordotonal_organ_neuron,position,,,acetylcholine,acetylcholine,True,right_prothoracic_leg_nerve,,14495,banc_meta,population-level modality from literature; exact-root direction and thresholds unknown
720575941413157847,RF,femurTibia,club,SNpp47,right,vibration_and_bidirectional_motion,front_leg_club_chordotonal_organ_neuron,vibro_tactile,,,acetylcholine,gaba,True,right_prothoracic_leg_nerve,,1074,banc_meta,population-level modality from literature; exact-root direction and thresholds unknown
720575941431310551,RF,femurTibia,club,SNpp43,right,vibration_and_bidirectional_motion,front_leg_club_chordotonal_organ_neuron,vibro_tactile,,,acetylcholine,acetylcholine,True,right_prothoracic_leg_nerve,,1204,banc_meta,population-level modality from literature; exact-root direction and thresholds unknown
720575941433022990,RF,femurTibia,club,SNpp44,right,vibration_and_bidirectional_motion,front_leg_club_chordotonal_organ_neuron,vibro_tactile,,,,acetylcholine,True,right_prothoracic_leg_nerve,,16161,banc_meta,population-level modality from literature; exact-root direction and thresholds unknown
720575941440432831,RF,femurTibia,club,SNpp60,right,vibration_and_bidirectional_motion,front_leg_club_chordotonal_organ_neuron,vibro_tactile,,,acetylcholine,gaba,True,right_prothoracic_leg_nerve,,14373,banc_meta,population-level modality from literature; exact-root direction and thresholds unknown
720575941476138292,RF,femurTibia,club,SNpp43,right,vibration_and_bidirectional_motion,front_leg_club_chordotonal_organ_neuron,vibro_tactile,,,,glutamate,True,right_prothoracic_leg_nerve,,1204,banc_meta,population-level modality from literature; exact-root direction and thresholds unknown
720575941477624544,RF,femurTibia,club,SNpp40,right,vibration_and_bidirectional_motion,front_leg_club_chordotonal_organ_neuron,vibro_tactile,,,acetylcholine,acetylcholine,True,right_prothoracic_leg_nerve,,1369,banc_meta,population-level modality from literature; exact-root direction and thresholds unknown
720575941484000198,RF,femurTibia,club,SNpp43,right,vibration_and_bidirectional_motion,front_leg_club_chordotonal_organ_neuron,vibro_tactile,,,,acetylcholine,True,right_prothoracic_leg_nerve,,15512,banc_meta,population-level modality from literature; exact-root direction and thresholds unknown
720575941507236993,RF,femurTibia,club,SNpp47,right,vibration_and_bidirectional_motion,front_leg_club_chordotonal_organ_neuron,vibro_tactile,,,acetylcholine,acetylcholine,True,right_prothoracic_leg_nerve,,14231,banc_meta,population-level modality from literature; exact-root direction and thresholds unknown
720575941518526830,RF,femurTibia,club,SNpp47,right,vibration_and_bidirectional_motion,front_leg_club_chordotonal_organ_neuron,vibro_tactile,,,acetylcholine,gaba,True,right_prothoracic_leg_nerve,,1169,banc_meta,population-level modality from literature; exact-root direction and thresholds unknown
720575941519987383,RF,femurTibia,club,SNpp43,right,vibration_and_bidirectional_motion,front_leg_club_chordotonal_organ_neuron,vibro_tactile,,,acetylcholine,acetylcholine,True,right_prothoracic_leg_nerve,,1026,banc_meta,population-level modality from literature; exact-root direction and thresholds unknown
720575941531246116,RF,femurTibia,club,SNpp44,right,vibration_and_bidirectional_motion,front_leg_club_chordotonal_organ_neuron,vibro_tactile,,,,gaba,True,right_prothoracic_leg_nerve,,16449,banc_meta,population-level modality from literature; exact-root direction and thresholds unknown
720575941532130021,RF,femurTibia,club,SNpp43,right,vibration_and_bidirectional_motion,front_leg_club_chordotonal_organ_neuron,vibro_tactile,,,acetylcholine,acetylcholine,True,right_prothoracic_leg_nerve,,1278,banc_meta,population-level modality from literature; exact-root direction and thresholds unknown
720575941532146212,RF,femurTibia,club,SNpp60,right,vibration_and_bidirectional_motion,front_leg_club_chordotonal_organ_neuron,vibro_tactile,,,acetylcholine,gaba,True,right_prothoracic_leg_nerve,,1124,banc_meta,population-level modality from literature; exact-root direction and thresholds unknown
720575941532184100,RF,femurTibia,club,SNpp60,right,vibration_and_bidirectional_motion,front_leg_club_chordotonal_organ_neuron,vibro_tactile,,,acetylcholine,,True,right_prothoracic_leg_nerve,,1082,banc_meta,population-level modality from literature; exact-root direction and thresholds unknown
720575941532235556,RF,femurTibia,club,SNpp47,right,vibration_and_bidirectional_motion,front_leg_club_chordotonal_organ_neuron,vibro_tactile,,,acetylcholine,gaba,True,right_prothoracic_leg_nerve,,1169,banc_meta,population-level modality from literature; exact-root direction and thresholds unknown
720575941533476132,RF,femurTibia,club,SNpp43,right,vibration_and_bidirectional_motion,front_leg_club_chordotonal_organ_neuron,vibro_tactile,,,acetylcholine,acetylcholine,True,right_prothoracic_leg_nerve,,1204,banc_meta,population-level modality from literature; exact-root direction and thresholds unknown
720575941533655844,RF,femurTibia,club,SNpp60,right,vibration_and_bidirectional_motion,front_leg_club_chordotonal_organ_neuron,vibro_tactile,,,acetylcholine,gaba,True,right_prothoracic_leg_nerve,,1054,banc_meta,population-level modality from literature; exact-root direction and thresholds unknown
720575941533658660,RF,femurTibia,club,SNpp60,right,vibration_and_bidirectional_motion,front_leg_club_chordotonal_organ_neuron,vibro_tactile,,,acetylcholine,gaba,True,right_prothoracic_leg_nerve,,1124,banc_meta,population-level modality from literature; exact-root direction and thresholds unknown
720575941533663268,RF,femurTibia,club,SNpp47,right,vibration_and_bidirectional_motion,front_leg_club_chordotonal_organ_neuron,vibro_tactile,,,acetylcholine,acetylcholine,True,right_prothoracic_leg_nerve,,1204,banc_meta,population-level modality from literature; exact-root direction and thresholds unknown
720575941533663524,RF,femurTibia,club,SNpp47,right,vibration_and_bidirectional_motion,front_leg_club_chordotonal_organ_neuron,vibro_tactile,,,acetylcholine,acetylcholine,True,right_prothoracic_leg_nerve,,1347,banc_meta,population-level modality from literature; exact-root direction and thresholds unknown
720575941533709348,RF,femurTibia,club,SNpp43,right,vibration_and_bidirectional_motion,front_leg_club_chordotonal_organ_neuron,vibro_tactile,,,acetylcholine,acetylcholine,True,right_prothoracic_leg_nerve,,1204,banc_meta,population-level modality from literature; exact-root direction and thresholds unknown
720575941533710628,RF,femurTibia,club,SNpp40,right,vibration_and_bidirectional_motion,front_leg_club_chordotonal_organ_neuron,vibro_tactile,,,acetylcholine,acetylcholine,True,right_prothoracic_leg_nerve,,1369,banc_meta,population-level modality from literature; exact-root direction and thresholds unknown
720575941533711908,RF,femurTibia,club,SNpp44,right,vibration_and_bidirectional_motion,front_leg_club_chordotonal_organ_neuron,vibro_tactile,,,,acetylcholine,True,right_prothoracic_leg_nerve,,1369,banc_meta,population-level modality from literature; exact-root direction and thresholds unknown
720575941543600100,RF,femurTibia,club,SNpp60,right,vibration_and_bidirectional_motion,front_leg_club_chordotonal_organ_neuron,vibro_tactile,,,acetylcholine,gaba,True,right_prothoracic_leg_nerve,,1124,banc_meta,population-level modality from literature; exact-root direction and thresholds unknown
720575941543600612,RF,femurTibia,club,SNpp47,right,vibration_and_bidirectional_motion,front_leg_club_chordotonal_organ_neuron,vibro_tactile,,,acetylcholine,gaba,True,right_prothoracic_leg_nerve,,1196,banc_meta,population-level modality from literature; exact-root direction and thresholds unknown
720575941544177124,RF,femurTibia,club,SNpp47,right,vibration_and_bidirectional_motion,front_leg_club_chordotonal_organ_neuron,vibro_tactile,,,acetylcholine,acetylcholine,True,right_prothoracic_leg_nerve,,1074,banc_meta,population-level modality from literature; exact-root direction and thresholds unknown
720575941544192740,RF,femurTibia,club,SNpp47,right,vibration_and_bidirectional_motion,front_leg_club_chordotonal_organ_neuron,vibro_tactile,,,acetylcholine,gaba,True,right_prothoracic_leg_nerve,,1169,banc_meta,population-level modality from literature; exact-root direction and thresholds unknown
720575941545403141,RF,femurTibia,club,SNpp47,right,vibration_and_bidirectional_motion,front_leg_club_chordotonal_organ_neuron,vibro_tactile,,,acetylcholine,gaba,True,right_prothoracic_leg_nerve,,15460,banc_meta,population-level modality from literature; exact-root direction and thresholds unknown
720575941546389684,RF,femurTibia,club,SNpp40,right,vibration_and_bidirectional_motion,front_leg_club_chordotonal_organ_neuron,vibro_tactile,,,acetylcholine,acetylcholine,True,right_prothoracic_leg_nerve,,1345,banc_meta,population-level modality from literature; exact-root direction and thresholds unknown
720575941549508095,RF,femurTibia,club,SNpp56,right,vibration_and_bidirectional_motion,front_leg_club_chordotonal_organ_neuron,vibro_tactile,,,acetylcholine,gaba,True,right_prothoracic_leg_nerve,,1048,banc_meta,population-level modality from literature; exact-root direction and thresholds unknown
720575941553637786,RF,femurTibia,club,SNpp44,right,vibration_and_bidirectional_motion,front_leg_club_chordotonal_organ_neuron,vibro_tactile,,,,acetylcholine,True,right_prothoracic_leg_nerve,,1302,banc_meta,population-level modality from literature; exact-root direction and thresholds unknown
720575941562675602,RF,femurTibia,club,SNpp60,right,vibration_and_bidirectional_motion,front_leg_club_chordotonal_organ_neuron,vibro_tactile,,,acetylcholine,gaba,True,right_prothoracic_leg_nerve,,1054,banc_meta,population-level modality from literature; exact-root direction and thresholds unknown
720575941565452951,RF,femurTibia,club,SNpp60,right,vibration_and_bidirectional_motion,front_leg_club_chordotonal_organ_neuron,vibro_tactile,,,acetylcholine,acetylcholine,False,right_prothoracic_leg_nerve,,1052,banc_meta,population-level modality from literature; exact-root direction and thresholds unknown
720575941590341516,RF,femurTibia,club,SNpp43,right,vibration_and_bidirectional_motion,front_leg_club_chordotonal_organ_neuron,vibro_tactile,,,acetylcholine,acetylcholine,True,right_prothoracic_leg_nerve,,1204,banc_meta,population-level modality from literature; exact-root direction and thresholds unknown
720575941593192305,RF,femurTibia,club,SNpp47,right,vibration_and_bidirectional_motion,front_leg_club_chordotonal_organ_neuron,vibro_tactile,,,acetylcholine,gaba,True,right_prothoracic_leg_nerve,,1169,banc_meta,population-level modality from literature; exact-root direction and thresholds unknown
720575941601136374,RF,femurTibia,club,SNpp43,right,vibration_and_bidirectional_motion,front_leg_club_chordotonal_organ_neuron,vibro_tactile,,,acetylcholine,acetylcholine,True,right_prothoracic_leg_nerve,,1026,banc_meta,population-level modality from literature; exact-root direction and thresholds unknown
720575941613462035,RF,femurTibia,club,SNpp60,right,vibration_and_bidirectional_motion,front_leg_club_chordotonal_organ_neuron,vibro_tactile,,,acetylcholine,,True,right_prothoracic_leg_nerve,,1052,banc_meta,population-level modality from literature; exact-root direction and thresholds unknown
720575941614289561,RF,femurTibia,club,SNpp43,right,vibration_and_bidirectional_motion,front_leg_club_chordotonal_organ_neuron,vibro_tactile,,,acetylcholine,acetylcholine,True,right_prothoracic_leg_nerve,,1311,banc_meta,population-level modality from literature; exact-root direction and thresholds unknown
720575941616493013,RF,femurTibia,club,SNpp40,right,vibration_and_bidirectional_motion,front_leg_club_chordotonal_organ_neuron,vibro_tactile,,,acetylcholine,acetylcholine,True,right_prothoracic_leg_nerve,,1042,banc_meta,population-level modality from literature; exact-root direction and thresholds unknown
720575941638984565,RF,femurTibia,club,SNpp44,right,vibration_and_bidirectional_motion,front_leg_club_chordotonal_organ_neuron,vibro_tactile,,,,acetylcholine,True,right_prothoracic_leg_nerve,,1148,banc_meta,population-level modality from literature; exact-root direction and thresholds unknown
720575941655192788,RF,femurTibia,club,SNpp60,right,vibration_and_bidirectional_motion,front_leg_club_chordotonal_organ_neuron,vibro_tactile,,,acetylcholine,gaba,True,right_prothoracic_leg_nerve,,1293,banc_meta,population-level modality from literature; exact-root direction and thresholds unknown
720575941657968464,RF,femurTibia,club,SNpp43,right,vibration_and_bidirectional_motion,front_leg_club_chordotonal_organ_neuron,vibro_tactile,,,acetylcholine,acetylcholine,True,right_prothoracic_leg_nerve,,1117,banc_meta,population-level modality from literature; exact-root direction and thresholds unknown
720575941669098417,RF,femurTibia,club,SNpp56,right,vibration_and_bidirectional_motion,front_leg_club_chordotonal_organ_neuron,vibro_tactile,,,acetylcholine,gaba,True,right_prothoracic_leg_nerve,,15621,banc_meta,population-level modality from literature; exact-root direction and thresholds unknown
720575941430177161,RF,femurTibia,hook,SNpp41,right,direction,front_leg_hook_chordotonal_organ_neuron,direction,,,acetylcholine,acetylcholine,True,right_prothoracic_leg_nerve,,1163,banc_meta,population-level modality from literature; exact-root direction and thresholds unknown
720575941462409939,RF,femurTibia,hook,SNpp39,right,direction,front_leg_hook_chordotonal_organ_neuron,direction,,,acetylcholine,acetylcholine,True,right_prothoracic_leg_nerve,,14622,banc_meta,population-level modality from literature; exact-root direction and thresholds unknown
720575941471878263,RF,femurTibia,hook,SNpp39,right,direction,front_leg_hook_chordotonal_organ_neuron,direction,,,acetylcholine,acetylcholine,True,right_prothoracic_leg_nerve,,15663,banc_meta,population-level modality from literature; exact-root direction and thresholds unknown
720575941475099744,RF,femurTibia,hook,SNppxx,right,direction,front_leg_hook_chordotonal_organ_neuron,direction,,,acetylcholine,acetylcholine,True,right_prothoracic_leg_nerve,,15730,banc_meta,population-level modality from literature; exact-root direction and thresholds unknown
720575941477513834,RF,femurTibia,hook,SNpp39,right,direction,front_leg_hook_chordotonal_organ_neuron,direction,,,acetylcholine,acetylcholine,True,right_prothoracic_leg_nerve,,1317,banc_meta,population-level modality from literature; exact-root direction and thresholds unknown
720575941491825353,RF,femurTibia,hook,SNpp43,right,direction,front_leg_hook_chordotonal_organ_neuron,direction,,,acetylcholine,acetylcholine,True,right_prothoracic_leg_nerve,,15775,banc_meta,population-level modality from literature; exact-root direction and thresholds unknown
720575941497518203,RF,femurTibia,hook,SNpp39,right,direction,front_leg_hook_chordotonal_organ_neuron,direction,,,acetylcholine,gaba,True,right_prothoracic_leg_nerve,,1378,banc_meta,population-level modality from literature; exact-root direction and thresholds unknown
720575941498420859,RF,femurTibia,hook,SNpp43,right,direction,front_leg_hook_chordotonal_organ_neuron,direction,,,acetylcholine,gaba,False,right_prothoracic_leg_nerve,,15545,banc_meta,population-level modality from literature; exact-root direction and thresholds unknown
720575941506133271,RF,femurTibia,hook,SNpp39,right,direction,front_leg_hook_chordotonal_organ_neuron,direction,,,acetylcholine,acetylcholine,True,right_prothoracic_leg_nerve,,1250,banc_meta,population-level modality from literature; exact-root direction and thresholds unknown
720575941506873916,RF,femurTibia,hook,SNpp39,right,direction,front_leg_hook_chordotonal_organ_neuron,direction,,,acetylcholine,acetylcholine,True,right_prothoracic_leg_nerve,,15465,banc_meta,population-level modality from literature; exact-root direction and thresholds unknown
720575941514711299,RF,femurTibia,hook,SNpp44,right,direction,front_leg_hook_chordotonal_organ_neuron,direction,,,,acetylcholine,True,right_prothoracic_leg_nerve,,15775,banc_meta,population-level modality from literature; exact-root direction and thresholds unknown
720575941525823051,RF,femurTibia,hook,SNpp39,right,direction,front_leg_hook_chordotonal_organ_neuron,direction,,,acetylcholine,acetylcholine,True,right_prothoracic_leg_nerve,,1334,banc_meta,population-level modality from literature; exact-root direction and thresholds unknown
720575941529766532,RF,femurTibia,hook,SNpp39,right,direction,front_leg_hook_chordotonal_organ_neuron,direction,,,acetylcholine,acetylcholine,True,right_prothoracic_leg_nerve,,14562,banc_meta,population-level modality from literature; exact-root direction and thresholds unknown
720575941534305667,RF,femurTibia,hook,SNpp39,right,direction,front_leg_hook_chordotonal_organ_neuron,direction,,,acetylcholine,acetylcholine,True,right_prothoracic_leg_nerve,,15775,banc_meta,population-level modality from literature; exact-root direction and thresholds unknown
720575941541645949,RF,femurTibia,hook,SNpp39,right,direction,front_leg_hook_chordotonal_organ_neuron,direction,,,acetylcholine,acetylcholine,True,right_prothoracic_leg_nerve,,15775,banc_meta,population-level modality from literature; exact-root direction and thresholds unknown
720575941544701957,RF,femurTibia,hook,SNpp41,right,direction,front_leg_hook_chordotonal_organ_neuron,direction,,,acetylcholine,acetylcholine,True,right_prothoracic_leg_nerve,,15704,banc_meta,population-level modality from literature; exact-root direction and thresholds unknown
720575941564868498,RF,femurTibia,hook,SNpp39,right,direction,front_leg_hook_chordotonal_organ_neuron,direction,,,acetylcholine,acetylcholine,True,right_prothoracic_leg_nerve,,15441,banc_meta,population-level modality from literature; exact-root direction and thresholds unknown
720575941570572282,RF,femurTibia,hook,SNpp39,right,direction,front_leg_hook_chordotonal_organ_neuron,direction,,,acetylcholine,acetylcholine,True,right_prothoracic_leg_nerve,,15460,banc_meta,population-level modality from literature; exact-root direction and thresholds unknown
720575941574008136,RF,femurTibia,hook,SNpp39,right,direction,front_leg_hook_chordotonal_organ_neuron,direction,,,acetylcholine,acetylcholine,True,right_prothoracic_leg_nerve,,15905,banc_meta,population-level modality from literature; exact-root direction and thresholds unknown
720575941574731165,RF,femurTibia,hook,SNpp41,right,direction,front_leg_hook_chordotonal_organ_neuron,direction,,,acetylcholine,,True,right_prothoracic_leg_nerve,,1048,banc_meta,population-level modality from literature; exact-root direction and thresholds unknown
720575941582029689,RF,femurTibia,hook,SNpp39,right,direction,front_leg_hook_chordotonal_organ_neuron,direction,,,acetylcholine,gaba,True,right_prothoracic_leg_nerve,,15863,banc_meta,population-level modality from literature; exact-root direction and thresholds unknown
720575941657053396,RF,femurTibia,hook,SNpp39,right,direction,front_leg_hook_chordotonal_organ_neuron,direction,,,acetylcholine,acetylcholine,True,right_prothoracic_leg_nerve,,14970,banc_meta,population-level modality from literature; exact-root direction and thresholds unknown
720575941663343160,RF,femurTibia,hook,SNpp39,right,direction,front_leg_hook_chordotonal_organ_neuron,direction,,,acetylcholine,acetylcholine,True,right_prothoracic_leg_nerve,,15676,banc_meta,population-level modality from literature; exact-root direction and thresholds unknown
720575941667398387,RF,femurTibia,hook,SNpp41,right,direction,front_leg_hook_chordotonal_organ_neuron,direction,,,acetylcholine,acetylcholine,True,right_prothoracic_leg_nerve,,1250,banc_meta,population-level modality from literature; exact-root direction and thresholds unknown
720575941671484337,RF,femurTibia,hook,SNpp39,right,direction,front_leg_hook_chordotonal_organ_neuron,direction,,,acetylcholine,acetylcholine,True,right_prothoracic_leg_nerve,,1250,banc_meta,population-level modality from literature; exact-root direction and thresholds unknown
720575941691903640,RF,femurTibia,hook,SNpp39,right,direction,front_leg_hook_chordotonal_organ_neuron,direction,,,acetylcholine,acetylcholine,True,right_prothoracic_leg_nerve,,1302,banc_meta,population-level modality from literature; exact-root direction and thresholds unknown
720575941392417174,RH,femurTibia,claw,SNpp50,right,position,hind_leg_claw_chordotonal_organ_neuron,position,,,acetylcholine,acetylcholine,True,right_metathoracic_leg_nerve,,23707,banc_meta,population-level modality from literature; exact-root direction and thresholds unknown
720575941430099704,RH,femurTibia,claw,SNpp50,right,position,hind_leg_claw_chordotonal_organ_neuron,position,,,acetylcholine,acetylcholine,True,right_metathoracic_leg_nerve,,23707,banc_meta,population-level modality from literature; exact-root direction and thresholds unknown
720575941439665682,RH,femurTibia,claw,SNpp50,right,position,hind_leg_claw_chordotonal_organ_neuron,position,,,acetylcholine,acetylcholine,True,right_metathoracic_leg_nerve,,24287,banc_meta,population-level modality from literature; exact-root direction and thresholds unknown
720575941447825684,RH,femurTibia,claw,SNpp50,right,position,hind_leg_claw_chordotonal_organ_neuron,position,,,acetylcholine,acetylcholine,True,right_metathoracic_leg_nerve,,522,banc_meta,population-level modality from literature; exact-root direction and thresholds unknown
720575941455306221,RH,femurTibia,claw,SNpp50,right,position,hind_leg_claw_chordotonal_organ_neuron,position,,,acetylcholine,acetylcholine,True,right_metathoracic_leg_nerve,,23707,banc_meta,population-level modality from literature; exact-root direction and thresholds unknown
720575941466707222,RH,femurTibia,claw,SNpp50,right,position,hind_leg_claw_chordotonal_organ_neuron,position,,,acetylcholine,acetylcholine,True,right_metathoracic_leg_nerve,,23707,banc_meta,population-level modality from literature; exact-root direction and thresholds unknown
720575941467386710,RH,femurTibia,claw,SNpp51,right,position,hind_leg_claw_chordotonal_organ_neuron,position,,,acetylcholine,acetylcholine,True,right_metathoracic_leg_nerve,,24683,banc_meta,population-level modality from literature; exact-root direction and thresholds unknown
720575941470088203,RH,femurTibia,claw,SNpp50,right,position,hind_leg_claw_chordotonal_organ_neuron,position,,,acetylcholine,acetylcholine,True,right_metathoracic_leg_nerve,,23707,banc_meta,population-level modality from literature; exact-root direction and thresholds unknown
720575941479827363,RH,femurTibia,claw,SNpp50,right,position,hind_leg_claw_chordotonal_organ_neuron,position,,,acetylcholine,acetylcholine,True,right_metathoracic_leg_nerve,,23707,banc_meta,population-level modality from literature; exact-root direction and thresholds unknown
720575941485577026,RH,femurTibia,claw,SNpp50,right,position,hind_leg_claw_chordotonal_organ_neuron,position,,,acetylcholine,acetylcholine,True,right_metathoracic_leg_nerve,,23707,banc_meta,population-level modality from literature; exact-root direction and thresholds unknown
720575941492417200,RH,femurTibia,claw,SNpp50,right,position,hind_leg_claw_chordotonal_organ_neuron,position,,,acetylcholine,acetylcholine,True,right_metathoracic_leg_nerve,,23707,banc_meta,population-level modality from literature; exact-root direction and thresholds unknown
720575941505732421,RH,femurTibia,claw,SNpp50,right,position,hind_leg_claw_chordotonal_organ_neuron,position,,,acetylcholine,acetylcholine,True,right_metathoracic_leg_nerve,,23707,banc_meta,population-level modality from literature; exact-root direction and thresholds unknown
720575941523183435,RH,femurTibia,claw,SNpp50,right,position,hind_leg_claw_chordotonal_organ_neuron,position,,,acetylcholine,acetylcholine,True,right_metathoracic_leg_nerve,,26035,banc_meta,population-level modality from literature; exact-root direction and thresholds unknown
720575941526038041,RH,femurTibia,claw,SNpp50,right,position,hind_leg_claw_chordotonal_organ_neuron,position,,,acetylcholine,acetylcholine,True,right_metathoracic_leg_nerve,,23707,banc_meta,population-level modality from literature; exact-root direction and thresholds unknown
720575941544495645,RH,femurTibia,claw,SNpp50,right,position,hind_leg_claw_chordotonal_organ_neuron,position,,,acetylcholine,acetylcholine,True,right_metathoracic_leg_nerve,,23598,banc_meta,population-level modality from literature; exact-root direction and thresholds unknown
720575941556518308,RH,femurTibia,claw,SNpp50,right,position,hind_leg_claw_chordotonal_organ_neuron,position,,,acetylcholine,acetylcholine,True,right_metathoracic_leg_nerve,,23707,banc_meta,population-level modality from literature; exact-root direction and thresholds unknown
720575941557322660,RH,femurTibia,claw,SNpp50,right,position,hind_leg_claw_chordotonal_organ_neuron,position,,,acetylcholine,acetylcholine,True,right_metathoracic_leg_nerve,,23598,banc_meta,population-level modality from literature; exact-root direction and thresholds unknown
720575941565023488,RH,femurTibia,claw,SNpp50,right,position,hind_leg_claw_chordotonal_organ_neuron,position,,,acetylcholine,acetylcholine,True,right_metathoracic_leg_nerve,,24382,banc_meta,population-level modality from literature; exact-root direction and thresholds unknown
720575941573239965,RH,femurTibia,claw,SNpp50,right,position,hind_leg_claw_chordotonal_organ_neuron,position,,,acetylcholine,acetylcholine,True,right_metathoracic_leg_nerve,,23707,banc_meta,population-level modality from literature; exact-root direction and thresholds unknown
720575941639848309,RH,femurTibia,claw,SNpp50,right,position,hind_leg_claw_chordotonal_organ_neuron,position,,,acetylcholine,acetylcholine,True,right_metathoracic_leg_nerve,,22958,banc_meta,population-level modality from literature; exact-root direction and thresholds unknown
720575941640444191,RH,femurTibia,claw,SNpp50,right,position,hind_leg_claw_chordotonal_organ_neuron,position,,,acetylcholine,acetylcholine,True,right_metathoracic_leg_nerve,,25357,banc_meta,population-level modality from literature; exact-root direction and thresholds unknown
720575941658931792,RH,femurTibia,claw,SNpp50,right,position,hind_leg_claw_chordotonal_organ_neuron,position,,,acetylcholine,acetylcholine,True,right_metathoracic_leg_nerve,,23420,banc_meta,population-level modality from literature; exact-root direction and thresholds unknown
720575941664626812,RH,femurTibia,claw,SNpp50,right,position,hind_leg_claw_chordotonal_organ_neuron,position,,,acetylcholine,acetylcholine,True,right_metathoracic_leg_nerve,,23707,banc_meta,population-level modality from literature; exact-root direction and thresholds unknown
720575941671407271,RH,femurTibia,claw,SNpp50,right,position,hind_leg_claw_chordotonal_organ_neuron,position,,,acetylcholine,acetylcholine,True,right_metathoracic_leg_nerve,,25626,banc_meta,population-level modality from literature; exact-root direction and thresholds unknown
720575941702248666,RH,femurTibia,claw,SNpp50,right,position,hind_leg_claw_chordotonal_organ_neuron,position,,,acetylcholine,acetylcholine,True,right_metathoracic_leg_nerve,,23707,banc_meta,population-level modality from literature; exact-root direction and thresholds unknown
720575941406216622,RH,femurTibia,club,SNpp43,right,vibration_and_bidirectional_motion,hind_leg_club_chordotonal_organ_neuron,vibro_tactile,,,acetylcholine,acetylcholine,True,right_metathoracic_leg_nerve,,25686,banc_meta,population-level modality from literature; exact-root direction and thresholds unknown
720575941406989742,RH,femurTibia,club,SNpp47,right,vibration_and_bidirectional_motion,hind_leg_club_chordotonal_organ_neuron,vibro_tactile,,,acetylcholine,acetylcholine,True,right_metathoracic_leg_nerve,,23607,banc_meta,population-level modality from literature; exact-root direction and thresholds unknown
720575941426845012,RH,femurTibia,club,SNpp60,right,vibration_and_bidirectional_motion,hind_leg_club_chordotonal_organ_neuron,vibro_tactile,,,acetylcholine,acetylcholine,True,right_metathoracic_leg_nerve,,22126,banc_meta,population-level modality from literature; exact-root direction and thresholds unknown
720575941429693432,RH,femurTibia,club,SNpp43,right,vibration_and_bidirectional_motion,hind_leg_club_chordotonal_organ_neuron,vibro_tactile,,,acetylcholine,acetylcholine,True,right_metathoracic_leg_nerve,,22495,banc_meta,population-level modality from literature; exact-root direction and thresholds unknown
720575941432143374,RH,femurTibia,club,SNpp40,right,vibration_and_bidirectional_motion,hind_leg_club_chordotonal_organ_neuron,vibro_tactile,,,acetylcholine,acetylcholine,True,right_metathoracic_leg_nerve,,22495,banc_meta,population-level modality from literature; exact-root direction and thresholds unknown
720575941444486314,RH,femurTibia,club,SNpp60,right,vibration_and_bidirectional_motion,hind_leg_club_chordotonal_organ_neuron,vibro_tactile,,,acetylcholine,acetylcholine,True,right_metathoracic_leg_nerve,,24897,banc_meta,population-level modality from literature; exact-root direction and thresholds unknown
720575941451573882,RH,femurTibia,club,SNpp43,right,vibration_and_bidirectional_motion,hind_leg_club_chordotonal_organ_neuron,vibro_tactile,,,acetylcholine,acetylcholine,True,right_metathoracic_leg_nerve,,23730,banc_meta,population-level modality from literature; exact-root direction and thresholds unknown
720575941452462505,RH,femurTibia,club,SNpp40,right,vibration_and_bidirectional_motion,hind_leg_club_chordotonal_organ_neuron,vibro_tactile,,,acetylcholine,acetylcholine,True,right_metathoracic_leg_nerve,,24772,banc_meta,population-level modality from literature; exact-root direction and thresholds unknown
720575941456263274,RH,femurTibia,club,SNpp56,right,vibration_and_bidirectional_motion,hind_leg_club_chordotonal_organ_neuron,vibro_tactile,,,acetylcholine,acetylcholine,True,right_metathoracic_leg_nerve,,22495,banc_meta,population-level modality from literature; exact-root direction and thresholds unknown
720575941456265578,RH,femurTibia,club,SNpp60,right,vibration_and_bidirectional_motion,hind_leg_club_chordotonal_organ_neuron,vibro_tactile,,,acetylcholine,acetylcholine,True,right_metathoracic_leg_nerve,,23913,banc_meta,population-level modality from literature; exact-root direction and thresholds unknown
720575941456766879,RH,femurTibia,club,SNpp43,right,vibration_and_bidirectional_motion,hind_leg_club_chordotonal_organ_neuron,vibro_tactile,,,acetylcholine,acetylcholine,True,right_metathoracic_leg_nerve,,22495,banc_meta,population-level modality from literature; exact-root direction and thresholds unknown
720575941457013919,RH,femurTibia,club,SNpp60,right,vibration_and_bidirectional_motion,hind_leg_club_chordotonal_organ_neuron,vibro_tactile,,,acetylcholine,acetylcholine,True,right_metathoracic_leg_nerve,,23448,banc_meta,population-level modality from literature; exact-root direction and thresholds unknown
720575941460200256,RH,femurTibia,club,SNpp56,right,vibration_and_bidirectional_motion,hind_leg_club_chordotonal_organ_neuron,vibro_tactile,,,acetylcholine,acetylcholine,True,right_metathoracic_leg_nerve,,22495,banc_meta,population-level modality from literature; exact-root direction and thresholds unknown
720575941468551947,RH,femurTibia,club,SNpp47,right,vibration_and_bidirectional_motion,hind_leg_club_chordotonal_organ_neuron,vibro_tactile,,,acetylcholine,acetylcholine,True,right_metathoracic_leg_nerve,,22287,banc_meta,population-level modality from literature; exact-root direction and thresholds unknown
720575941468570379,RH,femurTibia,club,SNpp60,right,vibration_and_bidirectional_motion,hind_leg_club_chordotonal_organ_neuron,vibro_tactile,,,acetylcholine,acetylcholine,True,right_metathoracic_leg_nerve,,22495,banc_meta,population-level modality from literature; exact-root direction and thresholds unknown
720575941472177962,RH,femurTibia,club,SNpp46,right,vibration_and_bidirectional_motion,hind_leg_club_chordotonal_organ_neuron,vibro_tactile,,,,acetylcholine,True,right_metathoracic_leg_nerve,,4654,banc_meta,population-level modality from literature; exact-root direction and thresholds unknown
720575941475224672,RH,femurTibia,club,SNpp59,right,vibration_and_bidirectional_motion,hind_leg_club_chordotonal_organ_neuron,vibro_tactile,,,acetylcholine,acetylcholine,True,right_metathoracic_leg_nerve,,23607,banc_meta,population-level modality from literature; exact-root direction and thresholds unknown
720575941476161585,RH,femurTibia,club,SNpp60,right,vibration_and_bidirectional_motion,hind_leg_club_chordotonal_organ_neuron,vibro_tactile,,,acetylcholine,acetylcholine,True,right_metathoracic_leg_nerve,,25686,banc_meta,population-level modality from literature; exact-root direction and thresholds unknown
720575941476734529,RH,femurTibia,club,SNpp56,right,vibration_and_bidirectional_motion,hind_leg_club_chordotonal_organ_neuron,vibro_tactile,,,acetylcholine,acetylcholine,True,right_metathoracic_leg_nerve,,21849,banc_meta,population-level modality from literature; exact-root direction and thresholds unknown
720575941477641322,RH,femurTibia,club,SNpp40,right,vibration_and_bidirectional_motion,hind_leg_club_chordotonal_organ_neuron,vibro_tactile,,,acetylcholine,acetylcholine,True,right_metathoracic_leg_nerve,,22495,banc_meta,population-level modality from literature; exact-root direction and thresholds unknown
720575941480087275,RH,femurTibia,club,SNpp56,right,vibration_and_bidirectional_motion,hind_leg_club_chordotonal_organ_neuron,vibro_tactile,,,acetylcholine,acetylcholine,True,right_metathoracic_leg_nerve,,23913,banc_meta,population-level modality from literature; exact-root direction and thresholds unknown
720575941480094699,RH,femurTibia,club,SNpp43,right,vibration_and_bidirectional_motion,hind_leg_club_chordotonal_organ_neuron,vibro_tactile,,,acetylcholine,acetylcholine,True,right_metathoracic_leg_nerve,,23099,banc_meta,population-level modality from literature; exact-root direction and thresholds unknown
720575941480185579,RH,femurTibia,club,SNpp47,right,vibration_and_bidirectional_motion,hind_leg_club_chordotonal_organ_neuron,vibro_tactile,,,acetylcholine,acetylcholine,True,right_metathoracic_leg_nerve,,23448,banc_meta,population-level modality from literature; exact-root direction and thresholds unknown
720575941482869757,RH,femurTibia,club,SNpp47,right,vibration_and_bidirectional_motion,hind_leg_club_chordotonal_organ_neuron,vibro_tactile,,,acetylcholine,acetylcholine,True,right_metathoracic_leg_nerve,,25686,banc_meta,population-level modality from literature; exact-root direction and thresholds unknown
720575941486467981,RH,femurTibia,club,SNpp60,right,vibration_and_bidirectional_motion,hind_leg_club_chordotonal_organ_neuron,vibro_tactile,,,acetylcholine,acetylcholine,True,right_metathoracic_leg_nerve,,4694,banc_meta,population-level modality from literature; exact-root direction and thresholds unknown
720575941497379195,RH,femurTibia,club,SNpp60,right,vibration_and_bidirectional_motion,hind_leg_club_chordotonal_organ_neuron,vibro_tactile,,,acetylcholine,acetylcholine,True,right_metathoracic_leg_nerve,,22495,banc_meta,population-level modality from literature; exact-root direction and thresholds unknown
720575941501000791,RH,femurTibia,club,SNpp42,right,vibration_and_bidirectional_motion,hind_leg_club_chordotonal_organ_neuron,vibro_tactile,,,,acetylcholine,True,right_metathoracic_leg_nerve,,4654,banc_meta,population-level modality from literature; exact-root direction and thresholds unknown
720575941506966437,RH,femurTibia,club,SNpp60,right,vibration_and_bidirectional_motion,hind_leg_club_chordotonal_organ_neuron,vibro_tactile,,,acetylcholine,acetylcholine,True,right_metathoracic_leg_nerve,,22495,banc_meta,population-level modality from literature; exact-root direction and thresholds unknown
720575941511887569,RH,femurTibia,club,SNpp42,right,vibration_and_bidirectional_motion,hind_leg_club_chordotonal_organ_neuron,vibro_tactile,,,,acetylcholine,True,right_metathoracic_leg_nerve,4658,4658,banc_meta,population-level modality from literature; exact-root direction and thresholds unknown
720575941512933073,RH,femurTibia,club,SNpp56,right,vibration_and_bidirectional_motion,hind_leg_club_chordotonal_organ_neuron,vibro_tactile,,,acetylcholine,acetylcholine,True,right_metathoracic_leg_nerve,,22495,banc_meta,population-level modality from literature; exact-root direction and thresholds unknown
720575941514806019,RH,femurTibia,club,SNpp43,right,vibration_and_bidirectional_motion,hind_leg_club_chordotonal_organ_neuron,vibro_tactile,,,acetylcholine,acetylcholine,True,right_metathoracic_leg_nerve,,22495,banc_meta,population-level modality from literature; exact-root direction and thresholds unknown
720575941516845059,RH,femurTibia,club,SNpp60,right,vibration_and_bidirectional_motion,hind_leg_club_chordotonal_organ_neuron,vibro_tactile,,,acetylcholine,acetylcholine,True,right_metathoracic_leg_nerve,,22495,banc_meta,population-level modality from literature; exact-root direction and thresholds unknown
720575941518933427,RH,femurTibia,club,SNpp43,right,vibration_and_bidirectional_motion,hind_leg_club_chordotonal_organ_neuron,vibro_tactile,,,acetylcholine,acetylcholine,True,right_metathoracic_leg_nerve,,22495,banc_meta,population-level modality from literature; exact-root direction and thresholds unknown
720575941525500749,RH,femurTibia,club,SNpp42,right,vibration_and_bidirectional_motion,hind_leg_club_chordotonal_organ_neuron,vibro_tactile,,,acetylcholine,acetylcholine,True,right_metathoracic_leg_nerve,,4654,banc_meta,population-level modality from literature; exact-root direction and thresholds unknown
720575941525578662,RH,femurTibia,club,SNpp58,right,vibration_and_bidirectional_motion,hind_leg_club_chordotonal_organ_neuron,vibro_tactile,,,acetylcholine,acetylcholine,True,right_metathoracic_leg_nerve,,23607,banc_meta,population-level modality from literature; exact-root direction and thresholds unknown
720575941527825830,RH,femurTibia,club,SNpp47,right,vibration_and_bidirectional_motion,hind_leg_club_chordotonal_organ_neuron,vibro_tactile,,,acetylcholine,acetylcholine,True,right_metathoracic_leg_nerve,,101397,banc_meta,population-level modality from literature; exact-root direction and thresholds unknown
720575941532584323,RH,femurTibia,club,SNpp43,right,vibration_and_bidirectional_motion,hind_leg_club_chordotonal_organ_neuron,vibro_tactile,,,acetylcholine,acetylcholine,True,right_metathoracic_leg_nerve,,22658,banc_meta,population-level modality from literature; exact-root direction and thresholds unknown
720575941533690817,RH,femurTibia,club,SNpp43,right,vibration_and_bidirectional_motion,hind_leg_club_chordotonal_organ_neuron,vibro_tactile,,,acetylcholine,acetylcholine,True,right_metathoracic_leg_nerve,,23099,banc_meta,population-level modality from literature; exact-root direction and thresholds unknown
720575941535708954,RH,femurTibia,club,SNpp44,right,vibration_and_bidirectional_motion,hind_leg_club_chordotonal_organ_neuron,vibro_tactile,,,,acetylcholine,True,right_metathoracic_leg_nerve,,22495,banc_meta,population-level modality from literature; exact-root direction and thresholds unknown
720575941536409571,RH,femurTibia,club,SNpp60,right,vibration_and_bidirectional_motion,hind_leg_club_chordotonal_organ_neuron,vibro_tactile,,,acetylcholine,acetylcholine,True,right_metathoracic_leg_nerve,,22495,banc_meta,population-level modality from literature; exact-root direction and thresholds unknown
720575941536471834,RH,femurTibia,club,SNpp56,right,vibration_and_bidirectional_motion,hind_leg_club_chordotonal_organ_neuron,vibro_tactile,,,acetylcholine,acetylcholine,True,right_metathoracic_leg_nerve,,22495,banc_meta,population-level modality from literature; exact-root direction and thresholds unknown
720575941536728808,RH,femurTibia,club,SNpp56,right,vibration_and_bidirectional_motion,hind_leg_club_chordotonal_organ_neuron,vibro_tactile,,,acetylcholine,acetylcholine,True,right_metathoracic_leg_nerve,,22495,banc_meta,population-level modality from literature; exact-root direction and thresholds unknown
720575941539248253,RH,femurTibia,club,SNpp43,right,vibration_and_bidirectional_motion,hind_leg_club_chordotonal_organ_neuron,vibro_tactile,,,acetylcholine,acetylcholine,True,right_metathoracic_leg_nerve,,25686,banc_meta,population-level modality from literature; exact-root direction and thresholds unknown
720575941540242268,RH,femurTibia,club,SNpp43,right,vibration_and_bidirectional_motion,hind_leg_club_chordotonal_organ_neuron,vibro_tactile,,,acetylcholine,acetylcholine,True,right_metathoracic_leg_nerve,,22495,banc_meta,population-level modality from literature; exact-root direction and thresholds unknown
720575941548470817,RH,femurTibia,club,SNpp47,right,vibration_and_bidirectional_motion,hind_leg_club_chordotonal_organ_neuron,vibro_tactile,,,acetylcholine,acetylcholine,True,right_metathoracic_leg_nerve,,23607,banc_meta,population-level modality from literature; exact-root direction and thresholds unknown
720575941557939950,RH,femurTibia,club,SNpp43,right,vibration_and_bidirectional_motion,hind_leg_club_chordotonal_organ_neuron,vibro_tactile,,,acetylcholine,acetylcholine,True,right_metathoracic_leg_nerve,,23099,banc_meta,population-level modality from literature; exact-root direction and thresholds unknown
720575941559561587,RH,femurTibia,club,SNpp60,right,vibration_and_bidirectional_motion,hind_leg_club_chordotonal_organ_neuron,vibro_tactile,,,acetylcholine,acetylcholine,True,right_metathoracic_leg_nerve,,22495,banc_meta,population-level modality from literature; exact-root direction and thresholds unknown
720575941564628887,RH,femurTibia,club,SNpp43,right,vibration_and_bidirectional_motion,hind_leg_club_chordotonal_organ_neuron,vibro_tactile,,,acetylcholine,acetylcholine,True,right_metathoracic_leg_nerve,,25686,banc_meta,population-level modality from literature; exact-root direction and thresholds unknown
720575941565072694,RH,femurTibia,club,SNpp47,right,vibration_and_bidirectional_motion,hind_leg_club_chordotonal_organ_neuron,vibro_tactile,,,acetylcholine,glutamate,True,right_metathoracic_leg_nerve,,25686,banc_meta,population-level modality from literature; exact-root direction and thresholds unknown
720575941567456626,RH,femurTibia,club,SNpp40,right,vibration_and_bidirectional_motion,hind_leg_club_chordotonal_organ_neuron,vibro_tactile,,,acetylcholine,acetylcholine,True,right_metathoracic_leg_nerve,,22495,banc_meta,population-level modality from literature; exact-root direction and thresholds unknown
720575941571574430,RH,femurTibia,club,SNpp60,right,vibration_and_bidirectional_motion,hind_leg_club_chordotonal_organ_neuron,vibro_tactile,,,acetylcholine,acetylcholine,True,right_metathoracic_leg_nerve,,22495,banc_meta,population-level modality from literature; exact-root direction and thresholds unknown
720575941583577183,RH,femurTibia,club,SNpp60,right,vibration_and_bidirectional_motion,hind_leg_club_chordotonal_organ_neuron,vibro_tactile,,,acetylcholine,acetylcholine,True,right_metathoracic_leg_nerve,,25995,banc_meta,population-level modality from literature; exact-root direction and thresholds unknown
720575941591264619,RH,femurTibia,club,SNpp43,right,vibration_and_bidirectional_motion,hind_leg_club_chordotonal_organ_neuron,vibro_tactile,,,,acetylcholine,True,right_metathoracic_leg_nerve,,22325,banc_meta,population-level modality from literature; exact-root direction and thresholds unknown
720575941592668011,RH,femurTibia,club,SNpp40,right,vibration_and_bidirectional_motion,hind_leg_club_chordotonal_organ_neuron,vibro_tactile,,,acetylcholine,acetylcholine,True,right_metathoracic_leg_nerve,,22495,banc_meta,population-level modality from literature; exact-root direction and thresholds unknown
720575941622232060,RH,femurTibia,club,SNpp42,right,vibration_and_bidirectional_motion,hind_leg_club_chordotonal_organ_neuron,vibro_tactile,,,,acetylcholine,True,right_metathoracic_leg_nerve,4658,4658,banc_meta,population-level modality from literature; exact-root direction and thresholds unknown
720575941629078764,RH,femurTibia,club,SNpp47,right,vibration_and_bidirectional_motion,hind_leg_club_chordotonal_organ_neuron,vibro_tactile,,,acetylcholine,acetylcholine,True,right_metathoracic_leg_nerve,,23448,banc_meta,population-level modality from literature; exact-root direction and thresholds unknown
720575941638471541,RH,femurTibia,club,SApp23,right,vibration_and_bidirectional_motion,hind_leg_club_chordotonal_organ_neuron,vibro_tactile,,,acetylcholine,acetylcholine,True,right_metathoracic_leg_nerve,,4698,banc_meta,population-level modality from literature; exact-root direction and thresholds unknown
720575941640210207,RH,femurTibia,club,SNpp58,right,vibration_and_bidirectional_motion,hind_leg_club_chordotonal_organ_neuron,vibro_tactile,,,acetylcholine,acetylcholine,True,right_metathoracic_leg_nerve,,23099,banc_meta,population-level modality from literature; exact-root direction and thresholds unknown
720575941640449055,RH,femurTibia,club,SNpp42,right,vibration_and_bidirectional_motion,hind_leg_club_chordotonal_organ_neuron,vibro_tactile,,,,acetylcholine,True,right_metathoracic_leg_nerve,,22193,banc_meta,population-level modality from literature; exact-root direction and thresholds unknown
720575941641371749,RH,femurTibia,club,SNpp59,right,vibration_and_bidirectional_motion,hind_leg_club_chordotonal_organ_neuron,vibro_tactile,,,acetylcholine,acetylcholine,True,right_metathoracic_leg_nerve,,22495,banc_meta,population-level modality from literature; exact-root direction and thresholds unknown
720575941651725041,RH,femurTibia,club,SNpp47,right,vibration_and_bidirectional_motion,hind_leg_club_chordotonal_organ_neuron,vibro_tactile,,,acetylcholine,acetylcholine,True,right_metathoracic_leg_nerve,,24382,banc_meta,population-level modality from literature; exact-root direction and thresholds unknown
720575941656329040,RH,femurTibia,club,SNpp42,right,vibration_and_bidirectional_motion,hind_leg_club_chordotonal_organ_neuron,vibro_tactile,,,,acetylcholine,True,right_metathoracic_leg_nerve,,4654,banc_meta,population-level modality from literature; exact-root direction and thresholds unknown
720575941657704216,RH,femurTibia,club,SNpp47,right,vibration_and_bidirectional_motion,hind_leg_club_chordotonal_organ_neuron,vibro_tactile,,,acetylcholine,acetylcholine,True,right_metathoracic_leg_nerve,,23607,banc_meta,population-level modality from literature; exact-root direction and thresholds unknown
720575941667528947,RH,femurTibia,club,SNpp60,right,vibration_and_bidirectional_motion,hind_leg_club_chordotonal_organ_neuron,vibro_tactile,,,acetylcholine,acetylcholine,True,right_metathoracic_leg_nerve,,24533,banc_meta,population-level modality from literature; exact-root direction and thresholds unknown
720575941669018791,RH,femurTibia,club,SNpp43,right,vibration_and_bidirectional_motion,hind_leg_club_chordotonal_organ_neuron,vibro_tactile,,,acetylcholine,acetylcholine,True,right_metathoracic_leg_nerve,,23099,banc_meta,population-level modality from literature; exact-root direction and thresholds unknown
720575941684669423,RH,femurTibia,club,SNpp47,right,vibration_and_bidirectional_motion,hind_leg_club_chordotonal_organ_neuron,vibro_tactile,,,acetylcholine,acetylcholine,True,right_metathoracic_leg_nerve,,22287,banc_meta,population-level modality from literature; exact-root direction and thresholds unknown
720575941690741400,RH,femurTibia,club,SNpp59,right,vibration_and_bidirectional_motion,hind_leg_club_chordotonal_organ_neuron,vibro_tactile,,,acetylcholine,acetylcholine,True,right_metathoracic_leg_nerve,,22495,banc_meta,population-level modality from literature; exact-root direction and thresholds unknown
720575941731743787,RH,femurTibia,club,SNpp56,right,vibration_and_bidirectional_motion,hind_leg_club_chordotonal_organ_neuron,vibro_tactile,,,acetylcholine,acetylcholine,True,right_metathoracic_leg_nerve,,22495,banc_meta,population-level modality from literature; exact-root direction and thresholds unknown
720575941403178275,RH,femurTibia,hook,SNpp41,right,direction,hind_leg_hook_chordotonal_organ_neuron,direction,,,acetylcholine,acetylcholine,True,right_metathoracic_leg_nerve,,25068,banc_meta,population-level modality from literature; exact-root direction and thresholds unknown
720575941426856788,RH,femurTibia,hook,SNpp41,right,direction,hind_leg_hook_chordotonal_organ_neuron,direction,,,acetylcholine,acetylcholine,True,right_metathoracic_leg_nerve,,22196,banc_meta,population-level modality from literature; exact-root direction and thresholds unknown
720575941452587386,RH,femurTibia,hook,SNpp39,right,direction,hind_leg_hook_chordotonal_organ_neuron,direction,,,acetylcholine,acetylcholine,True,right_metathoracic_leg_nerve,,25087,banc_meta,population-level modality from literature; exact-root direction and thresholds unknown
720575941464963341,RH,femurTibia,hook,SNpp39,right,direction,hind_leg_hook_chordotonal_organ_neuron,direction,,,acetylcholine,acetylcholine,True,right_metathoracic_leg_nerve,,23038,banc_meta,population-level modality from literature; exact-root direction and thresholds unknown
720575941464986381,RH,femurTibia,hook,SNpp41,right,direction,hind_leg_hook_chordotonal_organ_neuron,direction,,,acetylcholine,acetylcholine,True,right_metathoracic_leg_nerve,,23707,banc_meta,population-level modality from literature; exact-root direction and thresholds unknown
720575941477912372,RH,femurTibia,hook,SNpp39,right,direction,hind_leg_hook_chordotonal_organ_neuron,direction,,,acetylcholine,acetylcholine,True,right_metathoracic_leg_nerve,,24960,banc_meta,population-level modality from literature; exact-root direction and thresholds unknown
720575941478391348,RH,femurTibia,hook,SNpp39,right,direction,hind_leg_hook_chordotonal_organ_neuron,direction,,,acetylcholine,acetylcholine,True,right_metathoracic_leg_nerve,,24842,banc_meta,population-level modality from literature; exact-root direction and thresholds unknown
720575941482006211,RH,femurTibia,hook,SNpp41,right,direction,hind_leg_hook_chordotonal_organ_neuron,direction,,,acetylcholine,acetylcholine,True,right_metathoracic_leg_nerve,,24038,banc_meta,population-level modality from literature; exact-root direction and thresholds unknown
720575941482636986,RH,femurTibia,hook,SNpp41,right,direction,hind_leg_hook_chordotonal_organ_neuron,direction,,,acetylcholine,acetylcholine,True,right_metathoracic_leg_nerve,,24038,banc_meta,population-level modality from literature; exact-root direction and thresholds unknown
720575941487174918,RH,femurTibia,hook,SNpp39,right,direction,hind_leg_hook_chordotonal_organ_neuron,direction,,,acetylcholine,acetylcholine,True,right_metathoracic_leg_nerve,,22566,banc_meta,population-level modality from literature; exact-root direction and thresholds unknown
720575941489148624,RH,femurTibia,hook,SNpp39,right,direction,hind_leg_hook_chordotonal_organ_neuron,direction,,,acetylcholine,acetylcholine,True,right_metathoracic_leg_nerve,,24710,banc_meta,population-level modality from literature; exact-root direction and thresholds unknown
720575941525962340,RH,femurTibia,hook,SNpp39,right,direction,hind_leg_hook_chordotonal_organ_neuron,direction,,,acetylcholine,acetylcholine,True,right_metathoracic_leg_nerve,,23470,banc_meta,population-level modality from literature; exact-root direction and thresholds unknown
720575941531310264,RH,femurTibia,hook,SNpp39,right,direction,hind_leg_hook_chordotonal_organ_neuron,direction,,,acetylcholine,acetylcholine,True,right_metathoracic_leg_nerve,,26148,banc_meta,population-level modality from literature; exact-root direction and thresholds unknown
720575941536313322,RH,femurTibia,hook,SNpp39,right,direction,hind_leg_hook_chordotonal_organ_neuron,direction,,,acetylcholine,acetylcholine,True,right_metathoracic_leg_nerve,,26090,banc_meta,population-level modality from literature; exact-root direction and thresholds unknown
720575941538791139,RH,femurTibia,hook,SNpp39,right,direction,hind_leg_hook_chordotonal_organ_neuron,direction,,,acetylcholine,acetylcholine,True,right_metathoracic_leg_nerve,,24334,banc_meta,population-level modality from literature; exact-root direction and thresholds unknown
720575941540252309,RH,femurTibia,hook,SNpp39,right,direction,hind_leg_hook_chordotonal_organ_neuron,direction,,,acetylcholine,acetylcholine,True,right_metathoracic_leg_nerve,,23886,banc_meta,population-level modality from literature; exact-root direction and thresholds unknown
720575941564199063,RH,femurTibia,hook,SNpp39,right,direction,hind_leg_hook_chordotonal_organ_neuron,direction,,,acetylcholine,acetylcholine,True,right_metathoracic_leg_nerve,,24038,banc_meta,population-level modality from literature; exact-root direction and thresholds unknown
720575941572605000,RH,femurTibia,hook,SNpp41,right,direction,hind_leg_hook_chordotonal_organ_neuron,direction,,,acetylcholine,acetylcholine,True,right_metathoracic_leg_nerve,,25686,banc_meta,population-level modality from literature; exact-root direction and thresholds unknown
720575941575292680,RH,femurTibia,hook,SNpp39,right,direction,hind_leg_hook_chordotonal_organ_neuron,direction,,,acetylcholine,acetylcholine,True,right_metathoracic_leg_nerve,,25234,banc_meta,population-level modality from literature; exact-root direction and thresholds unknown
720575941635067323,RH,femurTibia,hook,SNpp41,right,direction,hind_leg_hook_chordotonal_organ_neuron,direction,,,acetylcholine,acetylcholine,True,right_metathoracic_leg_nerve,,22287,banc_meta,population-level modality from literature; exact-root direction and thresholds unknown
720575941639665183,RH,femurTibia,hook,SNpp41,right,direction,hind_leg_hook_chordotonal_organ_neuron,direction,,,acetylcholine,acetylcholine,True,right_metathoracic_leg_nerve,,25119,banc_meta,population-level modality from literature; exact-root direction and thresholds unknown
720575941645618337,RH,femurTibia,hook,SNpp39,right,direction,hind_leg_hook_chordotonal_organ_neuron,direction,,,acetylcholine,acetylcholine,True,right_metathoracic_leg_nerve,,23725,banc_meta,population-level modality from literature; exact-root direction and thresholds unknown
720575941664773756,RH,femurTibia,hook,SNpp39,right,direction,hind_leg_hook_chordotonal_organ_neuron,direction,,,acetylcholine,acetylcholine,True,right_metathoracic_leg_nerve,,24960,banc_meta,population-level modality from literature; exact-root direction and thresholds unknown
720575941724397114,RH,femurTibia,hook,SNpp39,right,direction,hind_leg_hook_chordotonal_organ_neuron,direction,,,acetylcholine,acetylcholine,True,right_metathoracic_leg_nerve,,25021,banc_meta,population-level modality from literature; exact-root direction and thresholds unknown
720575941410140075,RM,femurTibia,claw,SNpp51,right,position,middle_leg_claw_chordotonal_organ_neuron,position,,,acetylcholine,acetylcholine,True,right_mesothoracic_leg_nerve,,18477,banc_meta,population-level modality from literature; exact-root direction and thresholds unknown
720575941435082784,RM,femurTibia,claw,SNpp51,right,position,middle_leg_claw_chordotonal_organ_neuron,position,,,acetylcholine,gaba,True,right_mesothoracic_leg_nerve,,18342,banc_meta,population-level modality from literature; exact-root direction and thresholds unknown
720575941442976207,RM,femurTibia,claw,SNpp50,right,position,middle_leg_claw_chordotonal_organ_neuron,position,,,acetylcholine,acetylcholine,True,right_mesothoracic_leg_nerve,3840,17670,banc_meta,population-level modality from literature; exact-root direction and thresholds unknown
720575941462851853,RM,femurTibia,claw,SNpp51,right,position,middle_leg_claw_chordotonal_organ_neuron,position,,,acetylcholine,acetylcholine,True,right_mesothoracic_leg_nerve,3840,3840,banc_meta,population-level modality from literature; exact-root direction and thresholds unknown
720575941471674666,RM,femurTibia,claw,SNpp50,right,position,middle_leg_claw_chordotonal_organ_neuron,position,,,acetylcholine,acetylcholine,True,right_mesothoracic_leg_nerve,3840,3840,banc_meta,population-level modality from literature; exact-root direction and thresholds unknown
720575941483163075,RM,femurTibia,claw,SNpp51,right,position,middle_leg_claw_chordotonal_organ_neuron,position,,,acetylcholine,acetylcholine,True,right_mesothoracic_leg_nerve,3840,18448,banc_meta,population-level modality from literature; exact-root direction and thresholds unknown
720575941484596410,RM,femurTibia,claw,SNpp50,right,position,middle_leg_claw_chordotonal_organ_neuron,position,,,acetylcholine,gaba,True,right_mesothoracic_leg_nerve,,3729,banc_meta,population-level modality from literature; exact-root direction and thresholds unknown
720575941538788584,RM,femurTibia,claw,SNpp50,right,position,middle_leg_claw_chordotonal_organ_neuron,position,,,acetylcholine,acetylcholine,True,right_mesothoracic_leg_nerve,3840,3840,banc_meta,population-level modality from literature; exact-root direction and thresholds unknown
720575941558018163,RM,femurTibia,claw,SNpp50,right,position,middle_leg_claw_chordotonal_organ_neuron,position,,,acetylcholine,acetylcholine,True,right_mesothoracic_leg_nerve,3840,3840,banc_meta,population-level modality from literature; exact-root direction and thresholds unknown
720575941560431219,RM,femurTibia,claw,SNpp50,right,position,middle_leg_claw_chordotonal_organ_neuron,position,,,acetylcholine,acetylcholine,True,right_mesothoracic_leg_nerve,3840,21777,banc_meta,population-level modality from literature; exact-root direction and thresholds unknown
720575941595795158,RM,femurTibia,claw,SNpp51,right,position,middle_leg_claw_chordotonal_organ_neuron,position,,,acetylcholine,acetylcholine,True,right_mesothoracic_leg_nerve,3844,17617,banc_meta,population-level modality from literature; exact-root direction and thresholds unknown
720575941627221286,RM,femurTibia,claw,SNpp51,right,position,middle_leg_claw_chordotonal_organ_neuron,position,,,acetylcholine,acetylcholine,True,right_mesothoracic_leg_nerve,3840,3840,banc_meta,population-level modality from literature; exact-root direction and thresholds unknown
720575941643444837,RM,femurTibia,claw,SNpp51,right,position,middle_leg_claw_chordotonal_organ_neuron,position,,,acetylcholine,acetylcholine,True,right_mesothoracic_leg_nerve,,20370,banc_meta,population-level modality from literature; exact-root direction and thresholds unknown
720575941390784918,RM,femurTibia,club,SNpp47,right,vibration_and_bidirectional_motion,middle_leg_club_chordotonal_organ_neuron,vibro_tactile,,,acetylcholine,gaba,True,right_mesothoracic_leg_nerve,3922,3922,banc_meta,population-level modality from literature; exact-root direction and thresholds unknown
720575941399517475,RM,femurTibia,club,SNpp60,right,vibration_and_bidirectional_motion,middle_leg_club_chordotonal_organ_neuron,vibro_tactile,,,acetylcholine,acetylcholine,True,right_mesothoracic_leg_nerve,4140,4140,banc_meta,population-level modality from literature; exact-root direction and thresholds unknown
720575941405904814,RM,femurTibia,club,SNpp56,right,vibration_and_bidirectional_motion,middle_leg_club_chordotonal_organ_neuron,vibro_tactile,,,acetylcholine,acetylcholine,True,right_mesothoracic_leg_nerve,4154,4154,banc_meta,population-level modality from literature; exact-root direction and thresholds unknown
720575941405908654,RM,femurTibia,club,SNpp58,right,vibration_and_bidirectional_motion,middle_leg_club_chordotonal_organ_neuron,vibro_tactile,,,acetylcholine,acetylcholine,True,right_mesothoracic_leg_nerve,,18139,banc_meta,population-level modality from literature; exact-root direction and thresholds unknown
720575941432452527,RM,femurTibia,club,SNpp60,right,vibration_and_bidirectional_motion,middle_leg_club_chordotonal_organ_neuron,vibro_tactile,,,acetylcholine,acetylcholine,False,right_mesothoracic_leg_nerve,,3862,banc_meta,population-level modality from literature; exact-root direction and thresholds unknown
720575941435874066,RM,femurTibia,club,SNpp40,right,vibration_and_bidirectional_motion,middle_leg_club_chordotonal_organ_neuron,vibro_tactile,,,acetylcholine,acetylcholine,True,right_mesothoracic_leg_nerve,3862,3862,banc_meta,population-level modality from literature; exact-root direction and thresholds unknown
720575941461441805,RM,femurTibia,club,SNpp47,right,vibration_and_bidirectional_motion,middle_leg_club_chordotonal_organ_neuron,vibro_tactile,,,acetylcholine,acetylcholine,True,right_mesothoracic_leg_nerve,4140,4140,banc_meta,population-level modality from literature; exact-root direction and thresholds unknown
720575941463569677,RM,femurTibia,club,SNpp47,right,vibration_and_bidirectional_motion,middle_leg_club_chordotonal_organ_neuron,vibro_tactile,,,acetylcholine,acetylcholine,True,right_mesothoracic_leg_nerve,4132,4132,banc_meta,population-level modality from literature; exact-root direction and thresholds unknown
720575941467391453,RM,femurTibia,club,SNpp57,right,vibration_and_bidirectional_motion,middle_leg_club_chordotonal_organ_neuron,vibro_tactile,,,acetylcholine,acetylcholine,True,right_mesothoracic_leg_nerve,4060,4060,banc_meta,population-level modality from literature; exact-root direction and thresholds unknown
720575941470301047,RM,femurTibia,club,SNpp43,right,vibration_and_bidirectional_motion,middle_leg_club_chordotonal_organ_neuron,vibro_tactile,,,acetylcholine,acetylcholine,True,right_mesothoracic_leg_nerve,,20452,banc_meta,population-level modality from literature; exact-root direction and thresholds unknown
720575941471740458,RM,femurTibia,club,SNpp43,right,vibration_and_bidirectional_motion,middle_leg_club_chordotonal_organ_neuron,vibro_tactile,,,acetylcholine,acetylcholine,True,right_mesothoracic_leg_nerve,,18139,banc_meta,population-level modality from literature; exact-root direction and thresholds unknown
720575941471742762,RM,femurTibia,club,SNpp43,right,vibration_and_bidirectional_motion,middle_leg_club_chordotonal_organ_neuron,vibro_tactile,,,acetylcholine,acetylcholine,True,right_mesothoracic_leg_nerve,,20452,banc_meta,population-level modality from literature; exact-root direction and thresholds unknown
720575941472547447,RM,femurTibia,club,SNpp60,right,vibration_and_bidirectional_motion,middle_leg_club_chordotonal_organ_neuron,vibro_tactile,,,acetylcholine,acetylcholine,True,right_mesothoracic_leg_nerve,3862,18587,banc_meta,population-level modality from literature; exact-root direction and thresholds unknown
720575941475401824,RM,femurTibia,club,SNpp60,right,vibration_and_bidirectional_motion,middle_leg_club_chordotonal_organ_neuron,vibro_tactile,,,acetylcholine,acetylcholine,True,right_mesothoracic_leg_nerve,4140,17680,banc_meta,population-level modality from literature; exact-root direction and thresholds unknown
720575941477676768,RM,femurTibia,club,SNpp56,right,vibration_and_bidirectional_motion,middle_leg_club_chordotonal_organ_neuron,vibro_tactile,,,acetylcholine,acetylcholine,True,right_mesothoracic_leg_nerve,4060,4060,banc_meta,population-level modality from literature; exact-root direction and thresholds unknown
720575941478015362,RM,femurTibia,club,SNpp60,right,vibration_and_bidirectional_motion,middle_leg_club_chordotonal_organ_neuron,vibro_tactile,,,acetylcholine,acetylcholine,True,right_mesothoracic_leg_nerve,4140,4140,banc_meta,population-level modality from literature; exact-root direction and thresholds unknown
720575941483834946,RM,femurTibia,club,SNpp40,right,vibration_and_bidirectional_motion,middle_leg_club_chordotonal_organ_neuron,vibro_tactile,,,acetylcholine,acetylcholine,True,right_mesothoracic_leg_nerve,4154,4154,banc_meta,population-level modality from literature; exact-root direction and thresholds unknown
720575941483890061,RM,femurTibia,club,SNpp60,right,vibration_and_bidirectional_motion,middle_leg_club_chordotonal_organ_neuron,vibro_tactile,,,acetylcholine,acetylcholine,True,right_mesothoracic_leg_nerve,4154,4154,banc_meta,population-level modality from literature; exact-root direction and thresholds unknown
720575941483898434,RM,femurTibia,club,SNpp47,right,vibration_and_bidirectional_motion,middle_leg_club_chordotonal_organ_neuron,vibro_tactile,,,acetylcholine,acetylcholine,True,right_mesothoracic_leg_nerve,,18139,banc_meta,population-level modality from literature; exact-root direction and thresholds unknown
720575941485376464,RM,femurTibia,club,SNpp47,right,vibration_and_bidirectional_motion,middle_leg_club_chordotonal_organ_neuron,vibro_tactile,,,acetylcholine,acetylcholine,True,right_mesothoracic_leg_nerve,4122,4122,banc_meta,population-level modality from literature; exact-root direction and thresholds unknown
720575941485400528,RM,femurTibia,club,SNpp58,right,vibration_and_bidirectional_motion,middle_leg_club_chordotonal_organ_neuron,vibro_tactile,,,acetylcholine,glutamate,True,right_mesothoracic_leg_nerve,,18139,banc_meta,population-level modality from literature; exact-root direction and thresholds unknown
720575941485432461,RM,femurTibia,club,SNpp60,right,vibration_and_bidirectional_motion,middle_leg_club_chordotonal_organ_neuron,vibro_tactile,,,acetylcholine,acetylcholine,True,right_mesothoracic_leg_nerve,4140,4140,banc_meta,population-level modality from literature; exact-root direction and thresholds unknown
720575941500858507,RM,femurTibia,club,SNpp40,right,vibration_and_bidirectional_motion,middle_leg_club_chordotonal_organ_neuron,vibro_tactile,,,acetylcholine,acetylcholine,True,right_mesothoracic_leg_nerve,3862,3862,banc_meta,population-level modality from literature; exact-root direction and thresholds unknown
720575941507201349,RM,femurTibia,club,SNpp47,right,vibration_and_bidirectional_motion,middle_leg_club_chordotonal_organ_neuron,vibro_tactile,,,acetylcholine,acetylcholine,False,right_mesothoracic_leg_nerve,,20452,banc_meta,population-level modality from literature; exact-root direction and thresholds unknown
720575941512485330,RM,femurTibia,club,SNpp39,right,vibration_and_bidirectional_motion,middle_leg_club_chordotonal_organ_neuron,vibro_tactile,,,acetylcholine,gaba,True,right_mesothoracic_leg_nerve,,18593,banc_meta,population-level modality from literature; exact-root direction and thresholds unknown
720575941513028707,RM,femurTibia,club,SNpp58,right,vibration_and_bidirectional_motion,middle_leg_club_chordotonal_organ_neuron,vibro_tactile,,,acetylcholine,acetylcholine,True,right_mesothoracic_leg_nerve,,18139,banc_meta,population-level modality from literature; exact-root direction and thresholds unknown
720575941516244908,RM,femurTibia,club,SNpp39,right,vibration_and_bidirectional_motion,middle_leg_club_chordotonal_organ_neuron,vibro_tactile,,,acetylcholine,gaba,True,right_mesothoracic_leg_nerve,,20369,banc_meta,population-level modality from literature; exact-root direction and thresholds unknown
720575941516925550,RM,femurTibia,club,SNpp47,right,vibration_and_bidirectional_motion,middle_leg_club_chordotonal_organ_neuron,vibro_tactile,,,acetylcholine,acetylcholine,True,right_mesothoracic_leg_nerve,3922,3922,banc_meta,population-level modality from literature; exact-root direction and thresholds unknown
720575941518183571,RM,femurTibia,club,SNpp40,right,vibration_and_bidirectional_motion,middle_leg_club_chordotonal_organ_neuron,vibro_tactile,,,acetylcholine,acetylcholine,True,right_mesothoracic_leg_nerve,4082,18532,banc_meta,population-level modality from literature; exact-root direction and thresholds unknown
720575941533485505,RM,femurTibia,club,SNpp57,right,vibration_and_bidirectional_motion,middle_leg_club_chordotonal_organ_neuron,vibro_tactile,,,acetylcholine,acetylcholine,True,right_mesothoracic_leg_nerve,4154,4154,banc_meta,population-level modality from literature; exact-root direction and thresholds unknown
720575941533930266,RM,femurTibia,club,SNpp43,right,vibration_and_bidirectional_motion,middle_leg_club_chordotonal_organ_neuron,vibro_tactile,,,acetylcholine,gaba,True,right_mesothoracic_leg_nerve,,18139,banc_meta,population-level modality from literature; exact-root direction and thresholds unknown
720575941534010261,RM,femurTibia,club,SNpp47,right,vibration_and_bidirectional_motion,middle_leg_club_chordotonal_organ_neuron,vibro_tactile,,,acetylcholine,acetylcholine,True,right_mesothoracic_leg_nerve,4140,4140,banc_meta,population-level modality from literature; exact-root direction and thresholds unknown
720575941536010984,RM,femurTibia,club,SNpp60,right,vibration_and_bidirectional_motion,middle_leg_club_chordotonal_organ_neuron,vibro_tactile,,,acetylcholine,acetylcholine,True,right_mesothoracic_leg_nerve,4140,4140,banc_meta,population-level modality from literature; exact-root direction and thresholds unknown
720575941544157213,RM,femurTibia,club,SNpp39,right,vibration_and_bidirectional_motion,middle_leg_club_chordotonal_organ_neuron,vibro_tactile,,,acetylcholine,acetylcholine,True,right_mesothoracic_leg_nerve,,17519,banc_meta,population-level modality from literature; exact-root direction and thresholds unknown
720575941547007777,RM,femurTibia,club,SNpp60,right,vibration_and_bidirectional_motion,middle_leg_club_chordotonal_organ_neuron,vibro_tactile,,,acetylcholine,acetylcholine,True,right_mesothoracic_leg_nerve,4132,4132,banc_meta,population-level modality from literature; exact-root direction and thresholds unknown
720575941547382077,RM,femurTibia,club,SNpp47,right,vibration_and_bidirectional_motion,middle_leg_club_chordotonal_organ_neuron,vibro_tactile,,,acetylcholine,gaba,True,right_mesothoracic_leg_nerve,,18139,banc_meta,population-level modality from literature; exact-root direction and thresholds unknown
720575941549178760,RM,femurTibia,club,SNpp40,right,vibration_and_bidirectional_motion,middle_leg_club_chordotonal_organ_neuron,vibro_tactile,,,acetylcholine,acetylcholine,True,right_mesothoracic_leg_nerve,4060,21689,banc_meta,population-level modality from literature; exact-root direction and thresholds unknown
720575941555229185,RM,femurTibia,club,SNpp40,right,vibration_and_bidirectional_motion,middle_leg_club_chordotonal_organ_neuron,vibro_tactile,,,acetylcholine,acetylcholine,True,right_mesothoracic_leg_nerve,3862,17481,banc_meta,population-level modality from literature; exact-root direction and thresholds unknown
720575941565144423,RM,femurTibia,club,SNpp60,right,vibration_and_bidirectional_motion,middle_leg_club_chordotonal_organ_neuron,vibro_tactile,,,acetylcholine,acetylcholine,True,right_mesothoracic_leg_nerve,4140,4140,banc_meta,population-level modality from literature; exact-root direction and thresholds unknown
720575941565457047,RM,femurTibia,club,SNpp47,right,vibration_and_bidirectional_motion,middle_leg_club_chordotonal_organ_neuron,vibro_tactile,,,acetylcholine,gaba,False,right_mesothoracic_leg_nerve,4140,4140,banc_meta,population-level modality from literature; exact-root direction and thresholds unknown
720575941565594624,RM,femurTibia,club,SNpp43,right,vibration_and_bidirectional_motion,middle_leg_club_chordotonal_organ_neuron,vibro_tactile,,,acetylcholine,acetylcholine,True,right_mesothoracic_leg_nerve,,20316,banc_meta,population-level modality from literature; exact-root direction and thresholds unknown
720575941569038324,RM,femurTibia,club,SNpp58,right,vibration_and_bidirectional_motion,middle_leg_club_chordotonal_organ_neuron,vibro_tactile,,,acetylcholine,acetylcholine,True,right_mesothoracic_leg_nerve,3862,3862,banc_meta,population-level modality from literature; exact-root direction and thresholds unknown
720575941575981832,RM,femurTibia,club,SNpp51,right,vibration_and_bidirectional_motion,middle_leg_club_chordotonal_organ_neuron,vibro_tactile,,,acetylcholine,acetylcholine,True,right_mesothoracic_leg_nerve,3846,20219,banc_meta,population-level modality from literature; exact-root direction and thresholds unknown
720575941581763167,RM,femurTibia,club,SNpp58,right,vibration_and_bidirectional_motion,middle_leg_club_chordotonal_organ_neuron,vibro_tactile,,,acetylcholine,gaba,True,right_mesothoracic_leg_nerve,3936,3936,banc_meta,population-level modality from literature; exact-root direction and thresholds unknown
720575941592392918,RM,femurTibia,club,SNpp57,right,vibration_and_bidirectional_motion,middle_leg_club_chordotonal_organ_neuron,vibro_tactile,,,acetylcholine,acetylcholine,True,right_mesothoracic_leg_nerve,4154,4154,banc_meta,population-level modality from literature; exact-root direction and thresholds unknown
720575941592913191,RM,femurTibia,club,SNpp60,right,vibration_and_bidirectional_motion,middle_leg_club_chordotonal_organ_neuron,vibro_tactile,,,acetylcholine,acetylcholine,True,right_mesothoracic_leg_nerve,4154,4154,banc_meta,population-level modality from literature; exact-root direction and thresholds unknown
720575941597963049,RM,femurTibia,club,SNpp47,right,vibration_and_bidirectional_motion,middle_leg_club_chordotonal_organ_neuron,vibro_tactile,,,acetylcholine,acetylcholine,True,right_mesothoracic_leg_nerve,4122,4122,banc_meta,population-level modality from literature; exact-root direction and thresholds unknown
720575941598316188,RM,femurTibia,club,SNpp39,right,vibration_and_bidirectional_motion,middle_leg_club_chordotonal_organ_neuron,vibro_tactile,,,acetylcholine,acetylcholine,True,right_mesothoracic_leg_nerve,,3610,banc_meta,population-level modality from literature; exact-root direction and thresholds unknown
720575941612662169,RM,femurTibia,club,SNpp43,right,vibration_and_bidirectional_motion,middle_leg_club_chordotonal_organ_neuron,vibro_tactile,,,acetylcholine,acetylcholine,True,right_mesothoracic_leg_nerve,,20452,banc_meta,population-level modality from literature; exact-root direction and thresholds unknown
720575941630102725,RM,femurTibia,club,SNpp57,right,vibration_and_bidirectional_motion,middle_leg_club_chordotonal_organ_neuron,vibro_tactile,,,acetylcholine,gaba,True,right_mesothoracic_leg_nerve,4140,4140,banc_meta,population-level modality from literature; exact-root direction and thresholds unknown
720575941656565584,RM,femurTibia,club,SNpp60,right,vibration_and_bidirectional_motion,middle_leg_club_chordotonal_organ_neuron,vibro_tactile,,,acetylcholine,acetylcholine,True,right_mesothoracic_leg_nerve,4140,4140,banc_meta,population-level modality from literature; exact-root direction and thresholds unknown
720575941704462554,RM,femurTibia,club,SNpp51,right,vibration_and_bidirectional_motion,middle_leg_club_chordotonal_organ_neuron,vibro_tactile,,,acetylcholine,acetylcholine,True,right_mesothoracic_leg_nerve,,21062,banc_meta,population-level modality from literature; exact-root direction and thresholds unknown
720575941431774895,RM,femurTibia,hook,SNpp39,right,direction,middle_leg_hook_chordotonal_organ_neuron,direction,,,acetylcholine,acetylcholine,True,right_mesothoracic_leg_nerve,,20885,banc_meta,population-level modality from literature; exact-root direction and thresholds unknown
720575941431911928,RM,femurTibia,hook,SNpp39,right,direction,middle_leg_hook_chordotonal_organ_neuron,direction,,,acetylcholine,acetylcholine,True,right_mesothoracic_leg_nerve,,4062,banc_meta,population-level modality from literature; exact-root direction and thresholds unknown
720575941439042767,RM,femurTibia,hook,SNpp41,right,direction,middle_leg_hook_chordotonal_organ_neuron,direction,,,acetylcholine,acetylcholine,True,right_mesothoracic_leg_nerve,,18437,banc_meta,population-level modality from literature; exact-root direction and thresholds unknown
720575941439928108,RM,femurTibia,hook,SNpp41,right,direction,middle_leg_hook_chordotonal_organ_neuron,direction,,,acetylcholine,acetylcholine,True,right_mesothoracic_leg_nerve,,21658,banc_meta,population-level modality from literature; exact-root direction and thresholds unknown
720575941441982927,RM,femurTibia,hook,SNpp39,right,direction,middle_leg_hook_chordotonal_organ_neuron,direction,,,acetylcholine,acetylcholine,True,right_mesothoracic_leg_nerve,,21133,banc_meta,population-level modality from literature; exact-root direction and thresholds unknown
720575941457475142,RM,femurTibia,hook,SNpp44,right,direction,middle_leg_hook_chordotonal_organ_neuron,direction,,,,acetylcholine,True,right_mesothoracic_leg_nerve,4154,4154,banc_meta,population-level modality from literature; exact-root direction and thresholds unknown
720575941478756431,RM,femurTibia,hook,SNpp41,right,direction,middle_leg_hook_chordotonal_organ_neuron,direction,,,acetylcholine,acetylcholine,True,right_mesothoracic_leg_nerve,,18241,banc_meta,population-level modality from literature; exact-root direction and thresholds unknown
720575941483927106,RM,femurTibia,hook,SNpp41,right,direction,middle_leg_hook_chordotonal_organ_neuron,direction,,,acetylcholine,acetylcholine,True,right_mesothoracic_leg_nerve,,21658,banc_meta,population-level modality from literature; exact-root direction and thresholds unknown
720575941492589031,RM,femurTibia,hook,SNpp39,right,direction,middle_leg_hook_chordotonal_organ_neuron,direction,,,acetylcholine,acetylcholine,True,right_mesothoracic_leg_nerve,3840,21144,banc_meta,population-level modality from literature; exact-root direction and thresholds unknown
720575941501099755,RM,femurTibia,hook,SNpp39,right,direction,middle_leg_hook_chordotonal_organ_neuron,direction,,,acetylcholine,acetylcholine,True,right_mesothoracic_leg_nerve,,18077,banc_meta,population-level modality from literature; exact-root direction and thresholds unknown
720575941509176670,RM,femurTibia,hook,SNpp39,right,direction,middle_leg_hook_chordotonal_organ_neuron,direction,,,acetylcholine,acetylcholine,True,right_mesothoracic_leg_nerve,,21517,banc_meta,population-level modality from literature; exact-root direction and thresholds unknown
720575941511470864,RM,femurTibia,hook,SNpp41,right,direction,middle_leg_hook_chordotonal_organ_neuron,direction,,,acetylcholine,acetylcholine,True,right_mesothoracic_leg_nerve,,18437,banc_meta,population-level modality from literature; exact-root direction and thresholds unknown
720575941538237160,RM,femurTibia,hook,SNpp39,right,direction,middle_leg_hook_chordotonal_organ_neuron,direction,,,acetylcholine,acetylcholine,True,right_mesothoracic_leg_nerve,,4171,banc_meta,population-level modality from literature; exact-root direction and thresholds unknown
720575941539707634,RM,femurTibia,hook,SNpp39,right,direction,middle_leg_hook_chordotonal_organ_neuron,direction,,,acetylcholine,acetylcholine,True,right_mesothoracic_leg_nerve,18077,19784,banc_meta,population-level modality from literature; exact-root direction and thresholds unknown
720575941542829085,RM,femurTibia,hook,SNpp39,right,direction,middle_leg_hook_chordotonal_organ_neuron,direction,,,acetylcholine,acetylcholine,True,right_mesothoracic_leg_nerve,3840,3840,banc_meta,population-level modality from literature; exact-root direction and thresholds unknown
720575941569239854,RM,femurTibia,hook,SNpp39,right,direction,middle_leg_hook_chordotonal_organ_neuron,direction,,,acetylcholine,acetylcholine,True,right_mesothoracic_leg_nerve,3889,3889,banc_meta,population-level modality from literature; exact-root direction and thresholds unknown
720575941575223656,RM,femurTibia,hook,SNpp39,right,direction,middle_leg_hook_chordotonal_organ_neuron,direction,,,acetylcholine,acetylcholine,True,right_mesothoracic_leg_nerve,,18077,banc_meta,population-level modality from literature; exact-root direction and thresholds unknown
720575941595449302,RM,femurTibia,hook,SNpp39,right,direction,middle_leg_hook_chordotonal_organ_neuron,direction,,,acetylcholine,acetylcholine,True,right_mesothoracic_leg_nerve,,18563,banc_meta,population-level modality from literature; exact-root direction and thresholds unknown
720575941612226890,RM,femurTibia,hook,SNpp39,right,direction,middle_leg_hook_chordotonal_organ_neuron,direction,,,acetylcholine,acetylcholine,True,right_mesothoracic_leg_nerve,,3872,banc_meta,population-level modality from literature; exact-root direction and thresholds unknown
720575941632486587,RM,femurTibia,hook,SNpp39,right,direction,middle_leg_hook_chordotonal_organ_neuron,direction,,,acetylcholine,acetylcholine,True,right_mesothoracic_leg_nerve,,18437,banc_meta,population-level modality from literature; exact-root direction and thresholds unknown
720575941633585644,RM,femurTibia,hook,SNpp39,right,direction,middle_leg_hook_chordotonal_organ_neuron,direction,,,acetylcholine,acetylcholine,True,right_mesothoracic_leg_nerve,,21419,banc_meta,population-level modality from literature; exact-root direction and thresholds unknown
720575941639297909,RM,femurTibia,hook,SNpp41,right,direction,middle_leg_hook_chordotonal_organ_neuron,direction,,,acetylcholine,acetylcholine,True,right_mesothoracic_leg_nerve,,18437,banc_meta,population-level modality from literature; exact-root direction and thresholds unknown
720575941653227541,RM,femurTibia,hook,SNpp41,right,direction,middle_leg_hook_chordotonal_organ_neuron,direction,,,acetylcholine,acetylcholine,True,right_mesothoracic_leg_nerve,3889,3889,banc_meta,population-level modality from literature; exact-root direction and thresholds unknown
