review_rank,priority_reason,root_id,flow,super_class,cell_class,cell_type,side,in_schema_metadata,is_R7_priority,is_Princeton_only_195,Princeton_individual_points,skeleton_nodes,skeleton_root_nodes,radius_min_nm,radius_mean_nm,radius_max_nm,radius_zero_rows,radius_negative_rows,nonfinite_coordinate_cells,x_min_nm,x_max_nm,x_span_um,y_min_nm,y_max_nm,y_span_um,z_min_nm,z_max_nm,z_span_um,bounding_box_diagonal_um,review_rank,priority_reason
1,R7 focal case,720575940623940963,afferent,sensory,visual,R7,right,True,True,False,215,311,1,0,316.17,1251,15,0,0,744319.25,866602.25,122.283,350794.344,368331.5,17.537,98059.703,146948.25,48.889,132.856,1,R7 focal case
2,Princeton-only point coverage,720575940631647173,afferent,sensory,visual,R1-6,right,True,False,True,222,280,1,0,351.825,1038,27,0,0,831619.875,862970.062,31.35,227826.703,236532.656,8.706,108861.062,131735.391,22.874,39.773,2,Princeton-only point coverage
3,Princeton-only point coverage,720575940609016668,afferent,sensory,visual,R1-6,right,True,False,True,206,301,1,0,325.405,1218,28,0,0,828206.25,883165.75,54.959,343207.875,358304.0,15.096,109750.719,131066.156,21.315,60.851,3,Princeton-only point coverage
4,Princeton-only point coverage,720575940622545023,afferent,sensory,visual,R1-6,right,True,False,True,205,294,1,0,355.099,1405,41,0,0,841803.688,886944.0,45.14,219223.812,232590.625,13.367,146768.328,154691.203,7.923,47.74,4,Princeton-only point coverage
5,Princeton-only point coverage,720575940621489243,afferent,sensory,visual,R1-6,right,True,False,True,205,317,1,0,314.987,1551,38,0,0,838833.0,876475.562,37.643,206788.391,222671.438,15.883,144263.094,151184.531,6.921,41.438,5,Princeton-only point coverage
6,Princeton-only point coverage,720575940625717747,afferent,sensory,visual,R1-6,right,True,False,True,200,296,1,0,338.145,951,33,0,0,834661.25,863843.625,29.182,319504.781,330146.438,10.642,86358.703,115683.797,29.325,42.718,6,Princeton-only point coverage
7,Princeton-only point coverage,720575940618712221,afferent,sensory,visual,R1-6,right,True,False,True,184,299,1,0,356.288,1501,28,0,0,835877.188,875584.0,39.707,224375.406,237099.344,12.724,118407.891,135920.266,17.512,45.224,7,Princeton-only point coverage
8,Princeton-only point coverage,720575940607773314,afferent,sensory,visual,R1-6,right,True,False,True,181,277,1,0,368.155,1201,32,0,0,831878.438,863135.312,31.257,204270.828,217219.609,12.949,123319.094,139397.984,16.079,37.459,8,Princeton-only point coverage
9,Princeton-only point coverage,720575940635168407,afferent,sensory,visual,R1-6,right,True,False,True,180,245,1,0,343.147,1550,30,0,0,821837.375,829613.062,7.776,181037.062,200165.797,19.129,107645.484,137057.172,29.412,35.936,9,Princeton-only point coverage
10,Princeton-only point coverage,720575940629808911,efferent,endocrine,,ITP,right,True,False,True,180,1086,1,0,246.1,5336,135,0,0,548386.562,604680.812,56.294,114408.422,255346.641,140.938,148069.703,198173.562,50.104,159.822,10,Princeton-only point coverage
11,Princeton-only point coverage,720575940632581945,afferent,sensory,visual,R1-6,right,True,False,True,177,227,1,0,393.084,1428,23,0,0,859894.688,900831.938,40.937,291086.188,298895.438,7.809,134834.141,143768.875,8.935,42.622,11,Princeton-only point coverage
12,Princeton-only point coverage,720575940625113015,afferent,sensory,visual,R1-6,right,True,False,True,177,325,1,0,301.658,1272,37,0,0,843743.812,872589.25,28.845,216451.891,235099.906,18.648,126391.25,137717.328,11.326,36.167,12,Princeton-only point coverage
13,Princeton-only point coverage,720575940628789064,afferent,sensory,visual,R1-6,right,True,False,True,171,313,1,0,342.888,916,40,0,0,856539.125,896992.0,40.453,252495.531,276526.781,24.031,133191.359,138215.625,5.024,47.32,13,Princeton-only point coverage
14,Princeton-only point coverage,720575940618437922,afferent,sensory,visual,R1-6,right,True,False,True,165,347,1,0,356.501,1039,44,0,0,856514.688,908963.438,52.449,278359.188,297559.844,19.201,135319.141,145614.078,10.295,56.794,14,Princeton-only point coverage
15,Princeton-only point coverage,720575940630871260,afferent,sensory,visual,R1-6,right,True,False,True,164,266,1,0,334.504,1179,28,0,0,842419.312,872459.75,30.04,216851.859,236232.391,19.381,127559.211,140372.875,12.814,37.977,15,Princeton-only point coverage
16,Princeton-only point coverage,720575940613474474,afferent,sensory,visual,R1-6,right,True,False,True,162,167,1,0,419.581,1816,19,0,0,831140.75,856910.25,25.77,220759.234,236351.859,15.593,103454.055,129427.477,25.973,39.772,16,Princeton-only point coverage
17,Princeton-only point coverage,720575940618663069,afferent,sensory,visual,R1-6,right,True,False,True,161,398,1,0,319.935,1170,48,0,0,842856.312,876637.0,33.781,254695.031,267620.375,12.925,107704.797,132960.016,25.255,44.114,17,Princeton-only point coverage
18,Princeton-only point coverage,720575940624139305,afferent,sensory,visual,R1-6,right,True,False,True,161,473,1,0,301.596,1484,57,0,0,853774.562,892881.375,39.107,239909.203,263399.188,23.49,138975.906,145500.0,6.524,46.083,18,Princeton-only point coverage
19,Princeton-only point coverage,720575940620232920,afferent,sensory,visual,R1-6,right,True,False,True,160,188,1,0,364.431,977,23,0,0,838192.062,866649.0,28.457,217057.062,235613.953,18.557,115864.273,136785.734,20.921,39.898,19,Princeton-only point coverage
20,Princeton-only point coverage,720575940627138306,afferent,sensory,visual,R1-6,right,True,False,True,160,318,1,0,321.887,1329,29,0,0,834017.5,858864.688,24.847,178199.281,206450.594,28.251,155443.188,161436.766,5.994,38.098,20,Princeton-only point coverage
21,Princeton-only point coverage,720575940627855768,afferent,sensory,visual,R1-6,right,True,False,True,157,257,1,0,372.634,1949,34,0,0,845915.688,896909.312,50.994,234978.484,242983.312,8.005,152078.047,163115.844,11.038,52.785,21,Princeton-only point coverage
22,Princeton-only point coverage,720575940624870217,afferent,sensory,visual,R1-6,right,True,False,True,157,319,1,0,334.608,1153,38,0,0,853473.188,892904.625,39.431,266304.188,293114.156,26.81,120330.055,128178.922,7.849,48.324,22,Princeton-only point coverage
23,Princeton-only point coverage,720575940612735194,afferent,sensory,visual,R1-6,right,True,False,True,155,200,1,0,363.895,1000,23,0,0,848742.5,881472.125,32.73,217349.641,241920.0,24.57,141297.734,145702.312,4.405,41.162,23,Princeton-only point coverage
24,Princeton-only point coverage,720575940612943066,afferent,sensory,visual,R1-6,right,True,False,True,155,254,1,0,353.028,1368,37,0,0,841245.188,876256.0,35.011,237034.172,260462.047,23.428,113030.414,130564.203,17.534,45.63,24,Princeton-only point coverage
25,Princeton-only point coverage,720575940616346822,afferent,sensory,visual,R1-6,right,True,False,True,153,295,1,0,331.095,1072,27,0,0,851933.0,892979.938,41.047,249570.172,270911.625,21.341,130364.219,136280.156,5.916,46.64,25,Princeton-only point coverage
26,Princeton-only point coverage,720575940625125640,afferent,sensory,visual,R1-6,right,True,False,True,153,298,1,0,333.648,1107,35,0,0,859297.75,901082.562,41.785,285267.281,294877.938,9.611,127727.484,133611.062,5.884,43.278,26,Princeton-only point coverage
27,Princeton-only point coverage,720575940618531618,afferent,sensory,visual,R1-6,right,True,False,True,153,352,1,0,345.222,1393,39,0,0,853337.812,904036.188,50.698,281618.531,302326.969,20.708,131219.172,141528.375,10.309,55.727,27,Princeton-only point coverage
28,Princeton-only point coverage,720575940622132656,afferent,sensory,visual,R1-6,left,True,False,True,152,244,1,0,358.787,1381,20,0,0,198344.109,207765.531,9.421,214572.359,224651.688,10.079,139069.875,168939.109,29.869,32.902,28,Princeton-only point coverage
29,Princeton-only point coverage,720575940638872553,afferent,sensory,visual,R1-6,left,True,False,True,151,308,1,0,331.0,1680,38,0,0,163069.609,199548.375,36.479,195644.469,200687.984,5.044,166942.203,185059.031,18.117,41.041,29,Princeton-only point coverage
30,Princeton-only point coverage,720575940638616922,afferent,sensory,visual,R1-6,right,True,False,True,151,333,1,0,332.709,1473,38,0,0,854453.5,900432.5,45.979,265145.969,275402.656,10.257,132118.188,138940.828,6.823,47.601,30,Princeton-only point coverage
31,Princeton-only point coverage,720575940645991278,afferent,sensory,visual,R1-6,right,True,False,True,149,269,1,0,336.639,1445,28,0,0,843517.25,883416.625,39.899,233377.672,245595.688,12.218,124644.492,137070.219,12.426,43.539,31,Princeton-only point coverage
32,Princeton-only point coverage,720575940631286636,afferent,sensory,visual,R1-6,right,True,False,True,146,198,1,0,395.066,1153,27,0,0,840195.25,863733.062,23.538,242416.219,268639.938,26.224,97961.156,125269.508,27.308,44.581,32,Princeton-only point coverage
33,Princeton-only point coverage,720575940620647760,afferent,sensory,visual,R1-6,right,True,False,True,145,299,1,0,348.415,1706,33,0,0,844708.938,876498.125,31.789,214803.062,228919.531,14.116,134221.156,142999.062,8.778,35.873,33,Princeton-only point coverage
34,Princeton-only point coverage,720575940632189970,afferent,sensory,visual,R1-6,right,True,False,True,145,369,1,0,317.854,1728,47,0,0,842175.625,866849.0,24.673,197132.031,224327.406,27.195,143481.891,149686.375,6.204,37.241,34,Princeton-only point coverage
35,Princeton-only point coverage,720575940633176351,afferent,sensory,visual,R1-6,right,True,False,True,143,288,1,0,359.528,1215,35,0,0,857450.062,899486.312,42.036,261550.266,268842.062,7.292,143853.688,149702.125,5.848,43.063,35,Princeton-only point coverage
36,Princeton-only point coverage,720575940631186550,afferent,sensory,visual,R1-6,right,True,False,True,143,331,1,0,336.961,1184,41,0,0,852832.5,903058.25,50.226,264835.875,273489.688,8.654,140059.359,145972.531,5.913,51.308,36,Princeton-only point coverage
37,Princeton-only point coverage,720575940619065664,afferent,sensory,visual,R1-6,right,True,False,True,143,444,1,0,286.833,1128,52,0,0,850375.0,892086.438,41.711,244939.688,265416.5,20.477,134901.203,142001.344,7.1,47.006,37,Princeton-only point coverage
38,Princeton-only point coverage,720575940623239133,afferent,sensory,visual,R1-6,right,True,False,True,142,260,1,0,347.735,1058,27,0,0,854789.25,901260.625,46.471,254388.797,271345.594,16.957,142764.891,156371.938,13.607,51.306,38,Princeton-only point coverage
39,Princeton-only point coverage,720575940624141508,afferent,sensory,visual,R1-6,right,True,False,True,142,324,1,0,340.673,975,42,0,0,857182.25,900625.25,43.443,287787.656,299488.0,11.7,124980.961,135383.906,10.403,46.178,39,Princeton-only point coverage
40,Princeton-only point coverage,720575940622270273,afferent,sensory,visual,R1-6,right,True,False,True,141,279,1,0,324.276,1385,27,0,0,826044.312,836208.0,10.164,180444.906,200149.234,19.704,128384.016,145483.375,17.099,27.999,40,Princeton-only point coverage
41,Princeton-only point coverage,720575940631845839,afferent,sensory,visual,R1-6,right,True,False,True,137,210,1,0,343.614,1404,32,0,0,843970.438,866364.25,22.394,220116.672,232962.953,12.846,136527.656,142571.297,6.044,26.515,41,Princeton-only point coverage
42,Princeton-only point coverage,720575940633773523,afferent,sensory,visual,R1-6,right,True,False,True,137,247,1,0,353.862,1233,24,0,0,831574.312,844544.75,12.97,189408.297,209003.641,19.595,125494.07,141411.922,15.918,28.383,42,Princeton-only point coverage
43,Princeton-only point coverage,720575940622799137,afferent,sensory,visual,R1-6,right,True,False,True,136,272,1,0,340.474,1090,30,0,0,853800.562,898281.0,44.48,249183.312,270458.156,21.275,141679.703,152217.328,10.538,50.42,43,Princeton-only point coverage
44,Princeton-only point coverage,720575940655596193,afferent,sensory,visual,R1-6,right,True,False,True,136,315,1,0,351.108,1486,27,0,0,856661.438,902593.25,45.932,268424.625,287537.875,19.113,130312.625,139580.797,9.268,50.606,44,Princeton-only point coverage
45,Princeton-only point coverage,720575940622404991,afferent,sensory,visual,R1-6,right,True,False,True,135,283,1,0,326.495,1199,34,0,0,846687.875,880719.875,34.032,223457.812,243948.016,20.49,135341.469,142905.203,7.564,40.438,45,Princeton-only point coverage
46,Princeton-only point coverage,720575940612839793,afferent,sensory,visual,R1-6,right,True,False,True,134,249,1,0,344.305,1374,27,0,0,843326.125,872864.688,29.539,200920.516,226637.281,25.717,154297.969,162324.531,8.027,39.979,46,Princeton-only point coverage
47,Princeton-only point coverage,720575940631301883,afferent,sensory,visual,R1-6,right,True,False,True,133,228,1,0,386.228,1249,19,0,0,840787.0,868409.188,27.622,203042.016,222239.266,19.197,132210.297,143312.969,11.103,35.423,47,Princeton-only point coverage
48,Princeton-only point coverage,720575940609221900,afferent,sensory,visual,R1-6,left,True,False,True,133,279,1,0,332.76,1299,23,0,0,196726.359,205873.906,9.148,235623.969,249820.984,14.197,132263.188,162727.406,30.464,34.832,48,Princeton-only point coverage
49,Princeton-only point coverage,720575940618115289,afferent,sensory,visual,R1-6,right,True,False,True,129,265,1,0,330.645,1127,31,0,0,842496.188,879155.75,36.66,216018.5,229359.0,13.341,143918.812,151289.438,7.371,39.702,49,Princeton-only point coverage
50,Princeton-only point coverage,720575940621103269,afferent,sensory,visual,R1-6,right,True,False,True,127,192,1,0,369.823,1536,19,0,0,843800.875,871418.875,27.618,206202.984,223215.047,17.012,142174.547,146800.719,4.626,32.765,50,Princeton-only point coverage
51,Princeton-only point coverage,720575940637514414,afferent,sensory,visual,R1-6,right,True,False,True,127,211,1,0,388.9,1335,22,0,0,851234.625,879578.625,28.344,265392.219,282496.375,17.104,108139.32,123125.711,14.986,36.339,51,Princeton-only point coverage
52,Princeton-only point coverage,720575940636307960,afferent,sensory,visual,R1-6,right,True,False,True,126,244,1,0,353.381,1241,21,0,0,845590.75,875289.25,29.698,207433.953,234133.047,26.699,146940.797,151897.672,4.957,40.242,52,Princeton-only point coverage
53,Princeton-only point coverage,720575940629499395,afferent,sensory,visual,R1-6,right,True,False,True,125,317,1,0,346.836,896,26,0,0,853622.938,903670.688,50.048,278450.312,302309.688,23.859,131097.703,135054.359,3.957,55.585,53,Princeton-only point coverage
54,Princeton-only point coverage,720575940615951839,afferent,sensory,visual,R1-6,right,True,False,True,124,267,1,0,344.0,925,33,0,0,856267.75,900846.75,44.579,258053.938,280544.0,22.49,137575.703,150320.016,12.744,51.532,54,Princeton-only point coverage
55,Princeton-only point coverage,720575940628054397,afferent,sensory,visual,R1-6,right,True,False,True,122,336,1,0,332.423,1797,36,0,0,856244.312,900992.875,44.749,264394.719,291616.469,27.222,131039.984,135323.531,4.284,52.553,55,Princeton-only point coverage
56,Princeton-only point coverage,720575940622939998,afferent,sensory,visual,R1-6,right,True,False,True,121,243,1,0,340.65,1296,27,0,0,845215.312,876248.625,31.033,209617.953,233632.0,24.014,142966.234,146407.156,3.441,39.39,56,Princeton-only point coverage
57,Princeton-only point coverage,720575940626585744,afferent,sensory,visual,R1-6,right,True,False,True,121,289,1,0,327.301,988,33,0,0,855053.688,898784.0,43.73,265168.031,286272.0,21.104,129410.367,136149.109,6.739,49.022,57,Princeton-only point coverage
58,Princeton-only point coverage,720575940647229219,afferent,sensory,visual,R1-6,right,True,False,True,121,353,1,0,334.918,1398,33,0,0,853010.062,908896.0,55.886,295918.062,305018.562,9.101,142822.5,156714.703,13.892,58.301,58,Princeton-only point coverage
59,Princeton-only point coverage,720575940615167742,afferent,sensory,visual,R1-6,right,True,False,True,119,273,1,0,350.344,910,29,0,0,846481.688,885338.625,38.857,227554.781,247919.828,20.365,137744.844,144847.719,7.103,44.442,59,Princeton-only point coverage
60,Princeton-only point coverage,720575940620629553,afferent,sensory,visual,R1-6,right,True,False,True,119,284,1,0,331.926,1181,42,0,0,859221.25,905101.625,45.88,262880.438,283652.062,20.772,138999.312,152239.891,13.241,52.075,60,Princeton-only point coverage
61,Princeton-only point coverage,720575940619877022,afferent,sensory,visual,R1-6,right,True,False,True,114,302,1,0,298.97,1185,31,0,0,841701.875,872503.875,30.802,196892.156,216740.344,19.848,156123.031,166894.719,10.772,38.193,61,Princeton-only point coverage
62,Princeton-only point coverage,720575940631750095,afferent,sensory,visual,R1-6,right,True,False,True,112,269,1,0,342.996,1534,36,0,0,858749.812,898176.0,39.426,246308.5,266942.312,20.634,140565.531,149413.938,8.848,45.37,62,Princeton-only point coverage
63,Princeton-only point coverage,720575940636401400,afferent,sensory,visual,R1-6,right,True,False,True,111,255,1,0,318.118,956,36,0,0,841547.0,872727.875,31.181,204510.0,225187.812,20.678,144090.078,148779.25,4.689,37.707,63,Princeton-only point coverage
64,Princeton-only point coverage,720575940614792623,afferent,sensory,visual,R1-6,right,True,False,True,110,299,1,0,344.997,1048,38,0,0,841593.75,872478.875,30.885,196925.719,221875.156,24.949,146778.141,150146.828,3.369,39.846,64,Princeton-only point coverage
65,Princeton-only point coverage,720575940609485579,afferent,sensory,visual,R1-6,right,True,False,True,106,255,1,0,332.557,1309,31,0,0,845958.875,867043.125,21.084,268499.188,281940.812,13.442,107000.016,123974.195,16.974,30.222,65,Princeton-only point coverage
66,Princeton-only point coverage,720575940611550840,afferent,sensory,visual,R1-6,right,True,False,True,106,266,1,0,320.079,1035,28,0,0,844946.25,872334.625,27.388,205284.234,229904.047,24.62,136631.828,144440.0,7.808,37.646,66,Princeton-only point coverage
67,Princeton-only point coverage,720575940624956139,afferent,sensory,visual,R1-6,right,True,False,True,106,268,1,0,272.067,1273,29,0,0,837028.312,854036.5,17.008,222573.828,228850.984,6.277,128542.438,140674.562,12.132,21.814,67,Princeton-only point coverage
68,Princeton-only point coverage,720575940612899763,afferent,sensory,visual,R1-6,right,True,False,True,105,218,1,0,317.413,1417,31,0,0,847952.0,881708.812,33.757,239493.031,250902.469,11.409,143321.625,146950.828,3.629,35.817,68,Princeton-only point coverage
69,Princeton-only point coverage,720575940621090213,afferent,sensory,visual,R1-6,right,True,False,True,105,231,1,0,372.948,1167,25,0,0,853310.125,895216.625,41.907,282669.875,290814.562,8.145,128177.336,135157.656,6.98,43.258,69,Princeton-only point coverage
70,Princeton-only point coverage,720575940622029494,afferent,sensory,visual,R1-6,right,True,False,True,102,274,1,0,356.438,1432,23,0,0,845406.5,883813.375,38.407,208832.453,232473.906,23.641,159372.016,171154.812,11.783,46.614,70,Princeton-only point coverage
71,Princeton-only point coverage,720575940643034765,afferent,sensory,visual,R1-6,right,True,False,True,101,288,1,0,336.038,942,35,0,0,857808.125,902119.188,44.311,267390.281,291028.125,23.638,132991.328,139044.969,6.054,50.585,71,Princeton-only point coverage
72,Princeton-only point coverage,720575940623400216,afferent,sensory,visual,R1-6,left,True,False,True,100,346,1,0,326.113,1322,35,0,0,123714.742,165859.0,42.144,288973.219,308345.25,19.372,158999.094,173985.109,14.986,48.744,72,Princeton-only point coverage
73,Princeton-only point coverage,720575940629377641,afferent,sensory,visual,R1-6,right,True,False,True,99,239,1,0,354.833,1537,30,0,0,849284.625,887018.062,37.733,223727.234,243216.109,19.489,144546.344,149634.0,5.088,42.773,73,Princeton-only point coverage
74,Princeton-only point coverage,720575940612947635,afferent,sensory,visual,R1-6,right,True,False,True,99,265,1,0,365.985,1294,24,0,0,840887.812,870726.75,29.839,195229.062,222800.156,27.571,161469.391,173162.078,11.693,42.276,74,Princeton-only point coverage
75,Princeton-only point coverage,720575940614839215,afferent,sensory,visual,R1-6,right,True,False,True,99,285,1,0,294.996,1174,33,0,0,844797.5,877220.5,32.423,217346.031,229632.0,12.286,157629.094,170491.344,12.862,36.982,75,Princeton-only point coverage
76,Princeton-only point coverage,720575940635677887,afferent,sensory,visual,R1-6,right,True,False,True,92,272,1,0,345.949,1251,35,0,0,835423.188,851616.0,16.193,184987.656,208137.203,23.15,133905.688,148747.75,14.842,31.912,76,Princeton-only point coverage
77,Princeton-only point coverage,720575940633816986,afferent,sensory,unknown_sensory,DNx02,left,True,False,True,91,655,1,0,389.063,1211,41,0,0,456203.625,522954.938,66.751,311605.094,336835.594,25.23,182519.797,251588.438,69.069,99.312,77,Princeton-only point coverage
78,Princeton-only point coverage,720575940638921700,afferent,sensory,visual,R1-6,right,True,False,True,90,250,1,0,346.08,1302,34,0,0,849235.5,886772.312,37.537,232752.922,244206.141,11.453,145172.953,149058.844,3.886,39.437,78,Princeton-only point coverage
79,Princeton-only point coverage,720575940618223419,afferent,sensory,visual,R1-6,right,True,False,True,88,223,1,0,329.601,1278,23,0,0,863660.125,899600.0,35.94,290048.031,298560.0,8.512,122419.977,129768.266,7.348,37.658,79,Princeton-only point coverage
80,Princeton-only point coverage,720575940622799898,afferent,sensory,visual,R1-6,right,True,False,True,86,293,1,0,321.229,977,36,0,0,855558.812,905231.25,49.672,279360.25,289157.438,9.797,130468.852,136012.203,5.543,50.932,80,Princeton-only point coverage
81,Princeton-only point coverage,720575940646459502,afferent,sensory,visual,R1-6,right,True,False,True,85,245,1,0,374.22,1296,31,0,0,838352.0,856896.0,18.544,190449.703,211557.781,21.108,131323.906,146857.375,15.533,32.105,81,Princeton-only point coverage
82,Princeton-only point coverage,720575940623770637,afferent,sensory,visual,R1-6,right,True,False,True,85,286,1,0,363.273,1457,41,0,0,858960.938,908908.688,49.948,266253.844,287488.469,21.235,142932.375,155793.188,12.861,55.777,82,Princeton-only point coverage
83,Princeton-only point coverage,720575940628522152,afferent,sensory,visual,R1-6,right,True,False,True,83,224,1,0,326.871,917,25,0,0,836134.0,856576.75,20.443,182381.594,207315.578,24.934,140499.969,150920.0,10.42,33.885,83,Princeton-only point coverage
84,Princeton-only point coverage,720575940621667462,afferent,sensory,visual,R1-6,right,True,False,True,83,242,1,0,356.128,1255,23,0,0,860859.25,896206.562,35.347,285882.125,292863.938,6.982,119790.148,127802.672,8.013,36.91,84,Princeton-only point coverage
85,Princeton-only point coverage,720575940621443206,afferent,sensory,visual,R1-6,right,True,False,True,81,332,1,0,325.38,1082,36,0,0,857832.688,909408.0,51.575,279150.781,284604.781,5.454,141616.234,154941.422,13.325,53.547,85,Princeton-only point coverage
86,Princeton-only point coverage,720575940609622281,afferent,sensory,visual,R8,left,True,False,True,78,633,1,0,274.445,1306,35,0,0,151135.844,313012.5,161.877,154219.109,198590.797,44.372,175495.656,195177.234,19.682,168.998,86,Princeton-only point coverage
87,Princeton-only point coverage,720575940646392942,afferent,sensory,visual,R1-6,left,True,False,True,70,239,1,0,306.669,905,25,0,0,143436.219,178222.5,34.786,203396.797,216956.844,13.56,182974.703,193386.406,10.412,38.76,87,Princeton-only point coverage
88,Princeton-only point coverage,720575940625721118,efferent,endocrine,,ITP,left,True,False,True,65,979,1,0,286.436,4729,138,0,0,446622.344,535714.5,89.092,173156.266,263977.75,90.821,196521.906,272403.719,75.882,148.135,88,Princeton-only point coverage
89,Princeton-only point coverage,720575940630351554,afferent,sensory,visual,R1-6,right,True,False,True,63,184,1,0,361.375,1316,25,0,0,852277.25,874942.375,22.665,295174.844,299131.031,3.956,132005.391,135159.125,3.154,23.223,89,Princeton-only point coverage
90,Princeton-only point coverage,720575940621500070,afferent,sensory,visual,R1-6,right,True,False,True,60,274,1,0,312.401,1327,26,0,0,857070.0,903180.125,46.11,272681.5,295781.656,23.1,128141.68,134973.641,6.832,52.023,90,Princeton-only point coverage
91,Princeton-only point coverage,720575940631592017,efferent,endocrine,,ITP,left,True,False,True,60,1169,1,0,239.157,4862,155,0,0,451002.219,504359.25,53.357,177754.891,264167.219,86.412,198122.719,215719.922,17.597,103.071,91,Princeton-only point coverage
92,Princeton-only point coverage,720575940629924091,efferent,endocrine,,ITP,left,True,False,True,59,1353,1,0,238.117,4611,184,0,0,441533.75,513074.156,71.54,182833.547,266957.812,84.124,196491.031,215659.078,19.168,112.082,92,Princeton-only point coverage
93,Princeton-only point coverage,720575940622811903,afferent,sensory,mechanosensory,JO-mz,left,True,False,True,50,182,1,0,201.511,540,4,0,0,430661.469,455718.188,25.057,279960.938,303160.25,23.199,45635.148,121390.258,75.755,83.096,93,Princeton-only point coverage
94,Princeton-only point coverage,720575940620320193,afferent,sensory,mechanosensory,JO-EV,left,True,False,True,48,208,1,0,182.034,584,9,0,0,432149.625,460380.969,28.231,282876.719,306806.469,23.93,47461.449,127456.969,79.996,88.142,94,Princeton-only point coverage
95,Princeton-only point coverage,720575940630846125,afferent,ascending,AN,,left,True,False,True,33,119,1,0,355.706,1266,8,0,0,508277.312,513715.906,5.439,306461.906,315120.469,8.659,214986.953,237823.219,22.836,25.021,95,Princeton-only point coverage
96,Princeton-only point coverage,720575940610183154,afferent,ascending,AN,,left,True,False,True,33,258,1,0,257.888,912,18,0,0,483877.094,512800.0,28.923,311914.25,325657.625,13.743,196102.266,234374.188,38.272,49.901,96,Princeton-only point coverage
97,Princeton-only point coverage,720575940621949675,afferent,ascending,AN,AN_GNG_124,left,True,False,True,30,214,1,0,236.813,903,21,0,0,504591.594,513588.188,8.997,294196.562,304097.688,9.901,219062.547,239549.391,20.487,24.468,97,Princeton-only point coverage
98,Princeton-only point coverage,720575940617816661,afferent,ascending,AN,,left,True,False,True,27,129,1,0,240.775,741,11,0,0,502483.094,509835.406,7.352,312007.594,321979.562,9.972,212739.953,232968.422,20.228,23.721,98,Princeton-only point coverage
99,Princeton-only point coverage,720575940611810001,afferent,ascending,AN,,right,True,False,True,21,98,1,0,212.296,829,6,0,0,541725.562,553138.5,11.413,311552.312,319112.0,7.56,217998.5,234281.531,16.283,21.273,99,Princeton-only point coverage
100,Princeton-only point coverage,720575940645264260,afferent,ascending,AN,AN_GNG_124,left,True,False,True,21,148,1,0,260.703,704,19,0,0,507998.625,517041.156,9.043,298712.75,306311.375,7.599,218564.562,243051.781,24.487,27.187,100,Princeton-only point coverage
101,Princeton-only point coverage,720575940627873299,afferent,sensory,visual,R1-6,right,True,False,True,21,219,1,0,376.073,2061,27,0,0,838422.688,871539.125,33.116,344938.031,350827.094,5.889,133483.797,137718.422,4.235,33.901,101,Princeton-only point coverage
102,Princeton-only point coverage,720575940648702084,afferent,sensory,visual,R8,right,True,False,True,19,353,1,0,219.499,749,21,0,0,790369.438,899642.312,109.273,289422.219,302454.562,13.032,107090.031,134563.547,27.474,113.425,102,Princeton-only point coverage
103,Princeton-only point coverage,720575940618109460,afferent,ascending,AN,,right,True,False,True,17,79,1,0,187.646,474,4,0,0,545522.375,553538.188,8.016,311737.062,316111.406,4.374,217029.844,233259.891,16.23,18.623,103,Princeton-only point coverage
104,Princeton-only point coverage,720575940613684274,afferent,ascending,AN,,left,True,False,True,16,95,1,0,170.453,526,7,0,0,502421.344,508076.625,5.655,305082.719,311116.812,6.034,222143.438,243141.703,20.998,22.568,104,Princeton-only point coverage
105,Princeton-only point coverage,720575940625929765,afferent,sensory,mechanosensory,JO-F,right,True,False,True,14,158,1,0,195.797,517,4,0,0,590354.312,605421.875,15.068,298379.938,308651.875,10.272,62714.203,108956.25,46.242,49.708,105,Princeton-only point coverage
106,Princeton-only point coverage,720575940626896145,intrinsic,central,,,left,True,False,True,14,280,1,0,180.625,1552,1,0,0,477236.719,518637.312,41.401,172965.969,198282.484,25.317,126827.055,225916.141,99.089,110.334,106,Princeton-only point coverage
107,Princeton-only point coverage,720575940621568490,afferent,ascending,AN,,left,True,False,True,12,76,1,0,244.566,732,6,0,0,503941.5,508290.75,4.349,313672.781,317935.281,4.263,221809.609,239188.688,17.379,18.415,107,Princeton-only point coverage
108,Princeton-only point coverage,720575940621463699,afferent,ascending,AN,,left,True,False,True,12,267,1,0,168.064,512,15,0,0,503062.312,522648.969,19.587,322891.375,342792.625,19.901,195856.453,247178.672,51.322,58.427,108,Princeton-only point coverage
109,Princeton-only point coverage,720575940623151565,afferent,sensory,mechanosensory,JO-F,right,True,False,True,10,89,1,0,145.685,589,6,0,0,597552.062,603710.5,6.158,300167.188,308704.031,8.537,63918.539,88885.062,24.967,27.095,109,Princeton-only point coverage
110,Princeton-only point coverage,720575940629888515,afferent,sensory,visual,R1-6,left,True,False,True,9,13,1,0,302.846,650,2,0,0,134219.5,136692.297,2.473,282576.0,283870.75,1.295,173220.0,174421.922,1.202,3.039,110,Princeton-only point coverage
111,Princeton-only point coverage,720575940619904380,afferent,ascending,AN,,left,True,False,True,9,144,1,0,160.153,486,11,0,0,510297.125,519244.062,8.947,316704.062,326304.906,9.601,216881.766,243107.391,26.226,29.326,111,Princeton-only point coverage
112,Princeton-only point coverage,720575940609703179,afferent,sensory,visual,R7,right,True,False,True,9,268,1,0,280.134,687,8,0,0,774184.375,883439.625,109.255,201289.75,226442.047,25.152,121689.422,172509.969,50.821,123.094,112,Princeton-only point coverage
113,Princeton-only point coverage,720575940622550878,afferent,sensory,visual,R1-6,left,True,False,True,9,285,1,0,335.751,1777,48,0,0,81997.562,124115.219,42.118,309104.375,332538.688,23.434,182695.234,187582.375,4.887,48.445,113,Princeton-only point coverage
114,Princeton-only point coverage,720575940628131130,afferent,sensory,visual,R1-6,right,True,False,True,8,124,1,0,371.573,1187,14,0,0,858318.875,880639.25,22.32,212419.344,217852.734,5.433,149889.391,154033.797,4.144,23.343,114,Princeton-only point coverage
115,Princeton-only point coverage,720575940633705560,afferent,ascending,AN,,left,True,False,True,8,135,1,0,247.548,720,5,0,0,510897.906,519978.938,9.081,314252.156,325858.0,11.606,204802.344,243126.047,38.324,41.059,115,Princeton-only point coverage
116,Princeton-only point coverage,720575940611477229,afferent,ascending,AN,,right,True,False,True,8,176,1,0,193.25,641,7,0,0,523503.625,537152.0,13.648,323818.781,333393.344,9.575,228518.906,243132.031,14.613,22.17,116,Princeton-only point coverage
117,Princeton-only point coverage,720575940618092965,afferent,ascending,AN,AN_GNG_124,left,True,False,True,7,80,1,0,145.688,424,8,0,0,511489.156,516832.719,5.344,298133.625,303408.594,5.275,220589.562,243146.5,22.557,23.774,117,Princeton-only point coverage
118,Princeton-only point coverage,720575940611937967,afferent,ascending,AN,,left,True,False,True,7,161,1,0,212.068,762,3,0,0,516409.281,530020.0,13.611,325293.5,336759.281,11.466,203924.125,242812.906,38.889,42.767,118,Princeton-only point coverage
119,Princeton-only point coverage,720575940647962500,afferent,sensory,visual,R1-6,left,True,False,True,7,209,1,0,305.234,786,11,0,0,95936.0,157906.906,61.971,304311.312,316015.156,11.704,171562.516,179272.906,7.71,63.536,119,Princeton-only point coverage
120,Princeton-only point coverage,720575940613587609,afferent,sensory,visual,R8,right,True,False,True,6,265,1,0,266.294,772,13,0,0,827249.0,892753.375,65.504,267462.188,286478.906,19.017,119368.375,133985.75,14.617,69.758,120,Princeton-only point coverage
121,Princeton-only point coverage,720575940624501747,afferent,sensory,mechanosensory,JO-EVM,left,True,False,True,5,116,1,0,175.569,335,2,0,0,438240.531,447302.719,9.062,284882.156,299804.406,14.922,66802.133,105647.031,38.845,42.588,121,Princeton-only point coverage
122,Princeton-only point coverage,720575940638909429,afferent,ascending,AN,,left,True,False,True,5,135,1,0,163.896,646,15,0,0,511143.062,520914.188,9.771,315734.156,322978.125,7.244,212753.125,234800.0,22.047,25.18,122,Princeton-only point coverage
123,Princeton-only point coverage,720575940629411883,afferent,sensory,visual,R1-6,left,True,False,True,5,212,1,0,305.17,931,7,0,0,97433.578,140070.641,42.637,331958.875,347027.812,15.069,162905.969,173872.516,10.967,46.532,123,Princeton-only point coverage
124,Princeton-only point coverage,720575940615556498,afferent,sensory,visual,R1-6,left,True,False,True,4,78,1,0,352.115,1861,11,0,0,181832.094,186688.0,4.856,253499.719,258213.891,4.714,152084.969,161503.781,9.419,11.598,124,Princeton-only point coverage
125,Princeton-only point coverage,720575940640197949,afferent,sensory,visual,R1-6,left,True,False,True,4,176,1,0,292.148,738,10,0,0,97566.695,138291.062,40.724,330597.875,347392.25,16.794,163578.5,174634.547,11.056,45.418,125,Princeton-only point coverage
126,Princeton-only point coverage,720575940626216720,afferent,ascending,AN,,left,True,False,True,4,190,1,0,199.121,742,11,0,0,519582.344,530696.875,11.115,324614.188,337070.188,12.456,203661.156,241213.359,37.552,41.096,126,Princeton-only point coverage
127,Princeton-only point coverage,720575940614890642,afferent,sensory,olfactory,,left,True,False,True,4,214,1,0,149.71,564,5,0,0,469887.188,506674.5,36.787,217980.578,231825.266,13.845,78750.977,85112.969,6.362,39.818,127,Princeton-only point coverage
128,Princeton-only point coverage,720575940637470627,afferent,ascending,AN,,left,True,False,True,3,100,1,0,173.74,455,4,0,0,513554.031,520120.094,6.566,309836.344,319567.688,9.731,218594.156,243094.453,24.5,27.168,128,Princeton-only point coverage
129,Princeton-only point coverage,720575940629292842,afferent,ascending,AN,AN_GNG_204,left,True,False,True,3,102,1,0,142.118,494,7,0,0,521589.0,529033.75,7.445,311147.656,317348.375,6.201,216130.078,242963.484,26.833,28.529,129,Princeton-only point coverage
130,Princeton-only point coverage,720575940639783989,afferent,sensory,visual,R1-6,left,True,False,True,3,147,1,0,253.667,767,3,0,0,86089.219,143326.938,57.238,313832.438,321624.562,7.792,180118.812,182389.156,2.27,57.81,130,Princeton-only point coverage
131,Princeton-only point coverage,720575940622918012,afferent,sensory,visual,R1-6,right,True,False,True,3,154,1,0,336.201,1219,14,0,0,827470.75,852125.875,24.655,361489.75,364655.75,3.166,139538.75,144837.047,5.298,25.416,131,Princeton-only point coverage
132,Princeton-only point coverage,720575940628938314,afferent,sensory,visual,R1-6,left,True,False,True,3,155,1,0,380.555,744,8,0,0,153538.422,165841.062,12.303,368339.406,375842.75,7.503,129268.898,160260.969,30.992,34.178,132,Princeton-only point coverage
133,Princeton-only point coverage,720575940614194925,afferent,sensory,visual,R1-6,left,True,False,True,3,167,1,0,269.024,594,5,0,0,93096.719,142477.031,49.38,324271.812,337261.344,12.99,171640.906,177520.0,5.879,51.398,133,Princeton-only point coverage
134,Princeton-only point coverage,720575940623866248,afferent,sensory,visual,R1-6,left,True,False,True,3,175,1,0,302.297,723,10,0,0,95866.305,141364.984,45.499,326835.375,339761.156,12.926,167556.609,176868.984,9.312,48.207,134,Princeton-only point coverage
135,Princeton-only point coverage,720575940618863553,efferent,descending,,DNge061,right,True,False,True,3,192,1,0,175.365,2146,17,0,0,516766.844,601041.25,84.274,328910.656,353381.25,24.471,197488.172,258799.422,61.311,107.052,135,Princeton-only point coverage
136,Princeton-only point coverage,720575940625132948,afferent,sensory,visual,R1-6,left,True,False,True,3,193,1,0,319.715,607,6,0,0,92240.656,145436.453,53.196,313270.375,327235.75,13.965,171631.656,178252.375,6.621,55.395,136,Princeton-only point coverage
137,Princeton-only point coverage,720575940617649238,intrinsic,optic,optic_lobes,,right,True,False,True,3,239,1,0,230.891,2254,2,0,0,750040.875,824379.875,74.339,162873.828,199115.969,36.242,142569.766,161949.922,19.38,84.943,137,Princeton-only point coverage
138,Princeton-only point coverage,720575940618062365,afferent,sensory,unknown_sensory,,right,True,False,True,2,83,1,0,277.735,657,3,0,0,597373.5,599992.875,2.619,294646.719,297285.75,2.639,71647.055,91027.43,19.38,19.734,138,Princeton-only point coverage
139,Princeton-only point coverage,720575940620562773,afferent,sensory,visual,R1-6,left,True,False,True,2,119,1,0,261.025,688,4,0,0,86108.453,126650.469,40.542,357903.594,362470.281,4.567,170261.484,176353.5,6.092,41.251,139,Princeton-only point coverage
140,Princeton-only point coverage,720575940614736699,afferent,ascending,AN,,left,True,False,True,2,123,1,0,194.732,900,5,0,0,521775.156,527501.0,5.726,302981.219,309595.406,6.614,211446.156,243150.594,31.704,32.889,140,Princeton-only point coverage
141,Princeton-only point coverage,720575940632358504,afferent,sensory,visual,R1-6,left,True,False,True,2,140,1,0,265.064,645,2,0,0,86131.688,128892.734,42.761,319603.406,340572.75,20.969,181029.875,183027.453,1.998,47.668,141,Princeton-only point coverage
142,Princeton-only point coverage,720575940620886693,afferent,sensory,visual,R1-6,left,True,False,True,2,144,1,0,276.062,594,2,0,0,86095.5,132179.906,46.084,319967.031,337189.844,17.223,177365.875,180747.125,3.381,49.314,142,Princeton-only point coverage
143,Princeton-only point coverage,720575940628387656,afferent,sensory,visual,R1-6,left,True,False,True,2,148,1,0,312.27,840,7,0,0,129665.562,156817.375,27.152,341121.625,348840.781,7.719,148079.641,168793.5,20.714,35.012,143,Princeton-only point coverage
144,Princeton-only point coverage,720575940627941202,afferent,sensory,visual,R1-6,left,True,False,True,2,150,1,0,326.84,818,7,0,0,105964.219,141173.406,35.209,374655.094,380466.656,5.812,153180.406,169500.328,16.32,39.24,144,Princeton-only point coverage
145,Princeton-only point coverage,720575940628938570,afferent,sensory,visual,R1-6,left,True,False,True,2,157,1,0,345.038,838,13,0,0,150479.797,163619.938,13.14,368125.281,376014.906,7.89,130197.305,160373.641,30.176,33.846,145,Princeton-only point coverage
146,Princeton-only point coverage,720575940634246626,afferent,sensory,visual,R1-6,left,True,False,True,2,157,1,0,260.58,750,8,0,0,81983.039,149569.406,67.586,309271.906,317718.219,8.446,181228.375,183758.641,2.53,68.159,146,Princeton-only point coverage
147,Princeton-only point coverage,720575940623522147,afferent,sensory,visual,R1-6,left,True,False,True,2,166,1,0,274.108,705,5,0,0,109754.648,157481.109,47.726,318423.5,325357.0,6.934,164232.25,175641.156,11.409,49.559,147,Princeton-only point coverage
148,Princeton-only point coverage,720575940636893303,afferent,sensory,visual,R1-6,left,True,False,True,2,166,1,0,340.572,771,5,0,0,96447.758,135972.078,39.524,353549.188,363337.219,9.788,157559.031,173010.734,15.452,43.551,148,Princeton-only point coverage
149,Princeton-only point coverage,720575940623518819,afferent,sensory,visual,R1-6,left,True,False,True,2,168,1,0,313.494,732,8,0,0,103744.867,146527.641,42.783,320841.656,335030.281,14.189,164306.875,175003.312,10.696,46.326,149,Princeton-only point coverage
150,Princeton-only point coverage,720575940624735229,afferent,sensory,visual,R1-6,left,True,False,True,2,168,1,0,266.101,616,11,0,0,113979.516,147485.094,33.506,374749.469,381298.781,6.549,149057.438,169015.484,19.958,39.545,150,Princeton-only point coverage
151,Princeton-only point coverage,720575940625823101,afferent,sensory,visual,R1-6,left,True,False,True,2,170,1,0,289.953,687,3,0,0,82001.414,129298.148,47.297,315639.938,340926.938,25.287,181454.156,183465.484,2.011,53.67,151,Princeton-only point coverage
152,Princeton-only point coverage,720575940635440235,afferent,sensory,visual,R1-6,left,True,False,True,2,170,1,0,236.824,733,4,0,0,82002.602,147495.109,65.493,306586.75,311080.281,4.494,182580.062,187040.625,4.461,65.798,152,Princeton-only point coverage
153,Princeton-only point coverage,720575940612706778,afferent,sensory,visual,R1-6,left,True,False,True,2,172,1,0,355.674,793,11,0,0,144960.875,158796.734,13.836,382652.25,388528.25,5.876,133428.547,163279.875,29.851,33.422,153,Princeton-only point coverage
154,Princeton-only point coverage,720575940632352104,afferent,sensory,visual,R1-6,left,True,False,True,2,172,1,0,291.099,546,3,0,0,93591.852,144748.875,51.157,313606.562,327686.844,14.08,174054.531,178719.141,4.665,53.264,154,Princeton-only point coverage
155,Princeton-only point coverage,720575940628391240,afferent,sensory,visual,R1-6,left,True,False,True,2,173,1,0,330.358,929,9,0,0,105488.258,139416.938,33.929,372846.719,380877.0,8.03,150219.391,172155.641,21.936,41.193,155,Princeton-only point coverage
156,Princeton-only point coverage,720575940639657661,afferent,sensory,visual,R1-6,left,True,False,True,2,173,1,0,317.312,940,7,0,0,95115.062,141372.812,46.258,326561.188,339341.438,12.78,164509.516,175196.641,10.687,49.166,156,Princeton-only point coverage
157,Princeton-only point coverage,720575940621884854,afferent,sensory,visual,R1-6,left,True,False,True,2,176,1,0,263.148,697,7,0,0,96810.805,134221.344,37.411,378202.688,384032.0,5.829,153838.25,172206.875,18.369,42.082,157,Princeton-only point coverage
158,Princeton-only point coverage,720575940615957215,afferent,sensory,visual,R1-6,left,True,False,True,2,178,1,0,281.264,543,9,0,0,107279.695,140256.0,32.976,360301.312,365063.688,4.762,152125.859,172020.344,19.894,38.806,158,Princeton-only point coverage
159,Princeton-only point coverage,720575940622643806,afferent,sensory,visual,R1-6,left,True,False,True,2,183,1,0,265.557,584,11,0,0,118447.062,150575.891,32.129,360819.5,367385.125,6.566,146478.672,167304.672,20.826,38.847,159,Princeton-only point coverage
160,Princeton-only point coverage,720575940622662170,afferent,sensory,visual,R1-6,left,True,False,True,2,199,1,0,306.719,934,11,0,0,97307.484,153479.281,56.172,311974.0,325886.281,13.912,171580.453,177522.375,5.942,58.173,160,Princeton-only point coverage
161,Princeton-only point coverage,720575940630657792,afferent,sensory,visual,R1-6,left,True,False,True,2,199,1,0,278.231,595,8,0,0,88266.594,131601.406,43.335,347319.312,361459.594,14.14,162161.344,175413.812,13.252,47.471,161,Princeton-only point coverage
162,Princeton-only point coverage,720575940630787388,afferent,sensory,visual,R1-6,left,True,False,True,2,202,1,0,271.272,789,9,0,0,108655.984,152999.766,44.344,324317.281,330332.719,6.015,157950.25,173956.703,16.006,47.526,162,Princeton-only point coverage
163,Princeton-only point coverage,720575940622879521,afferent,sensory,visual,R1-6,left,True,False,True,2,203,1,0,323.562,735,7,0,0,184278.375,207600.578,23.322,365727.375,379573.688,13.846,111633.508,152276.031,40.643,48.862,163,Princeton-only point coverage
164,Princeton-only point coverage,720575940618548244,efferent,descending,,DNge061,right,True,False,True,2,280,1,0,200.811,1904,6,0,0,553109.312,614306.125,61.197,333495.094,343746.562,10.251,177949.516,231951.422,54.002,82.258,164,Princeton-only point coverage
165,Princeton-only point coverage,720575940614928849,afferent,sensory,visual,R1-6,right,True,False,True,1,99,1,0,278.485,1005,15,0,0,826792.5,839520.688,12.728,355938.062,365346.969,9.409,143182.719,149653.75,6.471,17.1,165,Princeton-only point coverage
166,Princeton-only point coverage,720575940647404932,afferent,sensory,mechanosensory,JO-F,right,True,False,True,1,105,1,0,135.41,395,6,0,0,600252.312,606893.938,6.642,299591.969,313889.969,14.298,63604.742,87987.922,24.383,29.036,166,Princeton-only point coverage
167,Princeton-only point coverage,720575940640297075,afferent,sensory,visual,R1-6,left,True,False,True,1,119,1,0,259.16,821,6,0,0,84295.266,121308.625,37.013,292044.0,301830.25,9.786,184355.062,190815.125,6.46,38.826,167,Princeton-only point coverage
168,Princeton-only point coverage,720575940629569040,intrinsic,optic,LA>ME,,left,True,False,True,1,127,1,0,176.906,462,4,0,0,236657.156,274342.312,37.685,337902.594,347418.062,9.515,158577.734,163918.875,5.341,39.233,168,Princeton-only point coverage
169,Princeton-only point coverage,720575940623694104,afferent,sensory,visual,R1-6,left,True,False,True,1,128,1,0,278.602,729,5,0,0,87237.945,129520.508,42.283,382298.188,386275.156,3.977,161189.875,172205.469,11.016,43.875,169,Princeton-only point coverage
170,Princeton-only point coverage,720575940616206658,afferent,sensory,visual,R1-6,left,True,False,True,1,132,1,0,267.288,578,6,0,0,117397.891,145066.828,27.669,355094.5,359983.438,4.889,151958.031,166201.359,14.243,31.501,170,Princeton-only point coverage
171,Princeton-only point coverage,720575940638712127,afferent,sensory,visual,R1-6,left,True,False,True,1,132,1,0,293.598,678,5,0,0,86342.969,131094.844,44.752,364712.5,372293.156,7.581,169662.531,176089.969,6.427,45.842,171,Princeton-only point coverage
172,Princeton-only point coverage,720575940623825544,afferent,sensory,visual,R1-6,left,True,False,True,1,141,1,0,267.454,592,4,0,0,86092.789,132640.0,46.547,319524.688,335889.469,16.365,178552.281,182129.609,3.577,49.47,172,Princeton-only point coverage
173,Princeton-only point coverage,720575940630746924,afferent,sensory,visual,R1-6,left,True,False,True,1,146,1,0,321.137,645,1,0,0,109677.008,147257.609,37.581,340287.156,348088.0,7.801,156522.688,170456.875,13.934,40.833,173,Princeton-only point coverage
174,Princeton-only point coverage,720575940623343139,afferent,sensory,visual,R1-6,left,True,False,True,1,147,1,0,301.374,603,5,0,0,87553.047,131037.805,43.485,334859.25,344895.75,10.037,174612.172,179059.219,4.447,44.849,174,Princeton-only point coverage
175,Princeton-only point coverage,720575940638577215,afferent,sensory,visual,R1-6,left,True,False,True,1,147,1,0,284.061,722,4,0,0,81998.5,134782.188,52.784,312383.375,330290.562,17.907,181481.906,184358.797,2.877,55.813,175,Princeton-only point coverage
176,Princeton-only point coverage,720575940631959826,afferent,sensory,visual,R1-6,left,True,False,True,1,150,1,0,264.7,677,9,0,0,82139.961,142386.594,60.247,307811.906,322832.562,15.021,181401.656,186376.625,4.975,62.29,176,Princeton-only point coverage
177,Princeton-only point coverage,720575940638684649,afferent,sensory,visual,R1-6,left,True,False,True,1,150,1,0,337.06,809,9,0,0,149537.094,161000.047,11.463,371984.031,380161.812,8.178,131990.047,161239.703,29.25,32.463,177,Princeton-only point coverage
178,Princeton-only point coverage,720575940610188669,afferent,sensory,visual,R1-6,left,True,False,True,1,151,1,0,269.119,635,6,0,0,86145.555,143441.109,57.296,313593.781,322288.031,8.694,179848.203,182291.141,2.443,58.003,178,Princeton-only point coverage
179,Princeton-only point coverage,720575940612910578,afferent,sensory,visual,R1-6,left,True,False,True,1,153,1,0,279.784,649,3,0,0,97738.344,137739.0,40.001,378315.531,383337.875,5.022,154310.641,172113.297,17.803,44.071,179,Princeton-only point coverage
180,Princeton-only point coverage,720575940625956429,afferent,sensory,visual,R1-6,left,True,False,True,1,155,1,0,344.69,796,7,0,0,90153.461,135619.094,45.466,332762.625,344834.281,12.072,171367.453,178645.109,7.278,47.601,180,Princeton-only point coverage
181,Princeton-only point coverage,720575940631958287,afferent,sensory,visual,R1-6,left,True,False,True,1,156,1,0,246.545,773,9,0,0,86095.859,128436.25,42.34,365876.562,372530.156,6.654,170231.531,175931.672,5.7,43.237,181,Princeton-only point coverage
182,Princeton-only point coverage,720575940636208052,afferent,sensory,visual,R1-6,left,True,False,True,1,157,1,0,298.599,717,9,0,0,114261.781,147502.453,33.241,375595.969,383595.469,8.0,148483.312,167784.531,19.301,39.262,182,Princeton-only point coverage
183,Princeton-only point coverage,720575940640480856,afferent,sensory,visual,R1-6,left,True,False,True,1,157,1,0,288.382,903,3,0,0,86152.422,127588.484,41.436,334808.156,344009.219,9.201,176043.188,181223.922,5.181,42.76,183,Princeton-only point coverage
184,Princeton-only point coverage,720575940625621518,afferent,sensory,visual,R1-6,left,True,False,True,1,158,1,0,326.88,644,4,0,0,103131.172,137840.984,34.71,367103.781,374994.312,7.891,153847.531,172206.125,18.359,40.051,184,Princeton-only point coverage
185,Princeton-only point coverage,720575940614641000,afferent,sensory,visual,R1-6,left,True,False,True,1,168,1,0,283.083,567,6,0,0,114322.07,147490.766,33.169,370381.656,377407.969,7.026,150220.656,169188.0,18.967,38.85,185,Princeton-only point coverage
186,Princeton-only point coverage,720575940621323247,afferent,sensory,visual,R1-6,left,True,False,True,1,168,1,0,307.792,871,7,0,0,91103.875,127613.234,36.509,354775.594,366290.156,11.515,161680.344,172263.703,10.583,39.718,186,Princeton-only point coverage
187,Princeton-only point coverage,720575940627660440,afferent,sensory,visual,R1-6,left,True,False,True,1,175,1,0,315.794,854,5,0,0,103186.359,136853.719,33.667,366730.188,375755.594,9.025,153840.219,172305.359,18.465,39.445,187,Princeton-only point coverage
188,Princeton-only point coverage,720575940614218989,afferent,sensory,visual,R8,left,True,False,True,1,181,1,0,259.519,583,6,0,0,85542.547,147217.203,61.675,297407.406,307918.75,10.511,185720.609,189228.656,3.508,62.662,188,Princeton-only point coverage
189,Princeton-only point coverage,720575940630408898,afferent,sensory,visual,R1-6,left,True,False,True,1,182,1,0,289.478,825,10,0,0,133796.656,154188.516,20.392,397871.594,407952.094,10.081,130574.5,165572.891,34.998,41.741,189,Princeton-only point coverage
190,Princeton-only point coverage,720575940620886181,afferent,sensory,visual,R1-6,left,True,False,True,1,187,1,0,282.406,570,6,0,0,86080.0,139304.031,53.224,315256.25,330597.812,15.342,178001.906,181352.156,3.35,55.492,190,Princeton-only point coverage
191,Princeton-only point coverage,720575940647021091,afferent,sensory,visual,R1-6,left,True,False,True,1,187,1,0,321.487,891,12,0,0,104009.414,147537.266,43.528,322394.719,335604.969,13.21,164431.516,174926.938,10.495,46.683,191,Princeton-only point coverage
192,Princeton-only point coverage,720575940630947292,afferent,sensory,visual,R1-6,left,True,False,True,1,189,1,0,266.138,633,11,0,0,97744.344,137599.5,39.855,363458.094,370068.406,6.61,153746.562,173922.125,20.176,45.157,192,Princeton-only point coverage
193,Princeton-only point coverage,720575940623823240,afferent,sensory,visual,R1-6,left,True,False,True,1,190,1,0,281.968,896,16,0,0,87495.633,153979.922,66.484,309981.656,317386.656,7.405,175469.266,180348.219,4.879,67.073,193,Princeton-only point coverage
194,Princeton-only point coverage,720575940623518051,afferent,sensory,visual,R1-6,left,True,False,True,1,191,1,0,294.204,1076,16,0,0,109076.141,144883.969,35.808,361312.562,370116.094,8.804,151029.469,171995.203,20.966,42.418,194,Princeton-only point coverage
195,Princeton-only point coverage,720575940609518091,afferent,sensory,visual,R1-6,left,True,False,True,1,192,1,0,317.828,757,9,0,0,138650.031,155522.328,16.872,368304.281,376006.219,7.702,136743.859,165484.531,28.741,34.206,195,Princeton-only point coverage
196,Princeton-only point coverage,720575940606022128,afferent,sensory,visual,R1-6,left,True,False,True,1,198,1,0,277.187,605,6,0,0,88830.172,131296.0,42.466,346303.031,361208.781,14.906,162751.812,175380.047,12.628,46.744,196,Princeton-only point coverage
197,remaining missing-root morphology,720575940631505260,afferent,sensory,visual,R1-6,left,True,False,False,191,302,1,0,357.238,1414,38,0,0,199924.312,208846.25,8.922,252422.703,260310.828,7.888,124272.391,160540.016,36.268,38.173,197,remaining missing-root morphology
198,remaining missing-root morphology,720575940629285873,afferent,sensory,visual,R1-6,right,True,False,False,189,306,1,0,330.098,1262,36,0,0,843851.25,887053.875,43.203,218874.688,228553.688,9.679,153492.922,168312.547,14.82,46.688,198,remaining missing-root morphology
199,remaining missing-root morphology,720575940621481450,afferent,ascending,AN,,left,True,False,False,188,527,1,0,298.211,1177,29,0,0,433192.906,499453.531,66.261,298387.875,341767.781,43.38,170582.219,244636.5,74.054,108.427,199,remaining missing-root morphology
200,remaining missing-root morphology,720575940640017597,afferent,sensory,visual,R1-6,right,True,False,False,187,346,1,0,326.171,1152,45,0,0,846802.688,884817.125,38.014,240335.719,262748.125,22.412,124839.625,134290.453,9.451,45.13,200,remaining missing-root morphology
201,remaining missing-root morphology,720575940638556382,afferent,sensory,visual,R1-6,left,True,False,False,183,328,1,0,333.11,1547,40,0,0,212987.516,229598.156,16.611,277201.125,289524.406,12.323,111134.75,149963.953,38.829,43.994,201,remaining missing-root morphology
202,remaining missing-root morphology,720575940621482667,afferent,sensory,visual,R1-6,left,True,False,False,176,320,1,0,331.719,1092,36,0,0,224296.172,255739.703,31.444,208062.656,216088.516,8.026,117888.938,160306.344,42.417,53.407,202,remaining missing-root morphology
203,remaining missing-root morphology,720575940629714793,afferent,sensory,visual,R1-6,right,True,False,False,175,323,1,0,329.944,1286,37,0,0,842029.875,875190.312,33.16,232465.266,245908.672,13.443,115942.445,137524.453,21.582,41.787,203,remaining missing-root morphology
204,remaining missing-root morphology,720575940621193051,afferent,sensory,visual,R1-6,right,True,False,False,175,388,1,0,324.755,1138,40,0,0,852058.812,892984.125,40.925,248944.047,261981.359,13.037,131092.594,142621.141,11.529,44.472,204,remaining missing-root morphology
205,remaining missing-root morphology,720575940618150105,afferent,sensory,visual,R1-6,right,True,False,False,172,350,1,0,338.777,1353,34,0,0,833771.688,859647.25,25.876,261098.938,273056.438,11.957,79755.93,116735.648,36.98,46.691,205,remaining missing-root morphology
206,remaining missing-root morphology,720575940644276128,afferent,sensory,visual,R1-6,right,True,False,False,167,270,1,0,347.181,1520,24,0,0,852161.25,884820.938,32.66,233423.828,259102.641,25.679,133723.859,140069.984,6.346,42.028,206,remaining missing-root morphology
207,remaining missing-root morphology,720575940645941027,afferent,sensory,visual,R1-6,right,True,False,False,166,321,1,0,366.826,1286,38,0,0,844932.25,884154.938,39.223,249879.891,263536.656,13.657,115747.625,133656.703,17.909,45.229,207,remaining missing-root morphology
208,remaining missing-root morphology,720575940630098075,afferent,sensory,visual,R7,left,True,False,False,166,406,1,0,289.552,1014,14,0,0,147643.25,299567.031,151.924,178644.891,218864.625,40.22,158780.188,190105.125,31.325,160.249,208,remaining missing-root morphology
209,remaining missing-root morphology,720575940635013020,afferent,sensory,visual,R1-6,right,True,False,False,163,279,1,0,367.914,1035,30,0,0,839089.125,873968.688,34.88,221206.688,232761.547,11.555,122247.18,140802.25,18.555,41.163,209,remaining missing-root morphology
210,remaining missing-root morphology,720575940637390181,afferent,sensory,visual,R7,left,True,False,False,163,414,1,0,278.367,1138,22,0,0,152673.766,300175.906,147.502,167780.297,208000.891,40.221,168094.875,192120.25,24.025,154.764,210,remaining missing-root morphology
211,remaining missing-root morphology,720575940618864724,afferent,sensory,visual,R1-6,left,True,False,False,161,346,1,0,310.538,1006,32,0,0,195512.953,207957.562,12.445,278298.438,288798.969,10.501,124099.211,156028.312,31.929,35.841,211,remaining missing-root morphology
212,remaining missing-root morphology,720575940618718977,afferent,sensory,visual,R1-6,right,True,False,False,158,347,1,0,377.513,1255,30,0,0,838968.188,863328.0,24.36,293125.469,306165.625,13.04,79388.758,114708.797,35.32,44.844,212,remaining missing-root morphology
213,remaining missing-root morphology,720575940628442389,afferent,sensory,visual,R1-6,right,True,False,False,157,277,1,0,332.437,961,29,0,0,852894.938,901792.0,48.897,260239.969,275431.188,15.191,140759.469,149047.328,8.288,51.869,213,remaining missing-root morphology
214,remaining missing-root morphology,720575940610715204,afferent,sensory,visual,R1-6,right,True,False,False,157,351,1,0,319.083,1267,43,0,0,847339.062,891608.062,44.269,232097.75,245043.109,12.945,139450.922,147845.125,8.394,46.881,214,remaining missing-root morphology
215,remaining missing-root morphology,720575940618849537,afferent,sensory,visual,R1-6,left,True,False,False,152,289,1,0,335.073,1246,42,0,0,213425.531,228782.375,15.357,169298.141,177059.062,7.761,144673.438,177482.547,32.809,37.047,215,remaining missing-root morphology
216,remaining missing-root morphology,720575940626928740,afferent,sensory,visual,R1-6,right,True,False,False,148,316,1,0,344.949,1237,34,0,0,855017.938,901472.0,46.454,270398.75,288276.156,17.877,133295.0,138518.516,5.224,50.049,216,remaining missing-root morphology
217,remaining missing-root morphology,720575940621349285,afferent,sensory,visual,R1-6,right,True,False,False,147,323,1,0,349.542,1089,38,0,0,849858.375,893019.375,43.161,258091.766,287908.531,29.817,122171.344,130722.641,8.551,53.151,217,remaining missing-root morphology
218,remaining missing-root morphology,720575940631048812,afferent,sensory,visual,R1-6,right,True,False,False,147,365,1,0,323.285,1115,47,0,0,842243.875,880463.875,38.22,225507.5,237137.25,11.63,124541.133,140968.469,16.427,43.196,218,remaining missing-root morphology
219,remaining missing-root morphology,720575940627671433,afferent,sensory,visual,R1-6,right,True,False,False,145,286,1,0,319.269,893,29,0,0,846246.0,881701.438,35.455,230005.531,248362.453,18.357,129796.906,140840.0,11.043,41.425,219,remaining missing-root morphology
220,remaining missing-root morphology,720575940620666315,afferent,sensory,visual,R1-6,right,True,False,False,145,310,1,0,361.539,1453,33,0,0,837825.438,876856.312,39.031,205171.312,219274.562,14.103,152338.641,160117.047,7.778,42.223,220,remaining missing-root morphology
221,remaining missing-root morphology,720575940621462511,afferent,sensory,visual,R1-6,right,True,False,False,144,289,1,0,364.059,1757,31,0,0,844791.812,884453.5,39.662,219259.656,233004.031,13.744,137645.484,148152.25,10.507,43.271,221,remaining missing-root morphology
222,remaining missing-root morphology,720575940633188492,afferent,sensory,visual,R1-6,right,True,False,False,144,334,1,0,315.12,1175,48,0,0,839593.625,872472.75,32.879,212391.688,224979.219,12.588,130038.305,145860.938,15.823,38.598,222,remaining missing-root morphology
223,remaining missing-root morphology,720575940620753744,afferent,sensory,visual,R1-6,right,True,False,False,144,381,1,0,315.992,1149,43,0,0,846036.812,890016.0,43.979,249308.562,263942.406,14.634,122464.203,134176.75,11.713,47.807,223,remaining missing-root morphology
224,remaining missing-root morphology,720575940623003169,afferent,sensory,visual,R1-6,right,True,False,False,142,296,1,0,370.014,1387,32,0,0,838259.875,868922.188,30.662,239750.562,249301.125,9.551,107369.234,130854.727,23.485,39.786,224,remaining missing-root morphology
225,remaining missing-root morphology,720575940625416167,afferent,sensory,visual,R1-6,right,True,False,False,137,247,1,0,382.785,1680,25,0,0,844997.125,896829.625,51.833,336700.125,346677.938,9.978,144375.984,153874.781,9.499,53.632,225,remaining missing-root morphology
226,remaining missing-root morphology,720575940620665680,afferent,sensory,visual,R1-6,left,True,False,False,136,184,1,0,377.984,1807,19,0,0,219653.391,243694.594,24.041,202843.328,219252.062,16.409,120829.75,163079.906,42.25,51.306,226,remaining missing-root morphology
227,remaining missing-root morphology,720575940628648936,afferent,sensory,visual,R1-6,right,True,False,False,132,306,1,0,366.866,1482,33,0,0,862561.625,909292.125,46.73,277539.375,295259.031,17.72,144922.719,163288.5,18.366,53.245,227,remaining missing-root morphology
228,remaining missing-root morphology,720575940610821188,afferent,sensory,visual,R1-6,right,True,False,False,131,256,1,0,338.121,1146,25,0,0,849177.5,875545.0,26.367,217894.797,242336.25,24.441,132124.938,139690.438,7.566,36.741,228,remaining missing-root morphology
229,remaining missing-root morphology,720575940629854507,afferent,sensory,visual,R1-6,right,True,False,False,129,380,1,0,342.203,1057,43,0,0,855014.938,899670.188,44.655,259628.531,287187.812,27.559,133534.188,140916.094,7.382,52.991,229,remaining missing-root morphology
230,remaining missing-root morphology,720575940633561887,afferent,sensory,visual,R1-6,right,True,False,False,127,241,1,0,354.158,1170,24,0,0,849618.875,887607.875,37.989,220171.516,237660.969,17.489,154226.594,162661.094,8.434,42.664,230,remaining missing-root morphology
231,remaining missing-root morphology,720575940621544175,afferent,sensory,visual,R8,left,True,False,False,127,403,1,0,280.278,863,25,0,0,154144.188,296881.188,142.737,167364.656,208549.547,41.185,167699.531,191361.766,23.662,150.433,231,remaining missing-root morphology
232,remaining missing-root morphology,720575940628955722,afferent,sensory,visual,R1-6,left,True,False,False,126,313,1,0,336.166,1630,32,0,0,147583.875,189104.0,41.52,211748.641,219954.125,8.205,173513.281,189112.359,15.599,45.106,232,remaining missing-root morphology
233,remaining missing-root morphology,720575940623005308,afferent,sensory,visual,R1-6,right,True,False,False,124,334,1,0,363.823,2193,38,0,0,847301.312,897091.125,49.79,295379.781,308308.719,12.929,140635.125,153639.156,13.004,53.059,233,remaining missing-root morphology
234,remaining missing-root morphology,720575940627638558,afferent,sensory,visual,R1-6,right,True,False,False,123,527,1,0,270.814,1336,58,0,0,853940.438,897082.75,43.142,251451.25,269409.594,17.958,138182.688,144300.484,6.118,47.129,234,remaining missing-root morphology
235,remaining missing-root morphology,720575940620722000,afferent,sensory,visual,R1-6,right,True,False,False,122,323,1,0,298.96,1441,50,0,0,838786.375,868405.625,29.619,195794.562,216920.609,21.126,143999.969,148997.594,4.998,36.723,235,remaining missing-root morphology
236,remaining missing-root morphology,720575940606503870,afferent,sensory,visual,R1-6,right,True,False,False,121,239,1,0,336.305,1609,29,0,0,844763.5,876203.812,31.44,204878.594,228606.125,23.728,144885.062,149656.531,4.771,39.677,236,remaining missing-root morphology
237,remaining missing-root morphology,720575940631388887,afferent,sensory,visual,R1-6,right,True,False,False,121,272,1,0,360.103,1229,30,0,0,848389.562,887307.75,38.918,217025.25,235544.688,18.519,155817.25,168120.0,12.303,44.821,237,remaining missing-root morphology
238,remaining missing-root morphology,720575940622303216,afferent,sensory,visual,R1-6,right,True,False,False,121,408,1,0,313.48,1336,46,0,0,849247.375,905228.375,55.981,303586.719,314461.375,10.875,141601.125,157688.828,16.088,59.253,238,remaining missing-root morphology
239,remaining missing-root morphology,720575940621944941,afferent,sensory,visual,R1-6,right,True,False,False,120,325,1,0,335.406,1465,46,0,0,851113.75,900201.812,49.088,278834.719,298304.0,19.469,121995.906,130795.367,8.799,53.536,239,remaining missing-root morphology
240,remaining missing-root morphology,720575940630485626,afferent,sensory,visual,R1-6,right,True,False,False,119,236,1,0,337.458,1705,23,0,0,843322.062,864259.312,20.937,197815.297,222079.078,24.264,137002.578,145785.781,8.783,33.23,240,remaining missing-root morphology
241,remaining missing-root morphology,720575940617920827,afferent,sensory,visual,R1-6,right,True,False,False,119,314,1,0,365.417,1199,32,0,0,847388.75,880992.0,33.603,222872.219,250823.109,27.951,134573.219,142739.234,8.166,44.465,241,remaining missing-root morphology
242,remaining missing-root morphology,720575940622814302,afferent,sensory,visual,R1-6,right,True,False,False,118,303,1,0,363.03,851,26,0,0,850661.25,899799.688,49.138,238833.234,257909.891,19.077,157407.547,176539.625,19.132,56.076,242,remaining missing-root morphology
243,remaining missing-root morphology,720575940628728040,afferent,sensory,visual,R1-6,left,True,False,False,116,267,1,0,349.408,1658,35,0,0,217200.172,229459.453,12.259,199423.344,205828.484,6.405,132148.625,163329.078,31.18,34.111,243,remaining missing-root morphology
244,remaining missing-root morphology,720575940622703640,afferent,sensory,visual,R1-6,right,True,False,False,113,155,1,0,358.013,1184,17,0,0,846832.625,878468.375,31.636,256231.984,274244.656,18.013,108757.695,129660.094,20.902,41.978,244,remaining missing-root morphology
245,remaining missing-root morphology,720575940616042508,afferent,sensory,mechanosensory,JO-B,left,True,False,False,112,419,1,0,239.029,817,44,0,0,429045.312,448041.844,18.997,274758.375,285652.062,10.894,55723.832,118675.078,62.951,66.651,245,remaining missing-root morphology
246,remaining missing-root morphology,720575940613971683,afferent,sensory,visual,R1-6,right,True,False,False,111,373,1,0,326.118,1318,40,0,0,841698.0,864145.75,22.448,271629.406,281186.5,9.557,98127.43,126688.68,28.561,37.563,246,remaining missing-root morphology
247,remaining missing-root morphology,720575940620797643,afferent,sensory,visual,R1-6,left,True,False,False,110,223,1,0,389.785,1533,23,0,0,194594.656,203336.062,8.741,159436.969,178467.641,19.031,165768.188,184382.156,18.614,28.019,247,remaining missing-root morphology
248,remaining missing-root morphology,720575940630869548,afferent,sensory,visual,R1-6,right,True,False,False,110,234,1,0,361.603,1122,15,0,0,849003.688,887811.5,38.808,211199.312,232245.766,21.046,165468.062,178835.531,13.367,46.127,248,remaining missing-root morphology
249,remaining missing-root morphology,720575940625781692,afferent,sensory,visual,R1-6,right,True,False,False,110,244,1,0,353.303,1208,22,0,0,844232.75,881001.75,36.769,209318.5,232802.875,23.484,152267.031,161900.109,9.633,44.68,249,remaining missing-root morphology
250,remaining missing-root morphology,720575940611532664,afferent,sensory,visual,R1-6,right,True,False,False,109,224,1,0,353.223,918,20,0,0,845078.5,880672.75,35.594,199575.094,223200.0,23.625,164847.641,175511.844,10.664,44.032,250,remaining missing-root morphology
251,remaining missing-root morphology,720575940632083275,afferent,sensory,visual,R1-6,right,True,False,False,109,242,1,0,369.926,1381,33,0,0,855373.312,899735.188,44.362,286320.0,294600.625,8.281,126425.586,132059.969,5.634,45.478,251,remaining missing-root morphology
252,remaining missing-root morphology,720575940625511572,afferent,sensory,visual,R1-6,right,True,False,False,107,357,1,0,332.986,1601,48,0,0,843356.062,887648.0,44.292,225481.594,236730.406,11.249,144524.328,151494.438,6.97,46.227,252,remaining missing-root morphology
253,remaining missing-root morphology,720575940632382994,afferent,sensory,visual,R1-6,right,True,False,False,106,229,1,0,371.105,1060,21,0,0,838021.562,865240.875,27.219,188493.703,213624.859,25.131,163663.984,173873.641,10.21,38.428,253,remaining missing-root morphology
254,remaining missing-root morphology,720575940607860169,afferent,sensory,visual,R1-6,right,True,False,False,106,296,1,0,313.098,1015,29,0,0,852491.562,888218.75,35.727,252078.062,260486.75,8.409,160380.438,179054.75,18.674,41.181,254,remaining missing-root morphology
255,remaining missing-root morphology,720575940618743709,afferent,sensory,visual,R1-6,right,True,False,False,105,173,1,0,291.098,1162,27,0,0,847992.875,867122.25,19.129,248956.453,256817.547,7.861,140381.094,144070.969,3.69,21.008,255,remaining missing-root morphology
256,remaining missing-root morphology,720575940616710412,afferent,sensory,visual,R1-6,left,True,False,False,105,257,1,0,370.743,1951,25,0,0,141347.734,174064.484,32.717,234835.703,247423.484,12.588,169429.234,181261.312,11.832,36.998,256,remaining missing-root morphology
257,remaining missing-root morphology,720575940628102013,afferent,sensory,visual,R1-6,right,True,False,False,105,323,1,0,321.347,1689,39,0,0,859055.375,908164.75,49.109,268464.938,283600.062,15.135,139883.828,156847.516,16.964,54.116,257,remaining missing-root morphology
258,remaining missing-root morphology,720575940606578790,afferent,sensory,visual,R1-6,left,True,False,False,104,286,1,0,335.584,1052,33,0,0,192580.469,204074.5,11.494,172224.859,185664.391,13.44,157281.641,183334.531,26.053,31.488,258,remaining missing-root morphology
259,remaining missing-root morphology,720575940622056368,afferent,sensory,visual,R1-6,right,True,False,False,103,275,1,0,360.705,1408,37,0,0,854962.312,900955.438,45.993,260158.016,269383.688,9.226,136682.969,142837.312,6.154,47.311,259,remaining missing-root morphology
260,remaining missing-root morphology,720575940639201508,afferent,sensory,visual,R1-6,right,True,False,False,101,270,1,0,342.974,1029,26,0,0,856425.188,901274.562,44.849,253934.25,274291.469,20.357,143199.266,155995.359,12.796,50.888,260,remaining missing-root morphology
261,remaining missing-root morphology,720575940630333566,afferent,sensory,visual,R1-6,right,True,False,False,100,288,1,0,340.191,1260,35,0,0,849007.5,891033.625,42.026,237494.406,248665.719,11.171,138345.344,145109.094,6.764,44.008,261,remaining missing-root morphology
262,remaining missing-root morphology,720575940621526510,afferent,sensory,visual,R1-6,left,True,False,False,99,289,1,0,308.855,1044,43,0,0,168096.922,190445.078,22.348,178596.781,195501.578,16.905,172087.219,187390.922,15.304,31.928,262,remaining missing-root morphology
263,remaining missing-root morphology,720575940630423418,afferent,sensory,visual,R1-6,right,True,False,False,99,312,1,0,359.76,907,33,0,0,856926.688,907200.0,50.273,273385.906,300999.094,27.613,137804.891,149519.438,11.715,58.542,263,remaining missing-root morphology
264,remaining missing-root morphology,720575940606245822,afferent,sensory,visual,R1-6,left,True,False,False,95,349,1,0,301.266,889,33,0,0,136397.344,177978.656,41.581,230776.953,241700.828,10.924,176058.938,187051.781,10.993,44.375,264,remaining missing-root morphology
265,remaining missing-root morphology,720575940613196261,afferent,sensory,visual,R1-6,right,True,False,False,94,160,1,0,394.369,1270,18,0,0,840798.562,868442.25,27.644,257696.234,280444.938,22.749,96192.273,121426.344,25.234,43.8,265,remaining missing-root morphology
266,remaining missing-root morphology,720575940623347414,afferent,sensory,visual,R1-6,left,True,False,False,93,240,1,0,369.842,1353,28,0,0,186649.125,202631.969,15.983,177873.391,192750.0,14.877,161981.906,182839.594,20.858,30.196,266,remaining missing-root morphology
267,remaining missing-root morphology,720575940648383364,afferent,sensory,visual,R1-6,right,True,False,False,93,260,1,0,336.5,1422,31,0,0,844024.125,871075.688,27.052,198440.781,222857.688,24.417,146695.219,151122.875,4.428,36.709,267,remaining missing-root morphology
268,remaining missing-root morphology,720575940615708066,afferent,sensory,visual,R1-6,right,True,False,False,93,291,1,0,328.471,1431,30,0,0,853348.875,892870.312,39.521,249403.203,274031.531,24.628,130149.859,135617.688,5.468,46.887,268,remaining missing-root morphology
269,remaining missing-root morphology,720575940631043900,afferent,sensory,visual,R1-6,right,True,False,False,89,285,1,0,314.4,1531,34,0,0,852864.75,900287.875,47.423,295351.406,304880.75,9.529,125997.258,133396.406,7.399,48.934,269,remaining missing-root morphology
270,remaining missing-root morphology,720575940608224178,afferent,sensory,visual,R1-6,left,True,False,False,86,307,1,0,346.046,1199,28,0,0,158624.5,191064.5,32.44,213777.172,219444.875,5.668,166420.047,186697.234,20.277,38.674,270,remaining missing-root morphology
271,remaining missing-root morphology,720575940618240401,afferent,sensory,visual,R1-6,left,True,False,False,85,257,1,0,356.77,1087,31,0,0,147529.781,181998.578,34.469,211389.688,223623.891,12.234,172076.422,187787.828,15.711,39.807,271,remaining missing-root morphology
272,remaining missing-root morphology,720575940629636713,afferent,sensory,visual,R8,left,True,False,False,83,389,1,0,361.488,1079,15,0,0,189347.984,252186.469,62.838,236863.938,271109.438,34.245,119198.141,256720.75,137.523,155.029,272,remaining missing-root morphology
273,remaining missing-root morphology,720575940621338246,afferent,sensory,visual,R8,left,True,False,False,82,344,1,0,294.157,1349,17,0,0,175562.672,287166.281,111.604,163712.094,201944.859,38.233,163372.047,190409.25,27.037,121.029,273,remaining missing-root morphology
274,remaining missing-root morphology,720575940621458625,afferent,sensory,visual,R1-6,left,True,False,False,81,221,1,0,372.602,1178,19,0,0,167631.844,189667.719,22.036,178825.531,200509.594,21.684,170430.156,187628.781,17.199,35.378,274,remaining missing-root morphology
275,remaining missing-root morphology,720575940619381108,afferent,ascending,AN,,left,True,False,False,80,258,1,0,239.318,631,7,0,0,476927.688,516840.438,39.913,296384.781,319037.781,22.653,198648.938,243124.344,44.475,63.908,275,remaining missing-root morphology
276,remaining missing-root morphology,720575940632687672,afferent,sensory,visual,R1-6,left,True,False,False,77,224,1,0,340.625,1425,32,0,0,169553.453,185942.719,16.389,172625.234,195164.547,22.539,172475.203,189648.141,17.173,32.734,276,remaining missing-root morphology
277,remaining missing-root morphology,720575940616450626,afferent,sensory,visual,R1-6,right,True,False,False,69,187,1,0,385.225,1291,15,0,0,849418.0,877620.5,28.203,216001.266,228112.75,12.111,138563.406,144734.297,6.171,31.307,277,remaining missing-root morphology
278,remaining missing-root morphology,720575940617499765,afferent,sensory,visual,R7,left,True,False,False,66,310,1,0,303.726,1341,16,0,0,166456.062,252768.781,86.313,237454.562,272472.844,35.018,145588.25,185451.938,39.864,101.318,278,remaining missing-root morphology
279,remaining missing-root morphology,720575940621157887,afferent,ascending,AN,,left,True,False,False,60,228,1,0,227.013,616,10,0,0,498739.375,503526.094,4.787,299668.438,317214.594,17.546,207081.609,243058.219,35.977,40.312,279,remaining missing-root morphology
280,remaining missing-root morphology,720575940609778289,afferent,ascending,AN,,right,True,False,False,57,158,1,0,169.778,509,13,0,0,541997.688,564753.0,22.755,313264.094,328146.188,14.882,204559.781,232837.391,28.278,39.229,280,remaining missing-root morphology
281,remaining missing-root morphology,720575940628335611,afferent,ascending,AN,,left,True,False,False,56,337,1,0,230.801,772,42,0,0,512811.969,558778.562,45.967,293103.312,305546.281,12.443,211926.906,236189.891,24.263,53.446,281,remaining missing-root morphology
282,remaining missing-root morphology,720575940632280338,afferent,sensory,visual,R8,left,True,False,False,46,386,1,0,256.604,1001,17,0,0,120885.203,284904.812,164.02,216280.125,256658.781,40.379,144408.281,185439.766,41.031,173.829,282,remaining missing-root morphology
283,remaining missing-root morphology,720575940618061661,afferent,sensory,visual,R1-6,left,True,False,False,45,256,1,0,392.133,2118,36,0,0,86134.469,121136.055,35.002,377656.062,384364.688,6.709,164784.25,173324.969,8.541,36.648,283,remaining missing-root morphology
284,remaining missing-root morphology,720575940609307854,afferent,ascending,AN,,left,True,False,False,42,150,1,0,270.473,718,6,0,0,505200.656,509703.688,4.503,302532.219,312140.188,9.608,212998.766,238226.0,25.227,27.368,284,remaining missing-root morphology
285,remaining missing-root morphology,720575940617768587,afferent,sensory,visual,R8,left,True,False,False,41,316,1,0,264.737,1037,36,0,0,205571.797,285670.125,80.098,149284.078,182987.312,33.703,158294.922,220562.016,62.267,106.906,285,remaining missing-root morphology
286,remaining missing-root morphology,720575940627149415,afferent,ascending,AN,,left,True,False,False,40,306,1,0,266.431,938,30,0,0,505846.438,515979.125,10.133,303864.312,326406.844,22.543,221442.828,243135.594,21.693,32.885,286,remaining missing-root morphology
287,remaining missing-root morphology,720575940620785869,afferent,ascending,AN,,left,True,False,False,37,344,1,0,181.84,583,10,0,0,487018.625,515996.938,28.978,312154.938,324245.062,12.09,200933.859,238580.922,37.647,49.023,287,remaining missing-root morphology
288,remaining missing-root morphology,720575940615121501,afferent,ascending,AN,,right,True,False,False,35,157,1,0,293.185,668,10,0,0,538075.938,553391.062,15.315,308896.25,319868.656,10.972,210153.531,238684.453,28.531,34.19,288,remaining missing-root morphology
289,remaining missing-root morphology,720575940623111593,afferent,sensory,visual,R1-6,left,True,False,False,35,164,1,0,525.53,2208,23,0,0,167393.469,175584.172,8.191,424957.406,429433.562,4.476,125785.891,156620.672,30.835,32.217,289,remaining missing-root morphology
290,remaining missing-root morphology,720575940619423216,afferent,ascending,AN,,left,True,False,False,34,197,1,0,206.381,658,15,0,0,479505.688,500751.281,21.246,298217.406,313358.906,15.142,207243.703,232394.703,25.151,36.238,290,remaining missing-root morphology
291,remaining missing-root morphology,720575940623335715,afferent,sensory,visual,R1-6,left,True,False,False,34,350,1,0,403.689,2926,63,0,0,86096.812,123399.93,37.303,334719.156,343908.938,9.19,177225.812,183733.938,6.508,38.966,291,remaining missing-root morphology
292,remaining missing-root morphology,720575940631230167,afferent,sensory,visual,R1-6,left,True,False,False,33,219,1,0,404.42,1414,24,0,0,206881.266,225262.344,18.381,347292.25,376466.438,29.174,103198.102,149410.594,46.212,57.659,292,remaining missing-root morphology
293,remaining missing-root morphology,720575940630660034,afferent,sensory,visual,R1-6,left,True,False,False,33,464,1,0,343.491,1824,78,0,0,163330.859,174991.984,11.661,426125.281,445521.594,19.396,112724.453,161245.094,48.521,53.539,293,remaining missing-root morphology
294,remaining missing-root morphology,720575940628307077,afferent,sensory,visual,R1-6,left,True,False,False,32,306,1,0,380.683,1669,49,0,0,169601.953,180917.406,11.315,423218.531,430913.188,7.695,125779.398,158666.297,32.887,35.62,294,remaining missing-root morphology
295,remaining missing-root morphology,720575940632425002,afferent,sensory,visual,R1-6,left,True,False,False,32,338,1,0,380.559,2309,43,0,0,181314.141,204118.578,22.804,411667.969,425162.125,13.494,107900.789,154283.516,46.383,53.418,295,remaining missing-root morphology
296,remaining missing-root morphology,720575940619193264,afferent,ascending,AN,,left,True,False,False,31,156,1,0,206.673,957,14,0,0,502618.688,511839.375,9.221,309407.0,316452.438,7.045,215709.109,243134.062,27.425,29.779,296,remaining missing-root morphology
297,remaining missing-root morphology,720575940634947484,afferent,sensory,visual,R1-6,left,True,False,False,31,283,1,0,389.926,2088,53,0,0,93169.625,118515.688,25.346,418934.812,440888.688,21.954,148986.625,175777.516,26.791,42.92,297,remaining missing-root morphology
298,remaining missing-root morphology,720575940618916125,afferent,sensory,visual,R1-6,left,True,False,False,31,430,1,0,331.033,1659,63,0,0,153265.156,162094.422,8.829,429717.812,454738.344,25.021,117232.469,163360.859,46.128,53.215,298,remaining missing-root morphology
299,remaining missing-root morphology,720575940606631102,afferent,sensory,visual,R1-6,left,True,False,False,29,242,1,0,359.872,1569,34,0,0,181665.688,205792.031,24.126,405751.656,424463.969,18.712,109290.75,152185.938,42.895,52.652,299,remaining missing-root morphology
300,remaining missing-root morphology,720575940624048275,afferent,sensory,visual,R1-6,left,True,False,False,28,275,1,0,364.276,1700,46,0,0,81987.93,123205.375,41.217,316458.625,342520.0,26.061,181630.969,184221.375,2.59,48.834,300,remaining missing-root morphology
301,remaining missing-root morphology,720575940627618905,afferent,sensory,visual,R1-6,left,True,False,False,27,303,1,0,418.376,2104,47,0,0,193685.5,207411.016,13.726,387203.562,405724.938,18.521,113126.992,149819.5,36.693,43.333,301,remaining missing-root morphology
302,remaining missing-root morphology,720575940618090129,afferent,sensory,visual,R1-6,left,True,False,False,27,337,1,0,425.614,3422,55,0,0,82008.078,128069.641,46.062,310937.188,334097.688,23.16,182455.969,187054.016,4.598,51.761,302,remaining missing-root morphology
303,remaining missing-root morphology,720575940618422929,afferent,sensory,visual,R1-6,left,True,False,False,27,455,1,0,338.426,2210,68,0,0,126980.547,138282.844,11.302,430967.844,459008.0,28.04,126253.93,168589.562,42.336,52.022,303,remaining missing-root morphology
304,remaining missing-root morphology,720575940611801976,afferent,sensory,visual,R1-6,left,True,False,False,25,258,1,0,382.756,1979,52,0,0,117318.633,137219.578,19.901,430164.281,449552.375,19.388,135547.094,167991.953,32.445,42.716,304,remaining missing-root morphology
305,remaining missing-root morphology,720575940643079309,afferent,sensory,visual,R1-6,left,True,False,False,25,268,1,0,376.321,1610,38,0,0,186988.312,210922.672,23.934,399111.375,416748.75,17.637,106620.695,151643.781,45.023,53.954,305,remaining missing-root morphology
306,remaining missing-root morphology,720575940613582996,afferent,sensory,visual,R1-6,left,True,False,False,25,386,1,0,393.684,1773,55,0,0,194711.641,220472.688,25.761,382883.156,389353.812,6.471,105533.266,149111.656,43.578,51.035,306,remaining missing-root morphology
307,remaining missing-root morphology,720575940640196413,afferent,sensory,visual,R1-6,left,True,False,False,25,409,1,0,307.709,1773,75,0,0,86137.836,122138.547,36.001,346966.688,353461.281,6.495,174959.078,181446.547,6.487,37.153,307,remaining missing-root morphology
308,remaining missing-root morphology,720575940623495693,afferent,sensory,visual,R1-6,left,True,False,False,24,284,1,0,333.056,1961,19,0,0,82135.297,139520.0,57.385,308945.062,317041.594,8.097,183722.719,187583.406,3.861,58.082,308,remaining missing-root morphology
309,remaining missing-root morphology,720575940630664062,afferent,sensory,visual,R1-6,left,True,False,False,24,330,1,0,417.179,1887,36,0,0,166771.125,179727.203,12.956,424038.188,442482.094,18.444,111196.492,159508.641,48.312,53.311,309,remaining missing-root morphology
310,remaining missing-root morphology,720575940623242108,afferent,sensory,visual,R1-6,left,True,False,False,24,331,1,0,398.051,1849,41,0,0,170465.938,180598.906,10.133,421564.812,443444.938,21.88,110989.328,156641.0,45.652,51.628,310,remaining missing-root morphology
311,remaining missing-root morphology,720575940621962081,afferent,sensory,visual,R1-6,left,True,False,False,24,349,1,0,356.903,1741,66,0,0,86096.672,115338.375,29.242,367378.406,378546.656,11.168,172478.266,179676.141,7.198,32.119,311,remaining missing-root morphology
312,remaining missing-root morphology,720575940632346666,afferent,sensory,visual,R1-6,left,True,False,False,24,365,1,0,407.83,1316,46,0,0,180976.016,195630.156,14.654,404109.938,414534.188,10.424,108527.742,151057.594,42.53,46.176,312,remaining missing-root morphology
313,remaining missing-root morphology,720575940610948164,afferent,sensory,visual,R1-6,left,True,False,False,24,375,1,0,365.165,1433,46,0,0,177741.234,190198.5,12.457,408391.0,419326.438,10.935,110589.516,152488.016,41.898,45.058,313,remaining missing-root morphology
314,remaining missing-root morphology,720575940618530594,afferent,sensory,visual,R1-6,left,True,False,False,24,395,1,0,371.97,1609,51,0,0,143637.312,159230.781,15.593,429889.031,457831.719,27.943,117307.344,164779.812,47.472,57.25,314,remaining missing-root morphology
315,remaining missing-root morphology,720575940622654591,afferent,sensory,visual,R1-6,left,True,False,False,23,203,1,0,445.232,1904,19,0,0,136330.766,154027.453,17.697,432665.656,461337.969,28.672,118535.312,167551.078,49.016,59.48,315,remaining missing-root morphology
316,remaining missing-root morphology,720575940642527451,afferent,sensory,visual,R1-6,left,True,False,False,23,222,1,0,398.554,2229,38,0,0,88050.969,111669.25,23.618,390161.188,395832.969,5.672,172523.203,178995.625,6.472,25.137,316,remaining missing-root morphology
317,remaining missing-root morphology,720575940633220516,afferent,sensory,visual,R1-6,left,True,False,False,23,245,1,0,419.42,2109,42,0,0,86171.305,123772.508,37.601,366152.938,374626.781,8.474,168993.562,176196.422,7.203,39.211,317,remaining missing-root morphology
318,remaining missing-root morphology,720575940639884622,afferent,sensory,visual,R1-6,left,True,False,False,23,370,1,0,358.305,2021,72,0,0,86127.898,127353.258,41.225,313808.156,334352.438,20.544,179538.062,183347.375,3.809,46.218,318,remaining missing-root morphology
319,remaining missing-root morphology,720575940629438193,afferent,sensory,visual,R1-6,left,True,False,False,23,399,1,0,350.687,1756,53,0,0,159643.547,172889.234,13.246,429508.344,447934.969,18.427,113849.211,161718.219,47.869,52.976,319,remaining missing-root morphology
320,remaining missing-root morphology,720575940625652879,afferent,ascending,AN,,left,True,False,False,22,94,1,0,188.223,550,11,0,0,502669.531,508893.031,6.223,303192.438,310296.469,7.104,222709.281,243135.578,20.426,22.504,320,remaining missing-root morphology
321,remaining missing-root morphology,720575940632425258,afferent,sensory,visual,R1-6,left,True,False,False,22,294,1,0,417.959,1374,19,0,0,179145.047,203920.938,24.776,412128.094,423917.156,11.789,109416.82,154764.328,45.348,53.002,321,remaining missing-root morphology
322,remaining missing-root morphology,720575940661099137,afferent,sensory,visual,R1-6,left,True,False,False,22,310,1,0,395.845,1460,40,0,0,156248.094,169080.578,12.832,410759.5,431855.0,21.096,116454.031,157491.672,41.038,47.893,322,remaining missing-root morphology
323,remaining missing-root morphology,720575940629070155,afferent,ascending,AN,,left,True,False,False,21,139,1,0,209.597,585,6,0,0,500901.781,520124.625,19.223,291566.219,309533.125,17.967,202966.047,243103.516,40.137,47.993,323,remaining missing-root morphology
324,remaining missing-root morphology,720575940627693181,afferent,sensory,visual,R1-6,left,True,False,False,21,180,1,0,526.711,1607,12,0,0,86108.406,126419.141,40.311,378668.656,387662.219,8.994,163728.688,170722.438,6.994,41.89,324,remaining missing-root morphology
325,remaining missing-root morphology,720575940640525144,afferent,sensory,visual,R1-6,left,True,False,False,21,194,1,0,408.572,1814,31,0,0,86084.102,115706.703,29.623,385958.188,390968.25,5.01,167596.016,175954.719,8.359,31.184,325,remaining missing-root morphology
326,remaining missing-root morphology,720575940628255034,afferent,sensory,visual,R1-6,left,True,False,False,21,272,1,0,370.39,2344,47,0,0,166144.0,172629.5,6.486,422297.219,436438.906,14.142,126957.055,155747.266,28.79,32.725,326,remaining missing-root morphology
327,remaining missing-root morphology,720575940619984798,afferent,sensory,visual,R1-6,left,True,False,False,21,289,1,0,375.948,1434,33,0,0,206728.031,234453.297,27.725,349757.312,361290.688,11.533,101079.883,147107.922,46.028,54.957,327,remaining missing-root morphology
328,remaining missing-root morphology,720575940642532827,afferent,sensory,visual,R1-6,left,True,False,False,21,412,1,0,344.456,1516,65,0,0,86079.953,111805.766,25.726,361868.688,374942.625,13.074,173393.328,181488.625,8.095,29.971,328,remaining missing-root morphology
329,remaining missing-root morphology,720575940628877308,afferent,sensory,visual,R1-6,left,True,False,False,21,441,1,0,350.259,1509,72,0,0,149117.672,157878.438,8.761,433924.781,459089.531,25.165,117252.07,162541.547,45.289,52.547,329,remaining missing-root morphology
330,remaining missing-root morphology,720575940612354196,afferent,sensory,visual,R1-6,left,True,False,False,20,193,1,0,477.352,2247,21,0,0,206275.719,226476.812,20.201,347157.0,366991.375,19.834,105158.359,148481.125,43.323,51.753,330,remaining missing-root morphology
331,remaining missing-root morphology,720575940638713407,afferent,sensory,visual,R1-6,left,True,False,False,20,229,1,0,428.974,2348,52,0,0,86108.305,115777.125,29.669,369358.406,381713.125,12.355,171696.531,174745.688,3.049,32.283,331,remaining missing-root morphology
332,remaining missing-root morphology,720575940631515643,afferent,sensory,visual,R1-6,left,True,False,False,20,240,1,0,391.133,1911,29,0,0,179389.438,205827.5,26.438,403402.688,423656.0,20.253,108100.398,151262.734,43.162,54.517,332,remaining missing-root morphology
333,remaining missing-root morphology,720575940626770532,afferent,sensory,visual,R1-6,left,True,False,False,20,340,1,0,361.985,1429,51,0,0,85750.758,140880.172,55.129,296941.812,313427.312,16.485,184039.812,189275.219,5.235,57.779,333,remaining missing-root morphology
334,remaining missing-root morphology,720575940625067243,afferent,sensory,visual,R1-6,left,True,False,False,20,349,1,0,318.579,2198,62,0,0,86090.797,130304.0,44.213,349249.812,353507.938,4.258,170785.547,176555.422,5.77,44.791,334,remaining missing-root morphology
335,remaining missing-root morphology,720575940631149372,afferent,sensory,visual,R1-6,left,True,False,False,20,358,1,0,316.721,2098,53,0,0,162719.016,170714.547,7.996,401203.406,412061.688,10.858,126114.648,153477.438,27.363,30.505,335,remaining missing-root morphology
336,remaining missing-root morphology,720575940606930865,afferent,sensory,visual,R1-6,left,True,False,False,20,384,1,0,353.753,1723,50,0,0,132268.547,146029.469,13.761,428816.344,451839.312,23.023,126003.047,166815.609,40.813,48.837,336,remaining missing-root morphology
337,remaining missing-root morphology,720575940620556117,afferent,sensory,visual,R1-6,left,True,False,False,20,423,1,0,321.014,1914,57,0,0,98053.008,129425.195,31.372,352342.969,370039.094,17.696,162027.516,172818.312,10.791,37.601,337,remaining missing-root morphology
338,remaining missing-root morphology,720575940613486762,afferent,sensory,visual,R1-6,left,True,False,False,19,160,1,0,482.331,1912,29,0,0,86165.523,116081.438,29.916,389812.875,394797.188,4.984,163126.719,171303.062,8.176,31.411,338,remaining missing-root morphology
339,remaining missing-root morphology,720575940634857884,afferent,sensory,visual,R1-6,left,True,False,False,19,199,1,0,464.276,2032,39,0,0,86149.016,118220.531,32.072,375204.719,386551.375,11.347,169086.844,174385.656,5.299,34.43,339,remaining missing-root morphology
340,remaining missing-root morphology,720575940611510765,afferent,ascending,AN,,left,True,False,False,19,214,1,0,187.243,749,13,0,0,510722.812,519822.5,9.1,313827.031,325926.938,12.1,211874.172,243136.812,31.263,34.736,340,remaining missing-root morphology
341,remaining missing-root morphology,720575940615322514,afferent,sensory,visual,R1-6,left,True,False,False,19,235,1,0,427.996,2459,42,0,0,86178.602,115410.742,29.232,378378.938,385982.812,7.604,172565.609,178540.156,5.975,30.79,341,remaining missing-root morphology
342,remaining missing-root morphology,720575940614567855,afferent,sensory,visual,R1-6,left,True,False,False,19,251,1,0,354.801,1630,23,0,0,86467.227,139107.625,52.64,298088.906,315276.562,17.188,185441.797,188991.953,3.55,55.489,342,remaining missing-root morphology
343,remaining missing-root morphology,720575940613055194,afferent,sensory,visual,R1-6,left,True,False,False,19,265,1,0,406.128,2270,48,0,0,86081.672,113216.805,27.135,392186.688,399904.0,7.717,164563.203,174959.969,10.397,30.066,343,remaining missing-root morphology
344,remaining missing-root morphology,720575940627665241,afferent,sensory,visual,R1-6,left,True,False,False,19,290,1,0,411.248,2239,52,0,0,92542.797,117473.781,24.931,415898.875,425062.062,9.163,150288.391,176375.375,26.087,37.23,344,remaining missing-root morphology
345,remaining missing-root morphology,720575940633512908,afferent,sensory,visual,R1-6,left,True,False,False,19,312,1,0,356.564,1753,55,0,0,110048.016,130436.266,20.388,427275.25,437638.188,10.363,150159.766,169923.656,19.764,30.227,345,remaining missing-root morphology
346,remaining missing-root morphology,720575940624338058,afferent,sensory,visual,R1-6,left,True,False,False,19,330,1,0,445.415,1836,41,0,0,186335.891,206592.0,20.256,400951.688,412299.75,11.348,105452.07,152321.969,46.87,52.306,346,remaining missing-root morphology
347,remaining missing-root morphology,720575940624103827,afferent,sensory,visual,R1-6,left,True,False,False,19,386,1,0,345.212,1350,65,0,0,92293.945,123646.344,31.352,356206.031,373436.125,17.23,161359.984,174523.5,13.164,38.12,347,remaining missing-root morphology
348,remaining missing-root morphology,720575940617513589,afferent,sensory,visual,R1-6,left,True,False,False,19,387,1,0,400.085,1599,44,0,0,188039.656,211770.609,23.731,396934.344,407739.188,10.805,105621.953,151840.0,46.218,53.066,348,remaining missing-root morphology
349,remaining missing-root morphology,720575940633457709,afferent,sensory,visual,R1-6,left,True,False,False,19,396,1,0,290.684,2867,75,0,0,86215.711,113408.0,27.192,356822.031,366696.438,9.874,174677.969,181885.062,7.207,29.814,349,remaining missing-root morphology
350,remaining missing-root morphology,720575940629752080,afferent,sensory,visual,R1-6,left,True,False,False,19,399,1,0,349.045,1569,68,0,0,145847.391,153367.125,7.52,404396.781,411278.75,6.882,125760.469,159994.062,34.234,35.719,350,remaining missing-root morphology
351,remaining missing-root morphology,720575940626702159,afferent,ascending,AN,,left,True,False,False,18,147,1,0,218.007,761,9,0,0,509091.5,513730.344,4.639,308810.438,318512.656,9.702,212949.391,240949.688,28.0,29.994,351,remaining missing-root morphology
352,remaining missing-root morphology,720575940636021855,afferent,sensory,visual,R1-6,left,True,False,False,18,157,1,0,452.236,2043,20,0,0,119267.227,139912.812,20.646,431673.094,452388.688,20.716,139412.562,166412.922,27.0,39.804,352,remaining missing-root morphology
353,remaining missing-root morphology,720575940639166197,afferent,ascending,AN,,left,True,False,False,18,178,1,0,228.242,828,10,0,0,508543.25,520654.688,12.111,314509.656,326930.938,12.421,211755.406,242990.016,31.235,35.729,353,remaining missing-root morphology
354,remaining missing-root morphology,720575940618768806,afferent,ascending,AN,,left,True,False,False,18,180,1,0,171.933,725,10,0,0,511924.5,519395.875,7.471,314238.094,322778.156,8.54,213974.047,239046.188,25.072,27.52,354,remaining missing-root morphology
355,remaining missing-root morphology,720575940628346170,afferent,sensory,visual,R1-6,left,True,False,False,18,191,1,0,416.262,1619,25,0,0,180250.453,197745.016,17.495,407599.0,428630.656,21.032,108716.781,150554.516,41.838,49.988,355,remaining missing-root morphology
356,remaining missing-root morphology,720575940625603512,afferent,sensory,visual,R1-6,left,True,False,False,18,193,1,0,455.648,2489,39,0,0,86078.164,119311.656,33.233,362507.031,366548.0,4.041,172604.781,176848.359,4.244,33.746,356,remaining missing-root morphology
357,remaining missing-root morphology,720575940618600276,afferent,sensory,visual,R1-6,left,True,False,False,18,250,1,0,424.936,2655,34,0,0,87807.992,130784.32,42.976,358918.188,371486.188,12.568,158880.0,172410.359,13.53,46.776,357,remaining missing-root morphology
358,remaining missing-root morphology,720575940630544250,afferent,sensory,visual,R1-6,left,True,False,False,18,257,1,0,393.502,1343,35,0,0,90984.539,125511.141,34.527,388329.125,397534.375,9.205,153547.391,171897.125,18.35,40.169,358,remaining missing-root morphology
359,remaining missing-root morphology,720575940627660121,afferent,sensory,visual,R1-6,left,True,False,False,18,263,1,0,374.179,1947,52,0,0,86081.25,115062.547,28.981,374921.781,381184.75,6.263,171157.891,177597.484,6.44,30.342,359,remaining missing-root morphology
360,remaining missing-root morphology,720575940638711359,afferent,sensory,visual,R1-6,left,True,False,False,18,270,1,0,397.459,1253,32,0,0,86124.602,123589.844,37.465,354566.969,367680.062,13.113,172327.234,176878.344,4.551,39.954,360,remaining missing-root morphology
361,remaining missing-root morphology,720575940615855510,afferent,sensory,visual,R1-6,left,True,False,False,18,287,1,0,321.066,1507,47,0,0,86141.164,113021.422,26.88,390137.562,399057.219,8.92,170561.938,176298.25,5.736,28.897,361,remaining missing-root morphology
362,remaining missing-root morphology,720575940610073940,afferent,sensory,visual,R1-6,left,True,False,False,18,289,1,0,365.325,1746,44,0,0,85772.742,115879.164,30.106,374392.594,390299.25,15.907,176247.047,179879.984,3.633,34.243,362,remaining missing-root morphology
363,remaining missing-root morphology,720575940621962337,afferent,sensory,visual,R1-6,left,True,False,False,18,293,1,0,382.509,1298,53,0,0,86088.789,120271.891,34.183,364899.5,377727.094,12.828,170301.0,176512.859,6.212,37.035,363,remaining missing-root morphology
364,remaining missing-root morphology,720575940628308613,afferent,sensory,visual,R1-6,left,True,False,False,18,297,1,0,465.916,1796,38,0,0,128608.523,143019.578,14.411,432116.625,458432.0,26.315,126239.219,166498.062,40.259,50.209,364,remaining missing-root morphology
365,remaining missing-root morphology,720575940630942428,afferent,sensory,visual,R1-6,left,True,False,False,18,315,1,0,376.194,1507,51,0,0,86087.352,112390.586,26.303,386126.625,393813.719,7.687,168242.656,178960.0,10.717,29.425,365,remaining missing-root morphology
366,remaining missing-root morphology,720575940645837335,afferent,sensory,visual,R1-6,left,True,False,False,18,344,1,0,396.645,1979,44,0,0,164115.766,170809.656,6.694,401869.719,423213.0,21.343,117976.102,153543.828,35.568,42.017,366,remaining missing-root morphology
367,remaining missing-root morphology,720575940627309913,afferent,sensory,visual,R1-6,left,True,False,False,18,378,1,0,316.476,2867,78,0,0,86159.898,115878.164,29.718,374229.438,384527.25,10.298,170188.609,180138.797,9.95,32.988,367,remaining missing-root morphology
368,remaining missing-root morphology,720575940629834768,afferent,sensory,visual,R1-6,left,True,False,False,18,426,1,0,368.573,2057,57,0,0,177479.281,194965.625,17.486,412368.344,425683.375,13.315,106642.516,154037.547,47.395,52.243,368,remaining missing-root morphology
369,remaining missing-root morphology,720575940630060135,afferent,sensory,visual,R1-6,left,True,False,False,17,178,1,0,497.792,1607,16,0,0,186126.062,205941.688,19.816,402512.344,425749.125,23.237,107813.828,152457.562,44.644,54.089,369,remaining missing-root morphology
370,remaining missing-root morphology,720575940625916207,afferent,sensory,visual,R1-6,left,True,False,False,17,215,1,0,413.558,2299,27,0,0,184100.688,204981.594,20.881,402687.125,420627.062,17.94,109424.977,150386.75,40.962,49.353,370,remaining missing-root morphology
371,remaining missing-root morphology,720575940632460951,afferent,ascending,AN,,left,True,False,False,17,217,1,0,147.175,412,11,0,0,499002.938,511530.375,12.527,310858.875,327816.469,16.958,208424.047,243084.859,34.661,40.569,371,remaining missing-root morphology
372,remaining missing-root morphology,720575940628240210,afferent,sensory,visual,R1-6,left,True,False,False,17,219,1,0,364.005,1315,38,0,0,82489.867,113856.0,31.366,380302.719,387072.125,6.769,172826.312,179887.078,7.061,32.856,372,remaining missing-root morphology
373,remaining missing-root morphology,720575940613466134,afferent,sensory,visual,R1-6,left,True,False,False,17,238,1,0,377.739,2584,51,0,0,87168.938,120758.328,33.589,349667.438,357366.594,7.699,174129.188,182147.984,8.019,35.381,373,remaining missing-root morphology
374,remaining missing-root morphology,720575940612888026,afferent,sensory,visual,R1-6,left,True,False,False,17,255,1,0,412.824,1935,33,0,0,175308.016,185455.375,10.147,416482.625,440249.594,23.767,117553.547,154553.672,37.0,45.131,374,remaining missing-root morphology
375,remaining missing-root morphology,720575940639787061,afferent,sensory,visual,R1-6,left,True,False,False,17,257,1,0,413.872,1672,32,0,0,86080.695,125359.266,39.279,334041.781,340292.25,6.25,176196.656,184305.734,8.109,40.591,375,remaining missing-root morphology
376,remaining missing-root morphology,720575940623668248,afferent,sensory,visual,R1-6,left,True,False,False,17,274,1,0,412.091,2328,51,0,0,86110.781,119120.312,33.01,356947.594,371320.906,14.373,171080.0,178356.922,7.277,36.731,376,remaining missing-root morphology
377,remaining missing-root morphology,720575940628758319,afferent,sensory,visual,R1-6,left,True,False,False,17,291,1,0,416.485,1860,36,0,0,86120.172,117393.906,31.274,415979.719,437132.125,21.152,155209.516,172130.078,16.921,41.374,377,remaining missing-root morphology
378,remaining missing-root morphology,720575940640193614,afferent,sensory,visual,R1-6,left,True,False,False,17,302,1,0,398.596,1506,29,0,0,175854.109,186313.266,10.459,410857.719,436167.875,25.31,109344.438,152520.0,43.176,51.129,378,remaining missing-root morphology
379,remaining missing-root morphology,720575940616591372,afferent,sensory,visual,R1-6,left,True,False,False,17,366,1,0,373.913,1865,54,0,0,87938.984,128951.305,41.012,350669.844,368367.875,17.698,166173.812,173526.984,7.353,45.269,379,remaining missing-root morphology
380,remaining missing-root morphology,720575940642539995,afferent,sensory,visual,R1-6,left,True,False,False,17,411,1,0,364.436,1989,66,0,0,118063.984,130847.828,12.784,426606.344,449031.062,22.425,133241.516,171439.891,38.198,46.102,380,remaining missing-root morphology
381,remaining missing-root morphology,720575940623721496,afferent,sensory,visual,R1-6,left,True,False,False,16,190,1,0,457.637,2048,36,0,0,86080.938,116360.461,30.28,378849.344,388918.188,10.069,167364.359,174803.859,7.439,32.765,381,remaining missing-root morphology
382,remaining missing-root morphology,720575940621514667,afferent,sensory,visual,R1-6,left,True,False,False,16,204,1,0,400.711,1746,36,0,0,86083.375,109764.047,23.681,407397.312,411743.281,4.346,163923.391,176876.891,12.954,27.34,382,remaining missing-root morphology
383,remaining missing-root morphology,720575940625643495,afferent,sensory,visual,R1-6,left,True,False,False,16,232,1,0,515.625,2028,21,0,0,165536.047,173754.281,8.218,401749.688,430342.938,28.593,116013.344,154922.0,38.909,48.98,383,remaining missing-root morphology
384,remaining missing-root morphology,720575940605634220,afferent,sensory,visual,R1-6,left,True,False,False,16,234,1,0,482.389,1851,25,0,0,89952.617,125854.383,35.902,348759.625,367610.188,18.851,164398.969,176225.266,11.826,42.239,384,remaining missing-root morphology
385,remaining missing-root morphology,720575940625579704,afferent,sensory,visual,R1-6,left,True,False,False,16,239,1,0,423.979,2602,36,0,0,86097.398,119177.672,33.08,357496.281,370791.562,13.295,173733.828,180140.016,6.406,36.223,385,remaining missing-root morphology
386,remaining missing-root morphology,720575940609748437,afferent,sensory,visual,R1-6,left,True,False,False,16,253,1,0,408.715,1768,34,0,0,86087.477,126581.781,40.494,345349.406,354165.781,8.816,172459.203,178966.781,6.508,41.951,386,remaining missing-root morphology
387,remaining missing-root morphology,720575940629063409,afferent,sensory,visual,R1-6,left,True,False,False,16,294,1,0,371.129,1445,30,0,0,86157.961,127460.391,41.302,351093.125,358935.031,7.842,169951.25,176540.5,6.589,42.554,387,remaining missing-root morphology
388,remaining missing-root morphology,720575940637125239,afferent,sensory,visual,R1-6,left,True,False,False,16,315,1,0,356.879,2305,45,0,0,171496.141,179631.375,8.135,413835.469,440188.844,26.353,113215.555,152091.125,38.876,47.665,388,remaining missing-root morphology
389,remaining missing-root morphology,720575940606630590,afferent,sensory,visual,R1-6,left,True,False,False,16,320,1,0,403.434,2045,40,0,0,182302.797,211463.578,29.161,404777.094,415200.0,10.423,108399.984,151640.0,43.24,53.185,389,remaining missing-root morphology
390,remaining missing-root morphology,720575940615650666,afferent,sensory,visual,R1-6,left,True,False,False,16,359,1,0,354.011,1658,50,0,0,86429.391,130850.906,44.422,340617.094,360493.094,19.876,162768.188,170986.453,8.218,49.354,390,remaining missing-root morphology
391,remaining missing-root morphology,720575940611982690,afferent,sensory,visual,R1-6,left,True,False,False,16,375,1,0,374.835,2319,52,0,0,139407.953,148178.422,8.77,429534.688,459350.281,29.816,123869.867,163519.172,39.649,50.378,391,remaining missing-root morphology
392,remaining missing-root morphology,720575940627267842,afferent,sensory,visual,R1-6,left,True,False,False,16,399,1,0,326.208,1177,50,0,0,151337.953,157732.141,6.394,411310.281,435889.0,24.579,120526.727,155973.875,35.447,43.606,392,remaining missing-root morphology
393,remaining missing-root morphology,720575940639655238,intrinsic,optic,ME>LA,Lawf1,left,True,False,False,16,429,1,0,244.466,775,13,0,0,89876.453,128458.023,38.582,409852.719,438839.25,28.987,150204.438,172021.906,21.817,52.96,393,remaining missing-root morphology
394,remaining missing-root morphology,720575940625733095,afferent,sensory,visual,R1-6,left,True,False,False,16,459,1,0,328.126,1145,57,0,0,177902.344,206265.891,28.364,408992.031,422490.688,13.499,108785.633,152681.516,43.896,53.977,394,remaining missing-root morphology
395,remaining missing-root morphology,720575940635609975,afferent,sensory,olfactory,,right,True,False,False,15,164,1,0,151.256,720,4,0,0,577989.5,604782.188,26.793,277199.312,288227.406,11.028,11788.396,41214.125,29.426,41.296,395,remaining missing-root morphology
396,remaining missing-root morphology,720575940631079900,afferent,sensory,visual,R1-6,left,True,False,False,15,171,1,0,481.76,1316,17,0,0,175877.516,197601.734,21.724,410048.406,427121.625,17.073,108976.406,153476.141,44.5,52.38,396,remaining missing-root morphology
397,remaining missing-root morphology,720575940606679742,afferent,sensory,visual,R1-6,left,True,False,False,15,202,1,0,395.995,1939,33,0,0,86090.102,109908.57,23.818,402923.469,405884.875,2.961,165213.141,176948.344,11.735,26.717,397,remaining missing-root morphology
398,remaining missing-root morphology,720575940629615209,afferent,sensory,visual,R1-6,left,True,False,False,15,220,1,0,364.545,1927,30,0,0,86223.883,109995.086,23.771,388377.0,399804.281,11.427,174235.531,177198.969,2.963,26.541,398,remaining missing-root morphology
399,remaining missing-root morphology,720575940632314955,afferent,sensory,visual,R1-6,left,True,False,False,15,221,1,0,472.824,2522,29,0,0,118260.273,127866.594,9.606,430247.156,452005.25,21.758,139462.156,171809.359,32.347,40.15,399,remaining missing-root morphology
400,remaining missing-root morphology,720575940622798836,afferent,sensory,visual,R1-6,left,True,False,False,15,228,1,0,424.193,2609,44,0,0,84341.172,113410.812,29.07,371830.719,378224.031,6.393,174401.875,180803.812,6.402,30.445,400,remaining missing-root morphology
401,remaining missing-root morphology,720575940622413040,afferent,sensory,visual,R1-6,left,True,False,False,15,242,1,0,394.19,1349,45,0,0,86094.477,118046.078,31.952,373029.281,379211.719,6.182,170158.469,176211.297,6.053,33.102,401,remaining missing-root morphology
402,remaining missing-root morphology,720575940625583118,afferent,sensory,visual,R1-6,left,True,False,False,15,245,1,0,352.576,2263,36,0,0,86095.023,121043.953,34.949,351054.906,357409.312,6.354,172393.906,179598.328,7.204,36.245,402,remaining missing-root morphology
403,remaining missing-root morphology,720575940636169464,afferent,sensory,visual,R1-6,left,True,False,False,15,249,1,0,397.614,1622,44,0,0,86346.523,118546.93,32.2,366275.688,372792.062,6.516,172380.625,178952.5,6.572,33.504,403,remaining missing-root morphology
404,remaining missing-root morphology,720575940641599184,afferent,sensory,visual,R1-6,left,True,False,False,15,267,1,0,334.524,1836,47,0,0,122443.094,130584.0,8.141,431370.062,442076.0,10.706,146539.844,169253.625,22.714,26.397,404,remaining missing-root morphology
405,remaining missing-root morphology,720575940623867016,afferent,sensory,visual,R1-6,left,True,False,False,15,303,1,0,417.449,1482,43,0,0,89325.602,130234.148,40.909,334593.75,353098.781,18.505,169774.703,173988.453,4.214,45.097,405,remaining missing-root morphology
406,remaining missing-root morphology,720575940632704303,afferent,sensory,visual,R1-6,left,True,False,False,15,307,1,0,353.733,1696,52,0,0,86164.156,119013.219,32.849,362758.469,375986.188,13.228,172560.031,177508.078,4.948,35.756,406,remaining missing-root morphology
407,remaining missing-root morphology,720575940638078832,afferent,sensory,visual,R1-6,left,True,False,False,15,327,1,0,339.572,2745,55,0,0,81984.0,131583.188,49.599,309775.969,320595.656,10.82,183307.906,188184.266,4.876,50.999,407,remaining missing-root morphology
408,remaining missing-root morphology,720575940613476581,afferent,sensory,visual,R1-6,left,True,False,False,15,337,1,0,369.902,1993,58,0,0,89759.133,114549.156,24.79,415472.344,429035.062,13.563,153519.906,176880.0,23.36,36.663,408,remaining missing-root morphology
409,remaining missing-root morphology,720575940616281311,afferent,sensory,visual,R1-6,left,True,False,False,15,347,1,0,323.291,1528,53,0,0,86141.594,112735.172,26.594,401328.25,407442.125,6.114,163566.953,176180.25,12.613,30.061,409,remaining missing-root morphology
410,remaining missing-root morphology,720575940627652441,afferent,sensory,visual,R1-6,left,True,False,False,15,369,1,0,320.534,1661,71,0,0,86103.5,111162.766,25.059,397462.594,402985.938,5.523,166937.109,177096.656,10.16,27.599,410,remaining missing-root morphology
411,remaining missing-root morphology,720575940606375772,afferent,ascending,AN,,left,True,False,False,14,122,1,0,266.361,1115,8,0,0,509502.375,513857.438,4.355,309728.812,315665.438,5.937,213774.984,236458.516,22.684,23.849,411,remaining missing-root morphology
412,remaining missing-root morphology,720575940621687489,afferent,sensory,visual,R1-6,left,True,False,False,14,168,1,0,359.881,1547,34,0,0,82109.812,107872.0,25.762,384397.969,389483.0,5.085,172953.875,179540.188,6.586,27.073,412,remaining missing-root morphology
413,remaining missing-root morphology,720575940625044421,afferent,sensory,visual,R1-6,left,True,False,False,14,174,1,0,461.431,1920,23,0,0,87326.82,117870.18,30.543,364225.156,369133.688,4.909,172390.719,176677.188,4.286,31.231,413,remaining missing-root morphology
414,remaining missing-root morphology,720575940641249232,afferent,sensory,visual,R1-6,left,True,False,False,14,179,1,0,434.721,1512,24,0,0,86093.875,111682.047,25.588,380083.031,387214.031,7.131,167040.953,176771.906,9.731,28.29,414,remaining missing-root morphology
415,remaining missing-root morphology,720575940623325993,afferent,sensory,mechanosensory,JO-E,right,True,False,False,14,187,1,0,258.524,691,7,0,0,601179.75,611235.125,10.055,298066.219,307494.844,9.429,62251.227,105347.844,43.097,45.247,415,remaining missing-root morphology
416,remaining missing-root morphology,720575940632674444,afferent,sensory,visual,R1-6,left,True,False,False,14,201,1,0,460.751,1831,22,0,0,86098.406,128128.0,42.03,368849.75,380561.906,11.712,162480.859,173226.688,10.746,44.935,416,remaining missing-root morphology
417,remaining missing-root morphology,720575940632257091,afferent,sensory,visual,R1-6,left,True,False,False,14,208,1,0,419.534,1298,15,0,0,82097.586,125755.445,43.658,308089.969,330621.438,22.531,180533.297,186760.0,6.227,49.522,417,remaining missing-root morphology
418,remaining missing-root morphology,720575940610973252,afferent,sensory,visual,R1-6,left,True,False,False,14,214,1,0,378.986,2412,40,0,0,87967.938,107816.359,19.848,392348.938,399306.25,6.957,173140.531,178763.891,5.623,21.771,418,remaining missing-root morphology
419,remaining missing-root morphology,720575940631100160,afferent,sensory,visual,R1-6,left,True,False,False,14,218,1,0,362.138,1740,40,0,0,86094.164,112399.938,26.306,405872.0,409022.312,3.15,163139.266,176089.531,12.95,29.489,419,remaining missing-root morphology
420,remaining missing-root morphology,720575940613465366,afferent,sensory,visual,R1-6,left,True,False,False,14,242,1,0,393.405,1555,33,0,0,86118.078,122228.766,36.111,351796.562,362591.531,10.795,172506.359,181008.0,8.502,38.637,420,remaining missing-root morphology
421,remaining missing-root morphology,720575940620944037,afferent,sensory,visual,R1-6,left,True,False,False,14,260,1,0,452.069,2134,38,0,0,86076.297,122870.578,36.794,336392.094,354592.0,18.2,176638.625,179664.984,3.026,41.161,421,remaining missing-root morphology
422,remaining missing-root morphology,720575940630581754,afferent,sensory,visual,R1-6,left,True,False,False,14,268,1,0,349.821,2006,49,0,0,99953.023,125439.469,25.486,428141.656,448635.25,20.494,144432.797,173351.094,28.918,43.656,422,remaining missing-root morphology
423,remaining missing-root morphology,720575940623337251,afferent,sensory,visual,R1-6,left,True,False,False,14,360,1,0,360.658,1521,63,0,0,86496.438,126269.383,39.773,329785.781,345398.719,15.613,174323.312,178471.359,4.148,42.929,423,remaining missing-root morphology
424,remaining missing-root morphology,720575940614200557,afferent,sensory,visual,R1-6,left,True,False,False,14,373,1,0,333.834,2052,63,0,0,82050.078,137905.391,55.855,306640.812,318664.344,12.024,182048.438,188638.078,6.59,57.514,424,remaining missing-root morphology
425,remaining missing-root morphology,720575940630581564,afferent,sensory,visual,R1-6,left,True,False,False,14,398,1,0,357.123,2179,59,0,0,82008.641,133261.719,51.253,307185.344,326123.906,18.939,181213.5,187550.0,6.337,55.006,425,remaining missing-root morphology
426,remaining missing-root morphology,720575940620236593,afferent,sensory,visual,R1-6,left,True,False,False,14,531,1,0,416.938,2192,56,0,0,144510.344,188220.0,43.71,228759.641,240984.484,12.225,185280.516,193040.0,7.759,46.046,426,remaining missing-root morphology
427,remaining missing-root morphology,720575940631590393,afferent,sensory,visual,R1-6,left,True,False,False,13,165,1,0,374.594,1192,30,0,0,88349.656,110303.453,21.954,391479.688,394160.688,2.681,169758.719,175672.906,5.914,22.894,427,remaining missing-root morphology
428,remaining missing-root morphology,720575940648163972,afferent,sensory,visual,R1-6,left,True,False,False,13,203,1,0,449.951,2091,26,0,0,86109.359,125344.0,39.235,364006.625,369435.25,5.429,169991.062,175232.891,5.242,39.954,428,remaining missing-root morphology
429,remaining missing-root morphology,720575940609782027,afferent,sensory,visual,R1-6,left,True,False,False,13,213,1,0,387.258,2036,35,0,0,86095.383,114632.562,28.537,387722.969,391417.156,3.694,165986.438,173364.641,7.378,29.706,429,remaining missing-root morphology
430,remaining missing-root morphology,720575940612294311,afferent,ascending,AN,AN_GNG_90,left,True,False,False,13,235,1,0,171.519,727,12,0,0,503626.25,527664.562,24.038,316085.188,337015.031,20.93,196790.719,243124.688,46.334,56.238,430,remaining missing-root morphology
431,remaining missing-root morphology,720575940625564860,afferent,sensory,visual,R1-6,left,True,False,False,13,242,1,0,396.169,1996,32,0,0,86148.906,119381.961,33.233,376985.219,386486.281,9.501,164976.719,172187.75,7.211,35.309,431,remaining missing-root morphology
432,remaining missing-root morphology,720575940621466048,afferent,sensory,visual,R1-6,left,True,False,False,13,250,1,0,403.656,1525,40,0,0,96752.148,115078.602,18.326,416189.031,430732.25,14.543,153535.438,176209.25,22.674,32.58,432,remaining missing-root morphology
433,remaining missing-root morphology,720575940628036233,afferent,sensory,visual,R1-6,left,True,False,False,13,270,1,0,422.841,1615,29,0,0,148559.938,158550.891,9.991,409918.906,428062.781,18.144,122642.055,153888.875,31.247,37.488,433,remaining missing-root morphology
434,remaining missing-root morphology,720575940609220873,afferent,sensory,visual,R1-6,left,True,False,False,13,287,1,0,348.338,1397,49,0,0,86280.047,117697.5,31.417,360742.375,367589.125,6.847,172673.109,179917.594,7.244,32.961,434,remaining missing-root morphology
435,remaining missing-root morphology,720575940614849967,afferent,sensory,visual,R1-6,left,True,False,False,13,304,1,0,412.961,1941,32,0,0,155783.562,165388.469,9.605,411810.562,441899.281,30.089,116947.625,156293.25,39.346,50.455,435,remaining missing-root morphology
436,remaining missing-root morphology,720575940627715102,afferent,sensory,visual,R1-6,left,True,False,False,13,308,1,0,386.286,1286,35,0,0,175863.172,188887.594,13.024,409892.281,427040.156,17.148,110031.633,150755.0,40.723,46.066,436,remaining missing-root morphology
437,remaining missing-root morphology,720575940613138674,afferent,sensory,visual,R1-6,left,True,False,False,13,310,1,0,369.616,1771,40,0,0,127264.039,143600.656,16.337,416615.344,427280.125,10.665,131720.812,160414.484,28.694,34.698,437,remaining missing-root morphology
438,remaining missing-root morphology,720575940620487504,afferent,sensory,visual,R1-6,left,True,False,False,13,312,1,0,388.029,1506,46,0,0,85248.445,123395.695,38.147,317352.094,339420.844,22.069,179442.812,183630.406,4.188,44.269,438,remaining missing-root morphology
439,remaining missing-root morphology,720575940622064961,afferent,sensory,visual,R1-6,left,True,False,False,13,318,1,0,409.833,1206,43,0,0,171108.062,186710.156,15.602,411215.781,421661.812,10.446,112862.703,152040.938,39.178,43.445,439,remaining missing-root morphology
440,remaining missing-root morphology,720575940620623320,afferent,sensory,visual,R1-6,left,True,False,False,13,322,1,0,351.699,1589,55,0,0,84829.32,120907.141,36.078,381455.969,390685.219,9.229,160886.75,171956.938,11.07,38.85,440,remaining missing-root morphology
441,remaining missing-root morphology,720575940639049193,afferent,sensory,visual,R1-6,left,True,False,False,13,358,1,0,375.818,1650,41,0,0,206373.859,232616.562,26.243,352735.719,361659.5,8.924,99720.031,147060.109,47.34,54.858,441,remaining missing-root morphology
442,remaining missing-root morphology,720575940612970202,afferent,sensory,visual,R1-6,left,True,False,False,13,361,1,0,368.355,1656,55,0,0,123463.438,131983.188,8.52,430512.75,446516.281,16.004,128122.594,169711.484,41.589,45.369,442,remaining missing-root morphology
443,remaining missing-root morphology,720575940638820442,afferent,sensory,visual,R1-6,left,True,False,False,13,380,1,0,399.184,2537,50,0,0,207879.797,230621.984,22.742,344003.469,357761.906,13.758,99062.719,148482.406,49.42,56.114,443,remaining missing-root morphology
444,remaining missing-root morphology,720575940612755050,afferent,ascending,AN,,left,True,False,False,12,100,1,0,184.91,515,5,0,0,515984.094,519922.406,3.938,309342.312,317282.594,7.94,220909.156,240905.812,19.997,21.873,444,remaining missing-root morphology
445,remaining missing-root morphology,720575940647077411,afferent,sensory,visual,R1-6,left,True,False,False,12,143,1,0,471.517,2132,25,0,0,86089.375,111095.07,25.006,379360.312,382613.781,3.253,170276.344,177989.172,7.713,26.37,445,remaining missing-root morphology
446,remaining missing-root morphology,720575940606928561,afferent,sensory,visual,R1-6,left,True,False,False,12,155,1,0,459.2,1829,21,0,0,86099.875,113195.711,27.096,394839.125,398770.562,3.931,165548.688,174193.453,8.645,28.712,446,remaining missing-root morphology
447,remaining missing-root morphology,720575940629426161,afferent,sensory,visual,R1-6,left,True,False,False,12,165,1,0,448.0,1525,30,0,0,134003.312,151102.281,17.099,406802.219,423294.969,16.493,130830.906,160629.312,29.798,38.109,447,remaining missing-root morphology
448,remaining missing-root morphology,720575940631095296,afferent,sensory,visual,R1-6,left,True,False,False,12,175,1,0,374.234,1807,24,0,0,86322.469,106047.766,19.725,401034.281,404738.062,3.704,166107.234,177883.297,11.776,23.27,448,remaining missing-root morphology
449,remaining missing-root morphology,720575940628089402,afferent,sensory,visual,R1-6,left,True,False,False,12,192,1,0,449.214,2341,35,0,0,86110.336,115429.961,29.32,378383.062,387963.031,9.58,172463.906,175858.156,3.394,31.031,449,remaining missing-root morphology
450,remaining missing-root morphology,720575940613468389,afferent,sensory,visual,R1-6,left,True,False,False,12,195,1,0,381.569,1646,38,0,0,85622.719,113597.289,27.975,372458.812,377052.906,4.594,174386.156,178140.797,3.755,28.597,450,remaining missing-root morphology
451,remaining missing-root morphology,720575940623342716,afferent,sensory,visual,R1-6,left,True,False,False,12,226,1,0,379.137,2047,34,0,0,88299.508,111594.906,23.295,411475.75,434090.031,22.614,154768.531,177017.812,22.249,39.359,451,remaining missing-root morphology
452,remaining missing-root morphology,720575940632436803,afferent,sensory,visual,R1-6,left,True,False,False,12,243,1,0,338.815,1034,38,0,0,86123.602,121986.531,35.863,350479.969,358743.031,8.263,173555.797,180867.125,7.311,37.522,452,remaining missing-root morphology
453,remaining missing-root morphology,720575940627852669,afferent,sensory,visual,R1-6,left,True,False,False,12,274,1,0,413.022,2143,26,0,0,175182.906,184037.984,8.855,411302.062,440421.5,29.119,110953.617,153055.078,42.101,51.951,453,remaining missing-root morphology
454,remaining missing-root morphology,720575940625037509,afferent,sensory,visual,R1-6,left,True,False,False,12,296,1,0,353.615,1854,62,0,0,86740.688,117863.391,31.123,367856.562,374348.875,6.492,176116.844,179594.531,3.478,31.982,454,remaining missing-root morphology
455,remaining missing-root morphology,720575940616388550,afferent,sensory,visual,R1-6,left,True,False,False,12,297,1,0,398.438,1957,39,0,0,82093.586,133479.922,51.386,311503.375,326744.031,15.241,181586.203,185662.094,4.076,53.754,455,remaining missing-root morphology
456,remaining missing-root morphology,720575940620531761,afferent,sensory,visual,R1-6,left,True,False,False,12,314,1,0,352.968,1625,38,0,0,92569.453,117428.094,24.859,413052.625,418920.656,5.868,153564.719,174226.719,20.662,32.853,456,remaining missing-root morphology
457,remaining missing-root morphology,720575940615927263,afferent,sensory,visual,R1-6,left,True,False,False,12,345,1,0,333.733,1962,49,0,0,88866.453,130391.289,41.525,349812.812,359858.969,10.046,162214.266,173352.031,11.138,44.151,457,remaining missing-root morphology
458,remaining missing-root morphology,720575940627462914,afferent,sensory,visual,R1-6,left,True,False,False,12,441,1,0,348.76,2151,68,0,0,81996.047,146860.641,64.865,301417.625,312970.781,11.553,181692.906,186614.219,4.921,66.069,458,remaining missing-root morphology
459,remaining missing-root morphology,720575940612326606,afferent,sensory,visual,R8,left,True,False,False,12,502,1,0,280.133,985,25,0,0,206683.875,234822.969,28.139,314271.531,325653.0,11.381,158003.156,253960.0,95.957,100.643,459,remaining missing-root morphology
460,remaining missing-root morphology,720575940614957115,afferent,ascending,AN,,left,True,False,False,11,70,1,0,175.343,757,2,0,0,506386.0,508919.312,2.533,316019.25,321550.906,5.532,216252.406,235500.391,19.248,20.187,460,remaining missing-root morphology
461,remaining missing-root morphology,720575940623892579,afferent,sensory,visual,R1-6,left,True,False,False,11,162,1,0,443.426,1702,22,0,0,86142.906,113653.055,27.51,376473.469,382405.906,5.932,172501.984,176611.359,4.109,28.441,461,remaining missing-root morphology
462,remaining missing-root morphology,720575940628732744,afferent,sensory,visual,R1-6,left,True,False,False,11,183,1,0,431.443,2028,24,0,0,107671.523,123226.172,15.555,421571.938,437337.281,15.765,148903.656,169183.109,20.279,30.029,462,remaining missing-root morphology
463,remaining missing-root morphology,720575940632266258,afferent,sensory,visual,R1-6,left,True,False,False,11,186,1,0,353.93,1355,25,0,0,102526.078,119941.289,17.415,423614.875,435080.156,11.465,153614.531,167875.922,14.261,25.261,463,remaining missing-root morphology
464,remaining missing-root morphology,720575940613466853,afferent,sensory,visual,R1-6,left,True,False,False,11,193,1,0,415.409,1125,25,0,0,82612.422,122830.266,40.218,387584.719,395029.312,7.445,159642.594,171263.484,11.621,42.52,464,remaining missing-root morphology
465,remaining missing-root morphology,720575940609782283,afferent,sensory,visual,R1-6,left,True,False,False,11,212,1,0,479.854,1580,26,0,0,86099.164,119031.586,32.932,387977.969,396733.031,8.755,166614.25,173384.891,6.771,34.742,465,remaining missing-root morphology
466,remaining missing-root morphology,720575940621978534,afferent,sensory,visual,R1-6,left,True,False,False,11,218,1,0,359.156,1457,31,0,0,124180.156,140875.906,16.696,416473.281,433973.406,17.5,132418.938,160857.812,28.439,37.333,466,remaining missing-root morphology
467,remaining missing-root morphology,720575940622208688,afferent,sensory,visual,R1-6,left,True,False,False,11,235,1,0,357.664,1408,43,0,0,86234.625,108103.32,21.869,396625.844,404657.344,8.031,165456.438,176439.578,10.983,25.756,467,remaining missing-root morphology
468,remaining missing-root morphology,720575940625635119,afferent,sensory,visual,R1-6,left,True,False,False,11,238,1,0,439.697,1575,36,0,0,205919.688,222620.094,16.7,353260.531,375355.875,22.095,105538.25,146937.797,41.4,49.81,468,remaining missing-root morphology
469,remaining missing-root morphology,720575940627853693,afferent,sensory,visual,R1-6,left,True,False,False,11,244,1,0,408.832,1208,28,0,0,178925.75,196030.562,17.105,405870.5,425808.844,19.938,107017.422,150613.156,43.596,50.899,469,remaining missing-root morphology
470,remaining missing-root morphology,720575940636176888,afferent,sensory,visual,R1-6,left,True,False,False,11,260,1,0,420.938,2022,31,0,0,88294.195,130159.148,41.865,366859.469,372106.688,5.247,159027.203,172724.016,13.697,44.36,470,remaining missing-root morphology
471,remaining missing-root morphology,720575940640287310,afferent,sensory,visual,R1-6,left,True,False,False,11,260,1,0,374.462,1665,41,0,0,113288.047,133230.438,19.942,430391.438,446538.438,16.147,136833.469,168709.828,31.876,40.921,471,remaining missing-root morphology
472,remaining missing-root morphology,720575940646253422,afferent,sensory,visual,R1-6,left,True,False,False,11,261,1,0,336.368,1948,42,0,0,86156.531,116553.539,30.397,396892.688,401644.156,4.751,162108.094,174176.359,12.068,33.048,472,remaining missing-root morphology
473,remaining missing-root morphology,720575940627212644,afferent,sensory,visual,R1-6,left,True,False,False,11,284,1,0,341.669,1270,39,0,0,107209.5,121976.227,14.767,419646.125,425953.438,6.307,148485.156,168238.672,19.754,25.457,473,remaining missing-root morphology
474,remaining missing-root morphology,720575940628035721,afferent,sensory,visual,R1-6,left,True,False,False,11,286,1,0,352.944,958,37,0,0,130804.469,139567.938,8.763,417759.875,442294.219,24.534,128654.133,159780.141,31.126,40.59,474,remaining missing-root morphology
475,remaining missing-root morphology,720575940620797131,afferent,sensory,visual,R1-6,left,True,False,False,11,296,1,0,343.73,2652,47,0,0,140381.594,147907.25,7.526,435920.406,447652.562,11.732,130505.797,162389.156,31.883,34.797,475,remaining missing-root morphology
476,remaining missing-root morphology,720575940630712442,afferent,sensory,visual,R1-6,left,True,False,False,11,299,1,0,360.99,1035,43,0,0,134051.656,144526.953,10.475,420067.812,448329.438,28.262,126011.633,157815.234,31.804,43.817,476,remaining missing-root morphology
477,remaining missing-root morphology,720575940612688789,afferent,sensory,visual,R1-6,left,True,False,False,11,304,1,0,441.283,1987,25,0,0,166146.422,181691.438,15.545,399940.281,416593.719,16.653,114536.852,153352.75,38.816,45.007,477,remaining missing-root morphology
478,remaining missing-root morphology,720575940623027550,afferent,sensory,visual,R1-6,left,True,False,False,11,326,1,0,391.147,1676,39,0,0,126101.672,140855.625,14.754,428092.906,446275.75,18.183,129647.188,165860.281,36.213,43.124,478,remaining missing-root morphology
479,remaining missing-root morphology,720575940627938200,afferent,sensory,visual,R1-6,left,True,False,False,11,351,1,0,378.091,1891,55,0,0,109303.625,122823.531,13.52,427735.125,449185.719,21.451,139388.984,173795.875,34.407,42.74,479,remaining missing-root morphology
480,remaining missing-root morphology,720575940611539666,afferent,sensory,visual,R1-6,left,True,False,False,10,182,1,0,328.17,1784,34,0,0,84828.609,112144.812,27.316,384989.656,388613.0,3.623,172831.984,177440.0,4.608,27.938,480,remaining missing-root morphology
481,remaining missing-root morphology,720575940622064048,afferent,sensory,visual,R1-6,left,True,False,False,10,196,1,0,455.245,2560,28,0,0,82095.219,114120.391,32.025,391418.844,395690.094,4.271,160177.078,175766.094,15.589,35.873,481,remaining missing-root morphology
482,remaining missing-root morphology,720575940630727212,afferent,sensory,visual,R1-6,left,True,False,False,10,199,1,0,409.95,1406,29,0,0,86201.016,120799.781,34.599,383125.156,387601.312,4.476,166320.641,173306.844,6.986,35.58,482,remaining missing-root morphology
483,remaining missing-root morphology,720575940630239327,afferent,sensory,visual,R1-6,left,True,False,False,10,215,1,0,415.795,2378,24,0,0,86155.82,122152.844,35.997,343839.5,351762.969,7.923,174334.125,179735.844,5.402,37.252,483,remaining missing-root morphology
484,remaining missing-root morphology,720575940638759999,afferent,sensory,visual,R1-6,left,True,False,False,10,237,1,0,405.194,2135,27,0,0,86120.156,123306.445,37.186,369972.844,375098.844,5.126,167056.094,173945.516,6.889,38.165,484,remaining missing-root morphology
485,remaining missing-root morphology,720575940630714562,afferent,sensory,visual,R1-6,left,True,False,False,10,271,1,0,473.185,1814,20,0,0,176113.953,185185.938,9.072,415571.125,435096.188,19.525,109815.617,154535.344,44.72,49.632,485,remaining missing-root morphology
486,remaining missing-root morphology,720575940606292326,afferent,sensory,visual,R1-6,left,True,False,False,10,298,1,0,402.628,1911,38,0,0,86151.188,123652.805,37.502,343488.969,357329.938,13.841,172879.766,178526.875,5.647,40.371,486,remaining missing-root morphology
487,remaining missing-root morphology,720575940624438566,afferent,sensory,visual,R1-6,left,True,False,False,10,359,1,0,351.379,1829,45,0,0,169616.125,178832.062,9.216,413038.312,434658.781,21.62,113036.703,150898.797,37.862,44.564,487,remaining missing-root morphology
488,remaining missing-root morphology,720575940614197485,afferent,sensory,visual,R1-6,left,True,False,False,10,433,1,0,314.781,1306,62,0,0,98848.164,132274.547,33.426,330771.062,354645.719,23.875,164129.422,173211.719,9.082,42.069,488,remaining missing-root morphology
489,remaining missing-root morphology,720575940613878459,afferent,ascending,AN,,right,True,False,False,9,57,1,0,195.281,520,4,0,0,541610.438,549536.0,7.926,320442.844,325736.0,5.293,225180.438,232515.953,7.336,12.027,489,remaining missing-root morphology
490,remaining missing-root morphology,720575940626668443,afferent,ascending,AN,,left,True,False,False,9,74,1,0,174.446,481,3,0,0,495953.406,502542.094,6.589,314616.312,322644.594,8.028,225924.172,243080.984,17.157,20.055,490,remaining missing-root morphology
491,remaining missing-root morphology,720575940631184246,afferent,sensory,visual,R1-6,left,True,False,False,9,118,1,0,497.093,2074,17,0,0,86983.672,113302.703,26.319,385656.0,387975.344,2.319,167354.594,174118.812,6.764,27.273,491,remaining missing-root morphology
492,remaining missing-root morphology,720575940618238681,afferent,sensory,visual,R1-6,left,True,False,False,9,140,1,0,376.671,1232,15,0,0,86116.797,112895.656,26.779,389735.469,392638.844,2.903,171201.391,176208.641,5.007,27.397,492,remaining missing-root morphology
493,remaining missing-root morphology,720575940636168116,afferent,sensory,visual,R1-6,left,True,False,False,9,151,1,0,484.874,2972,27,0,0,86092.484,114986.039,28.894,370784.531,383352.062,12.568,168556.781,174001.234,5.444,31.975,493,remaining missing-root morphology
494,remaining missing-root morphology,720575940621605286,afferent,sensory,visual,R1-6,left,True,False,False,9,191,1,0,398.754,2074,30,0,0,86504.062,121243.609,34.74,371597.812,376693.969,5.096,169177.344,174995.578,5.818,35.59,494,remaining missing-root morphology
495,remaining missing-root morphology,720575940618140987,afferent,sensory,visual,R1-6,left,True,False,False,9,229,1,0,364.245,1914,31,0,0,86141.305,116025.672,29.884,395604.844,402792.062,7.187,156660.125,171974.828,15.315,34.341,495,remaining missing-root morphology
496,remaining missing-root morphology,720575940610759764,afferent,sensory,visual,R1-6,left,True,False,False,9,232,1,0,382.957,2736,34,0,0,86101.344,115462.852,29.362,407302.062,414529.438,7.227,162648.844,171968.312,9.319,31.642,496,remaining missing-root morphology
497,remaining missing-root morphology,720575940631143020,afferent,sensory,visual,R1-6,left,True,False,False,9,246,1,0,452.52,1738,32,0,0,90383.75,131584.109,41.2,352216.969,365590.562,13.374,161177.359,172539.922,11.363,44.782,497,remaining missing-root morphology
498,remaining missing-root morphology,720575940633592996,afferent,sensory,visual,R1-6,left,True,False,False,9,268,1,0,362.034,1572,41,0,0,90085.367,119119.805,29.034,391359.5,397397.062,6.038,161544.062,173132.734,11.589,31.839,498,remaining missing-root morphology
499,remaining missing-root morphology,720575940618600020,afferent,sensory,visual,R1-6,left,True,False,False,9,279,1,0,402.767,1802,26,0,0,87747.648,125984.594,38.237,356791.938,365415.812,8.624,160874.234,172985.359,12.111,41.026,499,remaining missing-root morphology
500,remaining missing-root morphology,720575940623758669,intrinsic,central,,,left,True,False,False,9,299,1,0,221.01,3039,19,0,0,476304.625,528417.75,52.113,343339.375,364419.938,21.081,153664.75,226557.344,72.893,92.052,500,remaining missing-root morphology
501,remaining missing-root morphology,720575940615234001,afferent,sensory,visual,R1-6,left,True,False,False,9,411,1,0,362.068,1975,63,0,0,149890.062,159184.297,9.294,408655.938,417903.438,9.248,123842.195,154583.0,30.741,33.42,501,remaining missing-root morphology
502,remaining missing-root morphology,720575940629634921,afferent,sensory,visual,R1-6,left,True,False,False,8,176,1,0,410.551,1573,23,0,0,101659.516,108711.5,7.052,425107.75,432558.375,7.451,150995.281,172014.797,21.02,23.389,502,remaining missing-root morphology
503,remaining missing-root morphology,720575940633517260,afferent,sensory,visual,R1-6,left,True,False,False,8,179,1,0,403.184,1485,24,0,0,86080.117,111832.258,25.752,392512.969,398062.344,5.549,165599.984,175145.016,9.545,28.019,503,remaining missing-root morphology
504,remaining missing-root morphology,720575940631292892,afferent,sensory,visual,R1-6,left,True,False,False,8,183,1,0,434.945,2182,29,0,0,86114.422,122080.0,35.966,385014.594,388719.219,3.705,164252.734,170108.094,5.855,36.627,504,remaining missing-root morphology
505,remaining missing-root morphology,720575940618423441,afferent,sensory,visual,R1-6,left,True,False,False,8,188,1,0,357.303,1238,23,0,0,119780.0,137525.625,17.746,430256.594,455390.031,25.133,133369.969,165373.781,32.004,44.394,505,remaining missing-root morphology
506,remaining missing-root morphology,720575940637782958,afferent,sensory,visual,R1-6,left,True,False,False,8,249,1,0,432.004,1208,29,0,0,88173.258,127847.469,39.674,383899.688,391057.438,7.158,153902.859,172049.828,18.147,44.211,506,remaining missing-root morphology
507,remaining missing-root morphology,720575940638004080,afferent,sensory,visual,R1-6,left,True,False,False,8,255,1,0,365.024,1609,36,0,0,86087.68,112306.328,26.219,405800.719,411293.25,5.493,163498.25,174042.953,10.545,28.788,507,remaining missing-root morphology
508,remaining missing-root morphology,720575940621144198,afferent,sensory,visual,R1-6,left,True,False,False,8,338,1,0,349.648,1566,37,0,0,86660.906,130096.734,43.436,349484.969,360672.094,11.187,163314.703,172137.547,8.823,45.713,508,remaining missing-root morphology
509,remaining missing-root morphology,720575940624046227,afferent,sensory,visual,R1-6,left,True,False,False,8,355,1,0,345.772,1551,52,0,0,98505.492,132808.312,34.303,347310.969,356832.0,9.521,159706.625,173876.734,14.17,38.316,509,remaining missing-root morphology
510,remaining missing-root morphology,720575940625237923,afferent,sensory,visual,R1-6,left,True,False,False,7,161,1,0,465.025,1236,23,0,0,97222.469,119053.789,21.831,422822.5,431337.75,8.515,153592.844,169926.656,16.334,28.564,510,remaining missing-root morphology
511,remaining missing-root morphology,720575940615103998,afferent,sensory,visual,R1-6,left,True,False,False,7,190,1,0,367.742,1664,19,0,0,88271.977,135176.328,46.904,298856.281,318945.969,20.09,186328.375,190727.578,4.399,51.215,511,remaining missing-root morphology
512,remaining missing-root morphology,720575940624001791,afferent,sensory,visual,R1-6,left,True,False,False,7,198,1,0,465.449,1474,34,0,0,86086.203,117281.508,31.195,384297.219,394533.625,10.236,165088.719,174833.156,9.744,34.247,512,remaining missing-root morphology
513,remaining missing-root morphology,720575940606292582,afferent,sensory,visual,R1-6,left,True,False,False,7,199,1,0,420.01,1866,28,0,0,86943.5,124448.0,37.505,349594.25,354350.312,4.756,172498.438,177768.875,5.27,38.17,513,remaining missing-root morphology
514,remaining missing-root morphology,720575940613823090,afferent,sensory,visual,R1-6,left,True,False,False,7,206,1,0,399.32,1610,37,0,0,86138.68,110532.172,24.393,396918.0,400527.25,3.609,165833.625,176950.484,11.117,27.049,514,remaining missing-root morphology
515,remaining missing-root morphology,720575940620545616,afferent,sensory,visual,R1-6,left,True,False,False,7,244,1,0,390.037,1692,33,0,0,86159.891,125844.469,39.685,347470.031,352205.219,4.735,173818.0,177626.656,3.809,40.147,515,remaining missing-root morphology
516,remaining missing-root morphology,720575940638523994,afferent,sensory,visual,R1-6,left,True,False,False,7,259,1,0,365.185,1688,32,0,0,81985.117,126921.375,44.936,317749.938,331313.594,13.564,181259.141,186620.031,5.361,47.244,516,remaining missing-root morphology
517,remaining missing-root morphology,720575940629716779,afferent,sensory,visual,R1-6,left,True,False,False,6,203,1,0,459.099,1426,27,0,0,90835.164,121308.594,30.473,420200.094,426849.844,6.65,153504.672,170509.625,17.005,35.525,517,remaining missing-root morphology
518,remaining missing-root morphology,720575940629870379,afferent,sensory,visual,R1-6,left,True,False,False,6,226,1,0,380.987,1604,45,0,0,91555.773,115917.094,24.361,412546.656,430501.938,17.955,153667.891,175482.531,21.815,37.306,518,remaining missing-root morphology
519,remaining missing-root morphology,720575940628492264,afferent,sensory,visual,R1-6,left,True,False,False,6,245,1,0,386.376,1194,35,0,0,86089.086,123885.258,37.796,342192.406,347185.344,4.993,172480.0,177424.797,4.945,38.444,519,remaining missing-root morphology
520,remaining missing-root morphology,720575940640372277,intrinsic,central,,CB1015,right,True,False,False,5,121,1,0,214.992,1963,1,0,0,619850.625,643683.188,23.833,96980.57,111101.562,14.121,143833.266,162751.953,18.919,33.546,520,remaining missing-root morphology
521,remaining missing-root morphology,720575940608619356,intrinsic,optic,LA>ME,L5,left,True,False,False,5,245,1,0,233.718,2249,4,0,0,213155.656,262063.75,48.908,316505.875,329041.438,12.536,128254.289,179054.797,50.801,71.623,521,remaining missing-root morphology
522,remaining missing-root morphology,720575940610761300,afferent,sensory,visual,R1-6,left,True,False,False,5,272,1,0,307.066,1330,49,0,0,86112.766,109698.68,23.586,407144.688,412849.062,5.704,158859.328,172103.766,13.244,27.645,522,remaining missing-root morphology
523,remaining missing-root morphology,720575940619434587,efferent,descending,,DNge153,right,True,False,False,5,414,1,0,235.64,3064,22,0,0,484904.688,545217.188,60.312,334575.562,386269.5,51.694,155893.281,254797.469,98.904,126.854,523,remaining missing-root morphology
524,remaining missing-root morphology,720575940628388936,afferent,sensory,visual,R1-6,left,True,False,False,4,159,1,0,344.723,911,5,0,0,108166.57,140441.031,32.274,360236.688,366198.312,5.962,152787.719,172049.328,19.262,38.055,524,remaining missing-root morphology
525,remaining missing-root morphology,720575940607808130,afferent,sensory,visual,R1-6,left,True,False,False,4,255,1,0,352.173,1384,45,0,0,86109.023,126605.602,40.497,350984.062,355158.969,4.175,170746.703,173952.453,3.206,40.837,525,remaining missing-root morphology
526,remaining missing-root morphology,720575940621294218,efferent,descending,,DNge061,left,True,False,False,4,290,1,0,207.879,1781,6,0,0,432741.719,506335.469,73.594,325252.156,343707.531,18.455,159256.516,237295.078,78.039,108.842,526,remaining missing-root morphology
527,remaining missing-root morphology,720575940627098942,afferent,sensory,visual,R1-6,left,True,False,False,3,77,1,0,267.948,954,7,0,0,202226.703,215864.344,13.638,158681.625,168256.734,9.575,159596.219,184953.641,25.357,30.342,527,remaining missing-root morphology
528,remaining missing-root morphology,720575940622339967,afferent,sensory,visual,R1-6,left,True,False,False,2,150,1,0,315.56,629,2,0,0,113852.102,145123.0,31.271,349222.688,355241.344,6.019,153809.359,169915.031,16.106,35.686,528,remaining missing-root morphology
529,remaining missing-root morphology,720575940646803747,afferent,sensory,visual,R1-6,left,True,False,False,2,172,1,0,282.965,743,7,0,0,107406.961,165379.688,57.973,309006.562,319016.469,10.01,167861.094,176977.734,9.117,59.533,529,remaining missing-root morphology
530,remaining missing-root morphology,720575940622611917,intrinsic,central,,,right,True,False,False,2,231,1,0,217.597,1683,6,0,0,536075.875,570754.75,34.679,137792.219,176094.219,38.302,171625.891,177193.5,5.568,51.968,530,remaining missing-root morphology
531,remaining missing-root morphology,720575940632884792,intrinsic,optic,ME>LA,Lawf1,left,True,False,False,1,18,1,0,296.889,638,1,0,0,186049.891,190109.531,4.06,405648.5,406896.031,1.248,124201.07,126723.656,2.523,4.94,531,remaining missing-root morphology
532,remaining missing-root morphology,720575940630161152,afferent,sensory,mechanosensory,JO-B,right,True,False,False,1,62,1,0,244.145,670,3,0,0,603356.438,607994.812,4.638,288890.531,295725.562,6.835,65514.781,78586.586,13.072,15.463,532,remaining missing-root morphology
533,remaining missing-root morphology,720575940635516058,afferent,sensory,visual,R1-6,right,True,False,False,1,78,1,0,324.897,1187,7,0,0,845319.0,854455.938,9.137,300615.344,303896.875,3.282,133999.75,137142.844,3.143,10.204,533,remaining missing-root morphology
534,remaining missing-root morphology,720575940620488784,afferent,sensory,visual,R1-6,left,True,False,False,1,134,1,0,235.821,622,5,0,0,82065.07,137960.984,55.896,309155.406,321474.656,12.319,183363.328,186748.734,3.385,57.337,534,remaining missing-root morphology
535,remaining missing-root morphology,720575940608903260,afferent,sensory,visual,R1-6,left,True,False,False,1,139,1,0,240.921,509,6,0,0,82062.789,136389.703,54.327,308197.344,322700.281,14.503,182931.766,186309.141,3.377,56.331,535,remaining missing-root morphology
536,remaining missing-root morphology,720575940618728475,afferent,sensory,visual,R1-6,left,True,False,False,1,144,1,0,329.458,729,6,0,0,123982.734,149064.5,25.082,344079.062,351288.906,7.21,150343.734,168712.312,18.369,31.914,536,remaining missing-root morphology
537,remaining missing-root morphology,720575940628564712,afferent,sensory,visual,R1-6,left,True,False,False,1,147,1,0,234.333,872,9,0,0,86107.016,128697.797,42.591,379922.031,387366.688,7.445,171636.219,177365.219,5.729,43.614,537,remaining missing-root morphology
538,remaining missing-root morphology,720575940620885157,afferent,sensory,visual,R1-6,left,True,False,False,1,151,1,0,294.748,551,4,0,0,81996.594,133284.547,51.288,311848.219,327617.938,15.77,181946.766,184442.219,2.495,53.716,538,remaining missing-root morphology
539,remaining missing-root morphology,720575940636156596,afferent,sensory,visual,R1-6,left,True,False,False,1,158,1,0,313.063,753,5,0,0,88159.047,132131.219,43.972,334623.5,342303.938,7.68,174311.016,181280.0,6.969,45.179,539,remaining missing-root morphology
540,remaining missing-root morphology,720575940621855920,afferent,sensory,visual,R1-6,left,True,False,False,1,160,1,0,309.363,569,6,0,0,106971.188,166489.625,59.518,311478.5,318294.781,6.816,167849.078,176963.984,9.115,60.597,540,remaining missing-root morphology
541,remaining missing-root morphology,720575940650447993,afferent,sensory,visual,R1-6,left,True,False,False,1,170,1,0,277.018,667,7,0,0,103041.594,139118.734,36.077,341761.938,351688.375,9.926,158959.547,172141.469,13.182,39.672,541,remaining missing-root morphology
542,remaining missing-root morphology,720575940630982495,afferent,sensory,visual,R1-6,left,True,False,False,1,175,1,0,315.063,696,3,0,0,89253.023,132640.312,43.387,341909.469,351791.344,9.882,162740.391,175118.672,12.378,46.188,542,remaining missing-root morphology
543,remaining missing-root morphology,720575940618071481,afferent,sensory,visual,R1-6,left,True,False,False,1,178,1,0,314.096,696,3,0,0,95459.367,159511.938,64.053,305363.75,316415.0,11.051,171609.312,178776.812,7.168,65.393,543,remaining missing-root morphology
544,remaining missing-root morphology,720575940622549342,afferent,sensory,visual,R1-6,left,True,False,False,1,180,1,0,303.678,783,6,0,0,88522.664,151366.156,62.843,309456.406,317715.844,8.259,177059.969,181017.406,3.957,63.507,544,remaining missing-root morphology
545,remaining missing-root morphology,720575940618725147,afferent,sensory,visual,R1-6,left,True,False,False,1,181,1,0,292.983,637,6,0,0,106566.57,145349.047,38.782,332137.656,343332.219,11.195,160055.734,172864.844,12.809,42.349,545,remaining missing-root morphology
546,remaining missing-root morphology,720575940626322992,afferent,sensory,visual,R1-6,left,True,False,False,1,181,1,0,253.464,604,6,0,0,97095.789,135672.141,38.576,351727.781,363974.375,12.247,157870.656,173067.516,15.197,43.233,546,remaining missing-root morphology
547,remaining missing-root morphology,720575940622406896,afferent,sensory,visual,R1-6,left,True,False,False,1,183,1,0,297.235,651,8,0,0,89020.375,132875.5,43.855,338902.312,352889.375,13.987,162639.312,175650.781,13.011,47.835,547,remaining missing-root morphology
548,remaining missing-root morphology,720575940628893514,afferent,sensory,visual,R1-6,left,True,False,False,1,185,1,0,295.297,724,9,0,0,97812.867,137486.203,39.673,363965.031,370936.219,6.971,154467.438,172135.875,17.668,43.986,548,remaining missing-root morphology
549,remaining missing-root morphology,720575940612137895,afferent,ascending,AN,,left,True,False,False,1,194,1,0,116.067,423,18,0,0,512922.156,559228.0,46.306,293576.438,299889.062,6.313,204507.984,236240.0,31.732,56.489,549,remaining missing-root morphology
550,remaining missing-root morphology,720575940618464925,afferent,sensory,visual,R1-6,left,True,False,False,1,221,1,0,273.023,630,9,0,0,86100.977,158154.266,72.053,304215.531,315731.625,11.516,176545.953,182274.797,5.729,73.192,550,remaining missing-root morphology
551,remaining missing-root morphology,720575940608078345,afferent,sensory,visual,R1-6,right,True,False,False,0,15,1,0,245.733,591,3,0,0,833976.125,836864.0,2.888,235622.656,237355.203,1.733,83352.992,84826.781,1.474,3.676,551,remaining missing-root morphology
552,remaining missing-root morphology,720575940626286432,afferent,sensory,mechanosensory,JO-B,right,True,False,False,0,48,1,0,342.729,1110,6,0,0,603943.562,605224.312,1.281,288385.906,290933.781,2.548,67437.641,79626.891,12.189,12.518,552,remaining missing-root morphology
553,remaining missing-root morphology,720575940621914209,intrinsic,optic,LA>ME,L1-3,left,True,False,False,0,63,1,0,389.095,1486,9,0,0,116566.695,124128.0,7.561,414627.594,418076.719,3.449,168462.016,171975.062,3.513,9.023,553,remaining missing-root morphology
554,remaining missing-root morphology,720575940625912250,afferent,sensory,mechanosensory,JO-F,right,True,False,False,0,83,1,0,149.819,469,5,0,0,598753.5,605512.0,6.758,300611.688,309465.812,8.854,66634.508,91894.891,25.26,27.607,554,remaining missing-root morphology
555,remaining missing-root morphology,720575940624106131,afferent,sensory,visual,R1-6,left,True,False,False,0,101,1,0,183.119,542,7,0,0,86178.203,122420.219,36.242,375468.531,381461.125,5.993,170121.781,175726.156,5.604,37.159,555,remaining missing-root morphology
556,remaining missing-root morphology,720575940636191480,afferent,sensory,visual,R1-6,left,True,False,False,0,104,1,0,236.135,724,9,0,0,86135.172,119328.562,33.193,354768.062,361052.375,6.284,173712.875,181494.203,7.781,34.668,556,remaining missing-root morphology
557,remaining missing-root morphology,720575940615196839,afferent,sensory,visual,R1-6,left,True,False,False,0,112,1,0,262.696,618,5,0,0,86236.82,119769.828,33.533,355508.0,362061.969,6.554,173980.484,181402.25,7.422,34.964,557,remaining missing-root morphology
558,remaining missing-root morphology,720575940614634927,afferent,sensory,visual,R1-6,left,True,False,False,0,114,1,0,304.079,843,4,0,0,86170.898,131251.828,45.081,350086.094,355074.781,4.989,171181.141,175898.859,4.718,45.601,558,remaining missing-root morphology
559,remaining missing-root morphology,720575940631769845,afferent,sensory,mechanosensory,JO-F,right,True,False,False,0,114,1,0,162.035,578,2,0,0,602943.375,610002.938,7.06,303496.562,317422.906,13.926,57802.418,89649.18,31.847,35.468,559,remaining missing-root morphology
560,remaining missing-root morphology,720575940619643702,afferent,sensory,visual,R1-6,left,True,False,False,0,116,1,0,304.69,746,8,0,0,86103.539,127483.125,41.38,374544.0,381154.969,6.611,169990.453,176921.172,6.931,42.474,560,remaining missing-root morphology
561,remaining missing-root morphology,720575940625998895,intrinsic,optic,LA>ME,,left,True,False,False,0,116,1,0,252.888,533,3,0,0,184123.953,218490.172,34.366,301636.0,311360.0,9.724,161544.828,177120.0,15.575,38.964,561,remaining missing-root morphology
562,remaining missing-root morphology,720575940625039557,afferent,sensory,visual,R1-6,left,True,False,False,0,119,1,0,308.739,873,1,0,0,86125.352,127286.305,41.161,354375.812,358582.219,4.206,172962.312,180518.281,7.556,42.06,562,remaining missing-root morphology
563,remaining missing-root morphology,720575940617211253,afferent,sensory,visual,R1-6,left,True,False,False,0,120,1,0,283.883,704,6,0,0,86090.68,127554.211,41.464,366896.062,376457.531,9.561,172373.328,177065.781,4.692,42.81,563,remaining missing-root morphology
564,remaining missing-root morphology,720575940620476363,afferent,sensory,visual,R1-6,left,True,False,False,0,121,1,0,215.05,576,9,0,0,86038.672,120333.383,34.295,374655.781,383062.5,8.407,175464.438,180463.828,4.999,35.662,564,remaining missing-root morphology
565,remaining missing-root morphology,720575940616172866,afferent,sensory,visual,R1-6,left,True,False,False,0,122,1,0,276.951,664,4,0,0,86490.297,127242.375,40.752,347115.75,351335.0,4.219,175374.844,179899.984,4.525,41.219,565,remaining missing-root morphology
566,remaining missing-root morphology,720575940618204390,afferent,sensory,visual,R1-6,left,True,False,False,0,122,1,0,275.631,752,6,0,0,86080.0,125588.57,39.509,361902.969,370343.562,8.441,173552.547,178250.984,4.698,40.672,566,remaining missing-root morphology
567,remaining missing-root morphology,720575940633241764,afferent,sensory,visual,R1-6,left,True,False,False,0,122,1,0,177.631,603,6,0,0,88116.992,127811.609,39.695,376939.469,381165.188,4.226,172689.062,178478.016,5.789,40.336,567,remaining missing-root morphology
568,remaining missing-root morphology,720575940629182825,afferent,sensory,visual,R1-6,left,True,False,False,0,126,1,0,253.127,477,5,0,0,86093.32,129473.836,43.381,367558.75,375743.219,8.184,172724.125,177067.812,4.344,44.359,568,remaining missing-root morphology
569,remaining missing-root morphology,720575940620238296,afferent,sensory,visual,R1-6,left,True,False,False,0,127,1,0,265.78,631,4,0,0,86206.352,127882.773,41.676,353488.812,360527.969,7.039,172587.594,177900.969,5.313,42.599,569,remaining missing-root morphology
570,remaining missing-root morphology,720575940620562517,afferent,sensory,visual,R1-6,left,True,False,False,0,130,1,0,241.362,510,5,0,0,86192.773,128082.438,41.89,357805.375,363640.562,5.835,170869.625,176693.859,5.824,42.693,570,remaining missing-root morphology
571,remaining missing-root morphology,720575940622638430,afferent,sensory,visual,R1-6,left,True,False,False,0,130,1,0,347.615,708,8,0,0,147662.812,159131.938,11.469,348534.75,358346.156,9.811,137033.953,163827.188,26.793,30.752,571,remaining missing-root morphology
572,remaining missing-root morphology,720575940627087106,afferent,sensory,visual,R1-6,left,True,False,False,0,132,1,0,240.136,855,8,0,0,86399.914,129041.672,42.642,381128.219,387563.594,6.435,172459.969,176607.906,4.148,43.324,572,remaining missing-root morphology
573,remaining missing-root morphology,720575940615905247,afferent,sensory,visual,R1-6,left,True,False,False,0,134,1,0,243.91,565,8,0,0,91609.07,135516.422,43.907,330281.156,338417.469,8.136,175155.266,177522.125,2.367,44.718,573,remaining missing-root morphology
574,remaining missing-root morphology,720575940610004675,afferent,sensory,visual,R1-6,left,True,False,False,0,136,1,0,263.632,727,7,0,0,86112.773,132977.438,46.865,370860.219,379976.469,9.116,167718.906,174414.203,6.695,48.21,574,remaining missing-root morphology
575,remaining missing-root morphology,720575940616173122,afferent,sensory,visual,R1-6,left,True,False,False,0,137,1,0,280.066,638,3,0,0,86095.875,130221.453,44.126,347638.938,354315.844,6.677,174802.625,179377.766,4.575,44.862,575,remaining missing-root morphology
576,remaining missing-root morphology,720575940614951377,afferent,sensory,visual,R1-6,left,True,False,False,0,139,1,0,289.64,733,7,0,0,130663.328,155176.969,24.514,341389.688,348547.094,7.157,148961.438,167330.016,18.369,31.457,576,remaining missing-root morphology
577,remaining missing-root morphology,720575940620568405,afferent,sensory,visual,R1-6,left,True,False,False,0,140,1,0,260.279,665,8,0,0,86089.516,126232.43,40.143,362445.219,369982.344,7.537,172810.812,178189.438,5.379,41.197,577,remaining missing-root morphology
578,remaining missing-root morphology,720575940628210831,afferent,sensory,visual,R1-6,left,True,False,False,0,140,1,0,283.593,697,5,0,0,96608.172,134312.031,37.704,346581.719,357593.156,11.011,163819.656,172731.578,8.912,40.277,578,remaining missing-root morphology
579,remaining missing-root morphology,720575940606180896,afferent,sensory,visual,R1-6,left,True,False,False,0,141,1,0,281.794,797,9,0,0,86786.148,130652.094,43.866,350939.062,354797.562,3.858,171678.594,176165.297,4.487,44.263,579,remaining missing-root morphology
580,remaining missing-root morphology,720575940622433524,afferent,sensory,visual,R1-6,left,True,False,False,0,142,1,0,300.62,677,4,0,0,90349.969,135854.328,45.504,333625.062,345335.0,11.71,170731.531,175663.578,4.932,47.245,580,remaining missing-root morphology
581,remaining missing-root morphology,720575940623337507,afferent,sensory,visual,R1-6,left,True,False,False,0,142,1,0,321.542,603,5,0,0,92761.797,140248.688,47.487,323193.938,333952.812,10.759,172660.938,177078.375,4.417,48.89,581,remaining missing-root morphology
582,remaining missing-root morphology,720575940623710232,afferent,sensory,visual,R1-6,left,True,False,False,0,143,1,0,307.671,697,6,0,0,117938.516,143450.656,25.512,391412.781,401583.844,10.171,141319.469,166161.891,24.842,37.033,582,remaining missing-root morphology
583,remaining missing-root morphology,720575940613270642,afferent,sensory,visual,R1-6,left,True,False,False,0,146,1,0,329.479,1210,4,0,0,90209.336,139125.766,48.916,330478.375,339445.938,8.968,175451.109,178630.359,3.179,49.833,583,remaining missing-root morphology
584,remaining missing-root morphology,720575940634643993,afferent,sensory,visual,R1-6,left,True,False,False,0,146,1,0,264.856,689,5,0,0,86097.242,125346.82,39.25,376588.75,382592.344,6.004,164870.375,172554.812,7.684,40.443,584,remaining missing-root morphology
585,remaining missing-root morphology,720575940608989276,afferent,sensory,visual,R1-6,left,True,False,False,0,148,1,0,236.318,691,6,0,0,86141.359,127552.578,41.411,384010.906,389343.875,5.333,164667.641,174456.188,9.789,42.885,585,remaining missing-root morphology
586,remaining missing-root morphology,720575940615642786,afferent,sensory,visual,R1-6,left,True,False,False,0,148,1,0,258.75,544,7,0,0,82023.484,147446.594,65.423,305991.688,313216.0,7.224,182360.328,188257.688,5.897,66.084,586,remaining missing-root morphology
587,remaining missing-root morphology,720575940620909332,afferent,sensory,visual,R1-6,left,True,False,False,0,149,1,0,274.919,588,11,0,0,86114.891,129998.352,43.883,335850.594,344800.844,8.95,176958.047,181725.703,4.768,45.04,587,remaining missing-root morphology
588,remaining missing-root morphology,720575940640780160,afferent,sensory,visual,R1-6,left,True,False,False,0,149,1,0,304.624,602,5,0,0,97282.375,132192.0,34.91,388510.031,395728.969,7.219,153612.125,172223.5,18.611,40.214,588,remaining missing-root morphology
589,remaining missing-root morphology,720575940625052869,afferent,sensory,visual,R1-6,left,True,False,False,0,152,1,0,315.664,756,5,0,0,102683.711,141248.953,38.565,351462.875,358703.969,7.241,158817.016,171492.359,12.675,41.236,589,remaining missing-root morphology
590,remaining missing-root morphology,720575940630767360,afferent,sensory,visual,R1-6,left,True,False,False,0,152,1,0,341.895,992,4,0,0,135913.297,158060.484,22.147,393692.156,404182.781,10.491,130315.617,162992.156,32.677,40.845,590,remaining missing-root morphology
591,remaining missing-root morphology,720575940627941714,afferent,sensory,visual,R1-6,left,True,False,False,0,153,1,0,260.51,841,4,0,0,86080.0,131962.031,45.882,370969.031,380120.031,9.151,167573.172,174669.188,7.096,47.321,591,remaining missing-root morphology
592,remaining missing-root morphology,720575940618065501,afferent,sensory,visual,R1-6,left,True,False,False,0,154,1,0,302.312,595,3,0,0,115289.484,149427.016,34.138,333151.594,338459.188,5.308,156193.203,171689.406,15.496,37.864,592,remaining missing-root morphology
593,remaining missing-root morphology,720575940630408570,afferent,sensory,visual,R1-6,left,True,False,False,0,155,1,0,274.742,789,7,0,0,86155.555,130592.781,44.437,375773.875,383678.875,7.905,164125.969,173866.141,9.74,46.174,593,remaining missing-root morphology
594,remaining missing-root morphology,720575940616207170,afferent,sensory,visual,R1-6,left,True,False,False,0,156,1,0,312.205,754,5,0,0,118249.555,146310.219,28.061,360731.062,368009.312,7.278,148320.672,169455.0,21.134,35.875,594,remaining missing-root morphology
595,remaining missing-root morphology,720575940618712091,afferent,sensory,visual,R1-6,left,True,False,False,0,156,1,0,369.026,986,9,0,0,126298.977,152804.484,26.506,357709.625,364051.094,6.341,144166.359,166126.188,21.96,35.0,595,remaining missing-root morphology
596,remaining missing-root morphology,720575940621817409,afferent,sensory,visual,R1-6,left,True,False,False,0,156,1,0,292.115,606,6,0,0,113634.461,142680.344,29.046,369025.875,377459.031,8.433,151012.781,169151.781,18.139,35.268,596,remaining missing-root morphology
597,remaining missing-root morphology,720575940614309736,afferent,sensory,visual,R1-6,left,True,False,False,0,159,1,0,310.717,656,7,0,0,109835.672,149879.172,40.044,322441.188,330723.219,8.282,159323.969,171599.547,12.276,42.694,597,remaining missing-root morphology
598,remaining missing-root morphology,720575940609972675,afferent,sensory,visual,R1-6,left,True,False,False,0,160,1,0,321.425,624,4,0,0,110282.75,142215.469,31.933,338698.719,349899.188,11.2,156727.125,171979.938,15.253,37.119,598,remaining missing-root morphology
599,remaining missing-root morphology,720575940620881829,afferent,sensory,visual,R1-6,left,True,False,False,0,162,1,0,320.759,685,7,0,0,97375.109,148195.656,50.821,320248.156,331487.75,11.24,169876.281,175637.25,5.761,52.366,599,remaining missing-root morphology
600,remaining missing-root morphology,720575940632357992,afferent,sensory,visual,R1-6,left,True,False,False,0,162,1,0,283.031,674,6,0,0,86102.562,139289.875,53.187,315578.031,331106.438,15.528,178423.984,181666.344,3.242,55.503,600,remaining missing-root morphology
601,remaining missing-root morphology,720575940631926287,afferent,sensory,visual,R1-6,left,True,False,False,0,164,1,0,273.951,629,8,0,0,110866.0,157952.094,47.086,318055.938,324923.219,6.867,162306.516,175611.859,13.305,49.409,601,remaining missing-root morphology
602,remaining missing-root morphology,720575940616413382,afferent,sensory,visual,R7,left,True,False,False,0,167,1,0,233.497,664,5,0,0,82114.641,151047.406,68.933,297273.625,307808.938,10.535,185755.516,190095.875,4.34,69.868,602,remaining missing-root morphology
603,remaining missing-root morphology,720575940622640990,afferent,sensory,visual,R1-6,left,True,False,False,0,167,1,0,315.461,771,3,0,0,112335.805,146814.281,34.478,349549.375,356298.312,6.749,153973.547,167913.141,13.94,37.797,603,remaining missing-root morphology
604,remaining missing-root morphology,720575940625052101,afferent,sensory,visual,R1-6,left,True,False,False,0,167,1,0,314.671,666,1,0,0,101242.141,141791.547,40.549,352390.125,358648.281,6.258,155583.094,171492.781,15.91,44.006,604,remaining missing-root morphology
605,remaining missing-root morphology,720575940625882701,afferent,sensory,visual,R1-6,left,True,False,False,0,170,1,0,319.029,653,4,0,0,96883.0,151499.344,54.616,311713.031,322633.125,10.92,172629.797,178087.047,5.457,55.964,605,remaining missing-root morphology
606,remaining missing-root morphology,720575940631059932,afferent,sensory,visual,R1-6,left,True,False,False,0,170,1,0,331.653,728,7,0,0,169258.922,185071.062,15.812,380164.406,388404.688,8.24,116402.484,156972.891,40.57,44.316,606,remaining missing-root morphology
607,remaining missing-root morphology,720575940623984520,afferent,sensory,visual,R1-6,left,True,False,False,0,172,1,0,386.081,893,8,0,0,162649.969,176904.25,14.254,399161.562,411590.562,12.429,116562.828,156611.609,40.049,44.29,607,remaining missing-root morphology
608,remaining missing-root morphology,720575940653106422,afferent,sensory,visual,R1-6,left,True,False,False,0,173,1,0,278.815,624,9,0,0,101357.633,141216.0,39.858,343410.312,351222.0,7.812,161055.672,172401.094,11.345,42.171,608,remaining missing-root morphology
609,remaining missing-root morphology,720575940609970371,afferent,sensory,visual,R1-6,left,True,False,False,0,175,1,0,281.749,590,8,0,0,107644.953,146971.75,39.327,333599.438,344766.219,11.167,159660.047,171646.922,11.987,42.603,609,remaining missing-root morphology
610,remaining missing-root morphology,720575940630944215,afferent,sensory,visual,R1-6,left,True,False,False,0,175,1,0,319.806,782,8,0,0,91556.375,135239.969,43.684,371527.0,379540.0,8.013,156039.438,173915.547,17.876,47.875,610,remaining missing-root morphology
611,remaining missing-root morphology,720575940606007280,afferent,sensory,visual,R1-6,left,True,False,False,0,176,1,0,281.585,565,7,0,0,98369.469,147649.469,49.28,317232.688,332028.625,14.796,168520.844,174684.781,6.164,51.821,611,remaining missing-root morphology
612,remaining missing-root morphology,720575940606872816,afferent,sensory,visual,R1-6,left,True,False,False,0,176,1,0,303.58,823,12,0,0,97391.945,135197.219,37.805,345955.719,357392.719,11.437,160960.953,174731.703,13.771,41.829,612,remaining missing-root morphology
613,remaining missing-root morphology,720575940641271504,afferent,sensory,visual,R1-6,left,True,False,False,0,180,1,0,274.461,663,9,0,0,88033.359,128859.297,40.826,365732.406,371199.562,5.467,157078.031,171158.297,14.08,43.53,613,remaining missing-root morphology
614,remaining missing-root morphology,720575940642891405,afferent,sensory,visual,R1-6,left,True,False,False,0,184,1,0,253.098,581,9,0,0,90242.609,127479.75,37.237,357186.562,366192.031,9.005,159006.25,171940.062,12.934,40.435,614,remaining missing-root morphology
615,remaining missing-root morphology,720575940641277904,afferent,sensory,visual,R1-6,left,True,False,False,0,190,1,0,268.932,621,10,0,0,91000.656,135152.672,44.152,370480.531,380459.188,9.979,157055.469,174078.953,17.023,48.361,615,remaining missing-root morphology
616,remaining missing-root morphology,720575940614199789,afferent,sensory,visual,R1-6,left,True,False,False,0,191,1,0,304.398,750,5,0,0,86116.18,159545.719,73.43,303687.438,313930.812,10.243,178414.828,182446.828,4.032,74.25,616,remaining missing-root morphology
